T	w(CU)	w(FE)	w(TI)	fs	fw(@BCC_A2)	w(CU@BCC_A2)	w(FE@BCC_A2)	w(TI@BCC_A2)	w(CU@LIQUID)	w(FE@LIQUID)	w(TI@LIQUID)	w(CU@BCC_B2)	w(FE@BCC_B2)	w(TI@BCC_B2)	w(CU@CUTI2)	w(FE@CUTI2)	w(TI@CUTI2)	w(CU@HCP_A3)	w(FE@HCP_A3)	w(TI@HCP_A3)	dwdT_L(CU@LIQUID)	dwdT_L(FE@LIQUID)	dwdT_L(TI@LIQUID)	-T	fw(@BCC_A2)_1	-T//fw(@BCC_A2)	
K	%	%	%	mole/mole	kg/kg	%	%	%	%	%	%	%	%	%	%	%	%	%	%	%	SI	SI	SI				
1677.961072	10	7	83	0	0	4.409613615	2.85447683	92.73590956	10	7	83										-0.0002850654312	-0.0002113878323	0.0004964532634	-1677.961072	0	195.883731524218	
1677.941072	10	7	83	0.0001041251005	0.0001020432617	4.409894178	2.854724631	92.73538119	10.00057014	7.000422762	82.99900709										0	0	0	-1677.941072	0.0001020432617	196.106874553828	
1677.921072	10	7	83	0.0002081316347	0.0002039705439	4.410174693	2.854972439	92.73485287	10.00114024	7.000845525	82.99801423										0	0	0	-1677.921072	0.0002039705439	196.196065081259	
1677.881072	10	7	83	0.0004162148563	0.0004078945084	4.410735715	2.855468065	92.73379622	10.00228043	7.001690977	82.99602859										0	0	0	-1677.881072	0.0004078945084	196.189563468318	
1677.801072	10	7	83	0.0008321368774	0.000815505496	4.411857671	2.856459379	92.73168295	10.00456066	7.003381658	82.99205769										0	0	0	-1677.801072	0.000815505496	196.302569847998	
1677.641072	10	7	83	0.001663500228	0.001630266764	4.414101217	2.858442275	92.72745651	10.00912048	7.006762149	82.98411737										0	0	0	-1677.641072	0.001630266764	196.466233495428	
1677.321072	10	7	83	0.003323911504	0.003257561607	4.418586852	2.862409124	92.71900402	10.01823763	7.013519626	82.96824274										0	0	0	-1677.321072	0.003257561607	196.824939410796	
1676.681072	10	7	83	0.006635509002	0.006503275959	4.427552306	2.870347048	92.70210065	10.03646204	7.027020547	82.93651741										0	0	0	-1676.681072	0.006503275959	197.652150198204	
1675.401072	10	7	83	0.0132113213	0.01294892257	4.445458888	2.886240473	92.66830064	10.07286906	7.053967704	82.87316323										0	0	0	-1675.401072	0.01294892257	199.361107407923	
1672.841072	10	7	83	0.02620876717	0.02569169998	4.481178686	2.9180956	92.60072571	10.14552793	7.10763735	82.74683472										0	0	0	-1672.841072	0.02569169998	202.509959081876	
1670.281072	10	7	83	0.03899901038	0.03823478371	4.51677437	2.95004214	92.53318349	10.21798573	7.161006174	82.6210081										0	0	0	-1670.281072	0.03823478371	205.71208238837	
1667.721072	10	7	83	0.0515879587	0.05058387883	4.552247237	2.982079992	92.46567277	10.29025163	7.214071388	82.49567698										0	0	0	-1667.721072	0.05058387883	208.920026328635	
1665.161072	10	7	83	0.0639814878	0.0627446624	4.587598648	3.014209016	92.39819234	10.36233496	7.266830097	82.37083494										0	0	0	-1665.161072	0.0627446624	212.131619883325	
1662.601072	10	7	83	0.07618526146	0.07472260712	4.622830002	3.046429037	92.33074096	10.43424514	7.319279311	82.24647555										0	0	0	-1662.601072	0.07472260712	215.346136703427	
1660.041072	10	7	83	0.08820474087	0.08652299021	4.657942732	3.078739843	92.26331743	10.50599171	7.371415947	82.12259235										0	0	0	-1660.041072	0.08652299021	218.562851330595	
1657.481072	10	7	83	0.1000451936	0.09815090221	4.69293831	3.111141183	92.19592051	10.57758431	7.423236831	81.99917886										0	0	0	-1657.481072	0.09815090221	221.781038177027	
1654.921072	10	7	83	0.1117117023	0.1096112551	4.727818247	3.143632767	92.12854899	10.64903272	7.474738686	81.87622859										0	0	0	-1654.921072	0.1096112551	224.999972893721	
1652.361072	10	7	83	0.1232091723	0.1209087901	4.762584092	3.176214265	92.06120164	10.72034683	7.525918143	81.75373503										0	0	0	-1652.361072	0.1209087901	228.218929341645	
1649.801072	10	7	83	0.13454234	0.1320480853	4.797237433	3.208885301	91.99387727	10.79153666	7.576771729	81.63169161										0	0	0	-1649.801072	0.1320480853	231.437187012823	
1647.241072	10	7	83	0.1457157792	0.143033562	4.831779897	3.241645459	91.92657464	10.86261235	7.62729587	81.51009178										0	0	0	-1647.241072	0.143033562	234.654027117817	
1644.681072	10	7	83	0.1567339089	0.153869492	4.86621315	3.274494274	91.85929258	10.93358417	7.677486889	81.38892894										0	0	0	-1644.681072	0.153869492	237.868730893637	
1642.121072	10	7	83	0.1676009988	0.1645600035	4.900538902	3.307431236	91.79202986	11.00446255	7.727341	81.26819645										0	0	0	-1642.121072	0.1645600035	241.080586463014	
1639.561072	10	7	83	0.1783211762	0.1751090871	4.9347589	3.340455784	91.72478532	11.07525803	7.776854313	81.14788765										0	0	0	-1639.561072	0.1751090871	244.28888512411	
1637.001072	10	7	83	0.1888984317	0.1855206015	4.968874936	3.373567309	91.65755776	11.14598131	7.826022826	81.02799587										0	0	0	-1637.001072	0.1855206015	247.492925672754	
1634.441072	10	7	83	0.1993366243	0.1957982786	5.002888841	3.406765148	91.59034601	11.21664321	7.874842423	80.90851437										0	0	0	-1634.441072	0.1957982786	250.692013251928	
1631.881072	10	7	83	0.2096394872	0.2059457288	5.036802493	3.440048584	91.52314892	11.28725472	7.923308877	80.7894364										0	0	0	-1631.881072	0.2059457288	253.88545623718	
1629.321072	10	7	83	0.2198106322	0.2159664459	5.070617809	3.473416843	91.45596535	11.35782698	7.971417843	80.67075517										0	0	0	-1629.321072	0.2159664459	257.072575756669	
1626.761072	10	7	83	0.2298535552	0.2258638112	5.104336753	3.506869096	91.38879415	11.42837129	8.019164857	80.55246385										0	0	0	-1626.761072	0.2258638112	260.252701775949	
1624.201072	10	7	83	0.2397716399	0.2356410983	5.137961332	3.540404452	91.32163422	11.49889909	8.066545333	80.43455557										0	0	0	-1624.201072	0.2356410983	263.425172575834	
1621.641072	10	7	83	0.2495681626	0.2453014769	5.171493602	3.574021958	91.25448444	11.569422	8.113554564	80.31702343										0	0	0	-1621.641072	0.2453014769	266.589444059984	
1619.081072	10	7	83	0.2592462882	0.2548480095	5.204935676	3.607720586	91.18734374	11.63995174	8.160187674	80.19986059										0	0	0	-1619.081072	0.2548480095	269.74465945225	
1616.521072	10	7	83	0.2688091054	0.264283685	5.238289671	3.641499277	91.12021105	11.71050039	8.206439785	80.08305983										0	0	0	-1616.521072	0.264283685	272.890204288765	
1613.961072	10	7	83	0.2782595831	0.2736113769	5.271557795	3.67535687	91.05308533	11.78108001	8.252305762	79.96661423										0	0	0	-1613.961072	0.2736113769	276.025677793673	
1611.401072	10	7	83	0.2876006057	0.2828338769	5.304742292	3.709292144	90.98596556	11.85170292	8.297780379	79.8505167										0	0	0	-1611.401072	0.2828338769	279.150376384132	
1608.841072	10	7	83	0.2968349683	0.2919538909	5.337845453	3.743303804	90.91885074	11.9223816	8.342858275	79.73476013										0	0	0	-1608.841072	0.2919538909	282.263723324391	
1606.281072	10	7	83	0.30596538	0.3009740413	5.370869621	3.777390482	90.8517399	11.99312872	8.38753395	79.61933733										0	0	0	-1606.281072	0.3009740413	285.365157503291	
1603.721072	10	7	83	0.3149944665	0.3098968707	5.403817187	3.811550733	90.78463208	12.06395716	8.431801766	79.50424107										0	0	0	-1603.721072	0.3098968707	288.454133957538	
1601.161072	10	7	83	0.3239247735	0.318724844	5.436690596	3.84578303	90.71752637	12.13487998	8.475655939	79.38946408										0	0	0	-1601.161072	0.318724844	291.530130881474	
1598.601072	10	7	83	0.3327587687	0.3274603514	5.469492345	3.880085767	90.65042189	12.20591044	8.519090542	79.27499902										0	0	0	-1598.601072	0.3274603514	294.592647384277	
1596.041072	10	7	83	0.3414988453	0.3361057105	5.502224983	3.91445725	90.58331777	12.27706201	8.562099499	79.1608385										0	0	0	-1596.041072	0.3361057105	297.641206751473	
1593.481072	10	7	83	0.3501473234	0.3446631689	5.534891114	3.9488957	90.51621319	12.34834835	8.604676582	79.04697507										0	0	0	-1593.481072	0.3446631689	300.675348623329	
1590.921072	10	7	83	0.358706453	0.3531349066	5.567493395	3.983399246	90.44910736	12.41978335	8.646815412	78.93340124										0	0	0	-1590.921072	0.3531349066	303.694647312963	
1588.361072	10	7	83	0.3671784162	0.3615230374	5.600034541	4.017965927	90.38199953	12.49138111	8.688509453	78.82010944										0	0	0	-1588.361072	0.3615230374	306.698698133021	
1585.801072	10	7	83	0.3755653287	0.3698296119	5.632517323	4.052593684	90.31488899	12.56315595	8.729752011	78.70709204										0	0	0	-1585.801072	0.3698296119	309.687121211092	
1583.241072	10	7	83	0.3838692426	0.3780566186	5.664944568	4.087280362	90.24777507	12.63512242	8.770536232	78.59434135										0	0	0	-1583.241072	0.3780566186	312.659572924672	
1580.681072	10	7	83	0.3920921476	0.3862059861	5.697319162	4.122023704	90.18065713	12.70729528	8.810855098	78.48184962										0	0	0	-1580.681072	0.3862059861	315.615733238026	
1578.121072	10	7	83	0.4002359732	0.3942795848	5.72964405	4.156821351	90.1135346	12.77968954	8.850701425	78.36960903										0	0	0	-1578.121072	0.3942795848	318.555316595369	
1575.561072	10	7	83	0.4083025902	0.4022792284	5.761922237	4.191670834	90.04640693	12.85232045	8.89006786	78.25761169										0	0	0	-1575.561072	0.4022792284	321.4780699516	
1573.001072	10	7	83	0.4162938126	0.4102066756	5.794156786	4.22656958	89.97927363	12.92520347	8.928946884	78.14584964										0	0	0	-1573.001072	0.4102066756	324.383777161961	
1570.441072	10	7	83	0.4242113985	0.4180636313	5.826350824	4.261514898	89.91213428	12.99835435	8.967330799	78.03431485										0	0	0	-1570.441072	0.4180636313	327.272254805309	
1567.881072	10	7	83	0.4320570524	0.4258517484	5.85850754	4.296503985	89.84498847	13.07178905	9.005211736	77.92299922										0	0	0	-1567.881072	0.4258517484	330.143354897446	
1565.321072	10	7	83	0.4398324259	0.4335726288	5.890630184	4.331533921	89.7778359	13.14552379	9.042581649	77.81189456										0	0	0	-1565.321072	0.4335726288	332.996971238875	
1562.761072	10	7	83	0.4475391193	0.4412278248	5.922722069	4.366601661	89.71067627	13.21957507	9.07943231	77.70099262										0	0	0	-1562.761072	0.4412278248	335.83303839692	
1560.201072	10	7	83	0.4551786828	0.4488188401	5.954786575	4.401704039	89.64350939	13.29395962	9.115755312	77.59028507										0	0	0	-1560.201072	0.4488188401	338.651529930246	
1557.641072	10	7	83	0.4627526178	0.4563471312	5.986827145	4.436837762	89.57633509	13.36869445	9.151542064	77.47976349										0	0	0	-1557.641072	0.4563471312	341.452461672925	
1555.081072	10	7	83	0.4702623775	0.4638141082	6.018847285	4.471999404	89.50915331	13.44379683	9.186783789	77.36941938										0	0	0	-1555.081072	0.4638141082	344.235899272131	
1552.521072	10	7	83	0.4777093685	0.4712211358	6.050850569	4.50718541	89.44196402	13.51928429	9.221471527	77.25924418										0	0	0	-1552.521072	0.4712211358	347.001947955331	
1549.961072	10	7	83	0.4850949518	0.4785695345	6.082840639	4.542392085	89.37476728	13.59517466	9.255596126	77.14922921										0	0	0	-1549.961072	0.4785695345	349.7507631023	
1547.401072	10	7	83	0.4924204431	0.4858605811	6.1148212	4.5776156	89.3075632	13.67148603	9.289148246	77.03936573										0	0	0	-1547.401072	0.4858605811	352.482543884654	
1544.841072	10	7	83	0.4996871144	0.4930955101	6.146796026	4.612851979	89.240352	13.74823675	9.322118358	76.92964489										0	0	0	-1544.841072	0.4930955101	355.197547540549	
1542.281072	10	7	83	0.5068961944	0.5002755136	6.178768958	4.648097105	89.17313394	13.82544548	9.354496739	76.82005779										0	0	0	-1542.281072	0.5002755136	357.896080230302	
1539.721072	10	7	83	0.5140488694	0.507401743	6.210743904	4.683346714	89.10590938	13.90313114	9.386273476	76.71059538										0	0	0	-1539.721072	0.507401743	360.578494734753	
1537.161072	10	7	83	0.5211462839	0.514475309	6.24272484	4.718596388	89.03867877	13.98131296	9.417438462	76.60124858										0	0	0	-1537.161072	0.514475309	363.245206112838	
1534.601072	10	7	83	0.5281895417	0.5214972826	6.274715811	4.753841561	88.97144263	14.06001043	9.447981397	76.49200817										0	0	0	-1534.601072	0.5214972826	365.896681697453	
1532.041072	10	7	83	0.5351797061	0.5284686955	6.306720928	4.789077509	88.90420156	14.13924334	9.47789179	76.38286487										0	0	0	-1532.041072	0.5284686955	368.533445036076	
1529.481072	10	7	83	0.5421178006	0.5353905409	6.33874437	4.824299351	88.83695628	14.21903177	9.507158953	76.27380928										0	0	0	-1529.481072	0.5353905409	371.156080958533	
1526.921072	10	7	83	0.5490048096	0.5422637737	6.370790382	4.859502046	88.76970757	14.29939607	9.535772011	76.16483191										0	0	0	-1526.921072	0.5422637737	373.76523197192	
1524.361072	10	7	83	0.5558416789	0.5490893114	6.402863278	4.894680391	88.70245633	14.38035692	9.563719893	76.05592319										0	0	0	-1524.361072	0.5490893114	376.361600958424	
1521.801072	10	7	83	0.5626293162	0.5558680342	6.434967438	4.929829017	88.63520354	14.46193524	9.590991342	75.94707342										0	0	0	-1521.801072	0.5558680342	378.945955751482	
1519.241072	10	7	83	0.5693685915	0.5626007857	6.467107307	4.96494239	88.5679503	14.54415226	9.617574909	75.83827283										0	0	0	-1519.241072	0.5626007857	381.519123663787	
1516.681072	10	7	83	0.5760603375	0.5692883732	6.499287395	5.000014808	88.5006978	14.6270295	9.643458962	75.72951154										0	0	0	-1516.681072	0.5692883732	384.082005197113	
1514.121072	10	7	83	0.5827053502	0.5759315679	6.531512277	5.035040398	88.43344733	14.71058876	9.668631682	75.62077955										0	0	0	-1514.121072	0.5759315679	386.635556566348	
1511.561072	10	7	83	0.5893043893	0.5825311058	6.563786589	5.070013118	88.36620029	14.79485212	9.693081072	75.51206681										0	0	0	-1511.561072	0.5825311058	389.180810397987	
1509.001072	10	7	83	0.5958581783	0.5890876872	6.596115031	5.10492675	88.29895822	14.87984194	9.716794953	75.40336311										0	0	0	-1509.001072	0.5890876872	391.718829644771	
1506.441072	10	7	83	0.6023674063	0.5956019791	6.628502335	5.139774932	88.23172273	14.96558091	9.739760954	75.29465813										0	0	0	-1506.441072	0.5956019791	394.250851966604	
1503.881072	10	7	83	0.6088327233	0.60207461	6.660953373	5.17455105	88.16449558	15.05209182	9.761966598	75.18594159										0	0	0	-1503.881072	0.60207461	396.77811625231	
1501.321072	10	7	83	0.6152547479	0.6085061779	6.693472993	5.209248391	88.09727862	15.13939788	9.783399181	75.07720294										0	0	0	-1501.321072	0.6085061779	399.301865661606	
1498.761072	10	7	83	0.621634063	0.6148972452	6.726066125	5.243860042	88.03007383	15.22752253	9.804045858	74.96843161										0	0	0	-1498.761072	0.6148972452	401.823518315976	
1496.201072	10	7	83	0.6279712168	0.6212483409	6.758737752	5.278378918	87.96288333	15.31648945	9.823893634	74.85961692										0	0	0	-1496.201072	0.6212483409	404.344528285566	
1493.641072	10	7	83	0.6342667235	0.6275599602	6.791492907	5.312797757	87.89570934	15.40632255	9.842929366	74.75074808										0	0	0	-1493.641072	0.6275599602	406.866437202653	
1491.081072	10	7	83	0.6405210631	0.633832565	6.82433667	5.347109126	87.8285542	15.49704601	9.861139773	74.64181422										0	0	0	-1491.081072	0.633832565	409.390859888862	
1488.521072	10	7	83	0.6467346824	0.640066584	6.857274165	5.381305418	87.76142042	15.58868419	9.878511445	74.53280437										0	0	0	-1488.521072	0.640066584	411.919481272267	
1485.961072	10	7	83	0.6529079945	0.6462624133	6.89031056	5.415378857	87.69431058	15.6812617	9.895030847	74.42370746										0	0	0	-1485.961072	0.6462624133	414.454070879112	
1483.401072	10	7	83	0.6590413796	0.6524204161	6.923451058	5.449321499	87.62722744	15.77480333	9.910684334	74.31451233										0	0	0	-1483.401072	0.6524204161	416.996480124531	
1480.841072	10	7	83	0.6651351849	0.6585409234	6.956700899	5.483125235	87.56017387	15.86933409	9.92545816	74.20520775										0	0	0	-1480.841072	0.6585409234	419.548630628318	
1478.281072	10	7	83	0.6711897252	0.6646242341	6.990065352	5.516781789	87.49315286	15.96487913	9.939338488	74.09578238										0	0	0	-1478.281072	0.6646242341	422.112535607602	
1475.721072	10	7	83	0.677205283	0.6706706151	7.023549712	5.55028273	87.42616756	16.06146379	9.952311403	73.9862248										0	0	0	-1475.721072	0.6706706151	424.690291383724	
1473.161072	10	7	83	0.683182109	0.6766803017	7.057159296	5.58361947	87.35922123	16.15911354	9.964362922	73.87652354										0	0	0	-1473.161072	0.6766803017	427.284072205195	
1470.601072	10	7	83	0.6891204219	0.6826534979	7.090899438	5.616783268	87.29231729	16.25785398	9.975479016	73.76666701										0	0	0	-1470.601072	0.6826534979	429.896139052423	
1468.041072	10	7	83	0.6950204095	0.6885903766	7.124775483	5.649765239	87.22545928	16.35771081	9.985645614	73.65664358										0	0	0	-1468.041072	0.6885903766	432.528838113855	
1465.481072	10	7	83	0.7008822283	0.69449108	7.158792782	5.682556355	87.15865086	16.45870983	9.994848627	73.54644154										0	0	0	-1465.481072	0.69449108	435.184599525896	
1462.921072	10	7	83	0.7067060043	0.7003557199	7.192956687	5.715147455	87.09189586	16.5608769	10.00307396	73.43604914										0	0	0	-1462.921072	0.7003557199	437.865939650793	
1460.361072	10	7	83	0.7124918333	0.7061843781	7.227272544	5.747529249	87.02519821	16.66423792	10.01030754	73.32545454										0	0	0	-1460.361072	0.7061843781	440.575467669542	
1457.801072	10	7	83	0.7182397814	0.7119771066	7.261745687	5.779692326	86.95856199	16.76881881	10.0165353	73.21464589										0	0	0	-1457.801072	0.7119771066	443.31587696243	
1455.241072	10	7	83	0.7239498851	0.7177339283	7.296381432	5.811627162	86.89199141	16.87464547	10.02174326	73.10361127										0	0	0	-1455.241072	0.7177339283	446.089944495363	
1452.681072	10	7	83	0.7296221523	0.7234548373	7.331185068	5.843324128	86.8254908	16.98174377	10.02591749	72.99233873										0	0	0	-1452.681072	0.7234548373	448.900549337061	
1450.121072	10	7	83	0.7352565623	0.7291397992	7.366161851	5.874773501	86.75906465	17.09013952	10.02904417	72.88081631										0	0	0	-1450.121072	0.7291397992	451.750576052709	
1447.561072	10	7	83	0.7408530687	0.7347887539	7.401317049	5.905965464	86.69271749	17.19985835	10.03110961	72.76903204										0	0	0	-1447.561072	0.7347887539	454.643230350637	
1445.001072	10	7	83	0.7464115922	0.7404016082	7.436655727	5.936890146	86.62645413	17.31092595	10.03210016	72.65697388										0	0	0	-1445.001072	0.7404016082	457.581653876021	
1442.441072	10	7	83	0.7519320323	0.7459782481	7.472183045	5.967537589	86.56027937	17.42336767	10.03200246	72.54462986										0	0	0	-1442.441072	0.7459782481	460.568934710029	
1439.881072	10	7	83	0.757414261	0.7515185315	7.507904048	5.997897793	86.49419816	17.53720871	10.03080329	72.431988										0	0	0	-1439.881072	0.7515185315	463.60847639672	
1437.321072	10	7	83	0.7628581248	0.7570222912	7.543823706	6.027960715	86.42821558	17.65247402	10.02848965	72.31903633										0	0	0	-1437.321072	0.7570222912	466.703705479925	
1434.761072	10	7	83	0.7682634462	0.7624893351	7.579946906	6.057716286	86.36233681	17.76918828	10.02504879	72.20576293										0	0	0	-1434.761072	0.7624893351	469.858142499507	
1432.201072	10	7	83	0.7736300236	0.7679194475	7.616278442	6.087154422	86.29656714	17.88737584	10.02046823	72.09215594										0	0	0	-1432.201072	0.7679194475	473.075390383974	
1429.641072	10	7	83	0.778957633	0.7733123897	7.652823007	6.116265041	86.23091195	18.00706068	10.01473579	71.97820353										0	0	0	-1429.641072	0.7733123897	476.359160221081	
1427.081072	10	7	83	0.7842460283	0.7786679008	7.689585181	6.145038075	86.16537674	18.12826637	10.00783965	71.86389398										0	0	0	-1427.081072	0.7786679008	479.713250193469	
1424.521072	10	7	83	0.7894949426	0.7839856989	7.726569422	6.173463489	86.09996709	18.25101604	9.999768321	71.74921564										0	0	0	-1424.521072	0.7839856989	483.141559946245	
1421.961072	10	7	83	0.7947040892	0.7892654817	7.763780055	6.201531292	86.03468865	18.37533229	9.990510736	71.63415697										0	0	0	-1421.961072	0.7892654817	486.64808612149	
1419.401072	10	7	83	0.7998731626	0.7945069279	7.801221264	6.229231557	85.96954718	18.50123717	9.980056252	71.51870658										0	0	0	-1419.401072	0.7945069279	490.236914536861	
1416.841072	10	7	83	0.8050018394	0.7997096981	7.838897078	6.256554439	85.90454848	18.62875213	9.968394691	71.40285318										0	0	0	-1416.841072	0.7997096981	493.912233975097	
1414.281072	10	7	83	0.8100897799	0.804873436	7.876811366	6.283490187	85.83969845	18.75789796	9.955516377	71.28658566										0	0	0	-1414.281072	0.804873436	497.678327688362	
1411.721072	10	7	83	0.815136629	0.8099977696	7.914967819	6.310029169	85.77500301	18.88869472	9.941412164	71.16989312										0	0	0	-1411.721072	0.8099977696	501.539583475757	
1409.161072	10	7	83	0.8201420178	0.8150823123	7.953369946	6.336161883	85.71046817	19.02116172	9.926073478	71.05276481										0	0	0	-1409.161072	0.8150823123	505.5004688825	
1406.601072	10	7	83	0.8251055643	0.8201266647	7.992021057	6.361878983	85.64609996	19.15531743	9.90949235	70.93519022										0	0	0	-1406.601072	0.8201266647	509.565566848448	
1404.041072	10	7	83	0.8300268756	0.8251304151	8.030924259	6.387171289	85.58190445	19.29117944	9.891661449	70.81715911										0	0	0	-1404.041072	0.8251304151	513.739553734649	
1401.481072	10	7	83	0.8349055486	0.8300931418	8.070082442	6.412029815	85.51788774	19.42876442	9.872574123	70.69866146										0	0	0	-1401.481072	0.8300931418	518.027190642605	
1398.921072	10	7	83	0.8397411719	0.8350144139	8.109498267	6.43644578	85.45405595	19.568088	9.852224429	70.57968757										0	0	0	-1398.921072	0.8350144139	522.433356579966	
1396.361072	10	7	83	0.8445333269	0.839893793	8.149174159	6.460410635	85.39041521	19.70916478	9.830607175	70.46022804										0	0	0	-1396.361072	0.839893793	526.963011701271	
1393.801072	10	7	83	0.84928159	0.8447308348	8.189112294	6.483916075	85.32697163	19.85200824	9.807717951	70.34027381										0	0	0	-1393.801072	0.8447308348	531.621221739184	
1391.241072	10	7	83	0.8539855333	0.8495250904	8.229314591	6.506954061	85.26373135	19.99663065	9.783553164	70.21981618										0	0	0	-1391.241072	0.8495250904	536.413144131096	
1388.681072	10	7	83	0.8586447268	0.8542761082	8.269782702	6.529516841	85.20070046	20.14304308	9.758110076	70.09884685										0	0	0	-1388.681072	0.8542761082	541.344025503313	
1386.121072	10	7	83	0.8632587399	0.8589834353	8.310518002	6.551596966	85.13788503	20.29125526	9.731386835	69.97735791										0	0	0	-1386.121072	0.8589834353	546.419213802426	
1383.561072	10	7	83	0.8678271428	0.8636466192	8.351521581	6.57318731	85.07529111	20.44127558	9.703382506	69.85534191										0	0	0	-1383.561072	0.8636466192	551.6441607756	
1381.001072	10	7	83	0.8723495086	0.8682652092	8.392794235	6.594281085	85.01292468	20.59311101	9.67409711	69.73279188										0	0	0	-1381.001072	0.8682652092	557.024385624824	
1378.441072	10	7	83	0.8768254144	0.8728387587	8.434336456	6.614871865	84.95079168	20.74676704	9.643531648	69.60970131										0	0	0	-1378.441072	0.8728387587	562.565518319872	
1375.881072	10	7	83	0.8812544434	0.8773668259	8.476148428	6.634953596	84.88889798	20.90224762	9.611688131	69.48606425										0	0	0	-1375.881072	0.8773668259	568.273270577148	
1373.321072	10	7	83	0.8856361862	0.8818489765	8.518230017	6.654520617	84.82724937	21.0595551	9.578569613	69.36187529										0	0	0	-1373.321072	0.8818489765	574.153444353961	
1370.761072	10	7	83	0.8899702429	0.8862847843	8.560580766	6.673567672	84.76585156	21.2186902	9.54418021	69.23712959										0	0	0	-1370.761072	0.8862847843	580.211929811008	
1368.201072	10	7	83	0.8942562243	0.8906738338	8.60319989	6.692089932	84.70471018	21.37965194	9.508525131	69.11182293										0	0	0	-1368.201072	0.8906738338	586.454685932356	
1365.641072	10	7	83	0.8984937536	0.8950157211	8.646086267	6.710082999	84.64383073	21.54243759	9.471610694	68.98595172										0	0	0	-1365.641072	0.8950157211	592.887763284555	
1363.081072	10	7	83	0.9026824683	0.899310056	8.689238436	6.727542928	84.58321864	21.70704261	9.43344435	68.85951304										0	0	0	-1363.081072	0.899310056	599.517287375404	
1360.521072	10	7	83	0.9068220213	0.9035564631	8.732654595	6.744466235	84.52287917	21.87346064	9.3940347	68.73250466										0	0	0	-1360.521072	0.9035564631	606.354059821529	
1357.961072	10	7	83	0.9109120224	0.9077545211	8.776331661	6.760849785	84.46281855	22.04168364	9.353390965	68.60492539										0	0	0	-1357.961072	0.9077545211	613.394894852343	
1355.401072	10	7	83	0.9149522827	0.9119040164	8.820269032	6.776691301	84.40303967	22.21170102	9.311525192	68.47677379										0	0	0	-1355.401072	0.9119040164	620.645494268937	
1352.841072	10	7	83	0.9189424624	0.9160045774	8.864463117	6.791988644	84.34354824	22.38350083	9.268449067	68.3480501										0	0	0	-1352.841072	0.9160045774	628.120093758275	
1350.281072	10	7	83	0.9228823056	0.9200559182	8.908910943	6.806740303	84.28434875	22.55706893	9.224176032	68.21875504										0	0	0	-1350.281072	0.9200559182	635.820275466253	
1347.721072	10	7	83	0.9267715792	0.9240577755	8.953609198	6.820945269	84.22544553	22.73238916	9.178720724	68.08889011										0	0	0	-1347.721072	0.9240577755	643.752266406519	
1345.161072	10	7	83	0.9306100744	0.9280099099	8.998554236	6.834603041	84.16684272	22.90944335	9.132098976	67.95845767										0	0	0	-1345.161072	0.9280099099	651.922329092844	
1342.601072	10	7	83	0.9343976078	0.9319121068	9.043742075	6.847713632	84.10854429	23.08821128	9.084327813	67.8274609										0	0	0	-1342.601072	0.9319121068	660.336748723104	
1340.041072	10	7	83	0.9381340225	0.9357641776	9.089168402	6.860277566	84.05055403	23.26867068	9.035425441	67.69590388										0	0	0	-1340.041072	0.9357641776	669.001785279382	
1337.481072	10	7	83	0.9418191887	0.9395659609	9.134828579	6.872295881	83.99287554	23.45079723	8.985411243	67.56379153										0	0	0	-1337.481072	0.9395659609	677.923727079215	
1334.921072	10	7	83	0.9454530048	0.9433173228	9.180717647	6.883770127	83.93551223	23.63456455	8.934305755	67.4311297										0	0	0	-1334.921072	0.9433173228	687.10884488953	
1332.361072	10	7	83	0.9490353981	0.9470181583	9.226830332	6.894702364	83.8784673	23.81994421	8.882130654	67.29792514										0	0	0	-1332.361072	0.9470181583	696.563368033212	
1329.801072	10	7	83	0.9525663255	0.9506683916	9.273161053	6.905095157	83.82174379	24.00690577	8.828908732	67.1641855										0	0	0	-1329.801072	0.9506683916	706.2935257077	
1327.241072	10	7	83	0.9560457738	0.9542679767	9.319703928	6.914951568	83.7653445	24.19541676	8.77466387	67.02991937										0	0	0	-1327.241072	0.9542679767	716.305511096505	
1324.681072	10	7	83	0.9594737604	0.9578168978	9.366452783	6.924275152	83.70927206	24.38544272	8.719421012	66.89513627										0	0	0	-1324.681072	0.9578168978	726.60542659397	
1322.121072	10	7	83	0.9628503334	0.9613151701	9.413401164	6.933069949	83.65352889	24.57694726	8.663206122	66.75984662										0	0	0	-1322.121072	0.9613151701	737.199355225635	
1319.561072	10	7	83	0.9661755718	0.9647628392	9.460542343	6.94134047	83.59811719	24.76989205	8.606046158	66.62406179										0	0	0	-1319.561072	0.9647628392	748.093322886944	
1317.001072	10	7	83	0.9694495858	0.9681599819	9.507869334	6.949091689	83.54303898	24.96423692	8.547969021	66.48779406										0	0	0	-1317.001072	0.9681599819	758.979144777532	
1316.681072	10	7	83	0.9698553882	0.9685812289	9.513797705	6.950024641	83.53617765	24.98862607	8.5406466	66.47072733										0	0	0	-1316.681072	0.9685812289	760.782787112081	
1316.521072	10	7	83	0.9700578225	0.9687913824	9.51676313	6.950487794	83.53274908	25.00082886	8.536979917	66.46219122										0	0	0	-1316.521072	0.9687913824	762.225108250207	
1316.501072	10	7	83	0.9700830934	0.9688176176	9.517133907	6.950545496	83.5323206	25.00235467	8.536521282	66.46112404										0	0	0	-1316.501072	0.9688176176	760.640243261157	
1316.481072	10	7	83	1	0.9805691048	9.61793567	6.835192457	83.54687187				29.2811901	15.31695929	55.40185061										-1316.481072	0.9805691048	-1844.84992192972	
1316.471072	10	7	83	1	0.9805636818	9.617814446	6.835142209	83.54704335				29.2814249	15.31710612	55.40146898										-1316.471072	0.9805636818	-1821.47015465099	
1316.451072	10	7	83	1	0.980552412	9.617576332	6.835038603	83.54738506				29.28190001	15.31739644	55.40070355										-1316.451072	0.980552412	-1768.87167183616	
1316.411072	10	7	83	1	0.9805296484	9.617100988	6.834830226	83.54806879				29.28284793	15.31797306	55.39917901										-1316.411072	0.9805296484	-1757.31872009516	
1316.331072	10	7	83	1	0.9804841311	9.616150298	6.834413462	83.54943624				29.28474318	15.31912588	55.39613094										-1316.331072	0.9804841311	-1757.8375498082	
1316.171072	10	7	83	1	0.9803931375	9.61424893	6.83357987	83.5521712				29.28853137	15.32142987	55.39003876										-1316.171072	0.9803931375	-1758.88891704381	
1315.851072	10	7	83	1	0.9802113126	9.610446248	6.831912431	83.55764132				29.2960985	15.32603118	55.37787032										-1315.851072	0.9802113126	-1760.98230880757	
1315.211072	10	7	83	1	0.9798483101	9.60284109	6.828576535	83.56858237				29.31119632	15.33520756	55.35359612										-1315.211072	0.9798483101	-1765.16309919376	
1313.931072	10	7	83	1	0.9791248716	9.587631543	6.821900723	83.59046773				29.34124669	15.35345553	55.30529778										-1313.931072	0.9791248716	-1773.49387865386	
1311.371072	10	7	83	1	0.977688096	9.557215149	6.80853337	83.63425148				29.40077888	15.38953999	55.20968112										-1311.371072	0.977688096	-1788.79417228804	
1308.811072	10	7	83	1	0.9762625206	9.526809171	6.795138874	83.67805196				29.45957667	15.42507478	55.11534855										-1308.811072	0.9762625206	-1803.43613131817	
1306.251072	10	7	83	1	0.9748489693	9.496407997	6.781722116	83.72186989				29.51766322	15.46008311	55.02225367										-1306.251072	0.9748489693	-1818.6544697905	
1303.691072	10	7	83	1	0.9734471546	9.46601099	6.768283888	83.76570512				29.57506327	15.49458028	54.93035645										-1303.691072	0.9734471546	-1833.74358820219	
1301.131072	10	7	83	1	0.9720567732	9.43561739	6.754824901	83.80955771				29.63179932	15.52858016	54.83962052										-1301.131072	0.9720567732	-1848.68978155761	
1298.571072	10	7	83	1	0.9706775359	9.405226456	6.741345852	83.85342769				29.68789269	15.56209594	54.75001137										-1298.571072	0.9706775359	-1863.49774316715	
1296.011072	10	7	83	1	0.9693091658	9.37483747	6.727847414	83.89731512				29.74336361	15.5951402	54.66149619										-1296.011072	0.9693091658	-1878.17170817257	
1293.451072	10	7	83	1	0.9679513981	9.344449739	6.714330234	83.94122003				29.79823126	15.62772496	54.57404378										-1293.451072	0.9679513981	-1892.71575039381	
1290.891072	10	7	83	1	0.9666039789	9.314062596	6.700794939	83.98514247				29.85251386	15.65986168	54.48762447										-1290.891072	0.9666039789	-1907.1337401273	
1288.331072	10	7	83	1	0.965266665	9.283675392	6.687242133	84.02908248				29.90622873	15.69156132	54.40220995										-1288.331072	0.965266665	-1921.42933152075	
1285.771072	10	7	83	1	0.9639392228	9.253287503	6.6736724	84.0730401				29.95939235	15.72283439	54.31777326										-1285.771072	0.9639392228	-1935.60584789878	
1283.211072	10	7	83	1	0.962621428	9.222898324	6.660086305	84.11701537				30.01202041	15.75369093	54.23428866										-1283.211072	0.962621428	-1949.666575586	
1280.651072	10	7	83	1	0.961313065	9.192507269	6.646484396	84.16100833				30.06412787	15.78414059	54.15173154										-1280.651072	0.961313065	-1963.61457806684	
1278.091072	10	7	83	1	0.9600139264	9.162113772	6.6328672	84.20501903				30.11572898	15.81419261	54.07007841										-1278.091072	0.9600139264	-1977.45303036437	
1275.531072	10	7	83	1	0.9587238129	9.131717285	6.619235231	84.24904748				30.16683736	15.84385589	53.98930676										-1275.531072	0.9587238129	-1991.18463644835	
1272.971072	10	7	83	1	0.9574425321	9.101317276	6.605588984	84.29309374				30.21746598	15.87313896	53.90939506										-1272.971072	0.9574425321	-2004.81198826061	
1270.411072	10	7	83	1	0.9561698989	9.070913233	6.591928941	84.33715783				30.26762728	15.90205005	53.83032267										-1270.411072	0.9561698989	-2018.33797940112	
1267.851072	10	7	83	1	0.9549057349	9.040504657	6.578255567	84.38123978				30.31733311	15.93059708	53.75206982										-1267.851072	0.9549057349	-2031.76484158708	
1265.291072	10	7	83	1	0.9536498676	9.010091067	6.564569315	84.42533962				30.36659483	15.95878767	53.67461751										-1265.291072	0.9536498676	-2045.09499053439	
1262.731072	10	7	83	1	0.9524021309	8.979671998	6.550870623	84.46945738				30.41542331	15.98662917	53.59794752										-1262.731072	0.9524021309	-2058.33090399732	
1260.171072	10	7	83	1	0.9511623642	8.949246997	6.537159917	84.51359309				30.46382896	16.0141287	53.52204234										-1260.171072	0.9511623642	-2071.47454122946	
1257.611072	10	7	83	1	0.9499304122	8.918815628	6.523437608	84.55774676				30.51182175	16.04129311	53.44688514										-1257.611072	0.9499304122	-2084.52813387449	
1255.051072	10	7	83	1	0.948706125	8.888377469	6.509704099	84.60191843				30.55941124	16.06812903	53.37245973										-1255.051072	0.948706125	-2097.49374385548	
1252.491072	10	7	83	1	0.9474893574	8.857932112	6.495959777	84.64610811				30.6066066	16.09464287	53.29875053										-1252.491072	0.9474893574	-2110.37316473222	
1249.931072	10	7	83	1	0.9462799689	8.827479159	6.48220502	84.69031582				30.65341663	16.12084084	53.22574253										-1249.931072	0.9462799689	-2123.16840843584	
1247.371072	10	7	83	1	0.9450778236	8.79701823	6.468440196	84.73454157				30.69984977	16.14672894	53.15342128										-1247.371072	0.9450778236	-2135.88125506025	
1244.811072	10	7	83	1	0.9438827897	8.766548956	6.454665659	84.77878539				30.74591415	16.172313	53.08177285										-1244.811072	0.9438827897	-2148.51350680646	
1242.251072	10	7	83	1	0.9426947397	8.736070978	6.440881756	84.82304727				30.79161754	16.19759868	53.01078379										-1242.251072	0.9426947397	-2161.06677613865	
1239.691072	10	7	83	1	0.9415135497	8.705583953	6.427088822	84.86732722				30.83696743	16.22259143	52.94044113										-1239.691072	0.9415135497	-2173.54276156632	
1237.131072	10	7	83	1	0.9403390999	8.675087549	6.413287185	84.91162527				30.88197104	16.2472966	52.87073236										-1237.131072	0.9403390999	-2185.94312035531	
1234.571072	10	7	83	1	0.9391712738	8.644581443	6.39947716	84.9559414				30.92663527	16.27171935	52.80164538										-1234.571072	0.9391712738	-2198.26910125066	
1232.011072	10	7	83	1	0.9380099583	8.614065328	6.385659055	85.00027562				30.97096679	16.2958647	52.73316851										-1232.011072	0.9380099583	-2210.52245618535	
1229.451072	10	7	83	1	0.9368550439	8.583538905	6.371833169	85.04462793				31.01497201	16.31973754	52.66529045										-1229.451072	0.9368550439	-2222.70467618169	
1226.891072	10	7	83	1	0.935706424	8.553001889	6.357999794	85.08899832				31.05865711	16.34334262	52.59800027										-1226.891072	0.935706424	-2234.81698641131	
1224.331072	10	7	83	1	0.9345639951	8.522454002	6.344159209	85.13338679				31.102028	16.36668458	52.53128741										-1224.331072	0.9345639951	-2246.86070179803	
1221.771072	10	7	83	1	0.9334276565	8.491894982	6.33031169	85.17779333				31.14509043	16.38976793	52.46514164										-1221.771072	0.9334276565	-2258.83733521423	
1219.211072	10	7	83	1	0.9322973106	8.461324573	6.316457501	85.22221793				31.1878499	16.41259706	52.39955304										-1219.211072	0.9322973106	-2270.74807810983	
1216.651072	10	7	83	1	0.9311728621	8.430742533	6.302596901	85.26666057				31.23031171	16.43517626	52.33451203										-1216.651072	0.9311728621	-2282.59410780884	
1214.091072	10	7	83	1	0.9300542186	8.400148628	6.28873014	85.31112123				31.27248098	16.45750972	52.2700093										-1214.091072	0.9300542186	-2294.37686098856	
1211.531072	10	7	83	1	0.9289412901	8.369542636	6.27485746	85.3555999				31.31436265	16.47960152	52.20603583										-1211.531072	0.9289412901	-2306.09722455538	
1208.971072	10	7	83	1	0.9278339888	8.338924345	6.260979098	85.40009656				31.35596146	16.50145565	52.14258289										-1208.971072	0.9278339888	-2317.75655395958	
1206.411072	10	7	83	1	0.9267322296	8.308293552	6.247095281	85.44461117				31.397282	16.52307601	52.07964199										-1206.411072	0.9267322296	-2329.35592670139	
1203.851072	10	7	83	1	0.9256359292	8.277650064	6.23320623	85.48914371				31.43832869	16.5444664	52.01720491										-1203.851072	0.9256359292	-2340.89647658043	
1201.291072	10	7	83	1	0.9245450069	8.2469937	6.219312161	85.53369414				31.47910578	16.56563057	51.95526366										-1201.291072	0.9245450069	-2352.37935414798	
1198.731072	10	7	83	1	0.9234593837	8.216324286	6.20541328	85.57826243				31.51961739	16.58657215	51.89381047										-1198.731072	0.9234593837	-2363.80531793419	
1196.171072	10	7	83	1	0.9223789827	8.18564166	6.191509789	85.62284855				31.55986747	16.60729471	51.83283782										-1196.171072	0.9223789827	-2375.17568329607	
1193.611072	10	7	83	1	0.9213037291	8.154945669	6.177601882	85.66745245				31.59985986	16.62780177	51.77233838										-1193.611072	0.9213037291	-2386.49134259164	
1191.051072	10	7	83	1	0.9202335497	8.124236167	6.163689747	85.71207409				31.63959823	16.64809673	51.71230504										-1191.051072	0.9202335497	-2397.75331737527	
1188.491072	10	7	83	1	0.9191683734	8.093513023	6.149773565	85.75671341				31.67908615	16.66818297	51.65273088										-1188.491072	0.9191683734	-2408.96262416845	
1185.931072	10	7	83	1	0.9181081306	8.062776109	6.135853513	85.80137038				31.71832704	16.68806378	51.59360918										-1185.931072	0.9181081306	-2417.88575911823	
1184.651072	10	7	83	1	0.9175791076	8.047405389	6.128889338	85.82370527				31.73785903	16.6979229	51.56421807										-1184.651072	0.9175791076	-2393.44160261447	
1184.611072	10	7	83	1	0.9175623895	8.046925788	6.12867092	85.82440329				31.73846921	16.69822868	51.5633021										-1184.611072	0.9175623895	-2422.43412869868	
1184.605778	10	7	83	1	0.9175602076	8.046862186	6.128642123	85.82449569				31.73854986	16.69826938	51.56318076	38.22281038	1.538931281	60.23825834							-1184.605778	0.9175602076	-2348.42544136886	
1184.581072	10	7	83	1	0.9175075794	8.044586985	6.130248869	85.82516415				31.73678076	16.70165751	51.56156173	38.22267253	1.539058586	60.23826889							-1184.581072	0.9175075794	-469.627483057798	
1184.561072	10	7	83	1	0.9174650059	8.042745341	6.131549831	85.82570483				31.73534826	16.70440073	51.56025101	38.22256091	1.539161661	60.23827743							-1184.561072	0.9174650059	-469.849972821976	
1184.521072	10	7	83	1	0.9173798992	8.039063564	6.134151214	85.82678522				31.73248296	16.70988556	51.55763148	38.22233787	1.539367633	60.2382945							-1184.521072	0.9173798992	-470.550308443592	
1184.441072	10	7	83	1	0.9172102821	8.031704994	6.139353188	85.82894182				31.7267504	16.72085191	51.55239769	38.22189218	1.539779217	60.2383286							-1184.441072	0.9172102821	-471.926045112953	
1184.281072	10	7	83	1	0.9168716406	8.017007785	6.149753936	85.83323828				31.71527757	16.74277133	51.5419511	38.22100247	1.540600841	60.23839669							-1184.281072	0.9168716406	-473.365640934868	
1183.961072	10	7	83	1	0.9161981476	7.987693005	6.170542498	85.8417645				31.69230122	16.78655708	51.5211417	38.21922971	1.542237938	60.23853235							-1183.961072	0.9161981476	-476.127111470373	
1183.321072	10	7	83	1	0.9148595136	7.929382166	6.212066144	85.85855169				31.64622813	16.87391616	51.47985571	38.21571078	1.545487578	60.23880164							-1183.321072	0.9148595136	-481.396486228761	
1182.041072	10	7	83	1	0.9122358042	7.814029035	6.294892217	85.89107875				31.55361493	17.04779156	51.39859351	38.20877804	1.551889782	60.23933218							-1182.041072	0.9122358042	-494.374564128186	
1179.481072	10	7	83	1	0.9071856576	7.588359308	6.459588918	85.95205177				31.36663985	17.39220895	51.2411512	38.19532511	1.564313205	60.24036169							-1179.481072	0.9071856576	-520.601429843595	
1176.921072	10	7	83	1	0.9023880784	7.369324863	6.622884744	86.00779039				31.17754674	17.73225814	51.09019511	38.1824074	1.576242373	60.24135023							-1176.921072	0.9023880784	-548.349305048967	
1174.361072	10	7	83	1	0.8978356925	7.156819288	6.784637306	86.05854341				30.98657283	18.06803312	50.94539405	38.17000776	1.587693113	60.24229913							-1174.361072	0.8978356925	-578.120053139447	
1171.801072	10	7	83	1	0.8935192422	6.950725786	6.944715524	86.10455869				30.79393525	18.39962959	50.80643516	38.15810981	1.59868055	60.24320964							-1171.801072	0.8935192422	-609.947682159313	
1169.241072	10	7	83	1	0.8894293292	6.750918272	7.10299985	86.14608188				30.59983262	18.72714412	50.67302326	38.14669793	1.609219128	60.24408295							-1169.241072	0.8894293292	-643.954507231008	
1166.681072	10	7	83	1	0.8855565381	6.557262541	7.259382316	86.18335514				30.40444653	19.05067349	50.54487998	38.13575714	1.619322653	60.2449202							-1166.681072	0.8855565381	-680.274612526943	
1164.121072	10	7	83	1	0.8818915123	6.369617479	7.413766411	86.21661611				30.20794299	19.37031416	50.42174284	38.12527318	1.62900432	60.2457225							-1164.121072	0.8818915123	-719.053019853211	
1161.561072	10	7	83	1	0.8784250168	6.187836271	7.566066828	86.2460969				30.01047353	19.68616178	50.30336469	38.11523236	1.638276749	60.24649089							-1161.561072	0.8784250168	-760.446656769271	
1159.001072	10	7	83	1	0.8751479889	6.011767578	7.716209087	86.27202333				29.81217675	19.99831083	50.18951242	38.10562163	1.647152005	60.24722636							-1159.001072	0.8751479889	-803.48457754012	
1158.361072	10	7	83	1	0.8743567579	5.968624932	7.753399677	86.27797539				29.76248836	20.07578108	50.16173056	38.10328468	1.649310121	60.2474052							-1158.361072	0.8743567579	-815.537489447627	
1158.201072	10	7	83	1	0.8741609646	5.957893222	7.762675566	86.27943121				29.75005961	20.09511369	50.1548267	38.10270448	1.649845913	60.2474496							-1158.201072	0.8741609646	-817.646563007663	
1158.121072	10	7	83	1	0.8740631502	5.952535486	7.76731016	86.28015435				29.74384432	20.10477465	50.15138104	38.102415	1.65011324	60.24747176							-1158.121072	0.8740631502	-819.558020998206	
1158.081072	10	7	83	1	0.8740143933	5.949858623	7.769626652	86.28051473				29.74073642	20.10960384	50.14965974	38.10227041	1.650246766	60.24748282							-1158.081072	0.8740143933	-819.839949343655	
1158.061072	10	7	83	1	0.87398999	5.948520694	7.770784694	86.28069461				29.73918241	20.11201811	50.14879948	38.10219815	1.650313502	60.24748835							-1158.061072	0.87398999	-830.564427496859	
1158.041072	10	7	83	1	0.8739662168	5.9474053	7.771473161	86.28112154							38.10219506	1.65031635	60.24748859							-1158.041072	0.8739662168	-842.566041202023	
1158.031072	10	7	83	1	0.8739543573	5.946969331	7.771560185	86.28147048							38.10223139	1.650282801	60.24748581							-1158.031072	0.8739543573	-847.052366744562	
1158.011072	10	7	83	1	0.8739309557	5.946097864	7.771733953	86.28216818							38.10230411	1.650215647	60.24748024							-1158.011072	0.8739309557	-854.751440464947	
1157.971072	10	7	83	1	0.8738841704	5.944355324	7.772081056	86.28356362							38.10244955	1.650081338	60.24746911							-1157.971072	0.8738841704	-855.162719646669	
1157.891072	10	7	83	1	0.8737906632	5.940871798	7.772774975	86.28635323							38.10274039	1.649812758	60.24744686							-1157.891072	0.8737906632	-855.93592212647	
1157.731072	10	7	83	1	0.8736039019	5.933910969	7.774161652	86.29192738							38.10332182	1.649275816	60.24740236							-1157.731072	0.8736039019	-857.483587279675	
1157.411072	10	7	83	1	0.8732313885	5.920014155	7.776930377	86.30305547							38.10448376	1.648202798	60.24731344							-1157.411072	0.8732313885	-860.585443826537	
1156.771072	10	7	83	1	0.8724903738	5.892319535	7.782449382	86.32523108							38.10680389	1.646060217	60.24713589							-1156.771072	0.8724903738	-866.159183826169	
1155.491072	10	7	83	1	0.871020924	5.837314589	7.793433095	86.36925232							38.11142652	1.64179134	60.24678214							-1155.491072	0.871020924	-877.077326017188	
1152.931072	10	7	83	1	0.8681407763	5.728844863	7.815130087	86.45602505							38.12061021	1.633310446	60.24607934							-1152.931072	0.8681407763	-900.715436121899	
1150.371072	10	7	83	1	0.8653346281	5.622386976	7.836484866	86.54112816							38.12971231	1.624904895	60.24538279							-1150.371072	0.8653346281	-924.35294520843	
1147.811072	10	7	83	1	0.8625999244	5.517891911	7.857504594	86.62460349							38.13873457	1.616573076	60.24469235							-1147.811072	0.8625999244	-948.387173310756	
1145.251072	10	7	83	1	0.8599342259	5.415314289	7.878196129	86.70648958							38.14767892	1.608313205	60.24400787							-1145.251072	0.8599342259	-972.824068212481	
1142.691072	10	7	83	1	0.8573352079	5.314610284	7.898566114	86.7868236							38.15654722	1.600123566	60.24332922							-1142.691072	0.8573352079	-997.670673173884	
1140.131072	10	7	83	1	0.8548006532	5.215737555	7.918620982	86.86564146							38.16534126	1.592002504	60.24265624							-1140.131072	0.8548006532	-1022.93419127667	
1137.571072	10	7	83	1	0.8523284458	5.118655173	7.938366967	86.94297786							38.17406276	1.583948426	60.24198882							-1137.571072	0.8523284458	-1048.62212137339	
1135.011072	10	7	83	1	0.8499165654	5.02332356	7.957810114	87.01886633							38.18271339	1.575959794	60.24132681							-1135.011072	0.8499165654	-1074.74221669578	
1132.451072	10	7	83	1	0.8475630817	4.929704427	7.976956285	87.09333929							38.19129476	1.568035126	60.24067011							-1132.451072	0.8475630817	-1101.30234174426	
1129.891072	10	7	83	1	0.845266149	4.837760717	7.995811168	87.16642812							38.19980841	1.560172991	60.24001859							-1129.891072	0.845266149	-1128.31070434683	
1127.331072	10	7	83	1	0.8430240022	4.747456548	8.014380281	87.23816317							38.20825585	1.552372007	60.23937214							-1127.331072	0.8430240022	-1155.77576393851	
1124.771072	10	7	83	1	0.8408349517	4.658757168	8.032668985	87.30857385							38.21663851	1.54463084	60.23873065							-1124.771072	0.8408349517	-1183.70615870625	
1122.211072	10	7	83	1	0.8386973796	4.5716289	8.050682484	87.37768862							38.22495779	1.536948202	60.238094							-1122.211072	0.8386973796	-1212.11085731456	
1119.651072	10	7	83	1	0.8366097358	4.486039099	8.068425837	87.44553506							38.23321505	1.529322846	60.23746211							-1119.651072	0.8366097358	-1240.99903119765	
1117.091072	10	7	83	1	0.8345705342	4.401956108	8.085903961	87.51213993							38.24141157	1.521753569	60.23683486							-1117.091072	0.8345705342	-1270.38018875449	
1114.531072	10	7	83	1	0.8325783497	4.319349219	8.103121635	87.57752915							38.24954864	1.514239204	60.23621216							-1114.531072	0.8325783497	-1300.2641658161	
1111.971072	10	7	83	1	0.8306318148	4.23818863	8.120083508	87.64172786							38.25762746	1.506778624	60.23559391							-1111.971072	0.8306318148	-1330.6609060044	
1109.411072	10	7	83	1	0.8287296163	4.15844541	8.136794105	87.70476048							38.26564922	1.499370738	60.23498004							-1109.411072	0.8287296163	-1361.58085131186	
1106.851072	10	7	83	1	0.8268704934	4.080091465	8.153257828	87.76665071							38.27361507	1.492014489	60.23437044							-1106.851072	0.8268704934	-1393.03469849418	
1104.291072	10	7	83	1	0.8250532341	4.0030995	8.169478964	87.82742154							38.28152611	1.484708853	60.23376504							-1104.291072	0.8250532341	-1425.03340845666	
1101.731072	10	7	83	1	0.8232766735	3.927442993	8.185461689	87.88709532							38.28938342	1.477452838	60.23316375							-1101.731072	0.8232766735	-1457.58826453551	
1099.171072	10	7	83	1	0.8215396908	3.853096162	8.201210069	87.94569377							38.29718803	1.470245481	60.23256649							-1099.171072	0.8215396908	-1490.71099164885	
1096.611072	10	7	83	1	0.819841208	3.780033935	8.216728068	88.003238							38.30494096	1.463085852	60.23197318							-1096.611072	0.819841208	-1524.41364920669	
1094.051072	10	7	83	1	0.818180187	3.708231923	8.232019552	88.05974853							38.3126432	1.455973044	60.23138376							-1094.051072	0.818180187	-1558.70853922304	
1091.491072	10	7	83	1	0.8165556282	3.637666396	8.247088287	88.11524532							38.32029568	1.44890618	60.23079814							-1091.491072	0.8165556282	-1593.60842428715	
1088.931072	10	7	83	1	0.8149665684	3.568314258	8.261937949	88.16974779							38.32789933	1.441884408	60.23021626							-1088.931072	0.8149665684	-1629.12642852172	
1086.371072	10	7	83	1	0.8134120793	3.500153019	8.276572125	88.22327486							38.33545505	1.434906901	60.22963805							-1086.371072	0.8134120793	-1665.27619049281	
1083.811072	10	7	83	1	0.8118912659	3.433160777	8.290994314	88.27584491							38.3429637	1.427972854	60.22906344							-1083.811072	0.8118912659	-1702.07156595103	
1081.251072	10	7	83	1	0.8104032646	3.367316196	8.305207934	88.32747587							38.35042614	1.421081487	60.22849237							-1081.251072	0.8104032646	-1739.52694050807	
1078.691072	10	7	83	1	0.8089472423	3.302598483	8.31921632	88.3781852							38.35784319	1.414232041	60.22792477							-1078.691072	0.8089472423	-1777.65711474518	
1076.131072	10	7	83	1	0.8075223945	3.23898737	8.333022734	88.4279899							38.36521564	1.407423777	60.22736058							-1076.131072	0.8075223945	-1816.47733853505	
1073.571072	10	7	83	1	0.8061279445	3.176463094	8.346630359	88.47690655							38.37254427	1.400655979	60.22679975							-1073.571072	0.8061279445	-1856.00344622722	
1071.011072	10	7	83	1	0.8047631419	3.11500638	8.360042308	88.52495131							38.37982984	1.393927948	60.22624221							-1071.011072	0.8047631419	-1896.2515538074	
1068.451072	10	7	83	1	0.8034272614	3.054598424	8.373261624	88.57213995							38.38707308	1.387239005	60.22568791							-1068.451072	0.8034272614	-1937.23830040061	
1065.891072	10	7	83	1	0.8021196018	2.995220878	8.386291283	88.61848784							38.39427471	1.380588488	60.2251368							-1065.891072	0.8021196018	-1981.01983175713	
1063.331072	10	7	83	1	0.8008420336	2.93686075	8.399115281	88.66402397							38.40143795	1.373973425	60.22458862							-1063.331072	0.8008420336	-2023.36974450794	
1060.771072	10	7	83	1	0.7995887053	2.879490469	8.411774936	88.7087346							38.40855835	1.367397929	60.22404372							-1060.771072	0.7995887053	-2064.63752191042	
1058.211072	10	7	83	1	0.798361624	2.823098114	8.424253493	88.75264839							38.41563916	1.360858981	60.22350186							-1058.211072	0.798361624	-2108.74910602891	
1055.651072	10	7	83	1	0.7971601842	2.767667018	8.436553654	88.79577933							38.42268106	1.354355978	60.22296297							-1055.651072	0.7971601842	-2153.69897649335	
1053.091072	10	7	83	1	0.7959837911	2.71318088	8.448678079	88.83814104							38.42968466	1.347888339	60.22242701							-1053.091072	0.7959837911	-2199.49967363212	
1050.531072	10	7	83	1	0.7948318678	2.659623767	8.460629382	88.87974685							38.43665057	1.341455498	60.22189393							-1050.531072	0.7948318678	-2246.17162351234	
1047.971072	10	7	83	1	0.7937038556	2.606980103	8.472410128	88.92060977							38.44357941	1.335056903	60.22136369							-1047.971072	0.7937038556	-2293.73617456251	
1045.411072	10	7	83	1	0.7925992126	2.555234658	8.484022828	88.96074251							38.45047174	1.328692015	60.22083625							-1045.411072	0.7925992126	-2342.21542443817	
1042.851072	10	7	83	1	0.7915174137	2.504372535	8.495469943	89.00015752							38.45732814	1.322360308	60.22031155							-1042.851072	0.7915174137	-2391.63216905813	
1040.291072	10	7	83	1	0.7904579493	2.454379163	8.506753888	89.03886695							38.46414917	1.316061268	60.21978956							-1040.291072	0.7904579493	-2442.00973512185	
1037.731072	10	7	83	1	0.7894203251	2.405240281	8.517877027	89.07688269							38.47093537	1.309794394	60.21927024							-1037.731072	0.7894203251	-2493.37253753501	
1035.171072	10	7	83	1	0.7884040614	2.356941933	8.528841681	89.11421639							38.47768726	1.303559197	60.21875354							-1035.171072	0.7884040614	-2545.74576528663	
1032.611072	10	7	83	1	0.7874086926	2.309470458	8.539650126	89.15087942							38.48440537	1.297355197	60.21823943							-1032.611072	0.7874086926	-2599.15503667819	
1030.051072	10	7	83	1	0.7864337663	2.262812478	8.550304597	89.18688293							38.49109021	1.291181928	60.21772786							-1030.051072	0.7864337663	-2653.62718023293	
1027.491072	10	7	83	1	0.7854788434	2.216954891	8.560807283	89.22223783							38.49774226	1.285038931	60.21721881							-1027.491072	0.7854788434	-2709.19001032915	
1024.931072	10	7	83	1	0.7845434971	2.171884861	8.571160338	89.2569548							38.50436202	1.27892576	60.21671222							-1024.931072	0.7845434971	-2765.87167061809	
1022.371072	10	7	83	1	0.7836273125	2.127589815	8.581365874	89.29104431							38.51094995	1.272841978	60.21620807							-1022.371072	0.7836273125	-2823.70169421674	
1019.811072	10	7	83	1	0.7827298864	2.084057427	8.591425965	89.32451661							38.51750653	1.266787155	60.21570632							-1019.811072	0.7827298864	-2882.71070849412	
1017.251072	10	7	83	1	0.7818508267	2.041275618	8.601342648	89.35738173							38.52403219	1.260760875	60.21520693							-1017.251072	0.7818508267	-2942.93013259364	
1014.691072	10	7	83	1	0.780989752	1.999232544	8.611117927	89.38964953							38.5305274	1.254762725	60.21470988							-1014.691072	0.780989752	-3004.39262174796	
1012.131072	10	7	83	1	0.7801462913	1.95791659	8.620753767	89.42132964							38.53699257	1.248792306	60.21421512							-1012.131072	0.7801462913	-3067.13149281719	
1009.571072	10	7	83	1	0.7793200833	1.917316366	8.630252103	89.45243153							38.54342814	1.242849224	60.21372263							-1009.571072	0.7793200833	-3131.18166912906	
1007.011072	10	7	83	1	0.7785107766	1.877420697	8.639614835	89.48296447							38.54983453	1.236933094	60.21323237							-1007.011072	0.7785107766	-3196.57920144935	
1004.451072	10	7	83	1	0.7777180288	1.838218618	8.648843832	89.51293755							38.55621214	1.231043538	60.21274432							-1004.451072	0.7777180288	-3263.3614258912	
1001.891072	10	7	83	1	0.7769415067	1.799699369	8.657940933	89.5423597							38.56256138	1.225180186	60.21225844							-1001.891072	0.7769415067	-3331.56633792223	
999.3310723	10	7	83	1	0.7761808853	1.761852386	8.666907944	89.57123967							38.56888263	1.219342676	60.21177469							-999.3310723	0.7761808853	-3401.23445668441	
996.7710723	10	7	83	1	0.7754358484	1.7246673	8.675746645	89.59958605							38.57517629	1.213530652	60.21129306							-996.7710723	0.7754358484	-3472.40712814442	
994.2110723	10	7	83	1	0.7747060874	1.68813393	8.684458786	89.62740728							38.58144272	1.207743765	60.21081351							-994.2110723	0.7747060874	-3545.12612388454	
991.6510723	10	7	83	1	0.7739913016	1.652242273	8.693046088	89.65471164							38.58768231	1.201981672	60.21033602							-991.6510723	0.7739913016	-3619.43653723555	
989.0910723	10	7	83	1	0.7732911979	1.616982508	8.701510249	89.68150724							38.59389541	1.196244038	60.20986056							-989.0910723	0.7732911979	-3695.38418982123	
986.5310723	10	7	83	1	0.7726054903	1.582344984	8.709852937	89.70780208							38.60008238	1.190530533	60.20938709							-986.5310723	0.7726054903	-3773.01601863586	
983.9710723	10	7	83	1	0.7719338997	1.548320216	8.718075796	89.73360399							38.60624357	1.184840833	60.2089156							-983.9710723	0.7719338997	-3852.38171409719	
981.4110723	10	7	83	1	0.771276154	1.514898884	8.726180446	89.75892067							38.61237933	1.179174619	60.20844605							-981.4110723	0.771276154	-3933.53200060015	
978.8510723	10	7	83	1	0.7706319873	1.482071827	8.73416848	89.78375969							38.61849	1.173531581	60.20797842							-978.8510723	0.7706319873	-4016.51970629421	
976.2910723	10	7	83	1	0.7700011403	1.449830037	8.742041472	89.80812849							38.6245759	1.167911409	60.20751269							-976.2910723	0.7700011403	-4101.39985511659	
973.7310723	10	7	83	1	0.7693833596	1.418164657	8.749800968	89.83203437							38.63063737	1.162313804	60.20704883							-973.7310723	0.7693833596	-4188.22934828926	
971.1710723	10	7	83	1	0.7687783979	1.387066977	8.757448496	89.85548453							38.63667472	1.156738468	60.20658681							-971.1710723	0.7687783979	-4277.06706256492	
968.6110723	10	7	83	1	0.7681860134	1.356528429	8.764985559	89.87848601							38.64268827	1.15118511	60.20612662							-968.6110723	0.7681860134	-4367.97410439668	
966.0510723	10	7	83	1	0.76760597	1.326540583	8.772413641	89.90104578							38.64867834	1.145653443	60.20566822							-966.0510723	0.76760597	-4461.01400067354	
963.4910723	10	7	83	1	0.7670380368	1.297095147	8.779734204	89.92317065							38.65464522	1.140143186	60.2052116							-963.4910723	0.7670380368	-4544.12917371142	
962.8510723	10	7	83	1	0.7668974756	1.28981707	8.781551787	89.92863114							38.65613288	1.138769371	60.20509775							-962.8510723	0.7668974756	-4574.43719146304	
962.5310723	10	7	83	1	0.7668276827	1.286190745	8.782456221	89.93135303							38.65687639	1.138082759	60.20504085							-962.5310723	0.7668276827	-4591.63916280157	
962.3710723	10	7	83	1	0.7667928619	1.284380704	8.782907768	89.93271153							38.65724802	1.13773957	60.20501241							-962.3710723	0.7667928619	-4598.26730645075	
962.2910723	10	7	83	1	0.7667754703	1.283476462	8.783133373	89.93339017							38.6574338	1.137568004	60.2049982							-962.2910723	0.7667754703	-4605.96777531723	
962.2821391	10	7	83	1	0.7667735311	1.283375522	8.783158554	89.93346592							38.65745454	1.137548847	60.20499661	0.900679221	0.03928087872	99.0600399				-962.2821391	0.7667735311	-4545.84092162186	
962.2610723	10	7	83	1	0.7666333378	1.282947099	8.784706296	89.93234661							38.65732755	1.13766612	60.20500633	0.9005395297	0.03928507183	99.0601754				-962.2610723	0.7666333378	-150.228031553963	
962.2410723	10	7	83	1	0.7665001718	1.282540354	8.786176458	89.93128319							38.6572069	1.137777544	60.20501556	0.900406928	0.03928905666	99.06030402				-962.2410723	0.7665001718	-150.240399824974	
962.2010723	10	7	83	1	0.7662341155	1.281727399	8.789115522	89.92915708							38.65696576	1.138000226	60.20503401	0.9001417696	0.03929701965	99.06056121				-962.2010723	0.7662341155	-150.407078287384	
962.1210723	10	7	83	1	0.76570267	1.280103017	8.794992338	89.92490464							38.65648372	1.138445377	60.2050709	0.8996116461	0.03931293799	99.06107542				-962.1210723	0.76570267	-150.642753226782	
961.9610723	10	7	83	1	0.7646420988	1.27686036	8.806740733	89.91639891							38.65552057	1.139334823	60.20514461	0.898552121	0.03934474498	99.06210313				-961.9610723	0.7646420988	-151.089255866061	
961.6410723	10	7	83	1	0.7625304664	1.270399399	8.830216558	89.89938404							38.65359796	1.141110298	60.20529174	0.8964359949	0.03940823986	99.06415577				-961.6410723	0.7625304664	-152.12796610557	
961.0010723	10	7	83	1	0.7583553049	1.257574428	8.877084071	89.8653415							38.64976752	1.144647613	60.20558487	0.8922154172	0.03953475393	99.06824983				-961.0010723	0.7583553049	-154.276944192643	
959.7210723	10	7	83	1	0.7501616653	1.232307626	8.970483645	89.79720873							38.64216496	1.151668378	60.20616666	0.8838207939	0.0397859028	99.0763933				-959.7210723	0.7501616653	-158.323449195132	
957.1610723	10	7	83	1	0.734395529	1.183271881	9.155941806	89.66078631							38.62718851	1.165498731	60.20731276	0.8672163476	0.0402808256	99.09250283				-957.1610723	0.734395529	-166.681416641037	
954.6010723	10	7	83	1	0.7194052639	1.136168363	9.339616939	89.5242147							38.61250829	1.179055526	60.20843618	0.8508558076	0.04076618248	99.10837801				-954.6010723	0.7194052639	-175.210157854467	
952.0410723	10	7	83	1	0.7051377888	1.090921371	9.521517551	89.38756108							38.59811434	1.192347964	60.2095377	0.834736236	0.04124228116	99.12402148				-952.0410723	0.7051377888	-183.977245824392	
949.4810723	10	7	83	1	0.6915432484	1.047457772	9.70165498	89.25088725							38.58399718	1.205384793	60.21061803	0.8188547495	0.0417094146	99.13943584				-949.4810723	0.6915432484	-192.973964004887	
946.9210723	10	7	83	1	0.6785760913	1.005706994	9.880042972	89.11425003							38.5701478	1.218174328	60.21167787	0.8032085182	0.04216786167	99.15462362				-946.9210723	0.6785760913	-202.199186365547	
944.3610723	10	7	83	1	0.6661946312	0.9656010104	10.05669739	88.9777016							38.55655764	1.230724479	60.21271788	0.7877947628	0.04261788792	99.16958735				-944.3610723	0.6661946312	-211.651688792901	
941.8010723	10	7	83	1	0.6543606594	0.9270743085	10.23163595	88.84128974							38.54321856	1.243042772	60.21373867	0.7726107523	0.04305974631	99.1843295				-941.8010723	0.6543606594	-221.330152269964	
939.2410723	10	7	83	1	0.6430391011	0.8900638498	10.40487794	88.70505821							38.53012279	1.255136371	60.21474084	0.7576538016	0.04349367787	99.19885252				-939.2410723	0.6430391011	-231.23317897191	
936.6810723	10	7	83	1	0.6321977119	0.8545090206	10.57644401	88.56904697							38.51726295	1.267012095	60.21572496	0.7429212692	0.04391991233	99.21315882				-936.6810723	0.6321977119	-241.359299021209	
934.1210723	10	7	83	1	0.6218068067	0.8203515761	10.74635594	88.43329248							38.504632	1.278676445	60.21669156	0.7284105557	0.0443386687	99.22725078				-934.1210723	0.6218068067	-251.706979720386	
931.5610723	10	7	83	1	0.6118390195	0.7875355783	10.91463648	88.29782794							38.49222323	1.290135611	60.21764116	0.7141191012	0.04475015581	99.24113074				-931.5610723	0.6118390195	-262.274641155861	
929.0010723	10	7	83	1	0.6022690886	0.7560073301	11.08130913	88.16268354							38.48003026	1.301395498	60.21857424	0.7000443841	0.04515457289	99.25480104				-929.0010723	0.6022690886	-273.060657537639	
926.4410723	10	7	83	1	0.5930736645	0.7257153057	11.24639801	88.02788669							38.46804699	1.312461736	60.21949128	0.6861839192	0.04555211005	99.26826397				-926.4410723	0.5930736645	-284.06337103855	
923.8810723	10	7	83	1	0.5842311384	0.6966100796	11.40992772	87.8934622							38.45626759	1.323339697	60.22039271	0.6725352561	0.04594294873	99.2815218				-923.8810723	0.5842311384	-295.281097272397	
921.3210723	10	7	83	1	0.5757214878	0.668644254	11.57192321	87.75943253							38.44468652	1.33403451	60.22127897	0.6590959779	0.04632726217	99.29457676				-921.3210723	0.5757214878	-306.712128704632	
918.7610723	10	7	83	1	0.5675261381	0.6417723855	11.73240967	87.62581794							38.43329848	1.344551071	60.22215045	0.6458636995	0.04670521584	99.30743108				-918.7610723	0.5675261381	-318.354750862937	
916.2010723	10	7	83	1	0.5596278383	0.6159509122	11.89141242	87.49263666							38.42209839	1.354894059	60.22300755	0.6328360667	0.04707696781	99.32008697				-916.2010723	0.5596278383	-330.207241562451	
913.6410723	10	7	83	1	0.5520105484	0.5911380812	12.04895685	87.35990507							38.41108141	1.365067944	60.22385064	0.6200107547	0.04744266915	99.33254658				-913.6410723	0.5520105484	-342.267871968723	
911.0810723	10	7	83	1	0.5446593381	0.5672938769	12.20506829	87.22763783							38.40024293	1.375077001	60.22468007	0.607385467	0.04780246428	99.34481207				-911.0810723	0.5446593381	-354.534927224396	
908.5210723	10	7	83	1	0.5375602956	0.544379951	12.35977201	87.09584804							38.3895785	1.384925319	60.22549618	0.5949579345	0.04815649129	99.35688557				-908.5210723	0.5375602956	-367.006693122182	
905.9610723	10	7	83	1	0.530700444	0.5223595539	12.51309312	86.96454733							38.37908389	1.394616809	60.2262993	0.5827259141	0.04850488227	99.3687692				-905.9610723	0.530700444	-379.681465981346	
903.4010723	10	7	83	1	0.5240676667	0.5011974675	12.6650565	86.83374603							38.36875506	1.404155217	60.22708972	0.5706871883	0.04884776361	99.38046505				-903.4010723	0.5240676667	-392.557569736016	
900.8410723	10	7	83	1	0.5176506391	0.4808599409	12.81568681	86.70345325							38.35858811	1.413544128	60.22786776	0.5588395637	0.04918525628	99.39197518				-900.8410723	0.5176506391	-405.638017287037	
898.2810723	10	7	83	1	0.511438903	0.4613148238	12.96500521	86.57367996							38.34857982	1.422786519	60.22863366	0.5471808789	0.04951745846	99.40330166				-898.2810723	0.511438903	-418.910637349285	
895.7210723	10	7	83	1	0.5054222398	0.4425306816	13.11304266	86.44442666							38.33872556	1.431886671	60.22938777	0.5357089686	0.049844519	99.41444651				-895.7210723	0.5054222398	-432.374747973114	
893.1610723	10	7	83	1	0.49959149	0.4244780013	13.25981968	86.31570232							38.32902239	1.44084729	60.23013032	0.5244217164	0.05016652688	99.42541176				-893.1610723	0.49959149	-446.037823741931	
890.6010723	10	7	83	1	0.4939379265	0.4071282894	13.40535972	86.18751199							38.31946702	1.449671423	60.23086156	0.513317018	0.05048358463	99.4361994				-890.6010723	0.4939379265	-459.893667377501	
888.0410723	10	7	83	1	0.4884533549	0.3904542279	13.54968583	86.05985994							38.31005628	1.458361992	60.23158173	0.5023927901	0.05079579054	99.44681142				-888.0410723	0.4884533549	-473.940730725264	
885.4810723	10	7	83	1	0.4831300749	0.3744296226	13.69282065	85.93274973							38.30078713	1.466921804	60.23229106	0.4916469692	0.05110323885	99.45724979				-885.4810723	0.4831300749	-488.177512355094	
882.9210723	10	7	83	1	0.4779608442	0.3590293529	13.8347864	85.80618425							38.29165667	1.475353551	60.23298978	0.4810775113	0.05140601993	99.46751647				-882.9210723	0.4779608442	-502.536258598863	
881.6410723	10	7	83	1	0.4754317346	0.3515557756	13.90533767	85.74310655							38.28714255	1.479522213	60.23333523	0.4758582845	0.05155568746	99.47258603				-881.6410723	0.4754317346	-509.333287254719	
881.0010723	10	7	83	1	0.4741791198	0.3478743317	13.94050676	85.71161891							38.2848981	1.481594904	60.23350699	0.4732649368	0.05163009612	99.47510497				-881.0010723	0.4741791198	-515.32588675823	
880.8410723	10	7	83	1	0.4738692902	0.3469596844	13.94928784	85.70375248							38.28433833	1.482111841	60.23354983	0.4726182887	0.05164865298	99.47573306				-880.8410723	0.4738692902	-515.489986898464	
880.8010723	10	7	83	1	0.4737916593	0.3467313765	13.9514824	85.70178623							38.28419847	1.482241003	60.23356053	0.4724567295	0.05165328967	99.47588998				-880.8010723	0.4737916593	-514.936574832464	
880.7810723	10	7	83	1	0.4737528074	0.3466172755	13.95257959	85.70080314							38.28412853	1.482305583	60.23356588	0.4723759684	0.05165560753	99.47596842				-880.7810723	0.4737528074	-514.733129986744	
880.7610723	10	7	83	1								10.87143749	42.3597956	46.76876691	38.36121914	1.411114437	60.22766642	0.4734269867	0.04891547354	99.47765754				-880.7610723			
880.7510723	10	7	83	1								10.87099399	42.36029522	46.76871079	38.36126687	1.411070363	60.22766277	0.473387721	0.04891369705	99.47769858				-880.7510723			
880.7310723	10	7	83	1								10.87010461	42.36129727	46.76859812	38.36136188	1.410982621	60.2276555	0.4733092205	0.04891016233	99.47778062				-880.7310723			
880.6910723	10	7	83	1								10.86832754	42.36329934	46.76837313	38.36155218	1.410806889	60.22764094	0.4731522331	0.04890308066	99.47794469				-880.6910723			
880.6110723	10	7	83	1								10.86477378	42.36730285	46.76792337	38.36193281	1.41045538	60.22761181	0.4728383807	0.04888891683	99.4782727				-880.6110723			
880.4510723	10	7	83	1								10.85766778	42.37530741	46.76702481	38.36269418	1.409752276	60.22755354	0.4722111323	0.04886058861	99.47892828				-880.4510723			
880.1310723	10	7	83	1								10.84346182	42.39130672	46.76523146	38.36421729	1.408345728	60.22743698	0.4709584862	0.04880392896	99.48023758				-880.1310723			
879.4910723	10	7	83	1								10.8150741	42.42326611	46.76165979	38.36726496	1.405531287	60.22720376	0.4684605854	0.04869059729	99.48284882				-879.4910723			
878.2110723	10	7	83	1								10.75839554	42.48702828	46.75457618	38.37336603	1.399897106	60.22673686	0.4634942644	0.04846388799	99.48804185				-878.2110723			
875.6510723	10	7	83	1								10.64542653	42.61392908	46.74064439	38.3855904	1.388608225	60.22580138	0.4536788629	0.0480103141	99.49831082				-875.6510723			
873.0910723	10	7	83	1								10.53297628	42.74000353	46.72702019	38.39784302	1.377293254	60.22486373	0.4440184869	0.04755658628	99.50842493				-873.0910723			
870.5310723	10	7	83	1								10.42104616	42.86525771	46.71369614	38.41012222	1.365953737	60.22392405	0.4345115901	0.047102769	99.51838564				-870.5310723			
867.9710723	10	7	83	1								10.30963751	42.98969745	46.70066504	38.42242632	1.354591216	60.22298246	0.4251566335	0.04664892646	99.52819444				-867.9710723			
865.4110723	10	7	83	1								10.19875173	43.11332832	46.68791995	38.43475369	1.343207217	60.22203909	0.4159520844	0.04619512197	99.53785279				-865.4110723			
862.8510723	10	7	83	1								10.08839024	43.23615564	46.67545413	38.44710268	1.331803256	60.22109407	0.4068964166	0.04574141829	99.54736217				-862.8510723			
860.2910723	10	7	83	1								9.978554447	43.35818452	46.66326103	38.45947164	1.320380845	60.22014752	0.3979881108	0.04528787764	99.55672401				-860.2910723			
857.7310723	10	7	83	1								9.869245798	43.47941987	46.65133433	38.47185896	1.308941485	60.21919956	0.389225654	0.04483456173	99.56593978				-857.7310723			
855.1710723	10	7	83	1								9.760465742	43.59986635	46.6396679	38.48426301	1.297486671	60.21825032	0.3806075396	0.04438153175	99.57501093				-855.1710723			
852.6110723	10	7	83	1								9.652215746	43.71952847	46.62825578	38.49668218	1.286017893	60.21729993	0.3721322674	0.04392884833	99.58393888				-852.6110723			
850.0510723	10	7	83	1								9.544497295	43.83841052	46.61709219	38.50911487	1.27453663	60.2163485	0.3637983433	0.04347657163	99.59272509				-850.0510723			
847.4910723	10	7	83	1								9.437311892	43.95651659	46.60617151	38.52155948	1.263044358	60.21539616	0.3556042796	0.04302476125	99.60137096				-847.4910723			
844.9310723	10	7	83	1								9.330661062	44.07385062	46.59548831	38.53401443	1.251542543	60.21444303	0.3475485943	0.04257347629	99.60987793				-844.9310723			
842.3710723	10	7	83	1								9.224546347	44.19041636	46.58503729	38.54647813	1.240032646	60.21348923	0.3396298118	0.04212277534	99.61824741				-842.3710723			
839.8110723	10	7	83	1								9.118969312	44.30621737	46.57481331	38.558949	1.228516121	60.21253488	0.3318464621	0.04167271646	99.62648082				-839.8110723			
837.2510723	10	7	83	1								9.013931542	44.42125708	46.56481138	38.57142549	1.216994415	60.2115801	0.3241970814	0.04122335722	99.63457956				-837.2510723			
834.6910723	10	7	83	1								8.909434646	44.53553873	46.55502662	38.58390602	1.205468969	60.21062501	0.3166802114	0.04077475466	99.64254503				-834.6910723			
832.1310723	10	7	83	1								8.805480255	44.64906542	46.54545432	38.59638906	1.193941217	60.20966973	0.3092943998	0.0403269653	99.65037863				-832.1310723			
829.5710723	10	7	83	1								8.702070021	44.7618401	46.53608988	38.60887304	1.182412587	60.20871437	0.3020382	0.03988004515	99.65808175				-829.5710723			
827.0110723	10	7	83	1								8.599205623	44.87386555	46.52692882	38.62135643	1.170884501	60.20775906	0.2949101712	0.03943404973	99.66565578				-827.0110723			
824.4510723	10	7	83	1								8.496888761	44.98514444	46.51796679	38.63383771	1.159358375	60.20680392	0.2879088781	0.03898903401	99.67310209				-824.4510723			
821.8910723	10	7	83	1								8.395121158	45.09567929	46.50919955	38.64631533	1.147835616	60.20584905	0.281032891	0.03854505247	99.68042206				-821.8910723			
819.3310723	10	7	83	1								8.293904565	45.20547247	46.50062296	38.65878779	1.136317627	60.20489458	0.2742807861	0.03810215904	99.68761705				-819.3310723			
816.7710723	10	7	83	1								8.193240752	45.31452625	46.492233	38.67125358	1.124805805	60.20394062	0.2676511448	0.03766040717	99.69468845				-816.7710723			
814.2110723	10	7	83	1								8.093131517	45.42284274	46.48402575	38.68371118	1.11330154	60.20298728	0.2611425545	0.03721984975	99.7016376				-814.2110723			
811.6510723	10	7	83	1								7.99357868	45.53042394	46.47599738	38.6961591	1.101806214	60.20203469	0.2547536077	0.03678053918	99.70846585				-811.6510723			
809.0910723	10	7	83	1								7.894584085	45.63727176	46.46814416	38.70859584	1.090321207	60.20108295	0.2484829029	0.0363425273	99.71517457				-809.0910723			
806.5310723	10	7	83	1								7.796149599	45.74338794	46.46046246	38.72101993	1.078847888	60.20013218	0.2423290439	0.03590586544	99.72176509				-806.5310723			
803.9710723	10	7	83	1								7.698277114	45.84877415	46.45294873	38.73342989	1.067387621	60.19918249	0.2362906399	0.03547060439	99.72823876				-803.9710723			
801.4110723	10	7	83	1								7.600968545	45.95343194	46.44559951	38.74582424	1.055941766	60.198234	0.2303663061	0.03503679442	99.7345969				-801.4110723			
798.8510723	10	7	83	1								7.504225829	46.05736274	46.43841143	38.75820152	1.044511673	60.19728681	0.2245546628	0.03460448524	99.74084085				-798.8510723			
796.2910723	10	7	83	1								7.408050926	46.1605679	46.43138117	38.77056027	1.033098687	60.19634104	0.2188543361	0.03417372604	99.74697194				-796.2910723			
793.7310723	10	7	83	1								7.312445818	46.26304865	46.42450553	38.78289906	1.021704147	60.1953968	0.2132639576	0.03374456542	99.75299148				-793.7310723			
791.1710723	10	7	83	1								7.217412509	46.36480614	46.41778136	38.79521642	1.010329385	60.19445419	0.2077821646	0.03331705149	99.75890078				-791.1710723			
788.6110723	10	7	83	1								7.122953024	46.4658414	46.41120557	38.80751093	0.9989757259	60.19351334	0.2024076	0.03289123177	99.76470117				-788.6110723			
786.0510723	10	7	83	1								7.029069408	46.56615541	46.40477518	38.81978117	0.9876444871	60.19257434	0.1971389122	0.03246715322	99.77039393				-786.0510723			
783.4910723	10	7	83	1								6.935763727	46.66574902	46.39848725	38.83202571	0.9763369801	60.19163731	0.1919747555	0.03204486225	99.77598038				-783.4910723			
780.9310723	10	7	83	1								6.843038066	46.76462303	46.3923389	38.84424313	0.965054509	60.19070236	0.1869137896	0.0316244047	99.78146181				-780.9310723			
778.3710723	10	7	83	1								6.750894528	46.86277813	46.38632734	38.85643204	0.9537983709	60.18976959	0.1819546803	0.03120582584	99.78683949				-778.3710723			
775.8110723	10	7	83	1								6.659335236	46.96021495	46.38044982	38.86859104	0.9425698555	60.1888391	0.177096099	0.03078917036	99.79211473				-775.8110723			
773.2510723	10	7	83	1								6.568362328	47.05693402	46.37470365	38.88071874	0.9313702453	60.18791101	0.1723367228	0.03037448237	99.79728879				-773.2510723			
770.6910723	10	7	83	1								6.47797796	47.15293583	46.36908621	38.89281376	0.920200815	60.18698543	0.167675235	0.02996180539	99.80236296				-770.6910723			
768.1310723	10	7	83	1								6.388184303	47.24822076	46.36359494	38.90487472	0.909062832	60.18606245	0.1631103244	0.02955118237	99.80733849				-768.1310723			
765.5710723	10	7	83	1								6.298983541	47.34278915	46.35822731	38.91690027	0.8979575558	60.18514217	0.1586406862	0.02914265563	99.81221666				-765.5710723			
763.0110723	10	7	83	1								6.210377876	47.43664125	46.35298087	38.92888905	0.886886238	60.18422472	0.1542650212	0.02873626692	99.81699871				-763.0110723			
760.4510723	10	7	83	1								6.122369517	47.52977727	46.34785321	38.9408397	0.8758501223	60.18331018	0.1499820366	0.02833205736	99.82168591				-760.4510723			
757.8910723	10	7	83	1								6.03496069	47.62219735	46.34284196	38.9527509	0.8648504439	60.18239866	0.1457904455	0.02793006748	99.82627949				-757.8910723			
755.3310723	10	7	83	1								5.948153629	47.71390155	46.33794482	38.96462131	0.85388843	60.18149026	0.1416889674	0.02753033717	99.8307807				-755.3310723			
752.7710723	10	7	83	1								5.861950576	47.8048899	46.33315953	38.97644962	0.842965299	60.18058508	0.137676328	0.02713290571	99.83519077				-752.7710723			
750.2110723	10	7	83	1								5.776353786	47.89516236	46.32848385	38.98823451	0.8320822607	60.17968322	0.1337512592	0.02673781175	99.83951093				-750.2110723			
747.6510723	10	7	83	1								5.691365517	47.98471885	46.32391563	38.99997469	0.821240516	60.17878479	0.1299124995	0.02634509331	99.84374241				-747.6510723			
745.0910723	10	7	83	1								5.606988035	48.07355924	46.31945273	39.01166886	0.8104412569	60.17788988	0.1261587936	0.02595478777	99.84788642				-745.0910723			
742.5310723	10	7	83	1								5.523223609	48.16168334	46.31509305	39.02331575	0.7996856659	60.17699859	0.1224888931	0.02556693185	99.85194418				-742.5310723			
739.9710723	10	7	83	1								5.440074513	48.24909092	46.31083456	39.03491408	0.7889749162	60.17611101	0.1189015558	0.02518156163	99.85591688				-739.9710723			
737.4110723	10	7	83	1								5.357543023	48.33578173	46.30667525	39.04646259	0.7783101713	60.17522724	0.1153955466	0.02479871255	99.85980574				-737.4110723			
734.8510723	10	7	83	1								5.275631415	48.42175544	46.30261314	39.05796003	0.7676925851	60.17434739	0.1119696368	0.02441841935	99.86361194				-734.8510723			
732.2910723	10	7	83	1								5.194341962	48.50701173	46.29864631	39.06940517	0.757123301	60.17347153	0.108622605	0.02404071613	99.86733668				-732.2910723			
729.7310723	10	7	83	1								5.113676939	48.5915502	46.29477286	39.08079677	0.7466034525	60.17259977	0.1053532362	0.02366563631	99.87098113				-729.7310723			
727.1710723	10	7	83	1								5.033638613	48.67537045	46.29099093	39.09213363	0.7361341625	60.1717322	0.102160323	0.02329321263	99.87454646				-727.1710723			
724.6110723	10	7	83	1								4.954229248	48.75847205	46.28729871	39.10341454	0.7257165432	60.17086892	0.09904266454	0.02292347713	99.87803386				-724.6110723			
722.0510723	10	7	83	1								4.8754511	48.84085451	46.28369439	39.1146383	0.7153516957	60.17001	0.09599906763	0.0225564612	99.88144447				-722.0510723			
719.4910723	10	7	83	1								4.797306416	48.92251736	46.28017623	39.12580373	0.7050407104	60.16915555	0.09302834614	0.02219219548	99.88477946				-719.4910723			
716.9310723	10	7	83	1								4.719797432	49.00346008	46.27674249	39.13690968	0.6947846657	60.16830566	0.09012932136	0.02183070994	99.88803997				-716.9310723			
714.3710723	10	7	83	1								4.642926374	49.08368213	46.2733915	39.14795497	0.6845846287	60.1674604	0.08730082209	0.02147203384	99.89122714				-714.3710723			
711.8110723	10	7	83	1								4.566695451	49.16318297	46.27012157	39.15893847	0.6744416546	60.16661987	0.08454168466	0.02111619571	99.89434212				-711.8110723			
709.2510723	10	7	83	1								4.491106857	49.24196204	46.2669311	39.16985905	0.6643567863	60.16578416	0.08185075308	0.02076322339	99.89738602				-709.2510723			
706.6910723	10	7	83	1								4.41616277	49.32001876	46.26381846	39.18071559	0.6543310546	60.16495335	0.07922687914	0.02041314397	99.90035998				-706.6910723			
704.1310723	10	7	83	1								4.341865347	49.39735255	46.2607821	39.191507	0.6443654773	60.16412752	0.07666892245	0.02006598382	99.90326509				-704.1310723			
701.5710723	10	7	83	1								4.268216721	49.47396282	46.25782046	39.20223218	0.6344610595	60.16330677	0.07417575061	0.01972176857	99.90610248				-701.5710723			
699.0110723	10	7	83	1								4.195219006	49.54984897	46.25493202	39.21289005	0.6246187931	60.16249116	0.07174623924	0.01938052311	99.90887324				-699.0110723			
696.4510723	10	7	83	1								4.122874287	49.62501041	46.2521153	39.22347956	0.6148396566	60.16168078	0.06937927215	0.0190422716	99.91157846				-696.4510723			
693.8910723	10	7	83	1								4.051184622	49.69944655	46.24936883	39.23399967	0.6051246147	60.16087572	0.06707374138	0.01870703743	99.91421922				-693.8910723			
691.3310723	10	7	83	1								3.980152039	49.77315679	46.24669117	39.24444934	0.5954746182	60.16007604	0.06482854731	0.01837484325	99.91679661				-691.3310723			
688.7710723	10	7	83	1								3.909778535	49.84614056	46.2440809	39.25482756	0.5858906037	60.15928183	0.06264259879	0.01804571094	99.91931169				-688.7710723			
686.2110723	10	7	83	1								3.84006607	49.91839728	46.24153665	39.26513334	0.5763734932	60.15849317	0.06051481323	0.01771966162	99.92176553				-686.2110723			
683.6510723	10	7	83	1								3.771016571	49.9899264	46.23905703	39.27536568	0.5669241938	60.15771013	0.05844411666	0.01739671563	99.92415917				-683.6510723			
681.0910723	10	7	83	1								3.702631923	50.06072736	46.23664071	39.28552363	0.5575435978	60.15693277	0.05642944388	0.01707689256	99.92649366				-681.0910723			
678.5310723	10	7	83	1								3.634913973	50.13079965	46.23428637	39.29560623	0.5482325819	60.15616119	0.05446973855	0.01676021121	99.92877005				-678.5310723			
675.9710723	10	7	83	1								3.567864523	50.20014276	46.23199272	39.30561255	0.5389920074	60.15539544	0.05256395326	0.01644668959	99.93098936				-675.9710723			
673.4110723	10	7	83	1								3.501485328	50.26875619	46.22975848	39.31554168	0.5298227194	60.1546356	0.05071104968	0.01613634493	99.93315261				-673.4110723			
670.8510723	10	7	83	1								3.435778097	50.33663951	46.22758239	39.32539271	0.520725547	60.15388174	0.04890999859	0.01582919368	99.93526081				-670.8510723			
668.2910723	10	7	83	1								3.370744487	50.40379228	46.22546324	39.33516478	0.5117013027	60.15313392	0.04715978005	0.01552525149	99.93731497				-668.2910723			
665.7310723	10	7	83	1								3.306386102	50.4702141	46.2233998	39.34485701	0.5027507824	60.15239221	0.04545938345	0.01522453321	99.93931608				-665.7310723			
663.1710723	10	7	83	1								3.242704493	50.53590462	46.22139088	39.35446856	0.4938747647	60.15165667	0.04380780763	0.0149270529	99.94126514				-663.1710723			
660.6110723	10	7	83	1								3.179701149	50.60086352	46.21943533	39.36399862	0.485074011	60.15092737	0.04220406095	0.01463282381	99.94316312				-660.6110723			
658.0510723	10	7	83	1								3.117377501	50.66509052	46.21753198	39.37344637	0.4763492652	60.15020437	0.04064716143	0.01434185837	99.94501098				-658.0510723			
655.4910723	10	7	83	1								3.055734916	50.72858537	46.21567972	39.38281102	0.467701253	60.14948773	0.03913613677	0.01405416824	99.94680969				-655.4910723			
652.9310723	10	7	83	1								2.994774695	50.79134788	46.21387742	39.39209182	0.4591306822	60.1487775	0.03767002454	0.01376976424	99.94856021				-652.9310723			
650.3710723	10	7	83	1								2.934498071	50.85337792	46.212124	39.40128801	0.450638242	60.14807375	0.03624787218	0.01348865638	99.95026347				-650.3710723			
647.8110723	10	7	83	1								2.874906207	50.9146754	46.21041839	39.41039887	0.4422246028	60.14737653	0.03486873713	0.01321085387	99.95192041				-647.8110723			
645.2510723	10	7	83	1								2.816000192	50.97524028	46.20875953	39.41942369	0.4338904162	60.14668589	0.03353168693	0.01293636508	99.95353195				-645.2510723			
642.6910723	10	7	83	1								2.757781038	51.03507259	46.20714637	39.42836179	0.4256363142	60.14600189	0.03223579928	0.01266519758	99.955099				-642.6910723			
640.1310723	10	7	83	1								2.700249678	51.09417241	46.20557791	39.43721251	0.4174629094	60.14532458	0.03098016213	0.01239735812	99.95662248				-640.1310723			
637.5710723	10	7	83	1								2.643406966	51.15253989	46.20405315	39.4459752	0.4093707948	60.144654	0.02976387378	0.01213285263	99.95810327				-637.5710723			
635.0110723	10	7	83	1								2.58725367	51.21017525	46.20257109	39.45464925	0.4013605428	60.14399021	0.02858604291	0.0118716862	99.95954227				-635.0110723			
632.4510723	10	7	83	1								2.53179047	51.26707877	46.20113076	39.46323405	0.3934327059	60.14333325	0.02744578874	0.01161386312	99.96094035				-632.4510723			
629.8910723	10	7	83	1								2.477017961	51.32325081	46.19973123	39.47172903	0.3855878157	60.14268316	0.02634224103	0.01135938685	99.96229837				-629.8910723			
627.3310723	10	7	83	1								2.422936641	51.37869181	46.19837154	39.48013364	0.3778263831	60.14203998	0.02527454017	0.01110826003	99.9636172				-627.3310723			
624.7710723	10	7	83	1								2.369546917	51.43340229	46.1970508	39.48844734	0.3701488978	60.14140376	0.02424183729	0.01086048447	99.96489768				-624.7710723			
622.2110723	10	7	83	1								2.316849097	51.48738282	46.19576808	39.49666963	0.3625558282	60.14077454	0.02324329428	0.01061606118	99.96614064				-622.2110723			
619.6510723	10	7	83	1								2.26484339	51.5406341	46.19452251	39.50480003	0.355047621	60.14015235	0.02227808388	0.01037499031	99.96734693				-619.6510723			
617.0910723	10	7	83	1								2.213529903	51.59315689	46.19331321	39.51283807	0.3476247012	60.13953723	0.02134538973	0.01013727124	99.96851734				-617.0910723			
614.5310723	10	7	83	1								2.162908638	51.64495204	46.19213933	39.52078332	0.3402874717	60.13892921	0.02044440644	0.009902902485	99.96965269				-614.5310723			
611.9710723	10	7	83	1								2.112979488	51.69602049	46.19100002	39.52863537	0.3330363132	60.13832832	0.01957433964	0.009671881782	99.97075378				-611.9710723			
609.4110723	10	7	83	1								2.063742238	51.7463633	46.18989446	39.53639382	0.3258715836	60.1377346	0.01873440602	0.009444206032	99.97182139				-609.4110723			
606.8510723	10	7	83	1								2.01519656	51.79598159	46.18882185	39.54405832	0.3187936186	60.13714806	0.01792383342	0.009219871329	99.9728563				-606.8510723			
604.2910723	10	7	83	1								1.967342012	51.84487662	46.18778137	39.55162853	0.3118027306	60.13656874	0.01714186084	0.00899887296	99.97385927				-604.2910723			
601.7310723	10	7	83	1								1.920178033	51.89304971	46.18677226	39.55910413	0.3048992092	60.13599666	0.01638773848	0.008781205402	99.97483106				-601.7310723			
599.1710723	10	7	83	1								1.873703945	51.94050232	46.18579373	39.56648484	0.2980833205	60.13543184	0.0156607278	0.008566862332	99.97577241				-599.1710723			
596.6110723	10	7	83	1								1.827918947	51.987236	46.18484505	39.57377039	0.2913553074	60.1348743	0.01496010156	0.008355836625	99.97668406				-596.6110723			
594.0510723	10	7	83	1								1.782822114	52.03325243	46.18392546	39.58096054	0.2847153891	60.13432407	0.01428514382	0.008148120363	99.97756674				-594.0510723			
591.4910723	10	7	83	1								1.738412396	52.07855336	46.18303424	39.58805509	0.2781637611	60.13378115	0.01363515001	0.007943704834	99.97842115				-591.4910723			
588.9310723	10	7	83	1								1.694688613	52.1231407	46.18217068	39.59505385	0.2717005948	60.13324556	0.01300942692	0.00774258054	99.97924799				-588.9310723			
586.3710723	10	7	83	1								1.651649458	52.16701646	46.18133408	39.60195665	0.2653260379	60.13271731	0.01240729274	0.007544737202	99.98004797				-586.3710723			
583.8110723	10	7	83	1								1.609293489	52.21018276	46.18052375	39.60876337	0.2590402136	60.13219642	0.01182807708	0.007350163764	99.98082176				-583.8110723			
581.2510723	10	7	83	1								1.567619131	52.25264185	46.17973902	39.61547389	0.2528432212	60.13168289	0.01127112095	0.007158848397	99.98157003				-581.2510723			
578.6910723	10	7	83	1								1.526624675	52.2943961	46.17897923	39.62208814	0.2467351352	60.13117672	0.01073577682	0.006970778509	99.98229344				-578.6910723			
576.1310723	10	7	83	1								1.486308272	52.335448	46.17824373	39.62860606	0.2407160061	60.13067793	0.01022140858	0.006785940748	99.98299265				-576.1310723			
573.5710723	10	7	83	1								1.446667937	52.37580018	46.17753188	39.63502763	0.2347858595	60.13018651	0.009727391564	0.00660432101	99.98366829				-573.5710723			
571.0110723	10	7	83	1								1.407701543	52.41545539	46.17684307	39.64135284	0.2289446964	60.12970247	0.009253112548	0.006425904446	99.98432098				-571.0110723			
568.4510723	10	7	83	1								1.36940682	52.4544165	46.17617668	39.64758171	0.2231924935	60.12922579	0.008797969723	0.006250675467	99.98495135				-568.4510723			
565.8910723	10	7	83	1								1.331781357	52.49268653	46.17553211	39.65371431	0.2175292023	60.12875649	0.008361372699	0.006078617756	99.98556001				-565.8910723			
563.3310723	10	7	83	1								1.294822598	52.53026862	46.17490879	39.65975071	0.21195475	60.12829454	0.007942742481	0.005909714272	99.98614754				-563.3310723			
560.7710723	10	7	83	1								1.258527843	52.56716603	46.17430613	39.66569101	0.2064690386	60.12783995	0.007541511451	0.00574394726	99.98671454				-560.7710723			
558.2110723	10	7	83	1								1.222894243	52.60338219	46.17372357	39.67153535	0.2010719457	60.12739271	0.007157123339	0.00558129826	99.98726158				-558.2110723			
555.6510723	10	7	83	1								1.187918804	52.63892063	46.17316056	39.67728388	0.195763324	60.12695279	0.006789033196	0.005421748116	99.98778922				-555.6510723			
553.0910723	10	7	83	1								1.153598384	52.67378504	46.17261657	39.6829368	0.1905430015	60.1265202	0.006436707359	0.005265276983	99.98829802				-553.0910723			
550.5310723	10	7	83	1								1.119929693	52.70797924	46.17209107	39.68849432	0.1854107814	60.1260949	0.00609962341	0.00511186434	99.98878851				-550.5310723			
547.9710723	10	7	83	1								1.086909291	52.74150718	46.17158353	39.69395667	0.1803664425	60.12567689	0.005777270133	0.004961488999	99.98926124				-547.9710723			
545.4110723	10	7	83	1								1.05453359	52.77437295	46.17109346	39.69932413	0.1754097387	60.12526613	0.005469147467	0.004814129115	99.98971672				-545.4110723			
542.8510723	10	7	83	1								1.022798854	52.80658079	46.17062036	39.70459698	0.1705403997	60.12486262	0.005174766454	0.004669762197	99.99015547				-542.8510723			
540.2910723	10	7	83	1								0.9917011951	52.83813506	46.17016374	39.70977554	0.1657581306	60.12446633	0.00489364918	0.004528365117	99.99057799				-540.2910723			
537.7310723	10	7	83	1								0.961236579	52.86904028	46.16972314	39.71486017	0.1610626124	60.12407722	0.004625328715	0.004389914126	99.99098476				-537.7310723			
535.1710723	10	7	83	1								0.9314008213	52.89930109	46.16929809	39.71985123	0.1564535018	60.12369527	0.004369349047	0.004254384862	99.99137627				-535.1710723			
532.6110723	10	7	83	1								0.90218959	52.92892228	46.16888813	39.72474912	0.1519304315	60.12332045	0.00412526501	0.004121752363	99.99175298				-532.6110723			
530.0510723	10	7	83	1								0.8735984054	52.95790876	46.16849284	39.72955426	0.1474930105	60.12295273	0.003892642212	0.003991991079	99.99211537				-530.0510723			
527.4910723	10	7	83	1								0.8456226408	52.98626559	46.16811177	39.7342671	0.1431408238	60.12259208	0.003671056955	0.003865074887	99.99246387				-527.4910723			
524.9310723	10	7	83	1								0.8182575238	53.01399798	46.1677445	39.73888812	0.1388734333	60.12223845	0.003460096152	0.003740977101	99.99279893				-524.9310723			
522.3710723	10	7	83	1								0.7914981372	53.04111124	46.16739062	39.74341782	0.1346903773	60.12189181	0.003259357238	0.003619670487	99.99312097				-522.3710723			
519.8110723	10	7	83	1								0.7653394202	53.06761085	46.16704973	39.74785672	0.1305911713	60.12155211	0.00306844808	0.003501127276	99.99343042				-519.8110723			
517.2510723	10	7	83	1								0.7397761699	53.09350239	46.16672144	39.75220537	0.1265753076	60.12121933	0.00288698688	0.00338531918	99.99372769				-517.2510723			
514.6910723	10	7	83	1								0.7148030429	53.1187916	46.16640536	39.75646434	0.1226422563	60.1208934	0.002714602077	0.003272217403	99.99401318				-514.6910723			
512.1310723	10	7	83	1								0.6904145569	53.14348432	46.16610112	39.76063424	0.1187914649	60.1205743	0.00255093224	0.003161792657	99.99428728				-512.1310723			
509.5710723	10	7	83	1								0.6666050931	53.16758655	46.16580836	39.76471568	0.1150223592	60.12026196	0.002395625965	0.003054015177	99.99455036				-509.5710723			
507.0110723	10	7	83	1								0.6433688974	53.19110439	46.16552671	39.76870932	0.1113343429	60.11995634	0.002248341757	0.002948854738	99.9948028				-507.0110723			
504.4510723	10	7	83	1								0.6207000838	53.21404408	46.16525583	39.77261581	0.1077267986	60.11965739	0.002108747921	0.002846280666	99.99504497				-504.4510723			
501.8910723	10	7	83	1								0.5985926358	53.23641198	46.16499539	39.77643586	0.1041990878	60.11936506	0.00197652244	0.002746261858	99.99527722				-501.8910723			
499.3310723	10	7	83	1								0.5770404094	53.25821454	46.16474505	39.78017017	0.100750551	60.11907928	0.00185135285	0.002648766794	99.99549988				-499.3310723			
496.7710723	10	7	83	1								0.5560371362	53.27945838	46.16450449	39.78381948	0.09738050867	60.11880001	0.00173293612	0.002553763557	99.9957133				-496.7710723			
494.2110723	10	7	83	1								0.5355764256	53.30015018	46.16427339	39.78738455	0.09408826111	60.11852719	0.001620978518	0.002461219847	99.9959178				-494.2110723			
491.6510723	10	7	83	1								0.5156517684	53.32029677	46.16405146	39.79086615	0.0908730891	60.11826076	0.00151519548	0.002371102999	99.9961137				-491.6510723			
489.0910723	10	7	83	1								0.49625654	53.33990507	46.16383839	39.7942651	0.08773425425	60.11800065	0.001415311476	0.002283379997	99.99630131				-489.0910723			
486.5310723	10	7	83	1								0.4773840033	53.3589821	46.1636339	39.7975822	0.08467099939	60.1177468	0.001321059868	0.002198017496	99.99648092				-486.5310723			
483.9710723	10	7	83	1								0.4590273129	53.37753499	46.1634377	39.80081829	0.08168254906	60.11749916	0.001232182771	0.002114981835	99.99665284				-483.9710723			
481.4110723	10	7	83	1								0.4411795184	53.39557096	46.16324952	39.80397425	0.07876810994	60.11725764	0.00114843091	0.002034239056	99.99681733				-481.4110723			
478.8510723	10	7	83	1								0.4238335684	53.41309734	46.16306909	39.80705093	0.07592687132	60.1170222	0.00106956347	0.001955754921	99.99697468				-478.8510723			
476.2910723	10	7	83	1								0.4069823142	53.43012154	46.16289615	39.81004925	0.07315800558	60.11679274	0.0009953479494	0.001879494933	99.99712516				-476.2910723			
473.7310723	10	7	83	1								0.3906185143	53.44665104	46.16273044	39.81297011	0.07046066871	60.11656922	0.0009255600091	0.001805424348	99.99726902				-473.7310723			
471.1710723	10	7	83	1								0.3747348384	53.46269343	46.16257173	39.81581444	0.06783400078	60.11635156	0.000859983317	0.0017335082	99.99740651				-471.1710723			
468.6110723	10	7	83	1								0.359323872	53.47825635	46.16241977	39.8185832	0.0652771265	60.11613967	0.0007984093938	0.001663711315	99.99753788				-468.6110723			
466.0510723	10	7	83	1								0.3443781204	53.49334755	46.16227433	39.82127734	0.06278915574	60.1159335	0.0007406374557	0.001595998328	99.99766336				-466.0510723			
463.4910723	10	7	83	1								0.329890014	53.5079748	46.16213519	39.82389785	0.06036918405	60.11573296	0.0006864742554	0.001530333709	99.99778319				-463.4910723			
460.9310723	10	7	83	1								0.3158519126	53.52214597	46.16200212	39.82644572	0.05801629329	60.11553798	0.0006357339215	0.001466681772	99.99789758				-460.9310723			
458.3710723	10	7	83	1								0.3022561103	53.53586899	46.1618749	39.82892196	0.05572955213	60.11534849	0.0005882377972	0.001405006701	99.99800676				-458.3710723			
455.8110723	10	7	83	1								0.2890948405	53.54915182	46.16175334	39.83132759	0.05350801667	60.11516439	0.000543814277	0.001345272566	99.99811091				-455.8110723			
453.2510723	10	7	83	1								0.276360281	53.56200249	46.16163723	39.83366365	0.05135073104	60.11498562	0.0005022986432	0.001287443343	99.99821026				-453.2510723			
450.6910723	10	7	83	1								0.2640445589	53.57442907	46.16152637	39.83593118	0.04925672798	60.1148121	0.0004635329006	0.001231482931	99.99830498				-450.6910723			
448.1310723	10	7	83	1								0.2521397561	53.58643967	46.16142057	39.83813124	0.04722502946	60.11464373	0.000427365612	0.001177355173	99.99839528				-448.1310723			
445.5710723	10	7	83	1								0.2406379144	53.59804243	46.16131965	39.8402649	0.04525464732	60.11448045	0.0003936517314	0.001125023876	99.99848132				-445.5710723			
443.0110723	10	7	83	1								0.2295310408	53.60924553	46.16122343	39.84233325	0.04334458389	60.11432217	0.0003622524385	0.001074452825	99.99856329				-443.0110723			
440.4510723	10	7	83	1								0.218811113	53.62005715	46.16113173	39.84433737	0.04149383261	60.1141688	0.0003330349723	0.00102560581	99.99864136				-440.4510723			
437.8910723	10	7	83	1								0.2084700847	53.63048553	46.16104439	39.84627836	0.03970137873	60.11402026	0.0003058724645	0.0009784466381	99.99871568				-437.8910723			
435.3310723	10	7	83	1								0.1984998914	53.64053887	46.16096124	39.84815733	0.03796619993	60.11387647	0.0002806437737	0.0009329391556	99.99878642				-435.3310723			
432.7710723	10	7	83	1								0.1888924557	53.65022543	46.16088211	39.84997539	0.03628726695	60.11373734	0.0002572333199	0.0008890472673	99.99885372				-432.7710723			
430.2110723	10	7	83	1								0.1796396928	53.65955344	46.16080686	39.85173367	0.03466354436	60.11360279	0.0002355309187	0.0008467349544	99.99891773				-430.2110723			
427.6510723	10	7	83	1								0.1707335162	53.66853114	46.16073534	39.85343329	0.03309399111	60.11347272	0.0002154316176	0.0008059662941	99.9989786				-427.6510723			
425.0910723	10	7	83	1								0.1621658433	53.67716676	46.1606674	39.85507538	0.03157756132	60.11334706	0.0001968355318	0.000766705478	99.99903646				-425.0910723			
422.5310723	10	7	83	1								0.153928601	53.68546851	46.16060289	39.85666108	0.03011320486	60.11322571	0.0001796476823	0.0007289168311	99.99909144				-422.5310723			
419.9710723	10	7	83	1								0.146013731	53.69344458	46.16054169	39.85819154	0.02869986814	60.11310859	0.0001637778341	0.00069256483	99.99914366				-419.9710723			
417.4110723	10	7	83	1								0.1384131957	53.70110316	46.16048365	39.85966789	0.02733649471	60.11299561	0.0001491403364	0.0006576141218	99.99919325				-417.4110723			
414.8510723	10	7	83	1								0.1311189837	53.70845237	46.16042865	39.86109129	0.02602202601	60.11288668	0.0001356539641	0.000624029542	99.99924032				-414.8510723			
412.2910723	10	7	83	1								0.1241231151	53.71550032	46.16037657	39.86246288	0.02475540205	60.11278172	0.0001232417612	0.000591776133	99.99928498				-412.2910723			
409.7310723	10	7	83	1								0.1174176471	53.72225508	46.16032728	39.8637838	0.02353556207	60.11268064	0.0001118308859	0.0005608191615	99.99932735				-409.7310723			
407.1710723	10	7	83	1								0.1109946794	53.72872466	46.16028066	39.86505522	0.02236144529	60.11258334	0.000101352457	0.0005311241368	99.99936752				-407.1710723			
404.6110723	10	7	83	1								0.1048463596	53.73491703	46.16023661	39.86627826	0.02123199157	60.11248974	9.17414038E-05	0.0005026568279	99.9994056				-404.6110723			
402.0510723	10	7	83	1								0.09896488832	53.7408401	46.16019501	39.8674541	0.02014614212	60.11239976	8.29363169E-05	0.0004753832809	99.99944168				-402.0510723			
399.4910723	10	7	83	1								0.09334252463	53.74650172	46.16015576	39.86858385	0.01910284015	60.11231331	7.487930205E-05	0.000449269836	99.99947585				-399.4910723			
396.9310723	10	7	83	1								0.08797159102	53.75190967	46.16011874	39.86966868	0.01810103162	60.11223029	6.751583627E-05	0.000424283144	99.9995082				-396.9310723			
394.3710723	10	7	83	1								0.08284447852	53.75707165	46.16008387	39.87070971	0.0171396659	60.11215062	6.079462664E-05	0.0004003901833	99.99953882				-394.3710723			
391.8110723	10	7	83	1								0.07795365158	53.7619953	46.16005105	39.87170808	0.0162176964	60.11207422	5.466747172E-05	0.0003775582751	99.99956777				-391.8110723			
389.2510723	10	7	83	1								0.07329165293	53.76668817	46.16002018	39.87266492	0.01533408134	60.112001	4.908912586E-05	0.0003557551001	99.99959516				-389.2510723			
386.6910723	10	7	83	1								0.06885110826	53.77115772	46.15999117	39.87358135	0.01448778435	60.11193087	4.401716633E-05	0.0003349487131	99.99962103				-386.6910723			
384.1310723	10	7	83	1								0.06462473084	53.77541133	46.15996394	39.87445848	0.01367777514	60.11186374	3.941186353E-05	0.0003151075588	99.99964548				-384.1310723			
381.5710723	10	7	83	1								0.06060532595	53.77945628	46.15993839	39.87529743	0.01290303018	60.11179954	3.523605427E-05	0.0002962004858	99.99966856				-381.5710723			
379.0110723	10	7	83	1								0.05678579518	53.78329975	46.15991446	39.87609929	0.01216253334	60.11173818	3.145501811E-05	0.0002781967612	99.99969035				-379.0110723			
376.4510723	10	7	83	1								0.05315914065	53.78694881	46.15989205	39.87686516	0.01145527652	60.11167957	2.803635709E-05	0.0002610660843	99.9997109				-376.4510723			
373.8910723	10	7	83	1								0.04971846897	53.79041043	46.1598711	39.87759611	0.01078026028	60.11162363	2.49498786E-05	0.0002447785999	99.99973027				-373.8910723			
371.3310723	10	7	83	1								0.04645699513	53.79369147	46.15985153	39.87829322	0.01013649445	60.11157028	2.216748171E-05	0.0002293049116	99.99974853				-371.3310723			
368.7710723	10	7	83	1								0.04336804619	53.79679868	46.15983327	39.87895756	0.009522998754	60.11151944	1.966304679E-05	0.0002146160935	99.99976572				-368.7710723			
366.2110723	10	7	83	1								0.04044506478	53.79973868	46.15981625	39.87959016	0.008938803398	60.11147103	1.741232864E-05	0.0002006837029	99.9997819				-366.2110723			
363.6510723	10	7	83	1								0.03768161246	53.80251798	46.15980041	39.88019208	0.008382949641	60.11142497	1.539285305E-05	0.000187479791	99.99979713				-363.6510723			
361.0910723	10	7	83	1								0.03507137292	53.80514295	46.15978568	39.88076433	0.007854490371	60.11138118	1.358381681E-05	0.0001749769142	99.99981144				-361.0910723			
358.5310723	10	7	83	1								0.03260815472	53.80761984	46.159772	39.88130793	0.007352490652	60.11133958	1.196599128E-05	0.0001631481443	99.99982489				-358.5310723			
355.9710723	10	7	83	1								0.03028589444	53.80995479	46.15975932	39.88182388	0.006876028262	60.11130009	1.05216294E-05	0.0001519670783	99.99983751				-355.9710723			
353.4110723	10	7	83	1								0.02809865899	53.81215377	46.15974757	39.88231315	0.006424194214	60.11126265	9.234376301E-06	0.0001414078473	99.99984936				-353.4110723			
350.8510723	10	7	83	1								0.02604064809	53.81422265	46.1597367	39.88277673	0.005996093255	60.11122718	8.089183298E-06	0.0001314451252	99.99986047				-350.8510723			
348.2910723	10	7	83	1								0.02410619639	53.81616713	46.15972667	39.88321556	0.005590844352	60.11119359	7.072225464E-06	0.0001220541366	99.99987087				-348.2910723			
345.7310723	10	7	83	1								0.02228977548	53.81799281	46.15971742	39.88363058	0.005207581158	60.11116183	6.17082262E-06	0.0001132106644	99.99988062				-345.7310723			
343.1710723	10	7	83	1								0.0205859956	53.8197051	46.1597089	39.88402272	0.00484545246	60.11113183	5.373363769E-06	0.0001048910556	99.99988974				-343.1710723			
340.6110723	10	7	83	1								0.01898960724	53.82130932	46.15970107	39.88439288	0.004503622598	60.1111035	4.669234938E-06	9.707222834E-05	99.99989826				-340.6110723			
338.0510723	10	7	83	1								0.01749550239	53.82281061	46.15969389	39.88474194	0.004181271876	60.11107679	4.048750361E-06	8.973167627E-05	99.99990622				-338.0510723			
335.4910723	10	7	83	1								0.01609871571	53.82421398	46.1596873	39.88507078	0.003877596942	60.11105162	3.503086985E-06	8.284747374E-05	99.99991365				-335.4910723			
332.9310723	10	7	83	1								0.01479442535	53.82552429	46.15968129	39.88538025	0.003591811148	60.11102794	3.024222217E-06	7.639827951E-05	99.99992058				-332.9310723			
330.3710723	10	7	83	1								0.01357795369	53.82674625	46.15967579	39.88567118	0.003323144888	60.11100567	2.604874873E-06	7.036333996E-05	99.99992703				-330.3710723			
327.8110723	10	7	83	1								0.01244476775	53.82788444	46.15967079	39.88594439	0.003070845909	60.11098477	2.238449248E-06	6.472249161E-05	99.99993304				-327.8110723			
325.2510723	10	7	83	1								0.0113904794	53.82894328	46.15966624	39.88620067	0.002834179601	60.11096516	1.918982245E-06	5.945616289E-05	99.99993862				-325.2510723			
322.6910723	10	7	83	1								0.01041084542	53.82992704	46.15966212	39.88644079	0.002612429261	60.11094678	1.641093481E-06	5.454537515E-05	99.99994381				-322.6910723			
320.1310723	10	7	83	1								0.009501767249	53.83083985	46.15965838	39.88666552	0.002404896329	60.11092958	1.399938301E-06	4.997174301E-05	99.99994863				-320.1310723			
317.5710723	10	7	83	1								0.008659290583	53.8316857	46.15965501	39.88687559	0.002210900601	60.11091351	1.191163599E-06	4.571747388E-05	99.99995309				-317.5710723			
315.0110723	10	7	83	1								0.007879604746	53.83246842	46.15965197	39.88707172	0.002029780413	60.1108985	1.010866371E-06	4.176536684E-05	99.99995722				-315.0110723			
312.4510723	10	7	83	1								0.007159041839	53.83319171	46.15964924	39.88725461	0.0018608928	60.1108845	8.555549136E-07	3.809881069E-05	99.99996105				-312.4510723			
309.8910723	10	7	83	1								0.006494075689	53.83385913	46.1596468	39.88742492	0.001703613626	60.11087147	7.221125562E-07	3.470178135E-05	99.99996458				-309.8910723			
307.3310723	10	7	83	1								0.005881320602	53.83447407	46.15964461	39.88758332	0.001557337688	60.11085935	6.07763851E-07	3.15588384E-05	99.99996783				-307.3310723			
304.7710723	10	7	83	1								0.005317529907	53.8350398	46.15964267	39.88773043	0.001421478787	60.11084809	5.100431113E-07	2.865512107E-05	99.99997083				-304.7710723			
302.2110723	10	7	83	1								0.004799594321	53.83555947	46.15964094	39.88786688	0.001295469779	60.11083765	4.267652044E-07	2.597634333E-05	99.9999736				-302.2110723			
300	10	7	83	1								0.004386871122	53.83597352	46.1596396	39.88797661	0.001194141794	60.11082925	3.649720779E-07	2.383316982E-05	99.9999758				-300			
