T	w(AL)	w(MG)	w(SI)	fs	fw(@FCC_A1)	w(AL@FCC_A1)	w(MG@FCC_A1)	w(SI@FCC_A1)	w(AL@LIQUID)	w(MG@LIQUID)	w(SI@LIQUID)	w(AL@MG2SI)	w(MG@MG2SI)	w(SI@MG2SI)	w(AL@DIAMOND_A4)	w(MG@DIAMOND_A4)	w(SI@DIAMOND_A4)	dwdT_L(AL@LIQUID)	dwdT_L(MG@LIQUID)	dwdT_L(SI@LIQUID)	-T	fw(@FCC_A1)_1	-T//fw(@FCC_A1)	
K	%	%	%	mole/mole	kg/kg	%	%	%	%	%	%	%	%	%	%	%	%	SI	SI	SI				
868.4738353	87	6	7	0	0	98.15109163	1.238602339	0.6103060309	87	6	7							0.002155538041	-0.0009203896686	-0.001235148372	-868.4738353	0	25.8190043999888	
868.4638353	87	6	7	0.0001928329029	0.0001933410909	98.1509155	1.238688722	0.6103957746	86.99784542	6.000920044	7.001234532							0	0	0	-868.4638353	0.0001933410909	77.6251207307948	
868.4438353	87	6	7	0.000578261445	0.0003865566081	98.15056327	1.238861498	0.6105752304	86.99353318	6.002761307	7.003705509							0	0	0	-868.4438353	0.0003865566081	103.564524433289	
868.4038353	87	6	7	0.001348175344	0.0007723936873	98.14985914	1.239206717	0.6109341434	86.98491005	6.006443261	7.008646687							0	0	0	-868.4038353	0.0007723936873	103.721658914689	
868.3238353	87	6	7	0.002884983689	0.001542932689	98.14845183	1.239896266	0.6116519005	86.96766126	6.013808166	7.018530575							0	0	0	-868.3238353	0.001542932689	-38110.6413971136	
868.2438353	87	6	7	0.00441717387	0.001540827772	98.14704629	1.240584201	0.6123695106	86.95040916	6.021174234	7.028416603							0	0	0	-868.2438353	0.001540827772	-40413.06482719	
868.1638353	87	6	7	0.005945137783	0.001538948172	98.14564236	1.241270661	0.6130869797	86.93315372	6.028541598	7.038304684							0	0	0	-868.1638353	0.001538948172	-42622.0183829253	
868.0838353	87	6	7	0.007468892858	0.001537073829	98.14424004	1.241955649	0.6138043081	86.91589492	6.035910263	7.048194821							0	0	0	-868.0838353	0.001537073829	-42734.9242557708	
868.0038353	87	6	7	0.008988455894	0.00153520415	98.14283934	1.242639164	0.6145214959	86.89863276	6.043280229	7.058087013							0	0	0	-868.0038353	0.00153520415	-42841.5931081273	
867.9238353	87	6	7	0.01050384362	0.001533339129	98.14144025	1.243321208	0.6152385432	86.88136724	6.050651499	7.06798126							0	0	0	-867.9238353	0.001533339129	-42948.5184175422	
867.8438353	87	6	7	0.01201507266	0.001531478748	98.14004277	1.244001783	0.61595545	86.86409837	6.058024075	7.07787756							0	0	0	-867.8438353	0.001531478748	-43055.5966229849	
867.7638353	87	6	7	0.01352215958	0.001529622992	98.13864689	1.244680889	0.6166722163	86.84682613	6.065397957	7.087775913							0	0	0	-867.7638353	0.001529622992	-43162.8139626536	
867.6838353	87	6	7	0.01502512083	0.001527771842	98.13725263	1.245358528	0.6173888422	86.82955054	6.072773147	7.097676318							0	0	0	-867.6838353	0.001527771842	-43270.1572248633	
867.6038353	87	6	7	0.0165239728	0.001525925282	98.13585997	1.2460347	0.6181053278	86.81227158	6.080149648	7.107578773							0	0	0	-867.6038353	0.001525925282	-43377.6475834803	
867.5238353	87	6	7	0.01801873177	0.001524083295	98.13446892	1.246709408	0.6188216731	86.79498926	6.08752746	7.117483279							0	0	0	-867.5238353	0.001524083295	-43485.2596077817	
867.4438353	87	6	7	0.01950941397	0.001522245863	98.13307947	1.247382651	0.6195378782	86.77770358	6.094906585	7.127389833							0	0	0	-867.4438353	0.001522245863	-43593.0151162814	
867.3638353	87	6	7	0.0209960355	0.001520412971	98.13169163	1.248054431	0.620253943	86.76041454	6.102287026	7.137298436							0	0	0	-867.3638353	0.001520412971	-43700.9239064715	
867.2838353	87	6	7	0.02247861242	0.001518584602	98.13030538	1.248724749	0.6209698677	86.74312213	6.109668783	7.147209086							0	0	0	-867.2838353	0.001518584602	-43808.9604104851	
867.2038353	87	6	7	0.02395716068	0.001516760739	98.12892074	1.249393606	0.6216856524	86.72582636	6.117051858	7.157121783							0	0	0	-867.2038353	0.001516760739	-43917.1225532479	
867.1238353	87	6	7	0.02543169615	0.001514941365	98.1275377	1.250061004	0.6224012969	86.70852722	6.124436253	7.167036526							0	0	0	-867.1238353	0.001514941365	-44025.432579267	
867.0438353	87	6	7	0.02690223464	0.001513126465	98.12615626	1.250726943	0.6231168015	86.69122472	6.13182197	7.176953313							0	0	0	-867.0438353	0.001513126465	-44133.8762445562	
866.9638353	87	6	7	0.02836879186	0.001511316021	98.12477641	1.251391425	0.6238321661	86.67391885	6.139209009	7.186872144							0	0	0	-866.9638353	0.001511316021	-44242.4519303761	
866.8838353	87	6	7	0.02983138343	0.001509510018	98.12339816	1.252054451	0.6245473909	86.65660961	6.146597373	7.196793019							0	0	0	-866.8838353	0.001509510018	-44351.1696270155	
866.8038353	87	6	7	0.03129002491	0.001507708439	98.1220215	1.252716021	0.6252624758	86.639297	6.153987063	7.206715936							0	0	0	-866.8038353	0.001507708439	-44460.0277253826	
866.7238353	87	6	7	0.03274473177	0.001505911269	98.12064644	1.253376137	0.6259774209	86.62198103	6.161378081	7.216640894							0	0	0	-866.7238353	0.001505911269	-44569.0116325683	
866.6438353	87	6	7	0.0341955194	0.00150411849	98.11927297	1.254034801	0.6266922262	86.60466168	6.168770428	7.226567893							0	0	0	-866.6438353	0.00150411849	-44678.1321652242	
866.5638353	87	6	7	0.03564240312	0.001502330088	98.1179011	1.254692012	0.6274068919	86.58733896	6.176164106	7.236496932							0	0	0	-866.5638353	0.001502330088	-44787.399506457	
866.4838353	87	6	7	0.03708539816	0.001500546046	98.11653081	1.255347773	0.6281214179	86.57001287	6.183559116	7.246428009							0	0	0	-866.4838353	0.001500546046	-44896.7995927689	
866.4038353	87	6	7	0.03852451968	0.001498766349	98.11516211	1.256002084	0.6288358044	86.55268341	6.190955461	7.256361125							0	0	0	-866.4038353	0.001498766349	-45006.3429202951	
866.3238353	87	6	7	0.03995978277	0.001496990981	98.113795	1.256654947	0.6295500513	86.53535058	6.19835314	7.266296278							0	0	0	-866.3238353	0.001496990981	-45116.0022240711	
866.2438353	87	6	7	0.04139120242	0.001495219925	98.11242948	1.257306363	0.6302641587	86.51801437	6.205752158	7.276233468							0	0	0	-866.2438353	0.001495219925	-45225.8139464312	
866.1638353	87	6	7	0.04281879356	0.001493453168	98.11106554	1.257956332	0.6309781267	86.50067479	6.213152513	7.286172693							0	0	0	-866.1638353	0.001493453168	-45335.7629965538	
866.0838353	87	6	7	0.04424257104	0.001491690692	98.10970319	1.258604856	0.6316919554	86.48333184	6.220554209	7.296113953							0	0	0	-866.0838353	0.001491690692	-45445.8351278994	
866.0038353	87	6	7	0.04566254965	0.001489932483	98.10834242	1.259251936	0.6324056446	86.46598551	6.227957247	7.306057248							0	0	0	-866.0038353	0.001489932483	-45556.0668303929	
865.9238353	87	6	7	0.04707874407	0.001488178526	98.10698323	1.259897573	0.6331191947	86.4486358	6.235361628	7.316002575							0	0	0	-865.9238353	0.001488178526	-45666.4173656469	
865.8438353	87	6	7	0.04849116894	0.001486428804	98.10562563	1.260541768	0.6338326055	86.43128271	6.242767354	7.325949935							0	0	0	-865.8438353	0.001486428804	-45776.8979813979	
865.7638353	87	6	7	0.04989983881	0.001484683303	98.1042696	1.261184522	0.6345458771	86.41392625	6.250174426	7.335899326							0	0	0	-865.7638353	0.001484683303	-45887.5327448856	
865.6838353	87	6	7	0.05130476816	0.001482942008	98.10291515	1.261825837	0.6352590096	86.3965664	6.257582847	7.345850749							0	0	0	-865.6838353	0.001482942008	-45998.3068487158	
865.6038353	87	6	7	0.0527059714	0.001481204904	98.10156228	1.262465713	0.635972003	86.37920318	6.264992616	7.355804201							0	0	0	-865.6038353	0.001481204904	-46109.2050795298	
865.5238353	87	6	7	0.05410346285	0.001479471975	98.10021099	1.263104152	0.6366848574	86.36183658	6.272403737	7.365759683							0	0	0	-865.5238353	0.001479471975	-46220.2254859846	
865.4438353	87	6	7	0.05549725678	0.001477743206	98.09886127	1.263741155	0.6373975729	86.3444666	6.27981621	7.375717193							0	0	0	-865.4438353	0.001477743206	-46331.4062765106	
865.3638353	87	6	7	0.05688736739	0.001476018584	98.09751313	1.264376722	0.6381101494	86.32709323	6.287230037	7.38567673							0	0	0	-865.3638353	0.001476018584	-46442.7320967443	
865.2838353	87	6	7	0.05827380878	0.001474298093	98.09616656	1.265010855	0.6388225871	86.30971649	6.29464522	7.395638295							0	0	0	-865.2838353	0.001474298093	-46554.1607336245	
865.2038353	87	6	7	0.05965659501	0.001472581717	98.09482156	1.265643555	0.639534886	86.29233636	6.30206176	7.405601885							0	0	0	-865.2038353	0.001472581717	-46665.7445120093	
865.1238353	87	6	7	0.06103574004	0.001470869444	98.09347813	1.266274824	0.6402470461	86.27495284	6.309479658	7.415567501							0	0	0	-865.1238353	0.001470869444	-46777.481287876	
865.0438353	87	6	7	0.0624112578	0.001469161258	98.09213627	1.266904661	0.6409590675	86.25756594	6.316898916	7.425535141							0	0	0	-865.0438353	0.001469161258	-46889.3285151658	
864.9638353	87	6	7	0.06378316212	0.001467457144	98.09079598	1.267533069	0.6416709503	86.24017566	6.324319536	7.435504805							0	0	0	-864.9638353	0.001467457144	-47001.3115468662	
864.8838353	87	6	7	0.06515146676	0.001465757088	98.08945726	1.268160048	0.6423826945	86.22278199	6.331741518	7.445476492							0	0	0	-864.8838353	0.001465757088	-47113.4422967178	
864.8038353	87	6	7	0.06651618543	0.001464061076	98.0881201	1.2687856	0.6430943001	86.20538493	6.339164866	7.455450201							0	0	0	-864.8038353	0.001464061076	-47225.7050387386	
864.7238353	87	6	7	0.06787733176	0.001462369093	98.08678451	1.269409725	0.6438057672	86.18798449	6.346589579	7.465425931							0	0	0	-864.7238353	0.001462369093	-47338.1120342128	
864.6438353	87	6	7	0.0692349193	0.001460681126	98.08545048	1.270032425	0.6445170959	86.17058066	6.354015659	7.475403682							0	0	0	-864.6438353	0.001460681126	-47450.661248696	
864.5638353	87	6	7	0.07058896157	0.00145899716	98.08411801	1.270653701	0.6452282863	86.15317344	6.361443109	7.485383453							0	0	0	-864.5638353	0.00145899716	-47563.3227436981	
864.4838353	87	6	7	0.07193947198	0.00145731718	98.08278711	1.271273554	0.6459393383	86.13576283	6.368871929	7.495365243							0	0	0	-864.4838353	0.00145731718	-47676.1371204694	
864.4038353	87	6	7	0.07328646391	0.001455641174	98.08145776	1.271891984	0.646650252	86.11834883	6.376302121	7.505349052							0	0	0	-864.4038353	0.001455641174	-47789.0879943659	
864.3238353	87	6	7	0.07462995064	0.001453969126	98.08012998	1.272508994	0.6473610275	86.10093144	6.383733686	7.515334877							0	0	0	-864.3238353	0.001453969126	-47902.1596292636	
864.2438353	87	6	7	0.0759699454	0.001452301023	98.07880375	1.273124584	0.6480716648	86.08351065	6.391166626	7.52532272							0	0	0	-864.2438353	0.001452301023	-48015.3784795536	
864.1638353	87	6	7	0.07730646137	0.001450636851	98.07747908	1.273738755	0.648782164	86.06608648	6.398600942	7.535312579							0	0	0	-864.1638353	0.001450636851	-48128.7429690749	
864.0838353	87	6	7	0.07863951165	0.001448976597	98.07615597	1.274351508	0.6494925251	86.04865891	6.406036636	7.545304453							0	0	0	-864.0838353	0.001448976597	-48242.2366123162	
864.0038353	87	6	7	0.07996910926	0.001447320246	98.07483441	1.274962845	0.6502027483	86.03122795	6.413473709	7.555298341							0	0	0	-864.0038353	0.001447320246	-48355.8577182771	
863.9238353	87	6	7	0.08129526719	0.001445667785	98.0735144	1.275572767	0.6509128334	86.01379359	6.420912163	7.565294244							0	0	0	-863.9238353	0.001445667785	-48469.6335272737	
863.8438353	87	6	7	0.08261799834	0.001444019201	98.07219595	1.276181274	0.6516227807	85.99635584	6.428351999	7.575292159							0	0	0	-863.8438353	0.001444019201	-48583.5327962252	
863.7638353	87	6	7	0.08393731555	0.001442374479	98.07087904	1.276788368	0.6523325901	85.9789147	6.435793218	7.585292087							0	0	0	-863.7638353	0.001442374479	-48697.5537628587	
863.6838353	87	6	7	0.0852532316	0.001440733606	98.06956369	1.277394049	0.6530422617	85.96147015	6.443235822	7.595294026							0	0	0	-863.6838353	0.001440733606	-48811.7389684944	
863.6038353	87	6	7	0.08656575922	0.00143909657	98.06824988	1.27799832	0.6537517956	85.94402221	6.450679812	7.605297977							0	0	0	-863.6038353	0.00143909657	-48926.0567507793	
863.5238353	87	6	7	0.08787491106	0.001437463356	98.06693763	1.27860118	0.6544611918	85.92657087	6.458125191	7.615303937							0	0	0	-863.5238353	0.001437463356	-49040.4905242986	
863.4438353	87	6	7	0.08918069972	0.001435833951	98.06562692	1.279202632	0.6551704503	85.90911614	6.465571958	7.625311907							0	0	0	-863.4438353	0.001435833951	-49155.0682142528	
863.3638353	87	6	7	0.09048313773	0.001434208342	98.06431775	1.279802676	0.6558795713	85.891658	6.473020116	7.635321885							0	0	0	-863.3638353	0.001434208342	-49269.7880796899	
863.2838353	87	6	7	0.09178223756	0.001432586516	98.06301013	1.280401313	0.6565885547	85.87419646	6.480469666	7.645333871							0	0	0	-863.2838353	0.001432586516	-49384.64835639	
863.2038353	87	6	7	0.09307801162	0.00143096846	98.06170406	1.280998544	0.6572974007	85.85673153	6.48792061	7.655347865							0	0	0	-863.2038353	0.00143096846	-49499.6472570461	
863.1238353	87	6	7	0.09437047226	0.001429354161	98.06039952	1.281594371	0.6580061092	85.83926319	6.495372948	7.665363865							0	0	0	-863.1238353	0.001429354161	-49614.7675141825	
863.0438353	87	6	7	0.09565963178	0.001427743605	98.05909653	1.282188794	0.6587146804	85.82179145	6.502826683	7.67538187							0	0	0	-863.0438353	0.001427743605	-49730.0227497052	
862.9638353	87	6	7	0.09694550241	0.00142613678	98.05779507	1.282781815	0.6594231143	85.8043163	6.510281815	7.685401881							0	0	0	-862.9638353	0.00142613678	-49845.426419177	
862.8838353	87	6	7	0.09822809631	0.001424533673	98.05649515	1.283373434	0.6601314109	85.78683776	6.517738346	7.695423896							0	0	0	-862.8838353	0.001424533673	-49960.9613269775	
862.8038353	87	6	7	0.0995074256	0.001422934271	98.05519678	1.283963654	0.6608395703	85.76935581	6.525196278	7.705447914							0	0	0	-862.8038353	0.001422934271	-50076.6413126489	
862.7238353	87	6	7	0.1007835023	0.001421338562	98.05389993	1.284552474	0.6615475925	85.75187045	6.532655612	7.715473936							0	0	0	-862.7238353	0.001421338562	-50192.4487012772	
862.6438353	87	6	7	0.1020563385	0.001419746532	98.05260463	1.285139896	0.6622554777	85.73438169	6.540116348	7.72550196							0	0	0	-862.6438353	0.001419746532	-50308.3818298592	
862.5638353	87	6	7	0.1033259461	0.001418158169	98.05131085	1.285725921	0.6629632258	85.71688953	6.54757849	7.735531985							0	0	0	-862.5638353	0.001418158169	-50424.4543941869	
862.4838353	87	6	7	0.1045923369	0.00141657346	98.05001861	1.28631055	0.6636708369	85.69939395	6.555042037	7.745564011							0	0	0	-862.4838353	0.00141657346	-50540.664758443	
862.4038353	87	6	7	0.1058555228	0.001414992393	98.0487279	1.286893784	0.6643783111	85.68189497	6.562506992	7.755598037							0	0	0	-862.4038353	0.001414992393	-50657.0270829153	
862.3238353	87	6	7	0.1071155155	0.001413414956	98.04743873	1.287475625	0.6650856484	85.66439258	6.569973356	7.765634062							0	0	0	-862.3238353	0.001413414956	-50773.5235748421	
862.2438353	87	6	7	0.1083723268	0.001411841136	98.04615108	1.288056073	0.6657928489	85.64688678	6.577441129	7.775672086							0	0	0	-862.2438353	0.001411841136	-50890.136270651	
862.1638353	87	6	7	0.1096259683	0.00141027092	98.04486496	1.28863513	0.6664999126	85.62937758	6.584910314	7.785712108							0	0	0	-862.1638353	0.00141027092	-51006.8957433892	
862.0838353	87	6	7	0.1108764517	0.001408704297	98.04358037	1.289212795	0.6672068396	85.61186496	6.592380912	7.795754127							0	0	0	-862.0838353	0.001408704297	-51123.8000211513	
862.0038353	87	6	7	0.1121237883	0.001407141254	98.0422973	1.289789072	0.6679136299	85.59434893	6.599852924	7.805798143							0	0	0	-862.0038353	0.001407141254	-51240.8147353818	
861.9238353	87	6	7	0.1133679898	0.001405581778	98.04101576	1.29036396	0.6686202836	85.57682949	6.607326352	7.815844154							0	0	0	-861.9238353	0.001405581778	-51357.9873979901	
861.8438353	87	6	7	0.1146090676	0.001404025859	98.03973574	1.290937461	0.6693268008	85.55930664	6.614801197	7.825892161							0	0	0	-861.8438353	0.001404025859	-51475.2994054319	
861.7638353	87	6	7	0.115847033	0.001402473483	98.03845724	1.291509576	0.6700331815	85.54178038	6.62227746	7.835942162							0	0	0	-861.7638353	0.001402473483	-51592.7161720802	
861.6838353	87	6	7	0.1170818974	0.001400924638	98.03718027	1.292080305	0.6707394257	85.5242507	6.629755142	7.845994157							0	0	0	-861.6838353	0.001400924638	-51710.3023060152	
861.6038353	87	6	7	0.1183136721	0.001399379314	98.03590482	1.292649651	0.6714455335	85.50671761	6.637234245	7.856048146							0	0	0	-861.6038353	0.001399379314	-51828.0224198301	
861.5238353	87	6	7	0.1195423682	0.001397837497	98.03463088	1.293217613	0.672151505	85.4891811	6.644714771	7.866104126							0	0	0	-861.5238353	0.001397837497	-51945.8583487939	
861.4438353	87	6	7	0.1207679969	0.001396299176	98.03335847	1.293784194	0.6728573402	85.47164118	6.65219672	7.876162099							0	0	0	-861.4438353	0.001396299176	-52063.8415855807	
861.3638353	87	6	7	0.1219905693	0.001394764339	98.03208757	1.294349394	0.6735630392	85.45409784	6.659680094	7.886222062							0	0	0	-861.3638353	0.001394764339	-52181.9535394651	
861.2838353	87	6	7	0.1232100965	0.001393232974	98.03081818	1.294913214	0.674268602	85.43655109	6.667164895	7.896284016							0	0	0	-861.2838353	0.001393232974	-52300.2094816695	
861.2038353	87	6	7	0.1244265895	0.00139170507	98.02955032	1.295475655	0.6749740287	85.41900092	6.674651123	7.90634796							0	0	0	-861.2038353	0.00139170507	-52418.5903144075	
861.1238353	87	6	7	0.1256400593	0.001390180614	98.02828396	1.296036719	0.6756793193	85.40144733	6.68213878	7.916413893							0	0	0	-861.1238353	0.001390180614	-52537.1117287572	
861.0438353	87	6	7	0.1268505166	0.001388659596	98.02701912	1.296596407	0.6763844739	85.38389032	6.689627867	7.926481814							0	0	0	-861.0438353	0.001388659596	-52655.7889280655	
860.9638353	87	6	7	0.1280579725	0.001387142004	98.02575579	1.297154718	0.6770894925	85.36632989	6.697118385	7.936551723							0	0	0	-860.9638353	0.001387142004	-52774.585728717	
860.8838353	87	6	7	0.1292624376	0.001385627826	98.02449397	1.297711656	0.6777943753	85.34876604	6.704610337	7.946623619							0	0	0	-860.8838353	0.001385627826	-52893.5001144411	
860.8038353	87	6	7	0.1304639228	0.00138411705	98.02323366	1.29826722	0.6784991222	85.33119878	6.712103722	7.956697502							0	0	0	-860.8038353	0.00138411705	-53012.5653320745	
860.7238353	87	6	7	0.1316624387	0.001382609666	98.02197485	1.298821412	0.6792037333	85.31362809	6.719598544	7.96677337							0	0	0	-860.7238353	0.001382609666	-53131.7794767593	
860.6438353	87	6	7	0.132857996	0.001381105662	98.02071756	1.299374233	0.6799082087	85.29605398	6.727094801	7.976851223							0	0	0	-860.6438353	0.001381105662	-53251.123451622	
860.5638353	87	6	7	0.1340506053	0.001379605027	98.01946177	1.299925684	0.6806125483	85.27847644	6.734592497	7.986931061							0	0	0	-860.5638353	0.001379605027	-53370.5952274352	
860.4838353	87	6	7	0.135240277	0.001378107749	98.01820748	1.300475766	0.6813167524	85.26089549	6.742091632	7.997012882							0	0	0	-860.4838353	0.001378107749	-53490.1930701854	
860.4038353	87	6	7	0.1364270218	0.001376613817	98.0169547	1.30102448	0.6820208209	85.2433111	6.749592208	8.007096687							0	0	0	-860.4038353	0.001376613817	-53609.950989836	
860.3238353	87	6	7	0.13761085	0.001375123221	98.01570342	1.301571826	0.6827247538	85.2257233	6.757094226	8.017182474							0	0	0	-860.3238353	0.001375123221	-53729.831122186	
860.2438353	87	6	7	0.1387917721	0.001373635948	98.01445364	1.302117808	0.6834285513	85.20813207	6.764597687	8.027270243							0	0	0	-860.2438353	0.001373635948	-53849.8319891572	
860.1638353	87	6	7	0.1399697984	0.001372151988	98.01320536	1.302662424	0.6841322134	85.19053741	6.772102592	8.037359993							0	0	0	-860.1638353	0.001372151988	-53969.9876944146	
860.0838353	87	6	7	0.1411449392	0.00137067133	98.01195858	1.303205677	0.6848357401	85.17293933	6.779608943	8.047451724							0	0	0	-860.0838353	0.00137067133	-54090.2601454391	
860.0038353	87	6	7	0.1423172048	0.001369193962	98.0107133	1.303747567	0.6855391315	85.15533782	6.787116742	8.057545434							0	0	0	-860.0038353	0.001369193962	-54210.6843740584	
859.9238353	87	6	7	0.1434866053	0.001367719875	98.00946952	1.304288095	0.6862423877	85.13773289	6.794625988	8.067641124							0	0	0	-859.9238353	0.001367719875	-54331.2583292	
859.8438353	87	6	7	0.144653151	0.001366249057	98.00822723	1.304827263	0.6869455086	85.12012452	6.802136684	8.077738792							0	0	0	-859.8438353	0.001366249057	-54451.9436922927	
859.7638353	87	6	7	0.1458168519	0.001364781497	98.00698643	1.305365072	0.6876484945	85.10251273	6.809648831	8.087838439							0	0	0	-859.7638353	0.001364781497	-54572.7755947691	
859.6838353	87	6	7	0.1469777181	0.001363317185	98.00574713	1.305901523	0.6883513452	85.08489751	6.81716243	8.097940062							0	0	0	-859.6838353	0.001363317185	-54693.7334678385	
859.6038353	87	6	7	0.1481357597	0.001361856109	98.00450932	1.306436616	0.6890540609	85.06727886	6.824677482	8.108043663							0	0	0	-859.6038353	0.001361856109	-54814.8346097815	
859.5238353	87	6	7	0.1492909865	0.00136039826	98.00327301	1.306970352	0.6897566417	85.04965677	6.832193989	8.118149239							0	0	0	-859.5238353	0.00136039826	-54936.0768557538	
859.4438353	87	6	7	0.1504434085	0.001358943626	98.00203818	1.307502734	0.6904590875	85.03203126	6.839711951	8.128256791							0	0	0	-859.4438353	0.001358943626	-55057.4209577248	
859.3638353	87	6	7	0.1515930357	0.001357492196	98.00080484	1.308033762	0.6911613984	85.01440231	6.847231371	8.138366317							0	0	0	-859.3638353	0.001357492196	-55178.9218772009	
859.2838353	87	6	7	0.1527398778	0.001356043961	97.99957299	1.308563436	0.6918635745	84.99676993	6.854752249	8.148477818							0	0	0	-859.2838353	0.001356043961	-55122.068888427	
859.2438353	87	6	7	0.1533123198	0.0006778591506	97.99895772	1.308827697	0.692214581	84.98795242	6.858513341	8.153534234							0	0	0	-859.2438353	0.0006778591506	-58.9855173731591	
859.2238353	87	6	7	0.1535982359	0.0003388059289	97.99865012	1.30895979	0.6923900933	84.98354336	6.860393997	8.156062644							0	0	0	-859.2238353	0.0003388059289	-188.545549802074	
859.2038353	87	6	7	0.1544657195	0.000921980709	97.99867598	1.308503359	0.6928206604	84.98010492	6.859818602	8.160076476	0	63.38009805	36.61990195				0	0	0	-859.2038353	0.000921980709	39.1767779743838	
859.1838353	87	6	7	0.1557952112	0.001386401113	97.99896797	1.307576388	0.693455642	84.9774399	6.857279072	8.165281025	0	63.38009805	36.61990195				0	0	0	-859.1838353	0.001386401113	39.5378838247724	
859.1438353	87	6	7	0.158438764	0.002760958871	97.99954797	1.305727618	0.694724414	84.97211369	6.852211897	8.175674416	0	63.38009805	36.61990195				0	0	0	-859.1438353	0.002760958871	29.2247505424898	
859.0638353	87	6	7	0.1636649291	0.005475529937	98.00069338	1.302048622	0.6972579956	84.96146544	6.842124881	8.196409674	0	63.38009805	36.61990195				0	0	0	-859.0638353	0.005475529937	-1614.57154794876	
858.9838353	87	6	7	0.1688101812	0.005425024362	98.00181927	1.298394293	0.6997864332	84.95082237	6.832100298	8.217077332	0	63.38009805	36.61990195				0	0	0	-858.9838353	0.005425024362	-1617.22081931834	
858.9038353	87	6	7	0.1738779289	0.005376514371	98.00292592	1.294764274	0.70230981	84.94018445	6.822137232	8.237678318	0	63.38009805	36.61990195				0	0	0	-858.9038353	0.005376514371	-1664.62072290657	
858.8238353	87	6	7	0.1788700395	0.005328890053	98.00401358	1.291158216	0.7048282073	84.92955167	6.812234789	8.258213538	0	63.38009805	36.61990195				0	0	0	-858.8238353	0.005328890053	-1695.43832498801	
858.7438353	87	6	7	0.1837883192	0.005282127751	98.00508251	1.287575781	0.7073417049	84.91892402	6.802392099	8.278683877	0	63.38009805	36.61990195				0	0	0	-858.7438353	0.005282127751	-1726.54265368234	
858.6638353	87	6	7	0.1886345154	0.005236204128	98.00613298	1.284016636	0.7098503804	84.90830149	6.792608308	8.299090199	0	63.38009805	36.61990195				0	0	0	-858.6638353	0.005236204128	-1757.92433664282	
858.5838353	87	6	7	0.1934103186	0.005191096685	98.00716523	1.280480455	0.7123543101	84.89768406	6.782882585	8.319433352	0	63.38009805	36.61990195				0	0	0	-858.5838353	0.005191096685	-1789.58322809803	
858.5038353	87	6	7	0.1981173649	0.00514678372	98.00817951	1.276966923	0.714853568	84.88707172	6.773214114	8.339714163	0	63.38009805	36.61990195				0	0	0	-858.5038353	0.00514678372	-1821.5191727738	
858.4238353	87	6	7	0.2027572385	0.005103244296	98.00917604	1.273475728	0.717348227	84.87646446	6.7636021	8.359933439	0	63.38009805	36.61990195				0	0	0	-858.4238353	0.005103244296	-1853.7320866976	
858.3438353	87	6	7	0.2073314735	0.005060458208	98.01015507	1.270006568	0.7198383579	84.86586226	6.754045766	8.380091972	0	63.38009805	36.61990195				0	0	0	-858.3438353	0.005060458208	-1886.221800219	
858.2638353	87	6	7	0.2118415559	0.005018405947	98.01111683	1.266559144	0.7223240301	84.85526511	6.74454435	8.400190536	0	63.38009805	36.61990195				0	0	0	-858.2638353	0.005018405947	-1918.98816020405	
858.1838353	87	6	7	0.2162889256	0.004977068675	98.01206152	1.263133168	0.7248053115	84.844673	6.735097108	8.420229887	0	63.38009805	36.61990195				0	0	0	-858.1838353	0.004977068675	-1952.03106322945	
858.1038353	87	6	7	0.2206749785	0.004936428194	98.01298938	1.259728355	0.7272822686	84.83408592	6.725703313	8.440210767	0	63.38009805	36.61990195				0	0	0	-858.1038353	0.004936428194	-1985.3503505106	
858.0238353	87	6	7	0.2250010674	0.004896466919	98.01390061	1.256344427	0.7297549661	84.82350385	6.716362252	8.4601339	0	63.38009805	36.61990195				0	0	0	-858.0238353	0.004896466919	-2018.94593046359	
857.9438353	87	6	7	0.2292685046	0.004857167855	98.01479542	1.252981113	0.7322234678	84.81292678	6.707073227	8.479999996	0	63.38009805	36.61990195				0	0	0	-857.9438353	0.004857167855	-2052.81763236737	
857.8638353	87	6	7	0.2334785628	0.004818514567	98.01567402	1.249638145	0.7346878357	84.80235469	6.697835558	8.49980975	0	63.38009805	36.61990195				0	0	0	-857.8638353	0.004818514567	-2086.96536271338	
857.7838353	87	6	7	0.2376324769	0.004780491165	98.01653661	1.246315263	0.7371481308	84.79178758	6.688648574	8.519563843	0	63.38009805	36.61990195				0	0	0	-857.7838353	0.004780491165	-2121.38896667747	
857.7038353	87	6	7	0.2417314455	0.004743082272	98.01738337	1.243012213	0.7396044125	84.78122544	6.679511623	8.539262941	0	63.38009805	36.61990195				0	0	0	-857.7038353	0.004743082272	-2156.08827601067	
857.6238353	87	6	7	0.2457766319	0.004706273012	98.01821452	1.239728743	0.7420567394	84.77066824	6.670424064	8.558907698	0	63.38009805	36.61990195				0	0	0	-857.6238353	0.004706273012	-2191.0632222599	
857.5438353	87	6	7	0.2497691656	0.004670048985	98.01903022	1.236464608	0.7445051684	84.76011598	6.661385269	8.578498753	0	63.38009805	36.61990195				0	0	0	-857.5438353	0.004670048985	-2226.31365891353	
857.4638353	87	6	7	0.2537101438	0.00463439625	98.01983067	1.23321957	0.7469497557	84.74956864	6.652394624	8.598036733	0	63.38009805	36.61990195				0	0	0	-857.4638353	0.00463439625	-2261.83947016691	
857.3838353	87	6	7	0.2576006322	0.004599301306	98.02061605	1.229993391	0.7493905559	84.73902622	6.643451526	8.617522254	0	63.38009805	36.61990195				0	0	0	-857.3838353	0.004599301306	-2297.64045435239	
857.3038353	87	6	7	0.2614416663	0.004564751073	98.02138653	1.226785843	0.7518276229	84.7284887	6.634555385	8.636955916	0	63.38009805	36.61990195				0	0	0	-857.3038353	0.004564751073	-2333.71653457469	
857.2238353	87	6	7	0.2652342525	0.004530732881	98.02214229	1.223596699	0.7542610092	84.71795607	6.625705623	8.656338312	0	63.38009805	36.61990195				0	0	0	-857.2238353	0.004530732881	-2370.06763418423	
857.1438353	87	6	7	0.268979369	0.004497234449	98.0228835	1.220425736	0.7566907665	84.70742831	6.616901671	8.67567002	0	63.38009805	36.61990195				0	0	0	-857.1438353	0.004497234449	-2406.69353307787	
857.0638353	87	6	7	0.2726779671	0.004464243871	98.02361032	1.217272739	0.7591169453	84.69690542	6.608142976	8.694951608	0	63.38009805	36.61990195				0	0	0	-857.0638353	0.004464243871	-2443.59416093841	
856.9838353	87	6	7	0.2763309717	0.004431749605	98.02432291	1.214137495	0.7615395953	84.68638738	6.59942899	8.714183634	0	63.38009805	36.61990195				0	0	0	-856.9838353	0.004431749605	-2480.76936499073	
856.9038353	87	6	7	0.2799392827	0.004399740454	98.02502144	1.211019793	0.7639587651	84.67587418	6.590759179	8.733366644	0	63.38009805	36.61990195				0	0	0	-856.9038353	0.004399740454	-2518.21898861112	
856.8238353	87	6	7	0.2835037754	0.004368205558	98.02570607	1.207919429	0.7663745023	84.66536581	6.582133019	8.752501175	0	63.38009805	36.61990195				0	0	0	-856.8238353	0.004368205558	-2555.94300543228	
856.7438353	87	6	7	0.287025302	0.00433713438	98.02637694	1.204836202	0.7687868536	84.65486225	6.573549996	8.771587752	0	63.38009805	36.61990195				0	0	0	-856.7438353	0.00433713438	-2593.94120364155	
856.6638353	87	6	7	0.2905046914	0.004306516691	98.02703422	1.201769914	0.7711958651	84.6443635	6.565009604	8.790626893	0	63.38009805	36.61990195				0	0	0	-856.6638353	0.004306516691	-2632.21342537177	
856.5838353	87	6	7	0.2939427509	0.004276342563	98.02767805	1.198720373	0.7736015817	84.63386955	6.556511348	8.809619105	0	63.38009805	36.61990195				0	0	0	-856.5838353	0.004276342563	-2670.7596468189	
856.5038353	87	6	7	0.2973402666	0.004246602357	98.02830857	1.195687387	0.7760040475	84.62338037	6.548054742	8.828564885	0	63.38009805	36.61990195				0	0	0	-856.5038353	0.004246602357	-2709.57973120744	
856.4238353	87	6	7	0.3006980039	0.004217286711	98.02892592	1.19267077	0.778403306	84.61289597	6.539639309	8.847464722	0	63.38009805	36.61990195				0	0	0	-856.4238353	0.004217286711	-2748.6735136168	
856.3438353	87	6	7	0.3040167085	0.004188386531	98.02953026	1.189670339	0.7807993996	84.60241632	6.53126458	8.866319096	0	63.38009805	36.61990195				0	0	0	-856.3438353	0.004188386531	-2788.04079625206	
856.2638353	87	6	7	0.3072971069	0.00415989298	98.03012172	1.186685914	0.7831923701	84.59194143	6.522930095	8.885128478	0	63.38009805	36.61990195				0	0	0	-856.2638353	0.00415989298	-2827.68156536338	
856.1838353	87	6	7	0.310539907	0.004131797474	98.03070042	1.183717318	0.7855822586	84.58147126	6.514635403	8.903893332	0	63.38009805	36.61990195				0	0	0	-856.1838353	0.004131797474	-2867.5956930175	
856.1038353	87	6	7	0.3137457986	0.004104091666	98.03126652	1.180764378	0.7879691052	84.57100583	6.50638006	8.922614113	0	63.38009805	36.61990195				0	0	0	-856.1038353	0.004104091666	-2907.78302466138	
856.0238353	87	6	7	0.3169154546	0.004076767444	98.03182013	1.177826922	0.7903529495	84.5605451	6.49816363	8.941291267	0	63.38009805	36.61990195				0	0	0	-856.0238353	0.004076767444	-2948.2434057002	
855.9438353	87	6	7	0.3200495305	0.004049816917	98.03236138	1.174904785	0.7927338304	84.55008908	6.489985686	8.959925233	0	63.38009805	36.61990195				0	0	0	-855.9438353	0.004049816917	-2988.97673859538	
855.8638353	87	6	7	0.3231486658	0.004023232414	98.03289041	1.1719978	0.7951117859	84.53963775	6.481845807	8.978516444	0	63.38009805	36.61990195				0	0	0	-855.8638353	0.004023232414	-3029.98303059816	
855.7838353	87	6	7	0.3262134843	0.003997006472	98.03340734	1.169105807	0.7974868536	84.5291911	6.47374358	8.997065323	0	63.38009805	36.61990195				0	0	0	-855.7838353	0.003997006472	-3071.26192278084	
855.7038353	87	6	7	0.3292445943	0.003971131827	98.03391228	1.166228647	0.7998590702	84.51874911	6.465678599	9.015572287	0	63.38009805	36.61990195				0	0	0	-855.7038353	0.003971131827	-3112.81340197741	
855.6238353	87	6	7	0.3322425895	0.003945601415	98.03440537	1.163366162	0.802228472	84.50831179	6.457650466	9.034037746	0	63.38009805	36.61990195				0	0	0	-855.6238353	0.003945601415	-3154.63746205057	
855.5438353	87	6	7	0.335208049	0.003920408358	98.03488671	1.1605182	0.8045950944	84.49787911	6.449658787	9.052462103	0	63.38009805	36.61990195				0	0	0	-855.5438353	0.003920408358	-3196.73385901759	
855.4638353	87	6	7	0.3381415383	0.003895545961	98.03535642	1.15768461	0.8069589724	84.48745107	6.441703179	9.070845755	0	63.38009805	36.61990195				0	0	0	-855.4638353	0.003895545961	-3239.10241026724	
855.3838353	87	6	7	0.3410436092	0.003871007704	98.03581462	1.154865243	0.8093201404	84.47702765	6.433783261	9.089189091	0	63.38009805	36.61990195				0	0	0	-855.3838353	0.003871007704	-3281.74312716037	
855.3038353	87	6	7	0.3439148004	0.003846787241	98.03626141	1.152059954	0.811678632	84.46660884	6.425898662	9.107492495	0	63.38009805	36.61990195				0	0	0	-855.3038353	0.003846787241	-3324.65590015853	
855.2238353	87	6	7	0.346755638	0.003822878388	98.03669692	1.149268598	0.8140344806	84.45619464	6.418049014	9.125756343	0	63.38009805	36.61990195				0	0	0	-855.2238353	0.003822878388	-3367.84049136256	
855.1438353	87	6	7	0.3495666358	0.003799275122	98.03712125	1.146491034	0.8163877186	84.44578503	6.410233959	9.143981007	0	63.38009805	36.61990195				0	0	0	-855.1438353	0.003799275122	-3411.29681848049	
855.0638353	87	6	7	0.3523482957	0.003775971574	98.0375345	1.143727125	0.8187383783	84.43538001	6.40245314	9.162166852	0	63.38009805	36.61990195				0	0	0	-855.0638353	0.003775971574	-3455.02481597781	
854.9838353	87	6	7	0.3551011078	0.003752962026	98.03793678	1.140976732	0.8210864911	84.42497955	6.394706211	9.180314236	0	63.38009805	36.61990195				0	0	0	-854.9838353	0.003752962026	-3499.02431329904	
854.9038353	87	6	7	0.3578255512	0.003730240903	98.03832819	1.138239722	0.8234320881	84.41458366	6.386992828	9.198423514	0	63.38009805	36.61990195				0	0	0	-854.9038353	0.003730240903	-3543.29525349441	
854.8238353	87	6	7	0.360522094	0.003707802773	98.03870884	1.135515962	0.8257751999	84.40419231	6.379312653	9.216495032	0	63.38009805	36.61990195				0	0	0	-854.8238353	0.003707802773	-3587.83756471841	
854.7438353	87	6	7	0.3631911936	0.003685642338	98.03907882	1.132805322	0.8281158564	84.39380551	6.371665355	9.234529134	0	63.38009805	36.61990195				0	0	0	-854.7438353	0.003685642338	-3632.65099839199	
854.6638353	87	6	7	0.3658332971	0.003663754432	98.03943824	1.130107675	0.8304540873	84.38342324	6.364050607	9.252526156	0	63.38009805	36.61990195				0	0	0	-854.6638353	0.003663754432	-3677.73539650834	
854.5838353	87	6	7	0.3684488418	0.003642134016	98.03978719	1.127422893	0.8327899216	84.37304548	6.356468088	9.27048643	0	63.38009805	36.61990195				0	0	0	-854.5838353	0.003642134016	-3723.09077894457	
854.5038353	87	6	7	0.371038255	0.003620776177	98.04012576	1.124750853	0.8351233879	84.36267224	6.348917482	9.288410283	0	63.38009805	36.61990195				0	0	0	-854.5038353	0.003620776177	-3768.7171401418	
854.4238353	87	6	7	0.3736019548	0.003599676121	98.04045405	1.122091433	0.8374545145	84.35230349	6.341398476	9.306298036	0	63.38009805	36.61990195				0	0	0	-854.4238353	0.003599676121	-3814.61407344992	
854.3438353	87	6	7	0.3761403499	0.003578829168	98.04077216	1.119444512	0.839783329	84.34193923	6.333910765	9.324150006	0	63.38009805	36.61990195				0	0	0	-854.3438353	0.003578829168	-3860.78154587647	
854.2638353	87	6	7	0.3786538402	0.003558230754	98.04108017	1.116809972	0.8421098586	84.33157945	6.326454046	9.341966505	0	63.38009805	36.61990195				0	0	0	-854.2638353	0.003558230754	-3907.21969306013	
854.1838353	87	6	7	0.381142817	0.003537876424	98.04137817	1.114187696	0.8444341304	84.32122414	6.319028023	9.35974784	0	63.38009805	36.61990195				0	0	0	-854.1838353	0.003537876424	-3953.92815680815	
854.1038353	87	6	7	0.3836076629	0.003517761827	98.04166626	1.11157757	0.8467561707	84.31087328	6.311632402	9.377494315	0	63.38009805	36.61990195				0	0	0	-854.1038353	0.003517761827	-4000.90670777343	
854.0238353	87	6	7	0.3860487525	0.003497882716	98.04194451	1.10897948	0.8490760056	84.30052688	6.304266897	9.395206226	0	63.38009805	36.61990195				0	0	0	-854.0238353	0.003497882716	-4048.15552935627	
853.9438353	87	6	7	0.3884664523	0.003478234946	98.04221303	1.106393314	0.8513936606	84.29018491	6.296931222	9.412883868	0	63.38009805	36.61990195				0	0	0	-853.9438353	0.003478234946	-4095.6745032744	
853.8638353	87	6	7	0.3908611212	0.003458814467	98.04247188	1.103818964	0.8537091612	84.27984737	6.289625098	9.430527531	0	63.38009805	36.61990195				0	0	0	-853.8638353	0.003458814467	-4143.46328453574	
853.7838353	87	6	7	0.3932331104	0.003439617323	98.04272115	1.10125632	0.8560225321	84.26951425	6.282348251	9.448137499	0	63.38009805	36.61990195				0	0	0	-853.7838353	0.003439617323	-4191.52189627179	
853.7038353	87	6	7	0.3955827637	0.003420639651	98.04296093	1.098705276	0.8583337978	84.25918554	6.275100409	9.465714053	0	63.38009805	36.61990195				0	0	0	-853.7038353	0.003420639651	-4239.85017776923	
853.6238353	87	6	7	0.3979104179	0.003401877675	98.04319129	1.096165728	0.8606429825	84.24886123	6.267881304	9.483257471	0	63.38009805	36.61990195				0	0	0	-853.6238353	0.003401877675	-4288.44812024062	
853.5438353	87	6	7	0.4002164026	0.003383327708	98.04341232	1.093637572	0.86295011	84.2385413	6.260690673	9.500768025	0	63.38009805	36.61990195				0	0	0	-853.5438353	0.003383327708	-4337.31545982619	
853.4638353	87	6	7	0.4025010408	0.003364986143	98.04362409	1.091120705	0.8652552036	84.22822576	6.253528257	9.518245985	0	63.38009805	36.61990195				0	0	0	-853.4638353	0.003364986143	-4386.45217953442	
853.3838353	87	6	7	0.4047646489	0.003346849459	98.04382669	1.088615027	0.8675582865	84.21791458	6.2463938	9.535691616	0	63.38009805	36.61990195				0	0	0	-853.3838353	0.003346849459	-4435.85830869333	
853.3038353	87	6	7	0.4070075366	0.003328914211	98.04402018	1.08612044	0.8698593814	84.20760777	6.23928705	9.553105179	0	63.38009805	36.61990195				0	0	0	-853.3038353	0.003328914211	-4485.53335566844	
853.2238353	87	6	7	0.4092300077	0.003311177031	98.04420464	1.083636845	0.8721585107	84.19730531	6.232207759	9.570486933	0	63.38009805	36.61990195				0	0	0	-853.2238353	0.003311177031	-4535.47748000271	
853.1438353	87	6	7	0.4114323597	0.003293634628	98.04438016	1.081164147	0.8744556965	84.18700719	6.225155682	9.587837132	0	63.38009805	36.61990195				0	0	0	-853.1438353	0.003293634628	-4585.6907481174	
853.0638353	87	6	7	0.413614884	0.003276283783	98.04454679	1.07870225	0.8767509606	84.1767134	6.218130577	9.605156026	0	63.38009805	36.61990195				0	0	0	-853.0638353	0.003276283783	-4636.17272044524	
852.9838353	87	6	7	0.4157778664	0.003259121346	98.04470462	1.07625106	0.8790443244	84.16642393	6.211132208	9.622443862	0	63.38009805	36.61990195				0	0	0	-852.9838353	0.003259121346	-4686.92334611639	
852.9038353	87	6	7	0.4179215869	0.003242144238	98.0448537	1.073810486	0.8813358091	84.15613878	6.204160338	9.639700886	0	63.38009805	36.61990195				0	0	0	-852.9038353	0.003242144238	-4737.94267200167	
852.8238353	87	6	7	0.4200463203	0.003225349446	98.04499413	1.071380436	0.8836254355	84.14585793	6.197214737	9.656927337	0	63.38009805	36.61990195				0	0	0	-852.8238353	0.003225349446	-4789.23043956958	
852.7438353	87	6	7	0.4221523355	0.003208734022	98.04512595	1.068960822	0.8859132243	84.13558137	6.190295177	9.674123452	0	63.38009805	36.61990195				0	0	0	-852.7438353	0.003208734022	-4840.78660635274	
852.6638353	87	6	7	0.4242398966	0.003192295082	98.04524925	1.066551553	0.8881991956	84.1253091	6.183401433	9.691289467	0	63.38009805	36.61990195				0	0	0	-852.6638353	0.003192295082	-4892.61104728882	
852.5838353	87	6	7	0.4263092624	0.003176029803	98.04536409	1.064152543	0.8904833695	84.11504111	6.176533283	9.708425611	0	63.38009805	36.61990195				0	0	0	-852.5838353	0.003176029803	-4944.70385377729	
852.5038353	87	6	7	0.4283606867	0.003159935424	98.04547053	1.061763706	0.8927657657	84.10477738	6.169690508	9.725532113	0	63.38009805	36.61990195				0	0	0	-852.5038353	0.003159935424	-4997.06467613409	
852.4238353	87	6	7	0.4303944185	0.003144009239	98.04556864	1.059384956	0.8950464036	84.09451791	6.162872893	9.742609198	0	63.38009805	36.61990195				0	0	0	-852.4238353	0.003144009239	-5049.69320153456	
852.3438353	87	6	7	0.432410702	0.003128248601	98.04565849	1.057016211	0.8973253024	84.08426269	6.156080225	9.759657087	0	63.38009805	36.61990195				0	0	0	-852.3438353	0.003128248601	-5102.58989839231	
852.2638353	87	6	7	0.4344097768	0.00311265092	98.04574013	1.054657387	0.899602481	84.07401171	6.149312293	9.776675999	0	63.38009805	36.61990195				0	0	0	-852.2638353	0.00311265092	-5155.75425983531	
852.1838353	87	6	7	0.436391878	0.003097213656	98.04581364	1.052308402	0.9018779582	84.06376496	6.142568891	9.793666152	0	63.38009805	36.61990195				0	0	0	-852.1838353	0.003097213656	-5209.18627654333	
852.1038353	87	6	7	0.4383572362	0.003081934326	98.04587907	1.049969176	0.9041517522	84.05352243	6.135849814	9.810627757	0	63.38009805	36.61990195				0	0	0	-852.1038353	0.003081934326	-5262.88584473559	
852.0238353	87	6	7	0.4403060778	0.003066810494	98.04593649	1.04763963	0.9064238813	84.04328411	6.12915486	9.827561026	0	63.38009805	36.61990195				0	0	0	-852.0238353	0.003066810494	-5316.85286467695	
851.9438353	87	6	7	0.4422386248	0.003051839778	98.04598595	1.045319685	0.9086943633	84.03305	6.122483831	9.844466166	0	63.38009805	36.61990195				0	0	0	-851.9438353	0.003051839778	-5371.08746846951	
851.8638353	87	6	7	0.4441550954	0.003037019842	98.04602752	1.043009264	0.9109632161	84.02282009	6.11583653	9.861343384	0	63.38009805	36.61990195				0	0	0	-851.8638353	0.003037019842	-5425.58920317804	
851.7838353	87	6	7	0.4460557035	0.003022348398	98.04606125	1.04070829	0.9132304569	84.01259436	6.109212763	9.87819288	0	63.38009805	36.61990195				0	0	0	-851.7838353	0.003022348398	-5480.35783709978	
851.7038353	87	6	7	0.4479406593	0.003007823203	98.04608721	1.038416688	0.915496103	84.0023728	6.10261234	9.895014856	0	63.38009805	36.61990195				0	0	0	-851.7038353	0.003007823203	-5535.3936038251	
851.6238353	87	6	7	0.449810169	0.002993442062	98.04610544	1.036134384	0.9177601714	83.99215542	6.09603507	9.911809509	0	63.38009805	36.61990195				0	0	0	-851.6238353	0.002993442062	-5590.69659085074	
851.5438353	87	6	7	0.4516644351	0.002979202822	98.04611602	1.033861303	0.9200226789	83.9819422	6.089480769	9.928577034	0	63.38009805	36.61990195				0	0	0	-851.5438353	0.002979202822	-5646.26617165017	
851.4638353	87	6	7	0.4535036567	0.002965103372	98.04611898	1.031597374	0.9222836421	83.97173313	6.082949251	9.945317623	0	63.38009805	36.61990195				0	0	0	-851.4638353	0.002965103372	-5702.10273674728	
851.3838353	87	6	7	0.455328029	0.002951141646	98.0461144	1.029342524	0.9245430772	83.9615282	6.076440335	9.962031467	0	63.38009805	36.61990195				0	0	0	-851.3838353	0.002951141646	-5758.20585740683	
851.3038353	87	6	7	0.4571377437	0.002937315614	98.04610232	1.027096684	0.9268010004	83.9513274	6.069953842	9.978718754	0	63.38009805	36.61990195				0	0	0	-851.3038353	0.002937315614	-5814.57536645918	
851.2238353	87	6	7	0.4589329895	0.00292362329	98.04608279	1.024859782	0.9290574276	83.94113074	6.063489595	9.995379669	0	63.38009805	36.61990195				0	0	0	-851.2238353	0.00292362329	-5871.2114488715	
851.1438353	87	6	7	0.4607139513	0.002910062724	98.04605587	1.022631751	0.9313123745	83.93093818	6.057047419	10.0120144	0	63.38009805	36.61990195				0	0	0	-851.1438353	0.002910062724	-5928.11368118555	
851.0638353	87	6	7	0.462480811	0.002896632005	98.04602162	1.020412521	0.9335658568	83.92074974	6.050627141	10.02862312	0	63.38009805	36.61990195				0	0	0	-851.0638353	0.002896632005	-5985.28246059444	
850.9838353	87	6	7	0.4642337474	0.00288332926	98.04598008	1.018202026	0.9358178896	83.9105654	6.044228592	10.04520601	0	63.38009805	36.61990195				0	0	0	-850.9838353	0.00288332926	-6042.71748051946	
850.9038353	87	6	7	0.4659729358	0.00287015265	98.04593131	1.016000199	0.9380684881	83.90038515	6.037851601	10.06176325	0	63.38009805	36.61990195				0	0	0	-850.9038353	0.00287015265	-6100.41838645136	
850.8238353	87	6	7	0.4676985489	0.002857100372	98.04587536	1.013806974	0.9403176673	83.89020899	6.031496004	10.07829501	0	63.38009805	36.61990195				0	0	0	-850.8238353	0.002857100372	-6158.3851891956	
850.7438353	87	6	7	0.4694107562	0.002844170657	98.04581227	1.011622287	0.9425654419	83.8800369	6.025161636	10.09480147	0	63.38009805	36.61990195				0	0	0	-850.7438353	0.002844170657	-6216.61783352619	
850.6638353	87	6	7	0.4711097242	0.00283136177	98.0457421	1.009446074	0.9448118265	83.86986887	6.018848335	10.11128279	0	63.38009805	36.61990195				0	0	0	-850.6638353	0.00283136177	-6275.11616123461	
850.5838353	87	6	7	0.4727956169	0.002818672008	98.04566489	1.00727827	0.9470568355	83.85970491	6.01255594	10.12773915	0	63.38009805	36.61990195				0	0	0	-850.5838353	0.002818672008	-6333.88041958188	
850.5038353	87	6	7	0.4744685951	0.002806099702	98.0455807	1.005118814	0.9493004832	83.849545	6.006284293	10.14417071	0	63.38009805	36.61990195				0	0	0	-850.5038353	0.002806099702	-6392.91046945848	
850.4238353	87	6	7	0.4761288171	0.002793643212	98.04548957	1.002967644	0.9515427835	83.83938913	6.000033239	10.16057763	0	63.38009805	36.61990195				0	0	0	-850.4238353	0.002793643212	-6452.20553970112	
850.3438353	87	6	7	0.4777764385	0.002781300928	98.04539155	1.000824698	0.9537837503	83.82923729	5.993802621	10.17696009	0	63.38009805	36.61990195				0	0	0	-850.3438353	0.002781300928	-6511.76598804765	
850.2638353	87	6	7	0.4794116124	0.002769071272	98.04528669	0.998689917	0.9560233974	83.81908948	5.987592289	10.19331823	0	63.38009805	36.61990195				0	0	0	-850.2638353	0.002769071272	-6571.59201325729	
850.1838353	87	6	7	0.4810344891	0.002756952694	98.04517502	0.9965632404	0.9582617383	83.80894569	5.98140209	10.20965222	0	63.38009805	36.61990195				0	0	0	-850.1838353	0.002756952694	-6631.68340868868	
850.1038353	87	6	7	0.4826452166	0.002744943673	98.0450566	0.9944446094	0.9604987864	83.79880591	5.975231875	10.22596222	0	63.38009805	36.61990195				0	0	0	-850.1038353	0.002744943673	-6692.03946234935	
850.0238353	87	6	7	0.4842439404	0.002733042713	98.04493148	0.9923339659	0.9627345549	83.78867013	5.969081499	10.24224837	0	63.38009805	36.61990195				0	0	0	-850.0238353	0.002733042713	-6752.66069375334	
849.9438353	87	6	7	0.4858308036	0.00272124835	98.04479969	0.9902312521	0.9649690568	83.77853835	5.962950814	10.25851084	0	63.38009805	36.61990195				0	0	0	-849.9438353	0.00272124835	-6813.54677474882	
849.8638353	87	6	7	0.4874059469	0.002709559141	98.04466128	0.9881364113	0.9672023051	83.76841055	5.956839677	10.27474978	0	63.38009805	36.61990195				0	0	0	-849.8638353	0.002709559141	-6874.6978349136	
849.7838353	87	6	7	0.4889695087	0.002697973675	98.0445163	0.9860493871	0.9694343126	83.75828673	5.950747946	10.29096533	0	63.38009805	36.61990195				0	0	0	-849.7838353	0.002697973675	-6936.11364415942	
849.7038353	87	6	7	0.4905216253	0.00268649056	98.04436478	0.983970124	0.9716650918	83.74816688	5.944675481	10.30715764	0	63.38009805	36.61990195				0	0	0	-849.7038353	0.00268649056	-6997.79383253912	
849.6238353	87	6	7	0.4920624307	0.002675108434	98.04420678	0.9818985668	0.9738946552	83.73805099	5.938622142	10.32332687	0	63.38009805	36.61990195				0	0	0	-849.6238353	0.002675108434	-7059.73887073125	
849.5438353	87	6	7	0.4935920567	0.002663825956	98.04404232	0.9798346613	0.9761230151	83.72793906	5.932587791	10.33947315	0	63.38009805	36.61990195				0	0	0	-849.5438353	0.002663825956	-7121.94810259084	
849.4638353	87	6	7	0.4951106331	0.00265264181	98.04387146	0.9777783536	0.9783501838	83.71783107	5.926572295	10.35559663	0	63.38009805	36.61990195				0	0	0	-849.4638353	0.00265264181	-7184.42211238216	
849.3838353	87	6	7	0.4966182875	0.002641554704	98.04369424	0.9757295907	0.9805761731	83.70772703	5.920575517	10.37169746	0	63.38009805	36.61990195				0	0	0	-849.3838353	0.002641554704	-7247.16021242396	
849.3038353	87	6	7	0.4981151455	0.002630563366	98.04351068	0.97368832	0.9828009952	83.69762691	5.914597326	10.38777576	0	63.38009805	36.61990195				0	0	0	-849.3038353	0.002630563366	-7310.16239396588	
849.2238353	87	6	7	0.4996013307	0.002619666549	98.04332085	0.9716544895	0.9850246616	83.68753072	5.908637591	10.40383169	0	63.38009805	36.61990195				0	0	0	-849.2238353	0.002619666549	-7373.42858195874	
849.1438353	87	6	7	0.501076965	0.002608863025	98.04312477	0.9696280478	0.987247184	83.67743845	5.90269618	10.41986537	0	63.38009805	36.61990195				0	0	0	-849.1438353	0.002608863025	-7436.95875176194	
849.0638353	87	6	7	0.502542168	0.00259815159	98.04292248	0.967608944	0.989468574	83.66735008	5.896772968	10.43587695	0	63.38009805	36.61990195				0	0	0	-849.0638353	0.00259815159	-7500.75350669205	
848.9838353	87	6	7	0.5039970578	0.00258753106	98.04271403	0.9655971281	0.9916888429	83.65726562	5.890867826	10.45186656	0	63.38009805	36.61990195				0	0	0	-848.9838353	0.00258753106	-7564.81168727489	
848.9038353	87	6	7	0.5054417503	0.002577000269	98.04249945	0.9635925501	0.9939080019	83.64718505	5.884980629	10.46783433	0	63.38009805	36.61990195				0	0	0	-848.9038353	0.002577000269	-7629.13314426575	
848.8238353	87	6	7	0.5068763599	0.002566558073	98.04227878	0.9615951609	0.9961260621	83.63710836	5.879111253	10.48378039	0	63.38009805	36.61990195				0	0	0	-848.8238353	0.002566558073	-7693.71874469525	
848.7438353	87	6	7	0.508300999	0.002556203348	98.04205205	0.959604912	0.9983430346	83.62703555	5.873259576	10.49970487	0	63.38009805	36.61990195				0	0	0	-848.7438353	0.002556203348	-7758.56784847045	
848.6638353	87	6	7	0.5097157786	0.002545934987	98.04181931	0.9576217552	1.00055893	83.61696662	5.867425476	10.51560791	0	63.38009805	36.61990195				0	0	0	-848.6638353	0.002545934987	-7823.68051638294	
848.5838353	87	6	7	0.5111208077	0.002535751904	98.0415806	0.9556456428	1.00277376	83.60690154	5.861608834	10.53148962	0	63.38009805	36.61990195				0	0	0	-848.5838353	0.002535751904	-7889.05668062018	
848.5038353	87	6	7	0.5125161937	0.002525653029	98.04133594	0.9536765279	1.004987534	83.59684033	5.85580953	10.54735014	0	63.38009805	36.61990195				0	0	0	-848.5038353	0.002525653029	-7954.69584246314	
848.4238353	87	6	7	0.5139020426	0.002515637311	98.04108537	0.9517143637	1.007200263	83.58678296	5.850027447	10.5631896	0	63.38009805	36.61990195				0	0	0	-848.4238353	0.002515637311	-8020.59855627629	
848.3438353	87	6	7	0.5152784584	0.002505703717	98.04082894	0.9497591044	1.009411957	83.57672943	5.844262469	10.5790081	0	63.38009805	36.61990195				0	0	0	-848.3438353	0.002505703717	-8086.76407206341	
848.2638353	87	6	7	0.5166455438	0.002495851229	98.04056667	0.9478107042	1.011622627	83.56667974	5.838514482	10.59480578	0	63.38009805	36.61990195				0	0	0	-848.2638353	0.002495851229	-8153.19277896913	
848.1838353	87	6	7	0.5180034001	0.002486078849	98.0402986	0.945869118	1.013832283	83.55663387	5.832783371	10.61058276	0	63.38009805	36.61990195				0	0	0	-848.1838353	0.002486078849	-8219.8848951089	
848.1038353	87	6	7	0.5193521267	0.002476385593	98.04002476	0.9439343012	1.016040935	83.54659182	5.827069025	10.62633915	0	63.38009805	36.61990195				0	0	0	-848.1038353	0.002476385593	-8286.83929053178	
848.0238353	87	6	7	0.5206918219	0.002466770493	98.0397452	0.9420062096	1.018248592	83.53655359	5.821371331	10.64207508	0	63.38009805	36.61990195				0	0	0	-848.0238353	0.002466770493	-8354.05635800615	
847.9438353	87	6	7	0.5220225823	0.002457232598	98.03945993	0.9400847996	1.020455266	83.52651916	5.815690181	10.65779066	0	63.38009805	36.61990195				0	0	0	-847.9438353	0.002457232598	-8421.53679604463	
847.8638353	87	6	7	0.5233445031	0.002447770973	98.03916901	0.9381700278	1.022660965	83.51648852	5.810025464	10.67348601	0	63.38009805	36.61990195				0	0	0	-847.8638353	0.002447770973	-8489.2798233197	
847.7838353	87	6	7	0.5246576783	0.002438384696	98.03887245	0.9362618514	1.024865699	83.50646168	5.804377074	10.68916124	0	63.38009805	36.61990195				0	0	0	-847.7838353	0.002438384696	-8557.28493936493	
847.7038353	87	6	7	0.5259622003	0.002429072861	98.03857029	0.9343602281	1.027069477	83.49643862	5.798744904	10.70481647	0	63.38009805	36.61990195				0	0	0	-847.7038353	0.002429072861	-8625.55279783993	
847.6238353	87	6	7	0.5272581603	0.002419834577	98.03826257	0.9324651159	1.02927231	83.48641934	5.793128848	10.72045181	0	63.38009805	36.61990195				0	0	0	-847.6238353	0.002419834577	-8694.08343372005	
847.5438353	87	6	7	0.5285456481	0.002410668967	98.03794932	0.9305764733	1.031474207	83.47640383	5.787528801	10.73606737	0	63.38009805	36.61990195				0	0	0	-847.5438353	0.002410668967	-8762.87571748273	
847.4638353	87	6	7	0.5298247523	0.002401575166	98.03763057	0.9286942593	1.033675176	83.46639207	5.781944661	10.75166326	0	63.38009805	36.61990195				0	0	0	-847.4638353	0.002401575166	-8828.90533153244	
847.3838353	87	6	7	0.5310955566	0.002392546211	98.03730634	0.9268184331	1.035875227	83.45638408	5.776376326	10.7672396	0	63.38009805	36.61990195				0	0	0	-847.3838353	0.002392546211	-8898.30108582466	
847.3038353	87	6	7	0.5323581506	0.002383593558	98.03697668	0.9249489546	1.038074368	83.44637983	5.770823693	10.78279648	0	63.38009805	36.61990195				0	0	0	-847.3038353	0.002383593558	-8970.88291891271	
847.2238353	87	6	7	0.5336126191	0.002374710193	98.03664161	0.9230857838	1.04027261	83.43637932	5.765286663	10.79833402	0	63.38009805	36.61990195				0	0	0	-847.2238353	0.002374710193	-9040.7177421838	
847.1438353	87	6	7	0.5348590456	0.002365895318	98.03630116	0.9212288813	1.04246996	83.42638255	5.759765137	10.81385232	0	63.38009805	36.61990195				0	0	0	-847.1438353	0.002365895318	-9110.82028263884	
847.0638353	87	6	7	0.5360975125	0.002357148135	98.03595536	0.9193782081	1.044666428	83.4163895	5.754259016	10.82935149	0	63.38009805	36.61990195				0	0	0	-847.0638353	0.002357148135	-9181.18504526427	
846.9838353	87	6	7	0.5373281011	0.00234846786	98.03560425	0.9175337254	1.046862022	83.40640017	5.748768204	10.84483162	0	63.38009805	36.61990195				0	0	0	-846.9838353	0.00234846786	-9251.81219396941	
846.9038353	87	6	7	0.5385508914	0.00233985372	98.03524785	0.915695395	1.049056751	83.39641456	5.743292604	10.86029284	0	63.38009805	36.61990195				0	0	0	-846.9038353	0.00233985372	-9322.70056048274	
846.8238353	87	6	7	0.5397659624	0.002331304953	98.0348862	0.9138631789	1.051250624	83.38643265	5.737832121	10.87573523	0	63.38009805	36.61990195				0	0	0	-846.8238353	0.002331304953	-9393.85084434747	
846.7438353	87	6	7	0.5409733921	0.002322820811	98.03451931	0.9120370397	1.053443648	83.37645444	5.73238666	10.8911589	0	63.38009805	36.61990195				0	0	0	-846.7438353	0.002322820811	-9465.26229079317	
846.6638353	87	6	7	0.5421732571	0.002314400554	98.03414723	0.9102169402	1.055635832	83.36647993	5.726956129	10.90656394	0	63.38009805	36.61990195				0	0	0	-846.6638353	0.002314400554	-9536.93445864647	
846.5838353	87	6	7	0.5433656333	0.002306043456	98.03376997	0.9084028435	1.057827184	83.3565091	5.721540435	10.92195047	0	63.38009805	36.61990195				0	0	0	-846.5838353	0.002306043456	-9608.86878769047	
846.5038353	87	6	7	0.5445505953	0.002297748802	98.03338757	0.9065947132	1.060017713	83.34654195	5.716139486	10.93731856	0	63.38009805	36.61990195				0	0	0	-846.5038353	0.002297748802	-9681.06473300151	
846.4238353	87	6	7	0.5457282168	0.002289515887	98.03300006	0.9047925132	1.062207427	83.33657847	5.710753192	10.95266834	0	63.38009805	36.61990195				0	0	0	-846.4238353	0.002289515887	-9753.52138031461	
846.3438353	87	6	7	0.5468985705	0.002281344016	98.03260746	0.9029962077	1.064396333	83.32661866	5.705381463	10.96799988	0	63.38009805	36.61990195				0	0	0	-846.3438353	0.002281344016	-9826.23923339339	
846.2638353	87	6	7	0.548061728	0.002273232506	98.0322098	0.9012057614	1.06658444	83.31666251	5.700024211	10.98331328	0	63.38009805	36.61990195				0	0	0	-846.2638353	0.002273232506	-9899.21841532692	
846.1838353	87	6	7	0.54921776	0.002265180683	98.03180711	0.8994211392	1.068771756	83.30671001	5.694681347	10.99860864	0	63.38009805	36.61990195				0	0	0	-846.1838353	0.002265180683	-9972.45809473442	
846.1038353	87	6	7	0.5503667363	0.002257187883	98.03139941	0.8976423063	1.070958287	83.29676115	5.689352784	11.01388606	0	63.38009805	36.61990195				0	0	0	-846.1038353	0.002257187883	-10045.9588945554	
846.0238353	87	6	7	0.5515087257	0.002249253453	98.03098673	0.8958692283	1.073144043	83.28681594	5.684038437	11.02914562	0	63.38009805	36.61990195				0	0	0	-846.0238353	0.002249253453	-10119.7210476243	
845.9438353	87	6	7	0.5526437961	0.002241376749	98.0305691	0.8941018712	1.07532903	83.27687436	5.678738219	11.04438742	0	63.38009805	36.61990195				0	0	0	-845.9438353	0.002241376749	-10193.7431002306	
845.8638353	87	6	7	0.5537720144	0.002233557135	98.03014654	0.8923402012	1.077513256	83.2669364	5.673452046	11.05961155	0	63.38009805	36.61990195				0	0	0	-845.8638353	0.002233557135	-10268.0264429674	
845.7838353	87	6	7	0.5548934467	0.002225793988	98.02971909	0.8905841848	1.079696729	83.25700206	5.668179834	11.0748181	0	63.38009805	36.61990195				0	0	0	-845.7838353	0.002225793988	-10342.5699737428	
845.7038353	87	6	7	0.5560081582	0.002218086689	98.02928675	0.888833789	1.081879456	83.24707134	5.6629215	11.09000716	0	63.38009805	36.61990195				0	0	0	-845.7038353	0.002218086689	-10417.3743117969	
845.6238353	87	6	7	0.5571162134	0.002210434634	98.02884957	0.887088981	1.084061445	83.23714422	5.657676962	11.10517882	0	63.38009805	36.61990195				0	0	0	-845.6238353	0.002210434634	-10492.4394277425	
845.5438353	87	6	7	0.5582176756	0.002202837222	98.02840757	0.8853497281	1.086242702	83.2272207	5.652446139	11.12033316	0	63.38009805	36.61990195				0	0	0	-845.5438353	0.002202837222	-10567.7636367855	
845.4638353	87	6	7	0.5593126075	0.002195293864	98.02796077	0.8836159982	1.088423234	83.21730078	5.647228949	11.13547027	0	63.38009805	36.61990195				0	0	0	-845.4638353	0.002195293864	-10643.3495107504	
845.3838353	87	6	7	0.5604010711	0.00218780398	98.02750919	0.8818877594	1.09060305	83.20738444	5.642025314	11.15059025	0	63.38009805	36.61990195				0	0	0	-845.3838353	0.00218780398	-10719.1956883018	
845.3038353	87	6	7	0.5614831272	0.002180366996	98.02705286	0.8801649801	1.092782156	83.19747168	5.636835153	11.16569316	0	63.38009805	36.61990195				0	0	0	-845.3038353	0.002180366996	-10795.3010149997	
845.2238353	87	6	7	0.5625588363	0.002172982347	98.02659181	0.8784476289	1.094960559	83.1875625	5.631658389	11.18077911	0	63.38009805	36.61990195				0	0	0	-845.2238353	0.002172982347	-10871.6674271911	
845.1438353	87	6	7	0.5636282577	0.002165649478	98.02612606	0.8767356748	1.097138266	83.17765689	5.626494943	11.19584817	0	63.38009805	36.61990195				0	0	0	-845.1438353	0.002165649478	-10948.2933738098	
845.0638353	87	6	7	0.5646914502	0.002158367838	98.02565563	0.875029087	1.099315284	83.16775483	5.621344739	11.21090043	0	63.38009805	36.61990195				0	0	0	-845.0638353	0.002158367838	-11025.1791032305	
844.9838353	87	6	7	0.5657484716	0.002151136888	98.02518055	0.873327835	1.10149162	83.15785633	5.6162077	11.22593597	0	63.38009805	36.61990195				0	0	0	-844.9838353	0.002151136888	-11102.3249234424	
844.9038353	87	6	7	0.5667993793	0.002143956093	98.02470083	0.8716318887	1.10366728	83.14796138	5.611083752	11.24095486	0	63.38009805	36.61990195				0	0	0	-844.9038353	0.002143956093	-11179.7307586098	
844.8238353	87	6	7	0.5678442297	0.002136824929	98.02421651	0.8699412181	1.105842271	83.13806998	5.605972818	11.25595721	0	63.38009805	36.61990195				0	0	0	-844.8238353	0.002136824929	-11257.3965885462	
844.7438353	87	6	7	0.5688830785	0.002129742876	98.02372761	0.8682557935	1.1080166	83.12818211	5.600874825	11.27094307	0	63.38009805	36.61990195				0	0	0	-844.7438353	0.002129742876	-11335.3211322051	
844.6638353	87	6	7	0.5699159808	0.002122709423	98.02323414	0.8665755856	1.110190273	83.11829777	5.595789699	11.28591254	0	63.38009805	36.61990195				0	0	0	-844.6638353	0.002122709423	-11413.5056121334	
844.5838353	87	6	7	0.570942991	0.002115724066	98.02273614	0.8649005651	1.112363297	83.10841695	5.590717368	11.30086568	0	63.38009805	36.61990195				0	0	0	-844.5838353	0.002115724066	-11491.9499015939	
844.5038353	87	6	7	0.5719641628	0.002108786308	98.02223362	0.8632307033	1.114535678	83.09853965	5.585657759	11.31580259	0	63.38009805	36.61990195				0	0	0	-844.5038353	0.002108786308	-11570.6540746039	
844.4238353	87	6	7	0.5729795491	0.002101895659	98.02172661	0.8615659714	1.116707423	83.08866586	5.580610801	11.33072334	0	63.38009805	36.61990195				0	0	0	-844.4238353	0.002101895659	-11649.6175557813	
844.3438353	87	6	7	0.5739892023	0.002095051635	98.02121512	0.8599063412	1.118878538	83.07879558	5.575576422	11.345628	0	63.38009805	36.61990195				0	0	0	-844.3438353	0.002095051635	-11728.8399664283	
844.2638353	87	6	7	0.5749931741	0.002088253759	98.02069919	0.8582517844	1.121049029	83.0689288	5.570554553	11.36051665	0	63.38009805	36.61990195				0	0	0	-844.2638353	0.002088253759	-11808.3219706365	
844.1838353	87	6	7	0.5759915155	0.002081501561	98.02017882	0.8566022732	1.123218902	83.05906551	5.565545125	11.37538937	0	63.38009805	36.61990195				0	0	0	-844.1838353	0.002081501561	-11888.0635761249	
844.1038353	87	6	7	0.576984277	0.002074794577	98.01965406	0.85495778	1.125388165	83.0492057	5.560548067	11.39024623	0	63.38009805	36.61990195				0	0	0	-844.1038353	0.002074794577	-11968.0632010414	
844.0238353	87	6	7	0.5779715084	0.002068132348	98.0191249	0.8533182774	1.127556821	83.03934938	5.555563311	11.40508731	0	63.38009805	36.61990195				0	0	0	-844.0238353	0.002068132348	-12048.3221596716	
843.9438353	87	6	7	0.5789532588	0.002061514424	98.01859138	0.8516837383	1.129724879	83.02949653	5.550590791	11.41991268	0	63.38009805	36.61990195				0	0	0	-843.9438353	0.002061514424	-12128.8400744243	
843.8638353	87	6	7	0.5799295769	0.002054940358	98.01805352	0.8500541356	1.131892343	83.01964716	5.545630438	11.43472241	0	63.38009805	36.61990195				0	0	0	-843.8638353	0.002054940358	-12209.6178368779	
843.7838353	87	6	7	0.5809005105	0.002048409713	98.01751134	0.8484294427	1.13405922	83.00980124	5.540682186	11.44951657	0	63.38009805	36.61990195				0	0	0	-843.7838353	0.002048409713	-12290.6544921958	
843.7038353	87	6	7	0.5818661072	0.002041922053	98.01696485	0.8468096332	1.136225516	82.99995878	5.535745969	11.46429525	0	63.38009805	36.61990195				0	0	0	-843.7038353	0.002041922053	-12371.948486305	
843.6238353	87	6	7	0.5828264138	0.002035476951	98.01641408	0.8451946808	1.138391236	82.99011977	5.530821722	11.47905851	0	63.38009805	36.61990195				0	0	0	-843.6238353	0.002035476951	-12453.5020985178	
843.5438353	87	6	7	0.5837814766	0.002029073985	98.01585905	0.8435845595	1.140556386	82.98028421	5.525909379	11.49380641	0	63.38009805	36.61990195				0	0	0	-843.5438353	0.002029073985	-12535.3150397668	
843.4638353	87	6	7	0.5847313412	0.002022712739	98.01529978	0.8419792435	1.142720972	82.97045208	5.521008876	11.50853904	0	63.38009805	36.61990195				0	0	0	-843.4638353	0.002022712739	-12617.3861602107	
843.3838353	87	6	7	0.5856760528	0.002016392801	98.01473629	0.8403787073	1.144885	82.96062339	5.516120151	11.52325646	0	63.38009805	36.61990195				0	0	0	-843.3838353	0.002016392801	-12699.7155110302	
843.3038353	87	6	7	0.5866156561	0.002010113766	98.0141686	0.8387829254	1.147048474	82.95079813	5.511243138	11.53795873	0	63.38009805	36.61990195				0	0	0	-843.3038353	0.002010113766	-12782.3032537443	
843.2238353	87	6	7	0.5875501952	0.002003875233	98.01359672	0.8371918728	1.149211402	82.94097628	5.506377777	11.55264594	0	63.38009805	36.61990195				0	0	0	-843.2238353	0.002003875233	-12865.1498249951	
843.1438353	87	6	7	0.5884797136	0.001997676808	98.01302069	0.8356055246	1.151373788	82.93115786	5.501524004	11.56731814	0	63.38009805	36.61990195				0	0	0	-843.1438353	0.001997676808	-12948.2547257808	
843.0638353	87	6	7	0.5894042543	0.0019915181	98.01244051	0.8340238559	1.153535639	82.92134284	5.496681757	11.5819754	0	63.38009805	36.61990195				0	0	0	-843.0638353	0.0019915181	-13031.6187984423	
842.9838353	87	6	7	0.59032386	0.001985398726	98.0118562	0.8324468423	1.155696958	82.91153122	5.491850977	11.5966178	0	63.38009805	36.61990195				0	0	0	-842.9838353	0.001985398726	-13115.2397059222	
842.9038353	87	6	7	0.5912385727	0.001979318303	98.01126779	0.8308744594	1.157857752	82.90172301	5.487031603	11.61124539	0	63.38009805	36.61990195				0	0	0	-842.9038353	0.001979318303	-13199.1187020973	
842.8238353	87	6	7	0.5921484339	0.001973276459	98.01067529	0.8293066832	1.160018026	82.89191818	5.482223573	11.62585824	0	63.38009805	36.61990195				0	0	0	-842.8238353	0.001973276459	-13283.2569762823	
842.7438353	87	6	7	0.5930534848	0.001967272822	98.01007872	0.8277434898	1.162177786	82.88211674	5.47742683	11.64045643	0	63.38009805	36.61990195				0	0	0	-842.7438353	0.001967272822	-13367.6528764213	
842.6638353	87	6	7	0.5939537658	0.001961307028	98.00947811	0.8261848553	1.164337036	82.87231869	5.472641313	11.65504	0	63.38009805	36.61990195				0	0	0	-842.6638353	0.001961307028	-13452.3069029359	
842.5838353	87	6	7	0.5948493172	0.001955378715	98.00887346	0.8246307564	1.166495782	82.862524	5.467866964	11.66960903	0	63.38009805	36.61990195				0	0	0	-842.5838353	0.001955378715	-13537.2187719193	
842.5038353	87	6	7	0.5957401785	0.001949487528	98.0082648	0.8230811697	1.168654029	82.85273269	5.463103726	11.68416359	0	63.38009805	36.61990195				0	0	0	-842.5038353	0.001949487528	-13622.3882132401	
842.4238353	87	6	7	0.596626389	0.001943633114	98.00765215	0.821536072	1.170811783	82.84294474	5.45835154	11.69870372	0	63.38009805	36.61990195				0	0	0	-842.4238353	0.001943633114	-13707.8152641237	
842.3438353	87	6	7	0.5975079875	0.001937815127	98.00703551	0.8199954403	1.172969047	82.83316014	5.45361035	11.71322951	0	63.38009805	36.61990195				0	0	0	-842.3438353	0.001937815127	-13793.5011912616	
842.2638353	87	6	7	0.5983850122	0.001932033224	98.00641492	0.818459252	1.175125828	82.8233789	5.448880098	11.727741	0	63.38009805	36.61990195				0	0	0	-842.2638353	0.001932033224	-13879.4439592566	
842.1838353	87	6	7	0.599257501	0.001926287066	98.00579039	0.8169274844	1.17728213	82.81360101	5.44416073	11.74223826	0	63.38009805	36.61990195				0	0	0	-842.1838353	0.001926287066	-13965.6440376451	
842.1038353	87	6	7	0.6001254913	0.001920576319	98.00516193	0.8154001152	1.179437959	82.80382646	5.439452188	11.75672136	0	63.38009805	36.61990195				0	0	0	-842.1038353	0.001920576319	-14052.1020584085	
842.0238353	87	6	7	0.6009890202	0.001914900653	98.00452956	0.8138771221	1.181593319	82.79405524	5.434754419	11.77119034	0	63.38009805	36.61990195				0	0	0	-842.0238353	0.001914900653	-14138.818883647	
841.9438353	87	6	7	0.6018481243	0.001909259743	98.0038933	0.812358483	1.183748214	82.78428735	5.430067366	11.78564529	0	63.38009805	36.61990195				0	0	0	-841.9438353	0.001909259743	-14225.7929922672	
841.8638353	87	6	7	0.6027028397	0.001903653266	98.00325317	0.8108441762	1.185902651	82.77452278	5.425390976	11.80008624	0	63.38009805	36.61990195				0	0	0	-841.8638353	0.001903653266	-14313.0217505338	
841.7838353	87	6	7	0.6035532022	0.001898080903	98.00260919	0.8093341799	1.188056634	82.76476154	5.420725195	11.81451327	0	63.38009805	36.61990195				0	0	0	-841.7838353	0.001898080903	-14400.5103678452	
841.7038353	87	6	7	0.6043992471	0.001892542343	98.00196136	0.8078284725	1.190210167	82.7550036	5.416069969	11.82892643	0	63.38009805	36.61990195				0	0	0	-841.7038353	0.001892542343	-14488.2563793588	
841.6238353	87	6	7	0.6052410095	0.001887037273	98.00130971	0.8063270328	1.192363255	82.74524898	5.411425246	11.84332578	0	63.38009805	36.61990195				0	0	0	-841.6238353	0.001887037273	-14576.2576825326	
841.5438353	87	6	7	0.606078524	0.001881565388	98.00065426	0.8048298396	1.194515903	82.73549765	5.406790972	11.85771137	0	63.38009805	36.61990195				0	0	0	-841.5438353	0.001881565388	-14664.5187089216	
841.4638353	87	6	7	0.6069118247	0.001876126386	97.99999501	0.8033368718	1.196668116	82.72574963	5.402167096	11.87208328	0	63.38009805	36.61990195				0	0	0	-841.4638353	0.001876126386	-14753.0361713006	
841.3838353	87	6	7	0.6077409455	0.001870719967	97.99933199	0.8018481087	1.198819898	82.71600489	5.397553566	11.88644154	0	63.38009805	36.61990195				0	0	0	-841.3838353	0.001870719967	-14841.8082063182	
841.3038353	87	6	7	0.6085659198	0.001865345835	97.99866522	0.8003635294	1.200971253	82.70626344	5.39295033	11.90078623	0	63.38009805	36.61990195				0	0	0	-841.3038353	0.001865345835	-14930.8400025499	
841.2238353	87	6	7	0.6093867807	0.001860003701	97.9979947	0.7988831135	1.203122187	82.69652527	5.388357338	11.91511739	0	63.38009805	36.61990195				0	0	0	-841.2238353	0.001860003701	-15020.1284948855	
841.1438353	87	6	7	0.610203561	0.001854693274	97.99732046	0.7974068406	1.205272704	82.68679037	5.383774539	11.92943509	0	63.38009805	36.61990195				0	0	0	-841.1438353	0.001854693274	-15109.672375079	
841.0638353	87	6	7	0.6110162929	0.001849414271	97.9966425	0.7959346905	1.207422808	82.67705874	5.379201882	11.94373937	0	63.38009805	36.61990195				0	0	0	-841.0638353	0.001849414271	-15199.475927952	
840.9838353	87	6	7	0.6118250085	0.001844166411	97.99596085	0.7944666431	1.209572504	82.66733038	5.374639319	11.9580303	0	63.38009805	36.61990195				0	0	0	-840.9838353	0.001844166411	-15289.5336574579	
840.9038353	87	6	7	0.6126297395	0.001838949414	97.99527553	0.7930026786	1.211721796	82.65760528	5.370086799	11.97230792	0	63.38009805	36.61990195				0	0	0	-840.9038353	0.001838949414	-15379.8489666709	
840.8238353	87	6	7	0.6134305172	0.001833763008	97.99458653	0.7915427772	1.213870688	82.64788342	5.365544275	11.9865723	0	63.38009805	36.61990195				0	0	0	-840.8238353	0.001833763008	-15470.422300451	
840.7438353	87	6	7	0.6142273726	0.00182860692	97.9938939	0.7900869193	1.216019186	82.63816482	5.361011696	12.00082348	0	63.38009805	36.61990195				0	0	0	-840.7438353	0.00182860692	-15561.2500016025	
840.6638353	87	6	7	0.6150203362	0.001823480882	97.99319762	0.7886350854	1.218167292	82.62844946	5.356489016	12.01506153	0	63.38009805	36.61990195				0	0	0	-840.6638353	0.001823480882	-15652.3343707369	
840.5838353	87	6	7	0.6158094385	0.001818384629	97.99249773	0.7871872562	1.220315012	82.61873733	5.351976185	12.02928648	0	63.38009805	36.61990195				0	0	0	-840.5838353	0.001818384629	-15743.6764730125	
840.5038353	87	6	7	0.6165947094	0.0018133179	97.99179424	0.7857434127	1.222462349	82.60902844	5.347473158	12.0434984	0	63.38009805	36.61990195				0	0	0	-840.5038353	0.0018133179	-15835.2759494209	
840.4238353	87	6	7	0.6173761786	0.001808280436	97.99108716	0.7843035357	1.224609308	82.59932278	5.342979886	12.05769734	0	63.38009805	36.61990195				0	0	0	-840.4238353	0.001808280436	-15927.1310401165	
840.3438353	87	6	7	0.6181538754	0.001803271981	97.9903765	0.7828676064	1.226755893	82.58962033	5.338496323	12.07188335	0	63.38009805	36.61990195				0	0	0	-840.3438353	0.001803271981	-16019.2416342774	
840.2638353	87	6	7	0.618927829	0.001798292282	97.98966229	0.7814356062	1.228902108	82.5799211	5.334022423	12.08605648	0	63.38009805	36.61990195				0	0	0	-840.2638353	0.001798292282	-16111.6094032237	
840.1838353	87	6	7	0.6196980679	0.00179334109	97.98894453	0.7800075163	1.231047957	82.57022508	5.32955814	12.10021678	0	63.38009805	36.61990195				0	0	0	-840.1838353	0.00179334109	-16204.2345430558	
840.1038353	87	6	7	0.6204646208	0.001788418158	97.98822324	0.7785833184	1.233193444	82.56053227	5.325103427	12.1143643	0	63.38009805	36.61990195				0	0	0	-840.1038353	0.001788418158	-16297.1141200115	
840.0238353	87	6	7	0.6212275156	0.001783523241	97.98749843	0.7771629941	1.235338574	82.55084266	5.32065824	12.1284991	0	63.38009805	36.61990195				0	0	0	-840.0238353	0.001783523241	-16390.2486036897	
839.9438353	87	6	7	0.6219867803	0.001778656098	97.98677012	0.7757465253	1.23748335	82.54115624	5.316222534	12.14262122	0	63.38009805	36.61990195				0	0	0	-839.9438353	0.001778656098	-16483.6419863077	
839.8638353	87	6	7	0.6227424423	0.001773816492	97.98603833	0.774333894	1.239627776	82.53147302	5.311796263	12.15673072	0	63.38009805	36.61990195				0	0	0	-839.8638353	0.001773816492	-16577.2916362327	
839.7838353	87	6	7	0.623494529	0.001769004186	97.98530306	0.7729250822	1.241771857	82.52179297	5.307379385	12.17082764	0	63.38009805	36.61990195				0	0	0	-839.7838353	0.001769004186	-16671.1950972731	
839.7038353	87	6	7	0.6242430673	0.001764218947	97.98456433	0.7715200721	1.243915596	82.51211611	5.302971854	12.18491203	0	63.38009805	36.61990195				0	0	0	-839.7038353	0.001764218947	-16765.3568881745	
839.6238353	87	6	7	0.6249880839	0.001759460546	97.98382216	0.7701188462	1.246058996	82.50244243	5.298573627	12.19898395	0	63.38009805	36.61990195				0	0	0	-839.6238353	0.001759460546	-16859.7728897327	
839.5438353	87	6	7	0.6257296053	0.001754728753	97.98307655	0.7687213868	1.248202063	82.49277191	5.294184661	12.21304343	0	63.38009805	36.61990195				0	0	0	-839.5438353	0.001754728753	-16954.4445846318	
839.4638353	87	6	7	0.6264676576	0.001750023345	97.98232752	0.7673276767	1.250344799	82.48310455	5.289804914	12.22709053	0	63.38009805	36.61990195				0	0	0	-839.4638353	0.001750023345	-17049.3733346107	
839.3838353	87	6	7	0.6272022666	0.001745344098	97.98157509	0.7659376985	1.252487209	82.47344036	5.285434341	12.2411253	0	63.38009805	36.61990195				0	0	0	-839.3838353	0.001745344098	-17144.5573120444	
839.3038353	87	6	7	0.627933458	0.001740690793	97.98081927	0.7645514352	1.254629296	82.46377932	5.281072902	12.25514778	0	63.38009805	36.61990195				0	0	0	-839.3038353	0.001740690793	-17239.9982494882	
839.2238353	87	6	7	0.6286612571	0.001736063212	97.98006007	0.7631688697	1.256771064	82.45412143	5.276720553	12.26915802	0	63.38009805	36.61990195				0	0	0	-839.2238353	0.001736063212	-17335.6925613576	
839.1438353	87	6	7	0.6293856891	0.001731461139	97.9792975	0.7617899851	1.258912517	82.44446668	5.272377253	12.28315606	0	63.38009805	36.61990195				0	0	0	-839.1438353	0.001731461139	-17431.6442734442	
839.0638353	87	6	7	0.6301067787	0.001726884363	97.97853158	0.7604147646	1.261053659	82.43481508	5.268042962	12.29714196	0	63.38009805	36.61990195				0	0	0	-839.0638353	0.001726884363	-17527.8517733847	
838.9838353	87	6	7	0.6308245506	0.001722332672	97.97776232	0.7590431917	1.263194492	82.4251666	5.263717637	12.31111576	0	63.38009805	36.61990195				0	0	0	-838.9838353	0.001722332672	-17624.3137647059	
838.9038353	87	6	7	0.6315390291	0.001717805859	97.97698973	0.7576752497	1.265335021	82.41552126	5.259401238	12.3250775	0	63.38009805	36.61990195				0	0	0	-838.9038353	0.001717805859	-17721.0327342491	
838.8238353	87	6	7	0.6322502382	0.001713303718	97.97621383	0.7563109224	1.26747525	82.40587904	5.255093724	12.33902724	0	63.38009805	36.61990195				0	0	0	-838.8238353	0.001713303718	-17818.0055656526	
838.7438353	87	6	7	0.6329582019	0.001708826045	97.97543463	0.7549501933	1.269615181	82.39623994	5.250795056	12.352965	0	63.38009805	36.61990195				0	0	0	-838.7438353	0.001708826045	-17915.233146075	
838.6638353	87	6	7	0.6336629438	0.001704372639	97.97465213	0.7535930463	1.271754819	82.38660395	5.246505193	12.36689085	0	63.38009805	36.61990195				0	0	0	-838.6638353	0.001704372639	-18012.7185372694	
838.5838353	87	6	7	0.6343644871	0.001699943302	97.97386637	0.7522394654	1.273894167	82.37697108	5.242224095	12.38080483	0	63.38009805	36.61990195				0	0	0	-838.5838353	0.001699943302	-18110.4588466185	
838.5038353	87	6	7	0.6350628551	0.001695537836	97.97307734	0.7508894346	1.276033229	82.36734131	5.237951724	12.39470697	0	63.38009805	36.61990195				0	0	0	-838.5038353	0.001695537836	-18208.4534102945	
838.4238353	87	6	7	0.6357580707	0.001691156047	97.97228505	0.749542938	1.278172007	82.35771463	5.233688041	12.40859733	0	63.38009805	36.61990195				0	0	0	-838.4238353	0.001691156047	-18306.7035986414	
838.3438353	87	6	7	0.6364501565	0.001686797742	97.97148953	0.74819996	1.280310506	82.34809105	5.229433005	12.42247594	0	63.38009805	36.61990195				0	0	0	-838.3438353	0.001686797742	-18405.2068250125	
838.2638353	87	6	7	0.637139135	0.00168246273	97.97069079	0.7468604849	1.282448729	82.33847057	5.22518658	12.43634285	0	63.38009805	36.61990195				0	0	0	-838.2638353	0.00168246273	-18503.9691216309	
838.1838353	87	6	7	0.6378250285	0.001678150825	97.96988882	0.7455244972	1.284586679	82.32885316	5.220948727	12.45019811	0	63.38009805	36.61990195				0	0	0	-838.1838353	0.001678150825	-18602.9858366363	
838.1038353	87	6	7	0.638507859	0.001673861838	97.96908366	0.7441919816	1.28672436	82.31923884	5.216719408	12.46404175	0	63.38009805	36.61990195				0	0	0	-838.1038353	0.001673861838	-18702.2548224746	
838.0238353	87	6	7	0.6391876482	0.001669595586	97.9682753	0.7428629226	1.288861775	82.30962759	5.212498584	12.47787383	0	63.38009805	36.61990195				0	0	0	-838.0238353	0.001669595586	-18801.782470967	
837.9438353	87	6	7	0.6398644178	0.001665351887	97.96746377	0.7415373052	1.290998927	82.30001941	5.20828622	12.49169437	0	63.38009805	36.61990195				0	0	0	-837.9438353	0.001665351887	-18901.5622686572	
837.8638353	87	6	7	0.6405381891	0.001661130559	97.96664907	0.7402151143	1.29313582	82.2904143	5.204082277	12.50550342	0	63.38009805	36.61990195				0	0	0	-837.8638353	0.001661130559	-19001.5967135635	
837.7838353	87	6	7	0.6412089834	0.001656931425	97.96583121	0.7388963349	1.295272458	82.28081225	5.19988672	12.51930103	0	63.38009805	36.61990195				0	0	0	-837.7838353	0.001656931425	-19101.888291556	
837.7038353	87	6	7	0.6418768215	0.001652754308	97.96501021	0.7375809521	1.297408842	82.27121325	5.19569951	12.53308724	0	63.38009805	36.61990195				0	0	0	-837.7038353	0.001652754308	-19202.4352992928	
837.6238353	87	6	7	0.6425417243	0.001648599034	97.96418607	0.7362689511	1.299544977	82.26161731	5.191520612	12.54686208	0	63.38009805	36.61990195				0	0	0	-837.6238353	0.001648599034	-19303.2359322951	
837.5438353	87	6	7	0.6432037123	0.001644465429	97.96335882	0.7349603173	1.301680865	82.25202441	5.18734999	12.5606256	0	63.38009805	36.61990195				0	0	0	-837.5438353	0.001644465429	-19404.2909544671	
837.4638353	87	6	7	0.6438628058	0.001640353323	97.96252845	0.733655036	1.30381651	82.24243455	5.183187608	12.57437784	0	63.38009805	36.61990195				0	0	0	-837.4638353	0.001640353323	-19505.60108193	
837.3838353	87	6	7	0.6445190251	0.001636262546	97.96169499	0.732353093	1.305951916	82.23284773	5.17903343	12.58811884	0	63.38009805	36.61990195				0	0	0	-837.3838353	0.001636262546	-19607.164951149	
837.3038353	87	6	7	0.6451723901	0.001632192931	97.96085844	0.7310544736	1.308087085	82.22326394	5.174887421	12.60184863	0	63.38009805	36.61990195				0	0	0	-837.3038353	0.001632192931	-19708.9835596131	
837.2238353	87	6	7	0.6458229206	0.001628144312	97.96001882	0.7297591638	1.31022202	82.21368318	5.170749546	12.61556727	0	63.38009805	36.61990195				0	0	0	-837.2238353	0.001628144312	-19811.058164975	
837.1438353	87	6	7	0.6464706362	0.001624116526	97.95917613	0.7284671492	1.312356724	82.20410545	5.16661977	12.62927478	0	63.38009805	36.61990195				0	0	0	-837.1438353	0.001624116526	-19913.3875858048	
837.0638353	87	6	7	0.6471155562	0.00162010941	97.95833038	0.7271784159	1.314491201	82.19453073	5.162498059	12.64297121	0	63.38009805	36.61990195				0	0	0	-837.0638353	0.00162010941	-20015.9683308281	
836.9838353	87	6	7	0.6477577	0.001616122803	97.9574816	0.7258929498	1.316625454	82.18495902	5.158384377	12.6566566	0	63.38009805	36.61990195				0	0	0	-836.9838353	0.001616122803	-20118.8069976154	
836.9038353	87	6	7	0.6483970866	0.001612156548	97.95662978	0.724610737	1.318759486	82.17539032	5.154278691	12.67033098	0	63.38009805	36.61990195				0	0	0	-836.9038353	0.001612156548	-20221.9001383731	
836.8238353	87	6	7	0.6490337348	0.001608210486	97.95577494	0.7233317637	1.320893299	82.16582463	5.150180967	12.6839944	0	63.38009805	36.61990195				0	0	0	-836.8238353	0.001608210486	-20325.2471996474	
836.7438353	87	6	7	0.6496676634	0.001604284463	97.95491709	0.7220560163	1.323026897	82.15626194	5.146091171	12.69764689	0	63.38009805	36.61990195				0	0	0	-836.7438353	0.001604284463	-20428.847344773	
836.6638353	87	6	7	0.6502988908	0.001600378323	97.95405624	0.720783481	1.325160282	82.14670224	5.14200927	12.71128849	0	63.38009805	36.61990195				0	0	0	-836.6638353	0.001600378323	-20532.7028522374	
836.5838353	87	6	7	0.6509274353	0.001596491916	97.9531924	0.7195141445	1.327293458	82.13714553	5.13793523	12.72491924	0	63.38009805	36.61990195				0	0	0	-836.5838353	0.001596491916	-20636.8130841738	
836.5038353	87	6	7	0.6515533152	0.001592625089	97.95232558	0.7182479931	1.329426428	82.12759181	5.13386902	12.73853917	0	63.38009805	36.61990195				0	0	0	-836.5038353	0.001592625089	-20741.1752607479	
836.4238353	87	6	7	0.6521765485	0.001588777694	97.95145579	0.7169850136	1.331559195	82.11804107	5.129810604	12.75214833	0	63.38009805	36.61990195				0	0	0	-836.4238353	0.001588777694	-20845.7943898716	
836.3438353	87	6	7	0.6527971529	0.001584949583	97.95058305	0.7157251927	1.33369176	82.1084933	5.125759952	12.76574675	0	63.38009805	36.61990195				0	0	0	-836.3438353	0.001584949583	-20950.6677564732	
836.2638353	87	6	7	0.6534151461	0.00158114061	97.94970735	0.7144685172	1.335824128	82.09894851	5.121717031	12.77933446	0	63.38009805	36.61990195				0	0	0	-836.2638353	0.00158114061	-21055.7925312844	
836.1838353	87	6	7	0.6540305457	0.001577350629	97.94882872	0.7132149741	1.337956302	82.08940668	5.117681809	12.79291151	0	63.38009805	36.61990195				0	0	0	-836.1838353	0.001577350629	-21161.1744716814	
836.1038353	87	6	7	0.654643369	0.001573579499	97.94794717	0.7119645502	1.340088283	82.07986782	5.113654254	12.80647793	0	63.38009805	36.61990195				0	0	0	-836.1038353	0.001573579499	-21266.8108278232	
836.0238353	87	6	7	0.6552536331	0.001569827076	97.94706269	0.7107172328	1.342220075	82.07033191	5.109634334	12.82003375	0	63.38009805	36.61990195				0	0	0	-836.0238353	0.001569827076	-21372.6964167442	
835.9438353	87	6	7	0.6558613551	0.00156609322	97.94617531	0.709473009	1.344351681	82.06079896	5.105622017	12.83357902	0	63.38009805	36.61990195				0	0	0	-835.9438353	0.00156609322	-21478.8401133973	
835.8638353	87	6	7	0.6564665519	0.001562377793	97.94528503	0.7082318659	1.346483104	82.05126896	5.101617273	12.84711377	0	63.38009805	36.61990195				0	0	0	-835.8638353	0.001562377793	-21585.2396069537	
835.7838353	87	6	7	0.6570692402	0.001558680657	97.94439186	0.7069937911	1.348614345	82.0417419	5.09762007	12.86063802	0	63.38009805	36.61990195				0	0	0	-835.7838353	0.001558680657	-21691.8897435951	
835.7038353	87	6	7	0.6576694364	0.001555001675	97.94349582	0.7057587717	1.350745409	82.03221779	5.093630378	12.87415183	0	63.38009805	36.61990195				0	0	0	-835.7038353	0.001555001675	-21798.7912087426	
835.6238353	87	6	7	0.6582671572	0.001551340712	97.94259691	0.7045267954	1.352876297	82.02269661	5.089648166	12.88765523	0	63.38009805	36.61990195				0	0	0	-835.6238353	0.001551340712	-21905.9508194006	
835.5438353	87	6	7	0.6588624187	0.001547697636	97.94169514	0.7032978497	1.355007013	82.01317836	5.085673403	12.90114824	0	63.38009805	36.61990195				0	0	0	-835.5438353	0.001547697636	-22013.3665315344	
835.4638353	87	6	7	0.6594552369	0.001544072314	97.94079052	0.7020719223	1.357137559	82.00366304	5.081706059	12.9146309	0	63.38009805	36.61990195				0	0	0	-835.4638353	0.001544072314	-22121.0334722443	
835.3838353	87	6	7	0.660045628	0.001540464615	97.93988306	0.7008490009	1.359267938	81.99415064	5.077746105	12.92810326	0	63.38009805	36.61990195				0	0	0	-835.3838353	0.001540464615	-22228.9527343067	
835.3038353	87	6	7	0.6606336078	0.001536874409	97.93897277	0.6996290732	1.361398152	81.98464116	5.073793509	12.94156533	0	63.38009805	36.61990195				0	0	0	-835.3038353	0.001536874409	-22337.125617574	
835.2238353	87	6	7	0.6612191918	0.001533301568	97.93805967	0.6984121273	1.363528204	81.97513459	5.069848244	12.95501717	0	63.38009805	36.61990195				0	0	0	-835.2238353	0.001533301568	-22445.5535136972	
835.1438353	87	6	7	0.6618023957	0.001529745965	97.93714375	0.697198151	1.365658098	81.96563093	5.065910278	12.96845879	0	63.38009805	36.61990195				0	0	0	-835.1438353	0.001529745965	-22554.2348207309	
835.0638353	87	6	7	0.6623832349	0.001526207474	97.93622503	0.6959871323	1.367787834	81.95613018	5.061979583	12.98189024	0	63.38009805	36.61990195				0	0	0	-835.0638353	0.001526207474	-22663.167973976	
834.9838353	87	6	7	0.6629617247	0.00152268597	97.93530352	0.6947790595	1.369917417	81.94663232	5.05805613	12.99531155	0	63.38009805	36.61990195				0	0	0	-834.9838353	0.00152268597	-22772.3579927285	
834.9038353	87	6	7	0.6635378801	0.001519181331	97.93437923	0.6935739206	1.372046848	81.93713737	5.05413989	13.00872274	0	63.38009805	36.61990195				0	0	0	-834.9038353	0.001519181331	-22881.8034566444	
834.8238353	87	6	7	0.6641117162	0.001515693434	97.93345217	0.692371704	1.37417613	81.9276453	5.050230835	13.02212386	0	63.38009805	36.61990195				0	0	0	-834.8238353	0.001515693434	-22991.4965701733	
834.7438353	87	6	7	0.6646832479	0.001512222157	97.93252234	0.6911723979	1.376305266	81.91815613	5.046328935	13.03551494	0	63.38009805	36.61990195				0	0	0	-834.7438353	0.001512222157	-23101.4460443478	
834.6638353	87	6	7	0.6652524898	0.001508767382	97.93158975	0.6899759908	1.378434259	81.90866983	5.042434162	13.04889601	0	63.38009805	36.61990195				0	0	0	-834.6638353	0.001508767382	-23211.6506338046	
834.5838353	87	6	7	0.6658194567	0.001505328989	97.93065442	0.6887824712	1.38056311	81.89918642	5.038546488	13.06226709	0	63.38009805	36.61990195				0	0	0	-834.5838353	0.001505328989	-23322.1060978764	
834.5038353	87	6	7	0.6663841629	0.001501906861	97.92971635	0.6875918276	1.382691822	81.88970588	5.034665886	13.07562824	0	63.38009805	36.61990195				0	0	0	-834.5038353	0.001501906861	-23432.8147323837	
834.4238353	87	6	7	0.6669466228	0.001498500881	97.92877555	0.6864040487	1.384820398	81.88022821	5.030792327	13.08897947	0	63.38009805	36.61990195				0	0	0	-834.4238353	0.001498500881	-23543.779215278	
834.3438353	87	6	7	0.6675068508	0.001495110935	97.92783204	0.685219123	1.38694884	81.8707534	5.026925783	13.10232081	0	63.38009805	36.61990195				0	0	0	-834.3438353	0.001495110935	-23654.9951629286	
834.2638353	87	6	7	0.6680648608	0.001491736907	97.92688581	0.6840370395	1.389077151	81.86128146	5.023066228	13.11565231	0	63.38009805	36.61990195				0	0	0	-834.2638353	0.001491736907	-23766.465579541	
834.1838353	87	6	7	0.6686206668	0.001488378686	97.92593688	0.6828577868	1.391205333	81.85181238	5.019213634	13.12897399	0	63.38009805	36.61990195				0	0	0	-834.1838353	0.001488378686	-23878.189611876	
834.1038353	87	6	7	0.6691742827	0.001485036158	97.92498526	0.681681354	1.393333388	81.84234614	5.015367974	13.14228588	0	63.38009805	36.61990195				0	0	0	-834.1038353	0.001485036158	-23990.1633777947	
834.0238353	87	6	7	0.6697257223	0.001481709213	97.92403095	0.68050773	1.39546132	81.83288276	5.011529221	13.15558802	0	63.38009805	36.61990195				0	0	0	-834.0238353	0.001481709213	-24102.3934607455	
833.9438353	87	6	7	0.6702749992	0.001478397741	97.92307397	0.6793369038	1.397589129	81.82342222	5.007697348	13.16888043	0	63.38009805	36.61990195				0	0	0	-833.9438353	0.001478397741	-24214.8796624407	
833.8638353	87	6	7	0.6708221269	0.001475101634	97.92211432	0.6781688645	1.39971682	81.81396453	5.003872329	13.18216315	0	63.38009805	36.61990195				0	0	0	-833.8638353	0.001475101634	-24327.617996555	
833.7838353	87	6	7	0.6713671187	0.001471820783	97.92115201	0.6770036013	1.401844393	81.80450966	5.000054137	13.1954362	0	63.38009805	36.61990195				0	0	0	-833.7838353	0.001471820783	-24440.6046269511	
833.7038353	87	6	7	0.6719099879	0.001468555081	97.92018704	0.6758411035	1.403971852	81.79505764	4.996242746	13.20869962	0	63.38009805	36.61990195				0	0	0	-833.7038353	0.001468555081	-24553.8468665097	
833.6238353	87	6	7	0.6724507478	0.001465304423	97.91921944	0.6746813602	1.406099199	81.78560843	4.99243813	13.22195344	0	63.38009805	36.61990195				0	0	0	-833.6238353	0.001465304423	-24667.344717478	
833.5438353	87	6	7	0.6729894113	0.001462068704	97.9182492	0.673524361	1.408226436	81.77616206	4.988640262	13.23519768	0	63.38009805	36.61990195				0	0	0	-833.5438353	0.001462068704	-24781.0906662426	
833.4638353	87	6	7	0.6735259914	0.001458847819	97.91727634	0.6723700952	1.410353565	81.7667185	4.984849118	13.24843238	0	63.38009805	36.61990195				0	0	0	-833.4638353	0.001458847819	-24895.0926472907	
833.3838353	87	6	7	0.674060501	0.001455641667	97.91630086	0.6712185522	1.412480588	81.75727776	4.981064671	13.26165757	0	63.38009805	36.61990195				0	0	0	-833.3838353	0.001455641667	-25009.3508028429	
833.3038353	87	6	7	0.6745929526	0.001452450145	97.91532277	0.6700697218	1.414607509	81.74783983	4.977286897	13.27487328	0	63.38009805	36.61990195				0	0	0	-833.3038353	0.001452450145	-25123.8578397494	
833.2238353	87	6	7	0.6751233591	0.001449273152	97.91434208	0.6689235934	1.416734329	81.7384047	4.973515769	13.28807953	0	63.38009805	36.61990195				0	0	0	-833.2238353	0.001449273152	-25238.6180459521	
833.1438353	87	6	7	0.6756517328	0.001446110588	97.91335879	0.6677801568	1.41886105	81.72897238	4.969751263	13.30127636	0	63.38009805	36.61990195				0	0	0	-833.1438353	0.001446110588	-25353.6319764846	
833.0638353	87	6	7	0.6761780861	0.001442962354	97.91237292	0.6666394016	1.420987676	81.71954286	4.965993353	13.31446379	0	63.38009805	36.61990195				0	0	0	-833.0638353	0.001442962354	-25468.9002946809	
832.9838353	87	6	7	0.6767024315	0.001439828352	97.91138448	0.6655013178	1.423114207	81.71011613	4.962242015	13.32764185	0	63.38009805	36.61990195				0	0	0	-832.9838353	0.001439828352	-25584.4196472157	
832.9038353	87	6	7	0.6772247809	0.001436708484	97.91039346	0.6643658951	1.425240646	81.7006922	4.958497224	13.34081058	0	63.38009805	36.61990195				0	0	0	-832.9038353	0.001436708484	-25700.1908856252	
832.8238353	87	6	7	0.6777451467	0.001433602654	97.90939988	0.6632331235	1.427366995	81.69127105	4.954758956	13.35397	0	63.38009805	36.61990195				0	0	0	-832.8238353	0.001433602654	-25816.2190327953	
832.7438353	87	6	7	0.6782635406	0.001430510767	97.90840375	0.662102993	1.429493257	81.68185268	4.951027186	13.36712013	0	63.38009805	36.61990195				0	0	0	-832.7438353	0.001430510767	-25932.4967332165	
832.6638353	87	6	7	0.6787799747	0.001427432727	97.90740507	0.6609754935	1.431619434	81.67243709	4.94730189	13.38026102	0	63.38009805	36.61990195				0	0	0	-832.6638353	0.001427432727	-26049.025160422	
832.5838353	87	6	7	0.6792944608	0.001424368441	97.90640386	0.6598506153	1.433745528	81.66302428	4.943583044	13.39339268	0	63.38009805	36.61990195				0	0	0	-832.5838353	0.001424368441	-26165.8139452167	
832.5038353	87	6	7	0.6798070104	0.001421317817	97.90540011	0.6587283484	1.43587154	81.65361423	4.939870623	13.40651514	0	63.38009805	36.61990195				0	0	0	-832.5038353	0.001421317817	-26282.8515250428	
832.4238353	87	6	7	0.6803176353	0.001418280761	97.90439384	0.6576086831	1.437997474	81.64420696	4.936164605	13.41962844	0	63.38009805	36.61990195				0	0	0	-832.4238353	0.001418280761	-26400.1350269626	
832.3438353	87	6	7	0.680826347	0.001415257182	97.90338506	0.6564916096	1.440123331	81.63480244	4.932464965	13.43273259	0	63.38009805	36.61990195				0	0	0	-832.3438353	0.001415257182	-26517.678906394	
832.2638353	87	6	7	0.6813331567	0.001412246991	97.90237377	0.6553771183	1.442249113	81.62540068	4.92877168	13.44582764	0	63.38009805	36.61990195				0	0	0	-832.2638353	0.001412246991	-26635.4759336369	
832.1838353	87	6	7	0.6818380759	0.001409250097	97.90135998	0.6542651995	1.444374823	81.61600168	4.925084726	13.45891359	0	63.38009805	36.61990195				0	0	0	-832.1838353	0.001409250097	-26753.5235316441	
832.1038353	87	6	7	0.6823411158	0.001406266412	97.90034369	0.6531558438	1.446500462	81.60660543	4.921404081	13.47199049	0	63.38009805	36.61990195				0	0	0	-832.1038353	0.001406266412	-26871.8278210992	
832.0238353	87	6	7	0.6828422876	0.001403295848	97.89932493	0.6520490415	1.448626033	81.59721192	4.917729721	13.48505836	0	63.38009805	36.61990195				0	0	0	-832.0238353	0.001403295848	-26990.3770920758	
831.9438353	87	6	7	0.6833416021	0.001400338316	97.89830368	0.6509447832	1.450751538	81.58782116	4.914061623	13.49811722	0	63.38009805	36.61990195				0	0	0	-831.9438353	0.001400338316	-27109.1825500059	
831.8638353	87	6	7	0.6838390705	0.001397393732	97.89727996	0.6498430596	1.452876978	81.57843313	4.910399764	13.5111671	0	63.38009805	36.61990195				0	0	0	-831.8638353	0.001397393732	-27228.241369619	
831.7838353	87	6	7	0.6843347036	0.001394462008	97.89625378	0.6487438613	1.455002356	81.56904784	4.906744122	13.52420803	0	63.38009805	36.61990195				0	0	0	-831.7838353	0.001394462008	-27347.5514439989	
831.7038353	87	6	7	0.6848285121	0.001391543061	97.89522515	0.6476471789	1.457127674	81.55966528	4.903094675	13.53724004	0	63.38009805	36.61990195				0	0	0	-831.7038353	0.001391543061	-27467.1146865524	
831.6238353	87	6	7	0.6853205067	0.001388636805	97.89419406	0.6465530034	1.459252934	81.55028545	4.899451399	13.55026315	0	63.38009805	36.61990195				0	0	0	-831.6238353	0.001388636805	-27586.9290259096	
831.5438353	87	6	7	0.6858106981	0.001385743158	97.89316054	0.6454613254	1.461378137	81.54090834	4.895814272	13.56327739	0	63.38009805	36.61990195				0	0	0	-831.5438353	0.001385743158	-27707.0014922757	
831.4638353	87	6	7	0.6862990968	0.001382862037	97.89212458	0.6443721359	1.463503286	81.53153395	4.892183273	13.57628278	0	63.38009805	36.61990195				0	0	0	-831.4638353	0.001382862037	-27827.3203356288	
831.3838353	87	6	7	0.6867857131	0.001379993359	97.89108619	0.6432854258	1.465628383	81.52216227	4.888558379	13.58927935	0	63.38009805	36.61990195				0	0	0	-831.3838353	0.001379993359	-27947.8930853505	
831.3038353	87	6	7	0.6872705575	0.001377137044	97.89004538	0.642201186	1.46775343	81.5127933	4.884939568	13.60226713	0	63.38009805	36.61990195				0	0	0	-831.3038353	0.001377137044	-28068.7174255679	
831.2238353	87	6	7	0.6877536402	0.00137429301	97.88900216	0.6411194076	1.469878428	81.50342704	4.881326819	13.61524614	0	63.38009805	36.61990195				0	0	0	-831.2238353	0.00137429301	-28189.796476871	
831.1438353	87	6	7	0.6882349714	0.001371461179	97.88795654	0.6400400816	1.47200338	81.49406349	4.87772011	13.6282164	0	63.38009805	36.61990195				0	0	0	-831.1438353	0.001371461179	-28311.1279757984	
831.0638353	87	6	7	0.6887145612	0.00136864147	97.88690851	0.6389631992	1.474128288	81.48470263	4.874119419	13.64117795	0	63.38009805	36.61990195				0	0	0	-831.0638353	0.00136864147	-28255.7227154441	
831.0238353	87	6	7	0.6889535546	0.0006832206016	97.88638361	0.6384256552	1.47519073	81.48002321	4.872321324	13.64765546	0	63.38009805	36.61990195				0	0	0	-831.0238353	0.0006832206016	-36.1310597388268	
831.0138353	87	6	7	0.6890131557	0.0001705790658	97.88625228	0.6382913821	1.475456334	81.47885361	4.871871956	13.64927443	0	63.38009805	36.61990195				0	0	0	-831.0138353	0.0001705790658	-19.51884636505	
830.9938353	87	6	7	1	0.8323826229	97.8862911	0.6382041857	1.475504711				0	63.38009805	36.61990195	5.917047489E-05	0	99.99994083				-830.9938353	0.8323826229	0.0240323366480459	
830.9738353	87	6	7	1	0.8323826229	97.8862911	0.6382041857	1.475504711				0	63.38009805	36.61990195	5.917047489E-05	0	99.99994083				-830.9738353	0.8323826229	NaN	
830.9338353	87	6	7	1	0.8323826229	97.8862911	0.6382041857	1.475504711				0	63.38009805	36.61990195	5.917047489E-05	0	99.99994083				-830.9338353	0.8323826229	NaN	
830.8538353	87	6	7	1	0.8323826229	97.8862911	0.6382041857	1.475504711				0	63.38009805	36.61990195	5.917047489E-05	0	99.99994083				-830.8538353	0.8323826229	NaN	
830.6938353	87	6	7	1	0.8323826229	97.8862911	0.6382041857	1.475504711				0	63.38009805	36.61990195	5.917047489E-05	0	99.99994083				-830.6938353	0.8323826229	NaN	
830.5338353	87	6	7	1	0.8323826229	97.8862911	0.6382041857	1.475504711				0	63.38009805	36.61990195	5.917047489E-05	0	99.99994083				-830.5338353	0.8323826229	NaN	
830.3738353	87	6	7	1	0.8323826229	97.8862911	0.6382041857	1.475504711				0	63.38009805	36.61990195	5.917047489E-05	0	99.99994083				-830.3738353	0.8323826229	NaN	
830.2138353	87	6	7	1	0.8323826229	97.8862911	0.6382041857	1.475504711				0	63.38009805	36.61990195	5.917047489E-05	0	99.99994083				-830.2138353	0.8323826229	NaN	
830.0538353	87	6	7	1	0.8323826229	97.8862911	0.6382041857	1.475504711				0	63.38009805	36.61990195	5.917047489E-05	0	99.99994083				-830.0538353	0.8323826229	NaN	
829.8938353	87	6	7	1	0.8323826229	97.8862911	0.6382041857	1.475504711				0	63.38009805	36.61990195	5.917047489E-05	0	99.99994083				-829.8938353	0.8323826229	NaN	
829.7338353	87	6	7	1	0.8323826229	97.8862911	0.6382041857	1.475504711				0	63.38009805	36.61990195	5.917047489E-05	0	99.99994083				-829.7338353	0.8323826229	NaN	
829.5738353	87	6	7	1	0.8323826229	97.8862911	0.6382041857	1.475504711				0	63.38009805	36.61990195	5.917047489E-05	0	99.99994083				-829.5738353	0.8323826229	NaN	
829.4138353	87	6	7	1	0.8323826229	97.8862911	0.6382041857	1.475504711				0	63.38009805	36.61990195	5.917047489E-05	0	99.99994083				-829.4138353	0.8323826229	NaN	
829.2538353	87	6	7	1	0.8323826229	97.8862911	0.6382041857	1.475504711				0	63.38009805	36.61990195	5.917047489E-05	0	99.99994083				-829.2538353	0.8323826229	NaN	
829.0938353	87	6	7	1	0.8323826229	97.8862911	0.6382041857	1.475504711				0	63.38009805	36.61990195	5.917047489E-05	0	99.99994083				-829.0938353	0.8323826229	NaN	
828.9338353	87	6	7	1	0.8323826229	97.8862911	0.6382041857	1.475504711				0	63.38009805	36.61990195	5.917047489E-05	0	99.99994083				-828.9338353	0.8323826229	NaN	
828.7738353	87	6	7	1	0.8323826229	97.8862911	0.6382041857	1.475504711				0	63.38009805	36.61990195	5.917047489E-05	0	99.99994083				-828.7738353	0.8323826229	NaN	
828.6138353	87	6	7	1	0.8323826229	97.8862911	0.6382041857	1.475504711				0	63.38009805	36.61990195	5.917047489E-05	0	99.99994083				-828.6138353	0.8323826229	NaN	
828.4538353	87	6	7	1	0.8323826229	97.8862911	0.6382041857	1.475504711				0	63.38009805	36.61990195	5.917047489E-05	0	99.99994083				-828.4538353	0.8323826229	NaN	
828.2938353	87	6	7	1	0.8323826229	97.8862911	0.6382041857	1.475504711				0	63.38009805	36.61990195	5.917047489E-05	0	99.99994083				-828.2938353	0.8323826229	NaN	
828.1338353	87	6	7	1	0.8323826229	97.8862911	0.6382041857	1.475504711				0	63.38009805	36.61990195	5.917047489E-05	0	99.99994083				-828.1338353	0.8323826229	NaN	
827.9738353	87	6	7	1	0.8323826229	97.8862911	0.6382041857	1.475504711				0	63.38009805	36.61990195	5.917047489E-05	0	99.99994083				-827.9738353	0.8323826229	NaN	
827.8138353	87	6	7	1	0.8323826229	97.8862911	0.6382041857	1.475504711				0	63.38009805	36.61990195	5.917047489E-05	0	99.99994083				-827.8138353	0.8323826229	NaN	
827.6538353	87	6	7	1	0.8323826229	97.8862911	0.6382041857	1.475504711				0	63.38009805	36.61990195	5.917047489E-05	0	99.99994083				-827.6538353	0.8323826229	NaN	
827.4938353	87	6	7	1	0.8323826229	97.8862911	0.6382041857	1.475504711				0	63.38009805	36.61990195	5.917047489E-05	0	99.99994083				-827.4938353	0.8323826229	NaN	
827.3338353	87	6	7	1	0.8323826229	97.8862911	0.6382041857	1.475504711				0	63.38009805	36.61990195	5.917047489E-05	0	99.99994083				-827.3338353	0.8323826229	NaN	
827.1738353	87	6	7	1	0.8323826229	97.8862911	0.6382041857	1.475504711				0	63.38009805	36.61990195	5.917047489E-05	0	99.99994083				-827.1738353	0.8323826229	NaN	
827.0138353	87	6	7	1	0.8323826229	97.8862911	0.6382041857	1.475504711				0	63.38009805	36.61990195	5.917047489E-05	0	99.99994083				-827.0138353	0.8323826229	NaN	
826.8538353	87	6	7	1	0.8323826229	97.8862911	0.6382041857	1.475504711				0	63.38009805	36.61990195	5.917047489E-05	0	99.99994083				-826.8538353	0.8323826229	NaN	
826.6938353	87	6	7	1	0.8323826229	97.8862911	0.6382041857	1.475504711				0	63.38009805	36.61990195	5.917047489E-05	0	99.99994083				-826.6938353	0.8323826229	NaN	
826.5338353	87	6	7	1	0.8323826229	97.8862911	0.6382041857	1.475504711				0	63.38009805	36.61990195	5.917047489E-05	0	99.99994083				-826.5338353	0.8323826229	NaN	
826.3738353	87	6	7	1	0.8323826229	97.8862911	0.6382041857	1.475504711				0	63.38009805	36.61990195	5.917047489E-05	0	99.99994083				-826.3738353	0.8323826229	NaN	
826.2138353	87	6	7	1	0.8323826229	97.8862911	0.6382041857	1.475504711				0	63.38009805	36.61990195	5.917047489E-05	0	99.99994083				-826.2138353	0.8323826229	NaN	
826.0538353	87	6	7	1	0.8323826229	97.8862911	0.6382041857	1.475504711				0	63.38009805	36.61990195	5.917047489E-05	0	99.99994083				-826.0538353	0.8323826229	NaN	
825.8938353	87	6	7	1	0.8323826229	97.8862911	0.6382041857	1.475504711				0	63.38009805	36.61990195	5.917047489E-05	0	99.99994083				-825.8938353	0.8323826229	NaN	
825.7338353	87	6	7	1	0.8323826229	97.8862911	0.6382041857	1.475504711				0	63.38009805	36.61990195	5.917047489E-05	0	99.99994083				-825.7338353	0.8323826229	NaN	
825.5738353	87	6	7	1	0.8323826229	97.8862911	0.6382041857	1.475504711				0	63.38009805	36.61990195	5.917047489E-05	0	99.99994083				-825.5738353	0.8323826229	NaN	
825.4138353	87	6	7	1	0.8323826229	97.8862911	0.6382041857	1.475504711				0	63.38009805	36.61990195	5.917047489E-05	0	99.99994083				-825.4138353	0.8323826229	NaN	
825.2538353	87	6	7	1	0.8323826229	97.8862911	0.6382041857	1.475504711				0	63.38009805	36.61990195	5.917047489E-05	0	99.99994083				-825.2538353	0.8323826229	NaN	
825.0938353	87	6	7	1	0.8323826229	97.8862911	0.6382041857	1.475504711				0	63.38009805	36.61990195	5.917047489E-05	0	99.99994083				-825.0938353	0.8323826229	NaN	
824.9338353	87	6	7	1	0.8323826229	97.8862911	0.6382041857	1.475504711				0	63.38009805	36.61990195	5.917047489E-05	0	99.99994083				-824.9338353	0.8323826229	NaN	
824.7738353	87	6	7	1	0.8323826229	97.8862911	0.6382041857	1.475504711				0	63.38009805	36.61990195	5.917047489E-05	0	99.99994083				-824.7738353	0.8323826229	NaN	
824.6138353	87	6	7	1	0.8323826229	97.8862911	0.6382041857	1.475504711				0	63.38009805	36.61990195	5.917047489E-05	0	99.99994083				-824.6138353	0.8323826229	NaN	
824.4538353	87	6	7	1	0.8323826229	97.8862911	0.6382041857	1.475504711				0	63.38009805	36.61990195	5.917047489E-05	0	99.99994083				-824.4538353	0.8323826229	NaN	
824.2938353	87	6	7	1	0.8323826229	97.8862911	0.6382041857	1.475504711				0	63.38009805	36.61990195	5.917047489E-05	0	99.99994083				-824.2938353	0.8323826229	NaN	
824.1338353	87	6	7	1	0.8323826229	97.8862911	0.6382041857	1.475504711				0	63.38009805	36.61990195	5.917047489E-05	0	99.99994083				-824.1338353	0.8323826229	NaN	
823.9738353	87	6	7	1	0.8323826229	97.8862911	0.6382041857	1.475504711				0	63.38009805	36.61990195	5.917047489E-05	0	99.99994083				-823.9738353	0.8323826229	NaN	
823.8138353	87	6	7	1	0.8323826229	97.8862911	0.6382041857	1.475504711				0	63.38009805	36.61990195	5.917047489E-05	0	99.99994083				-823.8138353	0.8323826229	NaN	
823.6538353	87	6	7	1	0.8323826229	97.8862911	0.6382041857	1.475504711				0	63.38009805	36.61990195	5.917047489E-05	0	99.99994083				-823.6538353	0.8323826229	NaN	
823.4938353	87	6	7	1	0.8323826229	97.8862911	0.6382041857	1.475504711				0	63.38009805	36.61990195	5.917047489E-05	0	99.99994083				-823.4938353	0.8323826229	NaN	
823.3338353	87	6	7	1	0.8323826229	97.8862911	0.6382041857	1.475504711				0	63.38009805	36.61990195	5.917047489E-05	0	99.99994083				-823.3338353	0.8323826229	NaN	
823.1738353	87	6	7	1	0.8323826229	97.8862911	0.6382041857	1.475504711				0	63.38009805	36.61990195	5.917047489E-05	0	99.99994083				-823.1738353	0.8323826229	NaN	
823.0138353	87	6	7	1	0.8323826229	97.8862911	0.6382041857	1.475504711				0	63.38009805	36.61990195	5.917047489E-05	0	99.99994083				-823.0138353	0.8323826229	NaN	
822.8538353	87	6	7	1	0.8323826229	97.8862911	0.6382041857	1.475504711				0	63.38009805	36.61990195	5.917047489E-05	0	99.99994083				-822.8538353	0.8323826229	NaN	
822.6938353	87	6	7	1	0.8323826229	97.8862911	0.6382041857	1.475504711				0	63.38009805	36.61990195	5.917047489E-05	0	99.99994083				-822.6938353	0.8323826229	NaN	
822.5338353	87	6	7	1	0.8323826229	97.8862911	0.6382041857	1.475504711				0	63.38009805	36.61990195	5.917047489E-05	0	99.99994083				-822.5338353	0.8323826229	NaN	
822.3738353	87	6	7	1	0.8323826229	97.8862911	0.6382041857	1.475504711				0	63.38009805	36.61990195	5.917047489E-05	0	99.99994083				-822.3738353	0.8323826229	NaN	
822.2138353	87	6	7	1	0.8323826229	97.8862911	0.6382041857	1.475504711				0	63.38009805	36.61990195	5.917047489E-05	0	99.99994083				-822.2138353	0.8323826229	NaN	
822.0538353	87	6	7	1	0.8323826229	97.8862911	0.6382041857	1.475504711				0	63.38009805	36.61990195	5.917047489E-05	0	99.99994083				-822.0538353	0.8323826229	NaN	
821.8938353	87	6	7	1	0.8323826229	97.8862911	0.6382041857	1.475504711				0	63.38009805	36.61990195	5.917047489E-05	0	99.99994083				-821.8938353	0.8323826229	NaN	
821.7338353	87	6	7	1	0.8323826229	97.8862911	0.6382041857	1.475504711				0	63.38009805	36.61990195	5.917047489E-05	0	99.99994083				-821.7338353	0.8323826229	NaN	
821.5738353	87	6	7	1	0.8323826229	97.8862911	0.6382041857	1.475504711				0	63.38009805	36.61990195	5.917047489E-05	0	99.99994083				-821.5738353	0.8323826229	NaN	
821.4138353	87	6	7	1	0.8323826229	97.8862911	0.6382041857	1.475504711				0	63.38009805	36.61990195	5.917047489E-05	0	99.99994083				-821.4138353	0.8323826229	NaN	
821.2538353	87	6	7	1	0.8323826229	97.8862911	0.6382041857	1.475504711				0	63.38009805	36.61990195	5.917047489E-05	0	99.99994083				-821.2538353	0.8323826229	NaN	
821.0938353	87	6	7	1	0.8323826229	97.8862911	0.6382041857	1.475504711				0	63.38009805	36.61990195	5.917047489E-05	0	99.99994083				-821.0938353	0.8323826229	NaN	
820.9338353	87	6	7	1	0.8323826229	97.8862911	0.6382041857	1.475504711				0	63.38009805	36.61990195	5.917047489E-05	0	99.99994083				-820.9338353	0.8323826229	NaN	
820.7738353	87	6	7	1	0.8323826229	97.8862911	0.6382041857	1.475504711				0	63.38009805	36.61990195	5.917047489E-05	0	99.99994083				-820.7738353	0.8323826229	NaN	
820.6138353	87	6	7	1	0.8323826229	97.8862911	0.6382041857	1.475504711				0	63.38009805	36.61990195	5.917047489E-05	0	99.99994083				-820.6138353	0.8323826229	NaN	
820.4538353	87	6	7	1	0.8323826229	97.8862911	0.6382041857	1.475504711				0	63.38009805	36.61990195	5.917047489E-05	0	99.99994083				-820.4538353	0.8323826229	NaN	
820.2938353	87	6	7	1	0.8323826229	97.8862911	0.6382041857	1.475504711				0	63.38009805	36.61990195	5.917047489E-05	0	99.99994083				-820.2938353	0.8323826229	NaN	
820.1338353	87	6	7	1	0.8323826229	97.8862911	0.6382041857	1.475504711				0	63.38009805	36.61990195	5.917047489E-05	0	99.99994083				-820.1338353	0.8323826229	NaN	
819.9738353	87	6	7	1	0.8323826229	97.8862911	0.6382041857	1.475504711				0	63.38009805	36.61990195	5.917047489E-05	0	99.99994083				-819.9738353	0.8323826229	NaN	
819.8138353	87	6	7	1	0.8323826229	97.8862911	0.6382041857	1.475504711				0	63.38009805	36.61990195	5.917047489E-05	0	99.99994083				-819.8138353	0.8323826229	NaN	
819.6538353	87	6	7	1	0.8323826229	97.8862911	0.6382041857	1.475504711				0	63.38009805	36.61990195	5.917047489E-05	0	99.99994083				-819.6538353	0.8323826229	NaN	
819.4938353	87	6	7	1	0.8323826229	97.8862911	0.6382041857	1.475504711				0	63.38009805	36.61990195	5.917047489E-05	0	99.99994083				-819.4938353	0.8323826229	NaN	
819.3338353	87	6	7	1	0.8323826229	97.8862911	0.6382041857	1.475504711				0	63.38009805	36.61990195	5.917047489E-05	0	99.99994083				-819.3338353	0.8323826229	NaN	
819.1738353	87	6	7	1	0.8323826229	97.8862911	0.6382041857	1.475504711				0	63.38009805	36.61990195	5.917047489E-05	0	99.99994083				-819.1738353	0.8323826229	NaN	
819.0138353	87	6	7	1	0.8323826229	97.8862911	0.6382041857	1.475504711				0	63.38009805	36.61990195	5.917047489E-05	0	99.99994083				-819.0138353	0.8323826229	NaN	
818.8538353	87	6	7	1	0.8323826229	97.8862911	0.6382041857	1.475504711				0	63.38009805	36.61990195	5.917047489E-05	0	99.99994083				-818.8538353	0.8323826229	NaN	
818.6938353	87	6	7	1	0.8323826229	97.8862911	0.6382041857	1.475504711				0	63.38009805	36.61990195	5.917047489E-05	0	99.99994083				-818.6938353	0.8323826229	NaN	
818.5338353	87	6	7	1	0.8323826229	97.8862911	0.6382041857	1.475504711				0	63.38009805	36.61990195	5.917047489E-05	0	99.99994083				-818.5338353	0.8323826229	NaN	
818.3738353	87	6	7	1	0.8323826229	97.8862911	0.6382041857	1.475504711				0	63.38009805	36.61990195	5.917047489E-05	0	99.99994083				-818.3738353	0.8323826229	NaN	
818.2138353	87	6	7	1	0.8323826229	97.8862911	0.6382041857	1.475504711				0	63.38009805	36.61990195	5.917047489E-05	0	99.99994083				-818.2138353	0.8323826229	NaN	
818.0538353	87	6	7	1	0.8323826229	97.8862911	0.6382041857	1.475504711				0	63.38009805	36.61990195	5.917047489E-05	0	99.99994083				-818.0538353	0.8323826229	NaN	
817.8938353	87	6	7	1	0.8323826229	97.8862911	0.6382041857	1.475504711				0	63.38009805	36.61990195	5.917047489E-05	0	99.99994083				-817.8938353	0.8323826229	NaN	
817.7338353	87	6	7	1	0.8323826229	97.8862911	0.6382041857	1.475504711				0	63.38009805	36.61990195	5.917047489E-05	0	99.99994083				-817.7338353	0.8323826229	NaN	
817.5738353	87	6	7	1	0.8323826229	97.8862911	0.6382041857	1.475504711				0	63.38009805	36.61990195	5.917047489E-05	0	99.99994083				-817.5738353	0.8323826229	NaN	
817.4138353	87	6	7	1	0.8323826229	97.8862911	0.6382041857	1.475504711				0	63.38009805	36.61990195	5.917047489E-05	0	99.99994083				-817.4138353	0.8323826229	NaN	
817.2538353	87	6	7	1	0.8323826229	97.8862911	0.6382041857	1.475504711				0	63.38009805	36.61990195	5.917047489E-05	0	99.99994083				-817.2538353	0.8323826229	NaN	
817.0938353	87	6	7	1	0.8323826229	97.8862911	0.6382041857	1.475504711				0	63.38009805	36.61990195	5.917047489E-05	0	99.99994083				-817.0938353	0.8323826229	NaN	
816.9338353	87	6	7	1	0.8323826229	97.8862911	0.6382041857	1.475504711				0	63.38009805	36.61990195	5.917047489E-05	0	99.99994083				-816.9338353	0.8323826229	NaN	
816.7738353	87	6	7	1	0.8323826229	97.8862911	0.6382041857	1.475504711				0	63.38009805	36.61990195	5.917047489E-05	0	99.99994083				-816.7738353	0.8323826229	NaN	
816.6138353	87	6	7	1	0.8323826229	97.8862911	0.6382041857	1.475504711				0	63.38009805	36.61990195	5.917047489E-05	0	99.99994083				-816.6138353	0.8323826229	NaN	
816.4538353	87	6	7	1	0.8323826229	97.8862911	0.6382041857	1.475504711				0	63.38009805	36.61990195	5.917047489E-05	0	99.99994083				-816.4538353	0.8323826229	NaN	
816.2938353	87	6	7	1	0.8323826229	97.8862911	0.6382041857	1.475504711				0	63.38009805	36.61990195	5.917047489E-05	0	99.99994083				-816.2938353	0.8323826229	NaN	
816.1338353	87	6	7	1	0.8323826229	97.8862911	0.6382041857	1.475504711				0	63.38009805	36.61990195	5.917047489E-05	0	99.99994083				-816.1338353	0.8323826229	NaN	
815.9738353	87	6	7	1	0.8323826229	97.8862911	0.6382041857	1.475504711				0	63.38009805	36.61990195	5.917047489E-05	0	99.99994083				-815.9738353	0.8323826229	NaN	
815.8138353	87	6	7	1	0.8323826229	97.8862911	0.6382041857	1.475504711				0	63.38009805	36.61990195	5.917047489E-05	0	99.99994083				-815.8138353	0.8323826229	NaN	
815.6538353	87	6	7	1	0.8323826229	97.8862911	0.6382041857	1.475504711				0	63.38009805	36.61990195	5.917047489E-05	0	99.99994083				-815.6538353	0.8323826229	NaN	
815.4938353	87	6	7	1	0.8323826229	97.8862911	0.6382041857	1.475504711				0	63.38009805	36.61990195	5.917047489E-05	0	99.99994083				-815.4938353	0.8323826229	NaN	
815.3338353	87	6	7	1	0.8323826229	97.8862911	0.6382041857	1.475504711				0	63.38009805	36.61990195	5.917047489E-05	0	99.99994083				-815.3338353	0.8323826229	NaN	
815.1738353	87	6	7	1	0.8323826229	97.8862911	0.6382041857	1.475504711				0	63.38009805	36.61990195	5.917047489E-05	0	99.99994083				-815.1738353	0.8323826229	NaN	
815.0138353	87	6	7	1	0.8323826229	97.8862911	0.6382041857	1.475504711				0	63.38009805	36.61990195	5.917047489E-05	0	99.99994083				-815.0138353	0.8323826229	NaN	
814.8538353	87	6	7	1	0.8323826229	97.8862911	0.6382041857	1.475504711				0	63.38009805	36.61990195	5.917047489E-05	0	99.99994083				-814.8538353	0.8323826229	NaN	
814.6938353	87	6	7	1	0.8323826229	97.8862911	0.6382041857	1.475504711				0	63.38009805	36.61990195	5.917047489E-05	0	99.99994083				-814.6938353	0.8323826229	NaN	
814.5338353	87	6	7	1	0.8323826229	97.8862911	0.6382041857	1.475504711				0	63.38009805	36.61990195	5.917047489E-05	0	99.99994083				-814.5338353	0.8323826229	NaN	
814.3738353	87	6	7	1	0.8323826229	97.8862911	0.6382041857	1.475504711				0	63.38009805	36.61990195	5.917047489E-05	0	99.99994083				-814.3738353	0.8323826229	NaN	
814.2138353	87	6	7	1	0.8323826229	97.8862911	0.6382041857	1.475504711				0	63.38009805	36.61990195	5.917047489E-05	0	99.99994083				-814.2138353	0.8323826229	NaN	
814.0538353	87	6	7	1	0.8323826229	97.8862911	0.6382041857	1.475504711				0	63.38009805	36.61990195	5.917047489E-05	0	99.99994083				-814.0538353	0.8323826229	NaN	
813.8938353	87	6	7	1	0.8323826229	97.8862911	0.6382041857	1.475504711				0	63.38009805	36.61990195	5.917047489E-05	0	99.99994083				-813.8938353	0.8323826229	NaN	
813.7338353	87	6	7	1	0.8323826229	97.8862911	0.6382041857	1.475504711				0	63.38009805	36.61990195	5.917047489E-05	0	99.99994083				-813.7338353	0.8323826229	NaN	
813.5738353	87	6	7	1	0.8323826229	97.8862911	0.6382041857	1.475504711				0	63.38009805	36.61990195	5.917047489E-05	0	99.99994083				-813.5738353	0.8323826229	NaN	
813.4138353	87	6	7	1	0.8323826229	97.8862911	0.6382041857	1.475504711				0	63.38009805	36.61990195	5.917047489E-05	0	99.99994083				-813.4138353	0.8323826229	NaN	
813.2538353	87	6	7	1	0.8323826229	97.8862911	0.6382041857	1.475504711				0	63.38009805	36.61990195	5.917047489E-05	0	99.99994083				-813.2538353	0.8323826229	NaN	
813.0938353	87	6	7	1	0.8323826229	97.8862911	0.6382041857	1.475504711				0	63.38009805	36.61990195	5.917047489E-05	0	99.99994083				-813.0938353	0.8323826229	NaN	
812.9338353	87	6	7	1	0.8323826229	97.8862911	0.6382041857	1.475504711				0	63.38009805	36.61990195	5.917047489E-05	0	99.99994083				-812.9338353	0.8323826229	NaN	
812.7738353	87	6	7	1	0.8323826229	97.8862911	0.6382041857	1.475504711				0	63.38009805	36.61990195	5.917047489E-05	0	99.99994083				-812.7738353	0.8323826229	NaN	
812.6138353	87	6	7	1	0.8323826229	97.8862911	0.6382041857	1.475504711				0	63.38009805	36.61990195	5.917047489E-05	0	99.99994083				-812.6138353	0.8323826229	NaN	
812.4538353	87	6	7	1	0.8323826229	97.8862911	0.6382041857	1.475504711				0	63.38009805	36.61990195	5.917047489E-05	0	99.99994083				-812.4538353	0.8323826229	NaN	
812.2938353	87	6	7	1	0.8323826229	97.8862911	0.6382041857	1.475504711				0	63.38009805	36.61990195	5.917047489E-05	0	99.99994083				-812.2938353	0.8323826229	NaN	
812.1338353	87	6	7	1	0.8323826229	97.8862911	0.6382041857	1.475504711				0	63.38009805	36.61990195	5.917047489E-05	0	99.99994083				-812.1338353	0.8323826229	NaN	
811.9738353	87	6	7	1	0.8323826229	97.8862911	0.6382041857	1.475504711				0	63.38009805	36.61990195	5.917047489E-05	0	99.99994083				-811.9738353	0.8323826229	NaN	
811.8138353	87	6	7	1	0.8323826229	97.8862911	0.6382041857	1.475504711				0	63.38009805	36.61990195	5.917047489E-05	0	99.99994083				-811.8138353	0.8323826229	NaN	
811.6538353	87	6	7	1	0.8323826229	97.8862911	0.6382041857	1.475504711				0	63.38009805	36.61990195	5.917047489E-05	0	99.99994083				-811.6538353	0.8323826229	NaN	
811.4938353	87	6	7	1	0.8323826229	97.8862911	0.6382041857	1.475504711				0	63.38009805	36.61990195	5.917047489E-05	0	99.99994083				-811.4938353	0.8323826229	NaN	
811.3338353	87	6	7	1	0.8323826229	97.8862911	0.6382041857	1.475504711				0	63.38009805	36.61990195	5.917047489E-05	0	99.99994083				-811.3338353	0.8323826229	NaN	
811.1738353	87	6	7	1	0.8323826229	97.8862911	0.6382041857	1.475504711				0	63.38009805	36.61990195	5.917047489E-05	0	99.99994083				-811.1738353	0.8323826229	NaN	
811.0138353	87	6	7	1	0.8323826229	97.8862911	0.6382041857	1.475504711				0	63.38009805	36.61990195	5.917047489E-05	0	99.99994083				-811.0138353	0.8323826229	NaN	
810.8538353	87	6	7	1	0.8323826229	97.8862911	0.6382041857	1.475504711				0	63.38009805	36.61990195	5.917047489E-05	0	99.99994083				-810.8538353	0.8323826229	NaN	
810.6938353	87	6	7	1	0.8323826229	97.8862911	0.6382041857	1.475504711				0	63.38009805	36.61990195	5.917047489E-05	0	99.99994083				-810.6938353	0.8323826229	NaN	
810.5338353	87	6	7	1	0.8323826229	97.8862911	0.6382041857	1.475504711				0	63.38009805	36.61990195	5.917047489E-05	0	99.99994083				-810.5338353	0.8323826229	NaN	
810.3738353	87	6	7	1	0.8323826229	97.8862911	0.6382041857	1.475504711				0	63.38009805	36.61990195	5.917047489E-05	0	99.99994083				-810.3738353	0.8323826229	NaN	
810.2138353	87	6	7	1	0.8323826229	97.8862911	0.6382041857	1.475504711				0	63.38009805	36.61990195	5.917047489E-05	0	99.99994083				-810.2138353	0.8323826229	NaN	
810.0538353	87	6	7	1	0.8323826229	97.8862911	0.6382041857	1.475504711				0	63.38009805	36.61990195	5.917047489E-05	0	99.99994083				-810.0538353	0.8323826229	NaN	
809.8938353	87	6	7	1	0.8323826229	97.8862911	0.6382041857	1.475504711				0	63.38009805	36.61990195	5.917047489E-05	0	99.99994083				-809.8938353	0.8323826229	NaN	
809.7338353	87	6	7	1	0.8323826229	97.8862911	0.6382041857	1.475504711				0	63.38009805	36.61990195	5.917047489E-05	0	99.99994083				-809.7338353	0.8323826229	NaN	
809.5738353	87	6	7	1	0.8323826229	97.8862911	0.6382041857	1.475504711				0	63.38009805	36.61990195	5.917047489E-05	0	99.99994083				-809.5738353	0.8323826229	NaN	
809.4138353	87	6	7	1	0.8323826229	97.8862911	0.6382041857	1.475504711				0	63.38009805	36.61990195	5.917047489E-05	0	99.99994083				-809.4138353	0.8323826229	NaN	
809.2538353	87	6	7	1	0.8323826229	97.8862911	0.6382041857	1.475504711				0	63.38009805	36.61990195	5.917047489E-05	0	99.99994083				-809.2538353	0.8323826229	NaN	
809.0938353	87	6	7	1	0.8323826229	97.8862911	0.6382041857	1.475504711				0	63.38009805	36.61990195	5.917047489E-05	0	99.99994083				-809.0938353	0.8323826229	NaN	
808.9338353	87	6	7	1	0.8323826229	97.8862911	0.6382041857	1.475504711				0	63.38009805	36.61990195	5.917047489E-05	0	99.99994083				-808.9338353	0.8323826229	NaN	
808.7738353	87	6	7	1	0.8323826229	97.8862911	0.6382041857	1.475504711				0	63.38009805	36.61990195	5.917047489E-05	0	99.99994083				-808.7738353	0.8323826229	NaN	
808.6138353	87	6	7	1	0.8323826229	97.8862911	0.6382041857	1.475504711				0	63.38009805	36.61990195	5.917047489E-05	0	99.99994083				-808.6138353	0.8323826229	NaN	
808.4538353	87	6	7	1	0.8323826229	97.8862911	0.6382041857	1.475504711				0	63.38009805	36.61990195	5.917047489E-05	0	99.99994083				-808.4538353	0.8323826229	NaN	
808.2938353	87	6	7	1	0.8323826229	97.8862911	0.6382041857	1.475504711				0	63.38009805	36.61990195	5.917047489E-05	0	99.99994083				-808.2938353	0.8323826229	NaN	
808.1338353	87	6	7	1	0.8323826229	97.8862911	0.6382041857	1.475504711				0	63.38009805	36.61990195	5.917047489E-05	0	99.99994083				-808.1338353	0.8323826229	NaN	
807.9738353	87	6	7	1	0.8323826229	97.8862911	0.6382041857	1.475504711				0	63.38009805	36.61990195	5.917047489E-05	0	99.99994083				-807.9738353	0.8323826229	NaN	
807.8138353	87	6	7	1	0.8323826229	97.8862911	0.6382041857	1.475504711				0	63.38009805	36.61990195	5.917047489E-05	0	99.99994083				-807.8138353	0.8323826229	NaN	
807.6538353	87	6	7	1	0.8323826229	97.8862911	0.6382041857	1.475504711				0	63.38009805	36.61990195	5.917047489E-05	0	99.99994083				-807.6538353	0.8323826229	NaN	
807.4938353	87	6	7	1	0.8323826229	97.8862911	0.6382041857	1.475504711				0	63.38009805	36.61990195	5.917047489E-05	0	99.99994083				-807.4938353	0.8323826229	NaN	
807.3338353	87	6	7	1	0.8323826229	97.8862911	0.6382041857	1.475504711				0	63.38009805	36.61990195	5.917047489E-05	0	99.99994083				-807.3338353	0.8323826229	NaN	
807.1738353	87	6	7	1	0.8323826229	97.8862911	0.6382041857	1.475504711				0	63.38009805	36.61990195	5.917047489E-05	0	99.99994083				-807.1738353	0.8323826229	NaN	
807.0138353	87	6	7	1	0.8323826229	97.8862911	0.6382041857	1.475504711				0	63.38009805	36.61990195	5.917047489E-05	0	99.99994083				-807.0138353	0.8323826229	NaN	
806.8538353	87	6	7	1	0.8323826229	97.8862911	0.6382041857	1.475504711				0	63.38009805	36.61990195	5.917047489E-05	0	99.99994083				-806.8538353	0.8323826229	NaN	
806.6938353	87	6	7	1	0.8323826229	97.8862911	0.6382041857	1.475504711				0	63.38009805	36.61990195	5.917047489E-05	0	99.99994083				-806.6938353	0.8323826229	NaN	
806.5338353	87	6	7	1	0.8323826229	97.8862911	0.6382041857	1.475504711				0	63.38009805	36.61990195	5.917047489E-05	0	99.99994083				-806.5338353	0.8323826229	NaN	
806.3738353	87	6	7	1	0.8323826229	97.8862911	0.6382041857	1.475504711				0	63.38009805	36.61990195	5.917047489E-05	0	99.99994083				-806.3738353	0.8323826229	NaN	
806.2138353	87	6	7	1	0.8323826229	97.8862911	0.6382041857	1.475504711				0	63.38009805	36.61990195	5.917047489E-05	0	99.99994083				-806.2138353	0.8323826229	NaN	
806.0538353	87	6	7	1	0.8323826229	97.8862911	0.6382041857	1.475504711				0	63.38009805	36.61990195	5.917047489E-05	0	99.99994083				-806.0538353	0.8323826229	NaN	
805.8938353	87	6	7	1	0.8323826229	97.8862911	0.6382041857	1.475504711				0	63.38009805	36.61990195	5.917047489E-05	0	99.99994083				-805.8938353	0.8323826229	NaN	
805.7338353	87	6	7	1	0.8323826229	97.8862911	0.6382041857	1.475504711				0	63.38009805	36.61990195	5.917047489E-05	0	99.99994083				-805.7338353	0.8323826229	NaN	
805.5738353	87	6	7	1	0.8323826229	97.8862911	0.6382041857	1.475504711				0	63.38009805	36.61990195	5.917047489E-05	0	99.99994083				-805.5738353	0.8323826229	NaN	
805.4138353	87	6	7	1	0.8323826229	97.8862911	0.6382041857	1.475504711				0	63.38009805	36.61990195	5.917047489E-05	0	99.99994083				-805.4138353	0.8323826229	NaN	
805.2538353	87	6	7	1	0.8323826229	97.8862911	0.6382041857	1.475504711				0	63.38009805	36.61990195	5.917047489E-05	0	99.99994083				-805.2538353	0.8323826229	NaN	
805.0938353	87	6	7	1	0.8323826229	97.8862911	0.6382041857	1.475504711				0	63.38009805	36.61990195	5.917047489E-05	0	99.99994083				-805.0938353	0.8323826229	NaN	
804.9338353	87	6	7	1	0.8323826229	97.8862911	0.6382041857	1.475504711				0	63.38009805	36.61990195	5.917047489E-05	0	99.99994083				-804.9338353	0.8323826229	NaN	
804.7738353	87	6	7	1	0.8323826229	97.8862911	0.6382041857	1.475504711				0	63.38009805	36.61990195	5.917047489E-05	0	99.99994083				-804.7738353	0.8323826229	NaN	
804.6138353	87	6	7	1	0.8323826229	97.8862911	0.6382041857	1.475504711				0	63.38009805	36.61990195	5.917047489E-05	0	99.99994083				-804.6138353	0.8323826229	NaN	
804.4538353	87	6	7	1	0.8323826229	97.8862911	0.6382041857	1.475504711				0	63.38009805	36.61990195	5.917047489E-05	0	99.99994083				-804.4538353	0.8323826229	NaN	
804.2938353	87	6	7	1	0.8323826229	97.8862911	0.6382041857	1.475504711				0	63.38009805	36.61990195	5.917047489E-05	0	99.99994083				-804.2938353	0.8323826229	NaN	
804.1338353	87	6	7	1	0.8323826229	97.8862911	0.6382041857	1.475504711				0	63.38009805	36.61990195	5.917047489E-05	0	99.99994083				-804.1338353	0.8323826229	NaN	
803.9738353	87	6	7	1	0.8323826229	97.8862911	0.6382041857	1.475504711				0	63.38009805	36.61990195	5.917047489E-05	0	99.99994083				-803.9738353	0.8323826229	NaN	
803.8138353	87	6	7	1	0.8323826229	97.8862911	0.6382041857	1.475504711				0	63.38009805	36.61990195	5.917047489E-05	0	99.99994083				-803.8138353	0.8323826229	NaN	
803.6538353	87	6	7	1	0.8323826229	97.8862911	0.6382041857	1.475504711				0	63.38009805	36.61990195	5.917047489E-05	0	99.99994083				-803.6538353	0.8323826229	NaN	
803.4938353	87	6	7	1	0.8323826229	97.8862911	0.6382041857	1.475504711				0	63.38009805	36.61990195	5.917047489E-05	0	99.99994083				-803.4938353	0.8323826229	NaN	
803.3338353	87	6	7	1	0.8323826229	97.8862911	0.6382041857	1.475504711				0	63.38009805	36.61990195	5.917047489E-05	0	99.99994083				-803.3338353	0.8323826229	NaN	
803.1738353	87	6	7	1	0.8323826229	97.8862911	0.6382041857	1.475504711				0	63.38009805	36.61990195	5.917047489E-05	0	99.99994083				-803.1738353	0.8323826229	NaN	
803.0138353	87	6	7	1	0.8323826229	97.8862911	0.6382041857	1.475504711				0	63.38009805	36.61990195	5.917047489E-05	0	99.99994083				-803.0138353	0.8323826229	NaN	
802.8538353	87	6	7	1	0.8323826229	97.8862911	0.6382041857	1.475504711				0	63.38009805	36.61990195	5.917047489E-05	0	99.99994083				-802.8538353	0.8323826229	NaN	
802.6938353	87	6	7	1	0.8323826229	97.8862911	0.6382041857	1.475504711				0	63.38009805	36.61990195	5.917047489E-05	0	99.99994083				-802.6938353	0.8323826229	NaN	
802.5338353	87	6	7	1	0.8323826229	97.8862911	0.6382041857	1.475504711				0	63.38009805	36.61990195	5.917047489E-05	0	99.99994083				-802.5338353	0.8323826229	NaN	
802.3738353	87	6	7	1	0.8323826229	97.8862911	0.6382041857	1.475504711				0	63.38009805	36.61990195	5.917047489E-05	0	99.99994083				-802.3738353	0.8323826229	NaN	
802.2138353	87	6	7	1	0.8323826229	97.8862911	0.6382041857	1.475504711				0	63.38009805	36.61990195	5.917047489E-05	0	99.99994083				-802.2138353	0.8323826229	NaN	
802.0538353	87	6	7	1	0.8323826229	97.8862911	0.6382041857	1.475504711				0	63.38009805	36.61990195	5.917047489E-05	0	99.99994083				-802.0538353	0.8323826229	NaN	
801.8938353	87	6	7	1	0.8323826229	97.8862911	0.6382041857	1.475504711				0	63.38009805	36.61990195	5.917047489E-05	0	99.99994083				-801.8938353	0.8323826229	NaN	
801.7338353	87	6	7	1	0.8323826229	97.8862911	0.6382041857	1.475504711				0	63.38009805	36.61990195	5.917047489E-05	0	99.99994083				-801.7338353	0.8323826229	NaN	
801.5738353	87	6	7	1	0.8323826229	97.8862911	0.6382041857	1.475504711				0	63.38009805	36.61990195	5.917047489E-05	0	99.99994083				-801.5738353	0.8323826229	NaN	
801.4138353	87	6	7	1	0.8323826229	97.8862911	0.6382041857	1.475504711				0	63.38009805	36.61990195	5.917047489E-05	0	99.99994083				-801.4138353	0.8323826229	NaN	
801.2538353	87	6	7	1	0.8323826229	97.8862911	0.6382041857	1.475504711				0	63.38009805	36.61990195	5.917047489E-05	0	99.99994083				-801.2538353	0.8323826229	NaN	
801.0938353	87	6	7	1	0.8323826229	97.8862911	0.6382041857	1.475504711				0	63.38009805	36.61990195	5.917047489E-05	0	99.99994083				-801.0938353	0.8323826229	NaN	
800.9338353	87	6	7	1	0.8323826229	97.8862911	0.6382041857	1.475504711				0	63.38009805	36.61990195	5.917047489E-05	0	99.99994083				-800.9338353	0.8323826229	NaN	
800.7738353	87	6	7	1	0.8323826229	97.8862911	0.6382041857	1.475504711				0	63.38009805	36.61990195	5.917047489E-05	0	99.99994083				-800.7738353	0.8323826229	NaN	
800.6138353	87	6	7	1	0.8323826229	97.8862911	0.6382041857	1.475504711				0	63.38009805	36.61990195	5.917047489E-05	0	99.99994083				-800.6138353	0.8323826229	NaN	
800.4538353	87	6	7	1	0.8323826229	97.8862911	0.6382041857	1.475504711				0	63.38009805	36.61990195	5.917047489E-05	0	99.99994083				-800.4538353	0.8323826229	NaN	
800.2938353	87	6	7	1	0.8323826229	97.8862911	0.6382041857	1.475504711				0	63.38009805	36.61990195	5.917047489E-05	0	99.99994083				-800.2938353	0.8323826229	NaN	
800.1338353	87	6	7	1	0.8323826229	97.8862911	0.6382041857	1.475504711				0	63.38009805	36.61990195	5.917047489E-05	0	99.99994083				-800.1338353	0.8323826229	NaN	
799.9738353	87	6	7	1	0.8323826229	97.8862911	0.6382041857	1.475504711				0	63.38009805	36.61990195	5.917047489E-05	0	99.99994083				-799.9738353	0.8323826229	NaN	
799.8138353	87	6	7	1	0.8323826229	97.8862911	0.6382041857	1.475504711				0	63.38009805	36.61990195	5.917047489E-05	0	99.99994083				-799.8138353	0.8323826229	NaN	
799.6538353	87	6	7	1	0.8323826229	97.8862911	0.6382041857	1.475504711				0	63.38009805	36.61990195	5.917047489E-05	0	99.99994083				-799.6538353	0.8323826229	NaN	
799.4938353	87	6	7	1	0.8323826229	97.8862911	0.6382041857	1.475504711				0	63.38009805	36.61990195	5.917047489E-05	0	99.99994083				-799.4938353	0.8323826229	NaN	
799.3338353	87	6	7	1	0.8323826229	97.8862911	0.6382041857	1.475504711				0	63.38009805	36.61990195	5.917047489E-05	0	99.99994083				-799.3338353	0.8323826229	NaN	
799.1738353	87	6	7	1	0.8323826229	97.8862911	0.6382041857	1.475504711				0	63.38009805	36.61990195	5.917047489E-05	0	99.99994083				-799.1738353	0.8323826229	NaN	
799.0138353	87	6	7	1	0.8323826229	97.8862911	0.6382041857	1.475504711				0	63.38009805	36.61990195	5.917047489E-05	0	99.99994083				-799.0138353	0.8323826229	NaN	
798.8538353	87	6	7	1	0.8323826229	97.8862911	0.6382041857	1.475504711				0	63.38009805	36.61990195	5.917047489E-05	0	99.99994083				-798.8538353	0.8323826229	NaN	
798.6938353	87	6	7	1	0.8323826229	97.8862911	0.6382041857	1.475504711				0	63.38009805	36.61990195	5.917047489E-05	0	99.99994083				-798.6938353	0.8323826229	NaN	
798.5338353	87	6	7	1	0.8323826229	97.8862911	0.6382041857	1.475504711				0	63.38009805	36.61990195	5.917047489E-05	0	99.99994083				-798.5338353	0.8323826229	NaN	
798.3738353	87	6	7	1	0.8323826229	97.8862911	0.6382041857	1.475504711				0	63.38009805	36.61990195	5.917047489E-05	0	99.99994083				-798.3738353	0.8323826229	NaN	
798.2138353	87	6	7	1	0.8323826229	97.8862911	0.6382041857	1.475504711				0	63.38009805	36.61990195	5.917047489E-05	0	99.99994083				-798.2138353	0.8323826229	NaN	
798.0538353	87	6	7	1	0.8323826229	97.8862911	0.6382041857	1.475504711				0	63.38009805	36.61990195	5.917047489E-05	0	99.99994083				-798.0538353	0.8323826229	NaN	
797.8938353	87	6	7	1	0.8323826229	97.8862911	0.6382041857	1.475504711				0	63.38009805	36.61990195	5.917047489E-05	0	99.99994083				-797.8938353	0.8323826229	NaN	
797.7338353	87	6	7	1	0.8323826229	97.8862911	0.6382041857	1.475504711				0	63.38009805	36.61990195	5.917047489E-05	0	99.99994083				-797.7338353	0.8323826229	NaN	
797.5738353	87	6	7	1	0.8323826229	97.8862911	0.6382041857	1.475504711				0	63.38009805	36.61990195	5.917047489E-05	0	99.99994083				-797.5738353	0.8323826229	NaN	
797.4138353	87	6	7	1	0.8323826229	97.8862911	0.6382041857	1.475504711				0	63.38009805	36.61990195	5.917047489E-05	0	99.99994083				-797.4138353	0.8323826229	NaN	
797.2538353	87	6	7	1	0.8323826229	97.8862911	0.6382041857	1.475504711				0	63.38009805	36.61990195	5.917047489E-05	0	99.99994083				-797.2538353	0.8323826229	NaN	
797.0938353	87	6	7	1	0.8323826229	97.8862911	0.6382041857	1.475504711				0	63.38009805	36.61990195	5.917047489E-05	0	99.99994083				-797.0938353	0.8323826229	NaN	
796.9338353	87	6	7	1	0.8323826229	97.8862911	0.6382041857	1.475504711				0	63.38009805	36.61990195	5.917047489E-05	0	99.99994083				-796.9338353	0.8323826229	NaN	
796.7738353	87	6	7	1	0.8323826229	97.8862911	0.6382041857	1.475504711				0	63.38009805	36.61990195	5.917047489E-05	0	99.99994083				-796.7738353	0.8323826229	NaN	
796.6138353	87	6	7	1	0.8323826229	97.8862911	0.6382041857	1.475504711				0	63.38009805	36.61990195	5.917047489E-05	0	99.99994083				-796.6138353	0.8323826229	NaN	
796.4538353	87	6	7	1	0.8323826229	97.8862911	0.6382041857	1.475504711				0	63.38009805	36.61990195	5.917047489E-05	0	99.99994083				-796.4538353	0.8323826229	NaN	
796.2938353	87	6	7	1	0.8323826229	97.8862911	0.6382041857	1.475504711				0	63.38009805	36.61990195	5.917047489E-05	0	99.99994083				-796.2938353	0.8323826229	NaN	
796.1338353	87	6	7	1	0.8323826229	97.8862911	0.6382041857	1.475504711				0	63.38009805	36.61990195	5.917047489E-05	0	99.99994083				-796.1338353	0.8323826229	NaN	
795.9738353	87	6	7	1	0.8323826229	97.8862911	0.6382041857	1.475504711				0	63.38009805	36.61990195	5.917047489E-05	0	99.99994083				-795.9738353	0.8323826229	NaN	
795.8138353	87	6	7	1	0.8323826229	97.8862911	0.6382041857	1.475504711				0	63.38009805	36.61990195	5.917047489E-05	0	99.99994083				-795.8138353	0.8323826229	NaN	
795.6538353	87	6	7	1	0.8323826229	97.8862911	0.6382041857	1.475504711				0	63.38009805	36.61990195	5.917047489E-05	0	99.99994083				-795.6538353	0.8323826229	NaN	
795.4938353	87	6	7	1	0.8323826229	97.8862911	0.6382041857	1.475504711				0	63.38009805	36.61990195	5.917047489E-05	0	99.99994083				-795.4938353	0.8323826229	NaN	
795.3338353	87	6	7	1	0.8323826229	97.8862911	0.6382041857	1.475504711				0	63.38009805	36.61990195	5.917047489E-05	0	99.99994083				-795.3338353	0.8323826229	NaN	
795.1738353	87	6	7	1	0.8323826229	97.8862911	0.6382041857	1.475504711				0	63.38009805	36.61990195	5.917047489E-05	0	99.99994083				-795.1738353	0.8323826229	NaN	
795.0138353	87	6	7	1	0.8323826229	97.8862911	0.6382041857	1.475504711				0	63.38009805	36.61990195	5.917047489E-05	0	99.99994083				-795.0138353	0.8323826229	NaN	
794.8538353	87	6	7	1	0.8323826229	97.8862911	0.6382041857	1.475504711				0	63.38009805	36.61990195	5.917047489E-05	0	99.99994083				-794.8538353	0.8323826229	NaN	
794.6938353	87	6	7	1	0.8323826229	97.8862911	0.6382041857	1.475504711				0	63.38009805	36.61990195	5.917047489E-05	0	99.99994083				-794.6938353	0.8323826229	NaN	
794.5338353	87	6	7	1	0.8323826229	97.8862911	0.6382041857	1.475504711				0	63.38009805	36.61990195	5.917047489E-05	0	99.99994083				-794.5338353	0.8323826229	NaN	
794.3738353	87	6	7	1	0.8323826229	97.8862911	0.6382041857	1.475504711				0	63.38009805	36.61990195	5.917047489E-05	0	99.99994083				-794.3738353	0.8323826229	NaN	
794.2138353	87	6	7	1	0.8323826229	97.8862911	0.6382041857	1.475504711				0	63.38009805	36.61990195	5.917047489E-05	0	99.99994083				-794.2138353	0.8323826229	NaN	
794.0538353	87	6	7	1	0.8323826229	97.8862911	0.6382041857	1.475504711				0	63.38009805	36.61990195	5.917047489E-05	0	99.99994083				-794.0538353	0.8323826229	NaN	
793.8938353	87	6	7	1	0.8323826229	97.8862911	0.6382041857	1.475504711				0	63.38009805	36.61990195	5.917047489E-05	0	99.99994083				-793.8938353	0.8323826229	NaN	
793.7338353	87	6	7	1	0.8323826229	97.8862911	0.6382041857	1.475504711				0	63.38009805	36.61990195	5.917047489E-05	0	99.99994083				-793.7338353	0.8323826229	NaN	
793.5738353	87	6	7	1	0.8323826229	97.8862911	0.6382041857	1.475504711				0	63.38009805	36.61990195	5.917047489E-05	0	99.99994083				-793.5738353	0.8323826229	NaN	
793.4138353	87	6	7	1	0.8323826229	97.8862911	0.6382041857	1.475504711				0	63.38009805	36.61990195	5.917047489E-05	0	99.99994083				-793.4138353	0.8323826229	NaN	
793.2538353	87	6	7	1	0.8323826229	97.8862911	0.6382041857	1.475504711				0	63.38009805	36.61990195	5.917047489E-05	0	99.99994083				-793.2538353	0.8323826229	NaN	
793.0938353	87	6	7	1	0.8323826229	97.8862911	0.6382041857	1.475504711				0	63.38009805	36.61990195	5.917047489E-05	0	99.99994083				-793.0938353	0.8323826229	NaN	
792.9338353	87	6	7	1	0.8323826229	97.8862911	0.6382041857	1.475504711				0	63.38009805	36.61990195	5.917047489E-05	0	99.99994083				-792.9338353	0.8323826229	NaN	
792.7738353	87	6	7	1	0.8323826229	97.8862911	0.6382041857	1.475504711				0	63.38009805	36.61990195	5.917047489E-05	0	99.99994083				-792.7738353	0.8323826229	NaN	
792.6138353	87	6	7	1	0.8323826229	97.8862911	0.6382041857	1.475504711				0	63.38009805	36.61990195	5.917047489E-05	0	99.99994083				-792.6138353	0.8323826229	NaN	
792.4538353	87	6	7	1	0.8323826229	97.8862911	0.6382041857	1.475504711				0	63.38009805	36.61990195	5.917047489E-05	0	99.99994083				-792.4538353	0.8323826229	NaN	
792.2938353	87	6	7	1	0.8323826229	97.8862911	0.6382041857	1.475504711				0	63.38009805	36.61990195	5.917047489E-05	0	99.99994083				-792.2938353	0.8323826229	NaN	
792.1338353	87	6	7	1	0.8323826229	97.8862911	0.6382041857	1.475504711				0	63.38009805	36.61990195	5.917047489E-05	0	99.99994083				-792.1338353	0.8323826229	NaN	
791.9738353	87	6	7	1	0.8323826229	97.8862911	0.6382041857	1.475504711				0	63.38009805	36.61990195	5.917047489E-05	0	99.99994083				-791.9738353	0.8323826229	NaN	
791.8138353	87	6	7	1	0.8323826229	97.8862911	0.6382041857	1.475504711				0	63.38009805	36.61990195	5.917047489E-05	0	99.99994083				-791.8138353	0.8323826229	NaN	
791.6538353	87	6	7	1	0.8323826229	97.8862911	0.6382041857	1.475504711				0	63.38009805	36.61990195	5.917047489E-05	0	99.99994083				-791.6538353	0.8323826229	NaN	
791.4938353	87	6	7	1	0.8323826229	97.8862911	0.6382041857	1.475504711				0	63.38009805	36.61990195	5.917047489E-05	0	99.99994083				-791.4938353	0.8323826229	NaN	
791.3338353	87	6	7	1	0.8323826229	97.8862911	0.6382041857	1.475504711				0	63.38009805	36.61990195	5.917047489E-05	0	99.99994083				-791.3338353	0.8323826229	NaN	
791.1738353	87	6	7	1	0.8323826229	97.8862911	0.6382041857	1.475504711				0	63.38009805	36.61990195	5.917047489E-05	0	99.99994083				-791.1738353	0.8323826229	NaN	
791.0138353	87	6	7	1	0.8323826229	97.8862911	0.6382041857	1.475504711				0	63.38009805	36.61990195	5.917047489E-05	0	99.99994083				-791.0138353	0.8323826229	NaN	
790.8538353	87	6	7	1	0.8323826229	97.8862911	0.6382041857	1.475504711				0	63.38009805	36.61990195	5.917047489E-05	0	99.99994083				-790.8538353	0.8323826229	NaN	
790.6938353	87	6	7	1	0.8323826229	97.8862911	0.6382041857	1.475504711				0	63.38009805	36.61990195	5.917047489E-05	0	99.99994083				-790.6938353	0.8323826229	NaN	
790.5338353	87	6	7	1	0.8323826229	97.8862911	0.6382041857	1.475504711				0	63.38009805	36.61990195	5.917047489E-05	0	99.99994083				-790.5338353	0.8323826229	NaN	
790.3738353	87	6	7	1	0.8323826229	97.8862911	0.6382041857	1.475504711				0	63.38009805	36.61990195	5.917047489E-05	0	99.99994083				-790.3738353	0.8323826229	NaN	
790.2138353	87	6	7	1	0.8323826229	97.8862911	0.6382041857	1.475504711				0	63.38009805	36.61990195	5.917047489E-05	0	99.99994083				-790.2138353	0.8323826229	NaN	
790.0538353	87	6	7	1	0.8323826229	97.8862911	0.6382041857	1.475504711				0	63.38009805	36.61990195	5.917047489E-05	0	99.99994083				-790.0538353	0.8323826229	NaN	
789.8938353	87	6	7	1	0.8323826229	97.8862911	0.6382041857	1.475504711				0	63.38009805	36.61990195	5.917047489E-05	0	99.99994083				-789.8938353	0.8323826229	NaN	
789.7338353	87	6	7	1	0.8323826229	97.8862911	0.6382041857	1.475504711				0	63.38009805	36.61990195	5.917047489E-05	0	99.99994083				-789.7338353	0.8323826229	NaN	
789.5738353	87	6	7	1	0.8323826229	97.8862911	0.6382041857	1.475504711				0	63.38009805	36.61990195	5.917047489E-05	0	99.99994083				-789.5738353	0.8323826229	NaN	
789.4138353	87	6	7	1	0.8323826229	97.8862911	0.6382041857	1.475504711				0	63.38009805	36.61990195	5.917047489E-05	0	99.99994083				-789.4138353	0.8323826229	NaN	
789.2538353	87	6	7	1	0.8323826229	97.8862911	0.6382041857	1.475504711				0	63.38009805	36.61990195	5.917047489E-05	0	99.99994083				-789.2538353	0.8323826229	NaN	
789.0938353	87	6	7	1	0.8323826229	97.8862911	0.6382041857	1.475504711				0	63.38009805	36.61990195	5.917047489E-05	0	99.99994083				-789.0938353	0.8323826229	NaN	
788.9338353	87	6	7	1	0.8323826229	97.8862911	0.6382041857	1.475504711				0	63.38009805	36.61990195	5.917047489E-05	0	99.99994083				-788.9338353	0.8323826229	NaN	
788.7738353	87	6	7	1	0.8323826229	97.8862911	0.6382041857	1.475504711				0	63.38009805	36.61990195	5.917047489E-05	0	99.99994083				-788.7738353	0.8323826229	NaN	
788.6138353	87	6	7	1	0.8323826229	97.8862911	0.6382041857	1.475504711				0	63.38009805	36.61990195	5.917047489E-05	0	99.99994083				-788.6138353	0.8323826229	NaN	
788.4538353	87	6	7	1	0.8323826229	97.8862911	0.6382041857	1.475504711				0	63.38009805	36.61990195	5.917047489E-05	0	99.99994083				-788.4538353	0.8323826229	NaN	
788.2938353	87	6	7	1	0.8323826229	97.8862911	0.6382041857	1.475504711				0	63.38009805	36.61990195	5.917047489E-05	0	99.99994083				-788.2938353	0.8323826229	NaN	
788.1338353	87	6	7	1	0.8323826229	97.8862911	0.6382041857	1.475504711				0	63.38009805	36.61990195	5.917047489E-05	0	99.99994083				-788.1338353	0.8323826229	NaN	
787.9738353	87	6	7	1	0.8323826229	97.8862911	0.6382041857	1.475504711				0	63.38009805	36.61990195	5.917047489E-05	0	99.99994083				-787.9738353	0.8323826229	NaN	
787.8138353	87	6	7	1	0.8323826229	97.8862911	0.6382041857	1.475504711				0	63.38009805	36.61990195	5.917047489E-05	0	99.99994083				-787.8138353	0.8323826229	NaN	
787.6538353	87	6	7	1	0.8323826229	97.8862911	0.6382041857	1.475504711				0	63.38009805	36.61990195	5.917047489E-05	0	99.99994083				-787.6538353	0.8323826229	NaN	
787.4938353	87	6	7	1	0.8323826229	97.8862911	0.6382041857	1.475504711				0	63.38009805	36.61990195	5.917047489E-05	0	99.99994083				-787.4938353	0.8323826229	NaN	
787.3338353	87	6	7	1	0.8323826229	97.8862911	0.6382041857	1.475504711				0	63.38009805	36.61990195	5.917047489E-05	0	99.99994083				-787.3338353	0.8323826229	NaN	
787.1738353	87	6	7	1	0.8323826229	97.8862911	0.6382041857	1.475504711				0	63.38009805	36.61990195	5.917047489E-05	0	99.99994083				-787.1738353	0.8323826229	NaN	
787.0138353	87	6	7	1	0.8323826229	97.8862911	0.6382041857	1.475504711				0	63.38009805	36.61990195	5.917047489E-05	0	99.99994083				-787.0138353	0.8323826229	NaN	
786.8538353	87	6	7	1	0.8323826229	97.8862911	0.6382041857	1.475504711				0	63.38009805	36.61990195	5.917047489E-05	0	99.99994083				-786.8538353	0.8323826229	NaN	
786.6938353	87	6	7	1	0.8323826229	97.8862911	0.6382041857	1.475504711				0	63.38009805	36.61990195	5.917047489E-05	0	99.99994083				-786.6938353	0.8323826229	NaN	
786.5338353	87	6	7	1	0.8323826229	97.8862911	0.6382041857	1.475504711				0	63.38009805	36.61990195	5.917047489E-05	0	99.99994083				-786.5338353	0.8323826229	NaN	
786.3738353	87	6	7	1	0.8323826229	97.8862911	0.6382041857	1.475504711				0	63.38009805	36.61990195	5.917047489E-05	0	99.99994083				-786.3738353	0.8323826229	NaN	
786.2138353	87	6	7	1	0.8323826229	97.8862911	0.6382041857	1.475504711				0	63.38009805	36.61990195	5.917047489E-05	0	99.99994083				-786.2138353	0.8323826229	NaN	
786.0538353	87	6	7	1	0.8323826229	97.8862911	0.6382041857	1.475504711				0	63.38009805	36.61990195	5.917047489E-05	0	99.99994083				-786.0538353	0.8323826229	NaN	
785.8938353	87	6	7	1	0.8323826229	97.8862911	0.6382041857	1.475504711				0	63.38009805	36.61990195	5.917047489E-05	0	99.99994083				-785.8938353	0.8323826229	NaN	
785.7338353	87	6	7	1	0.8323826229	97.8862911	0.6382041857	1.475504711				0	63.38009805	36.61990195	5.917047489E-05	0	99.99994083				-785.7338353	0.8323826229	NaN	
785.5738353	87	6	7	1	0.8323826229	97.8862911	0.6382041857	1.475504711				0	63.38009805	36.61990195	5.917047489E-05	0	99.99994083				-785.5738353	0.8323826229	NaN	
785.4138353	87	6	7	1	0.8323826229	97.8862911	0.6382041857	1.475504711				0	63.38009805	36.61990195	5.917047489E-05	0	99.99994083				-785.4138353	0.8323826229	NaN	
785.2538353	87	6	7	1	0.8323826229	97.8862911	0.6382041857	1.475504711				0	63.38009805	36.61990195	5.917047489E-05	0	99.99994083				-785.2538353	0.8323826229	NaN	
785.0938353	87	6	7	1	0.8323826229	97.8862911	0.6382041857	1.475504711				0	63.38009805	36.61990195	5.917047489E-05	0	99.99994083				-785.0938353	0.8323826229	NaN	
784.9338353	87	6	7	1	0.8323826229	97.8862911	0.6382041857	1.475504711				0	63.38009805	36.61990195	5.917047489E-05	0	99.99994083				-784.9338353	0.8323826229	NaN	
784.7738353	87	6	7	1	0.8323826229	97.8862911	0.6382041857	1.475504711				0	63.38009805	36.61990195	5.917047489E-05	0	99.99994083				-784.7738353	0.8323826229	NaN	
784.6138353	87	6	7	1	0.8323826229	97.8862911	0.6382041857	1.475504711				0	63.38009805	36.61990195	5.917047489E-05	0	99.99994083				-784.6138353	0.8323826229	NaN	
784.4538353	87	6	7	1	0.8323826229	97.8862911	0.6382041857	1.475504711				0	63.38009805	36.61990195	5.917047489E-05	0	99.99994083				-784.4538353	0.8323826229	NaN	
784.2938353	87	6	7	1	0.8323826229	97.8862911	0.6382041857	1.475504711				0	63.38009805	36.61990195	5.917047489E-05	0	99.99994083				-784.2938353	0.8323826229	NaN	
784.1338353	87	6	7	1	0.8323826229	97.8862911	0.6382041857	1.475504711				0	63.38009805	36.61990195	5.917047489E-05	0	99.99994083				-784.1338353	0.8323826229	NaN	
783.9738353	87	6	7	1	0.8323826229	97.8862911	0.6382041857	1.475504711				0	63.38009805	36.61990195	5.917047489E-05	0	99.99994083				-783.9738353	0.8323826229	NaN	
783.8138353	87	6	7	1	0.8323826229	97.8862911	0.6382041857	1.475504711				0	63.38009805	36.61990195	5.917047489E-05	0	99.99994083				-783.8138353	0.8323826229	NaN	
783.6538353	87	6	7	1	0.8323826229	97.8862911	0.6382041857	1.475504711				0	63.38009805	36.61990195	5.917047489E-05	0	99.99994083				-783.6538353	0.8323826229	NaN	
783.4938353	87	6	7	1	0.8323826229	97.8862911	0.6382041857	1.475504711				0	63.38009805	36.61990195	5.917047489E-05	0	99.99994083				-783.4938353	0.8323826229	NaN	
783.3338353	87	6	7	1	0.8323826229	97.8862911	0.6382041857	1.475504711				0	63.38009805	36.61990195	5.917047489E-05	0	99.99994083				-783.3338353	0.8323826229	NaN	
783.1738353	87	6	7	1	0.8323826229	97.8862911	0.6382041857	1.475504711				0	63.38009805	36.61990195	5.917047489E-05	0	99.99994083				-783.1738353	0.8323826229	NaN	
783.0138353	87	6	7	1	0.8323826229	97.8862911	0.6382041857	1.475504711				0	63.38009805	36.61990195	5.917047489E-05	0	99.99994083				-783.0138353	0.8323826229	NaN	
782.8538353	87	6	7	1	0.8323826229	97.8862911	0.6382041857	1.475504711				0	63.38009805	36.61990195	5.917047489E-05	0	99.99994083				-782.8538353	0.8323826229	NaN	
782.6938353	87	6	7	1	0.8323826229	97.8862911	0.6382041857	1.475504711				0	63.38009805	36.61990195	5.917047489E-05	0	99.99994083				-782.6938353	0.8323826229	NaN	
782.5338353	87	6	7	1	0.8323826229	97.8862911	0.6382041857	1.475504711				0	63.38009805	36.61990195	5.917047489E-05	0	99.99994083				-782.5338353	0.8323826229	NaN	
782.3738353	87	6	7	1	0.8323826229	97.8862911	0.6382041857	1.475504711				0	63.38009805	36.61990195	5.917047489E-05	0	99.99994083				-782.3738353	0.8323826229	NaN	
782.2138353	87	6	7	1	0.8323826229	97.8862911	0.6382041857	1.475504711				0	63.38009805	36.61990195	5.917047489E-05	0	99.99994083				-782.2138353	0.8323826229	NaN	
782.0538353	87	6	7	1	0.8323826229	97.8862911	0.6382041857	1.475504711				0	63.38009805	36.61990195	5.917047489E-05	0	99.99994083				-782.0538353	0.8323826229	NaN	
781.8938353	87	6	7	1	0.8323826229	97.8862911	0.6382041857	1.475504711				0	63.38009805	36.61990195	5.917047489E-05	0	99.99994083				-781.8938353	0.8323826229	NaN	
781.7338353	87	6	7	1	0.8323826229	97.8862911	0.6382041857	1.475504711				0	63.38009805	36.61990195	5.917047489E-05	0	99.99994083				-781.7338353	0.8323826229	NaN	
781.5738353	87	6	7	1	0.8323826229	97.8862911	0.6382041857	1.475504711				0	63.38009805	36.61990195	5.917047489E-05	0	99.99994083				-781.5738353	0.8323826229	NaN	
781.4138353	87	6	7	1	0.8323826229	97.8862911	0.6382041857	1.475504711				0	63.38009805	36.61990195	5.917047489E-05	0	99.99994083				-781.4138353	0.8323826229	NaN	
781.2538353	87	6	7	1	0.8323826229	97.8862911	0.6382041857	1.475504711				0	63.38009805	36.61990195	5.917047489E-05	0	99.99994083				-781.2538353	0.8323826229	NaN	
781.0938353	87	6	7	1	0.8323826229	97.8862911	0.6382041857	1.475504711				0	63.38009805	36.61990195	5.917047489E-05	0	99.99994083				-781.0938353	0.8323826229	NaN	
780.9338353	87	6	7	1	0.8323826229	97.8862911	0.6382041857	1.475504711				0	63.38009805	36.61990195	5.917047489E-05	0	99.99994083				-780.9338353	0.8323826229	NaN	
780.7738353	87	6	7	1	0.8323826229	97.8862911	0.6382041857	1.475504711				0	63.38009805	36.61990195	5.917047489E-05	0	99.99994083				-780.7738353	0.8323826229	NaN	
780.6138353	87	6	7	1	0.8323826229	97.8862911	0.6382041857	1.475504711				0	63.38009805	36.61990195	5.917047489E-05	0	99.99994083				-780.6138353	0.8323826229	NaN	
780.4538353	87	6	7	1	0.8323826229	97.8862911	0.6382041857	1.475504711				0	63.38009805	36.61990195	5.917047489E-05	0	99.99994083				-780.4538353	0.8323826229	NaN	
780.2938353	87	6	7	1	0.8323826229	97.8862911	0.6382041857	1.475504711				0	63.38009805	36.61990195	5.917047489E-05	0	99.99994083				-780.2938353	0.8323826229	NaN	
780.1338353	87	6	7	1	0.8323826229	97.8862911	0.6382041857	1.475504711				0	63.38009805	36.61990195	5.917047489E-05	0	99.99994083				-780.1338353	0.8323826229	NaN	
779.9738353	87	6	7	1	0.8323826229	97.8862911	0.6382041857	1.475504711				0	63.38009805	36.61990195	5.917047489E-05	0	99.99994083				-779.9738353	0.8323826229	NaN	
779.8138353	87	6	7	1	0.8323826229	97.8862911	0.6382041857	1.475504711				0	63.38009805	36.61990195	5.917047489E-05	0	99.99994083				-779.8138353	0.8323826229	NaN	
779.6538353	87	6	7	1	0.8323826229	97.8862911	0.6382041857	1.475504711				0	63.38009805	36.61990195	5.917047489E-05	0	99.99994083				-779.6538353	0.8323826229	NaN	
779.4938353	87	6	7	1	0.8323826229	97.8862911	0.6382041857	1.475504711				0	63.38009805	36.61990195	5.917047489E-05	0	99.99994083				-779.4938353	0.8323826229	NaN	
779.3338353	87	6	7	1	0.8323826229	97.8862911	0.6382041857	1.475504711				0	63.38009805	36.61990195	5.917047489E-05	0	99.99994083				-779.3338353	0.8323826229	NaN	
779.1738353	87	6	7	1	0.8323826229	97.8862911	0.6382041857	1.475504711				0	63.38009805	36.61990195	5.917047489E-05	0	99.99994083				-779.1738353	0.8323826229	NaN	
779.0138353	87	6	7	1	0.8323826229	97.8862911	0.6382041857	1.475504711				0	63.38009805	36.61990195	5.917047489E-05	0	99.99994083				-779.0138353	0.8323826229	NaN	
778.8538353	87	6	7	1	0.8323826229	97.8862911	0.6382041857	1.475504711				0	63.38009805	36.61990195	5.917047489E-05	0	99.99994083				-778.8538353	0.8323826229	NaN	
778.6938353	87	6	7	1	0.8323826229	97.8862911	0.6382041857	1.475504711				0	63.38009805	36.61990195	5.917047489E-05	0	99.99994083				-778.6938353	0.8323826229	NaN	
778.5338353	87	6	7	1	0.8323826229	97.8862911	0.6382041857	1.475504711				0	63.38009805	36.61990195	5.917047489E-05	0	99.99994083				-778.5338353	0.8323826229	NaN	
778.3738353	87	6	7	1	0.8323826229	97.8862911	0.6382041857	1.475504711				0	63.38009805	36.61990195	5.917047489E-05	0	99.99994083				-778.3738353	0.8323826229	NaN	
778.2138353	87	6	7	1	0.8323826229	97.8862911	0.6382041857	1.475504711				0	63.38009805	36.61990195	5.917047489E-05	0	99.99994083				-778.2138353	0.8323826229	NaN	
778.0538353	87	6	7	1	0.8323826229	97.8862911	0.6382041857	1.475504711				0	63.38009805	36.61990195	5.917047489E-05	0	99.99994083				-778.0538353	0.8323826229	NaN	
777.8938353	87	6	7	1	0.8323826229	97.8862911	0.6382041857	1.475504711				0	63.38009805	36.61990195	5.917047489E-05	0	99.99994083				-777.8938353	0.8323826229	NaN	
777.7338353	87	6	7	1	0.8323826229	97.8862911	0.6382041857	1.475504711				0	63.38009805	36.61990195	5.917047489E-05	0	99.99994083				-777.7338353	0.8323826229	NaN	
777.5738353	87	6	7	1	0.8323826229	97.8862911	0.6382041857	1.475504711				0	63.38009805	36.61990195	5.917047489E-05	0	99.99994083				-777.5738353	0.8323826229	NaN	
777.4138353	87	6	7	1	0.8323826229	97.8862911	0.6382041857	1.475504711				0	63.38009805	36.61990195	5.917047489E-05	0	99.99994083				-777.4138353	0.8323826229	NaN	
777.2538353	87	6	7	1	0.8323826229	97.8862911	0.6382041857	1.475504711				0	63.38009805	36.61990195	5.917047489E-05	0	99.99994083				-777.2538353	0.8323826229	NaN	
777.0938353	87	6	7	1	0.8323826229	97.8862911	0.6382041857	1.475504711				0	63.38009805	36.61990195	5.917047489E-05	0	99.99994083				-777.0938353	0.8323826229	NaN	
776.9338353	87	6	7	1	0.8323826229	97.8862911	0.6382041857	1.475504711				0	63.38009805	36.61990195	5.917047489E-05	0	99.99994083				-776.9338353	0.8323826229	NaN	
776.7738353	87	6	7	1	0.8323826229	97.8862911	0.6382041857	1.475504711				0	63.38009805	36.61990195	5.917047489E-05	0	99.99994083				-776.7738353	0.8323826229	NaN	
776.6138353	87	6	7	1	0.8323826229	97.8862911	0.6382041857	1.475504711				0	63.38009805	36.61990195	5.917047489E-05	0	99.99994083				-776.6138353	0.8323826229	NaN	
776.4538353	87	6	7	1	0.8323826229	97.8862911	0.6382041857	1.475504711				0	63.38009805	36.61990195	5.917047489E-05	0	99.99994083				-776.4538353	0.8323826229	NaN	
776.2938353	87	6	7	1	0.8323826229	97.8862911	0.6382041857	1.475504711				0	63.38009805	36.61990195	5.917047489E-05	0	99.99994083				-776.2938353	0.8323826229	NaN	
776.1338353	87	6	7	1	0.8323826229	97.8862911	0.6382041857	1.475504711				0	63.38009805	36.61990195	5.917047489E-05	0	99.99994083				-776.1338353	0.8323826229	NaN	
775.9738353	87	6	7	1	0.8323826229	97.8862911	0.6382041857	1.475504711				0	63.38009805	36.61990195	5.917047489E-05	0	99.99994083				-775.9738353	0.8323826229	NaN	
775.8138353	87	6	7	1	0.8323826229	97.8862911	0.6382041857	1.475504711				0	63.38009805	36.61990195	5.917047489E-05	0	99.99994083				-775.8138353	0.8323826229	NaN	
775.6538353	87	6	7	1	0.8323826229	97.8862911	0.6382041857	1.475504711				0	63.38009805	36.61990195	5.917047489E-05	0	99.99994083				-775.6538353	0.8323826229	NaN	
775.4938353	87	6	7	1	0.8323826229	97.8862911	0.6382041857	1.475504711				0	63.38009805	36.61990195	5.917047489E-05	0	99.99994083				-775.4938353	0.8323826229	NaN	
775.3338353	87	6	7	1	0.8323826229	97.8862911	0.6382041857	1.475504711				0	63.38009805	36.61990195	5.917047489E-05	0	99.99994083				-775.3338353	0.8323826229	NaN	
775.1738353	87	6	7	1	0.8323826229	97.8862911	0.6382041857	1.475504711				0	63.38009805	36.61990195	5.917047489E-05	0	99.99994083				-775.1738353	0.8323826229	NaN	
775.0138353	87	6	7	1	0.8323826229	97.8862911	0.6382041857	1.475504711				0	63.38009805	36.61990195	5.917047489E-05	0	99.99994083				-775.0138353	0.8323826229	NaN	
774.8538353	87	6	7	1	0.8323826229	97.8862911	0.6382041857	1.475504711				0	63.38009805	36.61990195	5.917047489E-05	0	99.99994083				-774.8538353	0.8323826229	NaN	
774.6938353	87	6	7	1	0.8323826229	97.8862911	0.6382041857	1.475504711				0	63.38009805	36.61990195	5.917047489E-05	0	99.99994083				-774.6938353	0.8323826229	NaN	
774.5338353	87	6	7	1	0.8323826229	97.8862911	0.6382041857	1.475504711				0	63.38009805	36.61990195	5.917047489E-05	0	99.99994083				-774.5338353	0.8323826229	NaN	
774.3738353	87	6	7	1	0.8323826229	97.8862911	0.6382041857	1.475504711				0	63.38009805	36.61990195	5.917047489E-05	0	99.99994083				-774.3738353	0.8323826229	NaN	
774.2138353	87	6	7	1	0.8323826229	97.8862911	0.6382041857	1.475504711				0	63.38009805	36.61990195	5.917047489E-05	0	99.99994083				-774.2138353	0.8323826229	NaN	
774.0538353	87	6	7	1	0.8323826229	97.8862911	0.6382041857	1.475504711				0	63.38009805	36.61990195	5.917047489E-05	0	99.99994083				-774.0538353	0.8323826229	NaN	
773.8938353	87	6	7	1	0.8323826229	97.8862911	0.6382041857	1.475504711				0	63.38009805	36.61990195	5.917047489E-05	0	99.99994083				-773.8938353	0.8323826229	NaN	
773.7338353	87	6	7	1	0.8323826229	97.8862911	0.6382041857	1.475504711				0	63.38009805	36.61990195	5.917047489E-05	0	99.99994083				-773.7338353	0.8323826229	NaN	
773.5738353	87	6	7	1	0.8323826229	97.8862911	0.6382041857	1.475504711				0	63.38009805	36.61990195	5.917047489E-05	0	99.99994083				-773.5738353	0.8323826229	NaN	
773.4138353	87	6	7	1	0.8323826229	97.8862911	0.6382041857	1.475504711				0	63.38009805	36.61990195	5.917047489E-05	0	99.99994083				-773.4138353	0.8323826229	NaN	
773.2538353	87	6	7	1	0.8323826229	97.8862911	0.6382041857	1.475504711				0	63.38009805	36.61990195	5.917047489E-05	0	99.99994083				-773.2538353	0.8323826229	NaN	
773.0938353	87	6	7	1	0.8323826229	97.8862911	0.6382041857	1.475504711				0	63.38009805	36.61990195	5.917047489E-05	0	99.99994083				-773.0938353	0.8323826229	NaN	
772.9338353	87	6	7	1	0.8323826229	97.8862911	0.6382041857	1.475504711				0	63.38009805	36.61990195	5.917047489E-05	0	99.99994083				-772.9338353	0.8323826229	NaN	
772.7738353	87	6	7	1	0.8323826229	97.8862911	0.6382041857	1.475504711				0	63.38009805	36.61990195	5.917047489E-05	0	99.99994083				-772.7738353	0.8323826229	NaN	
772.6138353	87	6	7	1	0.8323826229	97.8862911	0.6382041857	1.475504711				0	63.38009805	36.61990195	5.917047489E-05	0	99.99994083				-772.6138353	0.8323826229	NaN	
772.4538353	87	6	7	1	0.8323826229	97.8862911	0.6382041857	1.475504711				0	63.38009805	36.61990195	5.917047489E-05	0	99.99994083				-772.4538353	0.8323826229	NaN	
772.2938353	87	6	7	1	0.8323826229	97.8862911	0.6382041857	1.475504711				0	63.38009805	36.61990195	5.917047489E-05	0	99.99994083				-772.2938353	0.8323826229	NaN	
772.1338353	87	6	7	1	0.8323826229	97.8862911	0.6382041857	1.475504711				0	63.38009805	36.61990195	5.917047489E-05	0	99.99994083				-772.1338353	0.8323826229	NaN	
771.9738353	87	6	7	1	0.8323826229	97.8862911	0.6382041857	1.475504711				0	63.38009805	36.61990195	5.917047489E-05	0	99.99994083				-771.9738353	0.8323826229	NaN	
771.8138353	87	6	7	1	0.8323826229	97.8862911	0.6382041857	1.475504711				0	63.38009805	36.61990195	5.917047489E-05	0	99.99994083				-771.8138353	0.8323826229	NaN	
771.6538353	87	6	7	1	0.8323826229	97.8862911	0.6382041857	1.475504711				0	63.38009805	36.61990195	5.917047489E-05	0	99.99994083				-771.6538353	0.8323826229	NaN	
771.4938353	87	6	7	1	0.8323826229	97.8862911	0.6382041857	1.475504711				0	63.38009805	36.61990195	5.917047489E-05	0	99.99994083				-771.4938353	0.8323826229	NaN	
771.3338353	87	6	7	1	0.8323826229	97.8862911	0.6382041857	1.475504711				0	63.38009805	36.61990195	5.917047489E-05	0	99.99994083				-771.3338353	0.8323826229	NaN	
771.1738353	87	6	7	1	0.8323826229	97.8862911	0.6382041857	1.475504711				0	63.38009805	36.61990195	5.917047489E-05	0	99.99994083				-771.1738353	0.8323826229	NaN	
771.0138353	87	6	7	1	0.8323826229	97.8862911	0.6382041857	1.475504711				0	63.38009805	36.61990195	5.917047489E-05	0	99.99994083				-771.0138353	0.8323826229	NaN	
770.8538353	87	6	7	1	0.8323826229	97.8862911	0.6382041857	1.475504711				0	63.38009805	36.61990195	5.917047489E-05	0	99.99994083				-770.8538353	0.8323826229	NaN	
770.6938353	87	6	7	1	0.8323826229	97.8862911	0.6382041857	1.475504711				0	63.38009805	36.61990195	5.917047489E-05	0	99.99994083				-770.6938353	0.8323826229	NaN	
770.5338353	87	6	7	1	0.8323826229	97.8862911	0.6382041857	1.475504711				0	63.38009805	36.61990195	5.917047489E-05	0	99.99994083				-770.5338353	0.8323826229	NaN	
770.3738353	87	6	7	1	0.8323826229	97.8862911	0.6382041857	1.475504711				0	63.38009805	36.61990195	5.917047489E-05	0	99.99994083				-770.3738353	0.8323826229	NaN	
770.2138353	87	6	7	1	0.8323826229	97.8862911	0.6382041857	1.475504711				0	63.38009805	36.61990195	5.917047489E-05	0	99.99994083				-770.2138353	0.8323826229	NaN	
770.0538353	87	6	7	1	0.8323826229	97.8862911	0.6382041857	1.475504711				0	63.38009805	36.61990195	5.917047489E-05	0	99.99994083				-770.0538353	0.8323826229	NaN	
769.8938353	87	6	7	1	0.8323826229	97.8862911	0.6382041857	1.475504711				0	63.38009805	36.61990195	5.917047489E-05	0	99.99994083				-769.8938353	0.8323826229	NaN	
769.7338353	87	6	7	1	0.8323826229	97.8862911	0.6382041857	1.475504711				0	63.38009805	36.61990195	5.917047489E-05	0	99.99994083				-769.7338353	0.8323826229	NaN	
769.5738353	87	6	7	1	0.8323826229	97.8862911	0.6382041857	1.475504711				0	63.38009805	36.61990195	5.917047489E-05	0	99.99994083				-769.5738353	0.8323826229	NaN	
769.4138353	87	6	7	1	0.8323826229	97.8862911	0.6382041857	1.475504711				0	63.38009805	36.61990195	5.917047489E-05	0	99.99994083				-769.4138353	0.8323826229	NaN	
769.2538353	87	6	7	1	0.8323826229	97.8862911	0.6382041857	1.475504711				0	63.38009805	36.61990195	5.917047489E-05	0	99.99994083				-769.2538353	0.8323826229	NaN	
769.0938353	87	6	7	1	0.8323826229	97.8862911	0.6382041857	1.475504711				0	63.38009805	36.61990195	5.917047489E-05	0	99.99994083				-769.0938353	0.8323826229	NaN	
768.9338353	87	6	7	1	0.8323826229	97.8862911	0.6382041857	1.475504711				0	63.38009805	36.61990195	5.917047489E-05	0	99.99994083				-768.9338353	0.8323826229	NaN	
768.7738353	87	6	7	1	0.8323826229	97.8862911	0.6382041857	1.475504711				0	63.38009805	36.61990195	5.917047489E-05	0	99.99994083				-768.7738353	0.8323826229	NaN	
768.6138353	87	6	7	1	0.8323826229	97.8862911	0.6382041857	1.475504711				0	63.38009805	36.61990195	5.917047489E-05	0	99.99994083				-768.6138353	0.8323826229	NaN	
768.4538353	87	6	7	1	0.8323826229	97.8862911	0.6382041857	1.475504711				0	63.38009805	36.61990195	5.917047489E-05	0	99.99994083				-768.4538353	0.8323826229	NaN	
768.2938353	87	6	7	1	0.8323826229	97.8862911	0.6382041857	1.475504711				0	63.38009805	36.61990195	5.917047489E-05	0	99.99994083				-768.2938353	0.8323826229	NaN	
768.1338353	87	6	7	1	0.8323826229	97.8862911	0.6382041857	1.475504711				0	63.38009805	36.61990195	5.917047489E-05	0	99.99994083				-768.1338353	0.8323826229	NaN	
767.9738353	87	6	7	1	0.8323826229	97.8862911	0.6382041857	1.475504711				0	63.38009805	36.61990195	5.917047489E-05	0	99.99994083				-767.9738353	0.8323826229	NaN	
767.8138353	87	6	7	1	0.8323826229	97.8862911	0.6382041857	1.475504711				0	63.38009805	36.61990195	5.917047489E-05	0	99.99994083				-767.8138353	0.8323826229	NaN	
767.6538353	87	6	7	1	0.8323826229	97.8862911	0.6382041857	1.475504711				0	63.38009805	36.61990195	5.917047489E-05	0	99.99994083				-767.6538353	0.8323826229	NaN	
767.4938353	87	6	7	1	0.8323826229	97.8862911	0.6382041857	1.475504711				0	63.38009805	36.61990195	5.917047489E-05	0	99.99994083				-767.4938353	0.8323826229	NaN	
767.3338353	87	6	7	1	0.8323826229	97.8862911	0.6382041857	1.475504711				0	63.38009805	36.61990195	5.917047489E-05	0	99.99994083				-767.3338353	0.8323826229	NaN	
767.1738353	87	6	7	1	0.8323826229	97.8862911	0.6382041857	1.475504711				0	63.38009805	36.61990195	5.917047489E-05	0	99.99994083				-767.1738353	0.8323826229	NaN	
767.0138353	87	6	7	1	0.8323826229	97.8862911	0.6382041857	1.475504711				0	63.38009805	36.61990195	5.917047489E-05	0	99.99994083				-767.0138353	0.8323826229	NaN	
766.8538353	87	6	7	1	0.8323826229	97.8862911	0.6382041857	1.475504711				0	63.38009805	36.61990195	5.917047489E-05	0	99.99994083				-766.8538353	0.8323826229	NaN	
766.6938353	87	6	7	1	0.8323826229	97.8862911	0.6382041857	1.475504711				0	63.38009805	36.61990195	5.917047489E-05	0	99.99994083				-766.6938353	0.8323826229	NaN	
766.5338353	87	6	7	1	0.8323826229	97.8862911	0.6382041857	1.475504711				0	63.38009805	36.61990195	5.917047489E-05	0	99.99994083				-766.5338353	0.8323826229	NaN	
766.3738353	87	6	7	1	0.8323826229	97.8862911	0.6382041857	1.475504711				0	63.38009805	36.61990195	5.917047489E-05	0	99.99994083				-766.3738353	0.8323826229	NaN	
766.2138353	87	6	7	1	0.8323826229	97.8862911	0.6382041857	1.475504711				0	63.38009805	36.61990195	5.917047489E-05	0	99.99994083				-766.2138353	0.8323826229	NaN	
766.0538353	87	6	7	1	0.8323826229	97.8862911	0.6382041857	1.475504711				0	63.38009805	36.61990195	5.917047489E-05	0	99.99994083				-766.0538353	0.8323826229	NaN	
765.8938353	87	6	7	1	0.8323826229	97.8862911	0.6382041857	1.475504711				0	63.38009805	36.61990195	5.917047489E-05	0	99.99994083				-765.8938353	0.8323826229	NaN	
765.7338353	87	6	7	1	0.8323826229	97.8862911	0.6382041857	1.475504711				0	63.38009805	36.61990195	5.917047489E-05	0	99.99994083				-765.7338353	0.8323826229	NaN	
765.5738353	87	6	7	1	0.8323826229	97.8862911	0.6382041857	1.475504711				0	63.38009805	36.61990195	5.917047489E-05	0	99.99994083				-765.5738353	0.8323826229	NaN	
765.4138353	87	6	7	1	0.8323826229	97.8862911	0.6382041857	1.475504711				0	63.38009805	36.61990195	5.917047489E-05	0	99.99994083				-765.4138353	0.8323826229	NaN	
765.2538353	87	6	7	1	0.8323826229	97.8862911	0.6382041857	1.475504711				0	63.38009805	36.61990195	5.917047489E-05	0	99.99994083				-765.2538353	0.8323826229	NaN	
765.0938353	87	6	7	1	0.8323826229	97.8862911	0.6382041857	1.475504711				0	63.38009805	36.61990195	5.917047489E-05	0	99.99994083				-765.0938353	0.8323826229	NaN	
764.9338353	87	6	7	1	0.8323826229	97.8862911	0.6382041857	1.475504711				0	63.38009805	36.61990195	5.917047489E-05	0	99.99994083				-764.9338353	0.8323826229	NaN	
764.7738353	87	6	7	1	0.8323826229	97.8862911	0.6382041857	1.475504711				0	63.38009805	36.61990195	5.917047489E-05	0	99.99994083				-764.7738353	0.8323826229	NaN	
764.6138353	87	6	7	1	0.8323826229	97.8862911	0.6382041857	1.475504711				0	63.38009805	36.61990195	5.917047489E-05	0	99.99994083				-764.6138353	0.8323826229	NaN	
764.4538353	87	6	7	1	0.8323826229	97.8862911	0.6382041857	1.475504711				0	63.38009805	36.61990195	5.917047489E-05	0	99.99994083				-764.4538353	0.8323826229	NaN	
764.2938353	87	6	7	1	0.8323826229	97.8862911	0.6382041857	1.475504711				0	63.38009805	36.61990195	5.917047489E-05	0	99.99994083				-764.2938353	0.8323826229	NaN	
764.1338353	87	6	7	1	0.8323826229	97.8862911	0.6382041857	1.475504711				0	63.38009805	36.61990195	5.917047489E-05	0	99.99994083				-764.1338353	0.8323826229	NaN	
763.9738353	87	6	7	1	0.8323826229	97.8862911	0.6382041857	1.475504711				0	63.38009805	36.61990195	5.917047489E-05	0	99.99994083				-763.9738353	0.8323826229	NaN	
763.8138353	87	6	7	1	0.8323826229	97.8862911	0.6382041857	1.475504711				0	63.38009805	36.61990195	5.917047489E-05	0	99.99994083				-763.8138353	0.8323826229	NaN	
763.6538353	87	6	7	1	0.8323826229	97.8862911	0.6382041857	1.475504711				0	63.38009805	36.61990195	5.917047489E-05	0	99.99994083				-763.6538353	0.8323826229	NaN	
763.4938353	87	6	7	1	0.8323826229	97.8862911	0.6382041857	1.475504711				0	63.38009805	36.61990195	5.917047489E-05	0	99.99994083				-763.4938353	0.8323826229	NaN	
763.3338353	87	6	7	1	0.8323826229	97.8862911	0.6382041857	1.475504711				0	63.38009805	36.61990195	5.917047489E-05	0	99.99994083				-763.3338353	0.8323826229	NaN	
763.1738353	87	6	7	1	0.8323826229	97.8862911	0.6382041857	1.475504711				0	63.38009805	36.61990195	5.917047489E-05	0	99.99994083				-763.1738353	0.8323826229	NaN	
763.0138353	87	6	7	1	0.8323826229	97.8862911	0.6382041857	1.475504711				0	63.38009805	36.61990195	5.917047489E-05	0	99.99994083				-763.0138353	0.8323826229	NaN	
762.8538353	87	6	7	1	0.8323826229	97.8862911	0.6382041857	1.475504711				0	63.38009805	36.61990195	5.917047489E-05	0	99.99994083				-762.8538353	0.8323826229	NaN	
762.6938353	87	6	7	1	0.8323826229	97.8862911	0.6382041857	1.475504711				0	63.38009805	36.61990195	5.917047489E-05	0	99.99994083				-762.6938353	0.8323826229	NaN	
762.5338353	87	6	7	1	0.8323826229	97.8862911	0.6382041857	1.475504711				0	63.38009805	36.61990195	5.917047489E-05	0	99.99994083				-762.5338353	0.8323826229	NaN	
762.3738353	87	6	7	1	0.8323826229	97.8862911	0.6382041857	1.475504711				0	63.38009805	36.61990195	5.917047489E-05	0	99.99994083				-762.3738353	0.8323826229	NaN	
762.2138353	87	6	7	1	0.8323826229	97.8862911	0.6382041857	1.475504711				0	63.38009805	36.61990195	5.917047489E-05	0	99.99994083				-762.2138353	0.8323826229	NaN	
762.0538353	87	6	7	1	0.8323826229	97.8862911	0.6382041857	1.475504711				0	63.38009805	36.61990195	5.917047489E-05	0	99.99994083				-762.0538353	0.8323826229	NaN	
761.8938353	87	6	7	1	0.8323826229	97.8862911	0.6382041857	1.475504711				0	63.38009805	36.61990195	5.917047489E-05	0	99.99994083				-761.8938353	0.8323826229	NaN	
761.7338353	87	6	7	1	0.8323826229	97.8862911	0.6382041857	1.475504711				0	63.38009805	36.61990195	5.917047489E-05	0	99.99994083				-761.7338353	0.8323826229	NaN	
761.5738353	87	6	7	1	0.8323826229	97.8862911	0.6382041857	1.475504711				0	63.38009805	36.61990195	5.917047489E-05	0	99.99994083				-761.5738353	0.8323826229	NaN	
761.4138353	87	6	7	1	0.8323826229	97.8862911	0.6382041857	1.475504711				0	63.38009805	36.61990195	5.917047489E-05	0	99.99994083				-761.4138353	0.8323826229	NaN	
761.2538353	87	6	7	1	0.8323826229	97.8862911	0.6382041857	1.475504711				0	63.38009805	36.61990195	5.917047489E-05	0	99.99994083				-761.2538353	0.8323826229	NaN	
761.0938353	87	6	7	1	0.8323826229	97.8862911	0.6382041857	1.475504711				0	63.38009805	36.61990195	5.917047489E-05	0	99.99994083				-761.0938353	0.8323826229	NaN	
760.9338353	87	6	7	1	0.8323826229	97.8862911	0.6382041857	1.475504711				0	63.38009805	36.61990195	5.917047489E-05	0	99.99994083				-760.9338353	0.8323826229	NaN	
760.7738353	87	6	7	1	0.8323826229	97.8862911	0.6382041857	1.475504711				0	63.38009805	36.61990195	5.917047489E-05	0	99.99994083				-760.7738353	0.8323826229	NaN	
760.6138353	87	6	7	1	0.8323826229	97.8862911	0.6382041857	1.475504711				0	63.38009805	36.61990195	5.917047489E-05	0	99.99994083				-760.6138353	0.8323826229	NaN	
760.4538353	87	6	7	1	0.8323826229	97.8862911	0.6382041857	1.475504711				0	63.38009805	36.61990195	5.917047489E-05	0	99.99994083				-760.4538353	0.8323826229	NaN	
760.2938353	87	6	7	1	0.8323826229	97.8862911	0.6382041857	1.475504711				0	63.38009805	36.61990195	5.917047489E-05	0	99.99994083				-760.2938353	0.8323826229	NaN	
760.1338353	87	6	7	1	0.8323826229	97.8862911	0.6382041857	1.475504711				0	63.38009805	36.61990195	5.917047489E-05	0	99.99994083				-760.1338353	0.8323826229	NaN	
759.9738353	87	6	7	1	0.8323826229	97.8862911	0.6382041857	1.475504711				0	63.38009805	36.61990195	5.917047489E-05	0	99.99994083				-759.9738353	0.8323826229	NaN	
759.8138353	87	6	7	1	0.8323826229	97.8862911	0.6382041857	1.475504711				0	63.38009805	36.61990195	5.917047489E-05	0	99.99994083				-759.8138353	0.8323826229	NaN	
759.6538353	87	6	7	1	0.8323826229	97.8862911	0.6382041857	1.475504711				0	63.38009805	36.61990195	5.917047489E-05	0	99.99994083				-759.6538353	0.8323826229	NaN	
759.4938353	87	6	7	1	0.8323826229	97.8862911	0.6382041857	1.475504711				0	63.38009805	36.61990195	5.917047489E-05	0	99.99994083				-759.4938353	0.8323826229	NaN	
759.3338353	87	6	7	1	0.8323826229	97.8862911	0.6382041857	1.475504711				0	63.38009805	36.61990195	5.917047489E-05	0	99.99994083				-759.3338353	0.8323826229	NaN	
759.1738353	87	6	7	1	0.8323826229	97.8862911	0.6382041857	1.475504711				0	63.38009805	36.61990195	5.917047489E-05	0	99.99994083				-759.1738353	0.8323826229	NaN	
759.0138353	87	6	7	1	0.8323826229	97.8862911	0.6382041857	1.475504711				0	63.38009805	36.61990195	5.917047489E-05	0	99.99994083				-759.0138353	0.8323826229	NaN	
758.8538353	87	6	7	1	0.8323826229	97.8862911	0.6382041857	1.475504711				0	63.38009805	36.61990195	5.917047489E-05	0	99.99994083				-758.8538353	0.8323826229	NaN	
758.6938353	87	6	7	1	0.8323826229	97.8862911	0.6382041857	1.475504711				0	63.38009805	36.61990195	5.917047489E-05	0	99.99994083				-758.6938353	0.8323826229	NaN	
758.5338353	87	6	7	1	0.8323826229	97.8862911	0.6382041857	1.475504711				0	63.38009805	36.61990195	5.917047489E-05	0	99.99994083				-758.5338353	0.8323826229	NaN	
758.3738353	87	6	7	1	0.8323826229	97.8862911	0.6382041857	1.475504711				0	63.38009805	36.61990195	5.917047489E-05	0	99.99994083				-758.3738353	0.8323826229	NaN	
758.2138353	87	6	7	1	0.8323826229	97.8862911	0.6382041857	1.475504711				0	63.38009805	36.61990195	5.917047489E-05	0	99.99994083				-758.2138353	0.8323826229	NaN	
758.0538353	87	6	7	1	0.8323826229	97.8862911	0.6382041857	1.475504711				0	63.38009805	36.61990195	5.917047489E-05	0	99.99994083				-758.0538353	0.8323826229	NaN	
757.8938353	87	6	7	1	0.8323826229	97.8862911	0.6382041857	1.475504711				0	63.38009805	36.61990195	5.917047489E-05	0	99.99994083				-757.8938353	0.8323826229	NaN	
757.7338353	87	6	7	1	0.8323826229	97.8862911	0.6382041857	1.475504711				0	63.38009805	36.61990195	5.917047489E-05	0	99.99994083				-757.7338353	0.8323826229	NaN	
757.5738353	87	6	7	1	0.8323826229	97.8862911	0.6382041857	1.475504711				0	63.38009805	36.61990195	5.917047489E-05	0	99.99994083				-757.5738353	0.8323826229	NaN	
757.4138353	87	6	7	1	0.8323826229	97.8862911	0.6382041857	1.475504711				0	63.38009805	36.61990195	5.917047489E-05	0	99.99994083				-757.4138353	0.8323826229	NaN	
757.2538353	87	6	7	1	0.8323826229	97.8862911	0.6382041857	1.475504711				0	63.38009805	36.61990195	5.917047489E-05	0	99.99994083				-757.2538353	0.8323826229	NaN	
757.0938353	87	6	7	1	0.8323826229	97.8862911	0.6382041857	1.475504711				0	63.38009805	36.61990195	5.917047489E-05	0	99.99994083				-757.0938353	0.8323826229	NaN	
756.9338353	87	6	7	1	0.8323826229	97.8862911	0.6382041857	1.475504711				0	63.38009805	36.61990195	5.917047489E-05	0	99.99994083				-756.9338353	0.8323826229	NaN	
756.7738353	87	6	7	1	0.8323826229	97.8862911	0.6382041857	1.475504711				0	63.38009805	36.61990195	5.917047489E-05	0	99.99994083				-756.7738353	0.8323826229	NaN	
756.6138353	87	6	7	1	0.8323826229	97.8862911	0.6382041857	1.475504711				0	63.38009805	36.61990195	5.917047489E-05	0	99.99994083				-756.6138353	0.8323826229	NaN	
756.4538353	87	6	7	1	0.8323826229	97.8862911	0.6382041857	1.475504711				0	63.38009805	36.61990195	5.917047489E-05	0	99.99994083				-756.4538353	0.8323826229	NaN	
756.2938353	87	6	7	1	0.8323826229	97.8862911	0.6382041857	1.475504711				0	63.38009805	36.61990195	5.917047489E-05	0	99.99994083				-756.2938353	0.8323826229	NaN	
756.1338353	87	6	7	1	0.8323826229	97.8862911	0.6382041857	1.475504711				0	63.38009805	36.61990195	5.917047489E-05	0	99.99994083				-756.1338353	0.8323826229	NaN	
755.9738353	87	6	7	1	0.8323826229	97.8862911	0.6382041857	1.475504711				0	63.38009805	36.61990195	5.917047489E-05	0	99.99994083				-755.9738353	0.8323826229	NaN	
755.8138353	87	6	7	1	0.8323826229	97.8862911	0.6382041857	1.475504711				0	63.38009805	36.61990195	5.917047489E-05	0	99.99994083				-755.8138353	0.8323826229	NaN	
755.6538353	87	6	7	1	0.8323826229	97.8862911	0.6382041857	1.475504711				0	63.38009805	36.61990195	5.917047489E-05	0	99.99994083				-755.6538353	0.8323826229	NaN	
755.4938353	87	6	7	1	0.8323826229	97.8862911	0.6382041857	1.475504711				0	63.38009805	36.61990195	5.917047489E-05	0	99.99994083				-755.4938353	0.8323826229	NaN	
755.3338353	87	6	7	1	0.8323826229	97.8862911	0.6382041857	1.475504711				0	63.38009805	36.61990195	5.917047489E-05	0	99.99994083				-755.3338353	0.8323826229	NaN	
755.1738353	87	6	7	1	0.8323826229	97.8862911	0.6382041857	1.475504711				0	63.38009805	36.61990195	5.917047489E-05	0	99.99994083				-755.1738353	0.8323826229	NaN	
755.0138353	87	6	7	1	0.8323826229	97.8862911	0.6382041857	1.475504711				0	63.38009805	36.61990195	5.917047489E-05	0	99.99994083				-755.0138353	0.8323826229	NaN	
754.8538353	87	6	7	1	0.8323826229	97.8862911	0.6382041857	1.475504711				0	63.38009805	36.61990195	5.917047489E-05	0	99.99994083				-754.8538353	0.8323826229	NaN	
754.6938353	87	6	7	1	0.8323826229	97.8862911	0.6382041857	1.475504711				0	63.38009805	36.61990195	5.917047489E-05	0	99.99994083				-754.6938353	0.8323826229	NaN	
754.5338353	87	6	7	1	0.8323826229	97.8862911	0.6382041857	1.475504711				0	63.38009805	36.61990195	5.917047489E-05	0	99.99994083				-754.5338353	0.8323826229	NaN	
754.3738353	87	6	7	1	0.8323826229	97.8862911	0.6382041857	1.475504711				0	63.38009805	36.61990195	5.917047489E-05	0	99.99994083				-754.3738353	0.8323826229	NaN	
754.2138353	87	6	7	1	0.8323826229	97.8862911	0.6382041857	1.475504711				0	63.38009805	36.61990195	5.917047489E-05	0	99.99994083				-754.2138353	0.8323826229	NaN	
754.0538353	87	6	7	1	0.8323826229	97.8862911	0.6382041857	1.475504711				0	63.38009805	36.61990195	5.917047489E-05	0	99.99994083				-754.0538353	0.8323826229	NaN	
753.8938353	87	6	7	1	0.8323826229	97.8862911	0.6382041857	1.475504711				0	63.38009805	36.61990195	5.917047489E-05	0	99.99994083				-753.8938353	0.8323826229	NaN	
753.7338353	87	6	7	1	0.8323826229	97.8862911	0.6382041857	1.475504711				0	63.38009805	36.61990195	5.917047489E-05	0	99.99994083				-753.7338353	0.8323826229	NaN	
753.5738353	87	6	7	1	0.8323826229	97.8862911	0.6382041857	1.475504711				0	63.38009805	36.61990195	5.917047489E-05	0	99.99994083				-753.5738353	0.8323826229	NaN	
753.4138353	87	6	7	1	0.8323826229	97.8862911	0.6382041857	1.475504711				0	63.38009805	36.61990195	5.917047489E-05	0	99.99994083				-753.4138353	0.8323826229	NaN	
753.2538353	87	6	7	1	0.8323826229	97.8862911	0.6382041857	1.475504711				0	63.38009805	36.61990195	5.917047489E-05	0	99.99994083				-753.2538353	0.8323826229	NaN	
753.0938353	87	6	7	1	0.8323826229	97.8862911	0.6382041857	1.475504711				0	63.38009805	36.61990195	5.917047489E-05	0	99.99994083				-753.0938353	0.8323826229	NaN	
752.9338353	87	6	7	1	0.8323826229	97.8862911	0.6382041857	1.475504711				0	63.38009805	36.61990195	5.917047489E-05	0	99.99994083				-752.9338353	0.8323826229	NaN	
752.7738353	87	6	7	1	0.8323826229	97.8862911	0.6382041857	1.475504711				0	63.38009805	36.61990195	5.917047489E-05	0	99.99994083				-752.7738353	0.8323826229	NaN	
752.6138353	87	6	7	1	0.8323826229	97.8862911	0.6382041857	1.475504711				0	63.38009805	36.61990195	5.917047489E-05	0	99.99994083				-752.6138353	0.8323826229	NaN	
752.4538353	87	6	7	1	0.8323826229	97.8862911	0.6382041857	1.475504711				0	63.38009805	36.61990195	5.917047489E-05	0	99.99994083				-752.4538353	0.8323826229	NaN	
752.2938353	87	6	7	1	0.8323826229	97.8862911	0.6382041857	1.475504711				0	63.38009805	36.61990195	5.917047489E-05	0	99.99994083				-752.2938353	0.8323826229	NaN	
752.1338353	87	6	7	1	0.8323826229	97.8862911	0.6382041857	1.475504711				0	63.38009805	36.61990195	5.917047489E-05	0	99.99994083				-752.1338353	0.8323826229	NaN	
751.9738353	87	6	7	1	0.8323826229	97.8862911	0.6382041857	1.475504711				0	63.38009805	36.61990195	5.917047489E-05	0	99.99994083				-751.9738353	0.8323826229	NaN	
751.8138353	87	6	7	1	0.8323826229	97.8862911	0.6382041857	1.475504711				0	63.38009805	36.61990195	5.917047489E-05	0	99.99994083				-751.8138353	0.8323826229	NaN	
751.6538353	87	6	7	1	0.8323826229	97.8862911	0.6382041857	1.475504711				0	63.38009805	36.61990195	5.917047489E-05	0	99.99994083				-751.6538353	0.8323826229	NaN	
751.4938353	87	6	7	1	0.8323826229	97.8862911	0.6382041857	1.475504711				0	63.38009805	36.61990195	5.917047489E-05	0	99.99994083				-751.4938353	0.8323826229	NaN	
751.3338353	87	6	7	1	0.8323826229	97.8862911	0.6382041857	1.475504711				0	63.38009805	36.61990195	5.917047489E-05	0	99.99994083				-751.3338353	0.8323826229	NaN	
751.1738353	87	6	7	1	0.8323826229	97.8862911	0.6382041857	1.475504711				0	63.38009805	36.61990195	5.917047489E-05	0	99.99994083				-751.1738353	0.8323826229	NaN	
751.0138353	87	6	7	1	0.8323826229	97.8862911	0.6382041857	1.475504711				0	63.38009805	36.61990195	5.917047489E-05	0	99.99994083				-751.0138353	0.8323826229	NaN	
750.8538353	87	6	7	1	0.8323826229	97.8862911	0.6382041857	1.475504711				0	63.38009805	36.61990195	5.917047489E-05	0	99.99994083				-750.8538353	0.8323826229	NaN	
750.6938353	87	6	7	1	0.8323826229	97.8862911	0.6382041857	1.475504711				0	63.38009805	36.61990195	5.917047489E-05	0	99.99994083				-750.6938353	0.8323826229	NaN	
750.5338353	87	6	7	1	0.8323826229	97.8862911	0.6382041857	1.475504711				0	63.38009805	36.61990195	5.917047489E-05	0	99.99994083				-750.5338353	0.8323826229	NaN	
750.3738353	87	6	7	1	0.8323826229	97.8862911	0.6382041857	1.475504711				0	63.38009805	36.61990195	5.917047489E-05	0	99.99994083				-750.3738353	0.8323826229	NaN	
750.2138353	87	6	7	1	0.8323826229	97.8862911	0.6382041857	1.475504711				0	63.38009805	36.61990195	5.917047489E-05	0	99.99994083				-750.2138353	0.8323826229	NaN	
750.0538353	87	6	7	1	0.8323826229	97.8862911	0.6382041857	1.475504711				0	63.38009805	36.61990195	5.917047489E-05	0	99.99994083				-750.0538353	0.8323826229	NaN	
749.8938353	87	6	7	1	0.8323826229	97.8862911	0.6382041857	1.475504711				0	63.38009805	36.61990195	5.917047489E-05	0	99.99994083				-749.8938353	0.8323826229	NaN	
749.7338353	87	6	7	1	0.8323826229	97.8862911	0.6382041857	1.475504711				0	63.38009805	36.61990195	5.917047489E-05	0	99.99994083				-749.7338353	0.8323826229	NaN	
749.5738353	87	6	7	1	0.8323826229	97.8862911	0.6382041857	1.475504711				0	63.38009805	36.61990195	5.917047489E-05	0	99.99994083				-749.5738353	0.8323826229	NaN	
749.4138353	87	6	7	1	0.8323826229	97.8862911	0.6382041857	1.475504711				0	63.38009805	36.61990195	5.917047489E-05	0	99.99994083				-749.4138353	0.8323826229	NaN	
749.2538353	87	6	7	1	0.8323826229	97.8862911	0.6382041857	1.475504711				0	63.38009805	36.61990195	5.917047489E-05	0	99.99994083				-749.2538353	0.8323826229	NaN	
749.0938353	87	6	7	1	0.8323826229	97.8862911	0.6382041857	1.475504711				0	63.38009805	36.61990195	5.917047489E-05	0	99.99994083				-749.0938353	0.8323826229	NaN	
748.9338353	87	6	7	1	0.8323826229	97.8862911	0.6382041857	1.475504711				0	63.38009805	36.61990195	5.917047489E-05	0	99.99994083				-748.9338353	0.8323826229	NaN	
748.7738353	87	6	7	1	0.8323826229	97.8862911	0.6382041857	1.475504711				0	63.38009805	36.61990195	5.917047489E-05	0	99.99994083				-748.7738353	0.8323826229	NaN	
748.6138353	87	6	7	1	0.8323826229	97.8862911	0.6382041857	1.475504711				0	63.38009805	36.61990195	5.917047489E-05	0	99.99994083				-748.6138353	0.8323826229	NaN	
748.4538353	87	6	7	1	0.8323826229	97.8862911	0.6382041857	1.475504711				0	63.38009805	36.61990195	5.917047489E-05	0	99.99994083				-748.4538353	0.8323826229	NaN	
748.2938353	87	6	7	1	0.8323826229	97.8862911	0.6382041857	1.475504711				0	63.38009805	36.61990195	5.917047489E-05	0	99.99994083				-748.2938353	0.8323826229	NaN	
748.1338353	87	6	7	1	0.8323826229	97.8862911	0.6382041857	1.475504711				0	63.38009805	36.61990195	5.917047489E-05	0	99.99994083				-748.1338353	0.8323826229	NaN	
747.9738353	87	6	7	1	0.8323826229	97.8862911	0.6382041857	1.475504711				0	63.38009805	36.61990195	5.917047489E-05	0	99.99994083				-747.9738353	0.8323826229	NaN	
747.8138353	87	6	7	1	0.8323826229	97.8862911	0.6382041857	1.475504711				0	63.38009805	36.61990195	5.917047489E-05	0	99.99994083				-747.8138353	0.8323826229	NaN	
747.6538353	87	6	7	1	0.8323826229	97.8862911	0.6382041857	1.475504711				0	63.38009805	36.61990195	5.917047489E-05	0	99.99994083				-747.6538353	0.8323826229	NaN	
747.4938353	87	6	7	1	0.8323826229	97.8862911	0.6382041857	1.475504711				0	63.38009805	36.61990195	5.917047489E-05	0	99.99994083				-747.4938353	0.8323826229	NaN	
747.3338353	87	6	7	1	0.8323826229	97.8862911	0.6382041857	1.475504711				0	63.38009805	36.61990195	5.917047489E-05	0	99.99994083				-747.3338353	0.8323826229	NaN	
747.1738353	87	6	7	1	0.8323826229	97.8862911	0.6382041857	1.475504711				0	63.38009805	36.61990195	5.917047489E-05	0	99.99994083				-747.1738353	0.8323826229	NaN	
747.0138353	87	6	7	1	0.8323826229	97.8862911	0.6382041857	1.475504711				0	63.38009805	36.61990195	5.917047489E-05	0	99.99994083				-747.0138353	0.8323826229	NaN	
746.8538353	87	6	7	1	0.8323826229	97.8862911	0.6382041857	1.475504711				0	63.38009805	36.61990195	5.917047489E-05	0	99.99994083				-746.8538353	0.8323826229	NaN	
746.6938353	87	6	7	1	0.8323826229	97.8862911	0.6382041857	1.475504711				0	63.38009805	36.61990195	5.917047489E-05	0	99.99994083				-746.6938353	0.8323826229	NaN	
746.5338353	87	6	7	1	0.8323826229	97.8862911	0.6382041857	1.475504711				0	63.38009805	36.61990195	5.917047489E-05	0	99.99994083				-746.5338353	0.8323826229	NaN	
746.3738353	87	6	7	1	0.8323826229	97.8862911	0.6382041857	1.475504711				0	63.38009805	36.61990195	5.917047489E-05	0	99.99994083				-746.3738353	0.8323826229	NaN	
746.2138353	87	6	7	1	0.8323826229	97.8862911	0.6382041857	1.475504711				0	63.38009805	36.61990195	5.917047489E-05	0	99.99994083				-746.2138353	0.8323826229	NaN	
746.0538353	87	6	7	1	0.8323826229	97.8862911	0.6382041857	1.475504711				0	63.38009805	36.61990195	5.917047489E-05	0	99.99994083				-746.0538353	0.8323826229	NaN	
745.8938353	87	6	7	1	0.8323826229	97.8862911	0.6382041857	1.475504711				0	63.38009805	36.61990195	5.917047489E-05	0	99.99994083				-745.8938353	0.8323826229	NaN	
745.7338353	87	6	7	1	0.8323826229	97.8862911	0.6382041857	1.475504711				0	63.38009805	36.61990195	5.917047489E-05	0	99.99994083				-745.7338353	0.8323826229	NaN	
745.5738353	87	6	7	1	0.8323826229	97.8862911	0.6382041857	1.475504711				0	63.38009805	36.61990195	5.917047489E-05	0	99.99994083				-745.5738353	0.8323826229	NaN	
745.4138353	87	6	7	1	0.8323826229	97.8862911	0.6382041857	1.475504711				0	63.38009805	36.61990195	5.917047489E-05	0	99.99994083				-745.4138353	0.8323826229	NaN	
745.2538353	87	6	7	1	0.8323826229	97.8862911	0.6382041857	1.475504711				0	63.38009805	36.61990195	5.917047489E-05	0	99.99994083				-745.2538353	0.8323826229	NaN	
745.0938353	87	6	7	1	0.8323826229	97.8862911	0.6382041857	1.475504711				0	63.38009805	36.61990195	5.917047489E-05	0	99.99994083				-745.0938353	0.8323826229	NaN	
744.9338353	87	6	7	1	0.8323826229	97.8862911	0.6382041857	1.475504711				0	63.38009805	36.61990195	5.917047489E-05	0	99.99994083				-744.9338353	0.8323826229	NaN	
744.7738353	87	6	7	1	0.8323826229	97.8862911	0.6382041857	1.475504711				0	63.38009805	36.61990195	5.917047489E-05	0	99.99994083				-744.7738353	0.8323826229	NaN	
744.6138353	87	6	7	1	0.8323826229	97.8862911	0.6382041857	1.475504711				0	63.38009805	36.61990195	5.917047489E-05	0	99.99994083				-744.6138353	0.8323826229	NaN	
744.4538353	87	6	7	1	0.8323826229	97.8862911	0.6382041857	1.475504711				0	63.38009805	36.61990195	5.917047489E-05	0	99.99994083				-744.4538353	0.8323826229	NaN	
744.2938353	87	6	7	1	0.8323826229	97.8862911	0.6382041857	1.475504711				0	63.38009805	36.61990195	5.917047489E-05	0	99.99994083				-744.2938353	0.8323826229	NaN	
744.1338353	87	6	7	1	0.8323826229	97.8862911	0.6382041857	1.475504711				0	63.38009805	36.61990195	5.917047489E-05	0	99.99994083				-744.1338353	0.8323826229	NaN	
743.9738353	87	6	7	1	0.8323826229	97.8862911	0.6382041857	1.475504711				0	63.38009805	36.61990195	5.917047489E-05	0	99.99994083				-743.9738353	0.8323826229	NaN	
743.8138353	87	6	7	1	0.8323826229	97.8862911	0.6382041857	1.475504711				0	63.38009805	36.61990195	5.917047489E-05	0	99.99994083				-743.8138353	0.8323826229	NaN	
743.6538353	87	6	7	1	0.8323826229	97.8862911	0.6382041857	1.475504711				0	63.38009805	36.61990195	5.917047489E-05	0	99.99994083				-743.6538353	0.8323826229	NaN	
743.4938353	87	6	7	1	0.8323826229	97.8862911	0.6382041857	1.475504711				0	63.38009805	36.61990195	5.917047489E-05	0	99.99994083				-743.4938353	0.8323826229	NaN	
743.3338353	87	6	7	1	0.8323826229	97.8862911	0.6382041857	1.475504711				0	63.38009805	36.61990195	5.917047489E-05	0	99.99994083				-743.3338353	0.8323826229	NaN	
743.1738353	87	6	7	1	0.8323826229	97.8862911	0.6382041857	1.475504711				0	63.38009805	36.61990195	5.917047489E-05	0	99.99994083				-743.1738353	0.8323826229	NaN	
743.0138353	87	6	7	1	0.8323826229	97.8862911	0.6382041857	1.475504711				0	63.38009805	36.61990195	5.917047489E-05	0	99.99994083				-743.0138353	0.8323826229	NaN	
742.8538353	87	6	7	1	0.8323826229	97.8862911	0.6382041857	1.475504711				0	63.38009805	36.61990195	5.917047489E-05	0	99.99994083				-742.8538353	0.8323826229	NaN	
742.6938353	87	6	7	1	0.8323826229	97.8862911	0.6382041857	1.475504711				0	63.38009805	36.61990195	5.917047489E-05	0	99.99994083				-742.6938353	0.8323826229	NaN	
742.5338353	87	6	7	1	0.8323826229	97.8862911	0.6382041857	1.475504711				0	63.38009805	36.61990195	5.917047489E-05	0	99.99994083				-742.5338353	0.8323826229	NaN	
742.3738353	87	6	7	1	0.8323826229	97.8862911	0.6382041857	1.475504711				0	63.38009805	36.61990195	5.917047489E-05	0	99.99994083				-742.3738353	0.8323826229	NaN	
742.2138353	87	6	7	1	0.8323826229	97.8862911	0.6382041857	1.475504711				0	63.38009805	36.61990195	5.917047489E-05	0	99.99994083				-742.2138353	0.8323826229	NaN	
742.0538353	87	6	7	1	0.8323826229	97.8862911	0.6382041857	1.475504711				0	63.38009805	36.61990195	5.917047489E-05	0	99.99994083				-742.0538353	0.8323826229	NaN	
741.8938353	87	6	7	1	0.8323826229	97.8862911	0.6382041857	1.475504711				0	63.38009805	36.61990195	5.917047489E-05	0	99.99994083				-741.8938353	0.8323826229	NaN	
741.7338353	87	6	7	1	0.8323826229	97.8862911	0.6382041857	1.475504711				0	63.38009805	36.61990195	5.917047489E-05	0	99.99994083				-741.7338353	0.8323826229	NaN	
741.5738353	87	6	7	1	0.8323826229	97.8862911	0.6382041857	1.475504711				0	63.38009805	36.61990195	5.917047489E-05	0	99.99994083				-741.5738353	0.8323826229	NaN	
741.4138353	87	6	7	1	0.8323826229	97.8862911	0.6382041857	1.475504711				0	63.38009805	36.61990195	5.917047489E-05	0	99.99994083				-741.4138353	0.8323826229	NaN	
741.2538353	87	6	7	1	0.8323826229	97.8862911	0.6382041857	1.475504711				0	63.38009805	36.61990195	5.917047489E-05	0	99.99994083				-741.2538353	0.8323826229	NaN	
741.0938353	87	6	7	1	0.8323826229	97.8862911	0.6382041857	1.475504711				0	63.38009805	36.61990195	5.917047489E-05	0	99.99994083				-741.0938353	0.8323826229	NaN	
740.9338353	87	6	7	1	0.8323826229	97.8862911	0.6382041857	1.475504711				0	63.38009805	36.61990195	5.917047489E-05	0	99.99994083				-740.9338353	0.8323826229	NaN	
740.7738353	87	6	7	1	0.8323826229	97.8862911	0.6382041857	1.475504711				0	63.38009805	36.61990195	5.917047489E-05	0	99.99994083				-740.7738353	0.8323826229	NaN	
740.6138353	87	6	7	1	0.8323826229	97.8862911	0.6382041857	1.475504711				0	63.38009805	36.61990195	5.917047489E-05	0	99.99994083				-740.6138353	0.8323826229	NaN	
740.4538353	87	6	7	1	0.8323826229	97.8862911	0.6382041857	1.475504711				0	63.38009805	36.61990195	5.917047489E-05	0	99.99994083				-740.4538353	0.8323826229	NaN	
740.2938353	87	6	7	1	0.8323826229	97.8862911	0.6382041857	1.475504711				0	63.38009805	36.61990195	5.917047489E-05	0	99.99994083				-740.2938353	0.8323826229	NaN	
740.1338353	87	6	7	1	0.8323826229	97.8862911	0.6382041857	1.475504711				0	63.38009805	36.61990195	5.917047489E-05	0	99.99994083				-740.1338353	0.8323826229	NaN	
739.9738353	87	6	7	1	0.8323826229	97.8862911	0.6382041857	1.475504711				0	63.38009805	36.61990195	5.917047489E-05	0	99.99994083				-739.9738353	0.8323826229	NaN	
739.8138353	87	6	7	1	0.8323826229	97.8862911	0.6382041857	1.475504711				0	63.38009805	36.61990195	5.917047489E-05	0	99.99994083				-739.8138353	0.8323826229	NaN	
739.6538353	87	6	7	1	0.8323826229	97.8862911	0.6382041857	1.475504711				0	63.38009805	36.61990195	5.917047489E-05	0	99.99994083				-739.6538353	0.8323826229	NaN	
739.4938353	87	6	7	1	0.8323826229	97.8862911	0.6382041857	1.475504711				0	63.38009805	36.61990195	5.917047489E-05	0	99.99994083				-739.4938353	0.8323826229	NaN	
739.3338353	87	6	7	1	0.8323826229	97.8862911	0.6382041857	1.475504711				0	63.38009805	36.61990195	5.917047489E-05	0	99.99994083				-739.3338353	0.8323826229	NaN	
739.1738353	87	6	7	1	0.8323826229	97.8862911	0.6382041857	1.475504711				0	63.38009805	36.61990195	5.917047489E-05	0	99.99994083				-739.1738353	0.8323826229	NaN	
739.0138353	87	6	7	1	0.8323826229	97.8862911	0.6382041857	1.475504711				0	63.38009805	36.61990195	5.917047489E-05	0	99.99994083				-739.0138353	0.8323826229	NaN	
738.8538353	87	6	7	1	0.8323826229	97.8862911	0.6382041857	1.475504711				0	63.38009805	36.61990195	5.917047489E-05	0	99.99994083				-738.8538353	0.8323826229	NaN	
738.6938353	87	6	7	1	0.8323826229	97.8862911	0.6382041857	1.475504711				0	63.38009805	36.61990195	5.917047489E-05	0	99.99994083				-738.6938353	0.8323826229	NaN	
738.5338353	87	6	7	1	0.8323826229	97.8862911	0.6382041857	1.475504711				0	63.38009805	36.61990195	5.917047489E-05	0	99.99994083				-738.5338353	0.8323826229	NaN	
738.3738353	87	6	7	1	0.8323826229	97.8862911	0.6382041857	1.475504711				0	63.38009805	36.61990195	5.917047489E-05	0	99.99994083				-738.3738353	0.8323826229	NaN	
738.2138353	87	6	7	1	0.8323826229	97.8862911	0.6382041857	1.475504711				0	63.38009805	36.61990195	5.917047489E-05	0	99.99994083				-738.2138353	0.8323826229	NaN	
738.0538353	87	6	7	1	0.8323826229	97.8862911	0.6382041857	1.475504711				0	63.38009805	36.61990195	5.917047489E-05	0	99.99994083				-738.0538353	0.8323826229	NaN	
737.8938353	87	6	7	1	0.8323826229	97.8862911	0.6382041857	1.475504711				0	63.38009805	36.61990195	5.917047489E-05	0	99.99994083				-737.8938353	0.8323826229	NaN	
737.7338353	87	6	7	1	0.8323826229	97.8862911	0.6382041857	1.475504711				0	63.38009805	36.61990195	5.917047489E-05	0	99.99994083				-737.7338353	0.8323826229	NaN	
737.5738353	87	6	7	1	0.8323826229	97.8862911	0.6382041857	1.475504711				0	63.38009805	36.61990195	5.917047489E-05	0	99.99994083				-737.5738353	0.8323826229	NaN	
737.4138353	87	6	7	1	0.8323826229	97.8862911	0.6382041857	1.475504711				0	63.38009805	36.61990195	5.917047489E-05	0	99.99994083				-737.4138353	0.8323826229	NaN	
737.2538353	87	6	7	1	0.8323826229	97.8862911	0.6382041857	1.475504711				0	63.38009805	36.61990195	5.917047489E-05	0	99.99994083				-737.2538353	0.8323826229	NaN	
737.0938353	87	6	7	1	0.8323826229	97.8862911	0.6382041857	1.475504711				0	63.38009805	36.61990195	5.917047489E-05	0	99.99994083				-737.0938353	0.8323826229	NaN	
736.9338353	87	6	7	1	0.8323826229	97.8862911	0.6382041857	1.475504711				0	63.38009805	36.61990195	5.917047489E-05	0	99.99994083				-736.9338353	0.8323826229	NaN	
736.7738353	87	6	7	1	0.8323826229	97.8862911	0.6382041857	1.475504711				0	63.38009805	36.61990195	5.917047489E-05	0	99.99994083				-736.7738353	0.8323826229	NaN	
736.6138353	87	6	7	1	0.8323826229	97.8862911	0.6382041857	1.475504711				0	63.38009805	36.61990195	5.917047489E-05	0	99.99994083				-736.6138353	0.8323826229	NaN	
736.4538353	87	6	7	1	0.8323826229	97.8862911	0.6382041857	1.475504711				0	63.38009805	36.61990195	5.917047489E-05	0	99.99994083				-736.4538353	0.8323826229	NaN	
736.2938353	87	6	7	1	0.8323826229	97.8862911	0.6382041857	1.475504711				0	63.38009805	36.61990195	5.917047489E-05	0	99.99994083				-736.2938353	0.8323826229	NaN	
736.1338353	87	6	7	1	0.8323826229	97.8862911	0.6382041857	1.475504711				0	63.38009805	36.61990195	5.917047489E-05	0	99.99994083				-736.1338353	0.8323826229	NaN	
735.9738353	87	6	7	1	0.8323826229	97.8862911	0.6382041857	1.475504711				0	63.38009805	36.61990195	5.917047489E-05	0	99.99994083				-735.9738353	0.8323826229	NaN	
735.8138353	87	6	7	1	0.8323826229	97.8862911	0.6382041857	1.475504711				0	63.38009805	36.61990195	5.917047489E-05	0	99.99994083				-735.8138353	0.8323826229	NaN	
735.6538353	87	6	7	1	0.8323826229	97.8862911	0.6382041857	1.475504711				0	63.38009805	36.61990195	5.917047489E-05	0	99.99994083				-735.6538353	0.8323826229	NaN	
735.4938353	87	6	7	1	0.8323826229	97.8862911	0.6382041857	1.475504711				0	63.38009805	36.61990195	5.917047489E-05	0	99.99994083				-735.4938353	0.8323826229	NaN	
735.3338353	87	6	7	1	0.8323826229	97.8862911	0.6382041857	1.475504711				0	63.38009805	36.61990195	5.917047489E-05	0	99.99994083				-735.3338353	0.8323826229	NaN	
735.1738353	87	6	7	1	0.8323826229	97.8862911	0.6382041857	1.475504711				0	63.38009805	36.61990195	5.917047489E-05	0	99.99994083				-735.1738353	0.8323826229	NaN	
735.0138353	87	6	7	1	0.8323826229	97.8862911	0.6382041857	1.475504711				0	63.38009805	36.61990195	5.917047489E-05	0	99.99994083				-735.0138353	0.8323826229	NaN	
734.8538353	87	6	7	1	0.8323826229	97.8862911	0.6382041857	1.475504711				0	63.38009805	36.61990195	5.917047489E-05	0	99.99994083				-734.8538353	0.8323826229	NaN	
734.6938353	87	6	7	1	0.8323826229	97.8862911	0.6382041857	1.475504711				0	63.38009805	36.61990195	5.917047489E-05	0	99.99994083				-734.6938353	0.8323826229	NaN	
734.5338353	87	6	7	1	0.8323826229	97.8862911	0.6382041857	1.475504711				0	63.38009805	36.61990195	5.917047489E-05	0	99.99994083				-734.5338353	0.8323826229	NaN	
734.3738353	87	6	7	1	0.8323826229	97.8862911	0.6382041857	1.475504711				0	63.38009805	36.61990195	5.917047489E-05	0	99.99994083				-734.3738353	0.8323826229	NaN	
734.2138353	87	6	7	1	0.8323826229	97.8862911	0.6382041857	1.475504711				0	63.38009805	36.61990195	5.917047489E-05	0	99.99994083				-734.2138353	0.8323826229	NaN	
734.0538353	87	6	7	1	0.8323826229	97.8862911	0.6382041857	1.475504711				0	63.38009805	36.61990195	5.917047489E-05	0	99.99994083				-734.0538353	0.8323826229	NaN	
733.8938353	87	6	7	1	0.8323826229	97.8862911	0.6382041857	1.475504711				0	63.38009805	36.61990195	5.917047489E-05	0	99.99994083				-733.8938353	0.8323826229	NaN	
733.7338353	87	6	7	1	0.8323826229	97.8862911	0.6382041857	1.475504711				0	63.38009805	36.61990195	5.917047489E-05	0	99.99994083				-733.7338353	0.8323826229	NaN	
733.5738353	87	6	7	1	0.8323826229	97.8862911	0.6382041857	1.475504711				0	63.38009805	36.61990195	5.917047489E-05	0	99.99994083				-733.5738353	0.8323826229	NaN	
733.4138353	87	6	7	1	0.8323826229	97.8862911	0.6382041857	1.475504711				0	63.38009805	36.61990195	5.917047489E-05	0	99.99994083				-733.4138353	0.8323826229	NaN	
733.2538353	87	6	7	1	0.8323826229	97.8862911	0.6382041857	1.475504711				0	63.38009805	36.61990195	5.917047489E-05	0	99.99994083				-733.2538353	0.8323826229	NaN	
733.0938353	87	6	7	1	0.8323826229	97.8862911	0.6382041857	1.475504711				0	63.38009805	36.61990195	5.917047489E-05	0	99.99994083				-733.0938353	0.8323826229	NaN	
732.9338353	87	6	7	1	0.8323826229	97.8862911	0.6382041857	1.475504711				0	63.38009805	36.61990195	5.917047489E-05	0	99.99994083				-732.9338353	0.8323826229	NaN	
732.7738353	87	6	7	1	0.8323826229	97.8862911	0.6382041857	1.475504711				0	63.38009805	36.61990195	5.917047489E-05	0	99.99994083				-732.7738353	0.8323826229	NaN	
732.6138353	87	6	7	1	0.8323826229	97.8862911	0.6382041857	1.475504711				0	63.38009805	36.61990195	5.917047489E-05	0	99.99994083				-732.6138353	0.8323826229	NaN	
732.4538353	87	6	7	1	0.8323826229	97.8862911	0.6382041857	1.475504711				0	63.38009805	36.61990195	5.917047489E-05	0	99.99994083				-732.4538353	0.8323826229	NaN	
732.2938353	87	6	7	1	0.8323826229	97.8862911	0.6382041857	1.475504711				0	63.38009805	36.61990195	5.917047489E-05	0	99.99994083				-732.2938353	0.8323826229	NaN	
732.1338353	87	6	7	1	0.8323826229	97.8862911	0.6382041857	1.475504711				0	63.38009805	36.61990195	5.917047489E-05	0	99.99994083				-732.1338353	0.8323826229	NaN	
731.9738353	87	6	7	1	0.8323826229	97.8862911	0.6382041857	1.475504711				0	63.38009805	36.61990195	5.917047489E-05	0	99.99994083				-731.9738353	0.8323826229	NaN	
731.8138353	87	6	7	1	0.8323826229	97.8862911	0.6382041857	1.475504711				0	63.38009805	36.61990195	5.917047489E-05	0	99.99994083				-731.8138353	0.8323826229	NaN	
731.6538353	87	6	7	1	0.8323826229	97.8862911	0.6382041857	1.475504711				0	63.38009805	36.61990195	5.917047489E-05	0	99.99994083				-731.6538353	0.8323826229	NaN	
731.4938353	87	6	7	1	0.8323826229	97.8862911	0.6382041857	1.475504711				0	63.38009805	36.61990195	5.917047489E-05	0	99.99994083				-731.4938353	0.8323826229	NaN	
731.3338353	87	6	7	1	0.8323826229	97.8862911	0.6382041857	1.475504711				0	63.38009805	36.61990195	5.917047489E-05	0	99.99994083				-731.3338353	0.8323826229	NaN	
731.1738353	87	6	7	1	0.8323826229	97.8862911	0.6382041857	1.475504711				0	63.38009805	36.61990195	5.917047489E-05	0	99.99994083				-731.1738353	0.8323826229	NaN	
731.0138353	87	6	7	1	0.8323826229	97.8862911	0.6382041857	1.475504711				0	63.38009805	36.61990195	5.917047489E-05	0	99.99994083				-731.0138353	0.8323826229	NaN	
730.8538353	87	6	7	1	0.8323826229	97.8862911	0.6382041857	1.475504711				0	63.38009805	36.61990195	5.917047489E-05	0	99.99994083				-730.8538353	0.8323826229	NaN	
730.6938353	87	6	7	1	0.8323826229	97.8862911	0.6382041857	1.475504711				0	63.38009805	36.61990195	5.917047489E-05	0	99.99994083				-730.6938353	0.8323826229	NaN	
730.5338353	87	6	7	1	0.8323826229	97.8862911	0.6382041857	1.475504711				0	63.38009805	36.61990195	5.917047489E-05	0	99.99994083				-730.5338353	0.8323826229	NaN	
730.3738353	87	6	7	1	0.8323826229	97.8862911	0.6382041857	1.475504711				0	63.38009805	36.61990195	5.917047489E-05	0	99.99994083				-730.3738353	0.8323826229	NaN	
730.2138353	87	6	7	1	0.8323826229	97.8862911	0.6382041857	1.475504711				0	63.38009805	36.61990195	5.917047489E-05	0	99.99994083				-730.2138353	0.8323826229	NaN	
730.0538353	87	6	7	1	0.8323826229	97.8862911	0.6382041857	1.475504711				0	63.38009805	36.61990195	5.917047489E-05	0	99.99994083				-730.0538353	0.8323826229	NaN	
729.8938353	87	6	7	1	0.8323826229	97.8862911	0.6382041857	1.475504711				0	63.38009805	36.61990195	5.917047489E-05	0	99.99994083				-729.8938353	0.8323826229	NaN	
729.7338353	87	6	7	1	0.8323826229	97.8862911	0.6382041857	1.475504711				0	63.38009805	36.61990195	5.917047489E-05	0	99.99994083				-729.7338353	0.8323826229	NaN	
729.5738353	87	6	7	1	0.8323826229	97.8862911	0.6382041857	1.475504711				0	63.38009805	36.61990195	5.917047489E-05	0	99.99994083				-729.5738353	0.8323826229	NaN	
729.4138353	87	6	7	1	0.8323826229	97.8862911	0.6382041857	1.475504711				0	63.38009805	36.61990195	5.917047489E-05	0	99.99994083				-729.4138353	0.8323826229	NaN	
729.2538353	87	6	7	1	0.8323826229	97.8862911	0.6382041857	1.475504711				0	63.38009805	36.61990195	5.917047489E-05	0	99.99994083				-729.2538353	0.8323826229	NaN	
729.0938353	87	6	7	1	0.8323826229	97.8862911	0.6382041857	1.475504711				0	63.38009805	36.61990195	5.917047489E-05	0	99.99994083				-729.0938353	0.8323826229	NaN	
728.9338353	87	6	7	1	0.8323826229	97.8862911	0.6382041857	1.475504711				0	63.38009805	36.61990195	5.917047489E-05	0	99.99994083				-728.9338353	0.8323826229	NaN	
728.7738353	87	6	7	1	0.8323826229	97.8862911	0.6382041857	1.475504711				0	63.38009805	36.61990195	5.917047489E-05	0	99.99994083				-728.7738353	0.8323826229	NaN	
728.6138353	87	6	7	1	0.8323826229	97.8862911	0.6382041857	1.475504711				0	63.38009805	36.61990195	5.917047489E-05	0	99.99994083				-728.6138353	0.8323826229	NaN	
728.4538353	87	6	7	1	0.8323826229	97.8862911	0.6382041857	1.475504711				0	63.38009805	36.61990195	5.917047489E-05	0	99.99994083				-728.4538353	0.8323826229	NaN	
728.2938353	87	6	7	1	0.8323826229	97.8862911	0.6382041857	1.475504711				0	63.38009805	36.61990195	5.917047489E-05	0	99.99994083				-728.2938353	0.8323826229	NaN	
728.1338353	87	6	7	1	0.8323826229	97.8862911	0.6382041857	1.475504711				0	63.38009805	36.61990195	5.917047489E-05	0	99.99994083				-728.1338353	0.8323826229	NaN	
727.9738353	87	6	7	1	0.8323826229	97.8862911	0.6382041857	1.475504711				0	63.38009805	36.61990195	5.917047489E-05	0	99.99994083				-727.9738353	0.8323826229	NaN	
727.8138353	87	6	7	1	0.8323826229	97.8862911	0.6382041857	1.475504711				0	63.38009805	36.61990195	5.917047489E-05	0	99.99994083				-727.8138353	0.8323826229	NaN	
727.6538353	87	6	7	1	0.8323826229	97.8862911	0.6382041857	1.475504711				0	63.38009805	36.61990195	5.917047489E-05	0	99.99994083				-727.6538353	0.8323826229	NaN	
727.4938353	87	6	7	1	0.8323826229	97.8862911	0.6382041857	1.475504711				0	63.38009805	36.61990195	5.917047489E-05	0	99.99994083				-727.4938353	0.8323826229	NaN	
727.3338353	87	6	7	1	0.8323826229	97.8862911	0.6382041857	1.475504711				0	63.38009805	36.61990195	5.917047489E-05	0	99.99994083				-727.3338353	0.8323826229	NaN	
727.1738353	87	6	7	1	0.8323826229	97.8862911	0.6382041857	1.475504711				0	63.38009805	36.61990195	5.917047489E-05	0	99.99994083				-727.1738353	0.8323826229	NaN	
727.0138353	87	6	7	1	0.8323826229	97.8862911	0.6382041857	1.475504711				0	63.38009805	36.61990195	5.917047489E-05	0	99.99994083				-727.0138353	0.8323826229	NaN	
726.8538353	87	6	7	1	0.8323826229	97.8862911	0.6382041857	1.475504711				0	63.38009805	36.61990195	5.917047489E-05	0	99.99994083				-726.8538353	0.8323826229	NaN	
726.6938353	87	6	7	1	0.8323826229	97.8862911	0.6382041857	1.475504711				0	63.38009805	36.61990195	5.917047489E-05	0	99.99994083				-726.6938353	0.8323826229	NaN	
726.5338353	87	6	7	1	0.8323826229	97.8862911	0.6382041857	1.475504711				0	63.38009805	36.61990195	5.917047489E-05	0	99.99994083				-726.5338353	0.8323826229	NaN	
726.3738353	87	6	7	1	0.8323826229	97.8862911	0.6382041857	1.475504711				0	63.38009805	36.61990195	5.917047489E-05	0	99.99994083				-726.3738353	0.8323826229	NaN	
726.2138353	87	6	7	1	0.8323826229	97.8862911	0.6382041857	1.475504711				0	63.38009805	36.61990195	5.917047489E-05	0	99.99994083				-726.2138353	0.8323826229	NaN	
726.0538353	87	6	7	1	0.8323826229	97.8862911	0.6382041857	1.475504711				0	63.38009805	36.61990195	5.917047489E-05	0	99.99994083				-726.0538353	0.8323826229	NaN	
725.8938353	87	6	7	1	0.8323826229	97.8862911	0.6382041857	1.475504711				0	63.38009805	36.61990195	5.917047489E-05	0	99.99994083				-725.8938353	0.8323826229	NaN	
725.7338353	87	6	7	1	0.8323826229	97.8862911	0.6382041857	1.475504711				0	63.38009805	36.61990195	5.917047489E-05	0	99.99994083				-725.7338353	0.8323826229	NaN	
725.5738353	87	6	7	1	0.8323826229	97.8862911	0.6382041857	1.475504711				0	63.38009805	36.61990195	5.917047489E-05	0	99.99994083				-725.5738353	0.8323826229	NaN	
725.4138353	87	6	7	1	0.8323826229	97.8862911	0.6382041857	1.475504711				0	63.38009805	36.61990195	5.917047489E-05	0	99.99994083				-725.4138353	0.8323826229	NaN	
725.2538353	87	6	7	1	0.8323826229	97.8862911	0.6382041857	1.475504711				0	63.38009805	36.61990195	5.917047489E-05	0	99.99994083				-725.2538353	0.8323826229	NaN	
725.0938353	87	6	7	1	0.8323826229	97.8862911	0.6382041857	1.475504711				0	63.38009805	36.61990195	5.917047489E-05	0	99.99994083				-725.0938353	0.8323826229	NaN	
724.9338353	87	6	7	1	0.8323826229	97.8862911	0.6382041857	1.475504711				0	63.38009805	36.61990195	5.917047489E-05	0	99.99994083				-724.9338353	0.8323826229	NaN	
724.7738353	87	6	7	1	0.8323826229	97.8862911	0.6382041857	1.475504711				0	63.38009805	36.61990195	5.917047489E-05	0	99.99994083				-724.7738353	0.8323826229	NaN	
724.6138353	87	6	7	1	0.8323826229	97.8862911	0.6382041857	1.475504711				0	63.38009805	36.61990195	5.917047489E-05	0	99.99994083				-724.6138353	0.8323826229	NaN	
724.4538353	87	6	7	1	0.8323826229	97.8862911	0.6382041857	1.475504711				0	63.38009805	36.61990195	5.917047489E-05	0	99.99994083				-724.4538353	0.8323826229	NaN	
724.2938353	87	6	7	1	0.8323826229	97.8862911	0.6382041857	1.475504711				0	63.38009805	36.61990195	5.917047489E-05	0	99.99994083				-724.2938353	0.8323826229	NaN	
724.1338353	87	6	7	1	0.8323826229	97.8862911	0.6382041857	1.475504711				0	63.38009805	36.61990195	5.917047489E-05	0	99.99994083				-724.1338353	0.8323826229	NaN	
723.9738353	87	6	7	1	0.8323826229	97.8862911	0.6382041857	1.475504711				0	63.38009805	36.61990195	5.917047489E-05	0	99.99994083				-723.9738353	0.8323826229	NaN	
723.8138353	87	6	7	1	0.8323826229	97.8862911	0.6382041857	1.475504711				0	63.38009805	36.61990195	5.917047489E-05	0	99.99994083				-723.8138353	0.8323826229	NaN	
723.6538353	87	6	7	1	0.8323826229	97.8862911	0.6382041857	1.475504711				0	63.38009805	36.61990195	5.917047489E-05	0	99.99994083				-723.6538353	0.8323826229	NaN	
723.4938353	87	6	7	1	0.8323826229	97.8862911	0.6382041857	1.475504711				0	63.38009805	36.61990195	5.917047489E-05	0	99.99994083				-723.4938353	0.8323826229	NaN	
723.3338353	87	6	7	1	0.8323826229	97.8862911	0.6382041857	1.475504711				0	63.38009805	36.61990195	5.917047489E-05	0	99.99994083				-723.3338353	0.8323826229	NaN	
723.1738353	87	6	7	1	0.8323826229	97.8862911	0.6382041857	1.475504711				0	63.38009805	36.61990195	5.917047489E-05	0	99.99994083				-723.1738353	0.8323826229	NaN	
723.0138353	87	6	7	1	0.8323826229	97.8862911	0.6382041857	1.475504711				0	63.38009805	36.61990195	5.917047489E-05	0	99.99994083				-723.0138353	0.8323826229	NaN	
722.8538353	87	6	7	1	0.8323826229	97.8862911	0.6382041857	1.475504711				0	63.38009805	36.61990195	5.917047489E-05	0	99.99994083				-722.8538353	0.8323826229	NaN	
722.6938353	87	6	7	1	0.8323826229	97.8862911	0.6382041857	1.475504711				0	63.38009805	36.61990195	5.917047489E-05	0	99.99994083				-722.6938353	0.8323826229	NaN	
722.5338353	87	6	7	1	0.8323826229	97.8862911	0.6382041857	1.475504711				0	63.38009805	36.61990195	5.917047489E-05	0	99.99994083				-722.5338353	0.8323826229	NaN	
722.3738353	87	6	7	1	0.8323826229	97.8862911	0.6382041857	1.475504711				0	63.38009805	36.61990195	5.917047489E-05	0	99.99994083				-722.3738353	0.8323826229	NaN	
722.2138353	87	6	7	1	0.8323826229	97.8862911	0.6382041857	1.475504711				0	63.38009805	36.61990195	5.917047489E-05	0	99.99994083				-722.2138353	0.8323826229	NaN	
722.0538353	87	6	7	1	0.8323826229	97.8862911	0.6382041857	1.475504711				0	63.38009805	36.61990195	5.917047489E-05	0	99.99994083				-722.0538353	0.8323826229	NaN	
721.8938353	87	6	7	1	0.8323826229	97.8862911	0.6382041857	1.475504711				0	63.38009805	36.61990195	5.917047489E-05	0	99.99994083				-721.8938353	0.8323826229	NaN	
721.7338353	87	6	7	1	0.8323826229	97.8862911	0.6382041857	1.475504711				0	63.38009805	36.61990195	5.917047489E-05	0	99.99994083				-721.7338353	0.8323826229	NaN	
721.5738353	87	6	7	1	0.8323826229	97.8862911	0.6382041857	1.475504711				0	63.38009805	36.61990195	5.917047489E-05	0	99.99994083				-721.5738353	0.8323826229	NaN	
721.4138353	87	6	7	1	0.8323826229	97.8862911	0.6382041857	1.475504711				0	63.38009805	36.61990195	5.917047489E-05	0	99.99994083				-721.4138353	0.8323826229	NaN	
721.2538353	87	6	7	1	0.8323826229	97.8862911	0.6382041857	1.475504711				0	63.38009805	36.61990195	5.917047489E-05	0	99.99994083				-721.2538353	0.8323826229	NaN	
721.0938353	87	6	7	1	0.8323826229	97.8862911	0.6382041857	1.475504711				0	63.38009805	36.61990195	5.917047489E-05	0	99.99994083				-721.0938353	0.8323826229	NaN	
720.9338353	87	6	7	1	0.8323826229	97.8862911	0.6382041857	1.475504711				0	63.38009805	36.61990195	5.917047489E-05	0	99.99994083				-720.9338353	0.8323826229	NaN	
720.7738353	87	6	7	1	0.8323826229	97.8862911	0.6382041857	1.475504711				0	63.38009805	36.61990195	5.917047489E-05	0	99.99994083				-720.7738353	0.8323826229	NaN	
720.6138353	87	6	7	1	0.8323826229	97.8862911	0.6382041857	1.475504711				0	63.38009805	36.61990195	5.917047489E-05	0	99.99994083				-720.6138353	0.8323826229	NaN	
720.4538353	87	6	7	1	0.8323826229	97.8862911	0.6382041857	1.475504711				0	63.38009805	36.61990195	5.917047489E-05	0	99.99994083				-720.4538353	0.8323826229	NaN	
720.2938353	87	6	7	1	0.8323826229	97.8862911	0.6382041857	1.475504711				0	63.38009805	36.61990195	5.917047489E-05	0	99.99994083				-720.2938353	0.8323826229	NaN	
720.1338353	87	6	7	1	0.8323826229	97.8862911	0.6382041857	1.475504711				0	63.38009805	36.61990195	5.917047489E-05	0	99.99994083				-720.1338353	0.8323826229	NaN	
719.9738353	87	6	7	1	0.8323826229	97.8862911	0.6382041857	1.475504711				0	63.38009805	36.61990195	5.917047489E-05	0	99.99994083				-719.9738353	0.8323826229	NaN	
719.8138353	87	6	7	1	0.8323826229	97.8862911	0.6382041857	1.475504711				0	63.38009805	36.61990195	5.917047489E-05	0	99.99994083				-719.8138353	0.8323826229	NaN	
719.6538353	87	6	7	1	0.8323826229	97.8862911	0.6382041857	1.475504711				0	63.38009805	36.61990195	5.917047489E-05	0	99.99994083				-719.6538353	0.8323826229	NaN	
719.4938353	87	6	7	1	0.8323826229	97.8862911	0.6382041857	1.475504711				0	63.38009805	36.61990195	5.917047489E-05	0	99.99994083				-719.4938353	0.8323826229	NaN	
719.3338353	87	6	7	1	0.8323826229	97.8862911	0.6382041857	1.475504711				0	63.38009805	36.61990195	5.917047489E-05	0	99.99994083				-719.3338353	0.8323826229	NaN	
719.1738353	87	6	7	1	0.8323826229	97.8862911	0.6382041857	1.475504711				0	63.38009805	36.61990195	5.917047489E-05	0	99.99994083				-719.1738353	0.8323826229	NaN	
719.0138353	87	6	7	1	0.8323826229	97.8862911	0.6382041857	1.475504711				0	63.38009805	36.61990195	5.917047489E-05	0	99.99994083				-719.0138353	0.8323826229	NaN	
718.8538353	87	6	7	1	0.8323826229	97.8862911	0.6382041857	1.475504711				0	63.38009805	36.61990195	5.917047489E-05	0	99.99994083				-718.8538353	0.8323826229	NaN	
718.6938353	87	6	7	1	0.8323826229	97.8862911	0.6382041857	1.475504711				0	63.38009805	36.61990195	5.917047489E-05	0	99.99994083				-718.6938353	0.8323826229	NaN	
718.5338353	87	6	7	1	0.8323826229	97.8862911	0.6382041857	1.475504711				0	63.38009805	36.61990195	5.917047489E-05	0	99.99994083				-718.5338353	0.8323826229	NaN	
718.3738353	87	6	7	1	0.8323826229	97.8862911	0.6382041857	1.475504711				0	63.38009805	36.61990195	5.917047489E-05	0	99.99994083				-718.3738353	0.8323826229	NaN	
718.2138353	87	6	7	1	0.8323826229	97.8862911	0.6382041857	1.475504711				0	63.38009805	36.61990195	5.917047489E-05	0	99.99994083				-718.2138353	0.8323826229	NaN	
718.0538353	87	6	7	1	0.8323826229	97.8862911	0.6382041857	1.475504711				0	63.38009805	36.61990195	5.917047489E-05	0	99.99994083				-718.0538353	0.8323826229	NaN	
717.8938353	87	6	7	1	0.8323826229	97.8862911	0.6382041857	1.475504711				0	63.38009805	36.61990195	5.917047489E-05	0	99.99994083				-717.8938353	0.8323826229	NaN	
717.7338353	87	6	7	1	0.8323826229	97.8862911	0.6382041857	1.475504711				0	63.38009805	36.61990195	5.917047489E-05	0	99.99994083				-717.7338353	0.8323826229	NaN	
717.5738353	87	6	7	1	0.8323826229	97.8862911	0.6382041857	1.475504711				0	63.38009805	36.61990195	5.917047489E-05	0	99.99994083				-717.5738353	0.8323826229	NaN	
717.4138353	87	6	7	1	0.8323826229	97.8862911	0.6382041857	1.475504711				0	63.38009805	36.61990195	5.917047489E-05	0	99.99994083				-717.4138353	0.8323826229	NaN	
717.2538353	87	6	7	1	0.8323826229	97.8862911	0.6382041857	1.475504711				0	63.38009805	36.61990195	5.917047489E-05	0	99.99994083				-717.2538353	0.8323826229	NaN	
717.0938353	87	6	7	1	0.8323826229	97.8862911	0.6382041857	1.475504711				0	63.38009805	36.61990195	5.917047489E-05	0	99.99994083				-717.0938353	0.8323826229	NaN	
716.9338353	87	6	7	1	0.8323826229	97.8862911	0.6382041857	1.475504711				0	63.38009805	36.61990195	5.917047489E-05	0	99.99994083				-716.9338353	0.8323826229	NaN	
716.7738353	87	6	7	1	0.8323826229	97.8862911	0.6382041857	1.475504711				0	63.38009805	36.61990195	5.917047489E-05	0	99.99994083				-716.7738353	0.8323826229	NaN	
716.6138353	87	6	7	1	0.8323826229	97.8862911	0.6382041857	1.475504711				0	63.38009805	36.61990195	5.917047489E-05	0	99.99994083				-716.6138353	0.8323826229	NaN	
716.4538353	87	6	7	1	0.8323826229	97.8862911	0.6382041857	1.475504711				0	63.38009805	36.61990195	5.917047489E-05	0	99.99994083				-716.4538353	0.8323826229	NaN	
716.2938353	87	6	7	1	0.8323826229	97.8862911	0.6382041857	1.475504711				0	63.38009805	36.61990195	5.917047489E-05	0	99.99994083				-716.2938353	0.8323826229	NaN	
716.1338353	87	6	7	1	0.8323826229	97.8862911	0.6382041857	1.475504711				0	63.38009805	36.61990195	5.917047489E-05	0	99.99994083				-716.1338353	0.8323826229	NaN	
715.9738353	87	6	7	1	0.8323826229	97.8862911	0.6382041857	1.475504711				0	63.38009805	36.61990195	5.917047489E-05	0	99.99994083				-715.9738353	0.8323826229	NaN	
715.8138353	87	6	7	1	0.8323826229	97.8862911	0.6382041857	1.475504711				0	63.38009805	36.61990195	5.917047489E-05	0	99.99994083				-715.8138353	0.8323826229	NaN	
715.6538353	87	6	7	1	0.8323826229	97.8862911	0.6382041857	1.475504711				0	63.38009805	36.61990195	5.917047489E-05	0	99.99994083				-715.6538353	0.8323826229	NaN	
715.4938353	87	6	7	1	0.8323826229	97.8862911	0.6382041857	1.475504711				0	63.38009805	36.61990195	5.917047489E-05	0	99.99994083				-715.4938353	0.8323826229	NaN	
715.3338353	87	6	7	1	0.8323826229	97.8862911	0.6382041857	1.475504711				0	63.38009805	36.61990195	5.917047489E-05	0	99.99994083				-715.3338353	0.8323826229	NaN	
715.1738353	87	6	7	1	0.8323826229	97.8862911	0.6382041857	1.475504711				0	63.38009805	36.61990195	5.917047489E-05	0	99.99994083				-715.1738353	0.8323826229	NaN	
715.0138353	87	6	7	1	0.8323826229	97.8862911	0.6382041857	1.475504711				0	63.38009805	36.61990195	5.917047489E-05	0	99.99994083				-715.0138353	0.8323826229	NaN	
714.8538353	87	6	7	1	0.8323826229	97.8862911	0.6382041857	1.475504711				0	63.38009805	36.61990195	5.917047489E-05	0	99.99994083				-714.8538353	0.8323826229	NaN	
714.6938353	87	6	7	1	0.8323826229	97.8862911	0.6382041857	1.475504711				0	63.38009805	36.61990195	5.917047489E-05	0	99.99994083				-714.6938353	0.8323826229	NaN	
714.5338353	87	6	7	1	0.8323826229	97.8862911	0.6382041857	1.475504711				0	63.38009805	36.61990195	5.917047489E-05	0	99.99994083				-714.5338353	0.8323826229	NaN	
714.3738353	87	6	7	1	0.8323826229	97.8862911	0.6382041857	1.475504711				0	63.38009805	36.61990195	5.917047489E-05	0	99.99994083				-714.3738353	0.8323826229	NaN	
714.2138353	87	6	7	1	0.8323826229	97.8862911	0.6382041857	1.475504711				0	63.38009805	36.61990195	5.917047489E-05	0	99.99994083				-714.2138353	0.8323826229	NaN	
714.0538353	87	6	7	1	0.8323826229	97.8862911	0.6382041857	1.475504711				0	63.38009805	36.61990195	5.917047489E-05	0	99.99994083				-714.0538353	0.8323826229	NaN	
713.8938353	87	6	7	1	0.8323826229	97.8862911	0.6382041857	1.475504711				0	63.38009805	36.61990195	5.917047489E-05	0	99.99994083				-713.8938353	0.8323826229	NaN	
713.7338353	87	6	7	1	0.8323826229	97.8862911	0.6382041857	1.475504711				0	63.38009805	36.61990195	5.917047489E-05	0	99.99994083				-713.7338353	0.8323826229	NaN	
713.5738353	87	6	7	1	0.8323826229	97.8862911	0.6382041857	1.475504711				0	63.38009805	36.61990195	5.917047489E-05	0	99.99994083				-713.5738353	0.8323826229	NaN	
713.4138353	87	6	7	1	0.8323826229	97.8862911	0.6382041857	1.475504711				0	63.38009805	36.61990195	5.917047489E-05	0	99.99994083				-713.4138353	0.8323826229	NaN	
713.2538353	87	6	7	1	0.8323826229	97.8862911	0.6382041857	1.475504711				0	63.38009805	36.61990195	5.917047489E-05	0	99.99994083				-713.2538353	0.8323826229	NaN	
713.0938353	87	6	7	1	0.8323826229	97.8862911	0.6382041857	1.475504711				0	63.38009805	36.61990195	5.917047489E-05	0	99.99994083				-713.0938353	0.8323826229	NaN	
712.9338353	87	6	7	1	0.8323826229	97.8862911	0.6382041857	1.475504711				0	63.38009805	36.61990195	5.917047489E-05	0	99.99994083				-712.9338353	0.8323826229	NaN	
712.7738353	87	6	7	1	0.8323826229	97.8862911	0.6382041857	1.475504711				0	63.38009805	36.61990195	5.917047489E-05	0	99.99994083				-712.7738353	0.8323826229	NaN	
712.6138353	87	6	7	1	0.8323826229	97.8862911	0.6382041857	1.475504711				0	63.38009805	36.61990195	5.917047489E-05	0	99.99994083				-712.6138353	0.8323826229	NaN	
712.4538353	87	6	7	1	0.8323826229	97.8862911	0.6382041857	1.475504711				0	63.38009805	36.61990195	5.917047489E-05	0	99.99994083				-712.4538353	0.8323826229	NaN	
712.2938353	87	6	7	1	0.8323826229	97.8862911	0.6382041857	1.475504711				0	63.38009805	36.61990195	5.917047489E-05	0	99.99994083				-712.2938353	0.8323826229	NaN	
712.1338353	87	6	7	1	0.8323826229	97.8862911	0.6382041857	1.475504711				0	63.38009805	36.61990195	5.917047489E-05	0	99.99994083				-712.1338353	0.8323826229	NaN	
711.9738353	87	6	7	1	0.8323826229	97.8862911	0.6382041857	1.475504711				0	63.38009805	36.61990195	5.917047489E-05	0	99.99994083				-711.9738353	0.8323826229	NaN	
711.8138353	87	6	7	1	0.8323826229	97.8862911	0.6382041857	1.475504711				0	63.38009805	36.61990195	5.917047489E-05	0	99.99994083				-711.8138353	0.8323826229	NaN	
711.6538353	87	6	7	1	0.8323826229	97.8862911	0.6382041857	1.475504711				0	63.38009805	36.61990195	5.917047489E-05	0	99.99994083				-711.6538353	0.8323826229	NaN	
711.4938353	87	6	7	1	0.8323826229	97.8862911	0.6382041857	1.475504711				0	63.38009805	36.61990195	5.917047489E-05	0	99.99994083				-711.4938353	0.8323826229	NaN	
711.3338353	87	6	7	1	0.8323826229	97.8862911	0.6382041857	1.475504711				0	63.38009805	36.61990195	5.917047489E-05	0	99.99994083				-711.3338353	0.8323826229	NaN	
711.1738353	87	6	7	1	0.8323826229	97.8862911	0.6382041857	1.475504711				0	63.38009805	36.61990195	5.917047489E-05	0	99.99994083				-711.1738353	0.8323826229	NaN	
711.0138353	87	6	7	1	0.8323826229	97.8862911	0.6382041857	1.475504711				0	63.38009805	36.61990195	5.917047489E-05	0	99.99994083				-711.0138353	0.8323826229	NaN	
710.8538353	87	6	7	1	0.8323826229	97.8862911	0.6382041857	1.475504711				0	63.38009805	36.61990195	5.917047489E-05	0	99.99994083				-710.8538353	0.8323826229	NaN	
710.6938353	87	6	7	1	0.8323826229	97.8862911	0.6382041857	1.475504711				0	63.38009805	36.61990195	5.917047489E-05	0	99.99994083				-710.6938353	0.8323826229	NaN	
710.5338353	87	6	7	1	0.8323826229	97.8862911	0.6382041857	1.475504711				0	63.38009805	36.61990195	5.917047489E-05	0	99.99994083				-710.5338353	0.8323826229	NaN	
710.3738353	87	6	7	1	0.8323826229	97.8862911	0.6382041857	1.475504711				0	63.38009805	36.61990195	5.917047489E-05	0	99.99994083				-710.3738353	0.8323826229	NaN	
710.2138353	87	6	7	1	0.8323826229	97.8862911	0.6382041857	1.475504711				0	63.38009805	36.61990195	5.917047489E-05	0	99.99994083				-710.2138353	0.8323826229	NaN	
710.0538353	87	6	7	1	0.8323826229	97.8862911	0.6382041857	1.475504711				0	63.38009805	36.61990195	5.917047489E-05	0	99.99994083				-710.0538353	0.8323826229	NaN	
709.8938353	87	6	7	1	0.8323826229	97.8862911	0.6382041857	1.475504711				0	63.38009805	36.61990195	5.917047489E-05	0	99.99994083				-709.8938353	0.8323826229	NaN	
709.7338353	87	6	7	1	0.8323826229	97.8862911	0.6382041857	1.475504711				0	63.38009805	36.61990195	5.917047489E-05	0	99.99994083				-709.7338353	0.8323826229	NaN	
709.5738353	87	6	7	1	0.8323826229	97.8862911	0.6382041857	1.475504711				0	63.38009805	36.61990195	5.917047489E-05	0	99.99994083				-709.5738353	0.8323826229	NaN	
709.4138353	87	6	7	1	0.8323826229	97.8862911	0.6382041857	1.475504711				0	63.38009805	36.61990195	5.917047489E-05	0	99.99994083				-709.4138353	0.8323826229	NaN	
709.2538353	87	6	7	1	0.8323826229	97.8862911	0.6382041857	1.475504711				0	63.38009805	36.61990195	5.917047489E-05	0	99.99994083				-709.2538353	0.8323826229	NaN	
709.0938353	87	6	7	1	0.8323826229	97.8862911	0.6382041857	1.475504711				0	63.38009805	36.61990195	5.917047489E-05	0	99.99994083				-709.0938353	0.8323826229	NaN	
708.9338353	87	6	7	1	0.8323826229	97.8862911	0.6382041857	1.475504711				0	63.38009805	36.61990195	5.917047489E-05	0	99.99994083				-708.9338353	0.8323826229	NaN	
708.7738353	87	6	7	1	0.8323826229	97.8862911	0.6382041857	1.475504711				0	63.38009805	36.61990195	5.917047489E-05	0	99.99994083				-708.7738353	0.8323826229	NaN	
708.6138353	87	6	7	1	0.8323826229	97.8862911	0.6382041857	1.475504711				0	63.38009805	36.61990195	5.917047489E-05	0	99.99994083				-708.6138353	0.8323826229	NaN	
708.4538353	87	6	7	1	0.8323826229	97.8862911	0.6382041857	1.475504711				0	63.38009805	36.61990195	5.917047489E-05	0	99.99994083				-708.4538353	0.8323826229	NaN	
708.2938353	87	6	7	1	0.8323826229	97.8862911	0.6382041857	1.475504711				0	63.38009805	36.61990195	5.917047489E-05	0	99.99994083				-708.2938353	0.8323826229	NaN	
708.1338353	87	6	7	1	0.8323826229	97.8862911	0.6382041857	1.475504711				0	63.38009805	36.61990195	5.917047489E-05	0	99.99994083				-708.1338353	0.8323826229	NaN	
707.9738353	87	6	7	1	0.8323826229	97.8862911	0.6382041857	1.475504711				0	63.38009805	36.61990195	5.917047489E-05	0	99.99994083				-707.9738353	0.8323826229	NaN	
707.8138353	87	6	7	1	0.8323826229	97.8862911	0.6382041857	1.475504711				0	63.38009805	36.61990195	5.917047489E-05	0	99.99994083				-707.8138353	0.8323826229	NaN	
707.6538353	87	6	7	1	0.8323826229	97.8862911	0.6382041857	1.475504711				0	63.38009805	36.61990195	5.917047489E-05	0	99.99994083				-707.6538353	0.8323826229	NaN	
707.4938353	87	6	7	1	0.8323826229	97.8862911	0.6382041857	1.475504711				0	63.38009805	36.61990195	5.917047489E-05	0	99.99994083				-707.4938353	0.8323826229	NaN	
707.3338353	87	6	7	1	0.8323826229	97.8862911	0.6382041857	1.475504711				0	63.38009805	36.61990195	5.917047489E-05	0	99.99994083				-707.3338353	0.8323826229	NaN	
707.1738353	87	6	7	1	0.8323826229	97.8862911	0.6382041857	1.475504711				0	63.38009805	36.61990195	5.917047489E-05	0	99.99994083				-707.1738353	0.8323826229	NaN	
707.0138353	87	6	7	1	0.8323826229	97.8862911	0.6382041857	1.475504711				0	63.38009805	36.61990195	5.917047489E-05	0	99.99994083				-707.0138353	0.8323826229	NaN	
706.8538353	87	6	7	1	0.8323826229	97.8862911	0.6382041857	1.475504711				0	63.38009805	36.61990195	5.917047489E-05	0	99.99994083				-706.8538353	0.8323826229	NaN	
706.6938353	87	6	7	1	0.8323826229	97.8862911	0.6382041857	1.475504711				0	63.38009805	36.61990195	5.917047489E-05	0	99.99994083				-706.6938353	0.8323826229	NaN	
706.5338353	87	6	7	1	0.8323826229	97.8862911	0.6382041857	1.475504711				0	63.38009805	36.61990195	5.917047489E-05	0	99.99994083				-706.5338353	0.8323826229	NaN	
706.3738353	87	6	7	1	0.8323826229	97.8862911	0.6382041857	1.475504711				0	63.38009805	36.61990195	5.917047489E-05	0	99.99994083				-706.3738353	0.8323826229	NaN	
706.2138353	87	6	7	1	0.8323826229	97.8862911	0.6382041857	1.475504711				0	63.38009805	36.61990195	5.917047489E-05	0	99.99994083				-706.2138353	0.8323826229	NaN	
706.0538353	87	6	7	1	0.8323826229	97.8862911	0.6382041857	1.475504711				0	63.38009805	36.61990195	5.917047489E-05	0	99.99994083				-706.0538353	0.8323826229	NaN	
705.8938353	87	6	7	1	0.8323826229	97.8862911	0.6382041857	1.475504711				0	63.38009805	36.61990195	5.917047489E-05	0	99.99994083				-705.8938353	0.8323826229	NaN	
705.7338353	87	6	7	1	0.8323826229	97.8862911	0.6382041857	1.475504711				0	63.38009805	36.61990195	5.917047489E-05	0	99.99994083				-705.7338353	0.8323826229	NaN	
705.5738353	87	6	7	1	0.8323826229	97.8862911	0.6382041857	1.475504711				0	63.38009805	36.61990195	5.917047489E-05	0	99.99994083				-705.5738353	0.8323826229	NaN	
705.4138353	87	6	7	1	0.8323826229	97.8862911	0.6382041857	1.475504711				0	63.38009805	36.61990195	5.917047489E-05	0	99.99994083				-705.4138353	0.8323826229	NaN	
705.2538353	87	6	7	1	0.8323826229	97.8862911	0.6382041857	1.475504711				0	63.38009805	36.61990195	5.917047489E-05	0	99.99994083				-705.2538353	0.8323826229	NaN	
705.0938353	87	6	7	1	0.8323826229	97.8862911	0.6382041857	1.475504711				0	63.38009805	36.61990195	5.917047489E-05	0	99.99994083				-705.0938353	0.8323826229	NaN	
704.9338353	87	6	7	1	0.8323826229	97.8862911	0.6382041857	1.475504711				0	63.38009805	36.61990195	5.917047489E-05	0	99.99994083				-704.9338353	0.8323826229	NaN	
704.7738353	87	6	7	1	0.8323826229	97.8862911	0.6382041857	1.475504711				0	63.38009805	36.61990195	5.917047489E-05	0	99.99994083				-704.7738353	0.8323826229	NaN	
704.6138353	87	6	7	1	0.8323826229	97.8862911	0.6382041857	1.475504711				0	63.38009805	36.61990195	5.917047489E-05	0	99.99994083				-704.6138353	0.8323826229	NaN	
704.4538353	87	6	7	1	0.8323826229	97.8862911	0.6382041857	1.475504711				0	63.38009805	36.61990195	5.917047489E-05	0	99.99994083				-704.4538353	0.8323826229	NaN	
704.2938353	87	6	7	1	0.8323826229	97.8862911	0.6382041857	1.475504711				0	63.38009805	36.61990195	5.917047489E-05	0	99.99994083				-704.2938353	0.8323826229	NaN	
704.1338353	87	6	7	1	0.8323826229	97.8862911	0.6382041857	1.475504711				0	63.38009805	36.61990195	5.917047489E-05	0	99.99994083				-704.1338353	0.8323826229	NaN	
703.9738353	87	6	7	1	0.8323826229	97.8862911	0.6382041857	1.475504711				0	63.38009805	36.61990195	5.917047489E-05	0	99.99994083				-703.9738353	0.8323826229	NaN	
703.8138353	87	6	7	1	0.8323826229	97.8862911	0.6382041857	1.475504711				0	63.38009805	36.61990195	5.917047489E-05	0	99.99994083				-703.8138353	0.8323826229	NaN	
703.6538353	87	6	7	1	0.8323826229	97.8862911	0.6382041857	1.475504711				0	63.38009805	36.61990195	5.917047489E-05	0	99.99994083				-703.6538353	0.8323826229	NaN	
703.4938353	87	6	7	1	0.8323826229	97.8862911	0.6382041857	1.475504711				0	63.38009805	36.61990195	5.917047489E-05	0	99.99994083				-703.4938353	0.8323826229	NaN	
703.3338353	87	6	7	1	0.8323826229	97.8862911	0.6382041857	1.475504711				0	63.38009805	36.61990195	5.917047489E-05	0	99.99994083				-703.3338353	0.8323826229	NaN	
703.1738353	87	6	7	1	0.8323826229	97.8862911	0.6382041857	1.475504711				0	63.38009805	36.61990195	5.917047489E-05	0	99.99994083				-703.1738353	0.8323826229	NaN	
703.0138353	87	6	7	1	0.8323826229	97.8862911	0.6382041857	1.475504711				0	63.38009805	36.61990195	5.917047489E-05	0	99.99994083				-703.0138353	0.8323826229	NaN	
702.8538353	87	6	7	1	0.8323826229	97.8862911	0.6382041857	1.475504711				0	63.38009805	36.61990195	5.917047489E-05	0	99.99994083				-702.8538353	0.8323826229	NaN	
702.6938353	87	6	7	1	0.8323826229	97.8862911	0.6382041857	1.475504711				0	63.38009805	36.61990195	5.917047489E-05	0	99.99994083				-702.6938353	0.8323826229	NaN	
702.5338353	87	6	7	1	0.8323826229	97.8862911	0.6382041857	1.475504711				0	63.38009805	36.61990195	5.917047489E-05	0	99.99994083				-702.5338353	0.8323826229	NaN	
702.3738353	87	6	7	1	0.8323826229	97.8862911	0.6382041857	1.475504711				0	63.38009805	36.61990195	5.917047489E-05	0	99.99994083				-702.3738353	0.8323826229	NaN	
702.2138353	87	6	7	1	0.8323826229	97.8862911	0.6382041857	1.475504711				0	63.38009805	36.61990195	5.917047489E-05	0	99.99994083				-702.2138353	0.8323826229	NaN	
702.0538353	87	6	7	1	0.8323826229	97.8862911	0.6382041857	1.475504711				0	63.38009805	36.61990195	5.917047489E-05	0	99.99994083				-702.0538353	0.8323826229	NaN	
701.8938353	87	6	7	1	0.8323826229	97.8862911	0.6382041857	1.475504711				0	63.38009805	36.61990195	5.917047489E-05	0	99.99994083				-701.8938353	0.8323826229	NaN	
701.7338353	87	6	7	1	0.8323826229	97.8862911	0.6382041857	1.475504711				0	63.38009805	36.61990195	5.917047489E-05	0	99.99994083				-701.7338353	0.8323826229	NaN	
701.5738353	87	6	7	1	0.8323826229	97.8862911	0.6382041857	1.475504711				0	63.38009805	36.61990195	5.917047489E-05	0	99.99994083				-701.5738353	0.8323826229	NaN	
701.4138353	87	6	7	1	0.8323826229	97.8862911	0.6382041857	1.475504711				0	63.38009805	36.61990195	5.917047489E-05	0	99.99994083				-701.4138353	0.8323826229	NaN	
701.2538353	87	6	7	1	0.8323826229	97.8862911	0.6382041857	1.475504711				0	63.38009805	36.61990195	5.917047489E-05	0	99.99994083				-701.2538353	0.8323826229	NaN	
701.0938353	87	6	7	1	0.8323826229	97.8862911	0.6382041857	1.475504711				0	63.38009805	36.61990195	5.917047489E-05	0	99.99994083				-701.0938353	0.8323826229	NaN	
700.9338353	87	6	7	1	0.8323826229	97.8862911	0.6382041857	1.475504711				0	63.38009805	36.61990195	5.917047489E-05	0	99.99994083				-700.9338353	0.8323826229	NaN	
700.7738353	87	6	7	1	0.8323826229	97.8862911	0.6382041857	1.475504711				0	63.38009805	36.61990195	5.917047489E-05	0	99.99994083				-700.7738353	0.8323826229	NaN	
700.6138353	87	6	7	1	0.8323826229	97.8862911	0.6382041857	1.475504711				0	63.38009805	36.61990195	5.917047489E-05	0	99.99994083				-700.6138353	0.8323826229	NaN	
700.4538353	87	6	7	1	0.8323826229	97.8862911	0.6382041857	1.475504711				0	63.38009805	36.61990195	5.917047489E-05	0	99.99994083				-700.4538353	0.8323826229	NaN	
700.2938353	87	6	7	1	0.8323826229	97.8862911	0.6382041857	1.475504711				0	63.38009805	36.61990195	5.917047489E-05	0	99.99994083				-700.2938353	0.8323826229	NaN	
700.1338353	87	6	7	1	0.8323826229	97.8862911	0.6382041857	1.475504711				0	63.38009805	36.61990195	5.917047489E-05	0	99.99994083				-700.1338353	0.8323826229	NaN	
699.9738353	87	6	7	1	0.8323826229	97.8862911	0.6382041857	1.475504711				0	63.38009805	36.61990195	5.917047489E-05	0	99.99994083				-699.9738353	0.8323826229	NaN	
699.8138353	87	6	7	1	0.8323826229	97.8862911	0.6382041857	1.475504711				0	63.38009805	36.61990195	5.917047489E-05	0	99.99994083				-699.8138353	0.8323826229	NaN	
699.6538353	87	6	7	1	0.8323826229	97.8862911	0.6382041857	1.475504711				0	63.38009805	36.61990195	5.917047489E-05	0	99.99994083				-699.6538353	0.8323826229	NaN	
699.4938353	87	6	7	1	0.8323826229	97.8862911	0.6382041857	1.475504711				0	63.38009805	36.61990195	5.917047489E-05	0	99.99994083				-699.4938353	0.8323826229	NaN	
699.3338353	87	6	7	1	0.8323826229	97.8862911	0.6382041857	1.475504711				0	63.38009805	36.61990195	5.917047489E-05	0	99.99994083				-699.3338353	0.8323826229	NaN	
699.1738353	87	6	7	1	0.8323826229	97.8862911	0.6382041857	1.475504711				0	63.38009805	36.61990195	5.917047489E-05	0	99.99994083				-699.1738353	0.8323826229	NaN	
699.0138353	87	6	7	1	0.8323826229	97.8862911	0.6382041857	1.475504711				0	63.38009805	36.61990195	5.917047489E-05	0	99.99994083				-699.0138353	0.8323826229	NaN	
698.8538353	87	6	7	1	0.8323826229	97.8862911	0.6382041857	1.475504711				0	63.38009805	36.61990195	5.917047489E-05	0	99.99994083				-698.8538353	0.8323826229	NaN	
698.6938353	87	6	7	1	0.8323826229	97.8862911	0.6382041857	1.475504711				0	63.38009805	36.61990195	5.917047489E-05	0	99.99994083				-698.6938353	0.8323826229	NaN	
698.5338353	87	6	7	1	0.8323826229	97.8862911	0.6382041857	1.475504711				0	63.38009805	36.61990195	5.917047489E-05	0	99.99994083				-698.5338353	0.8323826229	NaN	
698.3738353	87	6	7	1	0.8323826229	97.8862911	0.6382041857	1.475504711				0	63.38009805	36.61990195	5.917047489E-05	0	99.99994083				-698.3738353	0.8323826229	NaN	
698.2138353	87	6	7	1	0.8323826229	97.8862911	0.6382041857	1.475504711				0	63.38009805	36.61990195	5.917047489E-05	0	99.99994083				-698.2138353	0.8323826229	NaN	
698.0538353	87	6	7	1	0.8323826229	97.8862911	0.6382041857	1.475504711				0	63.38009805	36.61990195	5.917047489E-05	0	99.99994083				-698.0538353	0.8323826229	NaN	
697.8938353	87	6	7	1	0.8323826229	97.8862911	0.6382041857	1.475504711				0	63.38009805	36.61990195	5.917047489E-05	0	99.99994083				-697.8938353	0.8323826229	NaN	
697.7338353	87	6	7	1	0.8323826229	97.8862911	0.6382041857	1.475504711				0	63.38009805	36.61990195	5.917047489E-05	0	99.99994083				-697.7338353	0.8323826229	NaN	
697.5738353	87	6	7	1	0.8323826229	97.8862911	0.6382041857	1.475504711				0	63.38009805	36.61990195	5.917047489E-05	0	99.99994083				-697.5738353	0.8323826229	NaN	
697.4138353	87	6	7	1	0.8323826229	97.8862911	0.6382041857	1.475504711				0	63.38009805	36.61990195	5.917047489E-05	0	99.99994083				-697.4138353	0.8323826229	NaN	
697.2538353	87	6	7	1	0.8323826229	97.8862911	0.6382041857	1.475504711				0	63.38009805	36.61990195	5.917047489E-05	0	99.99994083				-697.2538353	0.8323826229	NaN	
697.0938353	87	6	7	1	0.8323826229	97.8862911	0.6382041857	1.475504711				0	63.38009805	36.61990195	5.917047489E-05	0	99.99994083				-697.0938353	0.8323826229	NaN	
696.9338353	87	6	7	1	0.8323826229	97.8862911	0.6382041857	1.475504711				0	63.38009805	36.61990195	5.917047489E-05	0	99.99994083				-696.9338353	0.8323826229	NaN	
696.7738353	87	6	7	1	0.8323826229	97.8862911	0.6382041857	1.475504711				0	63.38009805	36.61990195	5.917047489E-05	0	99.99994083				-696.7738353	0.8323826229	NaN	
696.6138353	87	6	7	1	0.8323826229	97.8862911	0.6382041857	1.475504711				0	63.38009805	36.61990195	5.917047489E-05	0	99.99994083				-696.6138353	0.8323826229	NaN	
696.4538353	87	6	7	1	0.8323826229	97.8862911	0.6382041857	1.475504711				0	63.38009805	36.61990195	5.917047489E-05	0	99.99994083				-696.4538353	0.8323826229	NaN	
696.2938353	87	6	7	1	0.8323826229	97.8862911	0.6382041857	1.475504711				0	63.38009805	36.61990195	5.917047489E-05	0	99.99994083				-696.2938353	0.8323826229	NaN	
696.1338353	87	6	7	1	0.8323826229	97.8862911	0.6382041857	1.475504711				0	63.38009805	36.61990195	5.917047489E-05	0	99.99994083				-696.1338353	0.8323826229	NaN	
695.9738353	87	6	7	1	0.8323826229	97.8862911	0.6382041857	1.475504711				0	63.38009805	36.61990195	5.917047489E-05	0	99.99994083				-695.9738353	0.8323826229	NaN	
695.8138353	87	6	7	1	0.8323826229	97.8862911	0.6382041857	1.475504711				0	63.38009805	36.61990195	5.917047489E-05	0	99.99994083				-695.8138353	0.8323826229	NaN	
695.6538353	87	6	7	1	0.8323826229	97.8862911	0.6382041857	1.475504711				0	63.38009805	36.61990195	5.917047489E-05	0	99.99994083				-695.6538353	0.8323826229	NaN	
695.4938353	87	6	7	1	0.8323826229	97.8862911	0.6382041857	1.475504711				0	63.38009805	36.61990195	5.917047489E-05	0	99.99994083				-695.4938353	0.8323826229	NaN	
695.3338353	87	6	7	1	0.8323826229	97.8862911	0.6382041857	1.475504711				0	63.38009805	36.61990195	5.917047489E-05	0	99.99994083				-695.3338353	0.8323826229	NaN	
695.1738353	87	6	7	1	0.8323826229	97.8862911	0.6382041857	1.475504711				0	63.38009805	36.61990195	5.917047489E-05	0	99.99994083				-695.1738353	0.8323826229	NaN	
695.0138353	87	6	7	1	0.8323826229	97.8862911	0.6382041857	1.475504711				0	63.38009805	36.61990195	5.917047489E-05	0	99.99994083				-695.0138353	0.8323826229	NaN	
694.8538353	87	6	7	1	0.8323826229	97.8862911	0.6382041857	1.475504711				0	63.38009805	36.61990195	5.917047489E-05	0	99.99994083				-694.8538353	0.8323826229	NaN	
694.6938353	87	6	7	1	0.8323826229	97.8862911	0.6382041857	1.475504711				0	63.38009805	36.61990195	5.917047489E-05	0	99.99994083				-694.6938353	0.8323826229	NaN	
694.5338353	87	6	7	1	0.8323826229	97.8862911	0.6382041857	1.475504711				0	63.38009805	36.61990195	5.917047489E-05	0	99.99994083				-694.5338353	0.8323826229	NaN	
694.3738353	87	6	7	1	0.8323826229	97.8862911	0.6382041857	1.475504711				0	63.38009805	36.61990195	5.917047489E-05	0	99.99994083				-694.3738353	0.8323826229	NaN	
694.2138353	87	6	7	1	0.8323826229	97.8862911	0.6382041857	1.475504711				0	63.38009805	36.61990195	5.917047489E-05	0	99.99994083				-694.2138353	0.8323826229	NaN	
694.0538353	87	6	7	1	0.8323826229	97.8862911	0.6382041857	1.475504711				0	63.38009805	36.61990195	5.917047489E-05	0	99.99994083				-694.0538353	0.8323826229	NaN	
693.8938353	87	6	7	1	0.8323826229	97.8862911	0.6382041857	1.475504711				0	63.38009805	36.61990195	5.917047489E-05	0	99.99994083				-693.8938353	0.8323826229	NaN	
693.7338353	87	6	7	1	0.8323826229	97.8862911	0.6382041857	1.475504711				0	63.38009805	36.61990195	5.917047489E-05	0	99.99994083				-693.7338353	0.8323826229	NaN	
693.5738353	87	6	7	1	0.8323826229	97.8862911	0.6382041857	1.475504711				0	63.38009805	36.61990195	5.917047489E-05	0	99.99994083				-693.5738353	0.8323826229	NaN	
693.4138353	87	6	7	1	0.8323826229	97.8862911	0.6382041857	1.475504711				0	63.38009805	36.61990195	5.917047489E-05	0	99.99994083				-693.4138353	0.8323826229	NaN	
693.2538353	87	6	7	1	0.8323826229	97.8862911	0.6382041857	1.475504711				0	63.38009805	36.61990195	5.917047489E-05	0	99.99994083				-693.2538353	0.8323826229	NaN	
693.0938353	87	6	7	1	0.8323826229	97.8862911	0.6382041857	1.475504711				0	63.38009805	36.61990195	5.917047489E-05	0	99.99994083				-693.0938353	0.8323826229	NaN	
692.9338353	87	6	7	1	0.8323826229	97.8862911	0.6382041857	1.475504711				0	63.38009805	36.61990195	5.917047489E-05	0	99.99994083				-692.9338353	0.8323826229	NaN	
692.7738353	87	6	7	1	0.8323826229	97.8862911	0.6382041857	1.475504711				0	63.38009805	36.61990195	5.917047489E-05	0	99.99994083				-692.7738353	0.8323826229	NaN	
692.6138353	87	6	7	1	0.8323826229	97.8862911	0.6382041857	1.475504711				0	63.38009805	36.61990195	5.917047489E-05	0	99.99994083				-692.6138353	0.8323826229	NaN	
692.4538353	87	6	7	1	0.8323826229	97.8862911	0.6382041857	1.475504711				0	63.38009805	36.61990195	5.917047489E-05	0	99.99994083				-692.4538353	0.8323826229	NaN	
692.2938353	87	6	7	1	0.8323826229	97.8862911	0.6382041857	1.475504711				0	63.38009805	36.61990195	5.917047489E-05	0	99.99994083				-692.2938353	0.8323826229	NaN	
692.1338353	87	6	7	1	0.8323826229	97.8862911	0.6382041857	1.475504711				0	63.38009805	36.61990195	5.917047489E-05	0	99.99994083				-692.1338353	0.8323826229	NaN	
691.9738353	87	6	7	1	0.8323826229	97.8862911	0.6382041857	1.475504711				0	63.38009805	36.61990195	5.917047489E-05	0	99.99994083				-691.9738353	0.8323826229	NaN	
691.8138353	87	6	7	1	0.8323826229	97.8862911	0.6382041857	1.475504711				0	63.38009805	36.61990195	5.917047489E-05	0	99.99994083				-691.8138353	0.8323826229	NaN	
691.6538353	87	6	7	1	0.8323826229	97.8862911	0.6382041857	1.475504711				0	63.38009805	36.61990195	5.917047489E-05	0	99.99994083				-691.6538353	0.8323826229	NaN	
691.4938353	87	6	7	1	0.8323826229	97.8862911	0.6382041857	1.475504711				0	63.38009805	36.61990195	5.917047489E-05	0	99.99994083				-691.4938353	0.8323826229	NaN	
691.3338353	87	6	7	1	0.8323826229	97.8862911	0.6382041857	1.475504711				0	63.38009805	36.61990195	5.917047489E-05	0	99.99994083				-691.3338353	0.8323826229	NaN	
691.1738353	87	6	7	1	0.8323826229	97.8862911	0.6382041857	1.475504711				0	63.38009805	36.61990195	5.917047489E-05	0	99.99994083				-691.1738353	0.8323826229	NaN	
691.0138353	87	6	7	1	0.8323826229	97.8862911	0.6382041857	1.475504711				0	63.38009805	36.61990195	5.917047489E-05	0	99.99994083				-691.0138353	0.8323826229	NaN	
690.8538353	87	6	7	1	0.8323826229	97.8862911	0.6382041857	1.475504711				0	63.38009805	36.61990195	5.917047489E-05	0	99.99994083				-690.8538353	0.8323826229	NaN	
690.6938353	87	6	7	1	0.8323826229	97.8862911	0.6382041857	1.475504711				0	63.38009805	36.61990195	5.917047489E-05	0	99.99994083				-690.6938353	0.8323826229	NaN	
690.5338353	87	6	7	1	0.8323826229	97.8862911	0.6382041857	1.475504711				0	63.38009805	36.61990195	5.917047489E-05	0	99.99994083				-690.5338353	0.8323826229	NaN	
690.3738353	87	6	7	1	0.8323826229	97.8862911	0.6382041857	1.475504711				0	63.38009805	36.61990195	5.917047489E-05	0	99.99994083				-690.3738353	0.8323826229	NaN	
690.2138353	87	6	7	1	0.8323826229	97.8862911	0.6382041857	1.475504711				0	63.38009805	36.61990195	5.917047489E-05	0	99.99994083				-690.2138353	0.8323826229	NaN	
690.0538353	87	6	7	1	0.8323826229	97.8862911	0.6382041857	1.475504711				0	63.38009805	36.61990195	5.917047489E-05	0	99.99994083				-690.0538353	0.8323826229	NaN	
689.8938353	87	6	7	1	0.8323826229	97.8862911	0.6382041857	1.475504711				0	63.38009805	36.61990195	5.917047489E-05	0	99.99994083				-689.8938353	0.8323826229	NaN	
689.7338353	87	6	7	1	0.8323826229	97.8862911	0.6382041857	1.475504711				0	63.38009805	36.61990195	5.917047489E-05	0	99.99994083				-689.7338353	0.8323826229	NaN	
689.5738353	87	6	7	1	0.8323826229	97.8862911	0.6382041857	1.475504711				0	63.38009805	36.61990195	5.917047489E-05	0	99.99994083				-689.5738353	0.8323826229	NaN	
689.4138353	87	6	7	1	0.8323826229	97.8862911	0.6382041857	1.475504711				0	63.38009805	36.61990195	5.917047489E-05	0	99.99994083				-689.4138353	0.8323826229	NaN	
689.2538353	87	6	7	1	0.8323826229	97.8862911	0.6382041857	1.475504711				0	63.38009805	36.61990195	5.917047489E-05	0	99.99994083				-689.2538353	0.8323826229	NaN	
689.0938353	87	6	7	1	0.8323826229	97.8862911	0.6382041857	1.475504711				0	63.38009805	36.61990195	5.917047489E-05	0	99.99994083				-689.0938353	0.8323826229	NaN	
688.9338353	87	6	7	1	0.8323826229	97.8862911	0.6382041857	1.475504711				0	63.38009805	36.61990195	5.917047489E-05	0	99.99994083				-688.9338353	0.8323826229	NaN	
688.7738353	87	6	7	1	0.8323826229	97.8862911	0.6382041857	1.475504711				0	63.38009805	36.61990195	5.917047489E-05	0	99.99994083				-688.7738353	0.8323826229	NaN	
688.6138353	87	6	7	1	0.8323826229	97.8862911	0.6382041857	1.475504711				0	63.38009805	36.61990195	5.917047489E-05	0	99.99994083				-688.6138353	0.8323826229	NaN	
688.4538353	87	6	7	1	0.8323826229	97.8862911	0.6382041857	1.475504711				0	63.38009805	36.61990195	5.917047489E-05	0	99.99994083				-688.4538353	0.8323826229	NaN	
688.2938353	87	6	7	1	0.8323826229	97.8862911	0.6382041857	1.475504711				0	63.38009805	36.61990195	5.917047489E-05	0	99.99994083				-688.2938353	0.8323826229	NaN	
688.1338353	87	6	7	1	0.8323826229	97.8862911	0.6382041857	1.475504711				0	63.38009805	36.61990195	5.917047489E-05	0	99.99994083				-688.1338353	0.8323826229	NaN	
687.9738353	87	6	7	1	0.8323826229	97.8862911	0.6382041857	1.475504711				0	63.38009805	36.61990195	5.917047489E-05	0	99.99994083				-687.9738353	0.8323826229	NaN	
687.8138353	87	6	7	1	0.8323826229	97.8862911	0.6382041857	1.475504711				0	63.38009805	36.61990195	5.917047489E-05	0	99.99994083				-687.8138353	0.8323826229	NaN	
687.6538353	87	6	7	1	0.8323826229	97.8862911	0.6382041857	1.475504711				0	63.38009805	36.61990195	5.917047489E-05	0	99.99994083				-687.6538353	0.8323826229	NaN	
687.4938353	87	6	7	1	0.8323826229	97.8862911	0.6382041857	1.475504711				0	63.38009805	36.61990195	5.917047489E-05	0	99.99994083				-687.4938353	0.8323826229	NaN	
687.3338353	87	6	7	1	0.8323826229	97.8862911	0.6382041857	1.475504711				0	63.38009805	36.61990195	5.917047489E-05	0	99.99994083				-687.3338353	0.8323826229	NaN	
687.1738353	87	6	7	1	0.8323826229	97.8862911	0.6382041857	1.475504711				0	63.38009805	36.61990195	5.917047489E-05	0	99.99994083				-687.1738353	0.8323826229	NaN	
687.0138353	87	6	7	1	0.8323826229	97.8862911	0.6382041857	1.475504711				0	63.38009805	36.61990195	5.917047489E-05	0	99.99994083				-687.0138353	0.8323826229	NaN	
686.8538353	87	6	7	1	0.8323826229	97.8862911	0.6382041857	1.475504711				0	63.38009805	36.61990195	5.917047489E-05	0	99.99994083				-686.8538353	0.8323826229	NaN	
686.6938353	87	6	7	1	0.8323826229	97.8862911	0.6382041857	1.475504711				0	63.38009805	36.61990195	5.917047489E-05	0	99.99994083				-686.6938353	0.8323826229	NaN	
686.5338353	87	6	7	1	0.8323826229	97.8862911	0.6382041857	1.475504711				0	63.38009805	36.61990195	5.917047489E-05	0	99.99994083				-686.5338353	0.8323826229	NaN	
686.3738353	87	6	7	1	0.8323826229	97.8862911	0.6382041857	1.475504711				0	63.38009805	36.61990195	5.917047489E-05	0	99.99994083				-686.3738353	0.8323826229	NaN	
686.2138353	87	6	7	1	0.8323826229	97.8862911	0.6382041857	1.475504711				0	63.38009805	36.61990195	5.917047489E-05	0	99.99994083				-686.2138353	0.8323826229	NaN	
686.0538353	87	6	7	1	0.8323826229	97.8862911	0.6382041857	1.475504711				0	63.38009805	36.61990195	5.917047489E-05	0	99.99994083				-686.0538353	0.8323826229	NaN	
685.8938353	87	6	7	1	0.8323826229	97.8862911	0.6382041857	1.475504711				0	63.38009805	36.61990195	5.917047489E-05	0	99.99994083				-685.8938353	0.8323826229	NaN	
685.7338353	87	6	7	1	0.8323826229	97.8862911	0.6382041857	1.475504711				0	63.38009805	36.61990195	5.917047489E-05	0	99.99994083				-685.7338353	0.8323826229	NaN	
685.5738353	87	6	7	1	0.8323826229	97.8862911	0.6382041857	1.475504711				0	63.38009805	36.61990195	5.917047489E-05	0	99.99994083				-685.5738353	0.8323826229	NaN	
685.4138353	87	6	7	1	0.8323826229	97.8862911	0.6382041857	1.475504711				0	63.38009805	36.61990195	5.917047489E-05	0	99.99994083				-685.4138353	0.8323826229	NaN	
685.2538353	87	6	7	1	0.8323826229	97.8862911	0.6382041857	1.475504711				0	63.38009805	36.61990195	5.917047489E-05	0	99.99994083				-685.2538353	0.8323826229	NaN	
685.0938353	87	6	7	1	0.8323826229	97.8862911	0.6382041857	1.475504711				0	63.38009805	36.61990195	5.917047489E-05	0	99.99994083				-685.0938353	0.8323826229	NaN	
684.9338353	87	6	7	1	0.8323826229	97.8862911	0.6382041857	1.475504711				0	63.38009805	36.61990195	5.917047489E-05	0	99.99994083				-684.9338353	0.8323826229	NaN	
684.7738353	87	6	7	1	0.8323826229	97.8862911	0.6382041857	1.475504711				0	63.38009805	36.61990195	5.917047489E-05	0	99.99994083				-684.7738353	0.8323826229	NaN	
684.6138353	87	6	7	1	0.8323826229	97.8862911	0.6382041857	1.475504711				0	63.38009805	36.61990195	5.917047489E-05	0	99.99994083				-684.6138353	0.8323826229	NaN	
684.4538353	87	6	7	1	0.8323826229	97.8862911	0.6382041857	1.475504711				0	63.38009805	36.61990195	5.917047489E-05	0	99.99994083				-684.4538353	0.8323826229	NaN	
684.2938353	87	6	7	1	0.8323826229	97.8862911	0.6382041857	1.475504711				0	63.38009805	36.61990195	5.917047489E-05	0	99.99994083				-684.2938353	0.8323826229	NaN	
684.1338353	87	6	7	1	0.8323826229	97.8862911	0.6382041857	1.475504711				0	63.38009805	36.61990195	5.917047489E-05	0	99.99994083				-684.1338353	0.8323826229	NaN	
683.9738353	87	6	7	1	0.8323826229	97.8862911	0.6382041857	1.475504711				0	63.38009805	36.61990195	5.917047489E-05	0	99.99994083				-683.9738353	0.8323826229	NaN	
683.8138353	87	6	7	1	0.8323826229	97.8862911	0.6382041857	1.475504711				0	63.38009805	36.61990195	5.917047489E-05	0	99.99994083				-683.8138353	0.8323826229	NaN	
683.6538353	87	6	7	1	0.8323826229	97.8862911	0.6382041857	1.475504711				0	63.38009805	36.61990195	5.917047489E-05	0	99.99994083				-683.6538353	0.8323826229	NaN	
683.4938353	87	6	7	1	0.8323826229	97.8862911	0.6382041857	1.475504711				0	63.38009805	36.61990195	5.917047489E-05	0	99.99994083				-683.4938353	0.8323826229	NaN	
683.3338353	87	6	7	1	0.8323826229	97.8862911	0.6382041857	1.475504711				0	63.38009805	36.61990195	5.917047489E-05	0	99.99994083				-683.3338353	0.8323826229	NaN	
683.1738353	87	6	7	1	0.8323826229	97.8862911	0.6382041857	1.475504711				0	63.38009805	36.61990195	5.917047489E-05	0	99.99994083				-683.1738353	0.8323826229	NaN	
683.0138353	87	6	7	1	0.8323826229	97.8862911	0.6382041857	1.475504711				0	63.38009805	36.61990195	5.917047489E-05	0	99.99994083				-683.0138353	0.8323826229	NaN	
682.8538353	87	6	7	1	0.8323826229	97.8862911	0.6382041857	1.475504711				0	63.38009805	36.61990195	5.917047489E-05	0	99.99994083				-682.8538353	0.8323826229	NaN	
682.6938353	87	6	7	1	0.8323826229	97.8862911	0.6382041857	1.475504711				0	63.38009805	36.61990195	5.917047489E-05	0	99.99994083				-682.6938353	0.8323826229	NaN	
682.5338353	87	6	7	1	0.8323826229	97.8862911	0.6382041857	1.475504711				0	63.38009805	36.61990195	5.917047489E-05	0	99.99994083				-682.5338353	0.8323826229	NaN	
682.3738353	87	6	7	1	0.8323826229	97.8862911	0.6382041857	1.475504711				0	63.38009805	36.61990195	5.917047489E-05	0	99.99994083				-682.3738353	0.8323826229	NaN	
682.2138353	87	6	7	1	0.8323826229	97.8862911	0.6382041857	1.475504711				0	63.38009805	36.61990195	5.917047489E-05	0	99.99994083				-682.2138353	0.8323826229	NaN	
682.0538353	87	6	7	1	0.8323826229	97.8862911	0.6382041857	1.475504711				0	63.38009805	36.61990195	5.917047489E-05	0	99.99994083				-682.0538353	0.8323826229	NaN	
681.8938353	87	6	7	1	0.8323826229	97.8862911	0.6382041857	1.475504711				0	63.38009805	36.61990195	5.917047489E-05	0	99.99994083				-681.8938353	0.8323826229	NaN	
681.7338353	87	6	7	1	0.8323826229	97.8862911	0.6382041857	1.475504711				0	63.38009805	36.61990195	5.917047489E-05	0	99.99994083				-681.7338353	0.8323826229	NaN	
681.5738353	87	6	7	1	0.8323826229	97.8862911	0.6382041857	1.475504711				0	63.38009805	36.61990195	5.917047489E-05	0	99.99994083				-681.5738353	0.8323826229	NaN	
681.4138353	87	6	7	1	0.8323826229	97.8862911	0.6382041857	1.475504711				0	63.38009805	36.61990195	5.917047489E-05	0	99.99994083				-681.4138353	0.8323826229	NaN	
681.2538353	87	6	7	1	0.8323826229	97.8862911	0.6382041857	1.475504711				0	63.38009805	36.61990195	5.917047489E-05	0	99.99994083				-681.2538353	0.8323826229	NaN	
681.0938353	87	6	7	1	0.8323826229	97.8862911	0.6382041857	1.475504711				0	63.38009805	36.61990195	5.917047489E-05	0	99.99994083				-681.0938353	0.8323826229	NaN	
680.9338353	87	6	7	1	0.8323826229	97.8862911	0.6382041857	1.475504711				0	63.38009805	36.61990195	5.917047489E-05	0	99.99994083				-680.9338353	0.8323826229	NaN	
680.7738353	87	6	7	1	0.8323826229	97.8862911	0.6382041857	1.475504711				0	63.38009805	36.61990195	5.917047489E-05	0	99.99994083				-680.7738353	0.8323826229	NaN	
680.6138353	87	6	7	1	0.8323826229	97.8862911	0.6382041857	1.475504711				0	63.38009805	36.61990195	5.917047489E-05	0	99.99994083				-680.6138353	0.8323826229	NaN	
680.4538353	87	6	7	1	0.8323826229	97.8862911	0.6382041857	1.475504711				0	63.38009805	36.61990195	5.917047489E-05	0	99.99994083				-680.4538353	0.8323826229	NaN	
680.2938353	87	6	7	1	0.8323826229	97.8862911	0.6382041857	1.475504711				0	63.38009805	36.61990195	5.917047489E-05	0	99.99994083				-680.2938353	0.8323826229	NaN	
680.1338353	87	6	7	1	0.8323826229	97.8862911	0.6382041857	1.475504711				0	63.38009805	36.61990195	5.917047489E-05	0	99.99994083				-680.1338353	0.8323826229	NaN	
679.9738353	87	6	7	1	0.8323826229	97.8862911	0.6382041857	1.475504711				0	63.38009805	36.61990195	5.917047489E-05	0	99.99994083				-679.9738353	0.8323826229	NaN	
679.8138353	87	6	7	1	0.8323826229	97.8862911	0.6382041857	1.475504711				0	63.38009805	36.61990195	5.917047489E-05	0	99.99994083				-679.8138353	0.8323826229	NaN	
679.6538353	87	6	7	1	0.8323826229	97.8862911	0.6382041857	1.475504711				0	63.38009805	36.61990195	5.917047489E-05	0	99.99994083				-679.6538353	0.8323826229	NaN	
679.4938353	87	6	7	1	0.8323826229	97.8862911	0.6382041857	1.475504711				0	63.38009805	36.61990195	5.917047489E-05	0	99.99994083				-679.4938353	0.8323826229	NaN	
679.3338353	87	6	7	1	0.8323826229	97.8862911	0.6382041857	1.475504711				0	63.38009805	36.61990195	5.917047489E-05	0	99.99994083				-679.3338353	0.8323826229	NaN	
679.1738353	87	6	7	1	0.8323826229	97.8862911	0.6382041857	1.475504711				0	63.38009805	36.61990195	5.917047489E-05	0	99.99994083				-679.1738353	0.8323826229	NaN	
679.0138353	87	6	7	1	0.8323826229	97.8862911	0.6382041857	1.475504711				0	63.38009805	36.61990195	5.917047489E-05	0	99.99994083				-679.0138353	0.8323826229	NaN	
678.8538353	87	6	7	1	0.8323826229	97.8862911	0.6382041857	1.475504711				0	63.38009805	36.61990195	5.917047489E-05	0	99.99994083				-678.8538353	0.8323826229	NaN	
678.6938353	87	6	7	1	0.8323826229	97.8862911	0.6382041857	1.475504711				0	63.38009805	36.61990195	5.917047489E-05	0	99.99994083				-678.6938353	0.8323826229	NaN	
678.5338353	87	6	7	1	0.8323826229	97.8862911	0.6382041857	1.475504711				0	63.38009805	36.61990195	5.917047489E-05	0	99.99994083				-678.5338353	0.8323826229	NaN	
678.3738353	87	6	7	1	0.8323826229	97.8862911	0.6382041857	1.475504711				0	63.38009805	36.61990195	5.917047489E-05	0	99.99994083				-678.3738353	0.8323826229	NaN	
678.2138353	87	6	7	1	0.8323826229	97.8862911	0.6382041857	1.475504711				0	63.38009805	36.61990195	5.917047489E-05	0	99.99994083				-678.2138353	0.8323826229	NaN	
678.0538353	87	6	7	1	0.8323826229	97.8862911	0.6382041857	1.475504711				0	63.38009805	36.61990195	5.917047489E-05	0	99.99994083				-678.0538353	0.8323826229	NaN	
677.8938353	87	6	7	1	0.8323826229	97.8862911	0.6382041857	1.475504711				0	63.38009805	36.61990195	5.917047489E-05	0	99.99994083				-677.8938353	0.8323826229	NaN	
677.7338353	87	6	7	1	0.8323826229	97.8862911	0.6382041857	1.475504711				0	63.38009805	36.61990195	5.917047489E-05	0	99.99994083				-677.7338353	0.8323826229	NaN	
677.5738353	87	6	7	1	0.8323826229	97.8862911	0.6382041857	1.475504711				0	63.38009805	36.61990195	5.917047489E-05	0	99.99994083				-677.5738353	0.8323826229	NaN	
677.4138353	87	6	7	1	0.8323826229	97.8862911	0.6382041857	1.475504711				0	63.38009805	36.61990195	5.917047489E-05	0	99.99994083				-677.4138353	0.8323826229	NaN	
677.2538353	87	6	7	1	0.8323826229	97.8862911	0.6382041857	1.475504711				0	63.38009805	36.61990195	5.917047489E-05	0	99.99994083				-677.2538353	0.8323826229	NaN	
677.0938353	87	6	7	1	0.8323826229	97.8862911	0.6382041857	1.475504711				0	63.38009805	36.61990195	5.917047489E-05	0	99.99994083				-677.0938353	0.8323826229	NaN	
676.9338353	87	6	7	1	0.8323826229	97.8862911	0.6382041857	1.475504711				0	63.38009805	36.61990195	5.917047489E-05	0	99.99994083				-676.9338353	0.8323826229	NaN	
676.7738353	87	6	7	1	0.8323826229	97.8862911	0.6382041857	1.475504711				0	63.38009805	36.61990195	5.917047489E-05	0	99.99994083				-676.7738353	0.8323826229	NaN	
676.6138353	87	6	7	1	0.8323826229	97.8862911	0.6382041857	1.475504711				0	63.38009805	36.61990195	5.917047489E-05	0	99.99994083				-676.6138353	0.8323826229	NaN	
676.4538353	87	6	7	1	0.8323826229	97.8862911	0.6382041857	1.475504711				0	63.38009805	36.61990195	5.917047489E-05	0	99.99994083				-676.4538353	0.8323826229	NaN	
676.2938353	87	6	7	1	0.8323826229	97.8862911	0.6382041857	1.475504711				0	63.38009805	36.61990195	5.917047489E-05	0	99.99994083				-676.2938353	0.8323826229	NaN	
676.1338353	87	6	7	1	0.8323826229	97.8862911	0.6382041857	1.475504711				0	63.38009805	36.61990195	5.917047489E-05	0	99.99994083				-676.1338353	0.8323826229	NaN	
675.9738353	87	6	7	1	0.8323826229	97.8862911	0.6382041857	1.475504711				0	63.38009805	36.61990195	5.917047489E-05	0	99.99994083				-675.9738353	0.8323826229	NaN	
675.8138353	87	6	7	1	0.8323826229	97.8862911	0.6382041857	1.475504711				0	63.38009805	36.61990195	5.917047489E-05	0	99.99994083				-675.8138353	0.8323826229	NaN	
675.6538353	87	6	7	1	0.8323826229	97.8862911	0.6382041857	1.475504711				0	63.38009805	36.61990195	5.917047489E-05	0	99.99994083				-675.6538353	0.8323826229	NaN	
675.4938353	87	6	7	1	0.8323826229	97.8862911	0.6382041857	1.475504711				0	63.38009805	36.61990195	5.917047489E-05	0	99.99994083				-675.4938353	0.8323826229	NaN	
675.3338353	87	6	7	1	0.8323826229	97.8862911	0.6382041857	1.475504711				0	63.38009805	36.61990195	5.917047489E-05	0	99.99994083				-675.3338353	0.8323826229	NaN	
675.1738353	87	6	7	1	0.8323826229	97.8862911	0.6382041857	1.475504711				0	63.38009805	36.61990195	5.917047489E-05	0	99.99994083				-675.1738353	0.8323826229	NaN	
675.0138353	87	6	7	1	0.8323826229	97.8862911	0.6382041857	1.475504711				0	63.38009805	36.61990195	5.917047489E-05	0	99.99994083				-675.0138353	0.8323826229	NaN	
674.8538353	87	6	7	1	0.8323826229	97.8862911	0.6382041857	1.475504711				0	63.38009805	36.61990195	5.917047489E-05	0	99.99994083				-674.8538353	0.8323826229	NaN	
674.6938353	87	6	7	1	0.8323826229	97.8862911	0.6382041857	1.475504711				0	63.38009805	36.61990195	5.917047489E-05	0	99.99994083				-674.6938353	0.8323826229	NaN	
674.5338353	87	6	7	1	0.8323826229	97.8862911	0.6382041857	1.475504711				0	63.38009805	36.61990195	5.917047489E-05	0	99.99994083				-674.5338353	0.8323826229	NaN	
674.3738353	87	6	7	1	0.8323826229	97.8862911	0.6382041857	1.475504711				0	63.38009805	36.61990195	5.917047489E-05	0	99.99994083				-674.3738353	0.8323826229	NaN	
674.2138353	87	6	7	1	0.8323826229	97.8862911	0.6382041857	1.475504711				0	63.38009805	36.61990195	5.917047489E-05	0	99.99994083				-674.2138353	0.8323826229	NaN	
674.0538353	87	6	7	1	0.8323826229	97.8862911	0.6382041857	1.475504711				0	63.38009805	36.61990195	5.917047489E-05	0	99.99994083				-674.0538353	0.8323826229	NaN	
673.8938353	87	6	7	1	0.8323826229	97.8862911	0.6382041857	1.475504711				0	63.38009805	36.61990195	5.917047489E-05	0	99.99994083				-673.8938353	0.8323826229	NaN	
673.7338353	87	6	7	1	0.8323826229	97.8862911	0.6382041857	1.475504711				0	63.38009805	36.61990195	5.917047489E-05	0	99.99994083				-673.7338353	0.8323826229	NaN	
673.5738353	87	6	7	1	0.8323826229	97.8862911	0.6382041857	1.475504711				0	63.38009805	36.61990195	5.917047489E-05	0	99.99994083				-673.5738353	0.8323826229	NaN	
673.4138353	87	6	7	1	0.8323826229	97.8862911	0.6382041857	1.475504711				0	63.38009805	36.61990195	5.917047489E-05	0	99.99994083				-673.4138353	0.8323826229	NaN	
673.2538353	87	6	7	1	0.8323826229	97.8862911	0.6382041857	1.475504711				0	63.38009805	36.61990195	5.917047489E-05	0	99.99994083				-673.2538353	0.8323826229	NaN	
673.0938353	87	6	7	1	0.8323826229	97.8862911	0.6382041857	1.475504711				0	63.38009805	36.61990195	5.917047489E-05	0	99.99994083				-673.0938353	0.8323826229	NaN	
672.9338353	87	6	7	1	0.8323826229	97.8862911	0.6382041857	1.475504711				0	63.38009805	36.61990195	5.917047489E-05	0	99.99994083				-672.9338353	0.8323826229	NaN	
672.7738353	87	6	7	1	0.8323826229	97.8862911	0.6382041857	1.475504711				0	63.38009805	36.61990195	5.917047489E-05	0	99.99994083				-672.7738353	0.8323826229	NaN	
672.6138353	87	6	7	1	0.8323826229	97.8862911	0.6382041857	1.475504711				0	63.38009805	36.61990195	5.917047489E-05	0	99.99994083				-672.6138353	0.8323826229	NaN	
672.4538353	87	6	7	1	0.8323826229	97.8862911	0.6382041857	1.475504711				0	63.38009805	36.61990195	5.917047489E-05	0	99.99994083				-672.4538353	0.8323826229	NaN	
672.2938353	87	6	7	1	0.8323826229	97.8862911	0.6382041857	1.475504711				0	63.38009805	36.61990195	5.917047489E-05	0	99.99994083				-672.2938353	0.8323826229	NaN	
672.1338353	87	6	7	1	0.8323826229	97.8862911	0.6382041857	1.475504711				0	63.38009805	36.61990195	5.917047489E-05	0	99.99994083				-672.1338353	0.8323826229	NaN	
671.9738353	87	6	7	1	0.8323826229	97.8862911	0.6382041857	1.475504711				0	63.38009805	36.61990195	5.917047489E-05	0	99.99994083				-671.9738353	0.8323826229	NaN	
671.8138353	87	6	7	1	0.8323826229	97.8862911	0.6382041857	1.475504711				0	63.38009805	36.61990195	5.917047489E-05	0	99.99994083				-671.8138353	0.8323826229	NaN	
671.6538353	87	6	7	1	0.8323826229	97.8862911	0.6382041857	1.475504711				0	63.38009805	36.61990195	5.917047489E-05	0	99.99994083				-671.6538353	0.8323826229	NaN	
671.4938353	87	6	7	1	0.8323826229	97.8862911	0.6382041857	1.475504711				0	63.38009805	36.61990195	5.917047489E-05	0	99.99994083				-671.4938353	0.8323826229	NaN	
671.3338353	87	6	7	1	0.8323826229	97.8862911	0.6382041857	1.475504711				0	63.38009805	36.61990195	5.917047489E-05	0	99.99994083				-671.3338353	0.8323826229	NaN	
671.1738353	87	6	7	1	0.8323826229	97.8862911	0.6382041857	1.475504711				0	63.38009805	36.61990195	5.917047489E-05	0	99.99994083				-671.1738353	0.8323826229	NaN	
671.0138353	87	6	7	1	0.8323826229	97.8862911	0.6382041857	1.475504711				0	63.38009805	36.61990195	5.917047489E-05	0	99.99994083				-671.0138353	0.8323826229	NaN	
670.8538353	87	6	7	1	0.8323826229	97.8862911	0.6382041857	1.475504711				0	63.38009805	36.61990195	5.917047489E-05	0	99.99994083				-670.8538353	0.8323826229	NaN	
670.6938353	87	6	7	1	0.8323826229	97.8862911	0.6382041857	1.475504711				0	63.38009805	36.61990195	5.917047489E-05	0	99.99994083				-670.6938353	0.8323826229	NaN	
670.5338353	87	6	7	1	0.8323826229	97.8862911	0.6382041857	1.475504711				0	63.38009805	36.61990195	5.917047489E-05	0	99.99994083				-670.5338353	0.8323826229	NaN	
670.3738353	87	6	7	1	0.8323826229	97.8862911	0.6382041857	1.475504711				0	63.38009805	36.61990195	5.917047489E-05	0	99.99994083				-670.3738353	0.8323826229	NaN	
670.2138353	87	6	7	1	0.8323826229	97.8862911	0.6382041857	1.475504711				0	63.38009805	36.61990195	5.917047489E-05	0	99.99994083				-670.2138353	0.8323826229	NaN	
670.0538353	87	6	7	1	0.8323826229	97.8862911	0.6382041857	1.475504711				0	63.38009805	36.61990195	5.917047489E-05	0	99.99994083				-670.0538353	0.8323826229	NaN	
669.8938353	87	6	7	1	0.8323826229	97.8862911	0.6382041857	1.475504711				0	63.38009805	36.61990195	5.917047489E-05	0	99.99994083				-669.8938353	0.8323826229	NaN	
669.7338353	87	6	7	1	0.8323826229	97.8862911	0.6382041857	1.475504711				0	63.38009805	36.61990195	5.917047489E-05	0	99.99994083				-669.7338353	0.8323826229	NaN	
669.5738353	87	6	7	1	0.8323826229	97.8862911	0.6382041857	1.475504711				0	63.38009805	36.61990195	5.917047489E-05	0	99.99994083				-669.5738353	0.8323826229	NaN	
669.4138353	87	6	7	1	0.8323826229	97.8862911	0.6382041857	1.475504711				0	63.38009805	36.61990195	5.917047489E-05	0	99.99994083				-669.4138353	0.8323826229	NaN	
669.2538353	87	6	7	1	0.8323826229	97.8862911	0.6382041857	1.475504711				0	63.38009805	36.61990195	5.917047489E-05	0	99.99994083				-669.2538353	0.8323826229	NaN	
669.0938353	87	6	7	1	0.8323826229	97.8862911	0.6382041857	1.475504711				0	63.38009805	36.61990195	5.917047489E-05	0	99.99994083				-669.0938353	0.8323826229	NaN	
668.9338353	87	6	7	1	0.8323826229	97.8862911	0.6382041857	1.475504711				0	63.38009805	36.61990195	5.917047489E-05	0	99.99994083				-668.9338353	0.8323826229	NaN	
668.7738353	87	6	7	1	0.8323826229	97.8862911	0.6382041857	1.475504711				0	63.38009805	36.61990195	5.917047489E-05	0	99.99994083				-668.7738353	0.8323826229	NaN	
668.6138353	87	6	7	1	0.8323826229	97.8862911	0.6382041857	1.475504711				0	63.38009805	36.61990195	5.917047489E-05	0	99.99994083				-668.6138353	0.8323826229	NaN	
668.4538353	87	6	7	1	0.8323826229	97.8862911	0.6382041857	1.475504711				0	63.38009805	36.61990195	5.917047489E-05	0	99.99994083				-668.4538353	0.8323826229	NaN	
668.2938353	87	6	7	1	0.8323826229	97.8862911	0.6382041857	1.475504711				0	63.38009805	36.61990195	5.917047489E-05	0	99.99994083				-668.2938353	0.8323826229	NaN	
668.1338353	87	6	7	1	0.8323826229	97.8862911	0.6382041857	1.475504711				0	63.38009805	36.61990195	5.917047489E-05	0	99.99994083				-668.1338353	0.8323826229	NaN	
667.9738353	87	6	7	1	0.8323826229	97.8862911	0.6382041857	1.475504711				0	63.38009805	36.61990195	5.917047489E-05	0	99.99994083				-667.9738353	0.8323826229	NaN	
667.8138353	87	6	7	1	0.8323826229	97.8862911	0.6382041857	1.475504711				0	63.38009805	36.61990195	5.917047489E-05	0	99.99994083				-667.8138353	0.8323826229	NaN	
667.6538353	87	6	7	1	0.8323826229	97.8862911	0.6382041857	1.475504711				0	63.38009805	36.61990195	5.917047489E-05	0	99.99994083				-667.6538353	0.8323826229	NaN	
667.4938353	87	6	7	1	0.8323826229	97.8862911	0.6382041857	1.475504711				0	63.38009805	36.61990195	5.917047489E-05	0	99.99994083				-667.4938353	0.8323826229	NaN	
667.3338353	87	6	7	1	0.8323826229	97.8862911	0.6382041857	1.475504711				0	63.38009805	36.61990195	5.917047489E-05	0	99.99994083				-667.3338353	0.8323826229	NaN	
667.1738353	87	6	7	1	0.8323826229	97.8862911	0.6382041857	1.475504711				0	63.38009805	36.61990195	5.917047489E-05	0	99.99994083				-667.1738353	0.8323826229	NaN	
667.0138353	87	6	7	1	0.8323826229	97.8862911	0.6382041857	1.475504711				0	63.38009805	36.61990195	5.917047489E-05	0	99.99994083				-667.0138353	0.8323826229	NaN	
666.8538353	87	6	7	1	0.8323826229	97.8862911	0.6382041857	1.475504711				0	63.38009805	36.61990195	5.917047489E-05	0	99.99994083				-666.8538353	0.8323826229	NaN	
666.6938353	87	6	7	1	0.8323826229	97.8862911	0.6382041857	1.475504711				0	63.38009805	36.61990195	5.917047489E-05	0	99.99994083				-666.6938353	0.8323826229	NaN	
666.5338353	87	6	7	1	0.8323826229	97.8862911	0.6382041857	1.475504711				0	63.38009805	36.61990195	5.917047489E-05	0	99.99994083				-666.5338353	0.8323826229	NaN	
666.3738353	87	6	7	1	0.8323826229	97.8862911	0.6382041857	1.475504711				0	63.38009805	36.61990195	5.917047489E-05	0	99.99994083				-666.3738353	0.8323826229	NaN	
666.2138353	87	6	7	1	0.8323826229	97.8862911	0.6382041857	1.475504711				0	63.38009805	36.61990195	5.917047489E-05	0	99.99994083				-666.2138353	0.8323826229	NaN	
666.0538353	87	6	7	1	0.8323826229	97.8862911	0.6382041857	1.475504711				0	63.38009805	36.61990195	5.917047489E-05	0	99.99994083				-666.0538353	0.8323826229	NaN	
665.8938353	87	6	7	1	0.8323826229	97.8862911	0.6382041857	1.475504711				0	63.38009805	36.61990195	5.917047489E-05	0	99.99994083				-665.8938353	0.8323826229	NaN	
665.7338353	87	6	7	1	0.8323826229	97.8862911	0.6382041857	1.475504711				0	63.38009805	36.61990195	5.917047489E-05	0	99.99994083				-665.7338353	0.8323826229	NaN	
665.5738353	87	6	7	1	0.8323826229	97.8862911	0.6382041857	1.475504711				0	63.38009805	36.61990195	5.917047489E-05	0	99.99994083				-665.5738353	0.8323826229	NaN	
665.4138353	87	6	7	1	0.8323826229	97.8862911	0.6382041857	1.475504711				0	63.38009805	36.61990195	5.917047489E-05	0	99.99994083				-665.4138353	0.8323826229	NaN	
665.2538353	87	6	7	1	0.8323826229	97.8862911	0.6382041857	1.475504711				0	63.38009805	36.61990195	5.917047489E-05	0	99.99994083				-665.2538353	0.8323826229	NaN	
665.0938353	87	6	7	1	0.8323826229	97.8862911	0.6382041857	1.475504711				0	63.38009805	36.61990195	5.917047489E-05	0	99.99994083				-665.0938353	0.8323826229	NaN	
664.9338353	87	6	7	1	0.8323826229	97.8862911	0.6382041857	1.475504711				0	63.38009805	36.61990195	5.917047489E-05	0	99.99994083				-664.9338353	0.8323826229	NaN	
664.7738353	87	6	7	1	0.8323826229	97.8862911	0.6382041857	1.475504711				0	63.38009805	36.61990195	5.917047489E-05	0	99.99994083				-664.7738353	0.8323826229	NaN	
664.6138353	87	6	7	1	0.8323826229	97.8862911	0.6382041857	1.475504711				0	63.38009805	36.61990195	5.917047489E-05	0	99.99994083				-664.6138353	0.8323826229	NaN	
664.4538353	87	6	7	1	0.8323826229	97.8862911	0.6382041857	1.475504711				0	63.38009805	36.61990195	5.917047489E-05	0	99.99994083				-664.4538353	0.8323826229	NaN	
664.2938353	87	6	7	1	0.8323826229	97.8862911	0.6382041857	1.475504711				0	63.38009805	36.61990195	5.917047489E-05	0	99.99994083				-664.2938353	0.8323826229	NaN	
664.1338353	87	6	7	1	0.8323826229	97.8862911	0.6382041857	1.475504711				0	63.38009805	36.61990195	5.917047489E-05	0	99.99994083				-664.1338353	0.8323826229	NaN	
663.9738353	87	6	7	1	0.8323826229	97.8862911	0.6382041857	1.475504711				0	63.38009805	36.61990195	5.917047489E-05	0	99.99994083				-663.9738353	0.8323826229	NaN	
663.8138353	87	6	7	1	0.8323826229	97.8862911	0.6382041857	1.475504711				0	63.38009805	36.61990195	5.917047489E-05	0	99.99994083				-663.8138353	0.8323826229	NaN	
663.6538353	87	6	7	1	0.8323826229	97.8862911	0.6382041857	1.475504711				0	63.38009805	36.61990195	5.917047489E-05	0	99.99994083				-663.6538353	0.8323826229	NaN	
663.4938353	87	6	7	1	0.8323826229	97.8862911	0.6382041857	1.475504711				0	63.38009805	36.61990195	5.917047489E-05	0	99.99994083				-663.4938353	0.8323826229	NaN	
663.3338353	87	6	7	1	0.8323826229	97.8862911	0.6382041857	1.475504711				0	63.38009805	36.61990195	5.917047489E-05	0	99.99994083				-663.3338353	0.8323826229	NaN	
663.1738353	87	6	7	1	0.8323826229	97.8862911	0.6382041857	1.475504711				0	63.38009805	36.61990195	5.917047489E-05	0	99.99994083				-663.1738353	0.8323826229	NaN	
663.0138353	87	6	7	1	0.8323826229	97.8862911	0.6382041857	1.475504711				0	63.38009805	36.61990195	5.917047489E-05	0	99.99994083				-663.0138353	0.8323826229	NaN	
662.8538353	87	6	7	1	0.8323826229	97.8862911	0.6382041857	1.475504711				0	63.38009805	36.61990195	5.917047489E-05	0	99.99994083				-662.8538353	0.8323826229	NaN	
662.6938353	87	6	7	1	0.8323826229	97.8862911	0.6382041857	1.475504711				0	63.38009805	36.61990195	5.917047489E-05	0	99.99994083				-662.6938353	0.8323826229	NaN	
662.5338353	87	6	7	1	0.8323826229	97.8862911	0.6382041857	1.475504711				0	63.38009805	36.61990195	5.917047489E-05	0	99.99994083				-662.5338353	0.8323826229	NaN	
662.3738353	87	6	7	1	0.8323826229	97.8862911	0.6382041857	1.475504711				0	63.38009805	36.61990195	5.917047489E-05	0	99.99994083				-662.3738353	0.8323826229	NaN	
662.2138353	87	6	7	1	0.8323826229	97.8862911	0.6382041857	1.475504711				0	63.38009805	36.61990195	5.917047489E-05	0	99.99994083				-662.2138353	0.8323826229	NaN	
662.0538353	87	6	7	1	0.8323826229	97.8862911	0.6382041857	1.475504711				0	63.38009805	36.61990195	5.917047489E-05	0	99.99994083				-662.0538353	0.8323826229	NaN	
661.8938353	87	6	7	1	0.8323826229	97.8862911	0.6382041857	1.475504711				0	63.38009805	36.61990195	5.917047489E-05	0	99.99994083				-661.8938353	0.8323826229	NaN	
661.7338353	87	6	7	1	0.8323826229	97.8862911	0.6382041857	1.475504711				0	63.38009805	36.61990195	5.917047489E-05	0	99.99994083				-661.7338353	0.8323826229	NaN	
661.5738353	87	6	7	1	0.8323826229	97.8862911	0.6382041857	1.475504711				0	63.38009805	36.61990195	5.917047489E-05	0	99.99994083				-661.5738353	0.8323826229	NaN	
661.4138353	87	6	7	1	0.8323826229	97.8862911	0.6382041857	1.475504711				0	63.38009805	36.61990195	5.917047489E-05	0	99.99994083				-661.4138353	0.8323826229	NaN	
661.2538353	87	6	7	1	0.8323826229	97.8862911	0.6382041857	1.475504711				0	63.38009805	36.61990195	5.917047489E-05	0	99.99994083				-661.2538353	0.8323826229	NaN	
661.0938353	87	6	7	1	0.8323826229	97.8862911	0.6382041857	1.475504711				0	63.38009805	36.61990195	5.917047489E-05	0	99.99994083				-661.0938353	0.8323826229	NaN	
660.9338353	87	6	7	1	0.8323826229	97.8862911	0.6382041857	1.475504711				0	63.38009805	36.61990195	5.917047489E-05	0	99.99994083				-660.9338353	0.8323826229	NaN	
660.7738353	87	6	7	1	0.8323826229	97.8862911	0.6382041857	1.475504711				0	63.38009805	36.61990195	5.917047489E-05	0	99.99994083				-660.7738353	0.8323826229	NaN	
660.6138353	87	6	7	1	0.8323826229	97.8862911	0.6382041857	1.475504711				0	63.38009805	36.61990195	5.917047489E-05	0	99.99994083				-660.6138353	0.8323826229	NaN	
660.4538353	87	6	7	1	0.8323826229	97.8862911	0.6382041857	1.475504711				0	63.38009805	36.61990195	5.917047489E-05	0	99.99994083				-660.4538353	0.8323826229	NaN	
660.2938353	87	6	7	1	0.8323826229	97.8862911	0.6382041857	1.475504711				0	63.38009805	36.61990195	5.917047489E-05	0	99.99994083				-660.2938353	0.8323826229	NaN	
660.1338353	87	6	7	1	0.8323826229	97.8862911	0.6382041857	1.475504711				0	63.38009805	36.61990195	5.917047489E-05	0	99.99994083				-660.1338353	0.8323826229	NaN	
659.9738353	87	6	7	1	0.8323826229	97.8862911	0.6382041857	1.475504711				0	63.38009805	36.61990195	5.917047489E-05	0	99.99994083				-659.9738353	0.8323826229	NaN	
659.8138353	87	6	7	1	0.8323826229	97.8862911	0.6382041857	1.475504711				0	63.38009805	36.61990195	5.917047489E-05	0	99.99994083				-659.8138353	0.8323826229	NaN	
659.6538353	87	6	7	1	0.8323826229	97.8862911	0.6382041857	1.475504711				0	63.38009805	36.61990195	5.917047489E-05	0	99.99994083				-659.6538353	0.8323826229	NaN	
659.4938353	87	6	7	1	0.8323826229	97.8862911	0.6382041857	1.475504711				0	63.38009805	36.61990195	5.917047489E-05	0	99.99994083				-659.4938353	0.8323826229	NaN	
659.3338353	87	6	7	1	0.8323826229	97.8862911	0.6382041857	1.475504711				0	63.38009805	36.61990195	5.917047489E-05	0	99.99994083				-659.3338353	0.8323826229	NaN	
659.1738353	87	6	7	1	0.8323826229	97.8862911	0.6382041857	1.475504711				0	63.38009805	36.61990195	5.917047489E-05	0	99.99994083				-659.1738353	0.8323826229	NaN	
659.0138353	87	6	7	1	0.8323826229	97.8862911	0.6382041857	1.475504711				0	63.38009805	36.61990195	5.917047489E-05	0	99.99994083				-659.0138353	0.8323826229	NaN	
658.8538353	87	6	7	1	0.8323826229	97.8862911	0.6382041857	1.475504711				0	63.38009805	36.61990195	5.917047489E-05	0	99.99994083				-658.8538353	0.8323826229	NaN	
658.6938353	87	6	7	1	0.8323826229	97.8862911	0.6382041857	1.475504711				0	63.38009805	36.61990195	5.917047489E-05	0	99.99994083				-658.6938353	0.8323826229	NaN	
658.5338353	87	6	7	1	0.8323826229	97.8862911	0.6382041857	1.475504711				0	63.38009805	36.61990195	5.917047489E-05	0	99.99994083				-658.5338353	0.8323826229	NaN	
658.3738353	87	6	7	1	0.8323826229	97.8862911	0.6382041857	1.475504711				0	63.38009805	36.61990195	5.917047489E-05	0	99.99994083				-658.3738353	0.8323826229	NaN	
658.2138353	87	6	7	1	0.8323826229	97.8862911	0.6382041857	1.475504711				0	63.38009805	36.61990195	5.917047489E-05	0	99.99994083				-658.2138353	0.8323826229	NaN	
658.0538353	87	6	7	1	0.8323826229	97.8862911	0.6382041857	1.475504711				0	63.38009805	36.61990195	5.917047489E-05	0	99.99994083				-658.0538353	0.8323826229	NaN	
657.8938353	87	6	7	1	0.8323826229	97.8862911	0.6382041857	1.475504711				0	63.38009805	36.61990195	5.917047489E-05	0	99.99994083				-657.8938353	0.8323826229	NaN	
657.7338353	87	6	7	1	0.8323826229	97.8862911	0.6382041857	1.475504711				0	63.38009805	36.61990195	5.917047489E-05	0	99.99994083				-657.7338353	0.8323826229	NaN	
657.5738353	87	6	7	1	0.8323826229	97.8862911	0.6382041857	1.475504711				0	63.38009805	36.61990195	5.917047489E-05	0	99.99994083				-657.5738353	0.8323826229	NaN	
657.4138353	87	6	7	1	0.8323826229	97.8862911	0.6382041857	1.475504711				0	63.38009805	36.61990195	5.917047489E-05	0	99.99994083				-657.4138353	0.8323826229	NaN	
657.2538353	87	6	7	1	0.8323826229	97.8862911	0.6382041857	1.475504711				0	63.38009805	36.61990195	5.917047489E-05	0	99.99994083				-657.2538353	0.8323826229	NaN	
657.0938353	87	6	7	1	0.8323826229	97.8862911	0.6382041857	1.475504711				0	63.38009805	36.61990195	5.917047489E-05	0	99.99994083				-657.0938353	0.8323826229	NaN	
656.9338353	87	6	7	1	0.8323826229	97.8862911	0.6382041857	1.475504711				0	63.38009805	36.61990195	5.917047489E-05	0	99.99994083				-656.9338353	0.8323826229	NaN	
656.7738353	87	6	7	1	0.8323826229	97.8862911	0.6382041857	1.475504711				0	63.38009805	36.61990195	5.917047489E-05	0	99.99994083				-656.7738353	0.8323826229	NaN	
656.6138353	87	6	7	1	0.8323826229	97.8862911	0.6382041857	1.475504711				0	63.38009805	36.61990195	5.917047489E-05	0	99.99994083				-656.6138353	0.8323826229	NaN	
656.4538353	87	6	7	1	0.8323826229	97.8862911	0.6382041857	1.475504711				0	63.38009805	36.61990195	5.917047489E-05	0	99.99994083				-656.4538353	0.8323826229	NaN	
656.2938353	87	6	7	1	0.8323826229	97.8862911	0.6382041857	1.475504711				0	63.38009805	36.61990195	5.917047489E-05	0	99.99994083				-656.2938353	0.8323826229	NaN	
656.1338353	87	6	7	1	0.8323826229	97.8862911	0.6382041857	1.475504711				0	63.38009805	36.61990195	5.917047489E-05	0	99.99994083				-656.1338353	0.8323826229	NaN	
655.9738353	87	6	7	1	0.8323826229	97.8862911	0.6382041857	1.475504711				0	63.38009805	36.61990195	5.917047489E-05	0	99.99994083				-655.9738353	0.8323826229	NaN	
655.8138353	87	6	7	1	0.8323826229	97.8862911	0.6382041857	1.475504711				0	63.38009805	36.61990195	5.917047489E-05	0	99.99994083				-655.8138353	0.8323826229	NaN	
655.6538353	87	6	7	1	0.8323826229	97.8862911	0.6382041857	1.475504711				0	63.38009805	36.61990195	5.917047489E-05	0	99.99994083				-655.6538353	0.8323826229	NaN	
655.4938353	87	6	7	1	0.8323826229	97.8862911	0.6382041857	1.475504711				0	63.38009805	36.61990195	5.917047489E-05	0	99.99994083				-655.4938353	0.8323826229	NaN	
655.3338353	87	6	7	1	0.8323826229	97.8862911	0.6382041857	1.475504711				0	63.38009805	36.61990195	5.917047489E-05	0	99.99994083				-655.3338353	0.8323826229	NaN	
655.1738353	87	6	7	1	0.8323826229	97.8862911	0.6382041857	1.475504711				0	63.38009805	36.61990195	5.917047489E-05	0	99.99994083				-655.1738353	0.8323826229	NaN	
655.0138353	87	6	7	1	0.8323826229	97.8862911	0.6382041857	1.475504711				0	63.38009805	36.61990195	5.917047489E-05	0	99.99994083				-655.0138353	0.8323826229	NaN	
654.8538353	87	6	7	1	0.8323826229	97.8862911	0.6382041857	1.475504711				0	63.38009805	36.61990195	5.917047489E-05	0	99.99994083				-654.8538353	0.8323826229	NaN	
654.6938353	87	6	7	1	0.8323826229	97.8862911	0.6382041857	1.475504711				0	63.38009805	36.61990195	5.917047489E-05	0	99.99994083				-654.6938353	0.8323826229	NaN	
654.5338353	87	6	7	1	0.8323826229	97.8862911	0.6382041857	1.475504711				0	63.38009805	36.61990195	5.917047489E-05	0	99.99994083				-654.5338353	0.8323826229	NaN	
654.3738353	87	6	7	1	0.8323826229	97.8862911	0.6382041857	1.475504711				0	63.38009805	36.61990195	5.917047489E-05	0	99.99994083				-654.3738353	0.8323826229	NaN	
654.2138353	87	6	7	1	0.8323826229	97.8862911	0.6382041857	1.475504711				0	63.38009805	36.61990195	5.917047489E-05	0	99.99994083				-654.2138353	0.8323826229	NaN	
654.0538353	87	6	7	1	0.8323826229	97.8862911	0.6382041857	1.475504711				0	63.38009805	36.61990195	5.917047489E-05	0	99.99994083				-654.0538353	0.8323826229	NaN	
653.8938353	87	6	7	1	0.8323826229	97.8862911	0.6382041857	1.475504711				0	63.38009805	36.61990195	5.917047489E-05	0	99.99994083				-653.8938353	0.8323826229	NaN	
653.7338353	87	6	7	1	0.8323826229	97.8862911	0.6382041857	1.475504711				0	63.38009805	36.61990195	5.917047489E-05	0	99.99994083				-653.7338353	0.8323826229	NaN	
653.5738353	87	6	7	1	0.8323826229	97.8862911	0.6382041857	1.475504711				0	63.38009805	36.61990195	5.917047489E-05	0	99.99994083				-653.5738353	0.8323826229	NaN	
653.4138353	87	6	7	1	0.8323826229	97.8862911	0.6382041857	1.475504711				0	63.38009805	36.61990195	5.917047489E-05	0	99.99994083				-653.4138353	0.8323826229	NaN	
653.2538353	87	6	7	1	0.8323826229	97.8862911	0.6382041857	1.475504711				0	63.38009805	36.61990195	5.917047489E-05	0	99.99994083				-653.2538353	0.8323826229	NaN	
653.0938353	87	6	7	1	0.8323826229	97.8862911	0.6382041857	1.475504711				0	63.38009805	36.61990195	5.917047489E-05	0	99.99994083				-653.0938353	0.8323826229	NaN	
652.9338353	87	6	7	1	0.8323826229	97.8862911	0.6382041857	1.475504711				0	63.38009805	36.61990195	5.917047489E-05	0	99.99994083				-652.9338353	0.8323826229	NaN	
652.7738353	87	6	7	1	0.8323826229	97.8862911	0.6382041857	1.475504711				0	63.38009805	36.61990195	5.917047489E-05	0	99.99994083				-652.7738353	0.8323826229	NaN	
652.6138353	87	6	7	1	0.8323826229	97.8862911	0.6382041857	1.475504711				0	63.38009805	36.61990195	5.917047489E-05	0	99.99994083				-652.6138353	0.8323826229	NaN	
652.4538353	87	6	7	1	0.8323826229	97.8862911	0.6382041857	1.475504711				0	63.38009805	36.61990195	5.917047489E-05	0	99.99994083				-652.4538353	0.8323826229	NaN	
652.2938353	87	6	7	1	0.8323826229	97.8862911	0.6382041857	1.475504711				0	63.38009805	36.61990195	5.917047489E-05	0	99.99994083				-652.2938353	0.8323826229	NaN	
652.1338353	87	6	7	1	0.8323826229	97.8862911	0.6382041857	1.475504711				0	63.38009805	36.61990195	5.917047489E-05	0	99.99994083				-652.1338353	0.8323826229	NaN	
651.9738353	87	6	7	1	0.8323826229	97.8862911	0.6382041857	1.475504711				0	63.38009805	36.61990195	5.917047489E-05	0	99.99994083				-651.9738353	0.8323826229	NaN	
651.8138353	87	6	7	1	0.8323826229	97.8862911	0.6382041857	1.475504711				0	63.38009805	36.61990195	5.917047489E-05	0	99.99994083				-651.8138353	0.8323826229	NaN	
651.6538353	87	6	7	1	0.8323826229	97.8862911	0.6382041857	1.475504711				0	63.38009805	36.61990195	5.917047489E-05	0	99.99994083				-651.6538353	0.8323826229	NaN	
651.4938353	87	6	7	1	0.8323826229	97.8862911	0.6382041857	1.475504711				0	63.38009805	36.61990195	5.917047489E-05	0	99.99994083				-651.4938353	0.8323826229	NaN	
651.3338353	87	6	7	1	0.8323826229	97.8862911	0.6382041857	1.475504711				0	63.38009805	36.61990195	5.917047489E-05	0	99.99994083				-651.3338353	0.8323826229	NaN	
651.1738353	87	6	7	1	0.8323826229	97.8862911	0.6382041857	1.475504711				0	63.38009805	36.61990195	5.917047489E-05	0	99.99994083				-651.1738353	0.8323826229	NaN	
651.0138353	87	6	7	1	0.8323826229	97.8862911	0.6382041857	1.475504711				0	63.38009805	36.61990195	5.917047489E-05	0	99.99994083				-651.0138353	0.8323826229	NaN	
650.8538353	87	6	7	1	0.8323826229	97.8862911	0.6382041857	1.475504711				0	63.38009805	36.61990195	5.917047489E-05	0	99.99994083				-650.8538353	0.8323826229	NaN	
650.6938353	87	6	7	1	0.8323826229	97.8862911	0.6382041857	1.475504711				0	63.38009805	36.61990195	5.917047489E-05	0	99.99994083				-650.6938353	0.8323826229	NaN	
650.5338353	87	6	7	1	0.8323826229	97.8862911	0.6382041857	1.475504711				0	63.38009805	36.61990195	5.917047489E-05	0	99.99994083				-650.5338353	0.8323826229	NaN	
650.3738353	87	6	7	1	0.8323826229	97.8862911	0.6382041857	1.475504711				0	63.38009805	36.61990195	5.917047489E-05	0	99.99994083				-650.3738353	0.8323826229	NaN	
650.2138353	87	6	7	1	0.8323826229	97.8862911	0.6382041857	1.475504711				0	63.38009805	36.61990195	5.917047489E-05	0	99.99994083				-650.2138353	0.8323826229	NaN	
650.0538353	87	6	7	1	0.8323826229	97.8862911	0.6382041857	1.475504711				0	63.38009805	36.61990195	5.917047489E-05	0	99.99994083				-650.0538353	0.8323826229	NaN	
649.8938353	87	6	7	1	0.8323826229	97.8862911	0.6382041857	1.475504711				0	63.38009805	36.61990195	5.917047489E-05	0	99.99994083				-649.8938353	0.8323826229	NaN	
649.7338353	87	6	7	1	0.8323826229	97.8862911	0.6382041857	1.475504711				0	63.38009805	36.61990195	5.917047489E-05	0	99.99994083				-649.7338353	0.8323826229	NaN	
649.5738353	87	6	7	1	0.8323826229	97.8862911	0.6382041857	1.475504711				0	63.38009805	36.61990195	5.917047489E-05	0	99.99994083				-649.5738353	0.8323826229	NaN	
649.4138353	87	6	7	1	0.8323826229	97.8862911	0.6382041857	1.475504711				0	63.38009805	36.61990195	5.917047489E-05	0	99.99994083				-649.4138353	0.8323826229	NaN	
649.2538353	87	6	7	1	0.8323826229	97.8862911	0.6382041857	1.475504711				0	63.38009805	36.61990195	5.917047489E-05	0	99.99994083				-649.2538353	0.8323826229	NaN	
649.0938353	87	6	7	1	0.8323826229	97.8862911	0.6382041857	1.475504711				0	63.38009805	36.61990195	5.917047489E-05	0	99.99994083				-649.0938353	0.8323826229	NaN	
648.9338353	87	6	7	1	0.8323826229	97.8862911	0.6382041857	1.475504711				0	63.38009805	36.61990195	5.917047489E-05	0	99.99994083				-648.9338353	0.8323826229	NaN	
648.7738353	87	6	7	1	0.8323826229	97.8862911	0.6382041857	1.475504711				0	63.38009805	36.61990195	5.917047489E-05	0	99.99994083				-648.7738353	0.8323826229	NaN	
648.6138353	87	6	7	1	0.8323826229	97.8862911	0.6382041857	1.475504711				0	63.38009805	36.61990195	5.917047489E-05	0	99.99994083				-648.6138353	0.8323826229	NaN	
648.4538353	87	6	7	1	0.8323826229	97.8862911	0.6382041857	1.475504711				0	63.38009805	36.61990195	5.917047489E-05	0	99.99994083				-648.4538353	0.8323826229	NaN	
648.2938353	87	6	7	1	0.8323826229	97.8862911	0.6382041857	1.475504711				0	63.38009805	36.61990195	5.917047489E-05	0	99.99994083				-648.2938353	0.8323826229	NaN	
648.1338353	87	6	7	1	0.8323826229	97.8862911	0.6382041857	1.475504711				0	63.38009805	36.61990195	5.917047489E-05	0	99.99994083				-648.1338353	0.8323826229	NaN	
647.9738353	87	6	7	1	0.8323826229	97.8862911	0.6382041857	1.475504711				0	63.38009805	36.61990195	5.917047489E-05	0	99.99994083				-647.9738353	0.8323826229	NaN	
647.8138353	87	6	7	1	0.8323826229	97.8862911	0.6382041857	1.475504711				0	63.38009805	36.61990195	5.917047489E-05	0	99.99994083				-647.8138353	0.8323826229	NaN	
647.6538353	87	6	7	1	0.8323826229	97.8862911	0.6382041857	1.475504711				0	63.38009805	36.61990195	5.917047489E-05	0	99.99994083				-647.6538353	0.8323826229	NaN	
647.4938353	87	6	7	1	0.8323826229	97.8862911	0.6382041857	1.475504711				0	63.38009805	36.61990195	5.917047489E-05	0	99.99994083				-647.4938353	0.8323826229	NaN	
647.3338353	87	6	7	1	0.8323826229	97.8862911	0.6382041857	1.475504711				0	63.38009805	36.61990195	5.917047489E-05	0	99.99994083				-647.3338353	0.8323826229	NaN	
647.1738353	87	6	7	1	0.8323826229	97.8862911	0.6382041857	1.475504711				0	63.38009805	36.61990195	5.917047489E-05	0	99.99994083				-647.1738353	0.8323826229	NaN	
647.0138353	87	6	7	1	0.8323826229	97.8862911	0.6382041857	1.475504711				0	63.38009805	36.61990195	5.917047489E-05	0	99.99994083				-647.0138353	0.8323826229	NaN	
646.8538353	87	6	7	1	0.8323826229	97.8862911	0.6382041857	1.475504711				0	63.38009805	36.61990195	5.917047489E-05	0	99.99994083				-646.8538353	0.8323826229	NaN	
646.6938353	87	6	7	1	0.8323826229	97.8862911	0.6382041857	1.475504711				0	63.38009805	36.61990195	5.917047489E-05	0	99.99994083				-646.6938353	0.8323826229	NaN	
646.5338353	87	6	7	1	0.8323826229	97.8862911	0.6382041857	1.475504711				0	63.38009805	36.61990195	5.917047489E-05	0	99.99994083				-646.5338353	0.8323826229	NaN	
646.3738353	87	6	7	1	0.8323826229	97.8862911	0.6382041857	1.475504711				0	63.38009805	36.61990195	5.917047489E-05	0	99.99994083				-646.3738353	0.8323826229	NaN	
646.2138353	87	6	7	1	0.8323826229	97.8862911	0.6382041857	1.475504711				0	63.38009805	36.61990195	5.917047489E-05	0	99.99994083				-646.2138353	0.8323826229	NaN	
646.0538353	87	6	7	1	0.8323826229	97.8862911	0.6382041857	1.475504711				0	63.38009805	36.61990195	5.917047489E-05	0	99.99994083				-646.0538353	0.8323826229	NaN	
645.8938353	87	6	7	1	0.8323826229	97.8862911	0.6382041857	1.475504711				0	63.38009805	36.61990195	5.917047489E-05	0	99.99994083				-645.8938353	0.8323826229	NaN	
645.7338353	87	6	7	1	0.8323826229	97.8862911	0.6382041857	1.475504711				0	63.38009805	36.61990195	5.917047489E-05	0	99.99994083				-645.7338353	0.8323826229	NaN	
645.5738353	87	6	7	1	0.8323826229	97.8862911	0.6382041857	1.475504711				0	63.38009805	36.61990195	5.917047489E-05	0	99.99994083				-645.5738353	0.8323826229	NaN	
645.4138353	87	6	7	1	0.8323826229	97.8862911	0.6382041857	1.475504711				0	63.38009805	36.61990195	5.917047489E-05	0	99.99994083				-645.4138353	0.8323826229	NaN	
645.2538353	87	6	7	1	0.8323826229	97.8862911	0.6382041857	1.475504711				0	63.38009805	36.61990195	5.917047489E-05	0	99.99994083				-645.2538353	0.8323826229	NaN	
645.0938353	87	6	7	1	0.8323826229	97.8862911	0.6382041857	1.475504711				0	63.38009805	36.61990195	5.917047489E-05	0	99.99994083				-645.0938353	0.8323826229	NaN	
644.9338353	87	6	7	1	0.8323826229	97.8862911	0.6382041857	1.475504711				0	63.38009805	36.61990195	5.917047489E-05	0	99.99994083				-644.9338353	0.8323826229	NaN	
644.7738353	87	6	7	1	0.8323826229	97.8862911	0.6382041857	1.475504711				0	63.38009805	36.61990195	5.917047489E-05	0	99.99994083				-644.7738353	0.8323826229	NaN	
644.6138353	87	6	7	1	0.8323826229	97.8862911	0.6382041857	1.475504711				0	63.38009805	36.61990195	5.917047489E-05	0	99.99994083				-644.6138353	0.8323826229	NaN	
644.4538353	87	6	7	1	0.8323826229	97.8862911	0.6382041857	1.475504711				0	63.38009805	36.61990195	5.917047489E-05	0	99.99994083				-644.4538353	0.8323826229	NaN	
644.2938353	87	6	7	1	0.8323826229	97.8862911	0.6382041857	1.475504711				0	63.38009805	36.61990195	5.917047489E-05	0	99.99994083				-644.2938353	0.8323826229	NaN	
644.1338353	87	6	7	1	0.8323826229	97.8862911	0.6382041857	1.475504711				0	63.38009805	36.61990195	5.917047489E-05	0	99.99994083				-644.1338353	0.8323826229	NaN	
643.9738353	87	6	7	1	0.8323826229	97.8862911	0.6382041857	1.475504711				0	63.38009805	36.61990195	5.917047489E-05	0	99.99994083				-643.9738353	0.8323826229	NaN	
643.8138353	87	6	7	1	0.8323826229	97.8862911	0.6382041857	1.475504711				0	63.38009805	36.61990195	5.917047489E-05	0	99.99994083				-643.8138353	0.8323826229	NaN	
643.6538353	87	6	7	1	0.8323826229	97.8862911	0.6382041857	1.475504711				0	63.38009805	36.61990195	5.917047489E-05	0	99.99994083				-643.6538353	0.8323826229	NaN	
643.4938353	87	6	7	1	0.8323826229	97.8862911	0.6382041857	1.475504711				0	63.38009805	36.61990195	5.917047489E-05	0	99.99994083				-643.4938353	0.8323826229	NaN	
643.3338353	87	6	7	1	0.8323826229	97.8862911	0.6382041857	1.475504711				0	63.38009805	36.61990195	5.917047489E-05	0	99.99994083				-643.3338353	0.8323826229	NaN	
643.1738353	87	6	7	1	0.8323826229	97.8862911	0.6382041857	1.475504711				0	63.38009805	36.61990195	5.917047489E-05	0	99.99994083				-643.1738353	0.8323826229	NaN	
643.0138353	87	6	7	1	0.8323826229	97.8862911	0.6382041857	1.475504711				0	63.38009805	36.61990195	5.917047489E-05	0	99.99994083				-643.0138353	0.8323826229	NaN	
642.8538353	87	6	7	1	0.8323826229	97.8862911	0.6382041857	1.475504711				0	63.38009805	36.61990195	5.917047489E-05	0	99.99994083				-642.8538353	0.8323826229	NaN	
642.6938353	87	6	7	1	0.8323826229	97.8862911	0.6382041857	1.475504711				0	63.38009805	36.61990195	5.917047489E-05	0	99.99994083				-642.6938353	0.8323826229	NaN	
642.5338353	87	6	7	1	0.8323826229	97.8862911	0.6382041857	1.475504711				0	63.38009805	36.61990195	5.917047489E-05	0	99.99994083				-642.5338353	0.8323826229	NaN	
642.3738353	87	6	7	1	0.8323826229	97.8862911	0.6382041857	1.475504711				0	63.38009805	36.61990195	5.917047489E-05	0	99.99994083				-642.3738353	0.8323826229	NaN	
642.2138353	87	6	7	1	0.8323826229	97.8862911	0.6382041857	1.475504711				0	63.38009805	36.61990195	5.917047489E-05	0	99.99994083				-642.2138353	0.8323826229	NaN	
642.0538353	87	6	7	1	0.8323826229	97.8862911	0.6382041857	1.475504711				0	63.38009805	36.61990195	5.917047489E-05	0	99.99994083				-642.0538353	0.8323826229	NaN	
641.8938353	87	6	7	1	0.8323826229	97.8862911	0.6382041857	1.475504711				0	63.38009805	36.61990195	5.917047489E-05	0	99.99994083				-641.8938353	0.8323826229	NaN	
641.7338353	87	6	7	1	0.8323826229	97.8862911	0.6382041857	1.475504711				0	63.38009805	36.61990195	5.917047489E-05	0	99.99994083				-641.7338353	0.8323826229	NaN	
641.5738353	87	6	7	1	0.8323826229	97.8862911	0.6382041857	1.475504711				0	63.38009805	36.61990195	5.917047489E-05	0	99.99994083				-641.5738353	0.8323826229	NaN	
641.4138353	87	6	7	1	0.8323826229	97.8862911	0.6382041857	1.475504711				0	63.38009805	36.61990195	5.917047489E-05	0	99.99994083				-641.4138353	0.8323826229	NaN	
641.2538353	87	6	7	1	0.8323826229	97.8862911	0.6382041857	1.475504711				0	63.38009805	36.61990195	5.917047489E-05	0	99.99994083				-641.2538353	0.8323826229	NaN	
641.0938353	87	6	7	1	0.8323826229	97.8862911	0.6382041857	1.475504711				0	63.38009805	36.61990195	5.917047489E-05	0	99.99994083				-641.0938353	0.8323826229	NaN	
640.9338353	87	6	7	1	0.8323826229	97.8862911	0.6382041857	1.475504711				0	63.38009805	36.61990195	5.917047489E-05	0	99.99994083				-640.9338353	0.8323826229	NaN	
640.7738353	87	6	7	1	0.8323826229	97.8862911	0.6382041857	1.475504711				0	63.38009805	36.61990195	5.917047489E-05	0	99.99994083				-640.7738353	0.8323826229	NaN	
640.6138353	87	6	7	1	0.8323826229	97.8862911	0.6382041857	1.475504711				0	63.38009805	36.61990195	5.917047489E-05	0	99.99994083				-640.6138353	0.8323826229	NaN	
640.4538353	87	6	7	1	0.8323826229	97.8862911	0.6382041857	1.475504711				0	63.38009805	36.61990195	5.917047489E-05	0	99.99994083				-640.4538353	0.8323826229	NaN	
640.2938353	87	6	7	1	0.8323826229	97.8862911	0.6382041857	1.475504711				0	63.38009805	36.61990195	5.917047489E-05	0	99.99994083				-640.2938353	0.8323826229	NaN	
640.1338353	87	6	7	1	0.8323826229	97.8862911	0.6382041857	1.475504711				0	63.38009805	36.61990195	5.917047489E-05	0	99.99994083				-640.1338353	0.8323826229	NaN	
639.9738353	87	6	7	1	0.8323826229	97.8862911	0.6382041857	1.475504711				0	63.38009805	36.61990195	5.917047489E-05	0	99.99994083				-639.9738353	0.8323826229	NaN	
639.8138353	87	6	7	1	0.8323826229	97.8862911	0.6382041857	1.475504711				0	63.38009805	36.61990195	5.917047489E-05	0	99.99994083				-639.8138353	0.8323826229	NaN	
639.6538353	87	6	7	1	0.8323826229	97.8862911	0.6382041857	1.475504711				0	63.38009805	36.61990195	5.917047489E-05	0	99.99994083				-639.6538353	0.8323826229	NaN	
639.4938353	87	6	7	1	0.8323826229	97.8862911	0.6382041857	1.475504711				0	63.38009805	36.61990195	5.917047489E-05	0	99.99994083				-639.4938353	0.8323826229	NaN	
639.3338353	87	6	7	1	0.8323826229	97.8862911	0.6382041857	1.475504711				0	63.38009805	36.61990195	5.917047489E-05	0	99.99994083				-639.3338353	0.8323826229	NaN	
639.1738353	87	6	7	1	0.8323826229	97.8862911	0.6382041857	1.475504711				0	63.38009805	36.61990195	5.917047489E-05	0	99.99994083				-639.1738353	0.8323826229	NaN	
639.0138353	87	6	7	1	0.8323826229	97.8862911	0.6382041857	1.475504711				0	63.38009805	36.61990195	5.917047489E-05	0	99.99994083				-639.0138353	0.8323826229	NaN	
638.8538353	87	6	7	1	0.8323826229	97.8862911	0.6382041857	1.475504711				0	63.38009805	36.61990195	5.917047489E-05	0	99.99994083				-638.8538353	0.8323826229	NaN	
638.6938353	87	6	7	1	0.8323826229	97.8862911	0.6382041857	1.475504711				0	63.38009805	36.61990195	5.917047489E-05	0	99.99994083				-638.6938353	0.8323826229	NaN	
638.5338353	87	6	7	1	0.8323826229	97.8862911	0.6382041857	1.475504711				0	63.38009805	36.61990195	5.917047489E-05	0	99.99994083				-638.5338353	0.8323826229	NaN	
638.3738353	87	6	7	1	0.8323826229	97.8862911	0.6382041857	1.475504711				0	63.38009805	36.61990195	5.917047489E-05	0	99.99994083				-638.3738353	0.8323826229	NaN	
638.2138353	87	6	7	1	0.8323826229	97.8862911	0.6382041857	1.475504711				0	63.38009805	36.61990195	5.917047489E-05	0	99.99994083				-638.2138353	0.8323826229	NaN	
638.0538353	87	6	7	1	0.8323826229	97.8862911	0.6382041857	1.475504711				0	63.38009805	36.61990195	5.917047489E-05	0	99.99994083				-638.0538353	0.8323826229	NaN	
637.8938353	87	6	7	1	0.8323826229	97.8862911	0.6382041857	1.475504711				0	63.38009805	36.61990195	5.917047489E-05	0	99.99994083				-637.8938353	0.8323826229	NaN	
637.7338353	87	6	7	1	0.8323826229	97.8862911	0.6382041857	1.475504711				0	63.38009805	36.61990195	5.917047489E-05	0	99.99994083				-637.7338353	0.8323826229	NaN	
637.5738353	87	6	7	1	0.8323826229	97.8862911	0.6382041857	1.475504711				0	63.38009805	36.61990195	5.917047489E-05	0	99.99994083				-637.5738353	0.8323826229	NaN	
637.4138353	87	6	7	1	0.8323826229	97.8862911	0.6382041857	1.475504711				0	63.38009805	36.61990195	5.917047489E-05	0	99.99994083				-637.4138353	0.8323826229	NaN	
637.2538353	87	6	7	1	0.8323826229	97.8862911	0.6382041857	1.475504711				0	63.38009805	36.61990195	5.917047489E-05	0	99.99994083				-637.2538353	0.8323826229	NaN	
637.0938353	87	6	7	1	0.8323826229	97.8862911	0.6382041857	1.475504711				0	63.38009805	36.61990195	5.917047489E-05	0	99.99994083				-637.0938353	0.8323826229	NaN	
636.9338353	87	6	7	1	0.8323826229	97.8862911	0.6382041857	1.475504711				0	63.38009805	36.61990195	5.917047489E-05	0	99.99994083				-636.9338353	0.8323826229	NaN	
636.7738353	87	6	7	1	0.8323826229	97.8862911	0.6382041857	1.475504711				0	63.38009805	36.61990195	5.917047489E-05	0	99.99994083				-636.7738353	0.8323826229	NaN	
636.6138353	87	6	7	1	0.8323826229	97.8862911	0.6382041857	1.475504711				0	63.38009805	36.61990195	5.917047489E-05	0	99.99994083				-636.6138353	0.8323826229	NaN	
636.4538353	87	6	7	1	0.8323826229	97.8862911	0.6382041857	1.475504711				0	63.38009805	36.61990195	5.917047489E-05	0	99.99994083				-636.4538353	0.8323826229	NaN	
636.2938353	87	6	7	1	0.8323826229	97.8862911	0.6382041857	1.475504711				0	63.38009805	36.61990195	5.917047489E-05	0	99.99994083				-636.2938353	0.8323826229	NaN	
636.1338353	87	6	7	1	0.8323826229	97.8862911	0.6382041857	1.475504711				0	63.38009805	36.61990195	5.917047489E-05	0	99.99994083				-636.1338353	0.8323826229	NaN	
635.9738353	87	6	7	1	0.8323826229	97.8862911	0.6382041857	1.475504711				0	63.38009805	36.61990195	5.917047489E-05	0	99.99994083				-635.9738353	0.8323826229	NaN	
635.8138353	87	6	7	1	0.8323826229	97.8862911	0.6382041857	1.475504711				0	63.38009805	36.61990195	5.917047489E-05	0	99.99994083				-635.8138353	0.8323826229	NaN	
635.6538353	87	6	7	1	0.8323826229	97.8862911	0.6382041857	1.475504711				0	63.38009805	36.61990195	5.917047489E-05	0	99.99994083				-635.6538353	0.8323826229	NaN	
635.4938353	87	6	7	1	0.8323826229	97.8862911	0.6382041857	1.475504711				0	63.38009805	36.61990195	5.917047489E-05	0	99.99994083				-635.4938353	0.8323826229	NaN	
635.3338353	87	6	7	1	0.8323826229	97.8862911	0.6382041857	1.475504711				0	63.38009805	36.61990195	5.917047489E-05	0	99.99994083				-635.3338353	0.8323826229	NaN	
635.1738353	87	6	7	1	0.8323826229	97.8862911	0.6382041857	1.475504711				0	63.38009805	36.61990195	5.917047489E-05	0	99.99994083				-635.1738353	0.8323826229	NaN	
635.0138353	87	6	7	1	0.8323826229	97.8862911	0.6382041857	1.475504711				0	63.38009805	36.61990195	5.917047489E-05	0	99.99994083				-635.0138353	0.8323826229	NaN	
634.8538353	87	6	7	1	0.8323826229	97.8862911	0.6382041857	1.475504711				0	63.38009805	36.61990195	5.917047489E-05	0	99.99994083				-634.8538353	0.8323826229	NaN	
634.6938353	87	6	7	1	0.8323826229	97.8862911	0.6382041857	1.475504711				0	63.38009805	36.61990195	5.917047489E-05	0	99.99994083				-634.6938353	0.8323826229	NaN	
634.5338353	87	6	7	1	0.8323826229	97.8862911	0.6382041857	1.475504711				0	63.38009805	36.61990195	5.917047489E-05	0	99.99994083				-634.5338353	0.8323826229	NaN	
634.3738353	87	6	7	1	0.8323826229	97.8862911	0.6382041857	1.475504711				0	63.38009805	36.61990195	5.917047489E-05	0	99.99994083				-634.3738353	0.8323826229	NaN	
634.2138353	87	6	7	1	0.8323826229	97.8862911	0.6382041857	1.475504711				0	63.38009805	36.61990195	5.917047489E-05	0	99.99994083				-634.2138353	0.8323826229	NaN	
634.0538353	87	6	7	1	0.8323826229	97.8862911	0.6382041857	1.475504711				0	63.38009805	36.61990195	5.917047489E-05	0	99.99994083				-634.0538353	0.8323826229	NaN	
633.8938353	87	6	7	1	0.8323826229	97.8862911	0.6382041857	1.475504711				0	63.38009805	36.61990195	5.917047489E-05	0	99.99994083				-633.8938353	0.8323826229	NaN	
633.7338353	87	6	7	1	0.8323826229	97.8862911	0.6382041857	1.475504711				0	63.38009805	36.61990195	5.917047489E-05	0	99.99994083				-633.7338353	0.8323826229	NaN	
633.5738353	87	6	7	1	0.8323826229	97.8862911	0.6382041857	1.475504711				0	63.38009805	36.61990195	5.917047489E-05	0	99.99994083				-633.5738353	0.8323826229	NaN	
633.4138353	87	6	7	1	0.8323826229	97.8862911	0.6382041857	1.475504711				0	63.38009805	36.61990195	5.917047489E-05	0	99.99994083				-633.4138353	0.8323826229	NaN	
633.2538353	87	6	7	1	0.8323826229	97.8862911	0.6382041857	1.475504711				0	63.38009805	36.61990195	5.917047489E-05	0	99.99994083				-633.2538353	0.8323826229	NaN	
633.0938353	87	6	7	1	0.8323826229	97.8862911	0.6382041857	1.475504711				0	63.38009805	36.61990195	5.917047489E-05	0	99.99994083				-633.0938353	0.8323826229	NaN	
632.9338353	87	6	7	1	0.8323826229	97.8862911	0.6382041857	1.475504711				0	63.38009805	36.61990195	5.917047489E-05	0	99.99994083				-632.9338353	0.8323826229	NaN	
632.7738353	87	6	7	1	0.8323826229	97.8862911	0.6382041857	1.475504711				0	63.38009805	36.61990195	5.917047489E-05	0	99.99994083				-632.7738353	0.8323826229	NaN	
632.6138353	87	6	7	1	0.8323826229	97.8862911	0.6382041857	1.475504711				0	63.38009805	36.61990195	5.917047489E-05	0	99.99994083				-632.6138353	0.8323826229	NaN	
632.4538353	87	6	7	1	0.8323826229	97.8862911	0.6382041857	1.475504711				0	63.38009805	36.61990195	5.917047489E-05	0	99.99994083				-632.4538353	0.8323826229	NaN	
632.2938353	87	6	7	1	0.8323826229	97.8862911	0.6382041857	1.475504711				0	63.38009805	36.61990195	5.917047489E-05	0	99.99994083				-632.2938353	0.8323826229	NaN	
632.1338353	87	6	7	1	0.8323826229	97.8862911	0.6382041857	1.475504711				0	63.38009805	36.61990195	5.917047489E-05	0	99.99994083				-632.1338353	0.8323826229	NaN	
631.9738353	87	6	7	1	0.8323826229	97.8862911	0.6382041857	1.475504711				0	63.38009805	36.61990195	5.917047489E-05	0	99.99994083				-631.9738353	0.8323826229	NaN	
631.8138353	87	6	7	1	0.8323826229	97.8862911	0.6382041857	1.475504711				0	63.38009805	36.61990195	5.917047489E-05	0	99.99994083				-631.8138353	0.8323826229	NaN	
631.6538353	87	6	7	1	0.8323826229	97.8862911	0.6382041857	1.475504711				0	63.38009805	36.61990195	5.917047489E-05	0	99.99994083				-631.6538353	0.8323826229	NaN	
631.4938353	87	6	7	1	0.8323826229	97.8862911	0.6382041857	1.475504711				0	63.38009805	36.61990195	5.917047489E-05	0	99.99994083				-631.4938353	0.8323826229	NaN	
631.3338353	87	6	7	1	0.8323826229	97.8862911	0.6382041857	1.475504711				0	63.38009805	36.61990195	5.917047489E-05	0	99.99994083				-631.3338353	0.8323826229	NaN	
631.1738353	87	6	7	1	0.8323826229	97.8862911	0.6382041857	1.475504711				0	63.38009805	36.61990195	5.917047489E-05	0	99.99994083				-631.1738353	0.8323826229	NaN	
631.0138353	87	6	7	1	0.8323826229	97.8862911	0.6382041857	1.475504711				0	63.38009805	36.61990195	5.917047489E-05	0	99.99994083				-631.0138353	0.8323826229	NaN	
630.8538353	87	6	7	1	0.8323826229	97.8862911	0.6382041857	1.475504711				0	63.38009805	36.61990195	5.917047489E-05	0	99.99994083				-630.8538353	0.8323826229	NaN	
630.6938353	87	6	7	1	0.8323826229	97.8862911	0.6382041857	1.475504711				0	63.38009805	36.61990195	5.917047489E-05	0	99.99994083				-630.6938353	0.8323826229	NaN	
630.5338353	87	6	7	1	0.8323826229	97.8862911	0.6382041857	1.475504711				0	63.38009805	36.61990195	5.917047489E-05	0	99.99994083				-630.5338353	0.8323826229	NaN	
630.3738353	87	6	7	1	0.8323826229	97.8862911	0.6382041857	1.475504711				0	63.38009805	36.61990195	5.917047489E-05	0	99.99994083				-630.3738353	0.8323826229	NaN	
630.2138353	87	6	7	1	0.8323826229	97.8862911	0.6382041857	1.475504711				0	63.38009805	36.61990195	5.917047489E-05	0	99.99994083				-630.2138353	0.8323826229	NaN	
630.0538353	87	6	7	1	0.8323826229	97.8862911	0.6382041857	1.475504711				0	63.38009805	36.61990195	5.917047489E-05	0	99.99994083				-630.0538353	0.8323826229	NaN	
629.8938353	87	6	7	1	0.8323826229	97.8862911	0.6382041857	1.475504711				0	63.38009805	36.61990195	5.917047489E-05	0	99.99994083				-629.8938353	0.8323826229	NaN	
629.7338353	87	6	7	1	0.8323826229	97.8862911	0.6382041857	1.475504711				0	63.38009805	36.61990195	5.917047489E-05	0	99.99994083				-629.7338353	0.8323826229	NaN	
629.5738353	87	6	7	1	0.8323826229	97.8862911	0.6382041857	1.475504711				0	63.38009805	36.61990195	5.917047489E-05	0	99.99994083				-629.5738353	0.8323826229	NaN	
629.4138353	87	6	7	1	0.8323826229	97.8862911	0.6382041857	1.475504711				0	63.38009805	36.61990195	5.917047489E-05	0	99.99994083				-629.4138353	0.8323826229	NaN	
629.2538353	87	6	7	1	0.8323826229	97.8862911	0.6382041857	1.475504711				0	63.38009805	36.61990195	5.917047489E-05	0	99.99994083				-629.2538353	0.8323826229	NaN	
629.0938353	87	6	7	1	0.8323826229	97.8862911	0.6382041857	1.475504711				0	63.38009805	36.61990195	5.917047489E-05	0	99.99994083				-629.0938353	0.8323826229	NaN	
628.9338353	87	6	7	1	0.8323826229	97.8862911	0.6382041857	1.475504711				0	63.38009805	36.61990195	5.917047489E-05	0	99.99994083				-628.9338353	0.8323826229	NaN	
628.7738353	87	6	7	1	0.8323826229	97.8862911	0.6382041857	1.475504711				0	63.38009805	36.61990195	5.917047489E-05	0	99.99994083				-628.7738353	0.8323826229	NaN	
628.6138353	87	6	7	1	0.8323826229	97.8862911	0.6382041857	1.475504711				0	63.38009805	36.61990195	5.917047489E-05	0	99.99994083				-628.6138353	0.8323826229	NaN	
628.4538353	87	6	7	1	0.8323826229	97.8862911	0.6382041857	1.475504711				0	63.38009805	36.61990195	5.917047489E-05	0	99.99994083				-628.4538353	0.8323826229	NaN	
628.2938353	87	6	7	1	0.8323826229	97.8862911	0.6382041857	1.475504711				0	63.38009805	36.61990195	5.917047489E-05	0	99.99994083				-628.2938353	0.8323826229	NaN	
628.1338353	87	6	7	1	0.8323826229	97.8862911	0.6382041857	1.475504711				0	63.38009805	36.61990195	5.917047489E-05	0	99.99994083				-628.1338353	0.8323826229	NaN	
627.9738353	87	6	7	1	0.8323826229	97.8862911	0.6382041857	1.475504711				0	63.38009805	36.61990195	5.917047489E-05	0	99.99994083				-627.9738353	0.8323826229	NaN	
627.8138353	87	6	7	1	0.8323826229	97.8862911	0.6382041857	1.475504711				0	63.38009805	36.61990195	5.917047489E-05	0	99.99994083				-627.8138353	0.8323826229	NaN	
627.6538353	87	6	7	1	0.8323826229	97.8862911	0.6382041857	1.475504711				0	63.38009805	36.61990195	5.917047489E-05	0	99.99994083				-627.6538353	0.8323826229	NaN	
627.4938353	87	6	7	1	0.8323826229	97.8862911	0.6382041857	1.475504711				0	63.38009805	36.61990195	5.917047489E-05	0	99.99994083				-627.4938353	0.8323826229	NaN	
627.3338353	87	6	7	1	0.8323826229	97.8862911	0.6382041857	1.475504711				0	63.38009805	36.61990195	5.917047489E-05	0	99.99994083				-627.3338353	0.8323826229	NaN	
627.1738353	87	6	7	1	0.8323826229	97.8862911	0.6382041857	1.475504711				0	63.38009805	36.61990195	5.917047489E-05	0	99.99994083				-627.1738353	0.8323826229	NaN	
627.0138353	87	6	7	1	0.8323826229	97.8862911	0.6382041857	1.475504711				0	63.38009805	36.61990195	5.917047489E-05	0	99.99994083				-627.0138353	0.8323826229	NaN	
626.8538353	87	6	7	1	0.8323826229	97.8862911	0.6382041857	1.475504711				0	63.38009805	36.61990195	5.917047489E-05	0	99.99994083				-626.8538353	0.8323826229	NaN	
626.6938353	87	6	7	1	0.8323826229	97.8862911	0.6382041857	1.475504711				0	63.38009805	36.61990195	5.917047489E-05	0	99.99994083				-626.6938353	0.8323826229	NaN	
626.5338353	87	6	7	1	0.8323826229	97.8862911	0.6382041857	1.475504711				0	63.38009805	36.61990195	5.917047489E-05	0	99.99994083				-626.5338353	0.8323826229	NaN	
626.3738353	87	6	7	1	0.8323826229	97.8862911	0.6382041857	1.475504711				0	63.38009805	36.61990195	5.917047489E-05	0	99.99994083				-626.3738353	0.8323826229	NaN	
626.2138353	87	6	7	1	0.8323826229	97.8862911	0.6382041857	1.475504711				0	63.38009805	36.61990195	5.917047489E-05	0	99.99994083				-626.2138353	0.8323826229	NaN	
626.0538353	87	6	7	1	0.8323826229	97.8862911	0.6382041857	1.475504711				0	63.38009805	36.61990195	5.917047489E-05	0	99.99994083				-626.0538353	0.8323826229	NaN	
625.8938353	87	6	7	1	0.8323826229	97.8862911	0.6382041857	1.475504711				0	63.38009805	36.61990195	5.917047489E-05	0	99.99994083				-625.8938353	0.8323826229	NaN	
625.7338353	87	6	7	1	0.8323826229	97.8862911	0.6382041857	1.475504711				0	63.38009805	36.61990195	5.917047489E-05	0	99.99994083				-625.7338353	0.8323826229	NaN	
625.5738353	87	6	7	1	0.8323826229	97.8862911	0.6382041857	1.475504711				0	63.38009805	36.61990195	5.917047489E-05	0	99.99994083				-625.5738353	0.8323826229	NaN	
625.4138353	87	6	7	1	0.8323826229	97.8862911	0.6382041857	1.475504711				0	63.38009805	36.61990195	5.917047489E-05	0	99.99994083				-625.4138353	0.8323826229	NaN	
625.2538353	87	6	7	1	0.8323826229	97.8862911	0.6382041857	1.475504711				0	63.38009805	36.61990195	5.917047489E-05	0	99.99994083				-625.2538353	0.8323826229	NaN	
625.0938353	87	6	7	1	0.8323826229	97.8862911	0.6382041857	1.475504711				0	63.38009805	36.61990195	5.917047489E-05	0	99.99994083				-625.0938353	0.8323826229	NaN	
624.9338353	87	6	7	1	0.8323826229	97.8862911	0.6382041857	1.475504711				0	63.38009805	36.61990195	5.917047489E-05	0	99.99994083				-624.9338353	0.8323826229	NaN	
624.7738353	87	6	7	1	0.8323826229	97.8862911	0.6382041857	1.475504711				0	63.38009805	36.61990195	5.917047489E-05	0	99.99994083				-624.7738353	0.8323826229	NaN	
624.6138353	87	6	7	1	0.8323826229	97.8862911	0.6382041857	1.475504711				0	63.38009805	36.61990195	5.917047489E-05	0	99.99994083				-624.6138353	0.8323826229	NaN	
624.4538353	87	6	7	1	0.8323826229	97.8862911	0.6382041857	1.475504711				0	63.38009805	36.61990195	5.917047489E-05	0	99.99994083				-624.4538353	0.8323826229	NaN	
624.2938353	87	6	7	1	0.8323826229	97.8862911	0.6382041857	1.475504711				0	63.38009805	36.61990195	5.917047489E-05	0	99.99994083				-624.2938353	0.8323826229	NaN	
624.1338353	87	6	7	1	0.8323826229	97.8862911	0.6382041857	1.475504711				0	63.38009805	36.61990195	5.917047489E-05	0	99.99994083				-624.1338353	0.8323826229	NaN	
623.9738353	87	6	7	1	0.8323826229	97.8862911	0.6382041857	1.475504711				0	63.38009805	36.61990195	5.917047489E-05	0	99.99994083				-623.9738353	0.8323826229	NaN	
623.8138353	87	6	7	1	0.8323826229	97.8862911	0.6382041857	1.475504711				0	63.38009805	36.61990195	5.917047489E-05	0	99.99994083				-623.8138353	0.8323826229	NaN	
623.6538353	87	6	7	1	0.8323826229	97.8862911	0.6382041857	1.475504711				0	63.38009805	36.61990195	5.917047489E-05	0	99.99994083				-623.6538353	0.8323826229	NaN	
623.4938353	87	6	7	1	0.8323826229	97.8862911	0.6382041857	1.475504711				0	63.38009805	36.61990195	5.917047489E-05	0	99.99994083				-623.4938353	0.8323826229	NaN	
623.3338353	87	6	7	1	0.8323826229	97.8862911	0.6382041857	1.475504711				0	63.38009805	36.61990195	5.917047489E-05	0	99.99994083				-623.3338353	0.8323826229	NaN	
623.1738353	87	6	7	1	0.8323826229	97.8862911	0.6382041857	1.475504711				0	63.38009805	36.61990195	5.917047489E-05	0	99.99994083				-623.1738353	0.8323826229	NaN	
623.0138353	87	6	7	1	0.8323826229	97.8862911	0.6382041857	1.475504711				0	63.38009805	36.61990195	5.917047489E-05	0	99.99994083				-623.0138353	0.8323826229	NaN	
622.8538353	87	6	7	1	0.8323826229	97.8862911	0.6382041857	1.475504711				0	63.38009805	36.61990195	5.917047489E-05	0	99.99994083				-622.8538353	0.8323826229	NaN	
622.6938353	87	6	7	1	0.8323826229	97.8862911	0.6382041857	1.475504711				0	63.38009805	36.61990195	5.917047489E-05	0	99.99994083				-622.6938353	0.8323826229	NaN	
622.5338353	87	6	7	1	0.8323826229	97.8862911	0.6382041857	1.475504711				0	63.38009805	36.61990195	5.917047489E-05	0	99.99994083				-622.5338353	0.8323826229	NaN	
622.3738353	87	6	7	1	0.8323826229	97.8862911	0.6382041857	1.475504711				0	63.38009805	36.61990195	5.917047489E-05	0	99.99994083				-622.3738353	0.8323826229	NaN	
622.2138353	87	6	7	1	0.8323826229	97.8862911	0.6382041857	1.475504711				0	63.38009805	36.61990195	5.917047489E-05	0	99.99994083				-622.2138353	0.8323826229	NaN	
622.0538353	87	6	7	1	0.8323826229	97.8862911	0.6382041857	1.475504711				0	63.38009805	36.61990195	5.917047489E-05	0	99.99994083				-622.0538353	0.8323826229	NaN	
621.8938353	87	6	7	1	0.8323826229	97.8862911	0.6382041857	1.475504711				0	63.38009805	36.61990195	5.917047489E-05	0	99.99994083				-621.8938353	0.8323826229	NaN	
621.7338353	87	6	7	1	0.8323826229	97.8862911	0.6382041857	1.475504711				0	63.38009805	36.61990195	5.917047489E-05	0	99.99994083				-621.7338353	0.8323826229	NaN	
621.5738353	87	6	7	1	0.8323826229	97.8862911	0.6382041857	1.475504711				0	63.38009805	36.61990195	5.917047489E-05	0	99.99994083				-621.5738353	0.8323826229	NaN	
621.4138353	87	6	7	1	0.8323826229	97.8862911	0.6382041857	1.475504711				0	63.38009805	36.61990195	5.917047489E-05	0	99.99994083				-621.4138353	0.8323826229	NaN	
621.2538353	87	6	7	1	0.8323826229	97.8862911	0.6382041857	1.475504711				0	63.38009805	36.61990195	5.917047489E-05	0	99.99994083				-621.2538353	0.8323826229	NaN	
621.0938353	87	6	7	1	0.8323826229	97.8862911	0.6382041857	1.475504711				0	63.38009805	36.61990195	5.917047489E-05	0	99.99994083				-621.0938353	0.8323826229	NaN	
620.9338353	87	6	7	1	0.8323826229	97.8862911	0.6382041857	1.475504711				0	63.38009805	36.61990195	5.917047489E-05	0	99.99994083				-620.9338353	0.8323826229	NaN	
620.7738353	87	6	7	1	0.8323826229	97.8862911	0.6382041857	1.475504711				0	63.38009805	36.61990195	5.917047489E-05	0	99.99994083				-620.7738353	0.8323826229	NaN	
620.6138353	87	6	7	1	0.8323826229	97.8862911	0.6382041857	1.475504711				0	63.38009805	36.61990195	5.917047489E-05	0	99.99994083				-620.6138353	0.8323826229	NaN	
620.4538353	87	6	7	1	0.8323826229	97.8862911	0.6382041857	1.475504711				0	63.38009805	36.61990195	5.917047489E-05	0	99.99994083				-620.4538353	0.8323826229	NaN	
620.2938353	87	6	7	1	0.8323826229	97.8862911	0.6382041857	1.475504711				0	63.38009805	36.61990195	5.917047489E-05	0	99.99994083				-620.2938353	0.8323826229	NaN	
620.1338353	87	6	7	1	0.8323826229	97.8862911	0.6382041857	1.475504711				0	63.38009805	36.61990195	5.917047489E-05	0	99.99994083				-620.1338353	0.8323826229	NaN	
619.9738353	87	6	7	1	0.8323826229	97.8862911	0.6382041857	1.475504711				0	63.38009805	36.61990195	5.917047489E-05	0	99.99994083				-619.9738353	0.8323826229	NaN	
619.8138353	87	6	7	1	0.8323826229	97.8862911	0.6382041857	1.475504711				0	63.38009805	36.61990195	5.917047489E-05	0	99.99994083				-619.8138353	0.8323826229	NaN	
619.6538353	87	6	7	1	0.8323826229	97.8862911	0.6382041857	1.475504711				0	63.38009805	36.61990195	5.917047489E-05	0	99.99994083				-619.6538353	0.8323826229	NaN	
619.4938353	87	6	7	1	0.8323826229	97.8862911	0.6382041857	1.475504711				0	63.38009805	36.61990195	5.917047489E-05	0	99.99994083				-619.4938353	0.8323826229	NaN	
619.3338353	87	6	7	1	0.8323826229	97.8862911	0.6382041857	1.475504711				0	63.38009805	36.61990195	5.917047489E-05	0	99.99994083				-619.3338353	0.8323826229	NaN	
619.1738353	87	6	7	1	0.8323826229	97.8862911	0.6382041857	1.475504711				0	63.38009805	36.61990195	5.917047489E-05	0	99.99994083				-619.1738353	0.8323826229	NaN	
619.0138353	87	6	7	1	0.8323826229	97.8862911	0.6382041857	1.475504711				0	63.38009805	36.61990195	5.917047489E-05	0	99.99994083				-619.0138353	0.8323826229	NaN	
618.8538353	87	6	7	1	0.8323826229	97.8862911	0.6382041857	1.475504711				0	63.38009805	36.61990195	5.917047489E-05	0	99.99994083				-618.8538353	0.8323826229	NaN	
618.6938353	87	6	7	1	0.8323826229	97.8862911	0.6382041857	1.475504711				0	63.38009805	36.61990195	5.917047489E-05	0	99.99994083				-618.6938353	0.8323826229	NaN	
618.5338353	87	6	7	1	0.8323826229	97.8862911	0.6382041857	1.475504711				0	63.38009805	36.61990195	5.917047489E-05	0	99.99994083				-618.5338353	0.8323826229	NaN	
618.3738353	87	6	7	1	0.8323826229	97.8862911	0.6382041857	1.475504711				0	63.38009805	36.61990195	5.917047489E-05	0	99.99994083				-618.3738353	0.8323826229	NaN	
618.2138353	87	6	7	1	0.8323826229	97.8862911	0.6382041857	1.475504711				0	63.38009805	36.61990195	5.917047489E-05	0	99.99994083				-618.2138353	0.8323826229	NaN	
618.0538353	87	6	7	1	0.8323826229	97.8862911	0.6382041857	1.475504711				0	63.38009805	36.61990195	5.917047489E-05	0	99.99994083				-618.0538353	0.8323826229	NaN	
617.8938353	87	6	7	1	0.8323826229	97.8862911	0.6382041857	1.475504711				0	63.38009805	36.61990195	5.917047489E-05	0	99.99994083				-617.8938353	0.8323826229	NaN	
617.7338353	87	6	7	1	0.8323826229	97.8862911	0.6382041857	1.475504711				0	63.38009805	36.61990195	5.917047489E-05	0	99.99994083				-617.7338353	0.8323826229	NaN	
617.5738353	87	6	7	1	0.8323826229	97.8862911	0.6382041857	1.475504711				0	63.38009805	36.61990195	5.917047489E-05	0	99.99994083				-617.5738353	0.8323826229	NaN	
617.4138353	87	6	7	1	0.8323826229	97.8862911	0.6382041857	1.475504711				0	63.38009805	36.61990195	5.917047489E-05	0	99.99994083				-617.4138353	0.8323826229	NaN	
617.2538353	87	6	7	1	0.8323826229	97.8862911	0.6382041857	1.475504711				0	63.38009805	36.61990195	5.917047489E-05	0	99.99994083				-617.2538353	0.8323826229	NaN	
617.0938353	87	6	7	1	0.8323826229	97.8862911	0.6382041857	1.475504711				0	63.38009805	36.61990195	5.917047489E-05	0	99.99994083				-617.0938353	0.8323826229	NaN	
616.9338353	87	6	7	1	0.8323826229	97.8862911	0.6382041857	1.475504711				0	63.38009805	36.61990195	5.917047489E-05	0	99.99994083				-616.9338353	0.8323826229	NaN	
616.7738353	87	6	7	1	0.8323826229	97.8862911	0.6382041857	1.475504711				0	63.38009805	36.61990195	5.917047489E-05	0	99.99994083				-616.7738353	0.8323826229	NaN	
616.6138353	87	6	7	1	0.8323826229	97.8862911	0.6382041857	1.475504711				0	63.38009805	36.61990195	5.917047489E-05	0	99.99994083				-616.6138353	0.8323826229	NaN	
616.4538353	87	6	7	1	0.8323826229	97.8862911	0.6382041857	1.475504711				0	63.38009805	36.61990195	5.917047489E-05	0	99.99994083				-616.4538353	0.8323826229	NaN	
616.2938353	87	6	7	1	0.8323826229	97.8862911	0.6382041857	1.475504711				0	63.38009805	36.61990195	5.917047489E-05	0	99.99994083				-616.2938353	0.8323826229	NaN	
616.1338353	87	6	7	1	0.8323826229	97.8862911	0.6382041857	1.475504711				0	63.38009805	36.61990195	5.917047489E-05	0	99.99994083				-616.1338353	0.8323826229	NaN	
615.9738353	87	6	7	1	0.8323826229	97.8862911	0.6382041857	1.475504711				0	63.38009805	36.61990195	5.917047489E-05	0	99.99994083				-615.9738353	0.8323826229	NaN	
615.8138353	87	6	7	1	0.8323826229	97.8862911	0.6382041857	1.475504711				0	63.38009805	36.61990195	5.917047489E-05	0	99.99994083				-615.8138353	0.8323826229	NaN	
615.6538353	87	6	7	1	0.8323826229	97.8862911	0.6382041857	1.475504711				0	63.38009805	36.61990195	5.917047489E-05	0	99.99994083				-615.6538353	0.8323826229	NaN	
615.4938353	87	6	7	1	0.8323826229	97.8862911	0.6382041857	1.475504711				0	63.38009805	36.61990195	5.917047489E-05	0	99.99994083				-615.4938353	0.8323826229	NaN	
615.3338353	87	6	7	1	0.8323826229	97.8862911	0.6382041857	1.475504711				0	63.38009805	36.61990195	5.917047489E-05	0	99.99994083				-615.3338353	0.8323826229	NaN	
615.1738353	87	6	7	1	0.8323826229	97.8862911	0.6382041857	1.475504711				0	63.38009805	36.61990195	5.917047489E-05	0	99.99994083				-615.1738353	0.8323826229	NaN	
615.0138353	87	6	7	1	0.8323826229	97.8862911	0.6382041857	1.475504711				0	63.38009805	36.61990195	5.917047489E-05	0	99.99994083				-615.0138353	0.8323826229	NaN	
614.8538353	87	6	7	1	0.8323826229	97.8862911	0.6382041857	1.475504711				0	63.38009805	36.61990195	5.917047489E-05	0	99.99994083				-614.8538353	0.8323826229	NaN	
614.6938353	87	6	7	1	0.8323826229	97.8862911	0.6382041857	1.475504711				0	63.38009805	36.61990195	5.917047489E-05	0	99.99994083				-614.6938353	0.8323826229	NaN	
614.5338353	87	6	7	1	0.8323826229	97.8862911	0.6382041857	1.475504711				0	63.38009805	36.61990195	5.917047489E-05	0	99.99994083				-614.5338353	0.8323826229	NaN	
614.3738353	87	6	7	1	0.8323826229	97.8862911	0.6382041857	1.475504711				0	63.38009805	36.61990195	5.917047489E-05	0	99.99994083				-614.3738353	0.8323826229	NaN	
614.2138353	87	6	7	1	0.8323826229	97.8862911	0.6382041857	1.475504711				0	63.38009805	36.61990195	5.917047489E-05	0	99.99994083				-614.2138353	0.8323826229	NaN	
614.0538353	87	6	7	1	0.8323826229	97.8862911	0.6382041857	1.475504711				0	63.38009805	36.61990195	5.917047489E-05	0	99.99994083				-614.0538353	0.8323826229	NaN	
613.8938353	87	6	7	1	0.8323826229	97.8862911	0.6382041857	1.475504711				0	63.38009805	36.61990195	5.917047489E-05	0	99.99994083				-613.8938353	0.8323826229	NaN	
613.7338353	87	6	7	1	0.8323826229	97.8862911	0.6382041857	1.475504711				0	63.38009805	36.61990195	5.917047489E-05	0	99.99994083				-613.7338353	0.8323826229	NaN	
613.5738353	87	6	7	1	0.8323826229	97.8862911	0.6382041857	1.475504711				0	63.38009805	36.61990195	5.917047489E-05	0	99.99994083				-613.5738353	0.8323826229	NaN	
613.4138353	87	6	7	1	0.8323826229	97.8862911	0.6382041857	1.475504711				0	63.38009805	36.61990195	5.917047489E-05	0	99.99994083				-613.4138353	0.8323826229	NaN	
613.2538353	87	6	7	1	0.8323826229	97.8862911	0.6382041857	1.475504711				0	63.38009805	36.61990195	5.917047489E-05	0	99.99994083				-613.2538353	0.8323826229	NaN	
613.0938353	87	6	7	1	0.8323826229	97.8862911	0.6382041857	1.475504711				0	63.38009805	36.61990195	5.917047489E-05	0	99.99994083				-613.0938353	0.8323826229	NaN	
612.9338353	87	6	7	1	0.8323826229	97.8862911	0.6382041857	1.475504711				0	63.38009805	36.61990195	5.917047489E-05	0	99.99994083				-612.9338353	0.8323826229	NaN	
612.7738353	87	6	7	1	0.8323826229	97.8862911	0.6382041857	1.475504711				0	63.38009805	36.61990195	5.917047489E-05	0	99.99994083				-612.7738353	0.8323826229	NaN	
612.6138353	87	6	7	1	0.8323826229	97.8862911	0.6382041857	1.475504711				0	63.38009805	36.61990195	5.917047489E-05	0	99.99994083				-612.6138353	0.8323826229	NaN	
612.4538353	87	6	7	1	0.8323826229	97.8862911	0.6382041857	1.475504711				0	63.38009805	36.61990195	5.917047489E-05	0	99.99994083				-612.4538353	0.8323826229	NaN	
612.2938353	87	6	7	1	0.8323826229	97.8862911	0.6382041857	1.475504711				0	63.38009805	36.61990195	5.917047489E-05	0	99.99994083				-612.2938353	0.8323826229	NaN	
612.1338353	87	6	7	1	0.8323826229	97.8862911	0.6382041857	1.475504711				0	63.38009805	36.61990195	5.917047489E-05	0	99.99994083				-612.1338353	0.8323826229	NaN	
611.9738353	87	6	7	1	0.8323826229	97.8862911	0.6382041857	1.475504711				0	63.38009805	36.61990195	5.917047489E-05	0	99.99994083				-611.9738353	0.8323826229	NaN	
611.8138353	87	6	7	1	0.8323826229	97.8862911	0.6382041857	1.475504711				0	63.38009805	36.61990195	5.917047489E-05	0	99.99994083				-611.8138353	0.8323826229	NaN	
611.6538353	87	6	7	1	0.8323826229	97.8862911	0.6382041857	1.475504711				0	63.38009805	36.61990195	5.917047489E-05	0	99.99994083				-611.6538353	0.8323826229	NaN	
611.4938353	87	6	7	1	0.8323826229	97.8862911	0.6382041857	1.475504711				0	63.38009805	36.61990195	5.917047489E-05	0	99.99994083				-611.4938353	0.8323826229	NaN	
611.3338353	87	6	7	1	0.8323826229	97.8862911	0.6382041857	1.475504711				0	63.38009805	36.61990195	5.917047489E-05	0	99.99994083				-611.3338353	0.8323826229	NaN	
611.1738353	87	6	7	1	0.8323826229	97.8862911	0.6382041857	1.475504711				0	63.38009805	36.61990195	5.917047489E-05	0	99.99994083				-611.1738353	0.8323826229	NaN	
611.0138353	87	6	7	1	0.8323826229	97.8862911	0.6382041857	1.475504711				0	63.38009805	36.61990195	5.917047489E-05	0	99.99994083				-611.0138353	0.8323826229	NaN	
610.8538353	87	6	7	1	0.8323826229	97.8862911	0.6382041857	1.475504711				0	63.38009805	36.61990195	5.917047489E-05	0	99.99994083				-610.8538353	0.8323826229	NaN	
610.6938353	87	6	7	1	0.8323826229	97.8862911	0.6382041857	1.475504711				0	63.38009805	36.61990195	5.917047489E-05	0	99.99994083				-610.6938353	0.8323826229	NaN	
610.5338353	87	6	7	1	0.8323826229	97.8862911	0.6382041857	1.475504711				0	63.38009805	36.61990195	5.917047489E-05	0	99.99994083				-610.5338353	0.8323826229	NaN	
610.3738353	87	6	7	1	0.8323826229	97.8862911	0.6382041857	1.475504711				0	63.38009805	36.61990195	5.917047489E-05	0	99.99994083				-610.3738353	0.8323826229	NaN	
610.2138353	87	6	7	1	0.8323826229	97.8862911	0.6382041857	1.475504711				0	63.38009805	36.61990195	5.917047489E-05	0	99.99994083				-610.2138353	0.8323826229	NaN	
610.0538353	87	6	7	1	0.8323826229	97.8862911	0.6382041857	1.475504711				0	63.38009805	36.61990195	5.917047489E-05	0	99.99994083				-610.0538353	0.8323826229	NaN	
609.8938353	87	6	7	1	0.8323826229	97.8862911	0.6382041857	1.475504711				0	63.38009805	36.61990195	5.917047489E-05	0	99.99994083				-609.8938353	0.8323826229	NaN	
609.7338353	87	6	7	1	0.8323826229	97.8862911	0.6382041857	1.475504711				0	63.38009805	36.61990195	5.917047489E-05	0	99.99994083				-609.7338353	0.8323826229	NaN	
609.5738353	87	6	7	1	0.8323826229	97.8862911	0.6382041857	1.475504711				0	63.38009805	36.61990195	5.917047489E-05	0	99.99994083				-609.5738353	0.8323826229	NaN	
609.4138353	87	6	7	1	0.8323826229	97.8862911	0.6382041857	1.475504711				0	63.38009805	36.61990195	5.917047489E-05	0	99.99994083				-609.4138353	0.8323826229	NaN	
609.2538353	87	6	7	1	0.8323826229	97.8862911	0.6382041857	1.475504711				0	63.38009805	36.61990195	5.917047489E-05	0	99.99994083				-609.2538353	0.8323826229	NaN	
609.0938353	87	6	7	1	0.8323826229	97.8862911	0.6382041857	1.475504711				0	63.38009805	36.61990195	5.917047489E-05	0	99.99994083				-609.0938353	0.8323826229	NaN	
608.9338353	87	6	7	1	0.8323826229	97.8862911	0.6382041857	1.475504711				0	63.38009805	36.61990195	5.917047489E-05	0	99.99994083				-608.9338353	0.8323826229	NaN	
608.7738353	87	6	7	1	0.8323826229	97.8862911	0.6382041857	1.475504711				0	63.38009805	36.61990195	5.917047489E-05	0	99.99994083				-608.7738353	0.8323826229	NaN	
608.6138353	87	6	7	1	0.8323826229	97.8862911	0.6382041857	1.475504711				0	63.38009805	36.61990195	5.917047489E-05	0	99.99994083				-608.6138353	0.8323826229	NaN	
608.4538353	87	6	7	1	0.8323826229	97.8862911	0.6382041857	1.475504711				0	63.38009805	36.61990195	5.917047489E-05	0	99.99994083				-608.4538353	0.8323826229	NaN	
608.2938353	87	6	7	1	0.8323826229	97.8862911	0.6382041857	1.475504711				0	63.38009805	36.61990195	5.917047489E-05	0	99.99994083				-608.2938353	0.8323826229	NaN	
608.1338353	87	6	7	1	0.8323826229	97.8862911	0.6382041857	1.475504711				0	63.38009805	36.61990195	5.917047489E-05	0	99.99994083				-608.1338353	0.8323826229	NaN	
607.9738353	87	6	7	1	0.8323826229	97.8862911	0.6382041857	1.475504711				0	63.38009805	36.61990195	5.917047489E-05	0	99.99994083				-607.9738353	0.8323826229	NaN	
607.8138353	87	6	7	1	0.8323826229	97.8862911	0.6382041857	1.475504711				0	63.38009805	36.61990195	5.917047489E-05	0	99.99994083				-607.8138353	0.8323826229	NaN	
607.6538353	87	6	7	1	0.8323826229	97.8862911	0.6382041857	1.475504711				0	63.38009805	36.61990195	5.917047489E-05	0	99.99994083				-607.6538353	0.8323826229	NaN	
607.4938353	87	6	7	1	0.8323826229	97.8862911	0.6382041857	1.475504711				0	63.38009805	36.61990195	5.917047489E-05	0	99.99994083				-607.4938353	0.8323826229	NaN	
607.3338353	87	6	7	1	0.8323826229	97.8862911	0.6382041857	1.475504711				0	63.38009805	36.61990195	5.917047489E-05	0	99.99994083				-607.3338353	0.8323826229	NaN	
607.1738353	87	6	7	1	0.8323826229	97.8862911	0.6382041857	1.475504711				0	63.38009805	36.61990195	5.917047489E-05	0	99.99994083				-607.1738353	0.8323826229	NaN	
607.0138353	87	6	7	1	0.8323826229	97.8862911	0.6382041857	1.475504711				0	63.38009805	36.61990195	5.917047489E-05	0	99.99994083				-607.0138353	0.8323826229	NaN	
606.8538353	87	6	7	1	0.8323826229	97.8862911	0.6382041857	1.475504711				0	63.38009805	36.61990195	5.917047489E-05	0	99.99994083				-606.8538353	0.8323826229	NaN	
606.6938353	87	6	7	1	0.8323826229	97.8862911	0.6382041857	1.475504711				0	63.38009805	36.61990195	5.917047489E-05	0	99.99994083				-606.6938353	0.8323826229	NaN	
606.5338353	87	6	7	1	0.8323826229	97.8862911	0.6382041857	1.475504711				0	63.38009805	36.61990195	5.917047489E-05	0	99.99994083				-606.5338353	0.8323826229	NaN	
606.3738353	87	6	7	1	0.8323826229	97.8862911	0.6382041857	1.475504711				0	63.38009805	36.61990195	5.917047489E-05	0	99.99994083				-606.3738353	0.8323826229	NaN	
606.2138353	87	6	7	1	0.8323826229	97.8862911	0.6382041857	1.475504711				0	63.38009805	36.61990195	5.917047489E-05	0	99.99994083				-606.2138353	0.8323826229	NaN	
606.0538353	87	6	7	1	0.8323826229	97.8862911	0.6382041857	1.475504711				0	63.38009805	36.61990195	5.917047489E-05	0	99.99994083				-606.0538353	0.8323826229	NaN	
605.8938353	87	6	7	1	0.8323826229	97.8862911	0.6382041857	1.475504711				0	63.38009805	36.61990195	5.917047489E-05	0	99.99994083				-605.8938353	0.8323826229	NaN	
605.7338353	87	6	7	1	0.8323826229	97.8862911	0.6382041857	1.475504711				0	63.38009805	36.61990195	5.917047489E-05	0	99.99994083				-605.7338353	0.8323826229	NaN	
605.5738353	87	6	7	1	0.8323826229	97.8862911	0.6382041857	1.475504711				0	63.38009805	36.61990195	5.917047489E-05	0	99.99994083				-605.5738353	0.8323826229	NaN	
605.4138353	87	6	7	1	0.8323826229	97.8862911	0.6382041857	1.475504711				0	63.38009805	36.61990195	5.917047489E-05	0	99.99994083				-605.4138353	0.8323826229	NaN	
605.2538353	87	6	7	1	0.8323826229	97.8862911	0.6382041857	1.475504711				0	63.38009805	36.61990195	5.917047489E-05	0	99.99994083				-605.2538353	0.8323826229	NaN	
605.0938353	87	6	7	1	0.8323826229	97.8862911	0.6382041857	1.475504711				0	63.38009805	36.61990195	5.917047489E-05	0	99.99994083				-605.0938353	0.8323826229	NaN	
604.9338353	87	6	7	1	0.8323826229	97.8862911	0.6382041857	1.475504711				0	63.38009805	36.61990195	5.917047489E-05	0	99.99994083				-604.9338353	0.8323826229	NaN	
604.7738353	87	6	7	1	0.8323826229	97.8862911	0.6382041857	1.475504711				0	63.38009805	36.61990195	5.917047489E-05	0	99.99994083				-604.7738353	0.8323826229	NaN	
604.6138353	87	6	7	1	0.8323826229	97.8862911	0.6382041857	1.475504711				0	63.38009805	36.61990195	5.917047489E-05	0	99.99994083				-604.6138353	0.8323826229	NaN	
604.4538353	87	6	7	1	0.8323826229	97.8862911	0.6382041857	1.475504711				0	63.38009805	36.61990195	5.917047489E-05	0	99.99994083				-604.4538353	0.8323826229	NaN	
604.2938353	87	6	7	1	0.8323826229	97.8862911	0.6382041857	1.475504711				0	63.38009805	36.61990195	5.917047489E-05	0	99.99994083				-604.2938353	0.8323826229	NaN	
604.1338353	87	6	7	1	0.8323826229	97.8862911	0.6382041857	1.475504711				0	63.38009805	36.61990195	5.917047489E-05	0	99.99994083				-604.1338353	0.8323826229	NaN	
603.9738353	87	6	7	1	0.8323826229	97.8862911	0.6382041857	1.475504711				0	63.38009805	36.61990195	5.917047489E-05	0	99.99994083				-603.9738353	0.8323826229	NaN	
603.8138353	87	6	7	1	0.8323826229	97.8862911	0.6382041857	1.475504711				0	63.38009805	36.61990195	5.917047489E-05	0	99.99994083				-603.8138353	0.8323826229	NaN	
603.6538353	87	6	7	1	0.8323826229	97.8862911	0.6382041857	1.475504711				0	63.38009805	36.61990195	5.917047489E-05	0	99.99994083				-603.6538353	0.8323826229	NaN	
603.4938353	87	6	7	1	0.8323826229	97.8862911	0.6382041857	1.475504711				0	63.38009805	36.61990195	5.917047489E-05	0	99.99994083				-603.4938353	0.8323826229	NaN	
603.3338353	87	6	7	1	0.8323826229	97.8862911	0.6382041857	1.475504711				0	63.38009805	36.61990195	5.917047489E-05	0	99.99994083				-603.3338353	0.8323826229	NaN	
603.1738353	87	6	7	1	0.8323826229	97.8862911	0.6382041857	1.475504711				0	63.38009805	36.61990195	5.917047489E-05	0	99.99994083				-603.1738353	0.8323826229	NaN	
603.0138353	87	6	7	1	0.8323826229	97.8862911	0.6382041857	1.475504711				0	63.38009805	36.61990195	5.917047489E-05	0	99.99994083				-603.0138353	0.8323826229	NaN	
602.8538353	87	6	7	1	0.8323826229	97.8862911	0.6382041857	1.475504711				0	63.38009805	36.61990195	5.917047489E-05	0	99.99994083				-602.8538353	0.8323826229	NaN	
602.6938353	87	6	7	1	0.8323826229	97.8862911	0.6382041857	1.475504711				0	63.38009805	36.61990195	5.917047489E-05	0	99.99994083				-602.6938353	0.8323826229	NaN	
602.5338353	87	6	7	1	0.8323826229	97.8862911	0.6382041857	1.475504711				0	63.38009805	36.61990195	5.917047489E-05	0	99.99994083				-602.5338353	0.8323826229	NaN	
602.3738353	87	6	7	1	0.8323826229	97.8862911	0.6382041857	1.475504711				0	63.38009805	36.61990195	5.917047489E-05	0	99.99994083				-602.3738353	0.8323826229	NaN	
602.2138353	87	6	7	1	0.8323826229	97.8862911	0.6382041857	1.475504711				0	63.38009805	36.61990195	5.917047489E-05	0	99.99994083				-602.2138353	0.8323826229	NaN	
602.0538353	87	6	7	1	0.8323826229	97.8862911	0.6382041857	1.475504711				0	63.38009805	36.61990195	5.917047489E-05	0	99.99994083				-602.0538353	0.8323826229	NaN	
601.8938353	87	6	7	1	0.8323826229	97.8862911	0.6382041857	1.475504711				0	63.38009805	36.61990195	5.917047489E-05	0	99.99994083				-601.8938353	0.8323826229	NaN	
601.7338353	87	6	7	1	0.8323826229	97.8862911	0.6382041857	1.475504711				0	63.38009805	36.61990195	5.917047489E-05	0	99.99994083				-601.7338353	0.8323826229	NaN	
601.5738353	87	6	7	1	0.8323826229	97.8862911	0.6382041857	1.475504711				0	63.38009805	36.61990195	5.917047489E-05	0	99.99994083				-601.5738353	0.8323826229	NaN	
601.4138353	87	6	7	1	0.8323826229	97.8862911	0.6382041857	1.475504711				0	63.38009805	36.61990195	5.917047489E-05	0	99.99994083				-601.4138353	0.8323826229	NaN	
601.2538353	87	6	7	1	0.8323826229	97.8862911	0.6382041857	1.475504711				0	63.38009805	36.61990195	5.917047489E-05	0	99.99994083				-601.2538353	0.8323826229	NaN	
601.0938353	87	6	7	1	0.8323826229	97.8862911	0.6382041857	1.475504711				0	63.38009805	36.61990195	5.917047489E-05	0	99.99994083				-601.0938353	0.8323826229	NaN	
600.9338353	87	6	7	1	0.8323826229	97.8862911	0.6382041857	1.475504711				0	63.38009805	36.61990195	5.917047489E-05	0	99.99994083				-600.9338353	0.8323826229	NaN	
600.7738353	87	6	7	1	0.8323826229	97.8862911	0.6382041857	1.475504711				0	63.38009805	36.61990195	5.917047489E-05	0	99.99994083				-600.7738353	0.8323826229	NaN	
600.6138353	87	6	7	1	0.8323826229	97.8862911	0.6382041857	1.475504711				0	63.38009805	36.61990195	5.917047489E-05	0	99.99994083				-600.6138353	0.8323826229	NaN	
600.4538353	87	6	7	1	0.8323826229	97.8862911	0.6382041857	1.475504711				0	63.38009805	36.61990195	5.917047489E-05	0	99.99994083				-600.4538353	0.8323826229	NaN	
600.2938353	87	6	7	1	0.8323826229	97.8862911	0.6382041857	1.475504711				0	63.38009805	36.61990195	5.917047489E-05	0	99.99994083				-600.2938353	0.8323826229	NaN	
600.1338353	87	6	7	1	0.8323826229	97.8862911	0.6382041857	1.475504711				0	63.38009805	36.61990195	5.917047489E-05	0	99.99994083				-600.1338353	0.8323826229	NaN	
599.9738353	87	6	7	1	0.8323826229	97.8862911	0.6382041857	1.475504711				0	63.38009805	36.61990195	5.917047489E-05	0	99.99994083				-599.9738353	0.8323826229	NaN	
599.8138353	87	6	7	1	0.8323826229	97.8862911	0.6382041857	1.475504711				0	63.38009805	36.61990195	5.917047489E-05	0	99.99994083				-599.8138353	0.8323826229	NaN	
599.6538353	87	6	7	1	0.8323826229	97.8862911	0.6382041857	1.475504711				0	63.38009805	36.61990195	5.917047489E-05	0	99.99994083				-599.6538353	0.8323826229	NaN	
599.4938353	87	6	7	1	0.8323826229	97.8862911	0.6382041857	1.475504711				0	63.38009805	36.61990195	5.917047489E-05	0	99.99994083				-599.4938353	0.8323826229	NaN	
599.3338353	87	6	7	1	0.8323826229	97.8862911	0.6382041857	1.475504711				0	63.38009805	36.61990195	5.917047489E-05	0	99.99994083				-599.3338353	0.8323826229	NaN	
599.1738353	87	6	7	1	0.8323826229	97.8862911	0.6382041857	1.475504711				0	63.38009805	36.61990195	5.917047489E-05	0	99.99994083				-599.1738353	0.8323826229	NaN	
599.0138353	87	6	7	1	0.8323826229	97.8862911	0.6382041857	1.475504711				0	63.38009805	36.61990195	5.917047489E-05	0	99.99994083				-599.0138353	0.8323826229	NaN	
598.8538353	87	6	7	1	0.8323826229	97.8862911	0.6382041857	1.475504711				0	63.38009805	36.61990195	5.917047489E-05	0	99.99994083				-598.8538353	0.8323826229	NaN	
598.6938353	87	6	7	1	0.8323826229	97.8862911	0.6382041857	1.475504711				0	63.38009805	36.61990195	5.917047489E-05	0	99.99994083				-598.6938353	0.8323826229	NaN	
598.5338353	87	6	7	1	0.8323826229	97.8862911	0.6382041857	1.475504711				0	63.38009805	36.61990195	5.917047489E-05	0	99.99994083				-598.5338353	0.8323826229	NaN	
598.3738353	87	6	7	1	0.8323826229	97.8862911	0.6382041857	1.475504711				0	63.38009805	36.61990195	5.917047489E-05	0	99.99994083				-598.3738353	0.8323826229	NaN	
598.2138353	87	6	7	1	0.8323826229	97.8862911	0.6382041857	1.475504711				0	63.38009805	36.61990195	5.917047489E-05	0	99.99994083				-598.2138353	0.8323826229	NaN	
598.0538353	87	6	7	1	0.8323826229	97.8862911	0.6382041857	1.475504711				0	63.38009805	36.61990195	5.917047489E-05	0	99.99994083				-598.0538353	0.8323826229	NaN	
597.8938353	87	6	7	1	0.8323826229	97.8862911	0.6382041857	1.475504711				0	63.38009805	36.61990195	5.917047489E-05	0	99.99994083				-597.8938353	0.8323826229	NaN	
597.7338353	87	6	7	1	0.8323826229	97.8862911	0.6382041857	1.475504711				0	63.38009805	36.61990195	5.917047489E-05	0	99.99994083				-597.7338353	0.8323826229	NaN	
597.5738353	87	6	7	1	0.8323826229	97.8862911	0.6382041857	1.475504711				0	63.38009805	36.61990195	5.917047489E-05	0	99.99994083				-597.5738353	0.8323826229	NaN	
597.4138353	87	6	7	1	0.8323826229	97.8862911	0.6382041857	1.475504711				0	63.38009805	36.61990195	5.917047489E-05	0	99.99994083				-597.4138353	0.8323826229	NaN	
597.2538353	87	6	7	1	0.8323826229	97.8862911	0.6382041857	1.475504711				0	63.38009805	36.61990195	5.917047489E-05	0	99.99994083				-597.2538353	0.8323826229	NaN	
597.0938353	87	6	7	1	0.8323826229	97.8862911	0.6382041857	1.475504711				0	63.38009805	36.61990195	5.917047489E-05	0	99.99994083				-597.0938353	0.8323826229	NaN	
596.9338353	87	6	7	1	0.8323826229	97.8862911	0.6382041857	1.475504711				0	63.38009805	36.61990195	5.917047489E-05	0	99.99994083				-596.9338353	0.8323826229	NaN	
596.7738353	87	6	7	1	0.8323826229	97.8862911	0.6382041857	1.475504711				0	63.38009805	36.61990195	5.917047489E-05	0	99.99994083				-596.7738353	0.8323826229	NaN	
596.6138353	87	6	7	1	0.8323826229	97.8862911	0.6382041857	1.475504711				0	63.38009805	36.61990195	5.917047489E-05	0	99.99994083				-596.6138353	0.8323826229	NaN	
596.4538353	87	6	7	1	0.8323826229	97.8862911	0.6382041857	1.475504711				0	63.38009805	36.61990195	5.917047489E-05	0	99.99994083				-596.4538353	0.8323826229	NaN	
596.2938353	87	6	7	1	0.8323826229	97.8862911	0.6382041857	1.475504711				0	63.38009805	36.61990195	5.917047489E-05	0	99.99994083				-596.2938353	0.8323826229	NaN	
596.1338353	87	6	7	1	0.8323826229	97.8862911	0.6382041857	1.475504711				0	63.38009805	36.61990195	5.917047489E-05	0	99.99994083				-596.1338353	0.8323826229	NaN	
595.9738353	87	6	7	1	0.8323826229	97.8862911	0.6382041857	1.475504711				0	63.38009805	36.61990195	5.917047489E-05	0	99.99994083				-595.9738353	0.8323826229	NaN	
595.8138353	87	6	7	1	0.8323826229	97.8862911	0.6382041857	1.475504711				0	63.38009805	36.61990195	5.917047489E-05	0	99.99994083				-595.8138353	0.8323826229	NaN	
595.6538353	87	6	7	1	0.8323826229	97.8862911	0.6382041857	1.475504711				0	63.38009805	36.61990195	5.917047489E-05	0	99.99994083				-595.6538353	0.8323826229	NaN	
595.4938353	87	6	7	1	0.8323826229	97.8862911	0.6382041857	1.475504711				0	63.38009805	36.61990195	5.917047489E-05	0	99.99994083				-595.4938353	0.8323826229	NaN	
595.3338353	87	6	7	1	0.8323826229	97.8862911	0.6382041857	1.475504711				0	63.38009805	36.61990195	5.917047489E-05	0	99.99994083				-595.3338353	0.8323826229	NaN	
595.1738353	87	6	7	1	0.8323826229	97.8862911	0.6382041857	1.475504711				0	63.38009805	36.61990195	5.917047489E-05	0	99.99994083				-595.1738353	0.8323826229	NaN	
595.0138353	87	6	7	1	0.8323826229	97.8862911	0.6382041857	1.475504711				0	63.38009805	36.61990195	5.917047489E-05	0	99.99994083				-595.0138353	0.8323826229	NaN	
594.8538353	87	6	7	1	0.8323826229	97.8862911	0.6382041857	1.475504711				0	63.38009805	36.61990195	5.917047489E-05	0	99.99994083				-594.8538353	0.8323826229	NaN	
594.6938353	87	6	7	1	0.8323826229	97.8862911	0.6382041857	1.475504711				0	63.38009805	36.61990195	5.917047489E-05	0	99.99994083				-594.6938353	0.8323826229	NaN	
594.5338353	87	6	7	1	0.8323826229	97.8862911	0.6382041857	1.475504711				0	63.38009805	36.61990195	5.917047489E-05	0	99.99994083				-594.5338353	0.8323826229	NaN	
594.3738353	87	6	7	1	0.8323826229	97.8862911	0.6382041857	1.475504711				0	63.38009805	36.61990195	5.917047489E-05	0	99.99994083				-594.3738353	0.8323826229	NaN	
594.2138353	87	6	7	1	0.8323826229	97.8862911	0.6382041857	1.475504711				0	63.38009805	36.61990195	5.917047489E-05	0	99.99994083				-594.2138353	0.8323826229	NaN	
594.0538353	87	6	7	1	0.8323826229	97.8862911	0.6382041857	1.475504711				0	63.38009805	36.61990195	5.917047489E-05	0	99.99994083				-594.0538353	0.8323826229	NaN	
593.8938353	87	6	7	1	0.8323826229	97.8862911	0.6382041857	1.475504711				0	63.38009805	36.61990195	5.917047489E-05	0	99.99994083				-593.8938353	0.8323826229	NaN	
593.7338353	87	6	7	1	0.8323826229	97.8862911	0.6382041857	1.475504711				0	63.38009805	36.61990195	5.917047489E-05	0	99.99994083				-593.7338353	0.8323826229	NaN	
593.5738353	87	6	7	1	0.8323826229	97.8862911	0.6382041857	1.475504711				0	63.38009805	36.61990195	5.917047489E-05	0	99.99994083				-593.5738353	0.8323826229	NaN	
593.4138353	87	6	7	1	0.8323826229	97.8862911	0.6382041857	1.475504711				0	63.38009805	36.61990195	5.917047489E-05	0	99.99994083				-593.4138353	0.8323826229	NaN	
593.2538353	87	6	7	1	0.8323826229	97.8862911	0.6382041857	1.475504711				0	63.38009805	36.61990195	5.917047489E-05	0	99.99994083				-593.2538353	0.8323826229	NaN	
593.0938353	87	6	7	1	0.8323826229	97.8862911	0.6382041857	1.475504711				0	63.38009805	36.61990195	5.917047489E-05	0	99.99994083				-593.0938353	0.8323826229	NaN	
592.9338353	87	6	7	1	0.8323826229	97.8862911	0.6382041857	1.475504711				0	63.38009805	36.61990195	5.917047489E-05	0	99.99994083				-592.9338353	0.8323826229	NaN	
592.7738353	87	6	7	1	0.8323826229	97.8862911	0.6382041857	1.475504711				0	63.38009805	36.61990195	5.917047489E-05	0	99.99994083				-592.7738353	0.8323826229	NaN	
592.6138353	87	6	7	1	0.8323826229	97.8862911	0.6382041857	1.475504711				0	63.38009805	36.61990195	5.917047489E-05	0	99.99994083				-592.6138353	0.8323826229	NaN	
592.4538353	87	6	7	1	0.8323826229	97.8862911	0.6382041857	1.475504711				0	63.38009805	36.61990195	5.917047489E-05	0	99.99994083				-592.4538353	0.8323826229	NaN	
592.2938353	87	6	7	1	0.8323826229	97.8862911	0.6382041857	1.475504711				0	63.38009805	36.61990195	5.917047489E-05	0	99.99994083				-592.2938353	0.8323826229	NaN	
592.1338353	87	6	7	1	0.8323826229	97.8862911	0.6382041857	1.475504711				0	63.38009805	36.61990195	5.917047489E-05	0	99.99994083				-592.1338353	0.8323826229	NaN	
591.9738353	87	6	7	1	0.8323826229	97.8862911	0.6382041857	1.475504711				0	63.38009805	36.61990195	5.917047489E-05	0	99.99994083				-591.9738353	0.8323826229	NaN	
591.8138353	87	6	7	1	0.8323826229	97.8862911	0.6382041857	1.475504711				0	63.38009805	36.61990195	5.917047489E-05	0	99.99994083				-591.8138353	0.8323826229	NaN	
591.6538353	87	6	7	1	0.8323826229	97.8862911	0.6382041857	1.475504711				0	63.38009805	36.61990195	5.917047489E-05	0	99.99994083				-591.6538353	0.8323826229	NaN	
591.4938353	87	6	7	1	0.8323826229	97.8862911	0.6382041857	1.475504711				0	63.38009805	36.61990195	5.917047489E-05	0	99.99994083				-591.4938353	0.8323826229	NaN	
591.3338353	87	6	7	1	0.8323826229	97.8862911	0.6382041857	1.475504711				0	63.38009805	36.61990195	5.917047489E-05	0	99.99994083				-591.3338353	0.8323826229	NaN	
591.1738353	87	6	7	1	0.8323826229	97.8862911	0.6382041857	1.475504711				0	63.38009805	36.61990195	5.917047489E-05	0	99.99994083				-591.1738353	0.8323826229	NaN	
591.0138353	87	6	7	1	0.8323826229	97.8862911	0.6382041857	1.475504711				0	63.38009805	36.61990195	5.917047489E-05	0	99.99994083				-591.0138353	0.8323826229	NaN	
590.8538353	87	6	7	1	0.8323826229	97.8862911	0.6382041857	1.475504711				0	63.38009805	36.61990195	5.917047489E-05	0	99.99994083				-590.8538353	0.8323826229	NaN	
590.6938353	87	6	7	1	0.8323826229	97.8862911	0.6382041857	1.475504711				0	63.38009805	36.61990195	5.917047489E-05	0	99.99994083				-590.6938353	0.8323826229	NaN	
590.5338353	87	6	7	1	0.8323826229	97.8862911	0.6382041857	1.475504711				0	63.38009805	36.61990195	5.917047489E-05	0	99.99994083				-590.5338353	0.8323826229	NaN	
590.3738353	87	6	7	1	0.8323826229	97.8862911	0.6382041857	1.475504711				0	63.38009805	36.61990195	5.917047489E-05	0	99.99994083				-590.3738353	0.8323826229	NaN	
590.2138353	87	6	7	1	0.8323826229	97.8862911	0.6382041857	1.475504711				0	63.38009805	36.61990195	5.917047489E-05	0	99.99994083				-590.2138353	0.8323826229	NaN	
590.0538353	87	6	7	1	0.8323826229	97.8862911	0.6382041857	1.475504711				0	63.38009805	36.61990195	5.917047489E-05	0	99.99994083				-590.0538353	0.8323826229	NaN	
589.8938353	87	6	7	1	0.8323826229	97.8862911	0.6382041857	1.475504711				0	63.38009805	36.61990195	5.917047489E-05	0	99.99994083				-589.8938353	0.8323826229	NaN	
589.7338353	87	6	7	1	0.8323826229	97.8862911	0.6382041857	1.475504711				0	63.38009805	36.61990195	5.917047489E-05	0	99.99994083				-589.7338353	0.8323826229	NaN	
589.5738353	87	6	7	1	0.8323826229	97.8862911	0.6382041857	1.475504711				0	63.38009805	36.61990195	5.917047489E-05	0	99.99994083				-589.5738353	0.8323826229	NaN	
589.4138353	87	6	7	1	0.8323826229	97.8862911	0.6382041857	1.475504711				0	63.38009805	36.61990195	5.917047489E-05	0	99.99994083				-589.4138353	0.8323826229	NaN	
589.2538353	87	6	7	1	0.8323826229	97.8862911	0.6382041857	1.475504711				0	63.38009805	36.61990195	5.917047489E-05	0	99.99994083				-589.2538353	0.8323826229	NaN	
589.0938353	87	6	7	1	0.8323826229	97.8862911	0.6382041857	1.475504711				0	63.38009805	36.61990195	5.917047489E-05	0	99.99994083				-589.0938353	0.8323826229	NaN	
588.9338353	87	6	7	1	0.8323826229	97.8862911	0.6382041857	1.475504711				0	63.38009805	36.61990195	5.917047489E-05	0	99.99994083				-588.9338353	0.8323826229	NaN	
588.7738353	87	6	7	1	0.8323826229	97.8862911	0.6382041857	1.475504711				0	63.38009805	36.61990195	5.917047489E-05	0	99.99994083				-588.7738353	0.8323826229	NaN	
588.6138353	87	6	7	1	0.8323826229	97.8862911	0.6382041857	1.475504711				0	63.38009805	36.61990195	5.917047489E-05	0	99.99994083				-588.6138353	0.8323826229	NaN	
588.4538353	87	6	7	1	0.8323826229	97.8862911	0.6382041857	1.475504711				0	63.38009805	36.61990195	5.917047489E-05	0	99.99994083				-588.4538353	0.8323826229	NaN	
588.2938353	87	6	7	1	0.8323826229	97.8862911	0.6382041857	1.475504711				0	63.38009805	36.61990195	5.917047489E-05	0	99.99994083				-588.2938353	0.8323826229	NaN	
588.1338353	87	6	7	1	0.8323826229	97.8862911	0.6382041857	1.475504711				0	63.38009805	36.61990195	5.917047489E-05	0	99.99994083				-588.1338353	0.8323826229	NaN	
587.9738353	87	6	7	1	0.8323826229	97.8862911	0.6382041857	1.475504711				0	63.38009805	36.61990195	5.917047489E-05	0	99.99994083				-587.9738353	0.8323826229	NaN	
587.8138353	87	6	7	1	0.8323826229	97.8862911	0.6382041857	1.475504711				0	63.38009805	36.61990195	5.917047489E-05	0	99.99994083				-587.8138353	0.8323826229	NaN	
587.6538353	87	6	7	1	0.8323826229	97.8862911	0.6382041857	1.475504711				0	63.38009805	36.61990195	5.917047489E-05	0	99.99994083				-587.6538353	0.8323826229	NaN	
587.4938353	87	6	7	1	0.8323826229	97.8862911	0.6382041857	1.475504711				0	63.38009805	36.61990195	5.917047489E-05	0	99.99994083				-587.4938353	0.8323826229	NaN	
587.3338353	87	6	7	1	0.8323826229	97.8862911	0.6382041857	1.475504711				0	63.38009805	36.61990195	5.917047489E-05	0	99.99994083				-587.3338353	0.8323826229	NaN	
587.1738353	87	6	7	1	0.8323826229	97.8862911	0.6382041857	1.475504711				0	63.38009805	36.61990195	5.917047489E-05	0	99.99994083				-587.1738353	0.8323826229	NaN	
587.0138353	87	6	7	1	0.8323826229	97.8862911	0.6382041857	1.475504711				0	63.38009805	36.61990195	5.917047489E-05	0	99.99994083				-587.0138353	0.8323826229	NaN	
586.8538353	87	6	7	1	0.8323826229	97.8862911	0.6382041857	1.475504711				0	63.38009805	36.61990195	5.917047489E-05	0	99.99994083				-586.8538353	0.8323826229	NaN	
586.6938353	87	6	7	1	0.8323826229	97.8862911	0.6382041857	1.475504711				0	63.38009805	36.61990195	5.917047489E-05	0	99.99994083				-586.6938353	0.8323826229	NaN	
586.5338353	87	6	7	1	0.8323826229	97.8862911	0.6382041857	1.475504711				0	63.38009805	36.61990195	5.917047489E-05	0	99.99994083				-586.5338353	0.8323826229	NaN	
586.3738353	87	6	7	1	0.8323826229	97.8862911	0.6382041857	1.475504711				0	63.38009805	36.61990195	5.917047489E-05	0	99.99994083				-586.3738353	0.8323826229	NaN	
586.2138353	87	6	7	1	0.8323826229	97.8862911	0.6382041857	1.475504711				0	63.38009805	36.61990195	5.917047489E-05	0	99.99994083				-586.2138353	0.8323826229	NaN	
586.0538353	87	6	7	1	0.8323826229	97.8862911	0.6382041857	1.475504711				0	63.38009805	36.61990195	5.917047489E-05	0	99.99994083				-586.0538353	0.8323826229	NaN	
585.8938353	87	6	7	1	0.8323826229	97.8862911	0.6382041857	1.475504711				0	63.38009805	36.61990195	5.917047489E-05	0	99.99994083				-585.8938353	0.8323826229	NaN	
585.7338353	87	6	7	1	0.8323826229	97.8862911	0.6382041857	1.475504711				0	63.38009805	36.61990195	5.917047489E-05	0	99.99994083				-585.7338353	0.8323826229	NaN	
585.5738353	87	6	7	1	0.8323826229	97.8862911	0.6382041857	1.475504711				0	63.38009805	36.61990195	5.917047489E-05	0	99.99994083				-585.5738353	0.8323826229	NaN	
585.4138353	87	6	7	1	0.8323826229	97.8862911	0.6382041857	1.475504711				0	63.38009805	36.61990195	5.917047489E-05	0	99.99994083				-585.4138353	0.8323826229	NaN	
585.2538353	87	6	7	1	0.8323826229	97.8862911	0.6382041857	1.475504711				0	63.38009805	36.61990195	5.917047489E-05	0	99.99994083				-585.2538353	0.8323826229	NaN	
585.0938353	87	6	7	1	0.8323826229	97.8862911	0.6382041857	1.475504711				0	63.38009805	36.61990195	5.917047489E-05	0	99.99994083				-585.0938353	0.8323826229	NaN	
584.9338353	87	6	7	1	0.8323826229	97.8862911	0.6382041857	1.475504711				0	63.38009805	36.61990195	5.917047489E-05	0	99.99994083				-584.9338353	0.8323826229	NaN	
584.7738353	87	6	7	1	0.8323826229	97.8862911	0.6382041857	1.475504711				0	63.38009805	36.61990195	5.917047489E-05	0	99.99994083				-584.7738353	0.8323826229	NaN	
584.6138353	87	6	7	1	0.8323826229	97.8862911	0.6382041857	1.475504711				0	63.38009805	36.61990195	5.917047489E-05	0	99.99994083				-584.6138353	0.8323826229	NaN	
584.4538353	87	6	7	1	0.8323826229	97.8862911	0.6382041857	1.475504711				0	63.38009805	36.61990195	5.917047489E-05	0	99.99994083				-584.4538353	0.8323826229	NaN	
584.2938353	87	6	7	1	0.8323826229	97.8862911	0.6382041857	1.475504711				0	63.38009805	36.61990195	5.917047489E-05	0	99.99994083				-584.2938353	0.8323826229	NaN	
584.1338353	87	6	7	1	0.8323826229	97.8862911	0.6382041857	1.475504711				0	63.38009805	36.61990195	5.917047489E-05	0	99.99994083				-584.1338353	0.8323826229	NaN	
583.9738353	87	6	7	1	0.8323826229	97.8862911	0.6382041857	1.475504711				0	63.38009805	36.61990195	5.917047489E-05	0	99.99994083				-583.9738353	0.8323826229	NaN	
583.8138353	87	6	7	1	0.8323826229	97.8862911	0.6382041857	1.475504711				0	63.38009805	36.61990195	5.917047489E-05	0	99.99994083				-583.8138353	0.8323826229	NaN	
583.6538353	87	6	7	1	0.8323826229	97.8862911	0.6382041857	1.475504711				0	63.38009805	36.61990195	5.917047489E-05	0	99.99994083				-583.6538353	0.8323826229	NaN	
583.4938353	87	6	7	1	0.8323826229	97.8862911	0.6382041857	1.475504711				0	63.38009805	36.61990195	5.917047489E-05	0	99.99994083				-583.4938353	0.8323826229	NaN	
583.3338353	87	6	7	1	0.8323826229	97.8862911	0.6382041857	1.475504711				0	63.38009805	36.61990195	5.917047489E-05	0	99.99994083				-583.3338353	0.8323826229	NaN	
583.1738353	87	6	7	1	0.8323826229	97.8862911	0.6382041857	1.475504711				0	63.38009805	36.61990195	5.917047489E-05	0	99.99994083				-583.1738353	0.8323826229	NaN	
583.0138353	87	6	7	1	0.8323826229	97.8862911	0.6382041857	1.475504711				0	63.38009805	36.61990195	5.917047489E-05	0	99.99994083				-583.0138353	0.8323826229	NaN	
582.8538353	87	6	7	1	0.8323826229	97.8862911	0.6382041857	1.475504711				0	63.38009805	36.61990195	5.917047489E-05	0	99.99994083				-582.8538353	0.8323826229	NaN	
582.6938353	87	6	7	1	0.8323826229	97.8862911	0.6382041857	1.475504711				0	63.38009805	36.61990195	5.917047489E-05	0	99.99994083				-582.6938353	0.8323826229	NaN	
582.5338353	87	6	7	1	0.8323826229	97.8862911	0.6382041857	1.475504711				0	63.38009805	36.61990195	5.917047489E-05	0	99.99994083				-582.5338353	0.8323826229	NaN	
582.3738353	87	6	7	1	0.8323826229	97.8862911	0.6382041857	1.475504711				0	63.38009805	36.61990195	5.917047489E-05	0	99.99994083				-582.3738353	0.8323826229	NaN	
582.2138353	87	6	7	1	0.8323826229	97.8862911	0.6382041857	1.475504711				0	63.38009805	36.61990195	5.917047489E-05	0	99.99994083				-582.2138353	0.8323826229	NaN	
582.0538353	87	6	7	1	0.8323826229	97.8862911	0.6382041857	1.475504711				0	63.38009805	36.61990195	5.917047489E-05	0	99.99994083				-582.0538353	0.8323826229	NaN	
581.8938353	87	6	7	1	0.8323826229	97.8862911	0.6382041857	1.475504711				0	63.38009805	36.61990195	5.917047489E-05	0	99.99994083				-581.8938353	0.8323826229	NaN	
581.7338353	87	6	7	1	0.8323826229	97.8862911	0.6382041857	1.475504711				0	63.38009805	36.61990195	5.917047489E-05	0	99.99994083				-581.7338353	0.8323826229	NaN	
581.5738353	87	6	7	1	0.8323826229	97.8862911	0.6382041857	1.475504711				0	63.38009805	36.61990195	5.917047489E-05	0	99.99994083				-581.5738353	0.8323826229	NaN	
581.4138353	87	6	7	1	0.8323826229	97.8862911	0.6382041857	1.475504711				0	63.38009805	36.61990195	5.917047489E-05	0	99.99994083				-581.4138353	0.8323826229	NaN	
581.2538353	87	6	7	1	0.8323826229	97.8862911	0.6382041857	1.475504711				0	63.38009805	36.61990195	5.917047489E-05	0	99.99994083				-581.2538353	0.8323826229	NaN	
581.0938353	87	6	7	1	0.8323826229	97.8862911	0.6382041857	1.475504711				0	63.38009805	36.61990195	5.917047489E-05	0	99.99994083				-581.0938353	0.8323826229	NaN	
580.9338353	87	6	7	1	0.8323826229	97.8862911	0.6382041857	1.475504711				0	63.38009805	36.61990195	5.917047489E-05	0	99.99994083				-580.9338353	0.8323826229	NaN	
580.7738353	87	6	7	1	0.8323826229	97.8862911	0.6382041857	1.475504711				0	63.38009805	36.61990195	5.917047489E-05	0	99.99994083				-580.7738353	0.8323826229	NaN	
580.6138353	87	6	7	1	0.8323826229	97.8862911	0.6382041857	1.475504711				0	63.38009805	36.61990195	5.917047489E-05	0	99.99994083				-580.6138353	0.8323826229	NaN	
580.4538353	87	6	7	1	0.8323826229	97.8862911	0.6382041857	1.475504711				0	63.38009805	36.61990195	5.917047489E-05	0	99.99994083				-580.4538353	0.8323826229	NaN	
580.2938353	87	6	7	1	0.8323826229	97.8862911	0.6382041857	1.475504711				0	63.38009805	36.61990195	5.917047489E-05	0	99.99994083				-580.2938353	0.8323826229	NaN	
580.1338353	87	6	7	1	0.8323826229	97.8862911	0.6382041857	1.475504711				0	63.38009805	36.61990195	5.917047489E-05	0	99.99994083				-580.1338353	0.8323826229	NaN	
579.9738353	87	6	7	1	0.8323826229	97.8862911	0.6382041857	1.475504711				0	63.38009805	36.61990195	5.917047489E-05	0	99.99994083				-579.9738353	0.8323826229	NaN	
579.8138353	87	6	7	1	0.8323826229	97.8862911	0.6382041857	1.475504711				0	63.38009805	36.61990195	5.917047489E-05	0	99.99994083				-579.8138353	0.8323826229	NaN	
579.6538353	87	6	7	1	0.8323826229	97.8862911	0.6382041857	1.475504711				0	63.38009805	36.61990195	5.917047489E-05	0	99.99994083				-579.6538353	0.8323826229	NaN	
579.4938353	87	6	7	1	0.8323826229	97.8862911	0.6382041857	1.475504711				0	63.38009805	36.61990195	5.917047489E-05	0	99.99994083				-579.4938353	0.8323826229	NaN	
579.3338353	87	6	7	1	0.8323826229	97.8862911	0.6382041857	1.475504711				0	63.38009805	36.61990195	5.917047489E-05	0	99.99994083				-579.3338353	0.8323826229	NaN	
579.1738353	87	6	7	1	0.8323826229	97.8862911	0.6382041857	1.475504711				0	63.38009805	36.61990195	5.917047489E-05	0	99.99994083				-579.1738353	0.8323826229	NaN	
579.0138353	87	6	7	1	0.8323826229	97.8862911	0.6382041857	1.475504711				0	63.38009805	36.61990195	5.917047489E-05	0	99.99994083				-579.0138353	0.8323826229	NaN	
578.8538353	87	6	7	1	0.8323826229	97.8862911	0.6382041857	1.475504711				0	63.38009805	36.61990195	5.917047489E-05	0	99.99994083				-578.8538353	0.8323826229	NaN	
578.6938353	87	6	7	1	0.8323826229	97.8862911	0.6382041857	1.475504711				0	63.38009805	36.61990195	5.917047489E-05	0	99.99994083				-578.6938353	0.8323826229	NaN	
578.5338353	87	6	7	1	0.8323826229	97.8862911	0.6382041857	1.475504711				0	63.38009805	36.61990195	5.917047489E-05	0	99.99994083				-578.5338353	0.8323826229	NaN	
578.3738353	87	6	7	1	0.8323826229	97.8862911	0.6382041857	1.475504711				0	63.38009805	36.61990195	5.917047489E-05	0	99.99994083				-578.3738353	0.8323826229	NaN	
578.2138353	87	6	7	1	0.8323826229	97.8862911	0.6382041857	1.475504711				0	63.38009805	36.61990195	5.917047489E-05	0	99.99994083				-578.2138353	0.8323826229	NaN	
578.0538353	87	6	7	1	0.8323826229	97.8862911	0.6382041857	1.475504711				0	63.38009805	36.61990195	5.917047489E-05	0	99.99994083				-578.0538353	0.8323826229	NaN	
577.8938353	87	6	7	1	0.8323826229	97.8862911	0.6382041857	1.475504711				0	63.38009805	36.61990195	5.917047489E-05	0	99.99994083				-577.8938353	0.8323826229	NaN	
577.7338353	87	6	7	1	0.8323826229	97.8862911	0.6382041857	1.475504711				0	63.38009805	36.61990195	5.917047489E-05	0	99.99994083				-577.7338353	0.8323826229	NaN	
577.5738353	87	6	7	1	0.8323826229	97.8862911	0.6382041857	1.475504711				0	63.38009805	36.61990195	5.917047489E-05	0	99.99994083				-577.5738353	0.8323826229	NaN	
577.4138353	87	6	7	1	0.8323826229	97.8862911	0.6382041857	1.475504711				0	63.38009805	36.61990195	5.917047489E-05	0	99.99994083				-577.4138353	0.8323826229	NaN	
577.2538353	87	6	7	1	0.8323826229	97.8862911	0.6382041857	1.475504711				0	63.38009805	36.61990195	5.917047489E-05	0	99.99994083				-577.2538353	0.8323826229	NaN	
577.0938353	87	6	7	1	0.8323826229	97.8862911	0.6382041857	1.475504711				0	63.38009805	36.61990195	5.917047489E-05	0	99.99994083				-577.0938353	0.8323826229	NaN	
576.9338353	87	6	7	1	0.8323826229	97.8862911	0.6382041857	1.475504711				0	63.38009805	36.61990195	5.917047489E-05	0	99.99994083				-576.9338353	0.8323826229	NaN	
576.7738353	87	6	7	1	0.8323826229	97.8862911	0.6382041857	1.475504711				0	63.38009805	36.61990195	5.917047489E-05	0	99.99994083				-576.7738353	0.8323826229	NaN	
576.6138353	87	6	7	1	0.8323826229	97.8862911	0.6382041857	1.475504711				0	63.38009805	36.61990195	5.917047489E-05	0	99.99994083				-576.6138353	0.8323826229	NaN	
576.4538353	87	6	7	1	0.8323826229	97.8862911	0.6382041857	1.475504711				0	63.38009805	36.61990195	5.917047489E-05	0	99.99994083				-576.4538353	0.8323826229	NaN	
576.2938353	87	6	7	1	0.8323826229	97.8862911	0.6382041857	1.475504711				0	63.38009805	36.61990195	5.917047489E-05	0	99.99994083				-576.2938353	0.8323826229	NaN	
576.1338353	87	6	7	1	0.8323826229	97.8862911	0.6382041857	1.475504711				0	63.38009805	36.61990195	5.917047489E-05	0	99.99994083				-576.1338353	0.8323826229	NaN	
575.9738353	87	6	7	1	0.8323826229	97.8862911	0.6382041857	1.475504711				0	63.38009805	36.61990195	5.917047489E-05	0	99.99994083				-575.9738353	0.8323826229	NaN	
575.8138353	87	6	7	1	0.8323826229	97.8862911	0.6382041857	1.475504711				0	63.38009805	36.61990195	5.917047489E-05	0	99.99994083				-575.8138353	0.8323826229	NaN	
575.6538353	87	6	7	1	0.8323826229	97.8862911	0.6382041857	1.475504711				0	63.38009805	36.61990195	5.917047489E-05	0	99.99994083				-575.6538353	0.8323826229	NaN	
575.4938353	87	6	7	1	0.8323826229	97.8862911	0.6382041857	1.475504711				0	63.38009805	36.61990195	5.917047489E-05	0	99.99994083				-575.4938353	0.8323826229	NaN	
575.3338353	87	6	7	1	0.8323826229	97.8862911	0.6382041857	1.475504711				0	63.38009805	36.61990195	5.917047489E-05	0	99.99994083				-575.3338353	0.8323826229	NaN	
575.1738353	87	6	7	1	0.8323826229	97.8862911	0.6382041857	1.475504711				0	63.38009805	36.61990195	5.917047489E-05	0	99.99994083				-575.1738353	0.8323826229	NaN	
575.0138353	87	6	7	1	0.8323826229	97.8862911	0.6382041857	1.475504711				0	63.38009805	36.61990195	5.917047489E-05	0	99.99994083				-575.0138353	0.8323826229	NaN	
574.8538353	87	6	7	1	0.8323826229	97.8862911	0.6382041857	1.475504711				0	63.38009805	36.61990195	5.917047489E-05	0	99.99994083				-574.8538353	0.8323826229	NaN	
574.6938353	87	6	7	1	0.8323826229	97.8862911	0.6382041857	1.475504711				0	63.38009805	36.61990195	5.917047489E-05	0	99.99994083				-574.6938353	0.8323826229	NaN	
574.5338353	87	6	7	1	0.8323826229	97.8862911	0.6382041857	1.475504711				0	63.38009805	36.61990195	5.917047489E-05	0	99.99994083				-574.5338353	0.8323826229	NaN	
574.3738353	87	6	7	1	0.8323826229	97.8862911	0.6382041857	1.475504711				0	63.38009805	36.61990195	5.917047489E-05	0	99.99994083				-574.3738353	0.8323826229	NaN	
574.2138353	87	6	7	1	0.8323826229	97.8862911	0.6382041857	1.475504711				0	63.38009805	36.61990195	5.917047489E-05	0	99.99994083				-574.2138353	0.8323826229	NaN	
574.0538353	87	6	7	1	0.8323826229	97.8862911	0.6382041857	1.475504711				0	63.38009805	36.61990195	5.917047489E-05	0	99.99994083				-574.0538353	0.8323826229	NaN	
573.8938353	87	6	7	1	0.8323826229	97.8862911	0.6382041857	1.475504711				0	63.38009805	36.61990195	5.917047489E-05	0	99.99994083				-573.8938353	0.8323826229	NaN	
573.7338353	87	6	7	1	0.8323826229	97.8862911	0.6382041857	1.475504711				0	63.38009805	36.61990195	5.917047489E-05	0	99.99994083				-573.7338353	0.8323826229	NaN	
573.5738353	87	6	7	1	0.8323826229	97.8862911	0.6382041857	1.475504711				0	63.38009805	36.61990195	5.917047489E-05	0	99.99994083				-573.5738353	0.8323826229	NaN	
573.4138353	87	6	7	1	0.8323826229	97.8862911	0.6382041857	1.475504711				0	63.38009805	36.61990195	5.917047489E-05	0	99.99994083				-573.4138353	0.8323826229	NaN	
573.2538353	87	6	7	1	0.8323826229	97.8862911	0.6382041857	1.475504711				0	63.38009805	36.61990195	5.917047489E-05	0	99.99994083				-573.2538353	0.8323826229	NaN	
573.0938353	87	6	7	1	0.8323826229	97.8862911	0.6382041857	1.475504711				0	63.38009805	36.61990195	5.917047489E-05	0	99.99994083				-573.0938353	0.8323826229	NaN	
572.9338353	87	6	7	1	0.8323826229	97.8862911	0.6382041857	1.475504711				0	63.38009805	36.61990195	5.917047489E-05	0	99.99994083				-572.9338353	0.8323826229	NaN	
572.7738353	87	6	7	1	0.8323826229	97.8862911	0.6382041857	1.475504711				0	63.38009805	36.61990195	5.917047489E-05	0	99.99994083				-572.7738353	0.8323826229	NaN	
572.6138353	87	6	7	1	0.8323826229	97.8862911	0.6382041857	1.475504711				0	63.38009805	36.61990195	5.917047489E-05	0	99.99994083				-572.6138353	0.8323826229	NaN	
572.4538353	87	6	7	1	0.8323826229	97.8862911	0.6382041857	1.475504711				0	63.38009805	36.61990195	5.917047489E-05	0	99.99994083				-572.4538353	0.8323826229	NaN	
572.2938353	87	6	7	1	0.8323826229	97.8862911	0.6382041857	1.475504711				0	63.38009805	36.61990195	5.917047489E-05	0	99.99994083				-572.2938353	0.8323826229	NaN	
572.1338353	87	6	7	1	0.8323826229	97.8862911	0.6382041857	1.475504711				0	63.38009805	36.61990195	5.917047489E-05	0	99.99994083				-572.1338353	0.8323826229	NaN	
571.9738353	87	6	7	1	0.8323826229	97.8862911	0.6382041857	1.475504711				0	63.38009805	36.61990195	5.917047489E-05	0	99.99994083				-571.9738353	0.8323826229	NaN	
571.8138353	87	6	7	1	0.8323826229	97.8862911	0.6382041857	1.475504711				0	63.38009805	36.61990195	5.917047489E-05	0	99.99994083				-571.8138353	0.8323826229	NaN	
571.6538353	87	6	7	1	0.8323826229	97.8862911	0.6382041857	1.475504711				0	63.38009805	36.61990195	5.917047489E-05	0	99.99994083				-571.6538353	0.8323826229	NaN	
571.4938353	87	6	7	1	0.8323826229	97.8862911	0.6382041857	1.475504711				0	63.38009805	36.61990195	5.917047489E-05	0	99.99994083				-571.4938353	0.8323826229	NaN	
571.3338353	87	6	7	1	0.8323826229	97.8862911	0.6382041857	1.475504711				0	63.38009805	36.61990195	5.917047489E-05	0	99.99994083				-571.3338353	0.8323826229	NaN	
571.1738353	87	6	7	1	0.8323826229	97.8862911	0.6382041857	1.475504711				0	63.38009805	36.61990195	5.917047489E-05	0	99.99994083				-571.1738353	0.8323826229	NaN	
571.0138353	87	6	7	1	0.8323826229	97.8862911	0.6382041857	1.475504711				0	63.38009805	36.61990195	5.917047489E-05	0	99.99994083				-571.0138353	0.8323826229	NaN	
570.8538353	87	6	7	1	0.8323826229	97.8862911	0.6382041857	1.475504711				0	63.38009805	36.61990195	5.917047489E-05	0	99.99994083				-570.8538353	0.8323826229	NaN	
570.6938353	87	6	7	1	0.8323826229	97.8862911	0.6382041857	1.475504711				0	63.38009805	36.61990195	5.917047489E-05	0	99.99994083				-570.6938353	0.8323826229	NaN	
570.5338353	87	6	7	1	0.8323826229	97.8862911	0.6382041857	1.475504711				0	63.38009805	36.61990195	5.917047489E-05	0	99.99994083				-570.5338353	0.8323826229	NaN	
570.3738353	87	6	7	1	0.8323826229	97.8862911	0.6382041857	1.475504711				0	63.38009805	36.61990195	5.917047489E-05	0	99.99994083				-570.3738353	0.8323826229	NaN	
570.2138353	87	6	7	1	0.8323826229	97.8862911	0.6382041857	1.475504711				0	63.38009805	36.61990195	5.917047489E-05	0	99.99994083				-570.2138353	0.8323826229	NaN	
570.0538353	87	6	7	1	0.8323826229	97.8862911	0.6382041857	1.475504711				0	63.38009805	36.61990195	5.917047489E-05	0	99.99994083				-570.0538353	0.8323826229	NaN	
569.8938353	87	6	7	1	0.8323826229	97.8862911	0.6382041857	1.475504711				0	63.38009805	36.61990195	5.917047489E-05	0	99.99994083				-569.8938353	0.8323826229	NaN	
569.7338353	87	6	7	1	0.8323826229	97.8862911	0.6382041857	1.475504711				0	63.38009805	36.61990195	5.917047489E-05	0	99.99994083				-569.7338353	0.8323826229	NaN	
569.5738353	87	6	7	1	0.8323826229	97.8862911	0.6382041857	1.475504711				0	63.38009805	36.61990195	5.917047489E-05	0	99.99994083				-569.5738353	0.8323826229	NaN	
569.4138353	87	6	7	1	0.8323826229	97.8862911	0.6382041857	1.475504711				0	63.38009805	36.61990195	5.917047489E-05	0	99.99994083				-569.4138353	0.8323826229	NaN	
569.2538353	87	6	7	1	0.8323826229	97.8862911	0.6382041857	1.475504711				0	63.38009805	36.61990195	5.917047489E-05	0	99.99994083				-569.2538353	0.8323826229	NaN	
569.0938353	87	6	7	1	0.8323826229	97.8862911	0.6382041857	1.475504711				0	63.38009805	36.61990195	5.917047489E-05	0	99.99994083				-569.0938353	0.8323826229	NaN	
568.9338353	87	6	7	1	0.8323826229	97.8862911	0.6382041857	1.475504711				0	63.38009805	36.61990195	5.917047489E-05	0	99.99994083				-568.9338353	0.8323826229	NaN	
568.7738353	87	6	7	1	0.8323826229	97.8862911	0.6382041857	1.475504711				0	63.38009805	36.61990195	5.917047489E-05	0	99.99994083				-568.7738353	0.8323826229	NaN	
568.6138353	87	6	7	1	0.8323826229	97.8862911	0.6382041857	1.475504711				0	63.38009805	36.61990195	5.917047489E-05	0	99.99994083				-568.6138353	0.8323826229	NaN	
568.4538353	87	6	7	1	0.8323826229	97.8862911	0.6382041857	1.475504711				0	63.38009805	36.61990195	5.917047489E-05	0	99.99994083				-568.4538353	0.8323826229	NaN	
568.2938353	87	6	7	1	0.8323826229	97.8862911	0.6382041857	1.475504711				0	63.38009805	36.61990195	5.917047489E-05	0	99.99994083				-568.2938353	0.8323826229	NaN	
568.1338353	87	6	7	1	0.8323826229	97.8862911	0.6382041857	1.475504711				0	63.38009805	36.61990195	5.917047489E-05	0	99.99994083				-568.1338353	0.8323826229	NaN	
567.9738353	87	6	7	1	0.8323826229	97.8862911	0.6382041857	1.475504711				0	63.38009805	36.61990195	5.917047489E-05	0	99.99994083				-567.9738353	0.8323826229	NaN	
567.8138353	87	6	7	1	0.8323826229	97.8862911	0.6382041857	1.475504711				0	63.38009805	36.61990195	5.917047489E-05	0	99.99994083				-567.8138353	0.8323826229	NaN	
567.6538353	87	6	7	1	0.8323826229	97.8862911	0.6382041857	1.475504711				0	63.38009805	36.61990195	5.917047489E-05	0	99.99994083				-567.6538353	0.8323826229	NaN	
567.4938353	87	6	7	1	0.8323826229	97.8862911	0.6382041857	1.475504711				0	63.38009805	36.61990195	5.917047489E-05	0	99.99994083				-567.4938353	0.8323826229	NaN	
567.3338353	87	6	7	1	0.8323826229	97.8862911	0.6382041857	1.475504711				0	63.38009805	36.61990195	5.917047489E-05	0	99.99994083				-567.3338353	0.8323826229	NaN	
567.1738353	87	6	7	1	0.8323826229	97.8862911	0.6382041857	1.475504711				0	63.38009805	36.61990195	5.917047489E-05	0	99.99994083				-567.1738353	0.8323826229	NaN	
567.0138353	87	6	7	1	0.8323826229	97.8862911	0.6382041857	1.475504711				0	63.38009805	36.61990195	5.917047489E-05	0	99.99994083				-567.0138353	0.8323826229	NaN	
566.8538353	87	6	7	1	0.8323826229	97.8862911	0.6382041857	1.475504711				0	63.38009805	36.61990195	5.917047489E-05	0	99.99994083				-566.8538353	0.8323826229	NaN	
566.6938353	87	6	7	1	0.8323826229	97.8862911	0.6382041857	1.475504711				0	63.38009805	36.61990195	5.917047489E-05	0	99.99994083				-566.6938353	0.8323826229	NaN	
566.5338353	87	6	7	1	0.8323826229	97.8862911	0.6382041857	1.475504711				0	63.38009805	36.61990195	5.917047489E-05	0	99.99994083				-566.5338353	0.8323826229	NaN	
566.3738353	87	6	7	1	0.8323826229	97.8862911	0.6382041857	1.475504711				0	63.38009805	36.61990195	5.917047489E-05	0	99.99994083				-566.3738353	0.8323826229	NaN	
566.2138353	87	6	7	1	0.8323826229	97.8862911	0.6382041857	1.475504711				0	63.38009805	36.61990195	5.917047489E-05	0	99.99994083				-566.2138353	0.8323826229	NaN	
566.0538353	87	6	7	1	0.8323826229	97.8862911	0.6382041857	1.475504711				0	63.38009805	36.61990195	5.917047489E-05	0	99.99994083				-566.0538353	0.8323826229	NaN	
565.8938353	87	6	7	1	0.8323826229	97.8862911	0.6382041857	1.475504711				0	63.38009805	36.61990195	5.917047489E-05	0	99.99994083				-565.8938353	0.8323826229	NaN	
565.7338353	87	6	7	1	0.8323826229	97.8862911	0.6382041857	1.475504711				0	63.38009805	36.61990195	5.917047489E-05	0	99.99994083				-565.7338353	0.8323826229	NaN	
565.5738353	87	6	7	1	0.8323826229	97.8862911	0.6382041857	1.475504711				0	63.38009805	36.61990195	5.917047489E-05	0	99.99994083				-565.5738353	0.8323826229	NaN	
565.4138353	87	6	7	1	0.8323826229	97.8862911	0.6382041857	1.475504711				0	63.38009805	36.61990195	5.917047489E-05	0	99.99994083				-565.4138353	0.8323826229	NaN	
565.2538353	87	6	7	1	0.8323826229	97.8862911	0.6382041857	1.475504711				0	63.38009805	36.61990195	5.917047489E-05	0	99.99994083				-565.2538353	0.8323826229	NaN	
565.0938353	87	6	7	1	0.8323826229	97.8862911	0.6382041857	1.475504711				0	63.38009805	36.61990195	5.917047489E-05	0	99.99994083				-565.0938353	0.8323826229	NaN	
564.9338353	87	6	7	1	0.8323826229	97.8862911	0.6382041857	1.475504711				0	63.38009805	36.61990195	5.917047489E-05	0	99.99994083				-564.9338353	0.8323826229	NaN	
564.7738353	87	6	7	1	0.8323826229	97.8862911	0.6382041857	1.475504711				0	63.38009805	36.61990195	5.917047489E-05	0	99.99994083				-564.7738353	0.8323826229	NaN	
564.6138353	87	6	7	1	0.8323826229	97.8862911	0.6382041857	1.475504711				0	63.38009805	36.61990195	5.917047489E-05	0	99.99994083				-564.6138353	0.8323826229	NaN	
564.4538353	87	6	7	1	0.8323826229	97.8862911	0.6382041857	1.475504711				0	63.38009805	36.61990195	5.917047489E-05	0	99.99994083				-564.4538353	0.8323826229	NaN	
564.2938353	87	6	7	1	0.8323826229	97.8862911	0.6382041857	1.475504711				0	63.38009805	36.61990195	5.917047489E-05	0	99.99994083				-564.2938353	0.8323826229	NaN	
564.1338353	87	6	7	1	0.8323826229	97.8862911	0.6382041857	1.475504711				0	63.38009805	36.61990195	5.917047489E-05	0	99.99994083				-564.1338353	0.8323826229	NaN	
563.9738353	87	6	7	1	0.8323826229	97.8862911	0.6382041857	1.475504711				0	63.38009805	36.61990195	5.917047489E-05	0	99.99994083				-563.9738353	0.8323826229	NaN	
563.8138353	87	6	7	1	0.8323826229	97.8862911	0.6382041857	1.475504711				0	63.38009805	36.61990195	5.917047489E-05	0	99.99994083				-563.8138353	0.8323826229	NaN	
563.6538353	87	6	7	1	0.8323826229	97.8862911	0.6382041857	1.475504711				0	63.38009805	36.61990195	5.917047489E-05	0	99.99994083				-563.6538353	0.8323826229	NaN	
563.4938353	87	6	7	1	0.8323826229	97.8862911	0.6382041857	1.475504711				0	63.38009805	36.61990195	5.917047489E-05	0	99.99994083				-563.4938353	0.8323826229	NaN	
563.3338353	87	6	7	1	0.8323826229	97.8862911	0.6382041857	1.475504711				0	63.38009805	36.61990195	5.917047489E-05	0	99.99994083				-563.3338353	0.8323826229	NaN	
563.1738353	87	6	7	1	0.8323826229	97.8862911	0.6382041857	1.475504711				0	63.38009805	36.61990195	5.917047489E-05	0	99.99994083				-563.1738353	0.8323826229	NaN	
563.0138353	87	6	7	1	0.8323826229	97.8862911	0.6382041857	1.475504711				0	63.38009805	36.61990195	5.917047489E-05	0	99.99994083				-563.0138353	0.8323826229	NaN	
562.8538353	87	6	7	1	0.8323826229	97.8862911	0.6382041857	1.475504711				0	63.38009805	36.61990195	5.917047489E-05	0	99.99994083				-562.8538353	0.8323826229	NaN	
562.6938353	87	6	7	1	0.8323826229	97.8862911	0.6382041857	1.475504711				0	63.38009805	36.61990195	5.917047489E-05	0	99.99994083				-562.6938353	0.8323826229	NaN	
562.5338353	87	6	7	1	0.8323826229	97.8862911	0.6382041857	1.475504711				0	63.38009805	36.61990195	5.917047489E-05	0	99.99994083				-562.5338353	0.8323826229	NaN	
562.3738353	87	6	7	1	0.8323826229	97.8862911	0.6382041857	1.475504711				0	63.38009805	36.61990195	5.917047489E-05	0	99.99994083				-562.3738353	0.8323826229	NaN	
562.2138353	87	6	7	1	0.8323826229	97.8862911	0.6382041857	1.475504711				0	63.38009805	36.61990195	5.917047489E-05	0	99.99994083				-562.2138353	0.8323826229	NaN	
562.0538353	87	6	7	1	0.8323826229	97.8862911	0.6382041857	1.475504711				0	63.38009805	36.61990195	5.917047489E-05	0	99.99994083				-562.0538353	0.8323826229	NaN	
561.8938353	87	6	7	1	0.8323826229	97.8862911	0.6382041857	1.475504711				0	63.38009805	36.61990195	5.917047489E-05	0	99.99994083				-561.8938353	0.8323826229	NaN	
561.7338353	87	6	7	1	0.8323826229	97.8862911	0.6382041857	1.475504711				0	63.38009805	36.61990195	5.917047489E-05	0	99.99994083				-561.7338353	0.8323826229	NaN	
561.5738353	87	6	7	1	0.8323826229	97.8862911	0.6382041857	1.475504711				0	63.38009805	36.61990195	5.917047489E-05	0	99.99994083				-561.5738353	0.8323826229	NaN	
561.4138353	87	6	7	1	0.8323826229	97.8862911	0.6382041857	1.475504711				0	63.38009805	36.61990195	5.917047489E-05	0	99.99994083				-561.4138353	0.8323826229	NaN	
561.2538353	87	6	7	1	0.8323826229	97.8862911	0.6382041857	1.475504711				0	63.38009805	36.61990195	5.917047489E-05	0	99.99994083				-561.2538353	0.8323826229	NaN	
561.0938353	87	6	7	1	0.8323826229	97.8862911	0.6382041857	1.475504711				0	63.38009805	36.61990195	5.917047489E-05	0	99.99994083				-561.0938353	0.8323826229	NaN	
560.9338353	87	6	7	1	0.8323826229	97.8862911	0.6382041857	1.475504711				0	63.38009805	36.61990195	5.917047489E-05	0	99.99994083				-560.9338353	0.8323826229	NaN	
560.7738353	87	6	7	1	0.8323826229	97.8862911	0.6382041857	1.475504711				0	63.38009805	36.61990195	5.917047489E-05	0	99.99994083				-560.7738353	0.8323826229	NaN	
560.6138353	87	6	7	1	0.8323826229	97.8862911	0.6382041857	1.475504711				0	63.38009805	36.61990195	5.917047489E-05	0	99.99994083				-560.6138353	0.8323826229	NaN	
560.4538353	87	6	7	1	0.8323826229	97.8862911	0.6382041857	1.475504711				0	63.38009805	36.61990195	5.917047489E-05	0	99.99994083				-560.4538353	0.8323826229	NaN	
560.2938353	87	6	7	1	0.8323826229	97.8862911	0.6382041857	1.475504711				0	63.38009805	36.61990195	5.917047489E-05	0	99.99994083				-560.2938353	0.8323826229	NaN	
560.1338353	87	6	7	1	0.8323826229	97.8862911	0.6382041857	1.475504711				0	63.38009805	36.61990195	5.917047489E-05	0	99.99994083				-560.1338353	0.8323826229	NaN	
559.9738353	87	6	7	1	0.8323826229	97.8862911	0.6382041857	1.475504711				0	63.38009805	36.61990195	5.917047489E-05	0	99.99994083				-559.9738353	0.8323826229	NaN	
559.8138353	87	6	7	1	0.8323826229	97.8862911	0.6382041857	1.475504711				0	63.38009805	36.61990195	5.917047489E-05	0	99.99994083				-559.8138353	0.8323826229	NaN	
559.6538353	87	6	7	1	0.8323826229	97.8862911	0.6382041857	1.475504711				0	63.38009805	36.61990195	5.917047489E-05	0	99.99994083				-559.6538353	0.8323826229	NaN	
559.4938353	87	6	7	1	0.8323826229	97.8862911	0.6382041857	1.475504711				0	63.38009805	36.61990195	5.917047489E-05	0	99.99994083				-559.4938353	0.8323826229	NaN	
559.3338353	87	6	7	1	0.8323826229	97.8862911	0.6382041857	1.475504711				0	63.38009805	36.61990195	5.917047489E-05	0	99.99994083				-559.3338353	0.8323826229	NaN	
559.1738353	87	6	7	1	0.8323826229	97.8862911	0.6382041857	1.475504711				0	63.38009805	36.61990195	5.917047489E-05	0	99.99994083				-559.1738353	0.8323826229	NaN	
559.0138353	87	6	7	1	0.8323826229	97.8862911	0.6382041857	1.475504711				0	63.38009805	36.61990195	5.917047489E-05	0	99.99994083				-559.0138353	0.8323826229	NaN	
558.8538353	87	6	7	1	0.8323826229	97.8862911	0.6382041857	1.475504711				0	63.38009805	36.61990195	5.917047489E-05	0	99.99994083				-558.8538353	0.8323826229	NaN	
558.6938353	87	6	7	1	0.8323826229	97.8862911	0.6382041857	1.475504711				0	63.38009805	36.61990195	5.917047489E-05	0	99.99994083				-558.6938353	0.8323826229	NaN	
558.5338353	87	6	7	1	0.8323826229	97.8862911	0.6382041857	1.475504711				0	63.38009805	36.61990195	5.917047489E-05	0	99.99994083				-558.5338353	0.8323826229	NaN	
558.3738353	87	6	7	1	0.8323826229	97.8862911	0.6382041857	1.475504711				0	63.38009805	36.61990195	5.917047489E-05	0	99.99994083				-558.3738353	0.8323826229	NaN	
558.2138353	87	6	7	1	0.8323826229	97.8862911	0.6382041857	1.475504711				0	63.38009805	36.61990195	5.917047489E-05	0	99.99994083				-558.2138353	0.8323826229	NaN	
558.0538353	87	6	7	1	0.8323826229	97.8862911	0.6382041857	1.475504711				0	63.38009805	36.61990195	5.917047489E-05	0	99.99994083				-558.0538353	0.8323826229	NaN	
557.8938353	87	6	7	1	0.8323826229	97.8862911	0.6382041857	1.475504711				0	63.38009805	36.61990195	5.917047489E-05	0	99.99994083				-557.8938353	0.8323826229	NaN	
557.7338353	87	6	7	1	0.8323826229	97.8862911	0.6382041857	1.475504711				0	63.38009805	36.61990195	5.917047489E-05	0	99.99994083				-557.7338353	0.8323826229	NaN	
557.5738353	87	6	7	1	0.8323826229	97.8862911	0.6382041857	1.475504711				0	63.38009805	36.61990195	5.917047489E-05	0	99.99994083				-557.5738353	0.8323826229	NaN	
557.4138353	87	6	7	1	0.8323826229	97.8862911	0.6382041857	1.475504711				0	63.38009805	36.61990195	5.917047489E-05	0	99.99994083				-557.4138353	0.8323826229	NaN	
557.2538353	87	6	7	1	0.8323826229	97.8862911	0.6382041857	1.475504711				0	63.38009805	36.61990195	5.917047489E-05	0	99.99994083				-557.2538353	0.8323826229	NaN	
557.0938353	87	6	7	1	0.8323826229	97.8862911	0.6382041857	1.475504711				0	63.38009805	36.61990195	5.917047489E-05	0	99.99994083				-557.0938353	0.8323826229	NaN	
556.9338353	87	6	7	1	0.8323826229	97.8862911	0.6382041857	1.475504711				0	63.38009805	36.61990195	5.917047489E-05	0	99.99994083				-556.9338353	0.8323826229	NaN	
556.7738353	87	6	7	1	0.8323826229	97.8862911	0.6382041857	1.475504711				0	63.38009805	36.61990195	5.917047489E-05	0	99.99994083				-556.7738353	0.8323826229	NaN	
556.6138353	87	6	7	1	0.8323826229	97.8862911	0.6382041857	1.475504711				0	63.38009805	36.61990195	5.917047489E-05	0	99.99994083				-556.6138353	0.8323826229	NaN	
556.4538353	87	6	7	1	0.8323826229	97.8862911	0.6382041857	1.475504711				0	63.38009805	36.61990195	5.917047489E-05	0	99.99994083				-556.4538353	0.8323826229	NaN	
556.2938353	87	6	7	1	0.8323826229	97.8862911	0.6382041857	1.475504711				0	63.38009805	36.61990195	5.917047489E-05	0	99.99994083				-556.2938353	0.8323826229	NaN	
556.1338353	87	6	7	1	0.8323826229	97.8862911	0.6382041857	1.475504711				0	63.38009805	36.61990195	5.917047489E-05	0	99.99994083				-556.1338353	0.8323826229	NaN	
555.9738353	87	6	7	1	0.8323826229	97.8862911	0.6382041857	1.475504711				0	63.38009805	36.61990195	5.917047489E-05	0	99.99994083				-555.9738353	0.8323826229	NaN	
555.8138353	87	6	7	1	0.8323826229	97.8862911	0.6382041857	1.475504711				0	63.38009805	36.61990195	5.917047489E-05	0	99.99994083				-555.8138353	0.8323826229	NaN	
555.6538353	87	6	7	1	0.8323826229	97.8862911	0.6382041857	1.475504711				0	63.38009805	36.61990195	5.917047489E-05	0	99.99994083				-555.6538353	0.8323826229	NaN	
555.4938353	87	6	7	1	0.8323826229	97.8862911	0.6382041857	1.475504711				0	63.38009805	36.61990195	5.917047489E-05	0	99.99994083				-555.4938353	0.8323826229	NaN	
555.3338353	87	6	7	1	0.8323826229	97.8862911	0.6382041857	1.475504711				0	63.38009805	36.61990195	5.917047489E-05	0	99.99994083				-555.3338353	0.8323826229	NaN	
555.1738353	87	6	7	1	0.8323826229	97.8862911	0.6382041857	1.475504711				0	63.38009805	36.61990195	5.917047489E-05	0	99.99994083				-555.1738353	0.8323826229	NaN	
555.0138353	87	6	7	1	0.8323826229	97.8862911	0.6382041857	1.475504711				0	63.38009805	36.61990195	5.917047489E-05	0	99.99994083				-555.0138353	0.8323826229	NaN	
554.8538353	87	6	7	1	0.8323826229	97.8862911	0.6382041857	1.475504711				0	63.38009805	36.61990195	5.917047489E-05	0	99.99994083				-554.8538353	0.8323826229	NaN	
554.6938353	87	6	7	1	0.8323826229	97.8862911	0.6382041857	1.475504711				0	63.38009805	36.61990195	5.917047489E-05	0	99.99994083				-554.6938353	0.8323826229	NaN	
554.5338353	87	6	7	1	0.8323826229	97.8862911	0.6382041857	1.475504711				0	63.38009805	36.61990195	5.917047489E-05	0	99.99994083				-554.5338353	0.8323826229	NaN	
554.3738353	87	6	7	1	0.8323826229	97.8862911	0.6382041857	1.475504711				0	63.38009805	36.61990195	5.917047489E-05	0	99.99994083				-554.3738353	0.8323826229	NaN	
554.2138353	87	6	7	1	0.8323826229	97.8862911	0.6382041857	1.475504711				0	63.38009805	36.61990195	5.917047489E-05	0	99.99994083				-554.2138353	0.8323826229	NaN	
554.0538353	87	6	7	1	0.8323826229	97.8862911	0.6382041857	1.475504711				0	63.38009805	36.61990195	5.917047489E-05	0	99.99994083				-554.0538353	0.8323826229	NaN	
553.8938353	87	6	7	1	0.8323826229	97.8862911	0.6382041857	1.475504711				0	63.38009805	36.61990195	5.917047489E-05	0	99.99994083				-553.8938353	0.8323826229	NaN	
553.7338353	87	6	7	1	0.8323826229	97.8862911	0.6382041857	1.475504711				0	63.38009805	36.61990195	5.917047489E-05	0	99.99994083				-553.7338353	0.8323826229	NaN	
553.5738353	87	6	7	1	0.8323826229	97.8862911	0.6382041857	1.475504711				0	63.38009805	36.61990195	5.917047489E-05	0	99.99994083				-553.5738353	0.8323826229	NaN	
553.4138353	87	6	7	1	0.8323826229	97.8862911	0.6382041857	1.475504711				0	63.38009805	36.61990195	5.917047489E-05	0	99.99994083				-553.4138353	0.8323826229	NaN	
553.2538353	87	6	7	1	0.8323826229	97.8862911	0.6382041857	1.475504711				0	63.38009805	36.61990195	5.917047489E-05	0	99.99994083				-553.2538353	0.8323826229	NaN	
553.0938353	87	6	7	1	0.8323826229	97.8862911	0.6382041857	1.475504711				0	63.38009805	36.61990195	5.917047489E-05	0	99.99994083				-553.0938353	0.8323826229	NaN	
552.9338353	87	6	7	1	0.8323826229	97.8862911	0.6382041857	1.475504711				0	63.38009805	36.61990195	5.917047489E-05	0	99.99994083				-552.9338353	0.8323826229	NaN	
552.7738353	87	6	7	1	0.8323826229	97.8862911	0.6382041857	1.475504711				0	63.38009805	36.61990195	5.917047489E-05	0	99.99994083				-552.7738353	0.8323826229	NaN	
552.6138353	87	6	7	1	0.8323826229	97.8862911	0.6382041857	1.475504711				0	63.38009805	36.61990195	5.917047489E-05	0	99.99994083				-552.6138353	0.8323826229	NaN	
552.4538353	87	6	7	1	0.8323826229	97.8862911	0.6382041857	1.475504711				0	63.38009805	36.61990195	5.917047489E-05	0	99.99994083				-552.4538353	0.8323826229	NaN	
552.2938353	87	6	7	1	0.8323826229	97.8862911	0.6382041857	1.475504711				0	63.38009805	36.61990195	5.917047489E-05	0	99.99994083				-552.2938353	0.8323826229	NaN	
552.1338353	87	6	7	1	0.8323826229	97.8862911	0.6382041857	1.475504711				0	63.38009805	36.61990195	5.917047489E-05	0	99.99994083				-552.1338353	0.8323826229	NaN	
551.9738353	87	6	7	1	0.8323826229	97.8862911	0.6382041857	1.475504711				0	63.38009805	36.61990195	5.917047489E-05	0	99.99994083				-551.9738353	0.8323826229	NaN	
551.8138353	87	6	7	1	0.8323826229	97.8862911	0.6382041857	1.475504711				0	63.38009805	36.61990195	5.917047489E-05	0	99.99994083				-551.8138353	0.8323826229	NaN	
551.6538353	87	6	7	1	0.8323826229	97.8862911	0.6382041857	1.475504711				0	63.38009805	36.61990195	5.917047489E-05	0	99.99994083				-551.6538353	0.8323826229	NaN	
551.4938353	87	6	7	1	0.8323826229	97.8862911	0.6382041857	1.475504711				0	63.38009805	36.61990195	5.917047489E-05	0	99.99994083				-551.4938353	0.8323826229	NaN	
551.3338353	87	6	7	1	0.8323826229	97.8862911	0.6382041857	1.475504711				0	63.38009805	36.61990195	5.917047489E-05	0	99.99994083				-551.3338353	0.8323826229	NaN	
551.1738353	87	6	7	1	0.8323826229	97.8862911	0.6382041857	1.475504711				0	63.38009805	36.61990195	5.917047489E-05	0	99.99994083				-551.1738353	0.8323826229	NaN	
551.0138353	87	6	7	1	0.8323826229	97.8862911	0.6382041857	1.475504711				0	63.38009805	36.61990195	5.917047489E-05	0	99.99994083				-551.0138353	0.8323826229	NaN	
550.8538353	87	6	7	1	0.8323826229	97.8862911	0.6382041857	1.475504711				0	63.38009805	36.61990195	5.917047489E-05	0	99.99994083				-550.8538353	0.8323826229	NaN	
550.6938353	87	6	7	1	0.8323826229	97.8862911	0.6382041857	1.475504711				0	63.38009805	36.61990195	5.917047489E-05	0	99.99994083				-550.6938353	0.8323826229	NaN	
550.5338353	87	6	7	1	0.8323826229	97.8862911	0.6382041857	1.475504711				0	63.38009805	36.61990195	5.917047489E-05	0	99.99994083				-550.5338353	0.8323826229	NaN	
550.3738353	87	6	7	1	0.8323826229	97.8862911	0.6382041857	1.475504711				0	63.38009805	36.61990195	5.917047489E-05	0	99.99994083				-550.3738353	0.8323826229	NaN	
550.2138353	87	6	7	1	0.8323826229	97.8862911	0.6382041857	1.475504711				0	63.38009805	36.61990195	5.917047489E-05	0	99.99994083				-550.2138353	0.8323826229	NaN	
550.0538353	87	6	7	1	0.8323826229	97.8862911	0.6382041857	1.475504711				0	63.38009805	36.61990195	5.917047489E-05	0	99.99994083				-550.0538353	0.8323826229	NaN	
549.8938353	87	6	7	1	0.8323826229	97.8862911	0.6382041857	1.475504711				0	63.38009805	36.61990195	5.917047489E-05	0	99.99994083				-549.8938353	0.8323826229	NaN	
549.7338353	87	6	7	1	0.8323826229	97.8862911	0.6382041857	1.475504711				0	63.38009805	36.61990195	5.917047489E-05	0	99.99994083				-549.7338353	0.8323826229	NaN	
549.5738353	87	6	7	1	0.8323826229	97.8862911	0.6382041857	1.475504711				0	63.38009805	36.61990195	5.917047489E-05	0	99.99994083				-549.5738353	0.8323826229	NaN	
549.4138353	87	6	7	1	0.8323826229	97.8862911	0.6382041857	1.475504711				0	63.38009805	36.61990195	5.917047489E-05	0	99.99994083				-549.4138353	0.8323826229	NaN	
549.2538353	87	6	7	1	0.8323826229	97.8862911	0.6382041857	1.475504711				0	63.38009805	36.61990195	5.917047489E-05	0	99.99994083				-549.2538353	0.8323826229	NaN	
549.0938353	87	6	7	1	0.8323826229	97.8862911	0.6382041857	1.475504711				0	63.38009805	36.61990195	5.917047489E-05	0	99.99994083				-549.0938353	0.8323826229	NaN	
548.9338353	87	6	7	1	0.8323826229	97.8862911	0.6382041857	1.475504711				0	63.38009805	36.61990195	5.917047489E-05	0	99.99994083				-548.9338353	0.8323826229	NaN	
548.7738353	87	6	7	1	0.8323826229	97.8862911	0.6382041857	1.475504711				0	63.38009805	36.61990195	5.917047489E-05	0	99.99994083				-548.7738353	0.8323826229	NaN	
548.6138353	87	6	7	1	0.8323826229	97.8862911	0.6382041857	1.475504711				0	63.38009805	36.61990195	5.917047489E-05	0	99.99994083				-548.6138353	0.8323826229	NaN	
548.4538353	87	6	7	1	0.8323826229	97.8862911	0.6382041857	1.475504711				0	63.38009805	36.61990195	5.917047489E-05	0	99.99994083				-548.4538353	0.8323826229	NaN	
548.2938353	87	6	7	1	0.8323826229	97.8862911	0.6382041857	1.475504711				0	63.38009805	36.61990195	5.917047489E-05	0	99.99994083				-548.2938353	0.8323826229	NaN	
548.1338353	87	6	7	1	0.8323826229	97.8862911	0.6382041857	1.475504711				0	63.38009805	36.61990195	5.917047489E-05	0	99.99994083				-548.1338353	0.8323826229	NaN	
547.9738353	87	6	7	1	0.8323826229	97.8862911	0.6382041857	1.475504711				0	63.38009805	36.61990195	5.917047489E-05	0	99.99994083				-547.9738353	0.8323826229	NaN	
547.8138353	87	6	7	1	0.8323826229	97.8862911	0.6382041857	1.475504711				0	63.38009805	36.61990195	5.917047489E-05	0	99.99994083				-547.8138353	0.8323826229	NaN	
547.6538353	87	6	7	1	0.8323826229	97.8862911	0.6382041857	1.475504711				0	63.38009805	36.61990195	5.917047489E-05	0	99.99994083				-547.6538353	0.8323826229	NaN	
547.4938353	87	6	7	1	0.8323826229	97.8862911	0.6382041857	1.475504711				0	63.38009805	36.61990195	5.917047489E-05	0	99.99994083				-547.4938353	0.8323826229	NaN	
547.3338353	87	6	7	1	0.8323826229	97.8862911	0.6382041857	1.475504711				0	63.38009805	36.61990195	5.917047489E-05	0	99.99994083				-547.3338353	0.8323826229	NaN	
547.1738353	87	6	7	1	0.8323826229	97.8862911	0.6382041857	1.475504711				0	63.38009805	36.61990195	5.917047489E-05	0	99.99994083				-547.1738353	0.8323826229	NaN	
547.0138353	87	6	7	1	0.8323826229	97.8862911	0.6382041857	1.475504711				0	63.38009805	36.61990195	5.917047489E-05	0	99.99994083				-547.0138353	0.8323826229	NaN	
546.8538353	87	6	7	1	0.8323826229	97.8862911	0.6382041857	1.475504711				0	63.38009805	36.61990195	5.917047489E-05	0	99.99994083				-546.8538353	0.8323826229	NaN	
546.6938353	87	6	7	1	0.8323826229	97.8862911	0.6382041857	1.475504711				0	63.38009805	36.61990195	5.917047489E-05	0	99.99994083				-546.6938353	0.8323826229	NaN	
546.5338353	87	6	7	1	0.8323826229	97.8862911	0.6382041857	1.475504711				0	63.38009805	36.61990195	5.917047489E-05	0	99.99994083				-546.5338353	0.8323826229	NaN	
546.3738353	87	6	7	1	0.8323826229	97.8862911	0.6382041857	1.475504711				0	63.38009805	36.61990195	5.917047489E-05	0	99.99994083				-546.3738353	0.8323826229	NaN	
546.2138353	87	6	7	1	0.8323826229	97.8862911	0.6382041857	1.475504711				0	63.38009805	36.61990195	5.917047489E-05	0	99.99994083				-546.2138353	0.8323826229	NaN	
546.0538353	87	6	7	1	0.8323826229	97.8862911	0.6382041857	1.475504711				0	63.38009805	36.61990195	5.917047489E-05	0	99.99994083				-546.0538353	0.8323826229	NaN	
545.8938353	87	6	7	1	0.8323826229	97.8862911	0.6382041857	1.475504711				0	63.38009805	36.61990195	5.917047489E-05	0	99.99994083				-545.8938353	0.8323826229	NaN	
545.7338353	87	6	7	1	0.8323826229	97.8862911	0.6382041857	1.475504711				0	63.38009805	36.61990195	5.917047489E-05	0	99.99994083				-545.7338353	0.8323826229	NaN	
545.5738353	87	6	7	1	0.8323826229	97.8862911	0.6382041857	1.475504711				0	63.38009805	36.61990195	5.917047489E-05	0	99.99994083				-545.5738353	0.8323826229	NaN	
545.4138353	87	6	7	1	0.8323826229	97.8862911	0.6382041857	1.475504711				0	63.38009805	36.61990195	5.917047489E-05	0	99.99994083				-545.4138353	0.8323826229	NaN	
545.2538353	87	6	7	1	0.8323826229	97.8862911	0.6382041857	1.475504711				0	63.38009805	36.61990195	5.917047489E-05	0	99.99994083				-545.2538353	0.8323826229	NaN	
545.0938353	87	6	7	1	0.8323826229	97.8862911	0.6382041857	1.475504711				0	63.38009805	36.61990195	5.917047489E-05	0	99.99994083				-545.0938353	0.8323826229	NaN	
544.9338353	87	6	7	1	0.8323826229	97.8862911	0.6382041857	1.475504711				0	63.38009805	36.61990195	5.917047489E-05	0	99.99994083				-544.9338353	0.8323826229	NaN	
544.7738353	87	6	7	1	0.8323826229	97.8862911	0.6382041857	1.475504711				0	63.38009805	36.61990195	5.917047489E-05	0	99.99994083				-544.7738353	0.8323826229	NaN	
544.6138353	87	6	7	1	0.8323826229	97.8862911	0.6382041857	1.475504711				0	63.38009805	36.61990195	5.917047489E-05	0	99.99994083				-544.6138353	0.8323826229	NaN	
544.4538353	87	6	7	1	0.8323826229	97.8862911	0.6382041857	1.475504711				0	63.38009805	36.61990195	5.917047489E-05	0	99.99994083				-544.4538353	0.8323826229	NaN	
544.2938353	87	6	7	1	0.8323826229	97.8862911	0.6382041857	1.475504711				0	63.38009805	36.61990195	5.917047489E-05	0	99.99994083				-544.2938353	0.8323826229	NaN	
544.1338353	87	6	7	1	0.8323826229	97.8862911	0.6382041857	1.475504711				0	63.38009805	36.61990195	5.917047489E-05	0	99.99994083				-544.1338353	0.8323826229	NaN	
543.9738353	87	6	7	1	0.8323826229	97.8862911	0.6382041857	1.475504711				0	63.38009805	36.61990195	5.917047489E-05	0	99.99994083				-543.9738353	0.8323826229	NaN	
543.8138353	87	6	7	1	0.8323826229	97.8862911	0.6382041857	1.475504711				0	63.38009805	36.61990195	5.917047489E-05	0	99.99994083				-543.8138353	0.8323826229	NaN	
543.6538353	87	6	7	1	0.8323826229	97.8862911	0.6382041857	1.475504711				0	63.38009805	36.61990195	5.917047489E-05	0	99.99994083				-543.6538353	0.8323826229	NaN	
543.4938353	87	6	7	1	0.8323826229	97.8862911	0.6382041857	1.475504711				0	63.38009805	36.61990195	5.917047489E-05	0	99.99994083				-543.4938353	0.8323826229	NaN	
543.3338353	87	6	7	1	0.8323826229	97.8862911	0.6382041857	1.475504711				0	63.38009805	36.61990195	5.917047489E-05	0	99.99994083				-543.3338353	0.8323826229	NaN	
543.1738353	87	6	7	1	0.8323826229	97.8862911	0.6382041857	1.475504711				0	63.38009805	36.61990195	5.917047489E-05	0	99.99994083				-543.1738353	0.8323826229	NaN	
543.0138353	87	6	7	1	0.8323826229	97.8862911	0.6382041857	1.475504711				0	63.38009805	36.61990195	5.917047489E-05	0	99.99994083				-543.0138353	0.8323826229	NaN	
542.8538353	87	6	7	1	0.8323826229	97.8862911	0.6382041857	1.475504711				0	63.38009805	36.61990195	5.917047489E-05	0	99.99994083				-542.8538353	0.8323826229	NaN	
542.6938353	87	6	7	1	0.8323826229	97.8862911	0.6382041857	1.475504711				0	63.38009805	36.61990195	5.917047489E-05	0	99.99994083				-542.6938353	0.8323826229	NaN	
542.5338353	87	6	7	1	0.8323826229	97.8862911	0.6382041857	1.475504711				0	63.38009805	36.61990195	5.917047489E-05	0	99.99994083				-542.5338353	0.8323826229	NaN	
542.3738353	87	6	7	1	0.8323826229	97.8862911	0.6382041857	1.475504711				0	63.38009805	36.61990195	5.917047489E-05	0	99.99994083				-542.3738353	0.8323826229	NaN	
542.2138353	87	6	7	1	0.8323826229	97.8862911	0.6382041857	1.475504711				0	63.38009805	36.61990195	5.917047489E-05	0	99.99994083				-542.2138353	0.8323826229	NaN	
542.0538353	87	6	7	1	0.8323826229	97.8862911	0.6382041857	1.475504711				0	63.38009805	36.61990195	5.917047489E-05	0	99.99994083				-542.0538353	0.8323826229	NaN	
541.8938353	87	6	7	1	0.8323826229	97.8862911	0.6382041857	1.475504711				0	63.38009805	36.61990195	5.917047489E-05	0	99.99994083				-541.8938353	0.8323826229	NaN	
541.7338353	87	6	7	1	0.8323826229	97.8862911	0.6382041857	1.475504711				0	63.38009805	36.61990195	5.917047489E-05	0	99.99994083				-541.7338353	0.8323826229	NaN	
541.5738353	87	6	7	1	0.8323826229	97.8862911	0.6382041857	1.475504711				0	63.38009805	36.61990195	5.917047489E-05	0	99.99994083				-541.5738353	0.8323826229	NaN	
541.4138353	87	6	7	1	0.8323826229	97.8862911	0.6382041857	1.475504711				0	63.38009805	36.61990195	5.917047489E-05	0	99.99994083				-541.4138353	0.8323826229	NaN	
541.2538353	87	6	7	1	0.8323826229	97.8862911	0.6382041857	1.475504711				0	63.38009805	36.61990195	5.917047489E-05	0	99.99994083				-541.2538353	0.8323826229	NaN	
541.0938353	87	6	7	1	0.8323826229	97.8862911	0.6382041857	1.475504711				0	63.38009805	36.61990195	5.917047489E-05	0	99.99994083				-541.0938353	0.8323826229	NaN	
540.9338353	87	6	7	1	0.8323826229	97.8862911	0.6382041857	1.475504711				0	63.38009805	36.61990195	5.917047489E-05	0	99.99994083				-540.9338353	0.8323826229	NaN	
540.7738353	87	6	7	1	0.8323826229	97.8862911	0.6382041857	1.475504711				0	63.38009805	36.61990195	5.917047489E-05	0	99.99994083				-540.7738353	0.8323826229	NaN	
540.6138353	87	6	7	1	0.8323826229	97.8862911	0.6382041857	1.475504711				0	63.38009805	36.61990195	5.917047489E-05	0	99.99994083				-540.6138353	0.8323826229	NaN	
540.4538353	87	6	7	1	0.8323826229	97.8862911	0.6382041857	1.475504711				0	63.38009805	36.61990195	5.917047489E-05	0	99.99994083				-540.4538353	0.8323826229	NaN	
540.2938353	87	6	7	1	0.8323826229	97.8862911	0.6382041857	1.475504711				0	63.38009805	36.61990195	5.917047489E-05	0	99.99994083				-540.2938353	0.8323826229	NaN	
540.1338353	87	6	7	1	0.8323826229	97.8862911	0.6382041857	1.475504711				0	63.38009805	36.61990195	5.917047489E-05	0	99.99994083				-540.1338353	0.8323826229	NaN	
539.9738353	87	6	7	1	0.8323826229	97.8862911	0.6382041857	1.475504711				0	63.38009805	36.61990195	5.917047489E-05	0	99.99994083				-539.9738353	0.8323826229	NaN	
539.8138353	87	6	7	1	0.8323826229	97.8862911	0.6382041857	1.475504711				0	63.38009805	36.61990195	5.917047489E-05	0	99.99994083				-539.8138353	0.8323826229	NaN	
539.6538353	87	6	7	1	0.8323826229	97.8862911	0.6382041857	1.475504711				0	63.38009805	36.61990195	5.917047489E-05	0	99.99994083				-539.6538353	0.8323826229	NaN	
539.4938353	87	6	7	1	0.8323826229	97.8862911	0.6382041857	1.475504711				0	63.38009805	36.61990195	5.917047489E-05	0	99.99994083				-539.4938353	0.8323826229	NaN	
539.3338353	87	6	7	1	0.8323826229	97.8862911	0.6382041857	1.475504711				0	63.38009805	36.61990195	5.917047489E-05	0	99.99994083				-539.3338353	0.8323826229	NaN	
539.1738353	87	6	7	1	0.8323826229	97.8862911	0.6382041857	1.475504711				0	63.38009805	36.61990195	5.917047489E-05	0	99.99994083				-539.1738353	0.8323826229	NaN	
539.0138353	87	6	7	1	0.8323826229	97.8862911	0.6382041857	1.475504711				0	63.38009805	36.61990195	5.917047489E-05	0	99.99994083				-539.0138353	0.8323826229	NaN	
538.8538353	87	6	7	1	0.8323826229	97.8862911	0.6382041857	1.475504711				0	63.38009805	36.61990195	5.917047489E-05	0	99.99994083				-538.8538353	0.8323826229	NaN	
538.6938353	87	6	7	1	0.8323826229	97.8862911	0.6382041857	1.475504711				0	63.38009805	36.61990195	5.917047489E-05	0	99.99994083				-538.6938353	0.8323826229	NaN	
538.5338353	87	6	7	1	0.8323826229	97.8862911	0.6382041857	1.475504711				0	63.38009805	36.61990195	5.917047489E-05	0	99.99994083				-538.5338353	0.8323826229	NaN	
538.3738353	87	6	7	1	0.8323826229	97.8862911	0.6382041857	1.475504711				0	63.38009805	36.61990195	5.917047489E-05	0	99.99994083				-538.3738353	0.8323826229	NaN	
538.2138353	87	6	7	1	0.8323826229	97.8862911	0.6382041857	1.475504711				0	63.38009805	36.61990195	5.917047489E-05	0	99.99994083				-538.2138353	0.8323826229	NaN	
538.0538353	87	6	7	1	0.8323826229	97.8862911	0.6382041857	1.475504711				0	63.38009805	36.61990195	5.917047489E-05	0	99.99994083				-538.0538353	0.8323826229	NaN	
537.8938353	87	6	7	1	0.8323826229	97.8862911	0.6382041857	1.475504711				0	63.38009805	36.61990195	5.917047489E-05	0	99.99994083				-537.8938353	0.8323826229	NaN	
537.7338353	87	6	7	1	0.8323826229	97.8862911	0.6382041857	1.475504711				0	63.38009805	36.61990195	5.917047489E-05	0	99.99994083				-537.7338353	0.8323826229	NaN	
537.5738353	87	6	7	1	0.8323826229	97.8862911	0.6382041857	1.475504711				0	63.38009805	36.61990195	5.917047489E-05	0	99.99994083				-537.5738353	0.8323826229	NaN	
537.4138353	87	6	7	1	0.8323826229	97.8862911	0.6382041857	1.475504711				0	63.38009805	36.61990195	5.917047489E-05	0	99.99994083				-537.4138353	0.8323826229	NaN	
537.2538353	87	6	7	1	0.8323826229	97.8862911	0.6382041857	1.475504711				0	63.38009805	36.61990195	5.917047489E-05	0	99.99994083				-537.2538353	0.8323826229	NaN	
537.0938353	87	6	7	1	0.8323826229	97.8862911	0.6382041857	1.475504711				0	63.38009805	36.61990195	5.917047489E-05	0	99.99994083				-537.0938353	0.8323826229	NaN	
536.9338353	87	6	7	1	0.8323826229	97.8862911	0.6382041857	1.475504711				0	63.38009805	36.61990195	5.917047489E-05	0	99.99994083				-536.9338353	0.8323826229	NaN	
536.7738353	87	6	7	1	0.8323826229	97.8862911	0.6382041857	1.475504711				0	63.38009805	36.61990195	5.917047489E-05	0	99.99994083				-536.7738353	0.8323826229	NaN	
536.6138353	87	6	7	1	0.8323826229	97.8862911	0.6382041857	1.475504711				0	63.38009805	36.61990195	5.917047489E-05	0	99.99994083				-536.6138353	0.8323826229	NaN	
536.4538353	87	6	7	1	0.8323826229	97.8862911	0.6382041857	1.475504711				0	63.38009805	36.61990195	5.917047489E-05	0	99.99994083				-536.4538353	0.8323826229	NaN	
536.2938353	87	6	7	1	0.8323826229	97.8862911	0.6382041857	1.475504711				0	63.38009805	36.61990195	5.917047489E-05	0	99.99994083				-536.2938353	0.8323826229	NaN	
536.1338353	87	6	7	1	0.8323826229	97.8862911	0.6382041857	1.475504711				0	63.38009805	36.61990195	5.917047489E-05	0	99.99994083				-536.1338353	0.8323826229	NaN	
535.9738353	87	6	7	1	0.8323826229	97.8862911	0.6382041857	1.475504711				0	63.38009805	36.61990195	5.917047489E-05	0	99.99994083				-535.9738353	0.8323826229	NaN	
535.8138353	87	6	7	1	0.8323826229	97.8862911	0.6382041857	1.475504711				0	63.38009805	36.61990195	5.917047489E-05	0	99.99994083				-535.8138353	0.8323826229	NaN	
535.6538353	87	6	7	1	0.8323826229	97.8862911	0.6382041857	1.475504711				0	63.38009805	36.61990195	5.917047489E-05	0	99.99994083				-535.6538353	0.8323826229	NaN	
535.4938353	87	6	7	1	0.8323826229	97.8862911	0.6382041857	1.475504711				0	63.38009805	36.61990195	5.917047489E-05	0	99.99994083				-535.4938353	0.8323826229	NaN	
535.3338353	87	6	7	1	0.8323826229	97.8862911	0.6382041857	1.475504711				0	63.38009805	36.61990195	5.917047489E-05	0	99.99994083				-535.3338353	0.8323826229	NaN	
535.1738353	87	6	7	1	0.8323826229	97.8862911	0.6382041857	1.475504711				0	63.38009805	36.61990195	5.917047489E-05	0	99.99994083				-535.1738353	0.8323826229	NaN	
535.0138353	87	6	7	1	0.8323826229	97.8862911	0.6382041857	1.475504711				0	63.38009805	36.61990195	5.917047489E-05	0	99.99994083				-535.0138353	0.8323826229	NaN	
534.8538353	87	6	7	1	0.8323826229	97.8862911	0.6382041857	1.475504711				0	63.38009805	36.61990195	5.917047489E-05	0	99.99994083				-534.8538353	0.8323826229	NaN	
534.6938353	87	6	7	1	0.8323826229	97.8862911	0.6382041857	1.475504711				0	63.38009805	36.61990195	5.917047489E-05	0	99.99994083				-534.6938353	0.8323826229	NaN	
534.5338353	87	6	7	1	0.8323826229	97.8862911	0.6382041857	1.475504711				0	63.38009805	36.61990195	5.917047489E-05	0	99.99994083				-534.5338353	0.8323826229	NaN	
534.3738353	87	6	7	1	0.8323826229	97.8862911	0.6382041857	1.475504711				0	63.38009805	36.61990195	5.917047489E-05	0	99.99994083				-534.3738353	0.8323826229	NaN	
534.2138353	87	6	7	1	0.8323826229	97.8862911	0.6382041857	1.475504711				0	63.38009805	36.61990195	5.917047489E-05	0	99.99994083				-534.2138353	0.8323826229	NaN	
534.0538353	87	6	7	1	0.8323826229	97.8862911	0.6382041857	1.475504711				0	63.38009805	36.61990195	5.917047489E-05	0	99.99994083				-534.0538353	0.8323826229	NaN	
533.8938353	87	6	7	1	0.8323826229	97.8862911	0.6382041857	1.475504711				0	63.38009805	36.61990195	5.917047489E-05	0	99.99994083				-533.8938353	0.8323826229	NaN	
533.7338353	87	6	7	1	0.8323826229	97.8862911	0.6382041857	1.475504711				0	63.38009805	36.61990195	5.917047489E-05	0	99.99994083				-533.7338353	0.8323826229	NaN	
533.5738353	87	6	7	1	0.8323826229	97.8862911	0.6382041857	1.475504711				0	63.38009805	36.61990195	5.917047489E-05	0	99.99994083				-533.5738353	0.8323826229	NaN	
533.4138353	87	6	7	1	0.8323826229	97.8862911	0.6382041857	1.475504711				0	63.38009805	36.61990195	5.917047489E-05	0	99.99994083				-533.4138353	0.8323826229	NaN	
533.2538353	87	6	7	1	0.8323826229	97.8862911	0.6382041857	1.475504711				0	63.38009805	36.61990195	5.917047489E-05	0	99.99994083				-533.2538353	0.8323826229	NaN	
533.0938353	87	6	7	1	0.8323826229	97.8862911	0.6382041857	1.475504711				0	63.38009805	36.61990195	5.917047489E-05	0	99.99994083				-533.0938353	0.8323826229	NaN	
532.9338353	87	6	7	1	0.8323826229	97.8862911	0.6382041857	1.475504711				0	63.38009805	36.61990195	5.917047489E-05	0	99.99994083				-532.9338353	0.8323826229	NaN	
532.7738353	87	6	7	1	0.8323826229	97.8862911	0.6382041857	1.475504711				0	63.38009805	36.61990195	5.917047489E-05	0	99.99994083				-532.7738353	0.8323826229	NaN	
532.6138353	87	6	7	1	0.8323826229	97.8862911	0.6382041857	1.475504711				0	63.38009805	36.61990195	5.917047489E-05	0	99.99994083				-532.6138353	0.8323826229	NaN	
532.4538353	87	6	7	1	0.8323826229	97.8862911	0.6382041857	1.475504711				0	63.38009805	36.61990195	5.917047489E-05	0	99.99994083				-532.4538353	0.8323826229	NaN	
532.2938353	87	6	7	1	0.8323826229	97.8862911	0.6382041857	1.475504711				0	63.38009805	36.61990195	5.917047489E-05	0	99.99994083				-532.2938353	0.8323826229	NaN	
532.1338353	87	6	7	1	0.8323826229	97.8862911	0.6382041857	1.475504711				0	63.38009805	36.61990195	5.917047489E-05	0	99.99994083				-532.1338353	0.8323826229	NaN	
531.9738353	87	6	7	1	0.8323826229	97.8862911	0.6382041857	1.475504711				0	63.38009805	36.61990195	5.917047489E-05	0	99.99994083				-531.9738353	0.8323826229	NaN	
531.8138353	87	6	7	1	0.8323826229	97.8862911	0.6382041857	1.475504711				0	63.38009805	36.61990195	5.917047489E-05	0	99.99994083				-531.8138353	0.8323826229	NaN	
531.6538353	87	6	7	1	0.8323826229	97.8862911	0.6382041857	1.475504711				0	63.38009805	36.61990195	5.917047489E-05	0	99.99994083				-531.6538353	0.8323826229	NaN	
531.4938353	87	6	7	1	0.8323826229	97.8862911	0.6382041857	1.475504711				0	63.38009805	36.61990195	5.917047489E-05	0	99.99994083				-531.4938353	0.8323826229	NaN	
531.3338353	87	6	7	1	0.8323826229	97.8862911	0.6382041857	1.475504711				0	63.38009805	36.61990195	5.917047489E-05	0	99.99994083				-531.3338353	0.8323826229	NaN	
531.1738353	87	6	7	1	0.8323826229	97.8862911	0.6382041857	1.475504711				0	63.38009805	36.61990195	5.917047489E-05	0	99.99994083				-531.1738353	0.8323826229	NaN	
531.0138353	87	6	7	1	0.8323826229	97.8862911	0.6382041857	1.475504711				0	63.38009805	36.61990195	5.917047489E-05	0	99.99994083				-531.0138353	0.8323826229	NaN	
530.8538353	87	6	7	1	0.8323826229	97.8862911	0.6382041857	1.475504711				0	63.38009805	36.61990195	5.917047489E-05	0	99.99994083				-530.8538353	0.8323826229	NaN	
530.6938353	87	6	7	1	0.8323826229	97.8862911	0.6382041857	1.475504711				0	63.38009805	36.61990195	5.917047489E-05	0	99.99994083				-530.6938353	0.8323826229	NaN	
530.5338353	87	6	7	1	0.8323826229	97.8862911	0.6382041857	1.475504711				0	63.38009805	36.61990195	5.917047489E-05	0	99.99994083				-530.5338353	0.8323826229	NaN	
530.3738353	87	6	7	1	0.8323826229	97.8862911	0.6382041857	1.475504711				0	63.38009805	36.61990195	5.917047489E-05	0	99.99994083				-530.3738353	0.8323826229	NaN	
530.2138353	87	6	7	1	0.8323826229	97.8862911	0.6382041857	1.475504711				0	63.38009805	36.61990195	5.917047489E-05	0	99.99994083				-530.2138353	0.8323826229	NaN	
530.0538353	87	6	7	1	0.8323826229	97.8862911	0.6382041857	1.475504711				0	63.38009805	36.61990195	5.917047489E-05	0	99.99994083				-530.0538353	0.8323826229	NaN	
529.8938353	87	6	7	1	0.8323826229	97.8862911	0.6382041857	1.475504711				0	63.38009805	36.61990195	5.917047489E-05	0	99.99994083				-529.8938353	0.8323826229	NaN	
529.7338353	87	6	7	1	0.8323826229	97.8862911	0.6382041857	1.475504711				0	63.38009805	36.61990195	5.917047489E-05	0	99.99994083				-529.7338353	0.8323826229	NaN	
529.5738353	87	6	7	1	0.8323826229	97.8862911	0.6382041857	1.475504711				0	63.38009805	36.61990195	5.917047489E-05	0	99.99994083				-529.5738353	0.8323826229	NaN	
529.4138353	87	6	7	1	0.8323826229	97.8862911	0.6382041857	1.475504711				0	63.38009805	36.61990195	5.917047489E-05	0	99.99994083				-529.4138353	0.8323826229	NaN	
529.2538353	87	6	7	1	0.8323826229	97.8862911	0.6382041857	1.475504711				0	63.38009805	36.61990195	5.917047489E-05	0	99.99994083				-529.2538353	0.8323826229	NaN	
529.0938353	87	6	7	1	0.8323826229	97.8862911	0.6382041857	1.475504711				0	63.38009805	36.61990195	5.917047489E-05	0	99.99994083				-529.0938353	0.8323826229	NaN	
528.9338353	87	6	7	1	0.8323826229	97.8862911	0.6382041857	1.475504711				0	63.38009805	36.61990195	5.917047489E-05	0	99.99994083				-528.9338353	0.8323826229	NaN	
528.7738353	87	6	7	1	0.8323826229	97.8862911	0.6382041857	1.475504711				0	63.38009805	36.61990195	5.917047489E-05	0	99.99994083				-528.7738353	0.8323826229	NaN	
528.6138353	87	6	7	1	0.8323826229	97.8862911	0.6382041857	1.475504711				0	63.38009805	36.61990195	5.917047489E-05	0	99.99994083				-528.6138353	0.8323826229	NaN	
528.4538353	87	6	7	1	0.8323826229	97.8862911	0.6382041857	1.475504711				0	63.38009805	36.61990195	5.917047489E-05	0	99.99994083				-528.4538353	0.8323826229	NaN	
528.2938353	87	6	7	1	0.8323826229	97.8862911	0.6382041857	1.475504711				0	63.38009805	36.61990195	5.917047489E-05	0	99.99994083				-528.2938353	0.8323826229	NaN	
528.1338353	87	6	7	1	0.8323826229	97.8862911	0.6382041857	1.475504711				0	63.38009805	36.61990195	5.917047489E-05	0	99.99994083				-528.1338353	0.8323826229	NaN	
527.9738353	87	6	7	1	0.8323826229	97.8862911	0.6382041857	1.475504711				0	63.38009805	36.61990195	5.917047489E-05	0	99.99994083				-527.9738353	0.8323826229	NaN	
527.8138353	87	6	7	1	0.8323826229	97.8862911	0.6382041857	1.475504711				0	63.38009805	36.61990195	5.917047489E-05	0	99.99994083				-527.8138353	0.8323826229	NaN	
527.6538353	87	6	7	1	0.8323826229	97.8862911	0.6382041857	1.475504711				0	63.38009805	36.61990195	5.917047489E-05	0	99.99994083				-527.6538353	0.8323826229	NaN	
527.4938353	87	6	7	1	0.8323826229	97.8862911	0.6382041857	1.475504711				0	63.38009805	36.61990195	5.917047489E-05	0	99.99994083				-527.4938353	0.8323826229	NaN	
527.3338353	87	6	7	1	0.8323826229	97.8862911	0.6382041857	1.475504711				0	63.38009805	36.61990195	5.917047489E-05	0	99.99994083				-527.3338353	0.8323826229	NaN	
527.1738353	87	6	7	1	0.8323826229	97.8862911	0.6382041857	1.475504711				0	63.38009805	36.61990195	5.917047489E-05	0	99.99994083				-527.1738353	0.8323826229	NaN	
527.0138353	87	6	7	1	0.8323826229	97.8862911	0.6382041857	1.475504711				0	63.38009805	36.61990195	5.917047489E-05	0	99.99994083				-527.0138353	0.8323826229	NaN	
526.8538353	87	6	7	1	0.8323826229	97.8862911	0.6382041857	1.475504711				0	63.38009805	36.61990195	5.917047489E-05	0	99.99994083				-526.8538353	0.8323826229	NaN	
526.6938353	87	6	7	1	0.8323826229	97.8862911	0.6382041857	1.475504711				0	63.38009805	36.61990195	5.917047489E-05	0	99.99994083				-526.6938353	0.8323826229	NaN	
526.5338353	87	6	7	1	0.8323826229	97.8862911	0.6382041857	1.475504711				0	63.38009805	36.61990195	5.917047489E-05	0	99.99994083				-526.5338353	0.8323826229	NaN	
526.3738353	87	6	7	1	0.8323826229	97.8862911	0.6382041857	1.475504711				0	63.38009805	36.61990195	5.917047489E-05	0	99.99994083				-526.3738353	0.8323826229	NaN	
526.2138353	87	6	7	1	0.8323826229	97.8862911	0.6382041857	1.475504711				0	63.38009805	36.61990195	5.917047489E-05	0	99.99994083				-526.2138353	0.8323826229	NaN	
526.0538353	87	6	7	1	0.8323826229	97.8862911	0.6382041857	1.475504711				0	63.38009805	36.61990195	5.917047489E-05	0	99.99994083				-526.0538353	0.8323826229	NaN	
525.8938353	87	6	7	1	0.8323826229	97.8862911	0.6382041857	1.475504711				0	63.38009805	36.61990195	5.917047489E-05	0	99.99994083				-525.8938353	0.8323826229	NaN	
525.7338353	87	6	7	1	0.8323826229	97.8862911	0.6382041857	1.475504711				0	63.38009805	36.61990195	5.917047489E-05	0	99.99994083				-525.7338353	0.8323826229	NaN	
525.5738353	87	6	7	1	0.8323826229	97.8862911	0.6382041857	1.475504711				0	63.38009805	36.61990195	5.917047489E-05	0	99.99994083				-525.5738353	0.8323826229	NaN	
525.4138353	87	6	7	1	0.8323826229	97.8862911	0.6382041857	1.475504711				0	63.38009805	36.61990195	5.917047489E-05	0	99.99994083				-525.4138353	0.8323826229	NaN	
525.2538353	87	6	7	1	0.8323826229	97.8862911	0.6382041857	1.475504711				0	63.38009805	36.61990195	5.917047489E-05	0	99.99994083				-525.2538353	0.8323826229	NaN	
525.0938353	87	6	7	1	0.8323826229	97.8862911	0.6382041857	1.475504711				0	63.38009805	36.61990195	5.917047489E-05	0	99.99994083				-525.0938353	0.8323826229	NaN	
524.9338353	87	6	7	1	0.8323826229	97.8862911	0.6382041857	1.475504711				0	63.38009805	36.61990195	5.917047489E-05	0	99.99994083				-524.9338353	0.8323826229	NaN	
524.7738353	87	6	7	1	0.8323826229	97.8862911	0.6382041857	1.475504711				0	63.38009805	36.61990195	5.917047489E-05	0	99.99994083				-524.7738353	0.8323826229	NaN	
524.6138353	87	6	7	1	0.8323826229	97.8862911	0.6382041857	1.475504711				0	63.38009805	36.61990195	5.917047489E-05	0	99.99994083				-524.6138353	0.8323826229	NaN	
524.4538353	87	6	7	1	0.8323826229	97.8862911	0.6382041857	1.475504711				0	63.38009805	36.61990195	5.917047489E-05	0	99.99994083				-524.4538353	0.8323826229	NaN	
524.2938353	87	6	7	1	0.8323826229	97.8862911	0.6382041857	1.475504711				0	63.38009805	36.61990195	5.917047489E-05	0	99.99994083				-524.2938353	0.8323826229	NaN	
524.1338353	87	6	7	1	0.8323826229	97.8862911	0.6382041857	1.475504711				0	63.38009805	36.61990195	5.917047489E-05	0	99.99994083				-524.1338353	0.8323826229	NaN	
523.9738353	87	6	7	1	0.8323826229	97.8862911	0.6382041857	1.475504711				0	63.38009805	36.61990195	5.917047489E-05	0	99.99994083				-523.9738353	0.8323826229	NaN	
523.8138353	87	6	7	1	0.8323826229	97.8862911	0.6382041857	1.475504711				0	63.38009805	36.61990195	5.917047489E-05	0	99.99994083				-523.8138353	0.8323826229	NaN	
523.6538353	87	6	7	1	0.8323826229	97.8862911	0.6382041857	1.475504711				0	63.38009805	36.61990195	5.917047489E-05	0	99.99994083				-523.6538353	0.8323826229	NaN	
523.4938353	87	6	7	1	0.8323826229	97.8862911	0.6382041857	1.475504711				0	63.38009805	36.61990195	5.917047489E-05	0	99.99994083				-523.4938353	0.8323826229	NaN	
523.3338353	87	6	7	1	0.8323826229	97.8862911	0.6382041857	1.475504711				0	63.38009805	36.61990195	5.917047489E-05	0	99.99994083				-523.3338353	0.8323826229	NaN	
523.1738353	87	6	7	1	0.8323826229	97.8862911	0.6382041857	1.475504711				0	63.38009805	36.61990195	5.917047489E-05	0	99.99994083				-523.1738353	0.8323826229	NaN	
523.0138353	87	6	7	1	0.8323826229	97.8862911	0.6382041857	1.475504711				0	63.38009805	36.61990195	5.917047489E-05	0	99.99994083				-523.0138353	0.8323826229	NaN	
522.8538353	87	6	7	1	0.8323826229	97.8862911	0.6382041857	1.475504711				0	63.38009805	36.61990195	5.917047489E-05	0	99.99994083				-522.8538353	0.8323826229	NaN	
522.6938353	87	6	7	1	0.8323826229	97.8862911	0.6382041857	1.475504711				0	63.38009805	36.61990195	5.917047489E-05	0	99.99994083				-522.6938353	0.8323826229	NaN	
522.5338353	87	6	7	1	0.8323826229	97.8862911	0.6382041857	1.475504711				0	63.38009805	36.61990195	5.917047489E-05	0	99.99994083				-522.5338353	0.8323826229	NaN	
522.3738353	87	6	7	1	0.8323826229	97.8862911	0.6382041857	1.475504711				0	63.38009805	36.61990195	5.917047489E-05	0	99.99994083				-522.3738353	0.8323826229	NaN	
522.2138353	87	6	7	1	0.8323826229	97.8862911	0.6382041857	1.475504711				0	63.38009805	36.61990195	5.917047489E-05	0	99.99994083				-522.2138353	0.8323826229	NaN	
522.0538353	87	6	7	1	0.8323826229	97.8862911	0.6382041857	1.475504711				0	63.38009805	36.61990195	5.917047489E-05	0	99.99994083				-522.0538353	0.8323826229	NaN	
521.8938353	87	6	7	1	0.8323826229	97.8862911	0.6382041857	1.475504711				0	63.38009805	36.61990195	5.917047489E-05	0	99.99994083				-521.8938353	0.8323826229	NaN	
521.7338353	87	6	7	1	0.8323826229	97.8862911	0.6382041857	1.475504711				0	63.38009805	36.61990195	5.917047489E-05	0	99.99994083				-521.7338353	0.8323826229	NaN	
521.5738353	87	6	7	1	0.8323826229	97.8862911	0.6382041857	1.475504711				0	63.38009805	36.61990195	5.917047489E-05	0	99.99994083				-521.5738353	0.8323826229	NaN	
521.4138353	87	6	7	1	0.8323826229	97.8862911	0.6382041857	1.475504711				0	63.38009805	36.61990195	5.917047489E-05	0	99.99994083				-521.4138353	0.8323826229	NaN	
521.2538353	87	6	7	1	0.8323826229	97.8862911	0.6382041857	1.475504711				0	63.38009805	36.61990195	5.917047489E-05	0	99.99994083				-521.2538353	0.8323826229	NaN	
521.0938353	87	6	7	1	0.8323826229	97.8862911	0.6382041857	1.475504711				0	63.38009805	36.61990195	5.917047489E-05	0	99.99994083				-521.0938353	0.8323826229	NaN	
520.9338353	87	6	7	1	0.8323826229	97.8862911	0.6382041857	1.475504711				0	63.38009805	36.61990195	5.917047489E-05	0	99.99994083				-520.9338353	0.8323826229	NaN	
520.7738353	87	6	7	1	0.8323826229	97.8862911	0.6382041857	1.475504711				0	63.38009805	36.61990195	5.917047489E-05	0	99.99994083				-520.7738353	0.8323826229	NaN	
520.6138353	87	6	7	1	0.8323826229	97.8862911	0.6382041857	1.475504711				0	63.38009805	36.61990195	5.917047489E-05	0	99.99994083				-520.6138353	0.8323826229	NaN	
520.4538353	87	6	7	1	0.8323826229	97.8862911	0.6382041857	1.475504711				0	63.38009805	36.61990195	5.917047489E-05	0	99.99994083				-520.4538353	0.8323826229	NaN	
520.2938353	87	6	7	1	0.8323826229	97.8862911	0.6382041857	1.475504711				0	63.38009805	36.61990195	5.917047489E-05	0	99.99994083				-520.2938353	0.8323826229	NaN	
520.1338353	87	6	7	1	0.8323826229	97.8862911	0.6382041857	1.475504711				0	63.38009805	36.61990195	5.917047489E-05	0	99.99994083				-520.1338353	0.8323826229	NaN	
519.9738353	87	6	7	1	0.8323826229	97.8862911	0.6382041857	1.475504711				0	63.38009805	36.61990195	5.917047489E-05	0	99.99994083				-519.9738353	0.8323826229	NaN	
519.8138353	87	6	7	1	0.8323826229	97.8862911	0.6382041857	1.475504711				0	63.38009805	36.61990195	5.917047489E-05	0	99.99994083				-519.8138353	0.8323826229	NaN	
519.6538353	87	6	7	1	0.8323826229	97.8862911	0.6382041857	1.475504711				0	63.38009805	36.61990195	5.917047489E-05	0	99.99994083				-519.6538353	0.8323826229	NaN	
519.4938353	87	6	7	1	0.8323826229	97.8862911	0.6382041857	1.475504711				0	63.38009805	36.61990195	5.917047489E-05	0	99.99994083				-519.4938353	0.8323826229	NaN	
519.3338353	87	6	7	1	0.8323826229	97.8862911	0.6382041857	1.475504711				0	63.38009805	36.61990195	5.917047489E-05	0	99.99994083				-519.3338353	0.8323826229	NaN	
519.1738353	87	6	7	1	0.8323826229	97.8862911	0.6382041857	1.475504711				0	63.38009805	36.61990195	5.917047489E-05	0	99.99994083				-519.1738353	0.8323826229	NaN	
519.0138353	87	6	7	1	0.8323826229	97.8862911	0.6382041857	1.475504711				0	63.38009805	36.61990195	5.917047489E-05	0	99.99994083				-519.0138353	0.8323826229	NaN	
518.8538353	87	6	7	1	0.8323826229	97.8862911	0.6382041857	1.475504711				0	63.38009805	36.61990195	5.917047489E-05	0	99.99994083				-518.8538353	0.8323826229	NaN	
518.6938353	87	6	7	1	0.8323826229	97.8862911	0.6382041857	1.475504711				0	63.38009805	36.61990195	5.917047489E-05	0	99.99994083				-518.6938353	0.8323826229	NaN	
518.5338353	87	6	7	1	0.8323826229	97.8862911	0.6382041857	1.475504711				0	63.38009805	36.61990195	5.917047489E-05	0	99.99994083				-518.5338353	0.8323826229	NaN	
518.3738353	87	6	7	1	0.8323826229	97.8862911	0.6382041857	1.475504711				0	63.38009805	36.61990195	5.917047489E-05	0	99.99994083				-518.3738353	0.8323826229	NaN	
518.2138353	87	6	7	1	0.8323826229	97.8862911	0.6382041857	1.475504711				0	63.38009805	36.61990195	5.917047489E-05	0	99.99994083				-518.2138353	0.8323826229	NaN	
518.0538353	87	6	7	1	0.8323826229	97.8862911	0.6382041857	1.475504711				0	63.38009805	36.61990195	5.917047489E-05	0	99.99994083				-518.0538353	0.8323826229	NaN	
517.8938353	87	6	7	1	0.8323826229	97.8862911	0.6382041857	1.475504711				0	63.38009805	36.61990195	5.917047489E-05	0	99.99994083				-517.8938353	0.8323826229	NaN	
517.7338353	87	6	7	1	0.8323826229	97.8862911	0.6382041857	1.475504711				0	63.38009805	36.61990195	5.917047489E-05	0	99.99994083				-517.7338353	0.8323826229	NaN	
517.5738353	87	6	7	1	0.8323826229	97.8862911	0.6382041857	1.475504711				0	63.38009805	36.61990195	5.917047489E-05	0	99.99994083				-517.5738353	0.8323826229	NaN	
517.4138353	87	6	7	1	0.8323826229	97.8862911	0.6382041857	1.475504711				0	63.38009805	36.61990195	5.917047489E-05	0	99.99994083				-517.4138353	0.8323826229	NaN	
517.2538353	87	6	7	1	0.8323826229	97.8862911	0.6382041857	1.475504711				0	63.38009805	36.61990195	5.917047489E-05	0	99.99994083				-517.2538353	0.8323826229	NaN	
517.0938353	87	6	7	1	0.8323826229	97.8862911	0.6382041857	1.475504711				0	63.38009805	36.61990195	5.917047489E-05	0	99.99994083				-517.0938353	0.8323826229	NaN	
516.9338353	87	6	7	1	0.8323826229	97.8862911	0.6382041857	1.475504711				0	63.38009805	36.61990195	5.917047489E-05	0	99.99994083				-516.9338353	0.8323826229	NaN	
516.7738353	87	6	7	1	0.8323826229	97.8862911	0.6382041857	1.475504711				0	63.38009805	36.61990195	5.917047489E-05	0	99.99994083				-516.7738353	0.8323826229	NaN	
516.6138353	87	6	7	1	0.8323826229	97.8862911	0.6382041857	1.475504711				0	63.38009805	36.61990195	5.917047489E-05	0	99.99994083				-516.6138353	0.8323826229	NaN	
516.4538353	87	6	7	1	0.8323826229	97.8862911	0.6382041857	1.475504711				0	63.38009805	36.61990195	5.917047489E-05	0	99.99994083				-516.4538353	0.8323826229	NaN	
516.2938353	87	6	7	1	0.8323826229	97.8862911	0.6382041857	1.475504711				0	63.38009805	36.61990195	5.917047489E-05	0	99.99994083				-516.2938353	0.8323826229	NaN	
516.1338353	87	6	7	1	0.8323826229	97.8862911	0.6382041857	1.475504711				0	63.38009805	36.61990195	5.917047489E-05	0	99.99994083				-516.1338353	0.8323826229	NaN	
515.9738353	87	6	7	1	0.8323826229	97.8862911	0.6382041857	1.475504711				0	63.38009805	36.61990195	5.917047489E-05	0	99.99994083				-515.9738353	0.8323826229	NaN	
515.8138353	87	6	7	1	0.8323826229	97.8862911	0.6382041857	1.475504711				0	63.38009805	36.61990195	5.917047489E-05	0	99.99994083				-515.8138353	0.8323826229	NaN	
515.6538353	87	6	7	1	0.8323826229	97.8862911	0.6382041857	1.475504711				0	63.38009805	36.61990195	5.917047489E-05	0	99.99994083				-515.6538353	0.8323826229	NaN	
515.4938353	87	6	7	1	0.8323826229	97.8862911	0.6382041857	1.475504711				0	63.38009805	36.61990195	5.917047489E-05	0	99.99994083				-515.4938353	0.8323826229	NaN	
515.3338353	87	6	7	1	0.8323826229	97.8862911	0.6382041857	1.475504711				0	63.38009805	36.61990195	5.917047489E-05	0	99.99994083				-515.3338353	0.8323826229	NaN	
515.1738353	87	6	7	1	0.8323826229	97.8862911	0.6382041857	1.475504711				0	63.38009805	36.61990195	5.917047489E-05	0	99.99994083				-515.1738353	0.8323826229	NaN	
515.0138353	87	6	7	1	0.8323826229	97.8862911	0.6382041857	1.475504711				0	63.38009805	36.61990195	5.917047489E-05	0	99.99994083				-515.0138353	0.8323826229	NaN	
514.8538353	87	6	7	1	0.8323826229	97.8862911	0.6382041857	1.475504711				0	63.38009805	36.61990195	5.917047489E-05	0	99.99994083				-514.8538353	0.8323826229	NaN	
514.6938353	87	6	7	1	0.8323826229	97.8862911	0.6382041857	1.475504711				0	63.38009805	36.61990195	5.917047489E-05	0	99.99994083				-514.6938353	0.8323826229	NaN	
514.5338353	87	6	7	1	0.8323826229	97.8862911	0.6382041857	1.475504711				0	63.38009805	36.61990195	5.917047489E-05	0	99.99994083				-514.5338353	0.8323826229	NaN	
514.3738353	87	6	7	1	0.8323826229	97.8862911	0.6382041857	1.475504711				0	63.38009805	36.61990195	5.917047489E-05	0	99.99994083				-514.3738353	0.8323826229	NaN	
514.2138353	87	6	7	1	0.8323826229	97.8862911	0.6382041857	1.475504711				0	63.38009805	36.61990195	5.917047489E-05	0	99.99994083				-514.2138353	0.8323826229	NaN	
514.0538353	87	6	7	1	0.8323826229	97.8862911	0.6382041857	1.475504711				0	63.38009805	36.61990195	5.917047489E-05	0	99.99994083				-514.0538353	0.8323826229	NaN	
513.8938353	87	6	7	1	0.8323826229	97.8862911	0.6382041857	1.475504711				0	63.38009805	36.61990195	5.917047489E-05	0	99.99994083				-513.8938353	0.8323826229	NaN	
513.7338353	87	6	7	1	0.8323826229	97.8862911	0.6382041857	1.475504711				0	63.38009805	36.61990195	5.917047489E-05	0	99.99994083				-513.7338353	0.8323826229	NaN	
513.5738353	87	6	7	1	0.8323826229	97.8862911	0.6382041857	1.475504711				0	63.38009805	36.61990195	5.917047489E-05	0	99.99994083				-513.5738353	0.8323826229	NaN	
513.4138353	87	6	7	1	0.8323826229	97.8862911	0.6382041857	1.475504711				0	63.38009805	36.61990195	5.917047489E-05	0	99.99994083				-513.4138353	0.8323826229	NaN	
513.2538353	87	6	7	1	0.8323826229	97.8862911	0.6382041857	1.475504711				0	63.38009805	36.61990195	5.917047489E-05	0	99.99994083				-513.2538353	0.8323826229	NaN	
513.0938353	87	6	7	1	0.8323826229	97.8862911	0.6382041857	1.475504711				0	63.38009805	36.61990195	5.917047489E-05	0	99.99994083				-513.0938353	0.8323826229	NaN	
512.9338353	87	6	7	1	0.8323826229	97.8862911	0.6382041857	1.475504711				0	63.38009805	36.61990195	5.917047489E-05	0	99.99994083				-512.9338353	0.8323826229	NaN	
512.7738353	87	6	7	1	0.8323826229	97.8862911	0.6382041857	1.475504711				0	63.38009805	36.61990195	5.917047489E-05	0	99.99994083				-512.7738353	0.8323826229	NaN	
512.6138353	87	6	7	1	0.8323826229	97.8862911	0.6382041857	1.475504711				0	63.38009805	36.61990195	5.917047489E-05	0	99.99994083				-512.6138353	0.8323826229	NaN	
512.4538353	87	6	7	1	0.8323826229	97.8862911	0.6382041857	1.475504711				0	63.38009805	36.61990195	5.917047489E-05	0	99.99994083				-512.4538353	0.8323826229	NaN	
512.2938353	87	6	7	1	0.8323826229	97.8862911	0.6382041857	1.475504711				0	63.38009805	36.61990195	5.917047489E-05	0	99.99994083				-512.2938353	0.8323826229	NaN	
512.1338353	87	6	7	1	0.8323826229	97.8862911	0.6382041857	1.475504711				0	63.38009805	36.61990195	5.917047489E-05	0	99.99994083				-512.1338353	0.8323826229	NaN	
511.9738353	87	6	7	1	0.8323826229	97.8862911	0.6382041857	1.475504711				0	63.38009805	36.61990195	5.917047489E-05	0	99.99994083				-511.9738353	0.8323826229	NaN	
511.8138353	87	6	7	1	0.8323826229	97.8862911	0.6382041857	1.475504711				0	63.38009805	36.61990195	5.917047489E-05	0	99.99994083				-511.8138353	0.8323826229	NaN	
511.6538353	87	6	7	1	0.8323826229	97.8862911	0.6382041857	1.475504711				0	63.38009805	36.61990195	5.917047489E-05	0	99.99994083				-511.6538353	0.8323826229	NaN	
511.4938353	87	6	7	1	0.8323826229	97.8862911	0.6382041857	1.475504711				0	63.38009805	36.61990195	5.917047489E-05	0	99.99994083				-511.4938353	0.8323826229	NaN	
511.3338353	87	6	7	1	0.8323826229	97.8862911	0.6382041857	1.475504711				0	63.38009805	36.61990195	5.917047489E-05	0	99.99994083				-511.3338353	0.8323826229	NaN	
511.1738353	87	6	7	1	0.8323826229	97.8862911	0.6382041857	1.475504711				0	63.38009805	36.61990195	5.917047489E-05	0	99.99994083				-511.1738353	0.8323826229	NaN	
511.0138353	87	6	7	1	0.8323826229	97.8862911	0.6382041857	1.475504711				0	63.38009805	36.61990195	5.917047489E-05	0	99.99994083				-511.0138353	0.8323826229	NaN	
510.8538353	87	6	7	1	0.8323826229	97.8862911	0.6382041857	1.475504711				0	63.38009805	36.61990195	5.917047489E-05	0	99.99994083				-510.8538353	0.8323826229	NaN	
510.6938353	87	6	7	1	0.8323826229	97.8862911	0.6382041857	1.475504711				0	63.38009805	36.61990195	5.917047489E-05	0	99.99994083				-510.6938353	0.8323826229	NaN	
510.5338353	87	6	7	1	0.8323826229	97.8862911	0.6382041857	1.475504711				0	63.38009805	36.61990195	5.917047489E-05	0	99.99994083				-510.5338353	0.8323826229	NaN	
510.3738353	87	6	7	1	0.8323826229	97.8862911	0.6382041857	1.475504711				0	63.38009805	36.61990195	5.917047489E-05	0	99.99994083				-510.3738353	0.8323826229	NaN	
510.2138353	87	6	7	1	0.8323826229	97.8862911	0.6382041857	1.475504711				0	63.38009805	36.61990195	5.917047489E-05	0	99.99994083				-510.2138353	0.8323826229	NaN	
510.0538353	87	6	7	1	0.8323826229	97.8862911	0.6382041857	1.475504711				0	63.38009805	36.61990195	5.917047489E-05	0	99.99994083				-510.0538353	0.8323826229	NaN	
509.8938353	87	6	7	1	0.8323826229	97.8862911	0.6382041857	1.475504711				0	63.38009805	36.61990195	5.917047489E-05	0	99.99994083				-509.8938353	0.8323826229	NaN	
509.7338353	87	6	7	1	0.8323826229	97.8862911	0.6382041857	1.475504711				0	63.38009805	36.61990195	5.917047489E-05	0	99.99994083				-509.7338353	0.8323826229	NaN	
509.5738353	87	6	7	1	0.8323826229	97.8862911	0.6382041857	1.475504711				0	63.38009805	36.61990195	5.917047489E-05	0	99.99994083				-509.5738353	0.8323826229	NaN	
509.4138353	87	6	7	1	0.8323826229	97.8862911	0.6382041857	1.475504711				0	63.38009805	36.61990195	5.917047489E-05	0	99.99994083				-509.4138353	0.8323826229	NaN	
509.2538353	87	6	7	1	0.8323826229	97.8862911	0.6382041857	1.475504711				0	63.38009805	36.61990195	5.917047489E-05	0	99.99994083				-509.2538353	0.8323826229	NaN	
509.0938353	87	6	7	1	0.8323826229	97.8862911	0.6382041857	1.475504711				0	63.38009805	36.61990195	5.917047489E-05	0	99.99994083				-509.0938353	0.8323826229	NaN	
508.9338353	87	6	7	1	0.8323826229	97.8862911	0.6382041857	1.475504711				0	63.38009805	36.61990195	5.917047489E-05	0	99.99994083				-508.9338353	0.8323826229	NaN	
508.7738353	87	6	7	1	0.8323826229	97.8862911	0.6382041857	1.475504711				0	63.38009805	36.61990195	5.917047489E-05	0	99.99994083				-508.7738353	0.8323826229	NaN	
508.6138353	87	6	7	1	0.8323826229	97.8862911	0.6382041857	1.475504711				0	63.38009805	36.61990195	5.917047489E-05	0	99.99994083				-508.6138353	0.8323826229	NaN	
508.4538353	87	6	7	1	0.8323826229	97.8862911	0.6382041857	1.475504711				0	63.38009805	36.61990195	5.917047489E-05	0	99.99994083				-508.4538353	0.8323826229	NaN	
508.2938353	87	6	7	1	0.8323826229	97.8862911	0.6382041857	1.475504711				0	63.38009805	36.61990195	5.917047489E-05	0	99.99994083				-508.2938353	0.8323826229	NaN	
508.1338353	87	6	7	1	0.8323826229	97.8862911	0.6382041857	1.475504711				0	63.38009805	36.61990195	5.917047489E-05	0	99.99994083				-508.1338353	0.8323826229	NaN	
507.9738353	87	6	7	1	0.8323826229	97.8862911	0.6382041857	1.475504711				0	63.38009805	36.61990195	5.917047489E-05	0	99.99994083				-507.9738353	0.8323826229	NaN	
507.8138353	87	6	7	1	0.8323826229	97.8862911	0.6382041857	1.475504711				0	63.38009805	36.61990195	5.917047489E-05	0	99.99994083				-507.8138353	0.8323826229	NaN	
507.6538353	87	6	7	1	0.8323826229	97.8862911	0.6382041857	1.475504711				0	63.38009805	36.61990195	5.917047489E-05	0	99.99994083				-507.6538353	0.8323826229	NaN	
507.4938353	87	6	7	1	0.8323826229	97.8862911	0.6382041857	1.475504711				0	63.38009805	36.61990195	5.917047489E-05	0	99.99994083				-507.4938353	0.8323826229	NaN	
507.3338353	87	6	7	1	0.8323826229	97.8862911	0.6382041857	1.475504711				0	63.38009805	36.61990195	5.917047489E-05	0	99.99994083				-507.3338353	0.8323826229	NaN	
507.1738353	87	6	7	1	0.8323826229	97.8862911	0.6382041857	1.475504711				0	63.38009805	36.61990195	5.917047489E-05	0	99.99994083				-507.1738353	0.8323826229	NaN	
507.0138353	87	6	7	1	0.8323826229	97.8862911	0.6382041857	1.475504711				0	63.38009805	36.61990195	5.917047489E-05	0	99.99994083				-507.0138353	0.8323826229	NaN	
506.8538353	87	6	7	1	0.8323826229	97.8862911	0.6382041857	1.475504711				0	63.38009805	36.61990195	5.917047489E-05	0	99.99994083				-506.8538353	0.8323826229	NaN	
506.6938353	87	6	7	1	0.8323826229	97.8862911	0.6382041857	1.475504711				0	63.38009805	36.61990195	5.917047489E-05	0	99.99994083				-506.6938353	0.8323826229	NaN	
506.5338353	87	6	7	1	0.8323826229	97.8862911	0.6382041857	1.475504711				0	63.38009805	36.61990195	5.917047489E-05	0	99.99994083				-506.5338353	0.8323826229	NaN	
506.3738353	87	6	7	1	0.8323826229	97.8862911	0.6382041857	1.475504711				0	63.38009805	36.61990195	5.917047489E-05	0	99.99994083				-506.3738353	0.8323826229	NaN	
506.2138353	87	6	7	1	0.8323826229	97.8862911	0.6382041857	1.475504711				0	63.38009805	36.61990195	5.917047489E-05	0	99.99994083				-506.2138353	0.8323826229	NaN	
506.0538353	87	6	7	1	0.8323826229	97.8862911	0.6382041857	1.475504711				0	63.38009805	36.61990195	5.917047489E-05	0	99.99994083				-506.0538353	0.8323826229	NaN	
505.8938353	87	6	7	1	0.8323826229	97.8862911	0.6382041857	1.475504711				0	63.38009805	36.61990195	5.917047489E-05	0	99.99994083				-505.8938353	0.8323826229	NaN	
505.7338353	87	6	7	1	0.8323826229	97.8862911	0.6382041857	1.475504711				0	63.38009805	36.61990195	5.917047489E-05	0	99.99994083				-505.7338353	0.8323826229	NaN	
505.5738353	87	6	7	1	0.8323826229	97.8862911	0.6382041857	1.475504711				0	63.38009805	36.61990195	5.917047489E-05	0	99.99994083				-505.5738353	0.8323826229	NaN	
505.4138353	87	6	7	1	0.8323826229	97.8862911	0.6382041857	1.475504711				0	63.38009805	36.61990195	5.917047489E-05	0	99.99994083				-505.4138353	0.8323826229	NaN	
505.2538353	87	6	7	1	0.8323826229	97.8862911	0.6382041857	1.475504711				0	63.38009805	36.61990195	5.917047489E-05	0	99.99994083				-505.2538353	0.8323826229	NaN	
505.0938353	87	6	7	1	0.8323826229	97.8862911	0.6382041857	1.475504711				0	63.38009805	36.61990195	5.917047489E-05	0	99.99994083				-505.0938353	0.8323826229	NaN	
504.9338353	87	6	7	1	0.8323826229	97.8862911	0.6382041857	1.475504711				0	63.38009805	36.61990195	5.917047489E-05	0	99.99994083				-504.9338353	0.8323826229	NaN	
504.7738353	87	6	7	1	0.8323826229	97.8862911	0.6382041857	1.475504711				0	63.38009805	36.61990195	5.917047489E-05	0	99.99994083				-504.7738353	0.8323826229	NaN	
504.6138353	87	6	7	1	0.8323826229	97.8862911	0.6382041857	1.475504711				0	63.38009805	36.61990195	5.917047489E-05	0	99.99994083				-504.6138353	0.8323826229	NaN	
504.4538353	87	6	7	1	0.8323826229	97.8862911	0.6382041857	1.475504711				0	63.38009805	36.61990195	5.917047489E-05	0	99.99994083				-504.4538353	0.8323826229	NaN	
504.2938353	87	6	7	1	0.8323826229	97.8862911	0.6382041857	1.475504711				0	63.38009805	36.61990195	5.917047489E-05	0	99.99994083				-504.2938353	0.8323826229	NaN	
504.1338353	87	6	7	1	0.8323826229	97.8862911	0.6382041857	1.475504711				0	63.38009805	36.61990195	5.917047489E-05	0	99.99994083				-504.1338353	0.8323826229	NaN	
503.9738353	87	6	7	1	0.8323826229	97.8862911	0.6382041857	1.475504711				0	63.38009805	36.61990195	5.917047489E-05	0	99.99994083				-503.9738353	0.8323826229	NaN	
503.8138353	87	6	7	1	0.8323826229	97.8862911	0.6382041857	1.475504711				0	63.38009805	36.61990195	5.917047489E-05	0	99.99994083				-503.8138353	0.8323826229	NaN	
503.6538353	87	6	7	1	0.8323826229	97.8862911	0.6382041857	1.475504711				0	63.38009805	36.61990195	5.917047489E-05	0	99.99994083				-503.6538353	0.8323826229	NaN	
503.4938353	87	6	7	1	0.8323826229	97.8862911	0.6382041857	1.475504711				0	63.38009805	36.61990195	5.917047489E-05	0	99.99994083				-503.4938353	0.8323826229	NaN	
503.3338353	87	6	7	1	0.8323826229	97.8862911	0.6382041857	1.475504711				0	63.38009805	36.61990195	5.917047489E-05	0	99.99994083				-503.3338353	0.8323826229	NaN	
503.1738353	87	6	7	1	0.8323826229	97.8862911	0.6382041857	1.475504711				0	63.38009805	36.61990195	5.917047489E-05	0	99.99994083				-503.1738353	0.8323826229	NaN	
503.0138353	87	6	7	1	0.8323826229	97.8862911	0.6382041857	1.475504711				0	63.38009805	36.61990195	5.917047489E-05	0	99.99994083				-503.0138353	0.8323826229	NaN	
502.8538353	87	6	7	1	0.8323826229	97.8862911	0.6382041857	1.475504711				0	63.38009805	36.61990195	5.917047489E-05	0	99.99994083				-502.8538353	0.8323826229	NaN	
502.6938353	87	6	7	1	0.8323826229	97.8862911	0.6382041857	1.475504711				0	63.38009805	36.61990195	5.917047489E-05	0	99.99994083				-502.6938353	0.8323826229	NaN	
502.5338353	87	6	7	1	0.8323826229	97.8862911	0.6382041857	1.475504711				0	63.38009805	36.61990195	5.917047489E-05	0	99.99994083				-502.5338353	0.8323826229	NaN	
502.3738353	87	6	7	1	0.8323826229	97.8862911	0.6382041857	1.475504711				0	63.38009805	36.61990195	5.917047489E-05	0	99.99994083				-502.3738353	0.8323826229	NaN	
502.2138353	87	6	7	1	0.8323826229	97.8862911	0.6382041857	1.475504711				0	63.38009805	36.61990195	5.917047489E-05	0	99.99994083				-502.2138353	0.8323826229	NaN	
502.0538353	87	6	7	1	0.8323826229	97.8862911	0.6382041857	1.475504711				0	63.38009805	36.61990195	5.917047489E-05	0	99.99994083				-502.0538353	0.8323826229	NaN	
501.8938353	87	6	7	1	0.8323826229	97.8862911	0.6382041857	1.475504711				0	63.38009805	36.61990195	5.917047489E-05	0	99.99994083				-501.8938353	0.8323826229	NaN	
501.7338353	87	6	7	1	0.8323826229	97.8862911	0.6382041857	1.475504711				0	63.38009805	36.61990195	5.917047489E-05	0	99.99994083				-501.7338353	0.8323826229	NaN	
501.5738353	87	6	7	1	0.8323826229	97.8862911	0.6382041857	1.475504711				0	63.38009805	36.61990195	5.917047489E-05	0	99.99994083				-501.5738353	0.8323826229	NaN	
501.4138353	87	6	7	1	0.8323826229	97.8862911	0.6382041857	1.475504711				0	63.38009805	36.61990195	5.917047489E-05	0	99.99994083				-501.4138353	0.8323826229	NaN	
501.2538353	87	6	7	1	0.8323826229	97.8862911	0.6382041857	1.475504711				0	63.38009805	36.61990195	5.917047489E-05	0	99.99994083				-501.2538353	0.8323826229	NaN	
501.0938353	87	6	7	1	0.8323826229	97.8862911	0.6382041857	1.475504711				0	63.38009805	36.61990195	5.917047489E-05	0	99.99994083				-501.0938353	0.8323826229	NaN	
500.9338353	87	6	7	1	0.8323826229	97.8862911	0.6382041857	1.475504711				0	63.38009805	36.61990195	5.917047489E-05	0	99.99994083				-500.9338353	0.8323826229	NaN	
500.7738353	87	6	7	1	0.8323826229	97.8862911	0.6382041857	1.475504711				0	63.38009805	36.61990195	5.917047489E-05	0	99.99994083				-500.7738353	0.8323826229	NaN	
500.6138353	87	6	7	1	0.8323826229	97.8862911	0.6382041857	1.475504711				0	63.38009805	36.61990195	5.917047489E-05	0	99.99994083				-500.6138353	0.8323826229	NaN	
500.4538353	87	6	7	1	0.8323826229	97.8862911	0.6382041857	1.475504711				0	63.38009805	36.61990195	5.917047489E-05	0	99.99994083				-500.4538353	0.8323826229	NaN	
500.2938353	87	6	7	1	0.8323826229	97.8862911	0.6382041857	1.475504711				0	63.38009805	36.61990195	5.917047489E-05	0	99.99994083				-500.2938353	0.8323826229	NaN	
500.1338353	87	6	7	1	0.8323826229	97.8862911	0.6382041857	1.475504711				0	63.38009805	36.61990195	5.917047489E-05	0	99.99994083				-500.1338353	0.8323826229	NaN	
499.9738353	87	6	7	1	0.8323826229	97.8862911	0.6382041857	1.475504711				0	63.38009805	36.61990195	5.917047489E-05	0	99.99994083				-499.9738353	0.8323826229	NaN	
499.8138353	87	6	7	1	0.8323826229	97.8862911	0.6382041857	1.475504711				0	63.38009805	36.61990195	5.917047489E-05	0	99.99994083				-499.8138353	0.8323826229	NaN	
499.6538353	87	6	7	1	0.8323826229	97.8862911	0.6382041857	1.475504711				0	63.38009805	36.61990195	5.917047489E-05	0	99.99994083				-499.6538353	0.8323826229	NaN	
499.4938353	87	6	7	1	0.8323826229	97.8862911	0.6382041857	1.475504711				0	63.38009805	36.61990195	5.917047489E-05	0	99.99994083				-499.4938353	0.8323826229	NaN	
499.3338353	87	6	7	1	0.8323826229	97.8862911	0.6382041857	1.475504711				0	63.38009805	36.61990195	5.917047489E-05	0	99.99994083				-499.3338353	0.8323826229	NaN	
499.1738353	87	6	7	1	0.8323826229	97.8862911	0.6382041857	1.475504711				0	63.38009805	36.61990195	5.917047489E-05	0	99.99994083				-499.1738353	0.8323826229	NaN	
499.0138353	87	6	7	1	0.8323826229	97.8862911	0.6382041857	1.475504711				0	63.38009805	36.61990195	5.917047489E-05	0	99.99994083				-499.0138353	0.8323826229	NaN	
498.8538353	87	6	7	1	0.8323826229	97.8862911	0.6382041857	1.475504711				0	63.38009805	36.61990195	5.917047489E-05	0	99.99994083				-498.8538353	0.8323826229	NaN	
498.6938353	87	6	7	1	0.8323826229	97.8862911	0.6382041857	1.475504711				0	63.38009805	36.61990195	5.917047489E-05	0	99.99994083				-498.6938353	0.8323826229	NaN	
498.5338353	87	6	7	1	0.8323826229	97.8862911	0.6382041857	1.475504711				0	63.38009805	36.61990195	5.917047489E-05	0	99.99994083				-498.5338353	0.8323826229	NaN	
498.3738353	87	6	7	1	0.8323826229	97.8862911	0.6382041857	1.475504711				0	63.38009805	36.61990195	5.917047489E-05	0	99.99994083				-498.3738353	0.8323826229	NaN	
498.2138353	87	6	7	1	0.8323826229	97.8862911	0.6382041857	1.475504711				0	63.38009805	36.61990195	5.917047489E-05	0	99.99994083				-498.2138353	0.8323826229	NaN	
498.0538353	87	6	7	1	0.8323826229	97.8862911	0.6382041857	1.475504711				0	63.38009805	36.61990195	5.917047489E-05	0	99.99994083				-498.0538353	0.8323826229	NaN	
497.8938353	87	6	7	1	0.8323826229	97.8862911	0.6382041857	1.475504711				0	63.38009805	36.61990195	5.917047489E-05	0	99.99994083				-497.8938353	0.8323826229	NaN	
497.7338353	87	6	7	1	0.8323826229	97.8862911	0.6382041857	1.475504711				0	63.38009805	36.61990195	5.917047489E-05	0	99.99994083				-497.7338353	0.8323826229	NaN	
497.5738353	87	6	7	1	0.8323826229	97.8862911	0.6382041857	1.475504711				0	63.38009805	36.61990195	5.917047489E-05	0	99.99994083				-497.5738353	0.8323826229	NaN	
497.4138353	87	6	7	1	0.8323826229	97.8862911	0.6382041857	1.475504711				0	63.38009805	36.61990195	5.917047489E-05	0	99.99994083				-497.4138353	0.8323826229	NaN	
497.2538353	87	6	7	1	0.8323826229	97.8862911	0.6382041857	1.475504711				0	63.38009805	36.61990195	5.917047489E-05	0	99.99994083				-497.2538353	0.8323826229	NaN	
497.0938353	87	6	7	1	0.8323826229	97.8862911	0.6382041857	1.475504711				0	63.38009805	36.61990195	5.917047489E-05	0	99.99994083				-497.0938353	0.8323826229	NaN	
496.9338353	87	6	7	1	0.8323826229	97.8862911	0.6382041857	1.475504711				0	63.38009805	36.61990195	5.917047489E-05	0	99.99994083				-496.9338353	0.8323826229	NaN	
496.7738353	87	6	7	1	0.8323826229	97.8862911	0.6382041857	1.475504711				0	63.38009805	36.61990195	5.917047489E-05	0	99.99994083				-496.7738353	0.8323826229	NaN	
496.6138353	87	6	7	1	0.8323826229	97.8862911	0.6382041857	1.475504711				0	63.38009805	36.61990195	5.917047489E-05	0	99.99994083				-496.6138353	0.8323826229	NaN	
496.4538353	87	6	7	1	0.8323826229	97.8862911	0.6382041857	1.475504711				0	63.38009805	36.61990195	5.917047489E-05	0	99.99994083				-496.4538353	0.8323826229	NaN	
496.2938353	87	6	7	1	0.8323826229	97.8862911	0.6382041857	1.475504711				0	63.38009805	36.61990195	5.917047489E-05	0	99.99994083				-496.2938353	0.8323826229	NaN	
496.1338353	87	6	7	1	0.8323826229	97.8862911	0.6382041857	1.475504711				0	63.38009805	36.61990195	5.917047489E-05	0	99.99994083				-496.1338353	0.8323826229	NaN	
495.9738353	87	6	7	1	0.8323826229	97.8862911	0.6382041857	1.475504711				0	63.38009805	36.61990195	5.917047489E-05	0	99.99994083				-495.9738353	0.8323826229	NaN	
495.8138353	87	6	7	1	0.8323826229	97.8862911	0.6382041857	1.475504711				0	63.38009805	36.61990195	5.917047489E-05	0	99.99994083				-495.8138353	0.8323826229	NaN	
495.6538353	87	6	7	1	0.8323826229	97.8862911	0.6382041857	1.475504711				0	63.38009805	36.61990195	5.917047489E-05	0	99.99994083				-495.6538353	0.8323826229	NaN	
495.4938353	87	6	7	1	0.8323826229	97.8862911	0.6382041857	1.475504711				0	63.38009805	36.61990195	5.917047489E-05	0	99.99994083				-495.4938353	0.8323826229	NaN	
495.3338353	87	6	7	1	0.8323826229	97.8862911	0.6382041857	1.475504711				0	63.38009805	36.61990195	5.917047489E-05	0	99.99994083				-495.3338353	0.8323826229	NaN	
495.1738353	87	6	7	1	0.8323826229	97.8862911	0.6382041857	1.475504711				0	63.38009805	36.61990195	5.917047489E-05	0	99.99994083				-495.1738353	0.8323826229	NaN	
495.0138353	87	6	7	1	0.8323826229	97.8862911	0.6382041857	1.475504711				0	63.38009805	36.61990195	5.917047489E-05	0	99.99994083				-495.0138353	0.8323826229	NaN	
494.8538353	87	6	7	1	0.8323826229	97.8862911	0.6382041857	1.475504711				0	63.38009805	36.61990195	5.917047489E-05	0	99.99994083				-494.8538353	0.8323826229	NaN	
494.6938353	87	6	7	1	0.8323826229	97.8862911	0.6382041857	1.475504711				0	63.38009805	36.61990195	5.917047489E-05	0	99.99994083				-494.6938353	0.8323826229	NaN	
494.5338353	87	6	7	1	0.8323826229	97.8862911	0.6382041857	1.475504711				0	63.38009805	36.61990195	5.917047489E-05	0	99.99994083				-494.5338353	0.8323826229	NaN	
494.3738353	87	6	7	1	0.8323826229	97.8862911	0.6382041857	1.475504711				0	63.38009805	36.61990195	5.917047489E-05	0	99.99994083				-494.3738353	0.8323826229	NaN	
494.2138353	87	6	7	1	0.8323826229	97.8862911	0.6382041857	1.475504711				0	63.38009805	36.61990195	5.917047489E-05	0	99.99994083				-494.2138353	0.8323826229	NaN	
494.0538353	87	6	7	1	0.8323826229	97.8862911	0.6382041857	1.475504711				0	63.38009805	36.61990195	5.917047489E-05	0	99.99994083				-494.0538353	0.8323826229	NaN	
493.8938353	87	6	7	1	0.8323826229	97.8862911	0.6382041857	1.475504711				0	63.38009805	36.61990195	5.917047489E-05	0	99.99994083				-493.8938353	0.8323826229	NaN	
493.7338353	87	6	7	1	0.8323826229	97.8862911	0.6382041857	1.475504711				0	63.38009805	36.61990195	5.917047489E-05	0	99.99994083				-493.7338353	0.8323826229	NaN	
493.5738353	87	6	7	1	0.8323826229	97.8862911	0.6382041857	1.475504711				0	63.38009805	36.61990195	5.917047489E-05	0	99.99994083				-493.5738353	0.8323826229	NaN	
493.4138353	87	6	7	1	0.8323826229	97.8862911	0.6382041857	1.475504711				0	63.38009805	36.61990195	5.917047489E-05	0	99.99994083				-493.4138353	0.8323826229	NaN	
493.2538353	87	6	7	1	0.8323826229	97.8862911	0.6382041857	1.475504711				0	63.38009805	36.61990195	5.917047489E-05	0	99.99994083				-493.2538353	0.8323826229	NaN	
493.0938353	87	6	7	1	0.8323826229	97.8862911	0.6382041857	1.475504711				0	63.38009805	36.61990195	5.917047489E-05	0	99.99994083				-493.0938353	0.8323826229	NaN	
492.9338353	87	6	7	1	0.8323826229	97.8862911	0.6382041857	1.475504711				0	63.38009805	36.61990195	5.917047489E-05	0	99.99994083				-492.9338353	0.8323826229	NaN	
492.7738353	87	6	7	1	0.8323826229	97.8862911	0.6382041857	1.475504711				0	63.38009805	36.61990195	5.917047489E-05	0	99.99994083				-492.7738353	0.8323826229	NaN	
492.6138353	87	6	7	1	0.8323826229	97.8862911	0.6382041857	1.475504711				0	63.38009805	36.61990195	5.917047489E-05	0	99.99994083				-492.6138353	0.8323826229	NaN	
492.4538353	87	6	7	1	0.8323826229	97.8862911	0.6382041857	1.475504711				0	63.38009805	36.61990195	5.917047489E-05	0	99.99994083				-492.4538353	0.8323826229	NaN	
492.2938353	87	6	7	1	0.8323826229	97.8862911	0.6382041857	1.475504711				0	63.38009805	36.61990195	5.917047489E-05	0	99.99994083				-492.2938353	0.8323826229	NaN	
492.1338353	87	6	7	1	0.8323826229	97.8862911	0.6382041857	1.475504711				0	63.38009805	36.61990195	5.917047489E-05	0	99.99994083				-492.1338353	0.8323826229	NaN	
491.9738353	87	6	7	1	0.8323826229	97.8862911	0.6382041857	1.475504711				0	63.38009805	36.61990195	5.917047489E-05	0	99.99994083				-491.9738353	0.8323826229	NaN	
491.8138353	87	6	7	1	0.8323826229	97.8862911	0.6382041857	1.475504711				0	63.38009805	36.61990195	5.917047489E-05	0	99.99994083				-491.8138353	0.8323826229	NaN	
491.6538353	87	6	7	1	0.8323826229	97.8862911	0.6382041857	1.475504711				0	63.38009805	36.61990195	5.917047489E-05	0	99.99994083				-491.6538353	0.8323826229	NaN	
491.4938353	87	6	7	1	0.8323826229	97.8862911	0.6382041857	1.475504711				0	63.38009805	36.61990195	5.917047489E-05	0	99.99994083				-491.4938353	0.8323826229	NaN	
491.3338353	87	6	7	1	0.8323826229	97.8862911	0.6382041857	1.475504711				0	63.38009805	36.61990195	5.917047489E-05	0	99.99994083				-491.3338353	0.8323826229	NaN	
491.1738353	87	6	7	1	0.8323826229	97.8862911	0.6382041857	1.475504711				0	63.38009805	36.61990195	5.917047489E-05	0	99.99994083				-491.1738353	0.8323826229	NaN	
491.0138353	87	6	7	1	0.8323826229	97.8862911	0.6382041857	1.475504711				0	63.38009805	36.61990195	5.917047489E-05	0	99.99994083				-491.0138353	0.8323826229	NaN	
490.8538353	87	6	7	1	0.8323826229	97.8862911	0.6382041857	1.475504711				0	63.38009805	36.61990195	5.917047489E-05	0	99.99994083				-490.8538353	0.8323826229	NaN	
490.6938353	87	6	7	1	0.8323826229	97.8862911	0.6382041857	1.475504711				0	63.38009805	36.61990195	5.917047489E-05	0	99.99994083				-490.6938353	0.8323826229	NaN	
490.5338353	87	6	7	1	0.8323826229	97.8862911	0.6382041857	1.475504711				0	63.38009805	36.61990195	5.917047489E-05	0	99.99994083				-490.5338353	0.8323826229	NaN	
490.3738353	87	6	7	1	0.8323826229	97.8862911	0.6382041857	1.475504711				0	63.38009805	36.61990195	5.917047489E-05	0	99.99994083				-490.3738353	0.8323826229	NaN	
490.2138353	87	6	7	1	0.8323826229	97.8862911	0.6382041857	1.475504711				0	63.38009805	36.61990195	5.917047489E-05	0	99.99994083				-490.2138353	0.8323826229	NaN	
490.0538353	87	6	7	1	0.8323826229	97.8862911	0.6382041857	1.475504711				0	63.38009805	36.61990195	5.917047489E-05	0	99.99994083				-490.0538353	0.8323826229	NaN	
489.8938353	87	6	7	1	0.8323826229	97.8862911	0.6382041857	1.475504711				0	63.38009805	36.61990195	5.917047489E-05	0	99.99994083				-489.8938353	0.8323826229	NaN	
489.7338353	87	6	7	1	0.8323826229	97.8862911	0.6382041857	1.475504711				0	63.38009805	36.61990195	5.917047489E-05	0	99.99994083				-489.7338353	0.8323826229	NaN	
489.5738353	87	6	7	1	0.8323826229	97.8862911	0.6382041857	1.475504711				0	63.38009805	36.61990195	5.917047489E-05	0	99.99994083				-489.5738353	0.8323826229	NaN	
489.4138353	87	6	7	1	0.8323826229	97.8862911	0.6382041857	1.475504711				0	63.38009805	36.61990195	5.917047489E-05	0	99.99994083				-489.4138353	0.8323826229	NaN	
489.2538353	87	6	7	1	0.8323826229	97.8862911	0.6382041857	1.475504711				0	63.38009805	36.61990195	5.917047489E-05	0	99.99994083				-489.2538353	0.8323826229	NaN	
489.0938353	87	6	7	1	0.8323826229	97.8862911	0.6382041857	1.475504711				0	63.38009805	36.61990195	5.917047489E-05	0	99.99994083				-489.0938353	0.8323826229	NaN	
488.9338353	87	6	7	1	0.8323826229	97.8862911	0.6382041857	1.475504711				0	63.38009805	36.61990195	5.917047489E-05	0	99.99994083				-488.9338353	0.8323826229	NaN	
488.7738353	87	6	7	1	0.8323826229	97.8862911	0.6382041857	1.475504711				0	63.38009805	36.61990195	5.917047489E-05	0	99.99994083				-488.7738353	0.8323826229	NaN	
488.6138353	87	6	7	1	0.8323826229	97.8862911	0.6382041857	1.475504711				0	63.38009805	36.61990195	5.917047489E-05	0	99.99994083				-488.6138353	0.8323826229	NaN	
488.4538353	87	6	7	1	0.8323826229	97.8862911	0.6382041857	1.475504711				0	63.38009805	36.61990195	5.917047489E-05	0	99.99994083				-488.4538353	0.8323826229	NaN	
488.2938353	87	6	7	1	0.8323826229	97.8862911	0.6382041857	1.475504711				0	63.38009805	36.61990195	5.917047489E-05	0	99.99994083				-488.2938353	0.8323826229	NaN	
488.1338353	87	6	7	1	0.8323826229	97.8862911	0.6382041857	1.475504711				0	63.38009805	36.61990195	5.917047489E-05	0	99.99994083				-488.1338353	0.8323826229	NaN	
487.9738353	87	6	7	1	0.8323826229	97.8862911	0.6382041857	1.475504711				0	63.38009805	36.61990195	5.917047489E-05	0	99.99994083				-487.9738353	0.8323826229	NaN	
487.8138353	87	6	7	1	0.8323826229	97.8862911	0.6382041857	1.475504711				0	63.38009805	36.61990195	5.917047489E-05	0	99.99994083				-487.8138353	0.8323826229	NaN	
487.6538353	87	6	7	1	0.8323826229	97.8862911	0.6382041857	1.475504711				0	63.38009805	36.61990195	5.917047489E-05	0	99.99994083				-487.6538353	0.8323826229	NaN	
487.4938353	87	6	7	1	0.8323826229	97.8862911	0.6382041857	1.475504711				0	63.38009805	36.61990195	5.917047489E-05	0	99.99994083				-487.4938353	0.8323826229	NaN	
487.3338353	87	6	7	1	0.8323826229	97.8862911	0.6382041857	1.475504711				0	63.38009805	36.61990195	5.917047489E-05	0	99.99994083				-487.3338353	0.8323826229	NaN	
487.1738353	87	6	7	1	0.8323826229	97.8862911	0.6382041857	1.475504711				0	63.38009805	36.61990195	5.917047489E-05	0	99.99994083				-487.1738353	0.8323826229	NaN	
487.0138353	87	6	7	1	0.8323826229	97.8862911	0.6382041857	1.475504711				0	63.38009805	36.61990195	5.917047489E-05	0	99.99994083				-487.0138353	0.8323826229	NaN	
486.8538353	87	6	7	1	0.8323826229	97.8862911	0.6382041857	1.475504711				0	63.38009805	36.61990195	5.917047489E-05	0	99.99994083				-486.8538353	0.8323826229	NaN	
486.6938353	87	6	7	1	0.8323826229	97.8862911	0.6382041857	1.475504711				0	63.38009805	36.61990195	5.917047489E-05	0	99.99994083				-486.6938353	0.8323826229	NaN	
486.5338353	87	6	7	1	0.8323826229	97.8862911	0.6382041857	1.475504711				0	63.38009805	36.61990195	5.917047489E-05	0	99.99994083				-486.5338353	0.8323826229	NaN	
486.3738353	87	6	7	1	0.8323826229	97.8862911	0.6382041857	1.475504711				0	63.38009805	36.61990195	5.917047489E-05	0	99.99994083				-486.3738353	0.8323826229	NaN	
486.2138353	87	6	7	1	0.8323826229	97.8862911	0.6382041857	1.475504711				0	63.38009805	36.61990195	5.917047489E-05	0	99.99994083				-486.2138353	0.8323826229	NaN	
486.0538353	87	6	7	1	0.8323826229	97.8862911	0.6382041857	1.475504711				0	63.38009805	36.61990195	5.917047489E-05	0	99.99994083				-486.0538353	0.8323826229	NaN	
485.8938353	87	6	7	1	0.8323826229	97.8862911	0.6382041857	1.475504711				0	63.38009805	36.61990195	5.917047489E-05	0	99.99994083				-485.8938353	0.8323826229	NaN	
485.7338353	87	6	7	1	0.8323826229	97.8862911	0.6382041857	1.475504711				0	63.38009805	36.61990195	5.917047489E-05	0	99.99994083				-485.7338353	0.8323826229	NaN	
485.5738353	87	6	7	1	0.8323826229	97.8862911	0.6382041857	1.475504711				0	63.38009805	36.61990195	5.917047489E-05	0	99.99994083				-485.5738353	0.8323826229	NaN	
485.4138353	87	6	7	1	0.8323826229	97.8862911	0.6382041857	1.475504711				0	63.38009805	36.61990195	5.917047489E-05	0	99.99994083				-485.4138353	0.8323826229	NaN	
485.2538353	87	6	7	1	0.8323826229	97.8862911	0.6382041857	1.475504711				0	63.38009805	36.61990195	5.917047489E-05	0	99.99994083				-485.2538353	0.8323826229	NaN	
485.0938353	87	6	7	1	0.8323826229	97.8862911	0.6382041857	1.475504711				0	63.38009805	36.61990195	5.917047489E-05	0	99.99994083				-485.0938353	0.8323826229	NaN	
484.9338353	87	6	7	1	0.8323826229	97.8862911	0.6382041857	1.475504711				0	63.38009805	36.61990195	5.917047489E-05	0	99.99994083				-484.9338353	0.8323826229	NaN	
484.7738353	87	6	7	1	0.8323826229	97.8862911	0.6382041857	1.475504711				0	63.38009805	36.61990195	5.917047489E-05	0	99.99994083				-484.7738353	0.8323826229	NaN	
484.6138353	87	6	7	1	0.8323826229	97.8862911	0.6382041857	1.475504711				0	63.38009805	36.61990195	5.917047489E-05	0	99.99994083				-484.6138353	0.8323826229	NaN	
484.4538353	87	6	7	1	0.8323826229	97.8862911	0.6382041857	1.475504711				0	63.38009805	36.61990195	5.917047489E-05	0	99.99994083				-484.4538353	0.8323826229	NaN	
484.2938353	87	6	7	1	0.8323826229	97.8862911	0.6382041857	1.475504711				0	63.38009805	36.61990195	5.917047489E-05	0	99.99994083				-484.2938353	0.8323826229	NaN	
484.1338353	87	6	7	1	0.8323826229	97.8862911	0.6382041857	1.475504711				0	63.38009805	36.61990195	5.917047489E-05	0	99.99994083				-484.1338353	0.8323826229	NaN	
483.9738353	87	6	7	1	0.8323826229	97.8862911	0.6382041857	1.475504711				0	63.38009805	36.61990195	5.917047489E-05	0	99.99994083				-483.9738353	0.8323826229	NaN	
483.8138353	87	6	7	1	0.8323826229	97.8862911	0.6382041857	1.475504711				0	63.38009805	36.61990195	5.917047489E-05	0	99.99994083				-483.8138353	0.8323826229	NaN	
483.6538353	87	6	7	1	0.8323826229	97.8862911	0.6382041857	1.475504711				0	63.38009805	36.61990195	5.917047489E-05	0	99.99994083				-483.6538353	0.8323826229	NaN	
483.4938353	87	6	7	1	0.8323826229	97.8862911	0.6382041857	1.475504711				0	63.38009805	36.61990195	5.917047489E-05	0	99.99994083				-483.4938353	0.8323826229	NaN	
483.3338353	87	6	7	1	0.8323826229	97.8862911	0.6382041857	1.475504711				0	63.38009805	36.61990195	5.917047489E-05	0	99.99994083				-483.3338353	0.8323826229	NaN	
483.1738353	87	6	7	1	0.8323826229	97.8862911	0.6382041857	1.475504711				0	63.38009805	36.61990195	5.917047489E-05	0	99.99994083				-483.1738353	0.8323826229	NaN	
483.0138353	87	6	7	1	0.8323826229	97.8862911	0.6382041857	1.475504711				0	63.38009805	36.61990195	5.917047489E-05	0	99.99994083				-483.0138353	0.8323826229	NaN	
482.8538353	87	6	7	1	0.8323826229	97.8862911	0.6382041857	1.475504711				0	63.38009805	36.61990195	5.917047489E-05	0	99.99994083				-482.8538353	0.8323826229	NaN	
482.6938353	87	6	7	1	0.8323826229	97.8862911	0.6382041857	1.475504711				0	63.38009805	36.61990195	5.917047489E-05	0	99.99994083				-482.6938353	0.8323826229	NaN	
482.5338353	87	6	7	1	0.8323826229	97.8862911	0.6382041857	1.475504711				0	63.38009805	36.61990195	5.917047489E-05	0	99.99994083				-482.5338353	0.8323826229	NaN	
482.3738353	87	6	7	1	0.8323826229	97.8862911	0.6382041857	1.475504711				0	63.38009805	36.61990195	5.917047489E-05	0	99.99994083				-482.3738353	0.8323826229	NaN	
482.2138353	87	6	7	1	0.8323826229	97.8862911	0.6382041857	1.475504711				0	63.38009805	36.61990195	5.917047489E-05	0	99.99994083				-482.2138353	0.8323826229	NaN	
482.0538353	87	6	7	1	0.8323826229	97.8862911	0.6382041857	1.475504711				0	63.38009805	36.61990195	5.917047489E-05	0	99.99994083				-482.0538353	0.8323826229	NaN	
481.8938353	87	6	7	1	0.8323826229	97.8862911	0.6382041857	1.475504711				0	63.38009805	36.61990195	5.917047489E-05	0	99.99994083				-481.8938353	0.8323826229	NaN	
481.7338353	87	6	7	1	0.8323826229	97.8862911	0.6382041857	1.475504711				0	63.38009805	36.61990195	5.917047489E-05	0	99.99994083				-481.7338353	0.8323826229	NaN	
481.5738353	87	6	7	1	0.8323826229	97.8862911	0.6382041857	1.475504711				0	63.38009805	36.61990195	5.917047489E-05	0	99.99994083				-481.5738353	0.8323826229	NaN	
481.4138353	87	6	7	1	0.8323826229	97.8862911	0.6382041857	1.475504711				0	63.38009805	36.61990195	5.917047489E-05	0	99.99994083				-481.4138353	0.8323826229	NaN	
481.2538353	87	6	7	1	0.8323826229	97.8862911	0.6382041857	1.475504711				0	63.38009805	36.61990195	5.917047489E-05	0	99.99994083				-481.2538353	0.8323826229	NaN	
481.0938353	87	6	7	1	0.8323826229	97.8862911	0.6382041857	1.475504711				0	63.38009805	36.61990195	5.917047489E-05	0	99.99994083				-481.0938353	0.8323826229	NaN	
480.9338353	87	6	7	1	0.8323826229	97.8862911	0.6382041857	1.475504711				0	63.38009805	36.61990195	5.917047489E-05	0	99.99994083				-480.9338353	0.8323826229	NaN	
480.7738353	87	6	7	1	0.8323826229	97.8862911	0.6382041857	1.475504711				0	63.38009805	36.61990195	5.917047489E-05	0	99.99994083				-480.7738353	0.8323826229	NaN	
480.6138353	87	6	7	1	0.8323826229	97.8862911	0.6382041857	1.475504711				0	63.38009805	36.61990195	5.917047489E-05	0	99.99994083				-480.6138353	0.8323826229	NaN	
480.4538353	87	6	7	1	0.8323826229	97.8862911	0.6382041857	1.475504711				0	63.38009805	36.61990195	5.917047489E-05	0	99.99994083				-480.4538353	0.8323826229	NaN	
480.2938353	87	6	7	1	0.8323826229	97.8862911	0.6382041857	1.475504711				0	63.38009805	36.61990195	5.917047489E-05	0	99.99994083				-480.2938353	0.8323826229	NaN	
480.1338353	87	6	7	1	0.8323826229	97.8862911	0.6382041857	1.475504711				0	63.38009805	36.61990195	5.917047489E-05	0	99.99994083				-480.1338353	0.8323826229	NaN	
479.9738353	87	6	7	1	0.8323826229	97.8862911	0.6382041857	1.475504711				0	63.38009805	36.61990195	5.917047489E-05	0	99.99994083				-479.9738353	0.8323826229	NaN	
479.8138353	87	6	7	1	0.8323826229	97.8862911	0.6382041857	1.475504711				0	63.38009805	36.61990195	5.917047489E-05	0	99.99994083				-479.8138353	0.8323826229	NaN	
479.6538353	87	6	7	1	0.8323826229	97.8862911	0.6382041857	1.475504711				0	63.38009805	36.61990195	5.917047489E-05	0	99.99994083				-479.6538353	0.8323826229	NaN	
479.4938353	87	6	7	1	0.8323826229	97.8862911	0.6382041857	1.475504711				0	63.38009805	36.61990195	5.917047489E-05	0	99.99994083				-479.4938353	0.8323826229	NaN	
479.3338353	87	6	7	1	0.8323826229	97.8862911	0.6382041857	1.475504711				0	63.38009805	36.61990195	5.917047489E-05	0	99.99994083				-479.3338353	0.8323826229	NaN	
479.1738353	87	6	7	1	0.8323826229	97.8862911	0.6382041857	1.475504711				0	63.38009805	36.61990195	5.917047489E-05	0	99.99994083				-479.1738353	0.8323826229	NaN	
479.0138353	87	6	7	1	0.8323826229	97.8862911	0.6382041857	1.475504711				0	63.38009805	36.61990195	5.917047489E-05	0	99.99994083				-479.0138353	0.8323826229	NaN	
478.8538353	87	6	7	1	0.8323826229	97.8862911	0.6382041857	1.475504711				0	63.38009805	36.61990195	5.917047489E-05	0	99.99994083				-478.8538353	0.8323826229	NaN	
478.6938353	87	6	7	1	0.8323826229	97.8862911	0.6382041857	1.475504711				0	63.38009805	36.61990195	5.917047489E-05	0	99.99994083				-478.6938353	0.8323826229	NaN	
478.5338353	87	6	7	1	0.8323826229	97.8862911	0.6382041857	1.475504711				0	63.38009805	36.61990195	5.917047489E-05	0	99.99994083				-478.5338353	0.8323826229	NaN	
478.3738353	87	6	7	1	0.8323826229	97.8862911	0.6382041857	1.475504711				0	63.38009805	36.61990195	5.917047489E-05	0	99.99994083				-478.3738353	0.8323826229	NaN	
478.2138353	87	6	7	1	0.8323826229	97.8862911	0.6382041857	1.475504711				0	63.38009805	36.61990195	5.917047489E-05	0	99.99994083				-478.2138353	0.8323826229	NaN	
478.0538353	87	6	7	1	0.8323826229	97.8862911	0.6382041857	1.475504711				0	63.38009805	36.61990195	5.917047489E-05	0	99.99994083				-478.0538353	0.8323826229	NaN	
477.8938353	87	6	7	1	0.8323826229	97.8862911	0.6382041857	1.475504711				0	63.38009805	36.61990195	5.917047489E-05	0	99.99994083				-477.8938353	0.8323826229	NaN	
477.7338353	87	6	7	1	0.8323826229	97.8862911	0.6382041857	1.475504711				0	63.38009805	36.61990195	5.917047489E-05	0	99.99994083				-477.7338353	0.8323826229	NaN	
477.5738353	87	6	7	1	0.8323826229	97.8862911	0.6382041857	1.475504711				0	63.38009805	36.61990195	5.917047489E-05	0	99.99994083				-477.5738353	0.8323826229	NaN	
477.4138353	87	6	7	1	0.8323826229	97.8862911	0.6382041857	1.475504711				0	63.38009805	36.61990195	5.917047489E-05	0	99.99994083				-477.4138353	0.8323826229	NaN	
477.2538353	87	6	7	1	0.8323826229	97.8862911	0.6382041857	1.475504711				0	63.38009805	36.61990195	5.917047489E-05	0	99.99994083				-477.2538353	0.8323826229	NaN	
477.0938353	87	6	7	1	0.8323826229	97.8862911	0.6382041857	1.475504711				0	63.38009805	36.61990195	5.917047489E-05	0	99.99994083				-477.0938353	0.8323826229	NaN	
476.9338353	87	6	7	1	0.8323826229	97.8862911	0.6382041857	1.475504711				0	63.38009805	36.61990195	5.917047489E-05	0	99.99994083				-476.9338353	0.8323826229	NaN	
476.7738353	87	6	7	1	0.8323826229	97.8862911	0.6382041857	1.475504711				0	63.38009805	36.61990195	5.917047489E-05	0	99.99994083				-476.7738353	0.8323826229	NaN	
476.6138353	87	6	7	1	0.8323826229	97.8862911	0.6382041857	1.475504711				0	63.38009805	36.61990195	5.917047489E-05	0	99.99994083				-476.6138353	0.8323826229	NaN	
476.4538353	87	6	7	1	0.8323826229	97.8862911	0.6382041857	1.475504711				0	63.38009805	36.61990195	5.917047489E-05	0	99.99994083				-476.4538353	0.8323826229	NaN	
476.2938353	87	6	7	1	0.8323826229	97.8862911	0.6382041857	1.475504711				0	63.38009805	36.61990195	5.917047489E-05	0	99.99994083				-476.2938353	0.8323826229	NaN	
476.1338353	87	6	7	1	0.8323826229	97.8862911	0.6382041857	1.475504711				0	63.38009805	36.61990195	5.917047489E-05	0	99.99994083				-476.1338353	0.8323826229	NaN	
475.9738353	87	6	7	1	0.8323826229	97.8862911	0.6382041857	1.475504711				0	63.38009805	36.61990195	5.917047489E-05	0	99.99994083				-475.9738353	0.8323826229	NaN	
475.8138353	87	6	7	1	0.8323826229	97.8862911	0.6382041857	1.475504711				0	63.38009805	36.61990195	5.917047489E-05	0	99.99994083				-475.8138353	0.8323826229	NaN	
475.6538353	87	6	7	1	0.8323826229	97.8862911	0.6382041857	1.475504711				0	63.38009805	36.61990195	5.917047489E-05	0	99.99994083				-475.6538353	0.8323826229	NaN	
475.4938353	87	6	7	1	0.8323826229	97.8862911	0.6382041857	1.475504711				0	63.38009805	36.61990195	5.917047489E-05	0	99.99994083				-475.4938353	0.8323826229	NaN	
475.3338353	87	6	7	1	0.8323826229	97.8862911	0.6382041857	1.475504711				0	63.38009805	36.61990195	5.917047489E-05	0	99.99994083				-475.3338353	0.8323826229	NaN	
475.1738353	87	6	7	1	0.8323826229	97.8862911	0.6382041857	1.475504711				0	63.38009805	36.61990195	5.917047489E-05	0	99.99994083				-475.1738353	0.8323826229	NaN	
475.0138353	87	6	7	1	0.8323826229	97.8862911	0.6382041857	1.475504711				0	63.38009805	36.61990195	5.917047489E-05	0	99.99994083				-475.0138353	0.8323826229	NaN	
474.8538353	87	6	7	1	0.8323826229	97.8862911	0.6382041857	1.475504711				0	63.38009805	36.61990195	5.917047489E-05	0	99.99994083				-474.8538353	0.8323826229	NaN	
474.6938353	87	6	7	1	0.8323826229	97.8862911	0.6382041857	1.475504711				0	63.38009805	36.61990195	5.917047489E-05	0	99.99994083				-474.6938353	0.8323826229	NaN	
474.5338353	87	6	7	1	0.8323826229	97.8862911	0.6382041857	1.475504711				0	63.38009805	36.61990195	5.917047489E-05	0	99.99994083				-474.5338353	0.8323826229	NaN	
474.3738353	87	6	7	1	0.8323826229	97.8862911	0.6382041857	1.475504711				0	63.38009805	36.61990195	5.917047489E-05	0	99.99994083				-474.3738353	0.8323826229	NaN	
474.2138353	87	6	7	1	0.8323826229	97.8862911	0.6382041857	1.475504711				0	63.38009805	36.61990195	5.917047489E-05	0	99.99994083				-474.2138353	0.8323826229	NaN	
474.0538353	87	6	7	1	0.8323826229	97.8862911	0.6382041857	1.475504711				0	63.38009805	36.61990195	5.917047489E-05	0	99.99994083				-474.0538353	0.8323826229	NaN	
473.8938353	87	6	7	1	0.8323826229	97.8862911	0.6382041857	1.475504711				0	63.38009805	36.61990195	5.917047489E-05	0	99.99994083				-473.8938353	0.8323826229	NaN	
473.7338353	87	6	7	1	0.8323826229	97.8862911	0.6382041857	1.475504711				0	63.38009805	36.61990195	5.917047489E-05	0	99.99994083				-473.7338353	0.8323826229	NaN	
473.5738353	87	6	7	1	0.8323826229	97.8862911	0.6382041857	1.475504711				0	63.38009805	36.61990195	5.917047489E-05	0	99.99994083				-473.5738353	0.8323826229	NaN	
473.4138353	87	6	7	1	0.8323826229	97.8862911	0.6382041857	1.475504711				0	63.38009805	36.61990195	5.917047489E-05	0	99.99994083				-473.4138353	0.8323826229	NaN	
473.2538353	87	6	7	1	0.8323826229	97.8862911	0.6382041857	1.475504711				0	63.38009805	36.61990195	5.917047489E-05	0	99.99994083				-473.2538353	0.8323826229	NaN	
473.0938353	87	6	7	1	0.8323826229	97.8862911	0.6382041857	1.475504711				0	63.38009805	36.61990195	5.917047489E-05	0	99.99994083				-473.0938353	0.8323826229	NaN	
472.9338353	87	6	7	1	0.8323826229	97.8862911	0.6382041857	1.475504711				0	63.38009805	36.61990195	5.917047489E-05	0	99.99994083				-472.9338353	0.8323826229	NaN	
472.7738353	87	6	7	1	0.8323826229	97.8862911	0.6382041857	1.475504711				0	63.38009805	36.61990195	5.917047489E-05	0	99.99994083				-472.7738353	0.8323826229	NaN	
472.6138353	87	6	7	1	0.8323826229	97.8862911	0.6382041857	1.475504711				0	63.38009805	36.61990195	5.917047489E-05	0	99.99994083				-472.6138353	0.8323826229	NaN	
472.4538353	87	6	7	1	0.8323826229	97.8862911	0.6382041857	1.475504711				0	63.38009805	36.61990195	5.917047489E-05	0	99.99994083				-472.4538353	0.8323826229	NaN	
472.2938353	87	6	7	1	0.8323826229	97.8862911	0.6382041857	1.475504711				0	63.38009805	36.61990195	5.917047489E-05	0	99.99994083				-472.2938353	0.8323826229	NaN	
472.1338353	87	6	7	1	0.8323826229	97.8862911	0.6382041857	1.475504711				0	63.38009805	36.61990195	5.917047489E-05	0	99.99994083				-472.1338353	0.8323826229	NaN	
471.9738353	87	6	7	1	0.8323826229	97.8862911	0.6382041857	1.475504711				0	63.38009805	36.61990195	5.917047489E-05	0	99.99994083				-471.9738353	0.8323826229	NaN	
471.8138353	87	6	7	1	0.8323826229	97.8862911	0.6382041857	1.475504711				0	63.38009805	36.61990195	5.917047489E-05	0	99.99994083				-471.8138353	0.8323826229	NaN	
471.6538353	87	6	7	1	0.8323826229	97.8862911	0.6382041857	1.475504711				0	63.38009805	36.61990195	5.917047489E-05	0	99.99994083				-471.6538353	0.8323826229	NaN	
471.4938353	87	6	7	1	0.8323826229	97.8862911	0.6382041857	1.475504711				0	63.38009805	36.61990195	5.917047489E-05	0	99.99994083				-471.4938353	0.8323826229	NaN	
471.3338353	87	6	7	1	0.8323826229	97.8862911	0.6382041857	1.475504711				0	63.38009805	36.61990195	5.917047489E-05	0	99.99994083				-471.3338353	0.8323826229	NaN	
471.1738353	87	6	7	1	0.8323826229	97.8862911	0.6382041857	1.475504711				0	63.38009805	36.61990195	5.917047489E-05	0	99.99994083				-471.1738353	0.8323826229	NaN	
471.0138353	87	6	7	1	0.8323826229	97.8862911	0.6382041857	1.475504711				0	63.38009805	36.61990195	5.917047489E-05	0	99.99994083				-471.0138353	0.8323826229	NaN	
470.8538353	87	6	7	1	0.8323826229	97.8862911	0.6382041857	1.475504711				0	63.38009805	36.61990195	5.917047489E-05	0	99.99994083				-470.8538353	0.8323826229	NaN	
470.6938353	87	6	7	1	0.8323826229	97.8862911	0.6382041857	1.475504711				0	63.38009805	36.61990195	5.917047489E-05	0	99.99994083				-470.6938353	0.8323826229	NaN	
470.5338353	87	6	7	1	0.8323826229	97.8862911	0.6382041857	1.475504711				0	63.38009805	36.61990195	5.917047489E-05	0	99.99994083				-470.5338353	0.8323826229	NaN	
470.3738353	87	6	7	1	0.8323826229	97.8862911	0.6382041857	1.475504711				0	63.38009805	36.61990195	5.917047489E-05	0	99.99994083				-470.3738353	0.8323826229	NaN	
470.2138353	87	6	7	1	0.8323826229	97.8862911	0.6382041857	1.475504711				0	63.38009805	36.61990195	5.917047489E-05	0	99.99994083				-470.2138353	0.8323826229	NaN	
470.0538353	87	6	7	1	0.8323826229	97.8862911	0.6382041857	1.475504711				0	63.38009805	36.61990195	5.917047489E-05	0	99.99994083				-470.0538353	0.8323826229	NaN	
469.8938353	87	6	7	1	0.8323826229	97.8862911	0.6382041857	1.475504711				0	63.38009805	36.61990195	5.917047489E-05	0	99.99994083				-469.8938353	0.8323826229	NaN	
469.7338353	87	6	7	1	0.8323826229	97.8862911	0.6382041857	1.475504711				0	63.38009805	36.61990195	5.917047489E-05	0	99.99994083				-469.7338353	0.8323826229	NaN	
469.5738353	87	6	7	1	0.8323826229	97.8862911	0.6382041857	1.475504711				0	63.38009805	36.61990195	5.917047489E-05	0	99.99994083				-469.5738353	0.8323826229	NaN	
469.4138353	87	6	7	1	0.8323826229	97.8862911	0.6382041857	1.475504711				0	63.38009805	36.61990195	5.917047489E-05	0	99.99994083				-469.4138353	0.8323826229	NaN	
469.2538353	87	6	7	1	0.8323826229	97.8862911	0.6382041857	1.475504711				0	63.38009805	36.61990195	5.917047489E-05	0	99.99994083				-469.2538353	0.8323826229	NaN	
469.0938353	87	6	7	1	0.8323826229	97.8862911	0.6382041857	1.475504711				0	63.38009805	36.61990195	5.917047489E-05	0	99.99994083				-469.0938353	0.8323826229	NaN	
468.9338353	87	6	7	1	0.8323826229	97.8862911	0.6382041857	1.475504711				0	63.38009805	36.61990195	5.917047489E-05	0	99.99994083				-468.9338353	0.8323826229	NaN	
468.7738353	87	6	7	1	0.8323826229	97.8862911	0.6382041857	1.475504711				0	63.38009805	36.61990195	5.917047489E-05	0	99.99994083				-468.7738353	0.8323826229	NaN	
468.6138353	87	6	7	1	0.8323826229	97.8862911	0.6382041857	1.475504711				0	63.38009805	36.61990195	5.917047489E-05	0	99.99994083				-468.6138353	0.8323826229	NaN	
468.4538353	87	6	7	1	0.8323826229	97.8862911	0.6382041857	1.475504711				0	63.38009805	36.61990195	5.917047489E-05	0	99.99994083				-468.4538353	0.8323826229	NaN	
468.2938353	87	6	7	1	0.8323826229	97.8862911	0.6382041857	1.475504711				0	63.38009805	36.61990195	5.917047489E-05	0	99.99994083				-468.2938353	0.8323826229	NaN	
468.1338353	87	6	7	1	0.8323826229	97.8862911	0.6382041857	1.475504711				0	63.38009805	36.61990195	5.917047489E-05	0	99.99994083				-468.1338353	0.8323826229	NaN	
467.9738353	87	6	7	1	0.8323826229	97.8862911	0.6382041857	1.475504711				0	63.38009805	36.61990195	5.917047489E-05	0	99.99994083				-467.9738353	0.8323826229	NaN	
467.8138353	87	6	7	1	0.8323826229	97.8862911	0.6382041857	1.475504711				0	63.38009805	36.61990195	5.917047489E-05	0	99.99994083				-467.8138353	0.8323826229	NaN	
467.6538353	87	6	7	1	0.8323826229	97.8862911	0.6382041857	1.475504711				0	63.38009805	36.61990195	5.917047489E-05	0	99.99994083				-467.6538353	0.8323826229	NaN	
467.4938353	87	6	7	1	0.8323826229	97.8862911	0.6382041857	1.475504711				0	63.38009805	36.61990195	5.917047489E-05	0	99.99994083				-467.4938353	0.8323826229	NaN	
467.3338353	87	6	7	1	0.8323826229	97.8862911	0.6382041857	1.475504711				0	63.38009805	36.61990195	5.917047489E-05	0	99.99994083				-467.3338353	0.8323826229	NaN	
467.1738353	87	6	7	1	0.8323826229	97.8862911	0.6382041857	1.475504711				0	63.38009805	36.61990195	5.917047489E-05	0	99.99994083				-467.1738353	0.8323826229	NaN	
467.0138353	87	6	7	1	0.8323826229	97.8862911	0.6382041857	1.475504711				0	63.38009805	36.61990195	5.917047489E-05	0	99.99994083				-467.0138353	0.8323826229	NaN	
466.8538353	87	6	7	1	0.8323826229	97.8862911	0.6382041857	1.475504711				0	63.38009805	36.61990195	5.917047489E-05	0	99.99994083				-466.8538353	0.8323826229	NaN	
466.6938353	87	6	7	1	0.8323826229	97.8862911	0.6382041857	1.475504711				0	63.38009805	36.61990195	5.917047489E-05	0	99.99994083				-466.6938353	0.8323826229	NaN	
466.5338353	87	6	7	1	0.8323826229	97.8862911	0.6382041857	1.475504711				0	63.38009805	36.61990195	5.917047489E-05	0	99.99994083				-466.5338353	0.8323826229	NaN	
466.3738353	87	6	7	1	0.8323826229	97.8862911	0.6382041857	1.475504711				0	63.38009805	36.61990195	5.917047489E-05	0	99.99994083				-466.3738353	0.8323826229	NaN	
466.2138353	87	6	7	1	0.8323826229	97.8862911	0.6382041857	1.475504711				0	63.38009805	36.61990195	5.917047489E-05	0	99.99994083				-466.2138353	0.8323826229	NaN	
466.0538353	87	6	7	1	0.8323826229	97.8862911	0.6382041857	1.475504711				0	63.38009805	36.61990195	5.917047489E-05	0	99.99994083				-466.0538353	0.8323826229	NaN	
465.8938353	87	6	7	1	0.8323826229	97.8862911	0.6382041857	1.475504711				0	63.38009805	36.61990195	5.917047489E-05	0	99.99994083				-465.8938353	0.8323826229	NaN	
465.7338353	87	6	7	1	0.8323826229	97.8862911	0.6382041857	1.475504711				0	63.38009805	36.61990195	5.917047489E-05	0	99.99994083				-465.7338353	0.8323826229	NaN	
465.5738353	87	6	7	1	0.8323826229	97.8862911	0.6382041857	1.475504711				0	63.38009805	36.61990195	5.917047489E-05	0	99.99994083				-465.5738353	0.8323826229	NaN	
465.4138353	87	6	7	1	0.8323826229	97.8862911	0.6382041857	1.475504711				0	63.38009805	36.61990195	5.917047489E-05	0	99.99994083				-465.4138353	0.8323826229	NaN	
465.2538353	87	6	7	1	0.8323826229	97.8862911	0.6382041857	1.475504711				0	63.38009805	36.61990195	5.917047489E-05	0	99.99994083				-465.2538353	0.8323826229	NaN	
465.0938353	87	6	7	1	0.8323826229	97.8862911	0.6382041857	1.475504711				0	63.38009805	36.61990195	5.917047489E-05	0	99.99994083				-465.0938353	0.8323826229	NaN	
464.9338353	87	6	7	1	0.8323826229	97.8862911	0.6382041857	1.475504711				0	63.38009805	36.61990195	5.917047489E-05	0	99.99994083				-464.9338353	0.8323826229	NaN	
464.7738353	87	6	7	1	0.8323826229	97.8862911	0.6382041857	1.475504711				0	63.38009805	36.61990195	5.917047489E-05	0	99.99994083				-464.7738353	0.8323826229	NaN	
464.6138353	87	6	7	1	0.8323826229	97.8862911	0.6382041857	1.475504711				0	63.38009805	36.61990195	5.917047489E-05	0	99.99994083				-464.6138353	0.8323826229	NaN	
464.4538353	87	6	7	1	0.8323826229	97.8862911	0.6382041857	1.475504711				0	63.38009805	36.61990195	5.917047489E-05	0	99.99994083				-464.4538353	0.8323826229	NaN	
464.2938353	87	6	7	1	0.8323826229	97.8862911	0.6382041857	1.475504711				0	63.38009805	36.61990195	5.917047489E-05	0	99.99994083				-464.2938353	0.8323826229	NaN	
464.1338353	87	6	7	1	0.8323826229	97.8862911	0.6382041857	1.475504711				0	63.38009805	36.61990195	5.917047489E-05	0	99.99994083				-464.1338353	0.8323826229	NaN	
463.9738353	87	6	7	1	0.8323826229	97.8862911	0.6382041857	1.475504711				0	63.38009805	36.61990195	5.917047489E-05	0	99.99994083				-463.9738353	0.8323826229	NaN	
463.8138353	87	6	7	1	0.8323826229	97.8862911	0.6382041857	1.475504711				0	63.38009805	36.61990195	5.917047489E-05	0	99.99994083				-463.8138353	0.8323826229	NaN	
463.6538353	87	6	7	1	0.8323826229	97.8862911	0.6382041857	1.475504711				0	63.38009805	36.61990195	5.917047489E-05	0	99.99994083				-463.6538353	0.8323826229	NaN	
463.4938353	87	6	7	1	0.8323826229	97.8862911	0.6382041857	1.475504711				0	63.38009805	36.61990195	5.917047489E-05	0	99.99994083				-463.4938353	0.8323826229	NaN	
463.3338353	87	6	7	1	0.8323826229	97.8862911	0.6382041857	1.475504711				0	63.38009805	36.61990195	5.917047489E-05	0	99.99994083				-463.3338353	0.8323826229	NaN	
463.1738353	87	6	7	1	0.8323826229	97.8862911	0.6382041857	1.475504711				0	63.38009805	36.61990195	5.917047489E-05	0	99.99994083				-463.1738353	0.8323826229	NaN	
463.0138353	87	6	7	1	0.8323826229	97.8862911	0.6382041857	1.475504711				0	63.38009805	36.61990195	5.917047489E-05	0	99.99994083				-463.0138353	0.8323826229	NaN	
462.8538353	87	6	7	1	0.8323826229	97.8862911	0.6382041857	1.475504711				0	63.38009805	36.61990195	5.917047489E-05	0	99.99994083				-462.8538353	0.8323826229	NaN	
462.6938353	87	6	7	1	0.8323826229	97.8862911	0.6382041857	1.475504711				0	63.38009805	36.61990195	5.917047489E-05	0	99.99994083				-462.6938353	0.8323826229	NaN	
462.5338353	87	6	7	1	0.8323826229	97.8862911	0.6382041857	1.475504711				0	63.38009805	36.61990195	5.917047489E-05	0	99.99994083				-462.5338353	0.8323826229	NaN	
462.3738353	87	6	7	1	0.8323826229	97.8862911	0.6382041857	1.475504711				0	63.38009805	36.61990195	5.917047489E-05	0	99.99994083				-462.3738353	0.8323826229	NaN	
462.2138353	87	6	7	1	0.8323826229	97.8862911	0.6382041857	1.475504711				0	63.38009805	36.61990195	5.917047489E-05	0	99.99994083				-462.2138353	0.8323826229	NaN	
462.0538353	87	6	7	1	0.8323826229	97.8862911	0.6382041857	1.475504711				0	63.38009805	36.61990195	5.917047489E-05	0	99.99994083				-462.0538353	0.8323826229	NaN	
461.8938353	87	6	7	1	0.8323826229	97.8862911	0.6382041857	1.475504711				0	63.38009805	36.61990195	5.917047489E-05	0	99.99994083				-461.8938353	0.8323826229	NaN	
461.7338353	87	6	7	1	0.8323826229	97.8862911	0.6382041857	1.475504711				0	63.38009805	36.61990195	5.917047489E-05	0	99.99994083				-461.7338353	0.8323826229	NaN	
461.5738353	87	6	7	1	0.8323826229	97.8862911	0.6382041857	1.475504711				0	63.38009805	36.61990195	5.917047489E-05	0	99.99994083				-461.5738353	0.8323826229	NaN	
461.4138353	87	6	7	1	0.8323826229	97.8862911	0.6382041857	1.475504711				0	63.38009805	36.61990195	5.917047489E-05	0	99.99994083				-461.4138353	0.8323826229	NaN	
461.2538353	87	6	7	1	0.8323826229	97.8862911	0.6382041857	1.475504711				0	63.38009805	36.61990195	5.917047489E-05	0	99.99994083				-461.2538353	0.8323826229	NaN	
461.0938353	87	6	7	1	0.8323826229	97.8862911	0.6382041857	1.475504711				0	63.38009805	36.61990195	5.917047489E-05	0	99.99994083				-461.0938353	0.8323826229	NaN	
460.9338353	87	6	7	1	0.8323826229	97.8862911	0.6382041857	1.475504711				0	63.38009805	36.61990195	5.917047489E-05	0	99.99994083				-460.9338353	0.8323826229	NaN	
460.7738353	87	6	7	1	0.8323826229	97.8862911	0.6382041857	1.475504711				0	63.38009805	36.61990195	5.917047489E-05	0	99.99994083				-460.7738353	0.8323826229	NaN	
460.6138353	87	6	7	1	0.8323826229	97.8862911	0.6382041857	1.475504711				0	63.38009805	36.61990195	5.917047489E-05	0	99.99994083				-460.6138353	0.8323826229	NaN	
460.4538353	87	6	7	1	0.8323826229	97.8862911	0.6382041857	1.475504711				0	63.38009805	36.61990195	5.917047489E-05	0	99.99994083				-460.4538353	0.8323826229	NaN	
460.2938353	87	6	7	1	0.8323826229	97.8862911	0.6382041857	1.475504711				0	63.38009805	36.61990195	5.917047489E-05	0	99.99994083				-460.2938353	0.8323826229	NaN	
460.1338353	87	6	7	1	0.8323826229	97.8862911	0.6382041857	1.475504711				0	63.38009805	36.61990195	5.917047489E-05	0	99.99994083				-460.1338353	0.8323826229	NaN	
459.9738353	87	6	7	1	0.8323826229	97.8862911	0.6382041857	1.475504711				0	63.38009805	36.61990195	5.917047489E-05	0	99.99994083				-459.9738353	0.8323826229	NaN	
459.8138353	87	6	7	1	0.8323826229	97.8862911	0.6382041857	1.475504711				0	63.38009805	36.61990195	5.917047489E-05	0	99.99994083				-459.8138353	0.8323826229	NaN	
459.6538353	87	6	7	1	0.8323826229	97.8862911	0.6382041857	1.475504711				0	63.38009805	36.61990195	5.917047489E-05	0	99.99994083				-459.6538353	0.8323826229	NaN	
459.4938353	87	6	7	1	0.8323826229	97.8862911	0.6382041857	1.475504711				0	63.38009805	36.61990195	5.917047489E-05	0	99.99994083				-459.4938353	0.8323826229	NaN	
459.3338353	87	6	7	1	0.8323826229	97.8862911	0.6382041857	1.475504711				0	63.38009805	36.61990195	5.917047489E-05	0	99.99994083				-459.3338353	0.8323826229	NaN	
459.1738353	87	6	7	1	0.8323826229	97.8862911	0.6382041857	1.475504711				0	63.38009805	36.61990195	5.917047489E-05	0	99.99994083				-459.1738353	0.8323826229	NaN	
459.0138353	87	6	7	1	0.8323826229	97.8862911	0.6382041857	1.475504711				0	63.38009805	36.61990195	5.917047489E-05	0	99.99994083				-459.0138353	0.8323826229	NaN	
458.8538353	87	6	7	1	0.8323826229	97.8862911	0.6382041857	1.475504711				0	63.38009805	36.61990195	5.917047489E-05	0	99.99994083				-458.8538353	0.8323826229	NaN	
458.6938353	87	6	7	1	0.8323826229	97.8862911	0.6382041857	1.475504711				0	63.38009805	36.61990195	5.917047489E-05	0	99.99994083				-458.6938353	0.8323826229	NaN	
458.5338353	87	6	7	1	0.8323826229	97.8862911	0.6382041857	1.475504711				0	63.38009805	36.61990195	5.917047489E-05	0	99.99994083				-458.5338353	0.8323826229	NaN	
458.3738353	87	6	7	1	0.8323826229	97.8862911	0.6382041857	1.475504711				0	63.38009805	36.61990195	5.917047489E-05	0	99.99994083				-458.3738353	0.8323826229	NaN	
458.2138353	87	6	7	1	0.8323826229	97.8862911	0.6382041857	1.475504711				0	63.38009805	36.61990195	5.917047489E-05	0	99.99994083				-458.2138353	0.8323826229	NaN	
458.0538353	87	6	7	1	0.8323826229	97.8862911	0.6382041857	1.475504711				0	63.38009805	36.61990195	5.917047489E-05	0	99.99994083				-458.0538353	0.8323826229	NaN	
457.8938353	87	6	7	1	0.8323826229	97.8862911	0.6382041857	1.475504711				0	63.38009805	36.61990195	5.917047489E-05	0	99.99994083				-457.8938353	0.8323826229	NaN	
457.7338353	87	6	7	1	0.8323826229	97.8862911	0.6382041857	1.475504711				0	63.38009805	36.61990195	5.917047489E-05	0	99.99994083				-457.7338353	0.8323826229	NaN	
457.5738353	87	6	7	1	0.8323826229	97.8862911	0.6382041857	1.475504711				0	63.38009805	36.61990195	5.917047489E-05	0	99.99994083				-457.5738353	0.8323826229	NaN	
457.4138353	87	6	7	1	0.8323826229	97.8862911	0.6382041857	1.475504711				0	63.38009805	36.61990195	5.917047489E-05	0	99.99994083				-457.4138353	0.8323826229	NaN	
457.2538353	87	6	7	1	0.8323826229	97.8862911	0.6382041857	1.475504711				0	63.38009805	36.61990195	5.917047489E-05	0	99.99994083				-457.2538353	0.8323826229	NaN	
457.0938353	87	6	7	1	0.8323826229	97.8862911	0.6382041857	1.475504711				0	63.38009805	36.61990195	5.917047489E-05	0	99.99994083				-457.0938353	0.8323826229	NaN	
456.9338353	87	6	7	1	0.8323826229	97.8862911	0.6382041857	1.475504711				0	63.38009805	36.61990195	5.917047489E-05	0	99.99994083				-456.9338353	0.8323826229	NaN	
456.7738353	87	6	7	1	0.8323826229	97.8862911	0.6382041857	1.475504711				0	63.38009805	36.61990195	5.917047489E-05	0	99.99994083				-456.7738353	0.8323826229	NaN	
456.6138353	87	6	7	1	0.8323826229	97.8862911	0.6382041857	1.475504711				0	63.38009805	36.61990195	5.917047489E-05	0	99.99994083				-456.6138353	0.8323826229	NaN	
456.4538353	87	6	7	1	0.8323826229	97.8862911	0.6382041857	1.475504711				0	63.38009805	36.61990195	5.917047489E-05	0	99.99994083				-456.4538353	0.8323826229	NaN	
456.2938353	87	6	7	1	0.8323826229	97.8862911	0.6382041857	1.475504711				0	63.38009805	36.61990195	5.917047489E-05	0	99.99994083				-456.2938353	0.8323826229	NaN	
456.1338353	87	6	7	1	0.8323826229	97.8862911	0.6382041857	1.475504711				0	63.38009805	36.61990195	5.917047489E-05	0	99.99994083				-456.1338353	0.8323826229	NaN	
455.9738353	87	6	7	1	0.8323826229	97.8862911	0.6382041857	1.475504711				0	63.38009805	36.61990195	5.917047489E-05	0	99.99994083				-455.9738353	0.8323826229	NaN	
455.8138353	87	6	7	1	0.8323826229	97.8862911	0.6382041857	1.475504711				0	63.38009805	36.61990195	5.917047489E-05	0	99.99994083				-455.8138353	0.8323826229	NaN	
455.6538353	87	6	7	1	0.8323826229	97.8862911	0.6382041857	1.475504711				0	63.38009805	36.61990195	5.917047489E-05	0	99.99994083				-455.6538353	0.8323826229	NaN	
455.4938353	87	6	7	1	0.8323826229	97.8862911	0.6382041857	1.475504711				0	63.38009805	36.61990195	5.917047489E-05	0	99.99994083				-455.4938353	0.8323826229	NaN	
455.3338353	87	6	7	1	0.8323826229	97.8862911	0.6382041857	1.475504711				0	63.38009805	36.61990195	5.917047489E-05	0	99.99994083				-455.3338353	0.8323826229	NaN	
455.1738353	87	6	7	1	0.8323826229	97.8862911	0.6382041857	1.475504711				0	63.38009805	36.61990195	5.917047489E-05	0	99.99994083				-455.1738353	0.8323826229	NaN	
455.0138353	87	6	7	1	0.8323826229	97.8862911	0.6382041857	1.475504711				0	63.38009805	36.61990195	5.917047489E-05	0	99.99994083				-455.0138353	0.8323826229	NaN	
454.8538353	87	6	7	1	0.8323826229	97.8862911	0.6382041857	1.475504711				0	63.38009805	36.61990195	5.917047489E-05	0	99.99994083				-454.8538353	0.8323826229	NaN	
454.6938353	87	6	7	1	0.8323826229	97.8862911	0.6382041857	1.475504711				0	63.38009805	36.61990195	5.917047489E-05	0	99.99994083				-454.6938353	0.8323826229	NaN	
454.5338353	87	6	7	1	0.8323826229	97.8862911	0.6382041857	1.475504711				0	63.38009805	36.61990195	5.917047489E-05	0	99.99994083				-454.5338353	0.8323826229	NaN	
454.3738353	87	6	7	1	0.8323826229	97.8862911	0.6382041857	1.475504711				0	63.38009805	36.61990195	5.917047489E-05	0	99.99994083				-454.3738353	0.8323826229	NaN	
454.2138353	87	6	7	1	0.8323826229	97.8862911	0.6382041857	1.475504711				0	63.38009805	36.61990195	5.917047489E-05	0	99.99994083				-454.2138353	0.8323826229	NaN	
454.0538353	87	6	7	1	0.8323826229	97.8862911	0.6382041857	1.475504711				0	63.38009805	36.61990195	5.917047489E-05	0	99.99994083				-454.0538353	0.8323826229	NaN	
453.8938353	87	6	7	1	0.8323826229	97.8862911	0.6382041857	1.475504711				0	63.38009805	36.61990195	5.917047489E-05	0	99.99994083				-453.8938353	0.8323826229	NaN	
453.7338353	87	6	7	1	0.8323826229	97.8862911	0.6382041857	1.475504711				0	63.38009805	36.61990195	5.917047489E-05	0	99.99994083				-453.7338353	0.8323826229	NaN	
453.5738353	87	6	7	1	0.8323826229	97.8862911	0.6382041857	1.475504711				0	63.38009805	36.61990195	5.917047489E-05	0	99.99994083				-453.5738353	0.8323826229	NaN	
453.4138353	87	6	7	1	0.8323826229	97.8862911	0.6382041857	1.475504711				0	63.38009805	36.61990195	5.917047489E-05	0	99.99994083				-453.4138353	0.8323826229	NaN	
453.2538353	87	6	7	1	0.8323826229	97.8862911	0.6382041857	1.475504711				0	63.38009805	36.61990195	5.917047489E-05	0	99.99994083				-453.2538353	0.8323826229	NaN	
453.0938353	87	6	7	1	0.8323826229	97.8862911	0.6382041857	1.475504711				0	63.38009805	36.61990195	5.917047489E-05	0	99.99994083				-453.0938353	0.8323826229	NaN	
452.9338353	87	6	7	1	0.8323826229	97.8862911	0.6382041857	1.475504711				0	63.38009805	36.61990195	5.917047489E-05	0	99.99994083				-452.9338353	0.8323826229	NaN	
452.7738353	87	6	7	1	0.8323826229	97.8862911	0.6382041857	1.475504711				0	63.38009805	36.61990195	5.917047489E-05	0	99.99994083				-452.7738353	0.8323826229	NaN	
452.6138353	87	6	7	1	0.8323826229	97.8862911	0.6382041857	1.475504711				0	63.38009805	36.61990195	5.917047489E-05	0	99.99994083				-452.6138353	0.8323826229	NaN	
452.4538353	87	6	7	1	0.8323826229	97.8862911	0.6382041857	1.475504711				0	63.38009805	36.61990195	5.917047489E-05	0	99.99994083				-452.4538353	0.8323826229	NaN	
452.2938353	87	6	7	1	0.8323826229	97.8862911	0.6382041857	1.475504711				0	63.38009805	36.61990195	5.917047489E-05	0	99.99994083				-452.2938353	0.8323826229	NaN	
452.1338353	87	6	7	1	0.8323826229	97.8862911	0.6382041857	1.475504711				0	63.38009805	36.61990195	5.917047489E-05	0	99.99994083				-452.1338353	0.8323826229	NaN	
451.9738353	87	6	7	1	0.8323826229	97.8862911	0.6382041857	1.475504711				0	63.38009805	36.61990195	5.917047489E-05	0	99.99994083				-451.9738353	0.8323826229	NaN	
451.8138353	87	6	7	1	0.8323826229	97.8862911	0.6382041857	1.475504711				0	63.38009805	36.61990195	5.917047489E-05	0	99.99994083				-451.8138353	0.8323826229	NaN	
451.6538353	87	6	7	1	0.8323826229	97.8862911	0.6382041857	1.475504711				0	63.38009805	36.61990195	5.917047489E-05	0	99.99994083				-451.6538353	0.8323826229	NaN	
451.4938353	87	6	7	1	0.8323826229	97.8862911	0.6382041857	1.475504711				0	63.38009805	36.61990195	5.917047489E-05	0	99.99994083				-451.4938353	0.8323826229	NaN	
451.3338353	87	6	7	1	0.8323826229	97.8862911	0.6382041857	1.475504711				0	63.38009805	36.61990195	5.917047489E-05	0	99.99994083				-451.3338353	0.8323826229	NaN	
451.1738353	87	6	7	1	0.8323826229	97.8862911	0.6382041857	1.475504711				0	63.38009805	36.61990195	5.917047489E-05	0	99.99994083				-451.1738353	0.8323826229	NaN	
451.0138353	87	6	7	1	0.8323826229	97.8862911	0.6382041857	1.475504711				0	63.38009805	36.61990195	5.917047489E-05	0	99.99994083				-451.0138353	0.8323826229	NaN	
450.8538353	87	6	7	1	0.8323826229	97.8862911	0.6382041857	1.475504711				0	63.38009805	36.61990195	5.917047489E-05	0	99.99994083				-450.8538353	0.8323826229	NaN	
450.6938353	87	6	7	1	0.8323826229	97.8862911	0.6382041857	1.475504711				0	63.38009805	36.61990195	5.917047489E-05	0	99.99994083				-450.6938353	0.8323826229	NaN	
450.5338353	87	6	7	1	0.8323826229	97.8862911	0.6382041857	1.475504711				0	63.38009805	36.61990195	5.917047489E-05	0	99.99994083				-450.5338353	0.8323826229	NaN	
450.3738353	87	6	7	1	0.8323826229	97.8862911	0.6382041857	1.475504711				0	63.38009805	36.61990195	5.917047489E-05	0	99.99994083				-450.3738353	0.8323826229	NaN	
450.2138353	87	6	7	1	0.8323826229	97.8862911	0.6382041857	1.475504711				0	63.38009805	36.61990195	5.917047489E-05	0	99.99994083				-450.2138353	0.8323826229	NaN	
450.0538353	87	6	7	1	0.8323826229	97.8862911	0.6382041857	1.475504711				0	63.38009805	36.61990195	5.917047489E-05	0	99.99994083				-450.0538353	0.8323826229	NaN	
449.8938353	87	6	7	1	0.8323826229	97.8862911	0.6382041857	1.475504711				0	63.38009805	36.61990195	5.917047489E-05	0	99.99994083				-449.8938353	0.8323826229	NaN	
449.7338353	87	6	7	1	0.8323826229	97.8862911	0.6382041857	1.475504711				0	63.38009805	36.61990195	5.917047489E-05	0	99.99994083				-449.7338353	0.8323826229	NaN	
449.5738353	87	6	7	1	0.8323826229	97.8862911	0.6382041857	1.475504711				0	63.38009805	36.61990195	5.917047489E-05	0	99.99994083				-449.5738353	0.8323826229	NaN	
449.4138353	87	6	7	1	0.8323826229	97.8862911	0.6382041857	1.475504711				0	63.38009805	36.61990195	5.917047489E-05	0	99.99994083				-449.4138353	0.8323826229	NaN	
449.2538353	87	6	7	1	0.8323826229	97.8862911	0.6382041857	1.475504711				0	63.38009805	36.61990195	5.917047489E-05	0	99.99994083				-449.2538353	0.8323826229	NaN	
449.0938353	87	6	7	1	0.8323826229	97.8862911	0.6382041857	1.475504711				0	63.38009805	36.61990195	5.917047489E-05	0	99.99994083				-449.0938353	0.8323826229	NaN	
448.9338353	87	6	7	1	0.8323826229	97.8862911	0.6382041857	1.475504711				0	63.38009805	36.61990195	5.917047489E-05	0	99.99994083				-448.9338353	0.8323826229	NaN	
448.7738353	87	6	7	1	0.8323826229	97.8862911	0.6382041857	1.475504711				0	63.38009805	36.61990195	5.917047489E-05	0	99.99994083				-448.7738353	0.8323826229	NaN	
448.6138353	87	6	7	1	0.8323826229	97.8862911	0.6382041857	1.475504711				0	63.38009805	36.61990195	5.917047489E-05	0	99.99994083				-448.6138353	0.8323826229	NaN	
448.4538353	87	6	7	1	0.8323826229	97.8862911	0.6382041857	1.475504711				0	63.38009805	36.61990195	5.917047489E-05	0	99.99994083				-448.4538353	0.8323826229	NaN	
448.2938353	87	6	7	1	0.8323826229	97.8862911	0.6382041857	1.475504711				0	63.38009805	36.61990195	5.917047489E-05	0	99.99994083				-448.2938353	0.8323826229	NaN	
448.1338353	87	6	7	1	0.8323826229	97.8862911	0.6382041857	1.475504711				0	63.38009805	36.61990195	5.917047489E-05	0	99.99994083				-448.1338353	0.8323826229	NaN	
447.9738353	87	6	7	1	0.8323826229	97.8862911	0.6382041857	1.475504711				0	63.38009805	36.61990195	5.917047489E-05	0	99.99994083				-447.9738353	0.8323826229	NaN	
447.8138353	87	6	7	1	0.8323826229	97.8862911	0.6382041857	1.475504711				0	63.38009805	36.61990195	5.917047489E-05	0	99.99994083				-447.8138353	0.8323826229	NaN	
447.6538353	87	6	7	1	0.8323826229	97.8862911	0.6382041857	1.475504711				0	63.38009805	36.61990195	5.917047489E-05	0	99.99994083				-447.6538353	0.8323826229	NaN	
447.4938353	87	6	7	1	0.8323826229	97.8862911	0.6382041857	1.475504711				0	63.38009805	36.61990195	5.917047489E-05	0	99.99994083				-447.4938353	0.8323826229	NaN	
447.3338353	87	6	7	1	0.8323826229	97.8862911	0.6382041857	1.475504711				0	63.38009805	36.61990195	5.917047489E-05	0	99.99994083				-447.3338353	0.8323826229	NaN	
447.1738353	87	6	7	1	0.8323826229	97.8862911	0.6382041857	1.475504711				0	63.38009805	36.61990195	5.917047489E-05	0	99.99994083				-447.1738353	0.8323826229	NaN	
447.0138353	87	6	7	1	0.8323826229	97.8862911	0.6382041857	1.475504711				0	63.38009805	36.61990195	5.917047489E-05	0	99.99994083				-447.0138353	0.8323826229	NaN	
446.8538353	87	6	7	1	0.8323826229	97.8862911	0.6382041857	1.475504711				0	63.38009805	36.61990195	5.917047489E-05	0	99.99994083				-446.8538353	0.8323826229	NaN	
446.6938353	87	6	7	1	0.8323826229	97.8862911	0.6382041857	1.475504711				0	63.38009805	36.61990195	5.917047489E-05	0	99.99994083				-446.6938353	0.8323826229	NaN	
446.5338353	87	6	7	1	0.8323826229	97.8862911	0.6382041857	1.475504711				0	63.38009805	36.61990195	5.917047489E-05	0	99.99994083				-446.5338353	0.8323826229	NaN	
446.3738353	87	6	7	1	0.8323826229	97.8862911	0.6382041857	1.475504711				0	63.38009805	36.61990195	5.917047489E-05	0	99.99994083				-446.3738353	0.8323826229	NaN	
446.2138353	87	6	7	1	0.8323826229	97.8862911	0.6382041857	1.475504711				0	63.38009805	36.61990195	5.917047489E-05	0	99.99994083				-446.2138353	0.8323826229	NaN	
446.0538353	87	6	7	1	0.8323826229	97.8862911	0.6382041857	1.475504711				0	63.38009805	36.61990195	5.917047489E-05	0	99.99994083				-446.0538353	0.8323826229	NaN	
445.8938353	87	6	7	1	0.8323826229	97.8862911	0.6382041857	1.475504711				0	63.38009805	36.61990195	5.917047489E-05	0	99.99994083				-445.8938353	0.8323826229	NaN	
445.7338353	87	6	7	1	0.8323826229	97.8862911	0.6382041857	1.475504711				0	63.38009805	36.61990195	5.917047489E-05	0	99.99994083				-445.7338353	0.8323826229	NaN	
445.5738353	87	6	7	1	0.8323826229	97.8862911	0.6382041857	1.475504711				0	63.38009805	36.61990195	5.917047489E-05	0	99.99994083				-445.5738353	0.8323826229	NaN	
445.4138353	87	6	7	1	0.8323826229	97.8862911	0.6382041857	1.475504711				0	63.38009805	36.61990195	5.917047489E-05	0	99.99994083				-445.4138353	0.8323826229	NaN	
445.2538353	87	6	7	1	0.8323826229	97.8862911	0.6382041857	1.475504711				0	63.38009805	36.61990195	5.917047489E-05	0	99.99994083				-445.2538353	0.8323826229	NaN	
445.0938353	87	6	7	1	0.8323826229	97.8862911	0.6382041857	1.475504711				0	63.38009805	36.61990195	5.917047489E-05	0	99.99994083				-445.0938353	0.8323826229	NaN	
444.9338353	87	6	7	1	0.8323826229	97.8862911	0.6382041857	1.475504711				0	63.38009805	36.61990195	5.917047489E-05	0	99.99994083				-444.9338353	0.8323826229	NaN	
444.7738353	87	6	7	1	0.8323826229	97.8862911	0.6382041857	1.475504711				0	63.38009805	36.61990195	5.917047489E-05	0	99.99994083				-444.7738353	0.8323826229	NaN	
444.6138353	87	6	7	1	0.8323826229	97.8862911	0.6382041857	1.475504711				0	63.38009805	36.61990195	5.917047489E-05	0	99.99994083				-444.6138353	0.8323826229	NaN	
444.4538353	87	6	7	1	0.8323826229	97.8862911	0.6382041857	1.475504711				0	63.38009805	36.61990195	5.917047489E-05	0	99.99994083				-444.4538353	0.8323826229	NaN	
444.2938353	87	6	7	1	0.8323826229	97.8862911	0.6382041857	1.475504711				0	63.38009805	36.61990195	5.917047489E-05	0	99.99994083				-444.2938353	0.8323826229	NaN	
444.1338353	87	6	7	1	0.8323826229	97.8862911	0.6382041857	1.475504711				0	63.38009805	36.61990195	5.917047489E-05	0	99.99994083				-444.1338353	0.8323826229	NaN	
443.9738353	87	6	7	1	0.8323826229	97.8862911	0.6382041857	1.475504711				0	63.38009805	36.61990195	5.917047489E-05	0	99.99994083				-443.9738353	0.8323826229	NaN	
443.8138353	87	6	7	1	0.8323826229	97.8862911	0.6382041857	1.475504711				0	63.38009805	36.61990195	5.917047489E-05	0	99.99994083				-443.8138353	0.8323826229	NaN	
443.6538353	87	6	7	1	0.8323826229	97.8862911	0.6382041857	1.475504711				0	63.38009805	36.61990195	5.917047489E-05	0	99.99994083				-443.6538353	0.8323826229	NaN	
443.4938353	87	6	7	1	0.8323826229	97.8862911	0.6382041857	1.475504711				0	63.38009805	36.61990195	5.917047489E-05	0	99.99994083				-443.4938353	0.8323826229	NaN	
443.3338353	87	6	7	1	0.8323826229	97.8862911	0.6382041857	1.475504711				0	63.38009805	36.61990195	5.917047489E-05	0	99.99994083				-443.3338353	0.8323826229	NaN	
443.1738353	87	6	7	1	0.8323826229	97.8862911	0.6382041857	1.475504711				0	63.38009805	36.61990195	5.917047489E-05	0	99.99994083				-443.1738353	0.8323826229	NaN	
443.0138353	87	6	7	1	0.8323826229	97.8862911	0.6382041857	1.475504711				0	63.38009805	36.61990195	5.917047489E-05	0	99.99994083				-443.0138353	0.8323826229	NaN	
442.8538353	87	6	7	1	0.8323826229	97.8862911	0.6382041857	1.475504711				0	63.38009805	36.61990195	5.917047489E-05	0	99.99994083				-442.8538353	0.8323826229	NaN	
442.6938353	87	6	7	1	0.8323826229	97.8862911	0.6382041857	1.475504711				0	63.38009805	36.61990195	5.917047489E-05	0	99.99994083				-442.6938353	0.8323826229	NaN	
442.5338353	87	6	7	1	0.8323826229	97.8862911	0.6382041857	1.475504711				0	63.38009805	36.61990195	5.917047489E-05	0	99.99994083				-442.5338353	0.8323826229	NaN	
442.3738353	87	6	7	1	0.8323826229	97.8862911	0.6382041857	1.475504711				0	63.38009805	36.61990195	5.917047489E-05	0	99.99994083				-442.3738353	0.8323826229	NaN	
442.2138353	87	6	7	1	0.8323826229	97.8862911	0.6382041857	1.475504711				0	63.38009805	36.61990195	5.917047489E-05	0	99.99994083				-442.2138353	0.8323826229	NaN	
442.0538353	87	6	7	1	0.8323826229	97.8862911	0.6382041857	1.475504711				0	63.38009805	36.61990195	5.917047489E-05	0	99.99994083				-442.0538353	0.8323826229	NaN	
441.8938353	87	6	7	1	0.8323826229	97.8862911	0.6382041857	1.475504711				0	63.38009805	36.61990195	5.917047489E-05	0	99.99994083				-441.8938353	0.8323826229	NaN	
441.7338353	87	6	7	1	0.8323826229	97.8862911	0.6382041857	1.475504711				0	63.38009805	36.61990195	5.917047489E-05	0	99.99994083				-441.7338353	0.8323826229	NaN	
441.5738353	87	6	7	1	0.8323826229	97.8862911	0.6382041857	1.475504711				0	63.38009805	36.61990195	5.917047489E-05	0	99.99994083				-441.5738353	0.8323826229	NaN	
441.4138353	87	6	7	1	0.8323826229	97.8862911	0.6382041857	1.475504711				0	63.38009805	36.61990195	5.917047489E-05	0	99.99994083				-441.4138353	0.8323826229	NaN	
441.2538353	87	6	7	1	0.8323826229	97.8862911	0.6382041857	1.475504711				0	63.38009805	36.61990195	5.917047489E-05	0	99.99994083				-441.2538353	0.8323826229	NaN	
441.0938353	87	6	7	1	0.8323826229	97.8862911	0.6382041857	1.475504711				0	63.38009805	36.61990195	5.917047489E-05	0	99.99994083				-441.0938353	0.8323826229	NaN	
440.9338353	87	6	7	1	0.8323826229	97.8862911	0.6382041857	1.475504711				0	63.38009805	36.61990195	5.917047489E-05	0	99.99994083				-440.9338353	0.8323826229	NaN	
440.7738353	87	6	7	1	0.8323826229	97.8862911	0.6382041857	1.475504711				0	63.38009805	36.61990195	5.917047489E-05	0	99.99994083				-440.7738353	0.8323826229	NaN	
440.6138353	87	6	7	1	0.8323826229	97.8862911	0.6382041857	1.475504711				0	63.38009805	36.61990195	5.917047489E-05	0	99.99994083				-440.6138353	0.8323826229	NaN	
440.4538353	87	6	7	1	0.8323826229	97.8862911	0.6382041857	1.475504711				0	63.38009805	36.61990195	5.917047489E-05	0	99.99994083				-440.4538353	0.8323826229	NaN	
440.2938353	87	6	7	1	0.8323826229	97.8862911	0.6382041857	1.475504711				0	63.38009805	36.61990195	5.917047489E-05	0	99.99994083				-440.2938353	0.8323826229	NaN	
440.1338353	87	6	7	1	0.8323826229	97.8862911	0.6382041857	1.475504711				0	63.38009805	36.61990195	5.917047489E-05	0	99.99994083				-440.1338353	0.8323826229	NaN	
439.9738353	87	6	7	1	0.8323826229	97.8862911	0.6382041857	1.475504711				0	63.38009805	36.61990195	5.917047489E-05	0	99.99994083				-439.9738353	0.8323826229	NaN	
439.8138353	87	6	7	1	0.8323826229	97.8862911	0.6382041857	1.475504711				0	63.38009805	36.61990195	5.917047489E-05	0	99.99994083				-439.8138353	0.8323826229	NaN	
439.6538353	87	6	7	1	0.8323826229	97.8862911	0.6382041857	1.475504711				0	63.38009805	36.61990195	5.917047489E-05	0	99.99994083				-439.6538353	0.8323826229	NaN	
439.4938353	87	6	7	1	0.8323826229	97.8862911	0.6382041857	1.475504711				0	63.38009805	36.61990195	5.917047489E-05	0	99.99994083				-439.4938353	0.8323826229	NaN	
439.3338353	87	6	7	1	0.8323826229	97.8862911	0.6382041857	1.475504711				0	63.38009805	36.61990195	5.917047489E-05	0	99.99994083				-439.3338353	0.8323826229	NaN	
439.1738353	87	6	7	1	0.8323826229	97.8862911	0.6382041857	1.475504711				0	63.38009805	36.61990195	5.917047489E-05	0	99.99994083				-439.1738353	0.8323826229	NaN	
439.0138353	87	6	7	1	0.8323826229	97.8862911	0.6382041857	1.475504711				0	63.38009805	36.61990195	5.917047489E-05	0	99.99994083				-439.0138353	0.8323826229	NaN	
438.8538353	87	6	7	1	0.8323826229	97.8862911	0.6382041857	1.475504711				0	63.38009805	36.61990195	5.917047489E-05	0	99.99994083				-438.8538353	0.8323826229	NaN	
438.6938353	87	6	7	1	0.8323826229	97.8862911	0.6382041857	1.475504711				0	63.38009805	36.61990195	5.917047489E-05	0	99.99994083				-438.6938353	0.8323826229	NaN	
438.5338353	87	6	7	1	0.8323826229	97.8862911	0.6382041857	1.475504711				0	63.38009805	36.61990195	5.917047489E-05	0	99.99994083				-438.5338353	0.8323826229	NaN	
438.3738353	87	6	7	1	0.8323826229	97.8862911	0.6382041857	1.475504711				0	63.38009805	36.61990195	5.917047489E-05	0	99.99994083				-438.3738353	0.8323826229	NaN	
438.2138353	87	6	7	1	0.8323826229	97.8862911	0.6382041857	1.475504711				0	63.38009805	36.61990195	5.917047489E-05	0	99.99994083				-438.2138353	0.8323826229	NaN	
438.0538353	87	6	7	1	0.8323826229	97.8862911	0.6382041857	1.475504711				0	63.38009805	36.61990195	5.917047489E-05	0	99.99994083				-438.0538353	0.8323826229	NaN	
437.8938353	87	6	7	1	0.8323826229	97.8862911	0.6382041857	1.475504711				0	63.38009805	36.61990195	5.917047489E-05	0	99.99994083				-437.8938353	0.8323826229	NaN	
437.7338353	87	6	7	1	0.8323826229	97.8862911	0.6382041857	1.475504711				0	63.38009805	36.61990195	5.917047489E-05	0	99.99994083				-437.7338353	0.8323826229	NaN	
437.5738353	87	6	7	1	0.8323826229	97.8862911	0.6382041857	1.475504711				0	63.38009805	36.61990195	5.917047489E-05	0	99.99994083				-437.5738353	0.8323826229	NaN	
437.4138353	87	6	7	1	0.8323826229	97.8862911	0.6382041857	1.475504711				0	63.38009805	36.61990195	5.917047489E-05	0	99.99994083				-437.4138353	0.8323826229	NaN	
437.2538353	87	6	7	1	0.8323826229	97.8862911	0.6382041857	1.475504711				0	63.38009805	36.61990195	5.917047489E-05	0	99.99994083				-437.2538353	0.8323826229	NaN	
437.0938353	87	6	7	1	0.8323826229	97.8862911	0.6382041857	1.475504711				0	63.38009805	36.61990195	5.917047489E-05	0	99.99994083				-437.0938353	0.8323826229	NaN	
436.9338353	87	6	7	1	0.8323826229	97.8862911	0.6382041857	1.475504711				0	63.38009805	36.61990195	5.917047489E-05	0	99.99994083				-436.9338353	0.8323826229	NaN	
436.7738353	87	6	7	1	0.8323826229	97.8862911	0.6382041857	1.475504711				0	63.38009805	36.61990195	5.917047489E-05	0	99.99994083				-436.7738353	0.8323826229	NaN	
436.6138353	87	6	7	1	0.8323826229	97.8862911	0.6382041857	1.475504711				0	63.38009805	36.61990195	5.917047489E-05	0	99.99994083				-436.6138353	0.8323826229	NaN	
436.4538353	87	6	7	1	0.8323826229	97.8862911	0.6382041857	1.475504711				0	63.38009805	36.61990195	5.917047489E-05	0	99.99994083				-436.4538353	0.8323826229	NaN	
436.2938353	87	6	7	1	0.8323826229	97.8862911	0.6382041857	1.475504711				0	63.38009805	36.61990195	5.917047489E-05	0	99.99994083				-436.2938353	0.8323826229	NaN	
436.1338353	87	6	7	1	0.8323826229	97.8862911	0.6382041857	1.475504711				0	63.38009805	36.61990195	5.917047489E-05	0	99.99994083				-436.1338353	0.8323826229	NaN	
435.9738353	87	6	7	1	0.8323826229	97.8862911	0.6382041857	1.475504711				0	63.38009805	36.61990195	5.917047489E-05	0	99.99994083				-435.9738353	0.8323826229	NaN	
435.8138353	87	6	7	1	0.8323826229	97.8862911	0.6382041857	1.475504711				0	63.38009805	36.61990195	5.917047489E-05	0	99.99994083				-435.8138353	0.8323826229	NaN	
435.6538353	87	6	7	1	0.8323826229	97.8862911	0.6382041857	1.475504711				0	63.38009805	36.61990195	5.917047489E-05	0	99.99994083				-435.6538353	0.8323826229	NaN	
435.4938353	87	6	7	1	0.8323826229	97.8862911	0.6382041857	1.475504711				0	63.38009805	36.61990195	5.917047489E-05	0	99.99994083				-435.4938353	0.8323826229	NaN	
435.3338353	87	6	7	1	0.8323826229	97.8862911	0.6382041857	1.475504711				0	63.38009805	36.61990195	5.917047489E-05	0	99.99994083				-435.3338353	0.8323826229	NaN	
435.1738353	87	6	7	1	0.8323826229	97.8862911	0.6382041857	1.475504711				0	63.38009805	36.61990195	5.917047489E-05	0	99.99994083				-435.1738353	0.8323826229	NaN	
435.0138353	87	6	7	1	0.8323826229	97.8862911	0.6382041857	1.475504711				0	63.38009805	36.61990195	5.917047489E-05	0	99.99994083				-435.0138353	0.8323826229	NaN	
434.8538353	87	6	7	1	0.8323826229	97.8862911	0.6382041857	1.475504711				0	63.38009805	36.61990195	5.917047489E-05	0	99.99994083				-434.8538353	0.8323826229	NaN	
434.6938353	87	6	7	1	0.8323826229	97.8862911	0.6382041857	1.475504711				0	63.38009805	36.61990195	5.917047489E-05	0	99.99994083				-434.6938353	0.8323826229	NaN	
434.5338353	87	6	7	1	0.8323826229	97.8862911	0.6382041857	1.475504711				0	63.38009805	36.61990195	5.917047489E-05	0	99.99994083				-434.5338353	0.8323826229	NaN	
434.3738353	87	6	7	1	0.8323826229	97.8862911	0.6382041857	1.475504711				0	63.38009805	36.61990195	5.917047489E-05	0	99.99994083				-434.3738353	0.8323826229	NaN	
434.2138353	87	6	7	1	0.8323826229	97.8862911	0.6382041857	1.475504711				0	63.38009805	36.61990195	5.917047489E-05	0	99.99994083				-434.2138353	0.8323826229	NaN	
434.0538353	87	6	7	1	0.8323826229	97.8862911	0.6382041857	1.475504711				0	63.38009805	36.61990195	5.917047489E-05	0	99.99994083				-434.0538353	0.8323826229	NaN	
433.8938353	87	6	7	1	0.8323826229	97.8862911	0.6382041857	1.475504711				0	63.38009805	36.61990195	5.917047489E-05	0	99.99994083				-433.8938353	0.8323826229	NaN	
433.7338353	87	6	7	1	0.8323826229	97.8862911	0.6382041857	1.475504711				0	63.38009805	36.61990195	5.917047489E-05	0	99.99994083				-433.7338353	0.8323826229	NaN	
433.5738353	87	6	7	1	0.8323826229	97.8862911	0.6382041857	1.475504711				0	63.38009805	36.61990195	5.917047489E-05	0	99.99994083				-433.5738353	0.8323826229	NaN	
433.4138353	87	6	7	1	0.8323826229	97.8862911	0.6382041857	1.475504711				0	63.38009805	36.61990195	5.917047489E-05	0	99.99994083				-433.4138353	0.8323826229	NaN	
433.2538353	87	6	7	1	0.8323826229	97.8862911	0.6382041857	1.475504711				0	63.38009805	36.61990195	5.917047489E-05	0	99.99994083				-433.2538353	0.8323826229	NaN	
433.0938353	87	6	7	1	0.8323826229	97.8862911	0.6382041857	1.475504711				0	63.38009805	36.61990195	5.917047489E-05	0	99.99994083				-433.0938353	0.8323826229	NaN	
432.9338353	87	6	7	1	0.8323826229	97.8862911	0.6382041857	1.475504711				0	63.38009805	36.61990195	5.917047489E-05	0	99.99994083				-432.9338353	0.8323826229	NaN	
432.7738353	87	6	7	1	0.8323826229	97.8862911	0.6382041857	1.475504711				0	63.38009805	36.61990195	5.917047489E-05	0	99.99994083				-432.7738353	0.8323826229	NaN	
432.6138353	87	6	7	1	0.8323826229	97.8862911	0.6382041857	1.475504711				0	63.38009805	36.61990195	5.917047489E-05	0	99.99994083				-432.6138353	0.8323826229	NaN	
432.4538353	87	6	7	1	0.8323826229	97.8862911	0.6382041857	1.475504711				0	63.38009805	36.61990195	5.917047489E-05	0	99.99994083				-432.4538353	0.8323826229	NaN	
432.2938353	87	6	7	1	0.8323826229	97.8862911	0.6382041857	1.475504711				0	63.38009805	36.61990195	5.917047489E-05	0	99.99994083				-432.2938353	0.8323826229	NaN	
432.1338353	87	6	7	1	0.8323826229	97.8862911	0.6382041857	1.475504711				0	63.38009805	36.61990195	5.917047489E-05	0	99.99994083				-432.1338353	0.8323826229	NaN	
431.9738353	87	6	7	1	0.8323826229	97.8862911	0.6382041857	1.475504711				0	63.38009805	36.61990195	5.917047489E-05	0	99.99994083				-431.9738353	0.8323826229	NaN	
431.8138353	87	6	7	1	0.8323826229	97.8862911	0.6382041857	1.475504711				0	63.38009805	36.61990195	5.917047489E-05	0	99.99994083				-431.8138353	0.8323826229	NaN	
431.6538353	87	6	7	1	0.8323826229	97.8862911	0.6382041857	1.475504711				0	63.38009805	36.61990195	5.917047489E-05	0	99.99994083				-431.6538353	0.8323826229	NaN	
431.4938353	87	6	7	1	0.8323826229	97.8862911	0.6382041857	1.475504711				0	63.38009805	36.61990195	5.917047489E-05	0	99.99994083				-431.4938353	0.8323826229	NaN	
431.3338353	87	6	7	1	0.8323826229	97.8862911	0.6382041857	1.475504711				0	63.38009805	36.61990195	5.917047489E-05	0	99.99994083				-431.3338353	0.8323826229	NaN	
431.1738353	87	6	7	1	0.8323826229	97.8862911	0.6382041857	1.475504711				0	63.38009805	36.61990195	5.917047489E-05	0	99.99994083				-431.1738353	0.8323826229	NaN	
431.0138353	87	6	7	1	0.8323826229	97.8862911	0.6382041857	1.475504711				0	63.38009805	36.61990195	5.917047489E-05	0	99.99994083				-431.0138353	0.8323826229	NaN	
430.8538353	87	6	7	1	0.8323826229	97.8862911	0.6382041857	1.475504711				0	63.38009805	36.61990195	5.917047489E-05	0	99.99994083				-430.8538353	0.8323826229	NaN	
430.6938353	87	6	7	1	0.8323826229	97.8862911	0.6382041857	1.475504711				0	63.38009805	36.61990195	5.917047489E-05	0	99.99994083				-430.6938353	0.8323826229	NaN	
430.5338353	87	6	7	1	0.8323826229	97.8862911	0.6382041857	1.475504711				0	63.38009805	36.61990195	5.917047489E-05	0	99.99994083				-430.5338353	0.8323826229	NaN	
430.3738353	87	6	7	1	0.8323826229	97.8862911	0.6382041857	1.475504711				0	63.38009805	36.61990195	5.917047489E-05	0	99.99994083				-430.3738353	0.8323826229	NaN	
430.2138353	87	6	7	1	0.8323826229	97.8862911	0.6382041857	1.475504711				0	63.38009805	36.61990195	5.917047489E-05	0	99.99994083				-430.2138353	0.8323826229	NaN	
430.0538353	87	6	7	1	0.8323826229	97.8862911	0.6382041857	1.475504711				0	63.38009805	36.61990195	5.917047489E-05	0	99.99994083				-430.0538353	0.8323826229	NaN	
429.8938353	87	6	7	1	0.8323826229	97.8862911	0.6382041857	1.475504711				0	63.38009805	36.61990195	5.917047489E-05	0	99.99994083				-429.8938353	0.8323826229	NaN	
429.7338353	87	6	7	1	0.8323826229	97.8862911	0.6382041857	1.475504711				0	63.38009805	36.61990195	5.917047489E-05	0	99.99994083				-429.7338353	0.8323826229	NaN	
429.5738353	87	6	7	1	0.8323826229	97.8862911	0.6382041857	1.475504711				0	63.38009805	36.61990195	5.917047489E-05	0	99.99994083				-429.5738353	0.8323826229	NaN	
429.4138353	87	6	7	1	0.8323826229	97.8862911	0.6382041857	1.475504711				0	63.38009805	36.61990195	5.917047489E-05	0	99.99994083				-429.4138353	0.8323826229	NaN	
429.2538353	87	6	7	1	0.8323826229	97.8862911	0.6382041857	1.475504711				0	63.38009805	36.61990195	5.917047489E-05	0	99.99994083				-429.2538353	0.8323826229	NaN	
429.0938353	87	6	7	1	0.8323826229	97.8862911	0.6382041857	1.475504711				0	63.38009805	36.61990195	5.917047489E-05	0	99.99994083				-429.0938353	0.8323826229	NaN	
428.9338353	87	6	7	1	0.8323826229	97.8862911	0.6382041857	1.475504711				0	63.38009805	36.61990195	5.917047489E-05	0	99.99994083				-428.9338353	0.8323826229	NaN	
428.7738353	87	6	7	1	0.8323826229	97.8862911	0.6382041857	1.475504711				0	63.38009805	36.61990195	5.917047489E-05	0	99.99994083				-428.7738353	0.8323826229	NaN	
428.6138353	87	6	7	1	0.8323826229	97.8862911	0.6382041857	1.475504711				0	63.38009805	36.61990195	5.917047489E-05	0	99.99994083				-428.6138353	0.8323826229	NaN	
428.4538353	87	6	7	1	0.8323826229	97.8862911	0.6382041857	1.475504711				0	63.38009805	36.61990195	5.917047489E-05	0	99.99994083				-428.4538353	0.8323826229	NaN	
428.2938353	87	6	7	1	0.8323826229	97.8862911	0.6382041857	1.475504711				0	63.38009805	36.61990195	5.917047489E-05	0	99.99994083				-428.2938353	0.8323826229	NaN	
428.1338353	87	6	7	1	0.8323826229	97.8862911	0.6382041857	1.475504711				0	63.38009805	36.61990195	5.917047489E-05	0	99.99994083				-428.1338353	0.8323826229	NaN	
427.9738353	87	6	7	1	0.8323826229	97.8862911	0.6382041857	1.475504711				0	63.38009805	36.61990195	5.917047489E-05	0	99.99994083				-427.9738353	0.8323826229	NaN	
427.8138353	87	6	7	1	0.8323826229	97.8862911	0.6382041857	1.475504711				0	63.38009805	36.61990195	5.917047489E-05	0	99.99994083				-427.8138353	0.8323826229	NaN	
427.6538353	87	6	7	1	0.8323826229	97.8862911	0.6382041857	1.475504711				0	63.38009805	36.61990195	5.917047489E-05	0	99.99994083				-427.6538353	0.8323826229	NaN	
427.4938353	87	6	7	1	0.8323826229	97.8862911	0.6382041857	1.475504711				0	63.38009805	36.61990195	5.917047489E-05	0	99.99994083				-427.4938353	0.8323826229	NaN	
427.3338353	87	6	7	1	0.8323826229	97.8862911	0.6382041857	1.475504711				0	63.38009805	36.61990195	5.917047489E-05	0	99.99994083				-427.3338353	0.8323826229	NaN	
427.1738353	87	6	7	1	0.8323826229	97.8862911	0.6382041857	1.475504711				0	63.38009805	36.61990195	5.917047489E-05	0	99.99994083				-427.1738353	0.8323826229	NaN	
427.0138353	87	6	7	1	0.8323826229	97.8862911	0.6382041857	1.475504711				0	63.38009805	36.61990195	5.917047489E-05	0	99.99994083				-427.0138353	0.8323826229	NaN	
426.8538353	87	6	7	1	0.8323826229	97.8862911	0.6382041857	1.475504711				0	63.38009805	36.61990195	5.917047489E-05	0	99.99994083				-426.8538353	0.8323826229	NaN	
426.6938353	87	6	7	1	0.8323826229	97.8862911	0.6382041857	1.475504711				0	63.38009805	36.61990195	5.917047489E-05	0	99.99994083				-426.6938353	0.8323826229	NaN	
426.5338353	87	6	7	1	0.8323826229	97.8862911	0.6382041857	1.475504711				0	63.38009805	36.61990195	5.917047489E-05	0	99.99994083				-426.5338353	0.8323826229	NaN	
426.3738353	87	6	7	1	0.8323826229	97.8862911	0.6382041857	1.475504711				0	63.38009805	36.61990195	5.917047489E-05	0	99.99994083				-426.3738353	0.8323826229	NaN	
426.2138353	87	6	7	1	0.8323826229	97.8862911	0.6382041857	1.475504711				0	63.38009805	36.61990195	5.917047489E-05	0	99.99994083				-426.2138353	0.8323826229	NaN	
426.0538353	87	6	7	1	0.8323826229	97.8862911	0.6382041857	1.475504711				0	63.38009805	36.61990195	5.917047489E-05	0	99.99994083				-426.0538353	0.8323826229	NaN	
425.8938353	87	6	7	1	0.8323826229	97.8862911	0.6382041857	1.475504711				0	63.38009805	36.61990195	5.917047489E-05	0	99.99994083				-425.8938353	0.8323826229	NaN	
425.7338353	87	6	7	1	0.8323826229	97.8862911	0.6382041857	1.475504711				0	63.38009805	36.61990195	5.917047489E-05	0	99.99994083				-425.7338353	0.8323826229	NaN	
425.5738353	87	6	7	1	0.8323826229	97.8862911	0.6382041857	1.475504711				0	63.38009805	36.61990195	5.917047489E-05	0	99.99994083				-425.5738353	0.8323826229	NaN	
425.4138353	87	6	7	1	0.8323826229	97.8862911	0.6382041857	1.475504711				0	63.38009805	36.61990195	5.917047489E-05	0	99.99994083				-425.4138353	0.8323826229	NaN	
425.2538353	87	6	7	1	0.8323826229	97.8862911	0.6382041857	1.475504711				0	63.38009805	36.61990195	5.917047489E-05	0	99.99994083				-425.2538353	0.8323826229	NaN	
425.0938353	87	6	7	1	0.8323826229	97.8862911	0.6382041857	1.475504711				0	63.38009805	36.61990195	5.917047489E-05	0	99.99994083				-425.0938353	0.8323826229	NaN	
424.9338353	87	6	7	1	0.8323826229	97.8862911	0.6382041857	1.475504711				0	63.38009805	36.61990195	5.917047489E-05	0	99.99994083				-424.9338353	0.8323826229	NaN	
424.7738353	87	6	7	1	0.8323826229	97.8862911	0.6382041857	1.475504711				0	63.38009805	36.61990195	5.917047489E-05	0	99.99994083				-424.7738353	0.8323826229	NaN	
424.6138353	87	6	7	1	0.8323826229	97.8862911	0.6382041857	1.475504711				0	63.38009805	36.61990195	5.917047489E-05	0	99.99994083				-424.6138353	0.8323826229	NaN	
424.4538353	87	6	7	1	0.8323826229	97.8862911	0.6382041857	1.475504711				0	63.38009805	36.61990195	5.917047489E-05	0	99.99994083				-424.4538353	0.8323826229	NaN	
424.2938353	87	6	7	1	0.8323826229	97.8862911	0.6382041857	1.475504711				0	63.38009805	36.61990195	5.917047489E-05	0	99.99994083				-424.2938353	0.8323826229	NaN	
424.1338353	87	6	7	1	0.8323826229	97.8862911	0.6382041857	1.475504711				0	63.38009805	36.61990195	5.917047489E-05	0	99.99994083				-424.1338353	0.8323826229	NaN	
423.9738353	87	6	7	1	0.8323826229	97.8862911	0.6382041857	1.475504711				0	63.38009805	36.61990195	5.917047489E-05	0	99.99994083				-423.9738353	0.8323826229	NaN	
423.8138353	87	6	7	1	0.8323826229	97.8862911	0.6382041857	1.475504711				0	63.38009805	36.61990195	5.917047489E-05	0	99.99994083				-423.8138353	0.8323826229	NaN	
423.6538353	87	6	7	1	0.8323826229	97.8862911	0.6382041857	1.475504711				0	63.38009805	36.61990195	5.917047489E-05	0	99.99994083				-423.6538353	0.8323826229	NaN	
423.4938353	87	6	7	1	0.8323826229	97.8862911	0.6382041857	1.475504711				0	63.38009805	36.61990195	5.917047489E-05	0	99.99994083				-423.4938353	0.8323826229	NaN	
423.3338353	87	6	7	1	0.8323826229	97.8862911	0.6382041857	1.475504711				0	63.38009805	36.61990195	5.917047489E-05	0	99.99994083				-423.3338353	0.8323826229	NaN	
423.1738353	87	6	7	1	0.8323826229	97.8862911	0.6382041857	1.475504711				0	63.38009805	36.61990195	5.917047489E-05	0	99.99994083				-423.1738353	0.8323826229	NaN	
423.0138353	87	6	7	1	0.8323826229	97.8862911	0.6382041857	1.475504711				0	63.38009805	36.61990195	5.917047489E-05	0	99.99994083				-423.0138353	0.8323826229	NaN	
422.8538353	87	6	7	1	0.8323826229	97.8862911	0.6382041857	1.475504711				0	63.38009805	36.61990195	5.917047489E-05	0	99.99994083				-422.8538353	0.8323826229	NaN	
422.6938353	87	6	7	1	0.8323826229	97.8862911	0.6382041857	1.475504711				0	63.38009805	36.61990195	5.917047489E-05	0	99.99994083				-422.6938353	0.8323826229	NaN	
422.5338353	87	6	7	1	0.8323826229	97.8862911	0.6382041857	1.475504711				0	63.38009805	36.61990195	5.917047489E-05	0	99.99994083				-422.5338353	0.8323826229	NaN	
422.3738353	87	6	7	1	0.8323826229	97.8862911	0.6382041857	1.475504711				0	63.38009805	36.61990195	5.917047489E-05	0	99.99994083				-422.3738353	0.8323826229	NaN	
422.2138353	87	6	7	1	0.8323826229	97.8862911	0.6382041857	1.475504711				0	63.38009805	36.61990195	5.917047489E-05	0	99.99994083				-422.2138353	0.8323826229	NaN	
422.0538353	87	6	7	1	0.8323826229	97.8862911	0.6382041857	1.475504711				0	63.38009805	36.61990195	5.917047489E-05	0	99.99994083				-422.0538353	0.8323826229	NaN	
421.8938353	87	6	7	1	0.8323826229	97.8862911	0.6382041857	1.475504711				0	63.38009805	36.61990195	5.917047489E-05	0	99.99994083				-421.8938353	0.8323826229	NaN	
421.7338353	87	6	7	1	0.8323826229	97.8862911	0.6382041857	1.475504711				0	63.38009805	36.61990195	5.917047489E-05	0	99.99994083				-421.7338353	0.8323826229	NaN	
421.5738353	87	6	7	1	0.8323826229	97.8862911	0.6382041857	1.475504711				0	63.38009805	36.61990195	5.917047489E-05	0	99.99994083				-421.5738353	0.8323826229	NaN	
421.4138353	87	6	7	1	0.8323826229	97.8862911	0.6382041857	1.475504711				0	63.38009805	36.61990195	5.917047489E-05	0	99.99994083				-421.4138353	0.8323826229	NaN	
421.2538353	87	6	7	1	0.8323826229	97.8862911	0.6382041857	1.475504711				0	63.38009805	36.61990195	5.917047489E-05	0	99.99994083				-421.2538353	0.8323826229	NaN	
421.0938353	87	6	7	1	0.8323826229	97.8862911	0.6382041857	1.475504711				0	63.38009805	36.61990195	5.917047489E-05	0	99.99994083				-421.0938353	0.8323826229	NaN	
420.9338353	87	6	7	1	0.8323826229	97.8862911	0.6382041857	1.475504711				0	63.38009805	36.61990195	5.917047489E-05	0	99.99994083				-420.9338353	0.8323826229	NaN	
420.7738353	87	6	7	1	0.8323826229	97.8862911	0.6382041857	1.475504711				0	63.38009805	36.61990195	5.917047489E-05	0	99.99994083				-420.7738353	0.8323826229	NaN	
420.6138353	87	6	7	1	0.8323826229	97.8862911	0.6382041857	1.475504711				0	63.38009805	36.61990195	5.917047489E-05	0	99.99994083				-420.6138353	0.8323826229	NaN	
420.4538353	87	6	7	1	0.8323826229	97.8862911	0.6382041857	1.475504711				0	63.38009805	36.61990195	5.917047489E-05	0	99.99994083				-420.4538353	0.8323826229	NaN	
420.2938353	87	6	7	1	0.8323826229	97.8862911	0.6382041857	1.475504711				0	63.38009805	36.61990195	5.917047489E-05	0	99.99994083				-420.2938353	0.8323826229	NaN	
420.1338353	87	6	7	1	0.8323826229	97.8862911	0.6382041857	1.475504711				0	63.38009805	36.61990195	5.917047489E-05	0	99.99994083				-420.1338353	0.8323826229	NaN	
419.9738353	87	6	7	1	0.8323826229	97.8862911	0.6382041857	1.475504711				0	63.38009805	36.61990195	5.917047489E-05	0	99.99994083				-419.9738353	0.8323826229	NaN	
419.8138353	87	6	7	1	0.8323826229	97.8862911	0.6382041857	1.475504711				0	63.38009805	36.61990195	5.917047489E-05	0	99.99994083				-419.8138353	0.8323826229	NaN	
419.6538353	87	6	7	1	0.8323826229	97.8862911	0.6382041857	1.475504711				0	63.38009805	36.61990195	5.917047489E-05	0	99.99994083				-419.6538353	0.8323826229	NaN	
419.4938353	87	6	7	1	0.8323826229	97.8862911	0.6382041857	1.475504711				0	63.38009805	36.61990195	5.917047489E-05	0	99.99994083				-419.4938353	0.8323826229	NaN	
419.3338353	87	6	7	1	0.8323826229	97.8862911	0.6382041857	1.475504711				0	63.38009805	36.61990195	5.917047489E-05	0	99.99994083				-419.3338353	0.8323826229	NaN	
419.1738353	87	6	7	1	0.8323826229	97.8862911	0.6382041857	1.475504711				0	63.38009805	36.61990195	5.917047489E-05	0	99.99994083				-419.1738353	0.8323826229	NaN	
419.0138353	87	6	7	1	0.8323826229	97.8862911	0.6382041857	1.475504711				0	63.38009805	36.61990195	5.917047489E-05	0	99.99994083				-419.0138353	0.8323826229	NaN	
418.8538353	87	6	7	1	0.8323826229	97.8862911	0.6382041857	1.475504711				0	63.38009805	36.61990195	5.917047489E-05	0	99.99994083				-418.8538353	0.8323826229	NaN	
418.6938353	87	6	7	1	0.8323826229	97.8862911	0.6382041857	1.475504711				0	63.38009805	36.61990195	5.917047489E-05	0	99.99994083				-418.6938353	0.8323826229	NaN	
418.5338353	87	6	7	1	0.8323826229	97.8862911	0.6382041857	1.475504711				0	63.38009805	36.61990195	5.917047489E-05	0	99.99994083				-418.5338353	0.8323826229	NaN	
418.3738353	87	6	7	1	0.8323826229	97.8862911	0.6382041857	1.475504711				0	63.38009805	36.61990195	5.917047489E-05	0	99.99994083				-418.3738353	0.8323826229	NaN	
418.2138353	87	6	7	1	0.8323826229	97.8862911	0.6382041857	1.475504711				0	63.38009805	36.61990195	5.917047489E-05	0	99.99994083				-418.2138353	0.8323826229	NaN	
418.0538353	87	6	7	1	0.8323826229	97.8862911	0.6382041857	1.475504711				0	63.38009805	36.61990195	5.917047489E-05	0	99.99994083				-418.0538353	0.8323826229	NaN	
417.8938353	87	6	7	1	0.8323826229	97.8862911	0.6382041857	1.475504711				0	63.38009805	36.61990195	5.917047489E-05	0	99.99994083				-417.8938353	0.8323826229	NaN	
417.7338353	87	6	7	1	0.8323826229	97.8862911	0.6382041857	1.475504711				0	63.38009805	36.61990195	5.917047489E-05	0	99.99994083				-417.7338353	0.8323826229	NaN	
417.5738353	87	6	7	1	0.8323826229	97.8862911	0.6382041857	1.475504711				0	63.38009805	36.61990195	5.917047489E-05	0	99.99994083				-417.5738353	0.8323826229	NaN	
417.4138353	87	6	7	1	0.8323826229	97.8862911	0.6382041857	1.475504711				0	63.38009805	36.61990195	5.917047489E-05	0	99.99994083				-417.4138353	0.8323826229	NaN	
417.2538353	87	6	7	1	0.8323826229	97.8862911	0.6382041857	1.475504711				0	63.38009805	36.61990195	5.917047489E-05	0	99.99994083				-417.2538353	0.8323826229	NaN	
417.0938353	87	6	7	1	0.8323826229	97.8862911	0.6382041857	1.475504711				0	63.38009805	36.61990195	5.917047489E-05	0	99.99994083				-417.0938353	0.8323826229	NaN	
416.9338353	87	6	7	1	0.8323826229	97.8862911	0.6382041857	1.475504711				0	63.38009805	36.61990195	5.917047489E-05	0	99.99994083				-416.9338353	0.8323826229	NaN	
416.7738353	87	6	7	1	0.8323826229	97.8862911	0.6382041857	1.475504711				0	63.38009805	36.61990195	5.917047489E-05	0	99.99994083				-416.7738353	0.8323826229	NaN	
416.6138353	87	6	7	1	0.8323826229	97.8862911	0.6382041857	1.475504711				0	63.38009805	36.61990195	5.917047489E-05	0	99.99994083				-416.6138353	0.8323826229	NaN	
416.4538353	87	6	7	1	0.8323826229	97.8862911	0.6382041857	1.475504711				0	63.38009805	36.61990195	5.917047489E-05	0	99.99994083				-416.4538353	0.8323826229	NaN	
416.2938353	87	6	7	1	0.8323826229	97.8862911	0.6382041857	1.475504711				0	63.38009805	36.61990195	5.917047489E-05	0	99.99994083				-416.2938353	0.8323826229	NaN	
416.1338353	87	6	7	1	0.8323826229	97.8862911	0.6382041857	1.475504711				0	63.38009805	36.61990195	5.917047489E-05	0	99.99994083				-416.1338353	0.8323826229	NaN	
415.9738353	87	6	7	1	0.8323826229	97.8862911	0.6382041857	1.475504711				0	63.38009805	36.61990195	5.917047489E-05	0	99.99994083				-415.9738353	0.8323826229	NaN	
415.8138353	87	6	7	1	0.8323826229	97.8862911	0.6382041857	1.475504711				0	63.38009805	36.61990195	5.917047489E-05	0	99.99994083				-415.8138353	0.8323826229	NaN	
415.6538353	87	6	7	1	0.8323826229	97.8862911	0.6382041857	1.475504711				0	63.38009805	36.61990195	5.917047489E-05	0	99.99994083				-415.6538353	0.8323826229	NaN	
415.4938353	87	6	7	1	0.8323826229	97.8862911	0.6382041857	1.475504711				0	63.38009805	36.61990195	5.917047489E-05	0	99.99994083				-415.4938353	0.8323826229	NaN	
415.3338353	87	6	7	1	0.8323826229	97.8862911	0.6382041857	1.475504711				0	63.38009805	36.61990195	5.917047489E-05	0	99.99994083				-415.3338353	0.8323826229	NaN	
415.1738353	87	6	7	1	0.8323826229	97.8862911	0.6382041857	1.475504711				0	63.38009805	36.61990195	5.917047489E-05	0	99.99994083				-415.1738353	0.8323826229	NaN	
415.0138353	87	6	7	1	0.8323826229	97.8862911	0.6382041857	1.475504711				0	63.38009805	36.61990195	5.917047489E-05	0	99.99994083				-415.0138353	0.8323826229	NaN	
414.8538353	87	6	7	1	0.8323826229	97.8862911	0.6382041857	1.475504711				0	63.38009805	36.61990195	5.917047489E-05	0	99.99994083				-414.8538353	0.8323826229	NaN	
414.6938353	87	6	7	1	0.8323826229	97.8862911	0.6382041857	1.475504711				0	63.38009805	36.61990195	5.917047489E-05	0	99.99994083				-414.6938353	0.8323826229	NaN	
414.5338353	87	6	7	1	0.8323826229	97.8862911	0.6382041857	1.475504711				0	63.38009805	36.61990195	5.917047489E-05	0	99.99994083				-414.5338353	0.8323826229	NaN	
414.3738353	87	6	7	1	0.8323826229	97.8862911	0.6382041857	1.475504711				0	63.38009805	36.61990195	5.917047489E-05	0	99.99994083				-414.3738353	0.8323826229	NaN	
414.2138353	87	6	7	1	0.8323826229	97.8862911	0.6382041857	1.475504711				0	63.38009805	36.61990195	5.917047489E-05	0	99.99994083				-414.2138353	0.8323826229	NaN	
414.0538353	87	6	7	1	0.8323826229	97.8862911	0.6382041857	1.475504711				0	63.38009805	36.61990195	5.917047489E-05	0	99.99994083				-414.0538353	0.8323826229	NaN	
413.8938353	87	6	7	1	0.8323826229	97.8862911	0.6382041857	1.475504711				0	63.38009805	36.61990195	5.917047489E-05	0	99.99994083				-413.8938353	0.8323826229	NaN	
413.7338353	87	6	7	1	0.8323826229	97.8862911	0.6382041857	1.475504711				0	63.38009805	36.61990195	5.917047489E-05	0	99.99994083				-413.7338353	0.8323826229	NaN	
413.5738353	87	6	7	1	0.8323826229	97.8862911	0.6382041857	1.475504711				0	63.38009805	36.61990195	5.917047489E-05	0	99.99994083				-413.5738353	0.8323826229	NaN	
413.4138353	87	6	7	1	0.8323826229	97.8862911	0.6382041857	1.475504711				0	63.38009805	36.61990195	5.917047489E-05	0	99.99994083				-413.4138353	0.8323826229	NaN	
413.2538353	87	6	7	1	0.8323826229	97.8862911	0.6382041857	1.475504711				0	63.38009805	36.61990195	5.917047489E-05	0	99.99994083				-413.2538353	0.8323826229	NaN	
413.0938353	87	6	7	1	0.8323826229	97.8862911	0.6382041857	1.475504711				0	63.38009805	36.61990195	5.917047489E-05	0	99.99994083				-413.0938353	0.8323826229	NaN	
412.9338353	87	6	7	1	0.8323826229	97.8862911	0.6382041857	1.475504711				0	63.38009805	36.61990195	5.917047489E-05	0	99.99994083				-412.9338353	0.8323826229	NaN	
412.7738353	87	6	7	1	0.8323826229	97.8862911	0.6382041857	1.475504711				0	63.38009805	36.61990195	5.917047489E-05	0	99.99994083				-412.7738353	0.8323826229	NaN	
412.6138353	87	6	7	1	0.8323826229	97.8862911	0.6382041857	1.475504711				0	63.38009805	36.61990195	5.917047489E-05	0	99.99994083				-412.6138353	0.8323826229	NaN	
412.4538353	87	6	7	1	0.8323826229	97.8862911	0.6382041857	1.475504711				0	63.38009805	36.61990195	5.917047489E-05	0	99.99994083				-412.4538353	0.8323826229	NaN	
412.2938353	87	6	7	1	0.8323826229	97.8862911	0.6382041857	1.475504711				0	63.38009805	36.61990195	5.917047489E-05	0	99.99994083				-412.2938353	0.8323826229	NaN	
412.1338353	87	6	7	1	0.8323826229	97.8862911	0.6382041857	1.475504711				0	63.38009805	36.61990195	5.917047489E-05	0	99.99994083				-412.1338353	0.8323826229	NaN	
411.9738353	87	6	7	1	0.8323826229	97.8862911	0.6382041857	1.475504711				0	63.38009805	36.61990195	5.917047489E-05	0	99.99994083				-411.9738353	0.8323826229	NaN	
411.8138353	87	6	7	1	0.8323826229	97.8862911	0.6382041857	1.475504711				0	63.38009805	36.61990195	5.917047489E-05	0	99.99994083				-411.8138353	0.8323826229	NaN	
411.6538353	87	6	7	1	0.8323826229	97.8862911	0.6382041857	1.475504711				0	63.38009805	36.61990195	5.917047489E-05	0	99.99994083				-411.6538353	0.8323826229	NaN	
411.4938353	87	6	7	1	0.8323826229	97.8862911	0.6382041857	1.475504711				0	63.38009805	36.61990195	5.917047489E-05	0	99.99994083				-411.4938353	0.8323826229	NaN	
411.3338353	87	6	7	1	0.8323826229	97.8862911	0.6382041857	1.475504711				0	63.38009805	36.61990195	5.917047489E-05	0	99.99994083				-411.3338353	0.8323826229	NaN	
411.1738353	87	6	7	1	0.8323826229	97.8862911	0.6382041857	1.475504711				0	63.38009805	36.61990195	5.917047489E-05	0	99.99994083				-411.1738353	0.8323826229	NaN	
411.0138353	87	6	7	1	0.8323826229	97.8862911	0.6382041857	1.475504711				0	63.38009805	36.61990195	5.917047489E-05	0	99.99994083				-411.0138353	0.8323826229	NaN	
410.8538353	87	6	7	1	0.8323826229	97.8862911	0.6382041857	1.475504711				0	63.38009805	36.61990195	5.917047489E-05	0	99.99994083				-410.8538353	0.8323826229	NaN	
410.6938353	87	6	7	1	0.8323826229	97.8862911	0.6382041857	1.475504711				0	63.38009805	36.61990195	5.917047489E-05	0	99.99994083				-410.6938353	0.8323826229	NaN	
410.5338353	87	6	7	1	0.8323826229	97.8862911	0.6382041857	1.475504711				0	63.38009805	36.61990195	5.917047489E-05	0	99.99994083				-410.5338353	0.8323826229	NaN	
410.3738353	87	6	7	1	0.8323826229	97.8862911	0.6382041857	1.475504711				0	63.38009805	36.61990195	5.917047489E-05	0	99.99994083				-410.3738353	0.8323826229	NaN	
410.2138353	87	6	7	1	0.8323826229	97.8862911	0.6382041857	1.475504711				0	63.38009805	36.61990195	5.917047489E-05	0	99.99994083				-410.2138353	0.8323826229	NaN	
410.0538353	87	6	7	1	0.8323826229	97.8862911	0.6382041857	1.475504711				0	63.38009805	36.61990195	5.917047489E-05	0	99.99994083				-410.0538353	0.8323826229	NaN	
409.8938353	87	6	7	1	0.8323826229	97.8862911	0.6382041857	1.475504711				0	63.38009805	36.61990195	5.917047489E-05	0	99.99994083				-409.8938353	0.8323826229	NaN	
409.7338353	87	6	7	1	0.8323826229	97.8862911	0.6382041857	1.475504711				0	63.38009805	36.61990195	5.917047489E-05	0	99.99994083				-409.7338353	0.8323826229	NaN	
409.5738353	87	6	7	1	0.8323826229	97.8862911	0.6382041857	1.475504711				0	63.38009805	36.61990195	5.917047489E-05	0	99.99994083				-409.5738353	0.8323826229	NaN	
409.4138353	87	6	7	1	0.8323826229	97.8862911	0.6382041857	1.475504711				0	63.38009805	36.61990195	5.917047489E-05	0	99.99994083				-409.4138353	0.8323826229	NaN	
409.2538353	87	6	7	1	0.8323826229	97.8862911	0.6382041857	1.475504711				0	63.38009805	36.61990195	5.917047489E-05	0	99.99994083				-409.2538353	0.8323826229	NaN	
409.0938353	87	6	7	1	0.8323826229	97.8862911	0.6382041857	1.475504711				0	63.38009805	36.61990195	5.917047489E-05	0	99.99994083				-409.0938353	0.8323826229	NaN	
408.9338353	87	6	7	1	0.8323826229	97.8862911	0.6382041857	1.475504711				0	63.38009805	36.61990195	5.917047489E-05	0	99.99994083				-408.9338353	0.8323826229	NaN	
408.7738353	87	6	7	1	0.8323826229	97.8862911	0.6382041857	1.475504711				0	63.38009805	36.61990195	5.917047489E-05	0	99.99994083				-408.7738353	0.8323826229	NaN	
408.6138353	87	6	7	1	0.8323826229	97.8862911	0.6382041857	1.475504711				0	63.38009805	36.61990195	5.917047489E-05	0	99.99994083				-408.6138353	0.8323826229	NaN	
408.4538353	87	6	7	1	0.8323826229	97.8862911	0.6382041857	1.475504711				0	63.38009805	36.61990195	5.917047489E-05	0	99.99994083				-408.4538353	0.8323826229	NaN	
408.2938353	87	6	7	1	0.8323826229	97.8862911	0.6382041857	1.475504711				0	63.38009805	36.61990195	5.917047489E-05	0	99.99994083				-408.2938353	0.8323826229	NaN	
408.1338353	87	6	7	1	0.8323826229	97.8862911	0.6382041857	1.475504711				0	63.38009805	36.61990195	5.917047489E-05	0	99.99994083				-408.1338353	0.8323826229	NaN	
407.9738353	87	6	7	1	0.8323826229	97.8862911	0.6382041857	1.475504711				0	63.38009805	36.61990195	5.917047489E-05	0	99.99994083				-407.9738353	0.8323826229	NaN	
407.8138353	87	6	7	1	0.8323826229	97.8862911	0.6382041857	1.475504711				0	63.38009805	36.61990195	5.917047489E-05	0	99.99994083				-407.8138353	0.8323826229	NaN	
407.6538353	87	6	7	1	0.8323826229	97.8862911	0.6382041857	1.475504711				0	63.38009805	36.61990195	5.917047489E-05	0	99.99994083				-407.6538353	0.8323826229	NaN	
407.4938353	87	6	7	1	0.8323826229	97.8862911	0.6382041857	1.475504711				0	63.38009805	36.61990195	5.917047489E-05	0	99.99994083				-407.4938353	0.8323826229	NaN	
407.3338353	87	6	7	1	0.8323826229	97.8862911	0.6382041857	1.475504711				0	63.38009805	36.61990195	5.917047489E-05	0	99.99994083				-407.3338353	0.8323826229	NaN	
407.1738353	87	6	7	1	0.8323826229	97.8862911	0.6382041857	1.475504711				0	63.38009805	36.61990195	5.917047489E-05	0	99.99994083				-407.1738353	0.8323826229	NaN	
407.0138353	87	6	7	1	0.8323826229	97.8862911	0.6382041857	1.475504711				0	63.38009805	36.61990195	5.917047489E-05	0	99.99994083				-407.0138353	0.8323826229	NaN	
406.8538353	87	6	7	1	0.8323826229	97.8862911	0.6382041857	1.475504711				0	63.38009805	36.61990195	5.917047489E-05	0	99.99994083				-406.8538353	0.8323826229	NaN	
406.6938353	87	6	7	1	0.8323826229	97.8862911	0.6382041857	1.475504711				0	63.38009805	36.61990195	5.917047489E-05	0	99.99994083				-406.6938353	0.8323826229	NaN	
406.5338353	87	6	7	1	0.8323826229	97.8862911	0.6382041857	1.475504711				0	63.38009805	36.61990195	5.917047489E-05	0	99.99994083				-406.5338353	0.8323826229	NaN	
406.3738353	87	6	7	1	0.8323826229	97.8862911	0.6382041857	1.475504711				0	63.38009805	36.61990195	5.917047489E-05	0	99.99994083				-406.3738353	0.8323826229	NaN	
406.2138353	87	6	7	1	0.8323826229	97.8862911	0.6382041857	1.475504711				0	63.38009805	36.61990195	5.917047489E-05	0	99.99994083				-406.2138353	0.8323826229	NaN	
406.0538353	87	6	7	1	0.8323826229	97.8862911	0.6382041857	1.475504711				0	63.38009805	36.61990195	5.917047489E-05	0	99.99994083				-406.0538353	0.8323826229	NaN	
405.8938353	87	6	7	1	0.8323826229	97.8862911	0.6382041857	1.475504711				0	63.38009805	36.61990195	5.917047489E-05	0	99.99994083				-405.8938353	0.8323826229	NaN	
405.7338353	87	6	7	1	0.8323826229	97.8862911	0.6382041857	1.475504711				0	63.38009805	36.61990195	5.917047489E-05	0	99.99994083				-405.7338353	0.8323826229	NaN	
405.5738353	87	6	7	1	0.8323826229	97.8862911	0.6382041857	1.475504711				0	63.38009805	36.61990195	5.917047489E-05	0	99.99994083				-405.5738353	0.8323826229	NaN	
405.4138353	87	6	7	1	0.8323826229	97.8862911	0.6382041857	1.475504711				0	63.38009805	36.61990195	5.917047489E-05	0	99.99994083				-405.4138353	0.8323826229	NaN	
405.2538353	87	6	7	1	0.8323826229	97.8862911	0.6382041857	1.475504711				0	63.38009805	36.61990195	5.917047489E-05	0	99.99994083				-405.2538353	0.8323826229	NaN	
405.0938353	87	6	7	1	0.8323826229	97.8862911	0.6382041857	1.475504711				0	63.38009805	36.61990195	5.917047489E-05	0	99.99994083				-405.0938353	0.8323826229	NaN	
404.9338353	87	6	7	1	0.8323826229	97.8862911	0.6382041857	1.475504711				0	63.38009805	36.61990195	5.917047489E-05	0	99.99994083				-404.9338353	0.8323826229	NaN	
404.7738353	87	6	7	1	0.8323826229	97.8862911	0.6382041857	1.475504711				0	63.38009805	36.61990195	5.917047489E-05	0	99.99994083				-404.7738353	0.8323826229	NaN	
404.6138353	87	6	7	1	0.8323826229	97.8862911	0.6382041857	1.475504711				0	63.38009805	36.61990195	5.917047489E-05	0	99.99994083				-404.6138353	0.8323826229	NaN	
404.4538353	87	6	7	1	0.8323826229	97.8862911	0.6382041857	1.475504711				0	63.38009805	36.61990195	5.917047489E-05	0	99.99994083				-404.4538353	0.8323826229	NaN	
404.2938353	87	6	7	1	0.8323826229	97.8862911	0.6382041857	1.475504711				0	63.38009805	36.61990195	5.917047489E-05	0	99.99994083				-404.2938353	0.8323826229	NaN	
404.1338353	87	6	7	1	0.8323826229	97.8862911	0.6382041857	1.475504711				0	63.38009805	36.61990195	5.917047489E-05	0	99.99994083				-404.1338353	0.8323826229	NaN	
403.9738353	87	6	7	1	0.8323826229	97.8862911	0.6382041857	1.475504711				0	63.38009805	36.61990195	5.917047489E-05	0	99.99994083				-403.9738353	0.8323826229	NaN	
403.8138353	87	6	7	1	0.8323826229	97.8862911	0.6382041857	1.475504711				0	63.38009805	36.61990195	5.917047489E-05	0	99.99994083				-403.8138353	0.8323826229	NaN	
403.6538353	87	6	7	1	0.8323826229	97.8862911	0.6382041857	1.475504711				0	63.38009805	36.61990195	5.917047489E-05	0	99.99994083				-403.6538353	0.8323826229	NaN	
403.4938353	87	6	7	1	0.8323826229	97.8862911	0.6382041857	1.475504711				0	63.38009805	36.61990195	5.917047489E-05	0	99.99994083				-403.4938353	0.8323826229	NaN	
403.3338353	87	6	7	1	0.8323826229	97.8862911	0.6382041857	1.475504711				0	63.38009805	36.61990195	5.917047489E-05	0	99.99994083				-403.3338353	0.8323826229	NaN	
403.1738353	87	6	7	1	0.8323826229	97.8862911	0.6382041857	1.475504711				0	63.38009805	36.61990195	5.917047489E-05	0	99.99994083				-403.1738353	0.8323826229	NaN	
403.0138353	87	6	7	1	0.8323826229	97.8862911	0.6382041857	1.475504711				0	63.38009805	36.61990195	5.917047489E-05	0	99.99994083				-403.0138353	0.8323826229	NaN	
402.8538353	87	6	7	1	0.8323826229	97.8862911	0.6382041857	1.475504711				0	63.38009805	36.61990195	5.917047489E-05	0	99.99994083				-402.8538353	0.8323826229	NaN	
402.6938353	87	6	7	1	0.8323826229	97.8862911	0.6382041857	1.475504711				0	63.38009805	36.61990195	5.917047489E-05	0	99.99994083				-402.6938353	0.8323826229	NaN	
402.5338353	87	6	7	1	0.8323826229	97.8862911	0.6382041857	1.475504711				0	63.38009805	36.61990195	5.917047489E-05	0	99.99994083				-402.5338353	0.8323826229	NaN	
402.3738353	87	6	7	1	0.8323826229	97.8862911	0.6382041857	1.475504711				0	63.38009805	36.61990195	5.917047489E-05	0	99.99994083				-402.3738353	0.8323826229	NaN	
402.2138353	87	6	7	1	0.8323826229	97.8862911	0.6382041857	1.475504711				0	63.38009805	36.61990195	5.917047489E-05	0	99.99994083				-402.2138353	0.8323826229	NaN	
402.0538353	87	6	7	1	0.8323826229	97.8862911	0.6382041857	1.475504711				0	63.38009805	36.61990195	5.917047489E-05	0	99.99994083				-402.0538353	0.8323826229	NaN	
401.8938353	87	6	7	1	0.8323826229	97.8862911	0.6382041857	1.475504711				0	63.38009805	36.61990195	5.917047489E-05	0	99.99994083				-401.8938353	0.8323826229	NaN	
401.7338353	87	6	7	1	0.8323826229	97.8862911	0.6382041857	1.475504711				0	63.38009805	36.61990195	5.917047489E-05	0	99.99994083				-401.7338353	0.8323826229	NaN	
401.5738353	87	6	7	1	0.8323826229	97.8862911	0.6382041857	1.475504711				0	63.38009805	36.61990195	5.917047489E-05	0	99.99994083				-401.5738353	0.8323826229	NaN	
401.4138353	87	6	7	1	0.8323826229	97.8862911	0.6382041857	1.475504711				0	63.38009805	36.61990195	5.917047489E-05	0	99.99994083				-401.4138353	0.8323826229	NaN	
401.2538353	87	6	7	1	0.8323826229	97.8862911	0.6382041857	1.475504711				0	63.38009805	36.61990195	5.917047489E-05	0	99.99994083				-401.2538353	0.8323826229	NaN	
401.0938353	87	6	7	1	0.8323826229	97.8862911	0.6382041857	1.475504711				0	63.38009805	36.61990195	5.917047489E-05	0	99.99994083				-401.0938353	0.8323826229	NaN	
400.9338353	87	6	7	1	0.8323826229	97.8862911	0.6382041857	1.475504711				0	63.38009805	36.61990195	5.917047489E-05	0	99.99994083				-400.9338353	0.8323826229	NaN	
400.7738353	87	6	7	1	0.8323826229	97.8862911	0.6382041857	1.475504711				0	63.38009805	36.61990195	5.917047489E-05	0	99.99994083				-400.7738353	0.8323826229	NaN	
400.6138353	87	6	7	1	0.8323826229	97.8862911	0.6382041857	1.475504711				0	63.38009805	36.61990195	5.917047489E-05	0	99.99994083				-400.6138353	0.8323826229	NaN	
400.4538353	87	6	7	1	0.8323826229	97.8862911	0.6382041857	1.475504711				0	63.38009805	36.61990195	5.917047489E-05	0	99.99994083				-400.4538353	0.8323826229	NaN	
400.2938353	87	6	7	1	0.8323826229	97.8862911	0.6382041857	1.475504711				0	63.38009805	36.61990195	5.917047489E-05	0	99.99994083				-400.2938353	0.8323826229	NaN	
400.1338353	87	6	7	1	0.8323826229	97.8862911	0.6382041857	1.475504711				0	63.38009805	36.61990195	5.917047489E-05	0	99.99994083				-400.1338353	0.8323826229	NaN	
399.9738353	87	6	7	1	0.8323826229	97.8862911	0.6382041857	1.475504711				0	63.38009805	36.61990195	5.917047489E-05	0	99.99994083				-399.9738353	0.8323826229	NaN	
399.8138353	87	6	7	1	0.8323826229	97.8862911	0.6382041857	1.475504711				0	63.38009805	36.61990195	5.917047489E-05	0	99.99994083				-399.8138353	0.8323826229	NaN	
399.6538353	87	6	7	1	0.8323826229	97.8862911	0.6382041857	1.475504711				0	63.38009805	36.61990195	5.917047489E-05	0	99.99994083				-399.6538353	0.8323826229	NaN	
399.4938353	87	6	7	1	0.8323826229	97.8862911	0.6382041857	1.475504711				0	63.38009805	36.61990195	5.917047489E-05	0	99.99994083				-399.4938353	0.8323826229	NaN	
399.3338353	87	6	7	1	0.8323826229	97.8862911	0.6382041857	1.475504711				0	63.38009805	36.61990195	5.917047489E-05	0	99.99994083				-399.3338353	0.8323826229	NaN	
399.1738353	87	6	7	1	0.8323826229	97.8862911	0.6382041857	1.475504711				0	63.38009805	36.61990195	5.917047489E-05	0	99.99994083				-399.1738353	0.8323826229	NaN	
399.0138353	87	6	7	1	0.8323826229	97.8862911	0.6382041857	1.475504711				0	63.38009805	36.61990195	5.917047489E-05	0	99.99994083				-399.0138353	0.8323826229	NaN	
398.8538353	87	6	7	1	0.8323826229	97.8862911	0.6382041857	1.475504711				0	63.38009805	36.61990195	5.917047489E-05	0	99.99994083				-398.8538353	0.8323826229	NaN	
398.6938353	87	6	7	1	0.8323826229	97.8862911	0.6382041857	1.475504711				0	63.38009805	36.61990195	5.917047489E-05	0	99.99994083				-398.6938353	0.8323826229	NaN	
398.5338353	87	6	7	1	0.8323826229	97.8862911	0.6382041857	1.475504711				0	63.38009805	36.61990195	5.917047489E-05	0	99.99994083				-398.5338353	0.8323826229	NaN	
398.3738353	87	6	7	1	0.8323826229	97.8862911	0.6382041857	1.475504711				0	63.38009805	36.61990195	5.917047489E-05	0	99.99994083				-398.3738353	0.8323826229	NaN	
398.2138353	87	6	7	1	0.8323826229	97.8862911	0.6382041857	1.475504711				0	63.38009805	36.61990195	5.917047489E-05	0	99.99994083				-398.2138353	0.8323826229	NaN	
398.0538353	87	6	7	1	0.8323826229	97.8862911	0.6382041857	1.475504711				0	63.38009805	36.61990195	5.917047489E-05	0	99.99994083				-398.0538353	0.8323826229	NaN	
397.8938353	87	6	7	1	0.8323826229	97.8862911	0.6382041857	1.475504711				0	63.38009805	36.61990195	5.917047489E-05	0	99.99994083				-397.8938353	0.8323826229	NaN	
397.7338353	87	6	7	1	0.8323826229	97.8862911	0.6382041857	1.475504711				0	63.38009805	36.61990195	5.917047489E-05	0	99.99994083				-397.7338353	0.8323826229	NaN	
397.5738353	87	6	7	1	0.8323826229	97.8862911	0.6382041857	1.475504711				0	63.38009805	36.61990195	5.917047489E-05	0	99.99994083				-397.5738353	0.8323826229	NaN	
397.4138353	87	6	7	1	0.8323826229	97.8862911	0.6382041857	1.475504711				0	63.38009805	36.61990195	5.917047489E-05	0	99.99994083				-397.4138353	0.8323826229	NaN	
397.2538353	87	6	7	1	0.8323826229	97.8862911	0.6382041857	1.475504711				0	63.38009805	36.61990195	5.917047489E-05	0	99.99994083				-397.2538353	0.8323826229	NaN	
397.0938353	87	6	7	1	0.8323826229	97.8862911	0.6382041857	1.475504711				0	63.38009805	36.61990195	5.917047489E-05	0	99.99994083				-397.0938353	0.8323826229	NaN	
396.9338353	87	6	7	1	0.8323826229	97.8862911	0.6382041857	1.475504711				0	63.38009805	36.61990195	5.917047489E-05	0	99.99994083				-396.9338353	0.8323826229	NaN	
396.7738353	87	6	7	1	0.8323826229	97.8862911	0.6382041857	1.475504711				0	63.38009805	36.61990195	5.917047489E-05	0	99.99994083				-396.7738353	0.8323826229	NaN	
396.6138353	87	6	7	1	0.8323826229	97.8862911	0.6382041857	1.475504711				0	63.38009805	36.61990195	5.917047489E-05	0	99.99994083				-396.6138353	0.8323826229	NaN	
396.4538353	87	6	7	1	0.8323826229	97.8862911	0.6382041857	1.475504711				0	63.38009805	36.61990195	5.917047489E-05	0	99.99994083				-396.4538353	0.8323826229	NaN	
396.2938353	87	6	7	1	0.8323826229	97.8862911	0.6382041857	1.475504711				0	63.38009805	36.61990195	5.917047489E-05	0	99.99994083				-396.2938353	0.8323826229	NaN	
396.1338353	87	6	7	1	0.8323826229	97.8862911	0.6382041857	1.475504711				0	63.38009805	36.61990195	5.917047489E-05	0	99.99994083				-396.1338353	0.8323826229	NaN	
395.9738353	87	6	7	1	0.8323826229	97.8862911	0.6382041857	1.475504711				0	63.38009805	36.61990195	5.917047489E-05	0	99.99994083				-395.9738353	0.8323826229	NaN	
395.8138353	87	6	7	1	0.8323826229	97.8862911	0.6382041857	1.475504711				0	63.38009805	36.61990195	5.917047489E-05	0	99.99994083				-395.8138353	0.8323826229	NaN	
395.6538353	87	6	7	1	0.8323826229	97.8862911	0.6382041857	1.475504711				0	63.38009805	36.61990195	5.917047489E-05	0	99.99994083				-395.6538353	0.8323826229	NaN	
395.4938353	87	6	7	1	0.8323826229	97.8862911	0.6382041857	1.475504711				0	63.38009805	36.61990195	5.917047489E-05	0	99.99994083				-395.4938353	0.8323826229	NaN	
395.3338353	87	6	7	1	0.8323826229	97.8862911	0.6382041857	1.475504711				0	63.38009805	36.61990195	5.917047489E-05	0	99.99994083				-395.3338353	0.8323826229	NaN	
395.1738353	87	6	7	1	0.8323826229	97.8862911	0.6382041857	1.475504711				0	63.38009805	36.61990195	5.917047489E-05	0	99.99994083				-395.1738353	0.8323826229	NaN	
395.0138353	87	6	7	1	0.8323826229	97.8862911	0.6382041857	1.475504711				0	63.38009805	36.61990195	5.917047489E-05	0	99.99994083				-395.0138353	0.8323826229	NaN	
394.8538353	87	6	7	1	0.8323826229	97.8862911	0.6382041857	1.475504711				0	63.38009805	36.61990195	5.917047489E-05	0	99.99994083				-394.8538353	0.8323826229	NaN	
394.6938353	87	6	7	1	0.8323826229	97.8862911	0.6382041857	1.475504711				0	63.38009805	36.61990195	5.917047489E-05	0	99.99994083				-394.6938353	0.8323826229	NaN	
394.5338353	87	6	7	1	0.8323826229	97.8862911	0.6382041857	1.475504711				0	63.38009805	36.61990195	5.917047489E-05	0	99.99994083				-394.5338353	0.8323826229	NaN	
394.3738353	87	6	7	1	0.8323826229	97.8862911	0.6382041857	1.475504711				0	63.38009805	36.61990195	5.917047489E-05	0	99.99994083				-394.3738353	0.8323826229	NaN	
394.2138353	87	6	7	1	0.8323826229	97.8862911	0.6382041857	1.475504711				0	63.38009805	36.61990195	5.917047489E-05	0	99.99994083				-394.2138353	0.8323826229	NaN	
394.0538353	87	6	7	1	0.8323826229	97.8862911	0.6382041857	1.475504711				0	63.38009805	36.61990195	5.917047489E-05	0	99.99994083				-394.0538353	0.8323826229	NaN	
393.8938353	87	6	7	1	0.8323826229	97.8862911	0.6382041857	1.475504711				0	63.38009805	36.61990195	5.917047489E-05	0	99.99994083				-393.8938353	0.8323826229	NaN	
393.7338353	87	6	7	1	0.8323826229	97.8862911	0.6382041857	1.475504711				0	63.38009805	36.61990195	5.917047489E-05	0	99.99994083				-393.7338353	0.8323826229	NaN	
393.5738353	87	6	7	1	0.8323826229	97.8862911	0.6382041857	1.475504711				0	63.38009805	36.61990195	5.917047489E-05	0	99.99994083				-393.5738353	0.8323826229	NaN	
393.4138353	87	6	7	1	0.8323826229	97.8862911	0.6382041857	1.475504711				0	63.38009805	36.61990195	5.917047489E-05	0	99.99994083				-393.4138353	0.8323826229	NaN	
393.2538353	87	6	7	1	0.8323826229	97.8862911	0.6382041857	1.475504711				0	63.38009805	36.61990195	5.917047489E-05	0	99.99994083				-393.2538353	0.8323826229	NaN	
393.0938353	87	6	7	1	0.8323826229	97.8862911	0.6382041857	1.475504711				0	63.38009805	36.61990195	5.917047489E-05	0	99.99994083				-393.0938353	0.8323826229	NaN	
392.9338353	87	6	7	1	0.8323826229	97.8862911	0.6382041857	1.475504711				0	63.38009805	36.61990195	5.917047489E-05	0	99.99994083				-392.9338353	0.8323826229	NaN	
392.7738353	87	6	7	1	0.8323826229	97.8862911	0.6382041857	1.475504711				0	63.38009805	36.61990195	5.917047489E-05	0	99.99994083				-392.7738353	0.8323826229	NaN	
392.6138353	87	6	7	1	0.8323826229	97.8862911	0.6382041857	1.475504711				0	63.38009805	36.61990195	5.917047489E-05	0	99.99994083				-392.6138353	0.8323826229	NaN	
392.4538353	87	6	7	1	0.8323826229	97.8862911	0.6382041857	1.475504711				0	63.38009805	36.61990195	5.917047489E-05	0	99.99994083				-392.4538353	0.8323826229	NaN	
392.2938353	87	6	7	1	0.8323826229	97.8862911	0.6382041857	1.475504711				0	63.38009805	36.61990195	5.917047489E-05	0	99.99994083				-392.2938353	0.8323826229	NaN	
392.1338353	87	6	7	1	0.8323826229	97.8862911	0.6382041857	1.475504711				0	63.38009805	36.61990195	5.917047489E-05	0	99.99994083				-392.1338353	0.8323826229	NaN	
391.9738353	87	6	7	1	0.8323826229	97.8862911	0.6382041857	1.475504711				0	63.38009805	36.61990195	5.917047489E-05	0	99.99994083				-391.9738353	0.8323826229	NaN	
391.8138353	87	6	7	1	0.8323826229	97.8862911	0.6382041857	1.475504711				0	63.38009805	36.61990195	5.917047489E-05	0	99.99994083				-391.8138353	0.8323826229	NaN	
391.6538353	87	6	7	1	0.8323826229	97.8862911	0.6382041857	1.475504711				0	63.38009805	36.61990195	5.917047489E-05	0	99.99994083				-391.6538353	0.8323826229	NaN	
391.4938353	87	6	7	1	0.8323826229	97.8862911	0.6382041857	1.475504711				0	63.38009805	36.61990195	5.917047489E-05	0	99.99994083				-391.4938353	0.8323826229	NaN	
391.3338353	87	6	7	1	0.8323826229	97.8862911	0.6382041857	1.475504711				0	63.38009805	36.61990195	5.917047489E-05	0	99.99994083				-391.3338353	0.8323826229	NaN	
391.1738353	87	6	7	1	0.8323826229	97.8862911	0.6382041857	1.475504711				0	63.38009805	36.61990195	5.917047489E-05	0	99.99994083				-391.1738353	0.8323826229	NaN	
391.0138353	87	6	7	1	0.8323826229	97.8862911	0.6382041857	1.475504711				0	63.38009805	36.61990195	5.917047489E-05	0	99.99994083				-391.0138353	0.8323826229	NaN	
390.8538353	87	6	7	1	0.8323826229	97.8862911	0.6382041857	1.475504711				0	63.38009805	36.61990195	5.917047489E-05	0	99.99994083				-390.8538353	0.8323826229	NaN	
390.6938353	87	6	7	1	0.8323826229	97.8862911	0.6382041857	1.475504711				0	63.38009805	36.61990195	5.917047489E-05	0	99.99994083				-390.6938353	0.8323826229	NaN	
390.5338353	87	6	7	1	0.8323826229	97.8862911	0.6382041857	1.475504711				0	63.38009805	36.61990195	5.917047489E-05	0	99.99994083				-390.5338353	0.8323826229	NaN	
390.3738353	87	6	7	1	0.8323826229	97.8862911	0.6382041857	1.475504711				0	63.38009805	36.61990195	5.917047489E-05	0	99.99994083				-390.3738353	0.8323826229	NaN	
390.2138353	87	6	7	1	0.8323826229	97.8862911	0.6382041857	1.475504711				0	63.38009805	36.61990195	5.917047489E-05	0	99.99994083				-390.2138353	0.8323826229	NaN	
390.0538353	87	6	7	1	0.8323826229	97.8862911	0.6382041857	1.475504711				0	63.38009805	36.61990195	5.917047489E-05	0	99.99994083				-390.0538353	0.8323826229	NaN	
389.8938353	87	6	7	1	0.8323826229	97.8862911	0.6382041857	1.475504711				0	63.38009805	36.61990195	5.917047489E-05	0	99.99994083				-389.8938353	0.8323826229	NaN	
389.7338353	87	6	7	1	0.8323826229	97.8862911	0.6382041857	1.475504711				0	63.38009805	36.61990195	5.917047489E-05	0	99.99994083				-389.7338353	0.8323826229	NaN	
389.5738353	87	6	7	1	0.8323826229	97.8862911	0.6382041857	1.475504711				0	63.38009805	36.61990195	5.917047489E-05	0	99.99994083				-389.5738353	0.8323826229	NaN	
389.4138353	87	6	7	1	0.8323826229	97.8862911	0.6382041857	1.475504711				0	63.38009805	36.61990195	5.917047489E-05	0	99.99994083				-389.4138353	0.8323826229	NaN	
389.2538353	87	6	7	1	0.8323826229	97.8862911	0.6382041857	1.475504711				0	63.38009805	36.61990195	5.917047489E-05	0	99.99994083				-389.2538353	0.8323826229	NaN	
389.0938353	87	6	7	1	0.8323826229	97.8862911	0.6382041857	1.475504711				0	63.38009805	36.61990195	5.917047489E-05	0	99.99994083				-389.0938353	0.8323826229	NaN	
388.9338353	87	6	7	1	0.8323826229	97.8862911	0.6382041857	1.475504711				0	63.38009805	36.61990195	5.917047489E-05	0	99.99994083				-388.9338353	0.8323826229	NaN	
388.7738353	87	6	7	1	0.8323826229	97.8862911	0.6382041857	1.475504711				0	63.38009805	36.61990195	5.917047489E-05	0	99.99994083				-388.7738353	0.8323826229	NaN	
388.6138353	87	6	7	1	0.8323826229	97.8862911	0.6382041857	1.475504711				0	63.38009805	36.61990195	5.917047489E-05	0	99.99994083				-388.6138353	0.8323826229	NaN	
388.4538353	87	6	7	1	0.8323826229	97.8862911	0.6382041857	1.475504711				0	63.38009805	36.61990195	5.917047489E-05	0	99.99994083				-388.4538353	0.8323826229	NaN	
388.2938353	87	6	7	1	0.8323826229	97.8862911	0.6382041857	1.475504711				0	63.38009805	36.61990195	5.917047489E-05	0	99.99994083				-388.2938353	0.8323826229	NaN	
388.1338353	87	6	7	1	0.8323826229	97.8862911	0.6382041857	1.475504711				0	63.38009805	36.61990195	5.917047489E-05	0	99.99994083				-388.1338353	0.8323826229	NaN	
387.9738353	87	6	7	1	0.8323826229	97.8862911	0.6382041857	1.475504711				0	63.38009805	36.61990195	5.917047489E-05	0	99.99994083				-387.9738353	0.8323826229	NaN	
387.8138353	87	6	7	1	0.8323826229	97.8862911	0.6382041857	1.475504711				0	63.38009805	36.61990195	5.917047489E-05	0	99.99994083				-387.8138353	0.8323826229	NaN	
387.6538353	87	6	7	1	0.8323826229	97.8862911	0.6382041857	1.475504711				0	63.38009805	36.61990195	5.917047489E-05	0	99.99994083				-387.6538353	0.8323826229	NaN	
387.4938353	87	6	7	1	0.8323826229	97.8862911	0.6382041857	1.475504711				0	63.38009805	36.61990195	5.917047489E-05	0	99.99994083				-387.4938353	0.8323826229	NaN	
387.3338353	87	6	7	1	0.8323826229	97.8862911	0.6382041857	1.475504711				0	63.38009805	36.61990195	5.917047489E-05	0	99.99994083				-387.3338353	0.8323826229	NaN	
387.1738353	87	6	7	1	0.8323826229	97.8862911	0.6382041857	1.475504711				0	63.38009805	36.61990195	5.917047489E-05	0	99.99994083				-387.1738353	0.8323826229	NaN	
387.0138353	87	6	7	1	0.8323826229	97.8862911	0.6382041857	1.475504711				0	63.38009805	36.61990195	5.917047489E-05	0	99.99994083				-387.0138353	0.8323826229	NaN	
386.8538353	87	6	7	1	0.8323826229	97.8862911	0.6382041857	1.475504711				0	63.38009805	36.61990195	5.917047489E-05	0	99.99994083				-386.8538353	0.8323826229	NaN	
386.6938353	87	6	7	1	0.8323826229	97.8862911	0.6382041857	1.475504711				0	63.38009805	36.61990195	5.917047489E-05	0	99.99994083				-386.6938353	0.8323826229	NaN	
386.5338353	87	6	7	1	0.8323826229	97.8862911	0.6382041857	1.475504711				0	63.38009805	36.61990195	5.917047489E-05	0	99.99994083				-386.5338353	0.8323826229	NaN	
386.3738353	87	6	7	1	0.8323826229	97.8862911	0.6382041857	1.475504711				0	63.38009805	36.61990195	5.917047489E-05	0	99.99994083				-386.3738353	0.8323826229	NaN	
386.2138353	87	6	7	1	0.8323826229	97.8862911	0.6382041857	1.475504711				0	63.38009805	36.61990195	5.917047489E-05	0	99.99994083				-386.2138353	0.8323826229	NaN	
386.0538353	87	6	7	1	0.8323826229	97.8862911	0.6382041857	1.475504711				0	63.38009805	36.61990195	5.917047489E-05	0	99.99994083				-386.0538353	0.8323826229	NaN	
385.8938353	87	6	7	1	0.8323826229	97.8862911	0.6382041857	1.475504711				0	63.38009805	36.61990195	5.917047489E-05	0	99.99994083				-385.8938353	0.8323826229	NaN	
385.7338353	87	6	7	1	0.8323826229	97.8862911	0.6382041857	1.475504711				0	63.38009805	36.61990195	5.917047489E-05	0	99.99994083				-385.7338353	0.8323826229	NaN	
385.5738353	87	6	7	1	0.8323826229	97.8862911	0.6382041857	1.475504711				0	63.38009805	36.61990195	5.917047489E-05	0	99.99994083				-385.5738353	0.8323826229	NaN	
385.4138353	87	6	7	1	0.8323826229	97.8862911	0.6382041857	1.475504711				0	63.38009805	36.61990195	5.917047489E-05	0	99.99994083				-385.4138353	0.8323826229	NaN	
385.2538353	87	6	7	1	0.8323826229	97.8862911	0.6382041857	1.475504711				0	63.38009805	36.61990195	5.917047489E-05	0	99.99994083				-385.2538353	0.8323826229	NaN	
385.0938353	87	6	7	1	0.8323826229	97.8862911	0.6382041857	1.475504711				0	63.38009805	36.61990195	5.917047489E-05	0	99.99994083				-385.0938353	0.8323826229	NaN	
384.9338353	87	6	7	1	0.8323826229	97.8862911	0.6382041857	1.475504711				0	63.38009805	36.61990195	5.917047489E-05	0	99.99994083				-384.9338353	0.8323826229	NaN	
384.7738353	87	6	7	1	0.8323826229	97.8862911	0.6382041857	1.475504711				0	63.38009805	36.61990195	5.917047489E-05	0	99.99994083				-384.7738353	0.8323826229	NaN	
384.6138353	87	6	7	1	0.8323826229	97.8862911	0.6382041857	1.475504711				0	63.38009805	36.61990195	5.917047489E-05	0	99.99994083				-384.6138353	0.8323826229	NaN	
384.4538353	87	6	7	1	0.8323826229	97.8862911	0.6382041857	1.475504711				0	63.38009805	36.61990195	5.917047489E-05	0	99.99994083				-384.4538353	0.8323826229	NaN	
384.2938353	87	6	7	1	0.8323826229	97.8862911	0.6382041857	1.475504711				0	63.38009805	36.61990195	5.917047489E-05	0	99.99994083				-384.2938353	0.8323826229	NaN	
384.1338353	87	6	7	1	0.8323826229	97.8862911	0.6382041857	1.475504711				0	63.38009805	36.61990195	5.917047489E-05	0	99.99994083				-384.1338353	0.8323826229	NaN	
383.9738353	87	6	7	1	0.8323826229	97.8862911	0.6382041857	1.475504711				0	63.38009805	36.61990195	5.917047489E-05	0	99.99994083				-383.9738353	0.8323826229	NaN	
383.8138353	87	6	7	1	0.8323826229	97.8862911	0.6382041857	1.475504711				0	63.38009805	36.61990195	5.917047489E-05	0	99.99994083				-383.8138353	0.8323826229	NaN	
383.6538353	87	6	7	1	0.8323826229	97.8862911	0.6382041857	1.475504711				0	63.38009805	36.61990195	5.917047489E-05	0	99.99994083				-383.6538353	0.8323826229	NaN	
383.4938353	87	6	7	1	0.8323826229	97.8862911	0.6382041857	1.475504711				0	63.38009805	36.61990195	5.917047489E-05	0	99.99994083				-383.4938353	0.8323826229	NaN	
383.3338353	87	6	7	1	0.8323826229	97.8862911	0.6382041857	1.475504711				0	63.38009805	36.61990195	5.917047489E-05	0	99.99994083				-383.3338353	0.8323826229	NaN	
383.1738353	87	6	7	1	0.8323826229	97.8862911	0.6382041857	1.475504711				0	63.38009805	36.61990195	5.917047489E-05	0	99.99994083				-383.1738353	0.8323826229	NaN	
383.0138353	87	6	7	1	0.8323826229	97.8862911	0.6382041857	1.475504711				0	63.38009805	36.61990195	5.917047489E-05	0	99.99994083				-383.0138353	0.8323826229	NaN	
382.8538353	87	6	7	1	0.8323826229	97.8862911	0.6382041857	1.475504711				0	63.38009805	36.61990195	5.917047489E-05	0	99.99994083				-382.8538353	0.8323826229	NaN	
382.6938353	87	6	7	1	0.8323826229	97.8862911	0.6382041857	1.475504711				0	63.38009805	36.61990195	5.917047489E-05	0	99.99994083				-382.6938353	0.8323826229	NaN	
382.5338353	87	6	7	1	0.8323826229	97.8862911	0.6382041857	1.475504711				0	63.38009805	36.61990195	5.917047489E-05	0	99.99994083				-382.5338353	0.8323826229	NaN	
382.3738353	87	6	7	1	0.8323826229	97.8862911	0.6382041857	1.475504711				0	63.38009805	36.61990195	5.917047489E-05	0	99.99994083				-382.3738353	0.8323826229	NaN	
382.2138353	87	6	7	1	0.8323826229	97.8862911	0.6382041857	1.475504711				0	63.38009805	36.61990195	5.917047489E-05	0	99.99994083				-382.2138353	0.8323826229	NaN	
382.0538353	87	6	7	1	0.8323826229	97.8862911	0.6382041857	1.475504711				0	63.38009805	36.61990195	5.917047489E-05	0	99.99994083				-382.0538353	0.8323826229	NaN	
381.8938353	87	6	7	1	0.8323826229	97.8862911	0.6382041857	1.475504711				0	63.38009805	36.61990195	5.917047489E-05	0	99.99994083				-381.8938353	0.8323826229	NaN	
381.7338353	87	6	7	1	0.8323826229	97.8862911	0.6382041857	1.475504711				0	63.38009805	36.61990195	5.917047489E-05	0	99.99994083				-381.7338353	0.8323826229	NaN	
381.5738353	87	6	7	1	0.8323826229	97.8862911	0.6382041857	1.475504711				0	63.38009805	36.61990195	5.917047489E-05	0	99.99994083				-381.5738353	0.8323826229	NaN	
381.4138353	87	6	7	1	0.8323826229	97.8862911	0.6382041857	1.475504711				0	63.38009805	36.61990195	5.917047489E-05	0	99.99994083				-381.4138353	0.8323826229	NaN	
381.2538353	87	6	7	1	0.8323826229	97.8862911	0.6382041857	1.475504711				0	63.38009805	36.61990195	5.917047489E-05	0	99.99994083				-381.2538353	0.8323826229	NaN	
381.0938353	87	6	7	1	0.8323826229	97.8862911	0.6382041857	1.475504711				0	63.38009805	36.61990195	5.917047489E-05	0	99.99994083				-381.0938353	0.8323826229	NaN	
380.9338353	87	6	7	1	0.8323826229	97.8862911	0.6382041857	1.475504711				0	63.38009805	36.61990195	5.917047489E-05	0	99.99994083				-380.9338353	0.8323826229	NaN	
380.7738353	87	6	7	1	0.8323826229	97.8862911	0.6382041857	1.475504711				0	63.38009805	36.61990195	5.917047489E-05	0	99.99994083				-380.7738353	0.8323826229	NaN	
380.6138353	87	6	7	1	0.8323826229	97.8862911	0.6382041857	1.475504711				0	63.38009805	36.61990195	5.917047489E-05	0	99.99994083				-380.6138353	0.8323826229	NaN	
380.4538353	87	6	7	1	0.8323826229	97.8862911	0.6382041857	1.475504711				0	63.38009805	36.61990195	5.917047489E-05	0	99.99994083				-380.4538353	0.8323826229	NaN	
380.2938353	87	6	7	1	0.8323826229	97.8862911	0.6382041857	1.475504711				0	63.38009805	36.61990195	5.917047489E-05	0	99.99994083				-380.2938353	0.8323826229	NaN	
380.1338353	87	6	7	1	0.8323826229	97.8862911	0.6382041857	1.475504711				0	63.38009805	36.61990195	5.917047489E-05	0	99.99994083				-380.1338353	0.8323826229	NaN	
379.9738353	87	6	7	1	0.8323826229	97.8862911	0.6382041857	1.475504711				0	63.38009805	36.61990195	5.917047489E-05	0	99.99994083				-379.9738353	0.8323826229	NaN	
379.8138353	87	6	7	1	0.8323826229	97.8862911	0.6382041857	1.475504711				0	63.38009805	36.61990195	5.917047489E-05	0	99.99994083				-379.8138353	0.8323826229	NaN	
379.6538353	87	6	7	1	0.8323826229	97.8862911	0.6382041857	1.475504711				0	63.38009805	36.61990195	5.917047489E-05	0	99.99994083				-379.6538353	0.8323826229	NaN	
379.4938353	87	6	7	1	0.8323826229	97.8862911	0.6382041857	1.475504711				0	63.38009805	36.61990195	5.917047489E-05	0	99.99994083				-379.4938353	0.8323826229	NaN	
379.3338353	87	6	7	1	0.8323826229	97.8862911	0.6382041857	1.475504711				0	63.38009805	36.61990195	5.917047489E-05	0	99.99994083				-379.3338353	0.8323826229	NaN	
379.1738353	87	6	7	1	0.8323826229	97.8862911	0.6382041857	1.475504711				0	63.38009805	36.61990195	5.917047489E-05	0	99.99994083				-379.1738353	0.8323826229	NaN	
379.0138353	87	6	7	1	0.8323826229	97.8862911	0.6382041857	1.475504711				0	63.38009805	36.61990195	5.917047489E-05	0	99.99994083				-379.0138353	0.8323826229	NaN	
378.8538353	87	6	7	1	0.8323826229	97.8862911	0.6382041857	1.475504711				0	63.38009805	36.61990195	5.917047489E-05	0	99.99994083				-378.8538353	0.8323826229	NaN	
378.6938353	87	6	7	1	0.8323826229	97.8862911	0.6382041857	1.475504711				0	63.38009805	36.61990195	5.917047489E-05	0	99.99994083				-378.6938353	0.8323826229	NaN	
378.5338353	87	6	7	1	0.8323826229	97.8862911	0.6382041857	1.475504711				0	63.38009805	36.61990195	5.917047489E-05	0	99.99994083				-378.5338353	0.8323826229	NaN	
378.3738353	87	6	7	1	0.8323826229	97.8862911	0.6382041857	1.475504711				0	63.38009805	36.61990195	5.917047489E-05	0	99.99994083				-378.3738353	0.8323826229	NaN	
378.2138353	87	6	7	1	0.8323826229	97.8862911	0.6382041857	1.475504711				0	63.38009805	36.61990195	5.917047489E-05	0	99.99994083				-378.2138353	0.8323826229	NaN	
378.0538353	87	6	7	1	0.8323826229	97.8862911	0.6382041857	1.475504711				0	63.38009805	36.61990195	5.917047489E-05	0	99.99994083				-378.0538353	0.8323826229	NaN	
377.8938353	87	6	7	1	0.8323826229	97.8862911	0.6382041857	1.475504711				0	63.38009805	36.61990195	5.917047489E-05	0	99.99994083				-377.8938353	0.8323826229	NaN	
377.7338353	87	6	7	1	0.8323826229	97.8862911	0.6382041857	1.475504711				0	63.38009805	36.61990195	5.917047489E-05	0	99.99994083				-377.7338353	0.8323826229	NaN	
377.5738353	87	6	7	1	0.8323826229	97.8862911	0.6382041857	1.475504711				0	63.38009805	36.61990195	5.917047489E-05	0	99.99994083				-377.5738353	0.8323826229	NaN	
377.4138353	87	6	7	1	0.8323826229	97.8862911	0.6382041857	1.475504711				0	63.38009805	36.61990195	5.917047489E-05	0	99.99994083				-377.4138353	0.8323826229	NaN	
377.2538353	87	6	7	1	0.8323826229	97.8862911	0.6382041857	1.475504711				0	63.38009805	36.61990195	5.917047489E-05	0	99.99994083				-377.2538353	0.8323826229	NaN	
377.0938353	87	6	7	1	0.8323826229	97.8862911	0.6382041857	1.475504711				0	63.38009805	36.61990195	5.917047489E-05	0	99.99994083				-377.0938353	0.8323826229	NaN	
376.9338353	87	6	7	1	0.8323826229	97.8862911	0.6382041857	1.475504711				0	63.38009805	36.61990195	5.917047489E-05	0	99.99994083				-376.9338353	0.8323826229	NaN	
376.7738353	87	6	7	1	0.8323826229	97.8862911	0.6382041857	1.475504711				0	63.38009805	36.61990195	5.917047489E-05	0	99.99994083				-376.7738353	0.8323826229	NaN	
376.6138353	87	6	7	1	0.8323826229	97.8862911	0.6382041857	1.475504711				0	63.38009805	36.61990195	5.917047489E-05	0	99.99994083				-376.6138353	0.8323826229	NaN	
376.4538353	87	6	7	1	0.8323826229	97.8862911	0.6382041857	1.475504711				0	63.38009805	36.61990195	5.917047489E-05	0	99.99994083				-376.4538353	0.8323826229	NaN	
376.2938353	87	6	7	1	0.8323826229	97.8862911	0.6382041857	1.475504711				0	63.38009805	36.61990195	5.917047489E-05	0	99.99994083				-376.2938353	0.8323826229	NaN	
376.1338353	87	6	7	1	0.8323826229	97.8862911	0.6382041857	1.475504711				0	63.38009805	36.61990195	5.917047489E-05	0	99.99994083				-376.1338353	0.8323826229	NaN	
375.9738353	87	6	7	1	0.8323826229	97.8862911	0.6382041857	1.475504711				0	63.38009805	36.61990195	5.917047489E-05	0	99.99994083				-375.9738353	0.8323826229	NaN	
375.8138353	87	6	7	1	0.8323826229	97.8862911	0.6382041857	1.475504711				0	63.38009805	36.61990195	5.917047489E-05	0	99.99994083				-375.8138353	0.8323826229	NaN	
375.6538353	87	6	7	1	0.8323826229	97.8862911	0.6382041857	1.475504711				0	63.38009805	36.61990195	5.917047489E-05	0	99.99994083				-375.6538353	0.8323826229	NaN	
375.4938353	87	6	7	1	0.8323826229	97.8862911	0.6382041857	1.475504711				0	63.38009805	36.61990195	5.917047489E-05	0	99.99994083				-375.4938353	0.8323826229	NaN	
375.3338353	87	6	7	1	0.8323826229	97.8862911	0.6382041857	1.475504711				0	63.38009805	36.61990195	5.917047489E-05	0	99.99994083				-375.3338353	0.8323826229	NaN	
375.1738353	87	6	7	1	0.8323826229	97.8862911	0.6382041857	1.475504711				0	63.38009805	36.61990195	5.917047489E-05	0	99.99994083				-375.1738353	0.8323826229	NaN	
375.0138353	87	6	7	1	0.8323826229	97.8862911	0.6382041857	1.475504711				0	63.38009805	36.61990195	5.917047489E-05	0	99.99994083				-375.0138353	0.8323826229	NaN	
374.8538353	87	6	7	1	0.8323826229	97.8862911	0.6382041857	1.475504711				0	63.38009805	36.61990195	5.917047489E-05	0	99.99994083				-374.8538353	0.8323826229	NaN	
374.6938353	87	6	7	1	0.8323826229	97.8862911	0.6382041857	1.475504711				0	63.38009805	36.61990195	5.917047489E-05	0	99.99994083				-374.6938353	0.8323826229	NaN	
374.5338353	87	6	7	1	0.8323826229	97.8862911	0.6382041857	1.475504711				0	63.38009805	36.61990195	5.917047489E-05	0	99.99994083				-374.5338353	0.8323826229	NaN	
374.3738353	87	6	7	1	0.8323826229	97.8862911	0.6382041857	1.475504711				0	63.38009805	36.61990195	5.917047489E-05	0	99.99994083				-374.3738353	0.8323826229	NaN	
374.2138353	87	6	7	1	0.8323826229	97.8862911	0.6382041857	1.475504711				0	63.38009805	36.61990195	5.917047489E-05	0	99.99994083				-374.2138353	0.8323826229	NaN	
374.0538353	87	6	7	1	0.8323826229	97.8862911	0.6382041857	1.475504711				0	63.38009805	36.61990195	5.917047489E-05	0	99.99994083				-374.0538353	0.8323826229	NaN	
373.8938353	87	6	7	1	0.8323826229	97.8862911	0.6382041857	1.475504711				0	63.38009805	36.61990195	5.917047489E-05	0	99.99994083				-373.8938353	0.8323826229	NaN	
373.7338353	87	6	7	1	0.8323826229	97.8862911	0.6382041857	1.475504711				0	63.38009805	36.61990195	5.917047489E-05	0	99.99994083				-373.7338353	0.8323826229	NaN	
373.5738353	87	6	7	1	0.8323826229	97.8862911	0.6382041857	1.475504711				0	63.38009805	36.61990195	5.917047489E-05	0	99.99994083				-373.5738353	0.8323826229	NaN	
373.4138353	87	6	7	1	0.8323826229	97.8862911	0.6382041857	1.475504711				0	63.38009805	36.61990195	5.917047489E-05	0	99.99994083				-373.4138353	0.8323826229	NaN	
373.2538353	87	6	7	1	0.8323826229	97.8862911	0.6382041857	1.475504711				0	63.38009805	36.61990195	5.917047489E-05	0	99.99994083				-373.2538353	0.8323826229	NaN	
373.0938353	87	6	7	1	0.8323826229	97.8862911	0.6382041857	1.475504711				0	63.38009805	36.61990195	5.917047489E-05	0	99.99994083				-373.0938353	0.8323826229	NaN	
372.9338353	87	6	7	1	0.8323826229	97.8862911	0.6382041857	1.475504711				0	63.38009805	36.61990195	5.917047489E-05	0	99.99994083				-372.9338353	0.8323826229	NaN	
372.7738353	87	6	7	1	0.8323826229	97.8862911	0.6382041857	1.475504711				0	63.38009805	36.61990195	5.917047489E-05	0	99.99994083				-372.7738353	0.8323826229	NaN	
372.6138353	87	6	7	1	0.8323826229	97.8862911	0.6382041857	1.475504711				0	63.38009805	36.61990195	5.917047489E-05	0	99.99994083				-372.6138353	0.8323826229	NaN	
372.4538353	87	6	7	1	0.8323826229	97.8862911	0.6382041857	1.475504711				0	63.38009805	36.61990195	5.917047489E-05	0	99.99994083				-372.4538353	0.8323826229	NaN	
372.2938353	87	6	7	1	0.8323826229	97.8862911	0.6382041857	1.475504711				0	63.38009805	36.61990195	5.917047489E-05	0	99.99994083				-372.2938353	0.8323826229	NaN	
372.1338353	87	6	7	1	0.8323826229	97.8862911	0.6382041857	1.475504711				0	63.38009805	36.61990195	5.917047489E-05	0	99.99994083				-372.1338353	0.8323826229	NaN	
371.9738353	87	6	7	1	0.8323826229	97.8862911	0.6382041857	1.475504711				0	63.38009805	36.61990195	5.917047489E-05	0	99.99994083				-371.9738353	0.8323826229	NaN	
371.8138353	87	6	7	1	0.8323826229	97.8862911	0.6382041857	1.475504711				0	63.38009805	36.61990195	5.917047489E-05	0	99.99994083				-371.8138353	0.8323826229	NaN	
371.6538353	87	6	7	1	0.8323826229	97.8862911	0.6382041857	1.475504711				0	63.38009805	36.61990195	5.917047489E-05	0	99.99994083				-371.6538353	0.8323826229	NaN	
371.4938353	87	6	7	1	0.8323826229	97.8862911	0.6382041857	1.475504711				0	63.38009805	36.61990195	5.917047489E-05	0	99.99994083				-371.4938353	0.8323826229	NaN	
371.3338353	87	6	7	1	0.8323826229	97.8862911	0.6382041857	1.475504711				0	63.38009805	36.61990195	5.917047489E-05	0	99.99994083				-371.3338353	0.8323826229	NaN	
371.1738353	87	6	7	1	0.8323826229	97.8862911	0.6382041857	1.475504711				0	63.38009805	36.61990195	5.917047489E-05	0	99.99994083				-371.1738353	0.8323826229	NaN	
371.0138353	87	6	7	1	0.8323826229	97.8862911	0.6382041857	1.475504711				0	63.38009805	36.61990195	5.917047489E-05	0	99.99994083				-371.0138353	0.8323826229	NaN	
370.8538353	87	6	7	1	0.8323826229	97.8862911	0.6382041857	1.475504711				0	63.38009805	36.61990195	5.917047489E-05	0	99.99994083				-370.8538353	0.8323826229	NaN	
370.6938353	87	6	7	1	0.8323826229	97.8862911	0.6382041857	1.475504711				0	63.38009805	36.61990195	5.917047489E-05	0	99.99994083				-370.6938353	0.8323826229	NaN	
370.5338353	87	6	7	1	0.8323826229	97.8862911	0.6382041857	1.475504711				0	63.38009805	36.61990195	5.917047489E-05	0	99.99994083				-370.5338353	0.8323826229	NaN	
370.3738353	87	6	7	1	0.8323826229	97.8862911	0.6382041857	1.475504711				0	63.38009805	36.61990195	5.917047489E-05	0	99.99994083				-370.3738353	0.8323826229	NaN	
370.2138353	87	6	7	1	0.8323826229	97.8862911	0.6382041857	1.475504711				0	63.38009805	36.61990195	5.917047489E-05	0	99.99994083				-370.2138353	0.8323826229	NaN	
370.0538353	87	6	7	1	0.8323826229	97.8862911	0.6382041857	1.475504711				0	63.38009805	36.61990195	5.917047489E-05	0	99.99994083				-370.0538353	0.8323826229	NaN	
369.8938353	87	6	7	1	0.8323826229	97.8862911	0.6382041857	1.475504711				0	63.38009805	36.61990195	5.917047489E-05	0	99.99994083				-369.8938353	0.8323826229	NaN	
369.7338353	87	6	7	1	0.8323826229	97.8862911	0.6382041857	1.475504711				0	63.38009805	36.61990195	5.917047489E-05	0	99.99994083				-369.7338353	0.8323826229	NaN	
369.5738353	87	6	7	1	0.8323826229	97.8862911	0.6382041857	1.475504711				0	63.38009805	36.61990195	5.917047489E-05	0	99.99994083				-369.5738353	0.8323826229	NaN	
369.4138353	87	6	7	1	0.8323826229	97.8862911	0.6382041857	1.475504711				0	63.38009805	36.61990195	5.917047489E-05	0	99.99994083				-369.4138353	0.8323826229	NaN	
369.2538353	87	6	7	1	0.8323826229	97.8862911	0.6382041857	1.475504711				0	63.38009805	36.61990195	5.917047489E-05	0	99.99994083				-369.2538353	0.8323826229	NaN	
369.0938353	87	6	7	1	0.8323826229	97.8862911	0.6382041857	1.475504711				0	63.38009805	36.61990195	5.917047489E-05	0	99.99994083				-369.0938353	0.8323826229	NaN	
368.9338353	87	6	7	1	0.8323826229	97.8862911	0.6382041857	1.475504711				0	63.38009805	36.61990195	5.917047489E-05	0	99.99994083				-368.9338353	0.8323826229	NaN	
368.7738353	87	6	7	1	0.8323826229	97.8862911	0.6382041857	1.475504711				0	63.38009805	36.61990195	5.917047489E-05	0	99.99994083				-368.7738353	0.8323826229	NaN	
368.6138353	87	6	7	1	0.8323826229	97.8862911	0.6382041857	1.475504711				0	63.38009805	36.61990195	5.917047489E-05	0	99.99994083				-368.6138353	0.8323826229	NaN	
368.4538353	87	6	7	1	0.8323826229	97.8862911	0.6382041857	1.475504711				0	63.38009805	36.61990195	5.917047489E-05	0	99.99994083				-368.4538353	0.8323826229	NaN	
368.2938353	87	6	7	1	0.8323826229	97.8862911	0.6382041857	1.475504711				0	63.38009805	36.61990195	5.917047489E-05	0	99.99994083				-368.2938353	0.8323826229	NaN	
368.1338353	87	6	7	1	0.8323826229	97.8862911	0.6382041857	1.475504711				0	63.38009805	36.61990195	5.917047489E-05	0	99.99994083				-368.1338353	0.8323826229	NaN	
367.9738353	87	6	7	1	0.8323826229	97.8862911	0.6382041857	1.475504711				0	63.38009805	36.61990195	5.917047489E-05	0	99.99994083				-367.9738353	0.8323826229	NaN	
367.8138353	87	6	7	1	0.8323826229	97.8862911	0.6382041857	1.475504711				0	63.38009805	36.61990195	5.917047489E-05	0	99.99994083				-367.8138353	0.8323826229	NaN	
367.6538353	87	6	7	1	0.8323826229	97.8862911	0.6382041857	1.475504711				0	63.38009805	36.61990195	5.917047489E-05	0	99.99994083				-367.6538353	0.8323826229	NaN	
367.4938353	87	6	7	1	0.8323826229	97.8862911	0.6382041857	1.475504711				0	63.38009805	36.61990195	5.917047489E-05	0	99.99994083				-367.4938353	0.8323826229	NaN	
367.3338353	87	6	7	1	0.8323826229	97.8862911	0.6382041857	1.475504711				0	63.38009805	36.61990195	5.917047489E-05	0	99.99994083				-367.3338353	0.8323826229	NaN	
367.1738353	87	6	7	1	0.8323826229	97.8862911	0.6382041857	1.475504711				0	63.38009805	36.61990195	5.917047489E-05	0	99.99994083				-367.1738353	0.8323826229	NaN	
367.0138353	87	6	7	1	0.8323826229	97.8862911	0.6382041857	1.475504711				0	63.38009805	36.61990195	5.917047489E-05	0	99.99994083				-367.0138353	0.8323826229	NaN	
366.8538353	87	6	7	1	0.8323826229	97.8862911	0.6382041857	1.475504711				0	63.38009805	36.61990195	5.917047489E-05	0	99.99994083				-366.8538353	0.8323826229	NaN	
366.6938353	87	6	7	1	0.8323826229	97.8862911	0.6382041857	1.475504711				0	63.38009805	36.61990195	5.917047489E-05	0	99.99994083				-366.6938353	0.8323826229	NaN	
366.5338353	87	6	7	1	0.8323826229	97.8862911	0.6382041857	1.475504711				0	63.38009805	36.61990195	5.917047489E-05	0	99.99994083				-366.5338353	0.8323826229	NaN	
366.3738353	87	6	7	1	0.8323826229	97.8862911	0.6382041857	1.475504711				0	63.38009805	36.61990195	5.917047489E-05	0	99.99994083				-366.3738353	0.8323826229	NaN	
366.2138353	87	6	7	1	0.8323826229	97.8862911	0.6382041857	1.475504711				0	63.38009805	36.61990195	5.917047489E-05	0	99.99994083				-366.2138353	0.8323826229	NaN	
366.0538353	87	6	7	1	0.8323826229	97.8862911	0.6382041857	1.475504711				0	63.38009805	36.61990195	5.917047489E-05	0	99.99994083				-366.0538353	0.8323826229	NaN	
365.8938353	87	6	7	1	0.8323826229	97.8862911	0.6382041857	1.475504711				0	63.38009805	36.61990195	5.917047489E-05	0	99.99994083				-365.8938353	0.8323826229	NaN	
365.7338353	87	6	7	1	0.8323826229	97.8862911	0.6382041857	1.475504711				0	63.38009805	36.61990195	5.917047489E-05	0	99.99994083				-365.7338353	0.8323826229	NaN	
365.5738353	87	6	7	1	0.8323826229	97.8862911	0.6382041857	1.475504711				0	63.38009805	36.61990195	5.917047489E-05	0	99.99994083				-365.5738353	0.8323826229	NaN	
365.4138353	87	6	7	1	0.8323826229	97.8862911	0.6382041857	1.475504711				0	63.38009805	36.61990195	5.917047489E-05	0	99.99994083				-365.4138353	0.8323826229	NaN	
365.2538353	87	6	7	1	0.8323826229	97.8862911	0.6382041857	1.475504711				0	63.38009805	36.61990195	5.917047489E-05	0	99.99994083				-365.2538353	0.8323826229	NaN	
365.0938353	87	6	7	1	0.8323826229	97.8862911	0.6382041857	1.475504711				0	63.38009805	36.61990195	5.917047489E-05	0	99.99994083				-365.0938353	0.8323826229	NaN	
364.9338353	87	6	7	1	0.8323826229	97.8862911	0.6382041857	1.475504711				0	63.38009805	36.61990195	5.917047489E-05	0	99.99994083				-364.9338353	0.8323826229	NaN	
364.7738353	87	6	7	1	0.8323826229	97.8862911	0.6382041857	1.475504711				0	63.38009805	36.61990195	5.917047489E-05	0	99.99994083				-364.7738353	0.8323826229	NaN	
364.6138353	87	6	7	1	0.8323826229	97.8862911	0.6382041857	1.475504711				0	63.38009805	36.61990195	5.917047489E-05	0	99.99994083				-364.6138353	0.8323826229	NaN	
364.4538353	87	6	7	1	0.8323826229	97.8862911	0.6382041857	1.475504711				0	63.38009805	36.61990195	5.917047489E-05	0	99.99994083				-364.4538353	0.8323826229	NaN	
364.2938353	87	6	7	1	0.8323826229	97.8862911	0.6382041857	1.475504711				0	63.38009805	36.61990195	5.917047489E-05	0	99.99994083				-364.2938353	0.8323826229	NaN	
364.1338353	87	6	7	1	0.8323826229	97.8862911	0.6382041857	1.475504711				0	63.38009805	36.61990195	5.917047489E-05	0	99.99994083				-364.1338353	0.8323826229	NaN	
363.9738353	87	6	7	1	0.8323826229	97.8862911	0.6382041857	1.475504711				0	63.38009805	36.61990195	5.917047489E-05	0	99.99994083				-363.9738353	0.8323826229	NaN	
363.8138353	87	6	7	1	0.8323826229	97.8862911	0.6382041857	1.475504711				0	63.38009805	36.61990195	5.917047489E-05	0	99.99994083				-363.8138353	0.8323826229	NaN	
363.6538353	87	6	7	1	0.8323826229	97.8862911	0.6382041857	1.475504711				0	63.38009805	36.61990195	5.917047489E-05	0	99.99994083				-363.6538353	0.8323826229	NaN	
363.4938353	87	6	7	1	0.8323826229	97.8862911	0.6382041857	1.475504711				0	63.38009805	36.61990195	5.917047489E-05	0	99.99994083				-363.4938353	0.8323826229	NaN	
363.3338353	87	6	7	1	0.8323826229	97.8862911	0.6382041857	1.475504711				0	63.38009805	36.61990195	5.917047489E-05	0	99.99994083				-363.3338353	0.8323826229	NaN	
363.1738353	87	6	7	1	0.8323826229	97.8862911	0.6382041857	1.475504711				0	63.38009805	36.61990195	5.917047489E-05	0	99.99994083				-363.1738353	0.8323826229	NaN	
363.0138353	87	6	7	1	0.8323826229	97.8862911	0.6382041857	1.475504711				0	63.38009805	36.61990195	5.917047489E-05	0	99.99994083				-363.0138353	0.8323826229	NaN	
362.8538353	87	6	7	1	0.8323826229	97.8862911	0.6382041857	1.475504711				0	63.38009805	36.61990195	5.917047489E-05	0	99.99994083				-362.8538353	0.8323826229	NaN	
362.6938353	87	6	7	1	0.8323826229	97.8862911	0.6382041857	1.475504711				0	63.38009805	36.61990195	5.917047489E-05	0	99.99994083				-362.6938353	0.8323826229	NaN	
362.5338353	87	6	7	1	0.8323826229	97.8862911	0.6382041857	1.475504711				0	63.38009805	36.61990195	5.917047489E-05	0	99.99994083				-362.5338353	0.8323826229	NaN	
362.3738353	87	6	7	1	0.8323826229	97.8862911	0.6382041857	1.475504711				0	63.38009805	36.61990195	5.917047489E-05	0	99.99994083				-362.3738353	0.8323826229	NaN	
362.2138353	87	6	7	1	0.8323826229	97.8862911	0.6382041857	1.475504711				0	63.38009805	36.61990195	5.917047489E-05	0	99.99994083				-362.2138353	0.8323826229	NaN	
362.0538353	87	6	7	1	0.8323826229	97.8862911	0.6382041857	1.475504711				0	63.38009805	36.61990195	5.917047489E-05	0	99.99994083				-362.0538353	0.8323826229	NaN	
361.8938353	87	6	7	1	0.8323826229	97.8862911	0.6382041857	1.475504711				0	63.38009805	36.61990195	5.917047489E-05	0	99.99994083				-361.8938353	0.8323826229	NaN	
361.7338353	87	6	7	1	0.8323826229	97.8862911	0.6382041857	1.475504711				0	63.38009805	36.61990195	5.917047489E-05	0	99.99994083				-361.7338353	0.8323826229	NaN	
361.5738353	87	6	7	1	0.8323826229	97.8862911	0.6382041857	1.475504711				0	63.38009805	36.61990195	5.917047489E-05	0	99.99994083				-361.5738353	0.8323826229	NaN	
361.4138353	87	6	7	1	0.8323826229	97.8862911	0.6382041857	1.475504711				0	63.38009805	36.61990195	5.917047489E-05	0	99.99994083				-361.4138353	0.8323826229	NaN	
361.2538353	87	6	7	1	0.8323826229	97.8862911	0.6382041857	1.475504711				0	63.38009805	36.61990195	5.917047489E-05	0	99.99994083				-361.2538353	0.8323826229	NaN	
361.0938353	87	6	7	1	0.8323826229	97.8862911	0.6382041857	1.475504711				0	63.38009805	36.61990195	5.917047489E-05	0	99.99994083				-361.0938353	0.8323826229	NaN	
360.9338353	87	6	7	1	0.8323826229	97.8862911	0.6382041857	1.475504711				0	63.38009805	36.61990195	5.917047489E-05	0	99.99994083				-360.9338353	0.8323826229	NaN	
360.7738353	87	6	7	1	0.8323826229	97.8862911	0.6382041857	1.475504711				0	63.38009805	36.61990195	5.917047489E-05	0	99.99994083				-360.7738353	0.8323826229	NaN	
360.6138353	87	6	7	1	0.8323826229	97.8862911	0.6382041857	1.475504711				0	63.38009805	36.61990195	5.917047489E-05	0	99.99994083				-360.6138353	0.8323826229	NaN	
360.4538353	87	6	7	1	0.8323826229	97.8862911	0.6382041857	1.475504711				0	63.38009805	36.61990195	5.917047489E-05	0	99.99994083				-360.4538353	0.8323826229	NaN	
360.2938353	87	6	7	1	0.8323826229	97.8862911	0.6382041857	1.475504711				0	63.38009805	36.61990195	5.917047489E-05	0	99.99994083				-360.2938353	0.8323826229	NaN	
360.1338353	87	6	7	1	0.8323826229	97.8862911	0.6382041857	1.475504711				0	63.38009805	36.61990195	5.917047489E-05	0	99.99994083				-360.1338353	0.8323826229	NaN	
359.9738353	87	6	7	1	0.8323826229	97.8862911	0.6382041857	1.475504711				0	63.38009805	36.61990195	5.917047489E-05	0	99.99994083				-359.9738353	0.8323826229	NaN	
359.8138353	87	6	7	1	0.8323826229	97.8862911	0.6382041857	1.475504711				0	63.38009805	36.61990195	5.917047489E-05	0	99.99994083				-359.8138353	0.8323826229	NaN	
359.6538353	87	6	7	1	0.8323826229	97.8862911	0.6382041857	1.475504711				0	63.38009805	36.61990195	5.917047489E-05	0	99.99994083				-359.6538353	0.8323826229	NaN	
359.4938353	87	6	7	1	0.8323826229	97.8862911	0.6382041857	1.475504711				0	63.38009805	36.61990195	5.917047489E-05	0	99.99994083				-359.4938353	0.8323826229	NaN	
359.3338353	87	6	7	1	0.8323826229	97.8862911	0.6382041857	1.475504711				0	63.38009805	36.61990195	5.917047489E-05	0	99.99994083				-359.3338353	0.8323826229	NaN	
359.1738353	87	6	7	1	0.8323826229	97.8862911	0.6382041857	1.475504711				0	63.38009805	36.61990195	5.917047489E-05	0	99.99994083				-359.1738353	0.8323826229	NaN	
359.0138353	87	6	7	1	0.8323826229	97.8862911	0.6382041857	1.475504711				0	63.38009805	36.61990195	5.917047489E-05	0	99.99994083				-359.0138353	0.8323826229	NaN	
358.8538353	87	6	7	1	0.8323826229	97.8862911	0.6382041857	1.475504711				0	63.38009805	36.61990195	5.917047489E-05	0	99.99994083				-358.8538353	0.8323826229	NaN	
358.6938353	87	6	7	1	0.8323826229	97.8862911	0.6382041857	1.475504711				0	63.38009805	36.61990195	5.917047489E-05	0	99.99994083				-358.6938353	0.8323826229	NaN	
358.5338353	87	6	7	1	0.8323826229	97.8862911	0.6382041857	1.475504711				0	63.38009805	36.61990195	5.917047489E-05	0	99.99994083				-358.5338353	0.8323826229	NaN	
358.3738353	87	6	7	1	0.8323826229	97.8862911	0.6382041857	1.475504711				0	63.38009805	36.61990195	5.917047489E-05	0	99.99994083				-358.3738353	0.8323826229	NaN	
358.2138353	87	6	7	1	0.8323826229	97.8862911	0.6382041857	1.475504711				0	63.38009805	36.61990195	5.917047489E-05	0	99.99994083				-358.2138353	0.8323826229	NaN	
358.0538353	87	6	7	1	0.8323826229	97.8862911	0.6382041857	1.475504711				0	63.38009805	36.61990195	5.917047489E-05	0	99.99994083				-358.0538353	0.8323826229	NaN	
357.8938353	87	6	7	1	0.8323826229	97.8862911	0.6382041857	1.475504711				0	63.38009805	36.61990195	5.917047489E-05	0	99.99994083				-357.8938353	0.8323826229	NaN	
357.7338353	87	6	7	1	0.8323826229	97.8862911	0.6382041857	1.475504711				0	63.38009805	36.61990195	5.917047489E-05	0	99.99994083				-357.7338353	0.8323826229	NaN	
357.5738353	87	6	7	1	0.8323826229	97.8862911	0.6382041857	1.475504711				0	63.38009805	36.61990195	5.917047489E-05	0	99.99994083				-357.5738353	0.8323826229	NaN	
357.4138353	87	6	7	1	0.8323826229	97.8862911	0.6382041857	1.475504711				0	63.38009805	36.61990195	5.917047489E-05	0	99.99994083				-357.4138353	0.8323826229	NaN	
357.2538353	87	6	7	1	0.8323826229	97.8862911	0.6382041857	1.475504711				0	63.38009805	36.61990195	5.917047489E-05	0	99.99994083				-357.2538353	0.8323826229	NaN	
357.0938353	87	6	7	1	0.8323826229	97.8862911	0.6382041857	1.475504711				0	63.38009805	36.61990195	5.917047489E-05	0	99.99994083				-357.0938353	0.8323826229	NaN	
356.9338353	87	6	7	1	0.8323826229	97.8862911	0.6382041857	1.475504711				0	63.38009805	36.61990195	5.917047489E-05	0	99.99994083				-356.9338353	0.8323826229	NaN	
356.7738353	87	6	7	1	0.8323826229	97.8862911	0.6382041857	1.475504711				0	63.38009805	36.61990195	5.917047489E-05	0	99.99994083				-356.7738353	0.8323826229	NaN	
356.6138353	87	6	7	1	0.8323826229	97.8862911	0.6382041857	1.475504711				0	63.38009805	36.61990195	5.917047489E-05	0	99.99994083				-356.6138353	0.8323826229	NaN	
356.4538353	87	6	7	1	0.8323826229	97.8862911	0.6382041857	1.475504711				0	63.38009805	36.61990195	5.917047489E-05	0	99.99994083				-356.4538353	0.8323826229	NaN	
356.2938353	87	6	7	1	0.8323826229	97.8862911	0.6382041857	1.475504711				0	63.38009805	36.61990195	5.917047489E-05	0	99.99994083				-356.2938353	0.8323826229	NaN	
356.1338353	87	6	7	1	0.8323826229	97.8862911	0.6382041857	1.475504711				0	63.38009805	36.61990195	5.917047489E-05	0	99.99994083				-356.1338353	0.8323826229	NaN	
355.9738353	87	6	7	1	0.8323826229	97.8862911	0.6382041857	1.475504711				0	63.38009805	36.61990195	5.917047489E-05	0	99.99994083				-355.9738353	0.8323826229	NaN	
355.8138353	87	6	7	1	0.8323826229	97.8862911	0.6382041857	1.475504711				0	63.38009805	36.61990195	5.917047489E-05	0	99.99994083				-355.8138353	0.8323826229	NaN	
355.6538353	87	6	7	1	0.8323826229	97.8862911	0.6382041857	1.475504711				0	63.38009805	36.61990195	5.917047489E-05	0	99.99994083				-355.6538353	0.8323826229	NaN	
355.4938353	87	6	7	1	0.8323826229	97.8862911	0.6382041857	1.475504711				0	63.38009805	36.61990195	5.917047489E-05	0	99.99994083				-355.4938353	0.8323826229	NaN	
355.3338353	87	6	7	1	0.8323826229	97.8862911	0.6382041857	1.475504711				0	63.38009805	36.61990195	5.917047489E-05	0	99.99994083				-355.3338353	0.8323826229	NaN	
355.1738353	87	6	7	1	0.8323826229	97.8862911	0.6382041857	1.475504711				0	63.38009805	36.61990195	5.917047489E-05	0	99.99994083				-355.1738353	0.8323826229	NaN	
355.0138353	87	6	7	1	0.8323826229	97.8862911	0.6382041857	1.475504711				0	63.38009805	36.61990195	5.917047489E-05	0	99.99994083				-355.0138353	0.8323826229	NaN	
354.8538353	87	6	7	1	0.8323826229	97.8862911	0.6382041857	1.475504711				0	63.38009805	36.61990195	5.917047489E-05	0	99.99994083				-354.8538353	0.8323826229	NaN	
354.6938353	87	6	7	1	0.8323826229	97.8862911	0.6382041857	1.475504711				0	63.38009805	36.61990195	5.917047489E-05	0	99.99994083				-354.6938353	0.8323826229	NaN	
354.5338353	87	6	7	1	0.8323826229	97.8862911	0.6382041857	1.475504711				0	63.38009805	36.61990195	5.917047489E-05	0	99.99994083				-354.5338353	0.8323826229	NaN	
354.3738353	87	6	7	1	0.8323826229	97.8862911	0.6382041857	1.475504711				0	63.38009805	36.61990195	5.917047489E-05	0	99.99994083				-354.3738353	0.8323826229	NaN	
354.2138353	87	6	7	1	0.8323826229	97.8862911	0.6382041857	1.475504711				0	63.38009805	36.61990195	5.917047489E-05	0	99.99994083				-354.2138353	0.8323826229	NaN	
354.0538353	87	6	7	1	0.8323826229	97.8862911	0.6382041857	1.475504711				0	63.38009805	36.61990195	5.917047489E-05	0	99.99994083				-354.0538353	0.8323826229	NaN	
353.8938353	87	6	7	1	0.8323826229	97.8862911	0.6382041857	1.475504711				0	63.38009805	36.61990195	5.917047489E-05	0	99.99994083				-353.8938353	0.8323826229	NaN	
353.7338353	87	6	7	1	0.8323826229	97.8862911	0.6382041857	1.475504711				0	63.38009805	36.61990195	5.917047489E-05	0	99.99994083				-353.7338353	0.8323826229	NaN	
353.5738353	87	6	7	1	0.8323826229	97.8862911	0.6382041857	1.475504711				0	63.38009805	36.61990195	5.917047489E-05	0	99.99994083				-353.5738353	0.8323826229	NaN	
353.4138353	87	6	7	1	0.8323826229	97.8862911	0.6382041857	1.475504711				0	63.38009805	36.61990195	5.917047489E-05	0	99.99994083				-353.4138353	0.8323826229	NaN	
353.2538353	87	6	7	1	0.8323826229	97.8862911	0.6382041857	1.475504711				0	63.38009805	36.61990195	5.917047489E-05	0	99.99994083				-353.2538353	0.8323826229	NaN	
353.0938353	87	6	7	1	0.8323826229	97.8862911	0.6382041857	1.475504711				0	63.38009805	36.61990195	5.917047489E-05	0	99.99994083				-353.0938353	0.8323826229	NaN	
352.9338353	87	6	7	1	0.8323826229	97.8862911	0.6382041857	1.475504711				0	63.38009805	36.61990195	5.917047489E-05	0	99.99994083				-352.9338353	0.8323826229	NaN	
352.7738353	87	6	7	1	0.8323826229	97.8862911	0.6382041857	1.475504711				0	63.38009805	36.61990195	5.917047489E-05	0	99.99994083				-352.7738353	0.8323826229	NaN	
352.6138353	87	6	7	1	0.8323826229	97.8862911	0.6382041857	1.475504711				0	63.38009805	36.61990195	5.917047489E-05	0	99.99994083				-352.6138353	0.8323826229	NaN	
352.4538353	87	6	7	1	0.8323826229	97.8862911	0.6382041857	1.475504711				0	63.38009805	36.61990195	5.917047489E-05	0	99.99994083				-352.4538353	0.8323826229	NaN	
352.2938353	87	6	7	1	0.8323826229	97.8862911	0.6382041857	1.475504711				0	63.38009805	36.61990195	5.917047489E-05	0	99.99994083				-352.2938353	0.8323826229	NaN	
352.1338353	87	6	7	1	0.8323826229	97.8862911	0.6382041857	1.475504711				0	63.38009805	36.61990195	5.917047489E-05	0	99.99994083				-352.1338353	0.8323826229	NaN	
351.9738353	87	6	7	1	0.8323826229	97.8862911	0.6382041857	1.475504711				0	63.38009805	36.61990195	5.917047489E-05	0	99.99994083				-351.9738353	0.8323826229	NaN	
351.8138353	87	6	7	1	0.8323826229	97.8862911	0.6382041857	1.475504711				0	63.38009805	36.61990195	5.917047489E-05	0	99.99994083				-351.8138353	0.8323826229	NaN	
351.6538353	87	6	7	1	0.8323826229	97.8862911	0.6382041857	1.475504711				0	63.38009805	36.61990195	5.917047489E-05	0	99.99994083				-351.6538353	0.8323826229	NaN	
351.4938353	87	6	7	1	0.8323826229	97.8862911	0.6382041857	1.475504711				0	63.38009805	36.61990195	5.917047489E-05	0	99.99994083				-351.4938353	0.8323826229	NaN	
351.3338353	87	6	7	1	0.8323826229	97.8862911	0.6382041857	1.475504711				0	63.38009805	36.61990195	5.917047489E-05	0	99.99994083				-351.3338353	0.8323826229	NaN	
351.1738353	87	6	7	1	0.8323826229	97.8862911	0.6382041857	1.475504711				0	63.38009805	36.61990195	5.917047489E-05	0	99.99994083				-351.1738353	0.8323826229	NaN	
351.0138353	87	6	7	1	0.8323826229	97.8862911	0.6382041857	1.475504711				0	63.38009805	36.61990195	5.917047489E-05	0	99.99994083				-351.0138353	0.8323826229	NaN	
350.8538353	87	6	7	1	0.8323826229	97.8862911	0.6382041857	1.475504711				0	63.38009805	36.61990195	5.917047489E-05	0	99.99994083				-350.8538353	0.8323826229	NaN	
350.6938353	87	6	7	1	0.8323826229	97.8862911	0.6382041857	1.475504711				0	63.38009805	36.61990195	5.917047489E-05	0	99.99994083				-350.6938353	0.8323826229	NaN	
350.5338353	87	6	7	1	0.8323826229	97.8862911	0.6382041857	1.475504711				0	63.38009805	36.61990195	5.917047489E-05	0	99.99994083				-350.5338353	0.8323826229	NaN	
350.3738353	87	6	7	1	0.8323826229	97.8862911	0.6382041857	1.475504711				0	63.38009805	36.61990195	5.917047489E-05	0	99.99994083				-350.3738353	0.8323826229	NaN	
350.2138353	87	6	7	1	0.8323826229	97.8862911	0.6382041857	1.475504711				0	63.38009805	36.61990195	5.917047489E-05	0	99.99994083				-350.2138353	0.8323826229	NaN	
350.0538353	87	6	7	1	0.8323826229	97.8862911	0.6382041857	1.475504711				0	63.38009805	36.61990195	5.917047489E-05	0	99.99994083				-350.0538353	0.8323826229	NaN	
349.8938353	87	6	7	1	0.8323826229	97.8862911	0.6382041857	1.475504711				0	63.38009805	36.61990195	5.917047489E-05	0	99.99994083				-349.8938353	0.8323826229	NaN	
349.7338353	87	6	7	1	0.8323826229	97.8862911	0.6382041857	1.475504711				0	63.38009805	36.61990195	5.917047489E-05	0	99.99994083				-349.7338353	0.8323826229	NaN	
349.5738353	87	6	7	1	0.8323826229	97.8862911	0.6382041857	1.475504711				0	63.38009805	36.61990195	5.917047489E-05	0	99.99994083				-349.5738353	0.8323826229	NaN	
349.4138353	87	6	7	1	0.8323826229	97.8862911	0.6382041857	1.475504711				0	63.38009805	36.61990195	5.917047489E-05	0	99.99994083				-349.4138353	0.8323826229	NaN	
349.2538353	87	6	7	1	0.8323826229	97.8862911	0.6382041857	1.475504711				0	63.38009805	36.61990195	5.917047489E-05	0	99.99994083				-349.2538353	0.8323826229	NaN	
349.0938353	87	6	7	1	0.8323826229	97.8862911	0.6382041857	1.475504711				0	63.38009805	36.61990195	5.917047489E-05	0	99.99994083				-349.0938353	0.8323826229	NaN	
348.9338353	87	6	7	1	0.8323826229	97.8862911	0.6382041857	1.475504711				0	63.38009805	36.61990195	5.917047489E-05	0	99.99994083				-348.9338353	0.8323826229	NaN	
348.7738353	87	6	7	1	0.8323826229	97.8862911	0.6382041857	1.475504711				0	63.38009805	36.61990195	5.917047489E-05	0	99.99994083				-348.7738353	0.8323826229	NaN	
348.6138353	87	6	7	1	0.8323826229	97.8862911	0.6382041857	1.475504711				0	63.38009805	36.61990195	5.917047489E-05	0	99.99994083				-348.6138353	0.8323826229	NaN	
348.4538353	87	6	7	1	0.8323826229	97.8862911	0.6382041857	1.475504711				0	63.38009805	36.61990195	5.917047489E-05	0	99.99994083				-348.4538353	0.8323826229	NaN	
348.2938353	87	6	7	1	0.8323826229	97.8862911	0.6382041857	1.475504711				0	63.38009805	36.61990195	5.917047489E-05	0	99.99994083				-348.2938353	0.8323826229	NaN	
348.1338353	87	6	7	1	0.8323826229	97.8862911	0.6382041857	1.475504711				0	63.38009805	36.61990195	5.917047489E-05	0	99.99994083				-348.1338353	0.8323826229	NaN	
347.9738353	87	6	7	1	0.8323826229	97.8862911	0.6382041857	1.475504711				0	63.38009805	36.61990195	5.917047489E-05	0	99.99994083				-347.9738353	0.8323826229	NaN	
347.8138353	87	6	7	1	0.8323826229	97.8862911	0.6382041857	1.475504711				0	63.38009805	36.61990195	5.917047489E-05	0	99.99994083				-347.8138353	0.8323826229	NaN	
347.6538353	87	6	7	1	0.8323826229	97.8862911	0.6382041857	1.475504711				0	63.38009805	36.61990195	5.917047489E-05	0	99.99994083				-347.6538353	0.8323826229	NaN	
347.4938353	87	6	7	1	0.8323826229	97.8862911	0.6382041857	1.475504711				0	63.38009805	36.61990195	5.917047489E-05	0	99.99994083				-347.4938353	0.8323826229	NaN	
347.3338353	87	6	7	1	0.8323826229	97.8862911	0.6382041857	1.475504711				0	63.38009805	36.61990195	5.917047489E-05	0	99.99994083				-347.3338353	0.8323826229	NaN	
347.1738353	87	6	7	1	0.8323826229	97.8862911	0.6382041857	1.475504711				0	63.38009805	36.61990195	5.917047489E-05	0	99.99994083				-347.1738353	0.8323826229	NaN	
347.0138353	87	6	7	1	0.8323826229	97.8862911	0.6382041857	1.475504711				0	63.38009805	36.61990195	5.917047489E-05	0	99.99994083				-347.0138353	0.8323826229	NaN	
346.8538353	87	6	7	1	0.8323826229	97.8862911	0.6382041857	1.475504711				0	63.38009805	36.61990195	5.917047489E-05	0	99.99994083				-346.8538353	0.8323826229	NaN	
346.6938353	87	6	7	1	0.8323826229	97.8862911	0.6382041857	1.475504711				0	63.38009805	36.61990195	5.917047489E-05	0	99.99994083				-346.6938353	0.8323826229	NaN	
346.5338353	87	6	7	1	0.8323826229	97.8862911	0.6382041857	1.475504711				0	63.38009805	36.61990195	5.917047489E-05	0	99.99994083				-346.5338353	0.8323826229	NaN	
346.3738353	87	6	7	1	0.8323826229	97.8862911	0.6382041857	1.475504711				0	63.38009805	36.61990195	5.917047489E-05	0	99.99994083				-346.3738353	0.8323826229	NaN	
346.2138353	87	6	7	1	0.8323826229	97.8862911	0.6382041857	1.475504711				0	63.38009805	36.61990195	5.917047489E-05	0	99.99994083				-346.2138353	0.8323826229	NaN	
346.0538353	87	6	7	1	0.8323826229	97.8862911	0.6382041857	1.475504711				0	63.38009805	36.61990195	5.917047489E-05	0	99.99994083				-346.0538353	0.8323826229	NaN	
345.8938353	87	6	7	1	0.8323826229	97.8862911	0.6382041857	1.475504711				0	63.38009805	36.61990195	5.917047489E-05	0	99.99994083				-345.8938353	0.8323826229	NaN	
345.7338353	87	6	7	1	0.8323826229	97.8862911	0.6382041857	1.475504711				0	63.38009805	36.61990195	5.917047489E-05	0	99.99994083				-345.7338353	0.8323826229	NaN	
345.5738353	87	6	7	1	0.8323826229	97.8862911	0.6382041857	1.475504711				0	63.38009805	36.61990195	5.917047489E-05	0	99.99994083				-345.5738353	0.8323826229	NaN	
345.4138353	87	6	7	1	0.8323826229	97.8862911	0.6382041857	1.475504711				0	63.38009805	36.61990195	5.917047489E-05	0	99.99994083				-345.4138353	0.8323826229	NaN	
345.2538353	87	6	7	1	0.8323826229	97.8862911	0.6382041857	1.475504711				0	63.38009805	36.61990195	5.917047489E-05	0	99.99994083				-345.2538353	0.8323826229	NaN	
345.0938353	87	6	7	1	0.8323826229	97.8862911	0.6382041857	1.475504711				0	63.38009805	36.61990195	5.917047489E-05	0	99.99994083				-345.0938353	0.8323826229	NaN	
344.9338353	87	6	7	1	0.8323826229	97.8862911	0.6382041857	1.475504711				0	63.38009805	36.61990195	5.917047489E-05	0	99.99994083				-344.9338353	0.8323826229	NaN	
344.7738353	87	6	7	1	0.8323826229	97.8862911	0.6382041857	1.475504711				0	63.38009805	36.61990195	5.917047489E-05	0	99.99994083				-344.7738353	0.8323826229	NaN	
344.6138353	87	6	7	1	0.8323826229	97.8862911	0.6382041857	1.475504711				0	63.38009805	36.61990195	5.917047489E-05	0	99.99994083				-344.6138353	0.8323826229	NaN	
344.4538353	87	6	7	1	0.8323826229	97.8862911	0.6382041857	1.475504711				0	63.38009805	36.61990195	5.917047489E-05	0	99.99994083				-344.4538353	0.8323826229	NaN	
344.2938353	87	6	7	1	0.8323826229	97.8862911	0.6382041857	1.475504711				0	63.38009805	36.61990195	5.917047489E-05	0	99.99994083				-344.2938353	0.8323826229	NaN	
344.1338353	87	6	7	1	0.8323826229	97.8862911	0.6382041857	1.475504711				0	63.38009805	36.61990195	5.917047489E-05	0	99.99994083				-344.1338353	0.8323826229	NaN	
343.9738353	87	6	7	1	0.8323826229	97.8862911	0.6382041857	1.475504711				0	63.38009805	36.61990195	5.917047489E-05	0	99.99994083				-343.9738353	0.8323826229	NaN	
343.8138353	87	6	7	1	0.8323826229	97.8862911	0.6382041857	1.475504711				0	63.38009805	36.61990195	5.917047489E-05	0	99.99994083				-343.8138353	0.8323826229	NaN	
343.6538353	87	6	7	1	0.8323826229	97.8862911	0.6382041857	1.475504711				0	63.38009805	36.61990195	5.917047489E-05	0	99.99994083				-343.6538353	0.8323826229	NaN	
343.4938353	87	6	7	1	0.8323826229	97.8862911	0.6382041857	1.475504711				0	63.38009805	36.61990195	5.917047489E-05	0	99.99994083				-343.4938353	0.8323826229	NaN	
343.3338353	87	6	7	1	0.8323826229	97.8862911	0.6382041857	1.475504711				0	63.38009805	36.61990195	5.917047489E-05	0	99.99994083				-343.3338353	0.8323826229	NaN	
343.1738353	87	6	7	1	0.8323826229	97.8862911	0.6382041857	1.475504711				0	63.38009805	36.61990195	5.917047489E-05	0	99.99994083				-343.1738353	0.8323826229	NaN	
343.0138353	87	6	7	1	0.8323826229	97.8862911	0.6382041857	1.475504711				0	63.38009805	36.61990195	5.917047489E-05	0	99.99994083				-343.0138353	0.8323826229	NaN	
342.8538353	87	6	7	1	0.8323826229	97.8862911	0.6382041857	1.475504711				0	63.38009805	36.61990195	5.917047489E-05	0	99.99994083				-342.8538353	0.8323826229	NaN	
342.6938353	87	6	7	1	0.8323826229	97.8862911	0.6382041857	1.475504711				0	63.38009805	36.61990195	5.917047489E-05	0	99.99994083				-342.6938353	0.8323826229	NaN	
342.5338353	87	6	7	1	0.8323826229	97.8862911	0.6382041857	1.475504711				0	63.38009805	36.61990195	5.917047489E-05	0	99.99994083				-342.5338353	0.8323826229	NaN	
342.3738353	87	6	7	1	0.8323826229	97.8862911	0.6382041857	1.475504711				0	63.38009805	36.61990195	5.917047489E-05	0	99.99994083				-342.3738353	0.8323826229	NaN	
342.2138353	87	6	7	1	0.8323826229	97.8862911	0.6382041857	1.475504711				0	63.38009805	36.61990195	5.917047489E-05	0	99.99994083				-342.2138353	0.8323826229	NaN	
342.0538353	87	6	7	1	0.8323826229	97.8862911	0.6382041857	1.475504711				0	63.38009805	36.61990195	5.917047489E-05	0	99.99994083				-342.0538353	0.8323826229	NaN	
341.8938353	87	6	7	1	0.8323826229	97.8862911	0.6382041857	1.475504711				0	63.38009805	36.61990195	5.917047489E-05	0	99.99994083				-341.8938353	0.8323826229	NaN	
341.7338353	87	6	7	1	0.8323826229	97.8862911	0.6382041857	1.475504711				0	63.38009805	36.61990195	5.917047489E-05	0	99.99994083				-341.7338353	0.8323826229	NaN	
341.5738353	87	6	7	1	0.8323826229	97.8862911	0.6382041857	1.475504711				0	63.38009805	36.61990195	5.917047489E-05	0	99.99994083				-341.5738353	0.8323826229	NaN	
341.4138353	87	6	7	1	0.8323826229	97.8862911	0.6382041857	1.475504711				0	63.38009805	36.61990195	5.917047489E-05	0	99.99994083				-341.4138353	0.8323826229	NaN	
341.2538353	87	6	7	1	0.8323826229	97.8862911	0.6382041857	1.475504711				0	63.38009805	36.61990195	5.917047489E-05	0	99.99994083				-341.2538353	0.8323826229	NaN	
341.0938353	87	6	7	1	0.8323826229	97.8862911	0.6382041857	1.475504711				0	63.38009805	36.61990195	5.917047489E-05	0	99.99994083				-341.0938353	0.8323826229	NaN	
340.9338353	87	6	7	1	0.8323826229	97.8862911	0.6382041857	1.475504711				0	63.38009805	36.61990195	5.917047489E-05	0	99.99994083				-340.9338353	0.8323826229	NaN	
340.7738353	87	6	7	1	0.8323826229	97.8862911	0.6382041857	1.475504711				0	63.38009805	36.61990195	5.917047489E-05	0	99.99994083				-340.7738353	0.8323826229	NaN	
340.6138353	87	6	7	1	0.8323826229	97.8862911	0.6382041857	1.475504711				0	63.38009805	36.61990195	5.917047489E-05	0	99.99994083				-340.6138353	0.8323826229	NaN	
340.4538353	87	6	7	1	0.8323826229	97.8862911	0.6382041857	1.475504711				0	63.38009805	36.61990195	5.917047489E-05	0	99.99994083				-340.4538353	0.8323826229	NaN	
340.2938353	87	6	7	1	0.8323826229	97.8862911	0.6382041857	1.475504711				0	63.38009805	36.61990195	5.917047489E-05	0	99.99994083				-340.2938353	0.8323826229	NaN	
340.1338353	87	6	7	1	0.8323826229	97.8862911	0.6382041857	1.475504711				0	63.38009805	36.61990195	5.917047489E-05	0	99.99994083				-340.1338353	0.8323826229	NaN	
339.9738353	87	6	7	1	0.8323826229	97.8862911	0.6382041857	1.475504711				0	63.38009805	36.61990195	5.917047489E-05	0	99.99994083				-339.9738353	0.8323826229	NaN	
339.8138353	87	6	7	1	0.8323826229	97.8862911	0.6382041857	1.475504711				0	63.38009805	36.61990195	5.917047489E-05	0	99.99994083				-339.8138353	0.8323826229	NaN	
339.6538353	87	6	7	1	0.8323826229	97.8862911	0.6382041857	1.475504711				0	63.38009805	36.61990195	5.917047489E-05	0	99.99994083				-339.6538353	0.8323826229	NaN	
339.4938353	87	6	7	1	0.8323826229	97.8862911	0.6382041857	1.475504711				0	63.38009805	36.61990195	5.917047489E-05	0	99.99994083				-339.4938353	0.8323826229	NaN	
339.3338353	87	6	7	1	0.8323826229	97.8862911	0.6382041857	1.475504711				0	63.38009805	36.61990195	5.917047489E-05	0	99.99994083				-339.3338353	0.8323826229	NaN	
339.1738353	87	6	7	1	0.8323826229	97.8862911	0.6382041857	1.475504711				0	63.38009805	36.61990195	5.917047489E-05	0	99.99994083				-339.1738353	0.8323826229	NaN	
339.0138353	87	6	7	1	0.8323826229	97.8862911	0.6382041857	1.475504711				0	63.38009805	36.61990195	5.917047489E-05	0	99.99994083				-339.0138353	0.8323826229	NaN	
338.8538353	87	6	7	1	0.8323826229	97.8862911	0.6382041857	1.475504711				0	63.38009805	36.61990195	5.917047489E-05	0	99.99994083				-338.8538353	0.8323826229	NaN	
338.6938353	87	6	7	1	0.8323826229	97.8862911	0.6382041857	1.475504711				0	63.38009805	36.61990195	5.917047489E-05	0	99.99994083				-338.6938353	0.8323826229	NaN	
338.5338353	87	6	7	1	0.8323826229	97.8862911	0.6382041857	1.475504711				0	63.38009805	36.61990195	5.917047489E-05	0	99.99994083				-338.5338353	0.8323826229	NaN	
338.3738353	87	6	7	1	0.8323826229	97.8862911	0.6382041857	1.475504711				0	63.38009805	36.61990195	5.917047489E-05	0	99.99994083				-338.3738353	0.8323826229	NaN	
338.2138353	87	6	7	1	0.8323826229	97.8862911	0.6382041857	1.475504711				0	63.38009805	36.61990195	5.917047489E-05	0	99.99994083				-338.2138353	0.8323826229	NaN	
338.0538353	87	6	7	1	0.8323826229	97.8862911	0.6382041857	1.475504711				0	63.38009805	36.61990195	5.917047489E-05	0	99.99994083				-338.0538353	0.8323826229	NaN	
337.8938353	87	6	7	1	0.8323826229	97.8862911	0.6382041857	1.475504711				0	63.38009805	36.61990195	5.917047489E-05	0	99.99994083				-337.8938353	0.8323826229	NaN	
337.7338353	87	6	7	1	0.8323826229	97.8862911	0.6382041857	1.475504711				0	63.38009805	36.61990195	5.917047489E-05	0	99.99994083				-337.7338353	0.8323826229	NaN	
337.5738353	87	6	7	1	0.8323826229	97.8862911	0.6382041857	1.475504711				0	63.38009805	36.61990195	5.917047489E-05	0	99.99994083				-337.5738353	0.8323826229	NaN	
337.4138353	87	6	7	1	0.8323826229	97.8862911	0.6382041857	1.475504711				0	63.38009805	36.61990195	5.917047489E-05	0	99.99994083				-337.4138353	0.8323826229	NaN	
337.2538353	87	6	7	1	0.8323826229	97.8862911	0.6382041857	1.475504711				0	63.38009805	36.61990195	5.917047489E-05	0	99.99994083				-337.2538353	0.8323826229	NaN	
337.0938353	87	6	7	1	0.8323826229	97.8862911	0.6382041857	1.475504711				0	63.38009805	36.61990195	5.917047489E-05	0	99.99994083				-337.0938353	0.8323826229	NaN	
336.9338353	87	6	7	1	0.8323826229	97.8862911	0.6382041857	1.475504711				0	63.38009805	36.61990195	5.917047489E-05	0	99.99994083				-336.9338353	0.8323826229	NaN	
336.7738353	87	6	7	1	0.8323826229	97.8862911	0.6382041857	1.475504711				0	63.38009805	36.61990195	5.917047489E-05	0	99.99994083				-336.7738353	0.8323826229	NaN	
336.6138353	87	6	7	1	0.8323826229	97.8862911	0.6382041857	1.475504711				0	63.38009805	36.61990195	5.917047489E-05	0	99.99994083				-336.6138353	0.8323826229	NaN	
336.4538353	87	6	7	1	0.8323826229	97.8862911	0.6382041857	1.475504711				0	63.38009805	36.61990195	5.917047489E-05	0	99.99994083				-336.4538353	0.8323826229	NaN	
336.2938353	87	6	7	1	0.8323826229	97.8862911	0.6382041857	1.475504711				0	63.38009805	36.61990195	5.917047489E-05	0	99.99994083				-336.2938353	0.8323826229	NaN	
336.1338353	87	6	7	1	0.8323826229	97.8862911	0.6382041857	1.475504711				0	63.38009805	36.61990195	5.917047489E-05	0	99.99994083				-336.1338353	0.8323826229	NaN	
335.9738353	87	6	7	1	0.8323826229	97.8862911	0.6382041857	1.475504711				0	63.38009805	36.61990195	5.917047489E-05	0	99.99994083				-335.9738353	0.8323826229	NaN	
335.8138353	87	6	7	1	0.8323826229	97.8862911	0.6382041857	1.475504711				0	63.38009805	36.61990195	5.917047489E-05	0	99.99994083				-335.8138353	0.8323826229	NaN	
335.6538353	87	6	7	1	0.8323826229	97.8862911	0.6382041857	1.475504711				0	63.38009805	36.61990195	5.917047489E-05	0	99.99994083				-335.6538353	0.8323826229	NaN	
335.4938353	87	6	7	1	0.8323826229	97.8862911	0.6382041857	1.475504711				0	63.38009805	36.61990195	5.917047489E-05	0	99.99994083				-335.4938353	0.8323826229	NaN	
335.3338353	87	6	7	1	0.8323826229	97.8862911	0.6382041857	1.475504711				0	63.38009805	36.61990195	5.917047489E-05	0	99.99994083				-335.3338353	0.8323826229	NaN	
335.1738353	87	6	7	1	0.8323826229	97.8862911	0.6382041857	1.475504711				0	63.38009805	36.61990195	5.917047489E-05	0	99.99994083				-335.1738353	0.8323826229	NaN	
335.0138353	87	6	7	1	0.8323826229	97.8862911	0.6382041857	1.475504711				0	63.38009805	36.61990195	5.917047489E-05	0	99.99994083				-335.0138353	0.8323826229	NaN	
334.8538353	87	6	7	1	0.8323826229	97.8862911	0.6382041857	1.475504711				0	63.38009805	36.61990195	5.917047489E-05	0	99.99994083				-334.8538353	0.8323826229	NaN	
334.6938353	87	6	7	1	0.8323826229	97.8862911	0.6382041857	1.475504711				0	63.38009805	36.61990195	5.917047489E-05	0	99.99994083				-334.6938353	0.8323826229	NaN	
334.5338353	87	6	7	1	0.8323826229	97.8862911	0.6382041857	1.475504711				0	63.38009805	36.61990195	5.917047489E-05	0	99.99994083				-334.5338353	0.8323826229	NaN	
334.3738353	87	6	7	1	0.8323826229	97.8862911	0.6382041857	1.475504711				0	63.38009805	36.61990195	5.917047489E-05	0	99.99994083				-334.3738353	0.8323826229	NaN	
334.2138353	87	6	7	1	0.8323826229	97.8862911	0.6382041857	1.475504711				0	63.38009805	36.61990195	5.917047489E-05	0	99.99994083				-334.2138353	0.8323826229	NaN	
334.0538353	87	6	7	1	0.8323826229	97.8862911	0.6382041857	1.475504711				0	63.38009805	36.61990195	5.917047489E-05	0	99.99994083				-334.0538353	0.8323826229	NaN	
333.8938353	87	6	7	1	0.8323826229	97.8862911	0.6382041857	1.475504711				0	63.38009805	36.61990195	5.917047489E-05	0	99.99994083				-333.8938353	0.8323826229	NaN	
333.7338353	87	6	7	1	0.8323826229	97.8862911	0.6382041857	1.475504711				0	63.38009805	36.61990195	5.917047489E-05	0	99.99994083				-333.7338353	0.8323826229	NaN	
333.5738353	87	6	7	1	0.8323826229	97.8862911	0.6382041857	1.475504711				0	63.38009805	36.61990195	5.917047489E-05	0	99.99994083				-333.5738353	0.8323826229	NaN	
333.4138353	87	6	7	1	0.8323826229	97.8862911	0.6382041857	1.475504711				0	63.38009805	36.61990195	5.917047489E-05	0	99.99994083				-333.4138353	0.8323826229	NaN	
333.2538353	87	6	7	1	0.8323826229	97.8862911	0.6382041857	1.475504711				0	63.38009805	36.61990195	5.917047489E-05	0	99.99994083				-333.2538353	0.8323826229	NaN	
333.0938353	87	6	7	1	0.8323826229	97.8862911	0.6382041857	1.475504711				0	63.38009805	36.61990195	5.917047489E-05	0	99.99994083				-333.0938353	0.8323826229	NaN	
332.9338353	87	6	7	1	0.8323826229	97.8862911	0.6382041857	1.475504711				0	63.38009805	36.61990195	5.917047489E-05	0	99.99994083				-332.9338353	0.8323826229	NaN	
332.7738353	87	6	7	1	0.8323826229	97.8862911	0.6382041857	1.475504711				0	63.38009805	36.61990195	5.917047489E-05	0	99.99994083				-332.7738353	0.8323826229	NaN	
332.6138353	87	6	7	1	0.8323826229	97.8862911	0.6382041857	1.475504711				0	63.38009805	36.61990195	5.917047489E-05	0	99.99994083				-332.6138353	0.8323826229	NaN	
332.4538353	87	6	7	1	0.8323826229	97.8862911	0.6382041857	1.475504711				0	63.38009805	36.61990195	5.917047489E-05	0	99.99994083				-332.4538353	0.8323826229	NaN	
332.2938353	87	6	7	1	0.8323826229	97.8862911	0.6382041857	1.475504711				0	63.38009805	36.61990195	5.917047489E-05	0	99.99994083				-332.2938353	0.8323826229	NaN	
332.1338353	87	6	7	1	0.8323826229	97.8862911	0.6382041857	1.475504711				0	63.38009805	36.61990195	5.917047489E-05	0	99.99994083				-332.1338353	0.8323826229	NaN	
331.9738353	87	6	7	1	0.8323826229	97.8862911	0.6382041857	1.475504711				0	63.38009805	36.61990195	5.917047489E-05	0	99.99994083				-331.9738353	0.8323826229	NaN	
331.8138353	87	6	7	1	0.8323826229	97.8862911	0.6382041857	1.475504711				0	63.38009805	36.61990195	5.917047489E-05	0	99.99994083				-331.8138353	0.8323826229	NaN	
331.6538353	87	6	7	1	0.8323826229	97.8862911	0.6382041857	1.475504711				0	63.38009805	36.61990195	5.917047489E-05	0	99.99994083				-331.6538353	0.8323826229	NaN	
331.4938353	87	6	7	1	0.8323826229	97.8862911	0.6382041857	1.475504711				0	63.38009805	36.61990195	5.917047489E-05	0	99.99994083				-331.4938353	0.8323826229	NaN	
331.3338353	87	6	7	1	0.8323826229	97.8862911	0.6382041857	1.475504711				0	63.38009805	36.61990195	5.917047489E-05	0	99.99994083				-331.3338353	0.8323826229	NaN	
331.1738353	87	6	7	1	0.8323826229	97.8862911	0.6382041857	1.475504711				0	63.38009805	36.61990195	5.917047489E-05	0	99.99994083				-331.1738353	0.8323826229	NaN	
331.0138353	87	6	7	1	0.8323826229	97.8862911	0.6382041857	1.475504711				0	63.38009805	36.61990195	5.917047489E-05	0	99.99994083				-331.0138353	0.8323826229	NaN	
330.8538353	87	6	7	1	0.8323826229	97.8862911	0.6382041857	1.475504711				0	63.38009805	36.61990195	5.917047489E-05	0	99.99994083				-330.8538353	0.8323826229	NaN	
330.6938353	87	6	7	1	0.8323826229	97.8862911	0.6382041857	1.475504711				0	63.38009805	36.61990195	5.917047489E-05	0	99.99994083				-330.6938353	0.8323826229	NaN	
330.5338353	87	6	7	1	0.8323826229	97.8862911	0.6382041857	1.475504711				0	63.38009805	36.61990195	5.917047489E-05	0	99.99994083				-330.5338353	0.8323826229	NaN	
330.3738353	87	6	7	1	0.8323826229	97.8862911	0.6382041857	1.475504711				0	63.38009805	36.61990195	5.917047489E-05	0	99.99994083				-330.3738353	0.8323826229	NaN	
330.2138353	87	6	7	1	0.8323826229	97.8862911	0.6382041857	1.475504711				0	63.38009805	36.61990195	5.917047489E-05	0	99.99994083				-330.2138353	0.8323826229	NaN	
330.0538353	87	6	7	1	0.8323826229	97.8862911	0.6382041857	1.475504711				0	63.38009805	36.61990195	5.917047489E-05	0	99.99994083				-330.0538353	0.8323826229	NaN	
329.8938353	87	6	7	1	0.8323826229	97.8862911	0.6382041857	1.475504711				0	63.38009805	36.61990195	5.917047489E-05	0	99.99994083				-329.8938353	0.8323826229	NaN	
329.7338353	87	6	7	1	0.8323826229	97.8862911	0.6382041857	1.475504711				0	63.38009805	36.61990195	5.917047489E-05	0	99.99994083				-329.7338353	0.8323826229	NaN	
329.5738353	87	6	7	1	0.8323826229	97.8862911	0.6382041857	1.475504711				0	63.38009805	36.61990195	5.917047489E-05	0	99.99994083				-329.5738353	0.8323826229	NaN	
329.4138353	87	6	7	1	0.8323826229	97.8862911	0.6382041857	1.475504711				0	63.38009805	36.61990195	5.917047489E-05	0	99.99994083				-329.4138353	0.8323826229	NaN	
329.2538353	87	6	7	1	0.8323826229	97.8862911	0.6382041857	1.475504711				0	63.38009805	36.61990195	5.917047489E-05	0	99.99994083				-329.2538353	0.8323826229	NaN	
329.0938353	87	6	7	1	0.8323826229	97.8862911	0.6382041857	1.475504711				0	63.38009805	36.61990195	5.917047489E-05	0	99.99994083				-329.0938353	0.8323826229	NaN	
328.9338353	87	6	7	1	0.8323826229	97.8862911	0.6382041857	1.475504711				0	63.38009805	36.61990195	5.917047489E-05	0	99.99994083				-328.9338353	0.8323826229	NaN	
328.7738353	87	6	7	1	0.8323826229	97.8862911	0.6382041857	1.475504711				0	63.38009805	36.61990195	5.917047489E-05	0	99.99994083				-328.7738353	0.8323826229	NaN	
328.6138353	87	6	7	1	0.8323826229	97.8862911	0.6382041857	1.475504711				0	63.38009805	36.61990195	5.917047489E-05	0	99.99994083				-328.6138353	0.8323826229	NaN	
328.4538353	87	6	7	1	0.8323826229	97.8862911	0.6382041857	1.475504711				0	63.38009805	36.61990195	5.917047489E-05	0	99.99994083				-328.4538353	0.8323826229	NaN	
328.2938353	87	6	7	1	0.8323826229	97.8862911	0.6382041857	1.475504711				0	63.38009805	36.61990195	5.917047489E-05	0	99.99994083				-328.2938353	0.8323826229	NaN	
328.1338353	87	6	7	1	0.8323826229	97.8862911	0.6382041857	1.475504711				0	63.38009805	36.61990195	5.917047489E-05	0	99.99994083				-328.1338353	0.8323826229	NaN	
327.9738353	87	6	7	1	0.8323826229	97.8862911	0.6382041857	1.475504711				0	63.38009805	36.61990195	5.917047489E-05	0	99.99994083				-327.9738353	0.8323826229	NaN	
327.8138353	87	6	7	1	0.8323826229	97.8862911	0.6382041857	1.475504711				0	63.38009805	36.61990195	5.917047489E-05	0	99.99994083				-327.8138353	0.8323826229	NaN	
327.6538353	87	6	7	1	0.8323826229	97.8862911	0.6382041857	1.475504711				0	63.38009805	36.61990195	5.917047489E-05	0	99.99994083				-327.6538353	0.8323826229	NaN	
327.4938353	87	6	7	1	0.8323826229	97.8862911	0.6382041857	1.475504711				0	63.38009805	36.61990195	5.917047489E-05	0	99.99994083				-327.4938353	0.8323826229	NaN	
327.3338353	87	6	7	1	0.8323826229	97.8862911	0.6382041857	1.475504711				0	63.38009805	36.61990195	5.917047489E-05	0	99.99994083				-327.3338353	0.8323826229	NaN	
327.1738353	87	6	7	1	0.8323826229	97.8862911	0.6382041857	1.475504711				0	63.38009805	36.61990195	5.917047489E-05	0	99.99994083				-327.1738353	0.8323826229	NaN	
327.0138353	87	6	7	1	0.8323826229	97.8862911	0.6382041857	1.475504711				0	63.38009805	36.61990195	5.917047489E-05	0	99.99994083				-327.0138353	0.8323826229	NaN	
326.8538353	87	6	7	1	0.8323826229	97.8862911	0.6382041857	1.475504711				0	63.38009805	36.61990195	5.917047489E-05	0	99.99994083				-326.8538353	0.8323826229	NaN	
326.6938353	87	6	7	1	0.8323826229	97.8862911	0.6382041857	1.475504711				0	63.38009805	36.61990195	5.917047489E-05	0	99.99994083				-326.6938353	0.8323826229	NaN	
326.5338353	87	6	7	1	0.8323826229	97.8862911	0.6382041857	1.475504711				0	63.38009805	36.61990195	5.917047489E-05	0	99.99994083				-326.5338353	0.8323826229	NaN	
326.3738353	87	6	7	1	0.8323826229	97.8862911	0.6382041857	1.475504711				0	63.38009805	36.61990195	5.917047489E-05	0	99.99994083				-326.3738353	0.8323826229	NaN	
326.2138353	87	6	7	1	0.8323826229	97.8862911	0.6382041857	1.475504711				0	63.38009805	36.61990195	5.917047489E-05	0	99.99994083				-326.2138353	0.8323826229	NaN	
326.0538353	87	6	7	1	0.8323826229	97.8862911	0.6382041857	1.475504711				0	63.38009805	36.61990195	5.917047489E-05	0	99.99994083				-326.0538353	0.8323826229	NaN	
325.8938353	87	6	7	1	0.8323826229	97.8862911	0.6382041857	1.475504711				0	63.38009805	36.61990195	5.917047489E-05	0	99.99994083				-325.8938353	0.8323826229	NaN	
325.7338353	87	6	7	1	0.8323826229	97.8862911	0.6382041857	1.475504711				0	63.38009805	36.61990195	5.917047489E-05	0	99.99994083				-325.7338353	0.8323826229	NaN	
325.5738353	87	6	7	1	0.8323826229	97.8862911	0.6382041857	1.475504711				0	63.38009805	36.61990195	5.917047489E-05	0	99.99994083				-325.5738353	0.8323826229	NaN	
325.4138353	87	6	7	1	0.8323826229	97.8862911	0.6382041857	1.475504711				0	63.38009805	36.61990195	5.917047489E-05	0	99.99994083				-325.4138353	0.8323826229	NaN	
325.2538353	87	6	7	1	0.8323826229	97.8862911	0.6382041857	1.475504711				0	63.38009805	36.61990195	5.917047489E-05	0	99.99994083				-325.2538353	0.8323826229	NaN	
325.0938353	87	6	7	1	0.8323826229	97.8862911	0.6382041857	1.475504711				0	63.38009805	36.61990195	5.917047489E-05	0	99.99994083				-325.0938353	0.8323826229	NaN	
324.9338353	87	6	7	1	0.8323826229	97.8862911	0.6382041857	1.475504711				0	63.38009805	36.61990195	5.917047489E-05	0	99.99994083				-324.9338353	0.8323826229	NaN	
324.7738353	87	6	7	1	0.8323826229	97.8862911	0.6382041857	1.475504711				0	63.38009805	36.61990195	5.917047489E-05	0	99.99994083				-324.7738353	0.8323826229	NaN	
324.6138353	87	6	7	1	0.8323826229	97.8862911	0.6382041857	1.475504711				0	63.38009805	36.61990195	5.917047489E-05	0	99.99994083				-324.6138353	0.8323826229	NaN	
324.4538353	87	6	7	1	0.8323826229	97.8862911	0.6382041857	1.475504711				0	63.38009805	36.61990195	5.917047489E-05	0	99.99994083				-324.4538353	0.8323826229	NaN	
324.2938353	87	6	7	1	0.8323826229	97.8862911	0.6382041857	1.475504711				0	63.38009805	36.61990195	5.917047489E-05	0	99.99994083				-324.2938353	0.8323826229	NaN	
324.1338353	87	6	7	1	0.8323826229	97.8862911	0.6382041857	1.475504711				0	63.38009805	36.61990195	5.917047489E-05	0	99.99994083				-324.1338353	0.8323826229	NaN	
323.9738353	87	6	7	1	0.8323826229	97.8862911	0.6382041857	1.475504711				0	63.38009805	36.61990195	5.917047489E-05	0	99.99994083				-323.9738353	0.8323826229	NaN	
323.8138353	87	6	7	1	0.8323826229	97.8862911	0.6382041857	1.475504711				0	63.38009805	36.61990195	5.917047489E-05	0	99.99994083				-323.8138353	0.8323826229	NaN	
323.6538353	87	6	7	1	0.8323826229	97.8862911	0.6382041857	1.475504711				0	63.38009805	36.61990195	5.917047489E-05	0	99.99994083				-323.6538353	0.8323826229	NaN	
323.4938353	87	6	7	1	0.8323826229	97.8862911	0.6382041857	1.475504711				0	63.38009805	36.61990195	5.917047489E-05	0	99.99994083				-323.4938353	0.8323826229	NaN	
323.3338353	87	6	7	1	0.8323826229	97.8862911	0.6382041857	1.475504711				0	63.38009805	36.61990195	5.917047489E-05	0	99.99994083				-323.3338353	0.8323826229	NaN	
323.1738353	87	6	7	1	0.8323826229	97.8862911	0.6382041857	1.475504711				0	63.38009805	36.61990195	5.917047489E-05	0	99.99994083				-323.1738353	0.8323826229	NaN	
323.0138353	87	6	7	1	0.8323826229	97.8862911	0.6382041857	1.475504711				0	63.38009805	36.61990195	5.917047489E-05	0	99.99994083				-323.0138353	0.8323826229	NaN	
322.8538353	87	6	7	1	0.8323826229	97.8862911	0.6382041857	1.475504711				0	63.38009805	36.61990195	5.917047489E-05	0	99.99994083				-322.8538353	0.8323826229	NaN	
322.6938353	87	6	7	1	0.8323826229	97.8862911	0.6382041857	1.475504711				0	63.38009805	36.61990195	5.917047489E-05	0	99.99994083				-322.6938353	0.8323826229	NaN	
322.5338353	87	6	7	1	0.8323826229	97.8862911	0.6382041857	1.475504711				0	63.38009805	36.61990195	5.917047489E-05	0	99.99994083				-322.5338353	0.8323826229	NaN	
322.3738353	87	6	7	1	0.8323826229	97.8862911	0.6382041857	1.475504711				0	63.38009805	36.61990195	5.917047489E-05	0	99.99994083				-322.3738353	0.8323826229	NaN	
322.2138353	87	6	7	1	0.8323826229	97.8862911	0.6382041857	1.475504711				0	63.38009805	36.61990195	5.917047489E-05	0	99.99994083				-322.2138353	0.8323826229	NaN	
322.0538353	87	6	7	1	0.8323826229	97.8862911	0.6382041857	1.475504711				0	63.38009805	36.61990195	5.917047489E-05	0	99.99994083				-322.0538353	0.8323826229	NaN	
321.8938353	87	6	7	1	0.8323826229	97.8862911	0.6382041857	1.475504711				0	63.38009805	36.61990195	5.917047489E-05	0	99.99994083				-321.8938353	0.8323826229	NaN	
321.7338353	87	6	7	1	0.8323826229	97.8862911	0.6382041857	1.475504711				0	63.38009805	36.61990195	5.917047489E-05	0	99.99994083				-321.7338353	0.8323826229	NaN	
321.5738353	87	6	7	1	0.8323826229	97.8862911	0.6382041857	1.475504711				0	63.38009805	36.61990195	5.917047489E-05	0	99.99994083				-321.5738353	0.8323826229	NaN	
321.4138353	87	6	7	1	0.8323826229	97.8862911	0.6382041857	1.475504711				0	63.38009805	36.61990195	5.917047489E-05	0	99.99994083				-321.4138353	0.8323826229	NaN	
321.2538353	87	6	7	1	0.8323826229	97.8862911	0.6382041857	1.475504711				0	63.38009805	36.61990195	5.917047489E-05	0	99.99994083				-321.2538353	0.8323826229	NaN	
321.0938353	87	6	7	1	0.8323826229	97.8862911	0.6382041857	1.475504711				0	63.38009805	36.61990195	5.917047489E-05	0	99.99994083				-321.0938353	0.8323826229	NaN	
320.9338353	87	6	7	1	0.8323826229	97.8862911	0.6382041857	1.475504711				0	63.38009805	36.61990195	5.917047489E-05	0	99.99994083				-320.9338353	0.8323826229	NaN	
320.7738353	87	6	7	1	0.8323826229	97.8862911	0.6382041857	1.475504711				0	63.38009805	36.61990195	5.917047489E-05	0	99.99994083				-320.7738353	0.8323826229	NaN	
320.6138353	87	6	7	1	0.8323826229	97.8862911	0.6382041857	1.475504711				0	63.38009805	36.61990195	5.917047489E-05	0	99.99994083				-320.6138353	0.8323826229	NaN	
320.4538353	87	6	7	1	0.8323826229	97.8862911	0.6382041857	1.475504711				0	63.38009805	36.61990195	5.917047489E-05	0	99.99994083				-320.4538353	0.8323826229	NaN	
320.2938353	87	6	7	1	0.8323826229	97.8862911	0.6382041857	1.475504711				0	63.38009805	36.61990195	5.917047489E-05	0	99.99994083				-320.2938353	0.8323826229	NaN	
320.1338353	87	6	7	1	0.8323826229	97.8862911	0.6382041857	1.475504711				0	63.38009805	36.61990195	5.917047489E-05	0	99.99994083				-320.1338353	0.8323826229	NaN	
319.9738353	87	6	7	1	0.8323826229	97.8862911	0.6382041857	1.475504711				0	63.38009805	36.61990195	5.917047489E-05	0	99.99994083				-319.9738353	0.8323826229	NaN	
319.8138353	87	6	7	1	0.8323826229	97.8862911	0.6382041857	1.475504711				0	63.38009805	36.61990195	5.917047489E-05	0	99.99994083				-319.8138353	0.8323826229	NaN	
319.6538353	87	6	7	1	0.8323826229	97.8862911	0.6382041857	1.475504711				0	63.38009805	36.61990195	5.917047489E-05	0	99.99994083				-319.6538353	0.8323826229	NaN	
319.4938353	87	6	7	1	0.8323826229	97.8862911	0.6382041857	1.475504711				0	63.38009805	36.61990195	5.917047489E-05	0	99.99994083				-319.4938353	0.8323826229	NaN	
319.3338353	87	6	7	1	0.8323826229	97.8862911	0.6382041857	1.475504711				0	63.38009805	36.61990195	5.917047489E-05	0	99.99994083				-319.3338353	0.8323826229	NaN	
319.1738353	87	6	7	1	0.8323826229	97.8862911	0.6382041857	1.475504711				0	63.38009805	36.61990195	5.917047489E-05	0	99.99994083				-319.1738353	0.8323826229	NaN	
319.0138353	87	6	7	1	0.8323826229	97.8862911	0.6382041857	1.475504711				0	63.38009805	36.61990195	5.917047489E-05	0	99.99994083				-319.0138353	0.8323826229	NaN	
318.8538353	87	6	7	1	0.8323826229	97.8862911	0.6382041857	1.475504711				0	63.38009805	36.61990195	5.917047489E-05	0	99.99994083				-318.8538353	0.8323826229	NaN	
318.6938353	87	6	7	1	0.8323826229	97.8862911	0.6382041857	1.475504711				0	63.38009805	36.61990195	5.917047489E-05	0	99.99994083				-318.6938353	0.8323826229	NaN	
318.5338353	87	6	7	1	0.8323826229	97.8862911	0.6382041857	1.475504711				0	63.38009805	36.61990195	5.917047489E-05	0	99.99994083				-318.5338353	0.8323826229	NaN	
318.3738353	87	6	7	1	0.8323826229	97.8862911	0.6382041857	1.475504711				0	63.38009805	36.61990195	5.917047489E-05	0	99.99994083				-318.3738353	0.8323826229	NaN	
318.2138353	87	6	7	1	0.8323826229	97.8862911	0.6382041857	1.475504711				0	63.38009805	36.61990195	5.917047489E-05	0	99.99994083				-318.2138353	0.8323826229	NaN	
318.0538353	87	6	7	1	0.8323826229	97.8862911	0.6382041857	1.475504711				0	63.38009805	36.61990195	5.917047489E-05	0	99.99994083				-318.0538353	0.8323826229	NaN	
317.8938353	87	6	7	1	0.8323826229	97.8862911	0.6382041857	1.475504711				0	63.38009805	36.61990195	5.917047489E-05	0	99.99994083				-317.8938353	0.8323826229	NaN	
317.7338353	87	6	7	1	0.8323826229	97.8862911	0.6382041857	1.475504711				0	63.38009805	36.61990195	5.917047489E-05	0	99.99994083				-317.7338353	0.8323826229	NaN	
317.5738353	87	6	7	1	0.8323826229	97.8862911	0.6382041857	1.475504711				0	63.38009805	36.61990195	5.917047489E-05	0	99.99994083				-317.5738353	0.8323826229	NaN	
317.4138353	87	6	7	1	0.8323826229	97.8862911	0.6382041857	1.475504711				0	63.38009805	36.61990195	5.917047489E-05	0	99.99994083				-317.4138353	0.8323826229	NaN	
317.2538353	87	6	7	1	0.8323826229	97.8862911	0.6382041857	1.475504711				0	63.38009805	36.61990195	5.917047489E-05	0	99.99994083				-317.2538353	0.8323826229	NaN	
317.0938353	87	6	7	1	0.8323826229	97.8862911	0.6382041857	1.475504711				0	63.38009805	36.61990195	5.917047489E-05	0	99.99994083				-317.0938353	0.8323826229	NaN	
316.9338353	87	6	7	1	0.8323826229	97.8862911	0.6382041857	1.475504711				0	63.38009805	36.61990195	5.917047489E-05	0	99.99994083				-316.9338353	0.8323826229	NaN	
316.7738353	87	6	7	1	0.8323826229	97.8862911	0.6382041857	1.475504711				0	63.38009805	36.61990195	5.917047489E-05	0	99.99994083				-316.7738353	0.8323826229	NaN	
316.6138353	87	6	7	1	0.8323826229	97.8862911	0.6382041857	1.475504711				0	63.38009805	36.61990195	5.917047489E-05	0	99.99994083				-316.6138353	0.8323826229	NaN	
316.4538353	87	6	7	1	0.8323826229	97.8862911	0.6382041857	1.475504711				0	63.38009805	36.61990195	5.917047489E-05	0	99.99994083				-316.4538353	0.8323826229	NaN	
316.2938353	87	6	7	1	0.8323826229	97.8862911	0.6382041857	1.475504711				0	63.38009805	36.61990195	5.917047489E-05	0	99.99994083				-316.2938353	0.8323826229	NaN	
316.1338353	87	6	7	1	0.8323826229	97.8862911	0.6382041857	1.475504711				0	63.38009805	36.61990195	5.917047489E-05	0	99.99994083				-316.1338353	0.8323826229	NaN	
315.9738353	87	6	7	1	0.8323826229	97.8862911	0.6382041857	1.475504711				0	63.38009805	36.61990195	5.917047489E-05	0	99.99994083				-315.9738353	0.8323826229	NaN	
315.8138353	87	6	7	1	0.8323826229	97.8862911	0.6382041857	1.475504711				0	63.38009805	36.61990195	5.917047489E-05	0	99.99994083				-315.8138353	0.8323826229	NaN	
315.6538353	87	6	7	1	0.8323826229	97.8862911	0.6382041857	1.475504711				0	63.38009805	36.61990195	5.917047489E-05	0	99.99994083				-315.6538353	0.8323826229	NaN	
315.4938353	87	6	7	1	0.8323826229	97.8862911	0.6382041857	1.475504711				0	63.38009805	36.61990195	5.917047489E-05	0	99.99994083				-315.4938353	0.8323826229	NaN	
315.3338353	87	6	7	1	0.8323826229	97.8862911	0.6382041857	1.475504711				0	63.38009805	36.61990195	5.917047489E-05	0	99.99994083				-315.3338353	0.8323826229	NaN	
315.1738353	87	6	7	1	0.8323826229	97.8862911	0.6382041857	1.475504711				0	63.38009805	36.61990195	5.917047489E-05	0	99.99994083				-315.1738353	0.8323826229	NaN	
315.0138353	87	6	7	1	0.8323826229	97.8862911	0.6382041857	1.475504711				0	63.38009805	36.61990195	5.917047489E-05	0	99.99994083				-315.0138353	0.8323826229	NaN	
314.8538353	87	6	7	1	0.8323826229	97.8862911	0.6382041857	1.475504711				0	63.38009805	36.61990195	5.917047489E-05	0	99.99994083				-314.8538353	0.8323826229	NaN	
314.6938353	87	6	7	1	0.8323826229	97.8862911	0.6382041857	1.475504711				0	63.38009805	36.61990195	5.917047489E-05	0	99.99994083				-314.6938353	0.8323826229	NaN	
314.5338353	87	6	7	1	0.8323826229	97.8862911	0.6382041857	1.475504711				0	63.38009805	36.61990195	5.917047489E-05	0	99.99994083				-314.5338353	0.8323826229	NaN	
314.3738353	87	6	7	1	0.8323826229	97.8862911	0.6382041857	1.475504711				0	63.38009805	36.61990195	5.917047489E-05	0	99.99994083				-314.3738353	0.8323826229	NaN	
314.2138353	87	6	7	1	0.8323826229	97.8862911	0.6382041857	1.475504711				0	63.38009805	36.61990195	5.917047489E-05	0	99.99994083				-314.2138353	0.8323826229	NaN	
314.0538353	87	6	7	1	0.8323826229	97.8862911	0.6382041857	1.475504711				0	63.38009805	36.61990195	5.917047489E-05	0	99.99994083				-314.0538353	0.8323826229	NaN	
313.8938353	87	6	7	1	0.8323826229	97.8862911	0.6382041857	1.475504711				0	63.38009805	36.61990195	5.917047489E-05	0	99.99994083				-313.8938353	0.8323826229	NaN	
313.7338353	87	6	7	1	0.8323826229	97.8862911	0.6382041857	1.475504711				0	63.38009805	36.61990195	5.917047489E-05	0	99.99994083				-313.7338353	0.8323826229	NaN	
313.5738353	87	6	7	1	0.8323826229	97.8862911	0.6382041857	1.475504711				0	63.38009805	36.61990195	5.917047489E-05	0	99.99994083				-313.5738353	0.8323826229	NaN	
313.4138353	87	6	7	1	0.8323826229	97.8862911	0.6382041857	1.475504711				0	63.38009805	36.61990195	5.917047489E-05	0	99.99994083				-313.4138353	0.8323826229	NaN	
313.2538353	87	6	7	1	0.8323826229	97.8862911	0.6382041857	1.475504711				0	63.38009805	36.61990195	5.917047489E-05	0	99.99994083				-313.2538353	0.8323826229	NaN	
313.0938353	87	6	7	1	0.8323826229	97.8862911	0.6382041857	1.475504711				0	63.38009805	36.61990195	5.917047489E-05	0	99.99994083				-313.0938353	0.8323826229	NaN	
312.9338353	87	6	7	1	0.8323826229	97.8862911	0.6382041857	1.475504711				0	63.38009805	36.61990195	5.917047489E-05	0	99.99994083				-312.9338353	0.8323826229	NaN	
312.7738353	87	6	7	1	0.8323826229	97.8862911	0.6382041857	1.475504711				0	63.38009805	36.61990195	5.917047489E-05	0	99.99994083				-312.7738353	0.8323826229	NaN	
312.6138353	87	6	7	1	0.8323826229	97.8862911	0.6382041857	1.475504711				0	63.38009805	36.61990195	5.917047489E-05	0	99.99994083				-312.6138353	0.8323826229	NaN	
312.4538353	87	6	7	1	0.8323826229	97.8862911	0.6382041857	1.475504711				0	63.38009805	36.61990195	5.917047489E-05	0	99.99994083				-312.4538353	0.8323826229	NaN	
312.2938353	87	6	7	1	0.8323826229	97.8862911	0.6382041857	1.475504711				0	63.38009805	36.61990195	5.917047489E-05	0	99.99994083				-312.2938353	0.8323826229	NaN	
312.1338353	87	6	7	1	0.8323826229	97.8862911	0.6382041857	1.475504711				0	63.38009805	36.61990195	5.917047489E-05	0	99.99994083				-312.1338353	0.8323826229	NaN	
311.9738353	87	6	7	1	0.8323826229	97.8862911	0.6382041857	1.475504711				0	63.38009805	36.61990195	5.917047489E-05	0	99.99994083				-311.9738353	0.8323826229	NaN	
311.8138353	87	6	7	1	0.8323826229	97.8862911	0.6382041857	1.475504711				0	63.38009805	36.61990195	5.917047489E-05	0	99.99994083				-311.8138353	0.8323826229	NaN	
311.6538353	87	6	7	1	0.8323826229	97.8862911	0.6382041857	1.475504711				0	63.38009805	36.61990195	5.917047489E-05	0	99.99994083				-311.6538353	0.8323826229	NaN	
311.4938353	87	6	7	1	0.8323826229	97.8862911	0.6382041857	1.475504711				0	63.38009805	36.61990195	5.917047489E-05	0	99.99994083				-311.4938353	0.8323826229	NaN	
311.3338353	87	6	7	1	0.8323826229	97.8862911	0.6382041857	1.475504711				0	63.38009805	36.61990195	5.917047489E-05	0	99.99994083				-311.3338353	0.8323826229	NaN	
311.1738353	87	6	7	1	0.8323826229	97.8862911	0.6382041857	1.475504711				0	63.38009805	36.61990195	5.917047489E-05	0	99.99994083				-311.1738353	0.8323826229	NaN	
311.0138353	87	6	7	1	0.8323826229	97.8862911	0.6382041857	1.475504711				0	63.38009805	36.61990195	5.917047489E-05	0	99.99994083				-311.0138353	0.8323826229	NaN	
310.8538353	87	6	7	1	0.8323826229	97.8862911	0.6382041857	1.475504711				0	63.38009805	36.61990195	5.917047489E-05	0	99.99994083				-310.8538353	0.8323826229	NaN	
310.6938353	87	6	7	1	0.8323826229	97.8862911	0.6382041857	1.475504711				0	63.38009805	36.61990195	5.917047489E-05	0	99.99994083				-310.6938353	0.8323826229	NaN	
310.5338353	87	6	7	1	0.8323826229	97.8862911	0.6382041857	1.475504711				0	63.38009805	36.61990195	5.917047489E-05	0	99.99994083				-310.5338353	0.8323826229	NaN	
310.3738353	87	6	7	1	0.8323826229	97.8862911	0.6382041857	1.475504711				0	63.38009805	36.61990195	5.917047489E-05	0	99.99994083				-310.3738353	0.8323826229	NaN	
310.2138353	87	6	7	1	0.8323826229	97.8862911	0.6382041857	1.475504711				0	63.38009805	36.61990195	5.917047489E-05	0	99.99994083				-310.2138353	0.8323826229	NaN	
310.0538353	87	6	7	1	0.8323826229	97.8862911	0.6382041857	1.475504711				0	63.38009805	36.61990195	5.917047489E-05	0	99.99994083				-310.0538353	0.8323826229	NaN	
309.8938353	87	6	7	1	0.8323826229	97.8862911	0.6382041857	1.475504711				0	63.38009805	36.61990195	5.917047489E-05	0	99.99994083				-309.8938353	0.8323826229	NaN	
309.7338353	87	6	7	1	0.8323826229	97.8862911	0.6382041857	1.475504711				0	63.38009805	36.61990195	5.917047489E-05	0	99.99994083				-309.7338353	0.8323826229	NaN	
309.5738353	87	6	7	1	0.8323826229	97.8862911	0.6382041857	1.475504711				0	63.38009805	36.61990195	5.917047489E-05	0	99.99994083				-309.5738353	0.8323826229	NaN	
309.4138353	87	6	7	1	0.8323826229	97.8862911	0.6382041857	1.475504711				0	63.38009805	36.61990195	5.917047489E-05	0	99.99994083				-309.4138353	0.8323826229	NaN	
309.2538353	87	6	7	1	0.8323826229	97.8862911	0.6382041857	1.475504711				0	63.38009805	36.61990195	5.917047489E-05	0	99.99994083				-309.2538353	0.8323826229	NaN	
309.0938353	87	6	7	1	0.8323826229	97.8862911	0.6382041857	1.475504711				0	63.38009805	36.61990195	5.917047489E-05	0	99.99994083				-309.0938353	0.8323826229	NaN	
308.9338353	87	6	7	1	0.8323826229	97.8862911	0.6382041857	1.475504711				0	63.38009805	36.61990195	5.917047489E-05	0	99.99994083				-308.9338353	0.8323826229	NaN	
308.7738353	87	6	7	1	0.8323826229	97.8862911	0.6382041857	1.475504711				0	63.38009805	36.61990195	5.917047489E-05	0	99.99994083				-308.7738353	0.8323826229	NaN	
308.6138353	87	6	7	1	0.8323826229	97.8862911	0.6382041857	1.475504711				0	63.38009805	36.61990195	5.917047489E-05	0	99.99994083				-308.6138353	0.8323826229	NaN	
308.4538353	87	6	7	1	0.8323826229	97.8862911	0.6382041857	1.475504711				0	63.38009805	36.61990195	5.917047489E-05	0	99.99994083				-308.4538353	0.8323826229	NaN	
308.2938353	87	6	7	1	0.8323826229	97.8862911	0.6382041857	1.475504711				0	63.38009805	36.61990195	5.917047489E-05	0	99.99994083				-308.2938353	0.8323826229	NaN	
308.1338353	87	6	7	1	0.8323826229	97.8862911	0.6382041857	1.475504711				0	63.38009805	36.61990195	5.917047489E-05	0	99.99994083				-308.1338353	0.8323826229	NaN	
307.9738353	87	6	7	1	0.8323826229	97.8862911	0.6382041857	1.475504711				0	63.38009805	36.61990195	5.917047489E-05	0	99.99994083				-307.9738353	0.8323826229	NaN	
307.8138353	87	6	7	1	0.8323826229	97.8862911	0.6382041857	1.475504711				0	63.38009805	36.61990195	5.917047489E-05	0	99.99994083				-307.8138353	0.8323826229	NaN	
307.6538353	87	6	7	1	0.8323826229	97.8862911	0.6382041857	1.475504711				0	63.38009805	36.61990195	5.917047489E-05	0	99.99994083				-307.6538353	0.8323826229	NaN	
307.4938353	87	6	7	1	0.8323826229	97.8862911	0.6382041857	1.475504711				0	63.38009805	36.61990195	5.917047489E-05	0	99.99994083				-307.4938353	0.8323826229	NaN	
307.3338353	87	6	7	1	0.8323826229	97.8862911	0.6382041857	1.475504711				0	63.38009805	36.61990195	5.917047489E-05	0	99.99994083				-307.3338353	0.8323826229	NaN	
307.1738353	87	6	7	1	0.8323826229	97.8862911	0.6382041857	1.475504711				0	63.38009805	36.61990195	5.917047489E-05	0	99.99994083				-307.1738353	0.8323826229	NaN	
307.0138353	87	6	7	1	0.8323826229	97.8862911	0.6382041857	1.475504711				0	63.38009805	36.61990195	5.917047489E-05	0	99.99994083				-307.0138353	0.8323826229	NaN	
306.8538353	87	6	7	1	0.8323826229	97.8862911	0.6382041857	1.475504711				0	63.38009805	36.61990195	5.917047489E-05	0	99.99994083				-306.8538353	0.8323826229	NaN	
306.6938353	87	6	7	1	0.8323826229	97.8862911	0.6382041857	1.475504711				0	63.38009805	36.61990195	5.917047489E-05	0	99.99994083				-306.6938353	0.8323826229	NaN	
306.5338353	87	6	7	1	0.8323826229	97.8862911	0.6382041857	1.475504711				0	63.38009805	36.61990195	5.917047489E-05	0	99.99994083				-306.5338353	0.8323826229	NaN	
306.3738353	87	6	7	1	0.8323826229	97.8862911	0.6382041857	1.475504711				0	63.38009805	36.61990195	5.917047489E-05	0	99.99994083				-306.3738353	0.8323826229	NaN	
306.2138353	87	6	7	1	0.8323826229	97.8862911	0.6382041857	1.475504711				0	63.38009805	36.61990195	5.917047489E-05	0	99.99994083				-306.2138353	0.8323826229	NaN	
306.0538353	87	6	7	1	0.8323826229	97.8862911	0.6382041857	1.475504711				0	63.38009805	36.61990195	5.917047489E-05	0	99.99994083				-306.0538353	0.8323826229	NaN	
305.8938353	87	6	7	1	0.8323826229	97.8862911	0.6382041857	1.475504711				0	63.38009805	36.61990195	5.917047489E-05	0	99.99994083				-305.8938353	0.8323826229	NaN	
305.7338353	87	6	7	1	0.8323826229	97.8862911	0.6382041857	1.475504711				0	63.38009805	36.61990195	5.917047489E-05	0	99.99994083				-305.7338353	0.8323826229	NaN	
305.5738353	87	6	7	1	0.8323826229	97.8862911	0.6382041857	1.475504711				0	63.38009805	36.61990195	5.917047489E-05	0	99.99994083				-305.5738353	0.8323826229	NaN	
305.4138353	87	6	7	1	0.8323826229	97.8862911	0.6382041857	1.475504711				0	63.38009805	36.61990195	5.917047489E-05	0	99.99994083				-305.4138353	0.8323826229	NaN	
305.2538353	87	6	7	1	0.8323826229	97.8862911	0.6382041857	1.475504711				0	63.38009805	36.61990195	5.917047489E-05	0	99.99994083				-305.2538353	0.8323826229	NaN	
305.0938353	87	6	7	1	0.8323826229	97.8862911	0.6382041857	1.475504711				0	63.38009805	36.61990195	5.917047489E-05	0	99.99994083				-305.0938353	0.8323826229	NaN	
304.9338353	87	6	7	1	0.8323826229	97.8862911	0.6382041857	1.475504711				0	63.38009805	36.61990195	5.917047489E-05	0	99.99994083				-304.9338353	0.8323826229	NaN	
304.7738353	87	6	7	1	0.8323826229	97.8862911	0.6382041857	1.475504711				0	63.38009805	36.61990195	5.917047489E-05	0	99.99994083				-304.7738353	0.8323826229	NaN	
304.6138353	87	6	7	1	0.8323826229	97.8862911	0.6382041857	1.475504711				0	63.38009805	36.61990195	5.917047489E-05	0	99.99994083				-304.6138353	0.8323826229	NaN	
304.4538353	87	6	7	1	0.8323826229	97.8862911	0.6382041857	1.475504711				0	63.38009805	36.61990195	5.917047489E-05	0	99.99994083				-304.4538353	0.8323826229	NaN	
304.2938353	87	6	7	1	0.8323826229	97.8862911	0.6382041857	1.475504711				0	63.38009805	36.61990195	5.917047489E-05	0	99.99994083				-304.2938353	0.8323826229	NaN	
304.1338353	87	6	7	1	0.8323826229	97.8862911	0.6382041857	1.475504711				0	63.38009805	36.61990195	5.917047489E-05	0	99.99994083				-304.1338353	0.8323826229	NaN	
303.9738353	87	6	7	1	0.8323826229	97.8862911	0.6382041857	1.475504711				0	63.38009805	36.61990195	5.917047489E-05	0	99.99994083				-303.9738353	0.8323826229	NaN	
303.8138353	87	6	7	1	0.8323826229	97.8862911	0.6382041857	1.475504711				0	63.38009805	36.61990195	5.917047489E-05	0	99.99994083				-303.8138353	0.8323826229	NaN	
303.6538353	87	6	7	1	0.8323826229	97.8862911	0.6382041857	1.475504711				0	63.38009805	36.61990195	5.917047489E-05	0	99.99994083				-303.6538353	0.8323826229	NaN	
303.4938353	87	6	7	1	0.8323826229	97.8862911	0.6382041857	1.475504711				0	63.38009805	36.61990195	5.917047489E-05	0	99.99994083				-303.4938353	0.8323826229	NaN	
303.3338353	87	6	7	1	0.8323826229	97.8862911	0.6382041857	1.475504711				0	63.38009805	36.61990195	5.917047489E-05	0	99.99994083				-303.3338353	0.8323826229	NaN	
303.1738353	87	6	7	1	0.8323826229	97.8862911	0.6382041857	1.475504711				0	63.38009805	36.61990195	5.917047489E-05	0	99.99994083				-303.1738353	0.8323826229	NaN	
303.0138353	87	6	7	1	0.8323826229	97.8862911	0.6382041857	1.475504711				0	63.38009805	36.61990195	5.917047489E-05	0	99.99994083				-303.0138353	0.8323826229	NaN	
302.8538353	87	6	7	1	0.8323826229	97.8862911	0.6382041857	1.475504711				0	63.38009805	36.61990195	5.917047489E-05	0	99.99994083				-302.8538353	0.8323826229	NaN	
302.6938353	87	6	7	1	0.8323826229	97.8862911	0.6382041857	1.475504711				0	63.38009805	36.61990195	5.917047489E-05	0	99.99994083				-302.6938353	0.8323826229	NaN	
302.5338353	87	6	7	1	0.8323826229	97.8862911	0.6382041857	1.475504711				0	63.38009805	36.61990195	5.917047489E-05	0	99.99994083				-302.5338353	0.8323826229	NaN	
302.3738353	87	6	7	1	0.8323826229	97.8862911	0.6382041857	1.475504711				0	63.38009805	36.61990195	5.917047489E-05	0	99.99994083				-302.3738353	0.8323826229	NaN	
302.2138353	87	6	7	1	0.8323826229	97.8862911	0.6382041857	1.475504711				0	63.38009805	36.61990195	5.917047489E-05	0	99.99994083				-302.2138353	0.8323826229	NaN	
302.0538353	87	6	7	1	0.8323826229	97.8862911	0.6382041857	1.475504711				0	63.38009805	36.61990195	5.917047489E-05	0	99.99994083				-302.0538353	0.8323826229	NaN	
301.8938353	87	6	7	1	0.8323826229	97.8862911	0.6382041857	1.475504711				0	63.38009805	36.61990195	5.917047489E-05	0	99.99994083				-301.8938353	0.8323826229	NaN	
301.7338353	87	6	7	1	0.8323826229	97.8862911	0.6382041857	1.475504711				0	63.38009805	36.61990195	5.917047489E-05	0	99.99994083				-301.7338353	0.8323826229	NaN	
301.5738353	87	6	7	1	0.8323826229	97.8862911	0.6382041857	1.475504711				0	63.38009805	36.61990195	5.917047489E-05	0	99.99994083				-301.5738353	0.8323826229	NaN	
301.4138353	87	6	7	1	0.8323826229	97.8862911	0.6382041857	1.475504711				0	63.38009805	36.61990195	5.917047489E-05	0	99.99994083				-301.4138353	0.8323826229	NaN	
301.2538353	87	6	7	1	0.8323826229	97.8862911	0.6382041857	1.475504711				0	63.38009805	36.61990195	5.917047489E-05	0	99.99994083				-301.2538353	0.8323826229	NaN	
301.0938353	87	6	7	1	0.8323826229	97.8862911	0.6382041857	1.475504711				0	63.38009805	36.61990195	5.917047489E-05	0	99.99994083				-301.0938353	0.8323826229	NaN	
300.9338353	87	6	7	1	0.8323826229	97.8862911	0.6382041857	1.475504711				0	63.38009805	36.61990195	5.917047489E-05	0	99.99994083				-300.9338353	0.8323826229	NaN	
300.7738353	87	6	7	1	0.8323826229	97.8862911	0.6382041857	1.475504711				0	63.38009805	36.61990195	5.917047489E-05	0	99.99994083				-300.7738353	0.8323826229	NaN	
300.6138353	87	6	7	1	0.8323826229	97.8862911	0.6382041857	1.475504711				0	63.38009805	36.61990195	5.917047489E-05	0	99.99994083				-300.6138353	0.8323826229	NaN	
300.4538353	87	6	7	1	0.8323826229	97.8862911	0.6382041857	1.475504711				0	63.38009805	36.61990195	5.917047489E-05	0	99.99994083				-300.4538353	0.8323826229	NaN	
300.2938353	87	6	7	1	0.8323826229	97.8862911	0.6382041857	1.475504711				0	63.38009805	36.61990195	5.917047489E-05	0	99.99994083				-300.2938353	0.8323826229	NaN	
300.1338353	87	6	7	1	0.8323826229	97.8862911	0.6382041857	1.475504711				0	63.38009805	36.61990195	5.917047489E-05	0	99.99994083				-300.1338353	0.8323826229	NaN	
300	87	6	7	1	0.8323826229	97.8862911	0.6382041857	1.475504711				0	63.38009805	36.61990195	5.917047489E-05	0	99.99994083				-300	0.8323826229	NaN	
