T	w(AL)	w(MG)	w(SI)	fs	fw(@FCC_A1)	w(AL@FCC_A1)	w(MG@FCC_A1)	w(SI@FCC_A1)	w(AL@LIQUID)	w(MG@LIQUID)	w(SI@LIQUID)	w(AL@MG2SI)	w(MG@MG2SI)	w(SI@MG2SI)	w(AL@ALMG_BETA)	w(MG@ALMG_BETA)	w(SI@ALMG_BETA)	dwdT_L(AL@LIQUID)	dwdT_L(MG@LIQUID)	dwdT_L(SI@LIQUID)	-T	fw(@FCC_A1)_1	-T//fw(@FCC_A1)	
K	%	%	%	mole/mole	kg/kg	%	%	%	%	%	%	%	%	%	%	%	%	SI	SI	SI				
903.3540509	94	5	1	0	0	98.41553873	1.502169346	0.08229192729	94	5	1							0.002053033868	-0.001626306242	-0.0004267276264	-903.3540509	0	10.7104374556379	
903.3440509	94	5	1	0.0004632862798	0.0004648952337	98.41506677	1.502614603	0.08231862667	93.99794696	5.00162634	1.000426705							0	0	0	-903.3440509	0.0004648952337	32.3100079053657	
903.3240509	94	5	1	0.001388726425	0.000929019711	98.41412263	1.503505338	0.0823720306	93.99384076	5.004878942	1.001280302							0	0	0	-903.3240509	0.000929019711	43.1167701136892	
903.2840509	94	5	1	0.00323553559	0.001855665324	98.41223496	1.505286234	0.08247880608	93.98562777	5.011384118	1.002988114							0	0	0	-903.2840509	0.001855665324	43.2219875539145	
903.2040509	94	5	1	0.006912924874	0.003701848712	98.40846115	1.508846598	0.08269224915	93.96919953	5.024394286	1.006406189							0	0	0	-903.2040509	0.003701848712	-7294.7774238547	
903.1240509	94	5	1	0.0105654433	0.003690815635	98.40468933	1.512405141	0.08290552698	93.9527683	5.037404411	1.009827289							0	0	0	-903.1240509	0.003690815635	-7733.355036891	
903.0440509	94	5	1	0.01419483094	0.003681014042	98.40091941	1.515961975	0.08311861332	93.93633409	5.050414784	1.013251122							0	0	0	-903.0440509	0.003681014042	-8185.14067129661	
902.9640509	94	5	1	0.01780129829	0.003671267705	98.39715139	1.519517106	0.08333150792	93.91989689	5.063425422	1.016677689							0	0	0	-902.9640509	0.003671267705	-8230.0262435067	
902.8840509	94	5	1	0.02138505019	0.003661572763	98.39338525	1.523070537	0.08354421033	93.90345668	5.076436332	1.020106984							0	0	0	-902.8840509	0.003661572763	-8273.6013698569	
902.8040509	94	5	1	0.02494628912	0.00365192882	98.38962101	1.526622269	0.0837567201	93.88701348	5.089447519	1.023539005							0	0	0	-902.8040509	0.00365192882	-8317.29706300587	
902.7240509	94	5	1	0.02848521525	0.003642335478	98.38585866	1.530172304	0.08396903678	93.87056727	5.102458988	1.026973747							0	0	0	-902.7240509	0.003642335478	-8361.10982250705	
902.6440509	94	5	1	0.03200202643	0.003632792341	98.38209819	1.533720646	0.08418115993	93.85411805	5.115470745	1.030411207							0	0	0	-902.6440509	0.003632792341	-8405.03913053974	
902.5640509	94	5	1	0.03549691826	0.003623299018	98.37833962	1.537267294	0.08439308911	93.83766582	5.128482795	1.033851381							0	0	0	-902.5640509	0.003623299018	-8449.08491711543	
902.4840509	94	5	1	0.0389700841	0.003613855121	98.37458292	1.540812253	0.08460482386	93.82121059	5.141495143	1.037294265							0	0	0	-902.4840509	0.003613855121	-8493.24717527113	
902.4040509	94	5	1	0.04242171511	0.003604460267	98.37082811	1.544355523	0.08481636377	93.80475235	5.154507796	1.040739856							0	0	0	-902.4040509	0.003604460267	-8537.52500504109	
902.3240509	94	5	1	0.04585200029	0.003595114074	98.36707518	1.547897107	0.08502770839	93.78829109	5.167520759	1.044188149							0	0	0	-902.3240509	0.003595114074	-8581.91894916559	
902.2440509	94	5	1	0.04926112647	0.003585816168	98.36332414	1.551437007	0.08523885729	93.77182682	5.180534036	1.047639143							0	0	0	-902.2440509	0.003585816168	-8626.42955254007	
902.1640509	94	5	1	0.05264927839	0.003576566176	98.35957497	1.554975224	0.08544981005	93.75535954	5.193547633	1.051092831							0	0	0	-902.1640509	0.003576566176	-8671.05607298253	
902.0840509	94	5	1	0.0560166387	0.00356736373	98.35582767	1.558511762	0.08566056623	93.73888923	5.206561556	1.054549212							0	0	0	-902.0840509	0.00356736373	-8715.79870348223	
902.0040509	94	5	1	0.059363388	0.003558208465	98.35208225	1.562046622	0.08587112543	93.72241591	5.21957581	1.058008282							0	0	0	-902.0040509	0.003558208465	-8760.65771099143	
901.9240509	94	5	1	0.06268970487	0.003549100021	98.34833871	1.565579805	0.08608148721	93.70593956	5.2325904	1.061470036							0	0	0	-901.9240509	0.003549100021	-8805.63290972088	
901.8440509	94	5	1	0.06599576587	0.00354003804	98.34459703	1.569111315	0.08629165116	93.6894602	5.245605331	1.064934471							0	0	0	-901.8440509	0.00354003804	-8850.72418171029	
901.7640509	94	5	1	0.06928174562	0.003531022169	98.34085723	1.572641153	0.08650161687	93.67297781	5.258620609	1.068401584							0	0	0	-901.7640509	0.003531022169	-8895.93191877934	
901.6840509	94	5	1	0.07254781677	0.003522052058	98.3371193	1.57616932	0.08671138393	93.65649239	5.271636238	1.071871372							0	0	0	-901.6840509	0.003522052058	-8941.25508005294	
901.6040509	94	5	1	0.07579415007	0.003513127359	98.33338323	1.57969582	0.08692095192	93.64000395	5.284652224	1.07534383							0	0	0	-901.6040509	0.003513127359	-8986.69467658807	
901.5240509	94	5	1	0.07902091437	0.003504247731	98.32964903	1.583220654	0.08713032044	93.62351247	5.297668572	1.078818955							0	0	0	-901.5240509	0.003504247731	-9032.25123899233	
901.4440509	94	5	1	0.08222827665	0.003495412834	98.32591669	1.586743823	0.08733948908	93.60701797	5.310685287	1.082296744							0	0	0	-901.4440509	0.003495412834	-9077.92334514503	
901.3640509	94	5	1	0.08541640207	0.003486622331	98.32218621	1.590265331	0.08754845746	93.59052043	5.323702375	1.085777193							0	0	0	-901.3640509	0.003486622331	-9123.71111445355	
901.2840509	94	5	1	0.08858545395	0.003477875889	98.3184576	1.593785178	0.08775722516	93.57401986	5.336719839	1.089260299							0	0	0	-901.2840509	0.003477875889	-9169.61576658588	
901.2040509	94	5	1	0.09173559384	0.00346917318	98.31473084	1.597303368	0.08796579179	93.55751625	5.349737686	1.092746059							0	0	0	-901.2040509	0.00346917318	-9215.63645929039	
901.1240509	94	5	1	0.09486698151	0.003460513876	98.31100594	1.600819901	0.08817415696	93.54100961	5.362755921	1.096234468							0	0	0	-901.1240509	0.003460513876	-9261.77295476472	
901.0440509	94	5	1	0.09797977499	0.003451897655	98.3072829	1.60433478	0.08838232028	93.52449993	5.375774547	1.099725524							0	0	0	-901.0440509	0.003451897655	-9308.02607789044	
900.9640509	94	5	1	0.1010741306	0.003443324197	98.30356171	1.607848006	0.08859028136	93.50798721	5.388793571	1.103219223							0	0	0	-900.9640509	0.003443324197	-9354.39511650464	
900.8840509	94	5	1	0.1041502029	0.003434793185	98.29984238	1.611359583	0.08879803981	93.49147144	5.401812997	1.106715562							0	0	0	-900.8840509	0.003434793185	-9400.88047733403	
900.8040509	94	5	1	0.1072081449	0.003426304306	98.29612489	1.614869511	0.08900559526	93.47495263	5.41483283	1.110214537							0	0	0	-900.8040509	0.003426304306	-9447.4820517102	
900.7240509	94	5	1	0.1102481079	0.003417857249	98.29240926	1.618377792	0.08921294732	93.45843078	5.427853075	1.113716145							0	0	0	-900.7240509	0.003417857249	-9494.19922239954	
900.6440509	94	5	1	0.1132702415	0.003409451706	98.28869548	1.621884429	0.08942009561	93.44190588	5.440873737	1.117220383							0	0	0	-900.6440509	0.003409451706	-9541.03252790028	
900.5640509	94	5	1	0.1162746938	0.003401087373	98.28498354	1.625389423	0.08962703977	93.42537793	5.453894821	1.120727248							0	0	0	-900.5640509	0.003401087373	-9587.98255911894	
900.4840509	94	5	1	0.1192616111	0.003392763949	98.28127344	1.628892777	0.08983377941	93.40884693	5.466916331	1.124236736							0	0	0	-900.4840509	0.003392763949	-9635.04881175266	
900.4040509	94	5	1	0.1222311385	0.003384481135	98.27756519	1.632394492	0.09004031416	93.39231288	5.479938273	1.127748843							0	0	0	-900.4040509	0.003384481135	-9682.23081447049	
900.3240509	94	5	1	0.1251834193	0.003376238635	98.27385879	1.63589457	0.09024664366	93.37577578	5.492960651	1.131263567							0	0	0	-900.3240509	0.003376238635	-9729.528704739	
900.2440509	94	5	1	0.1281185952	0.003368036156	98.27015422	1.639393012	0.09045276755	93.35923563	5.50598347	1.134780905							0	0	0	-900.2440509	0.003368036156	-9776.9432702658	
900.1640509	94	5	1	0.1310368067	0.003359873409	98.26645149	1.642889822	0.09065868546	93.34269241	5.519006734	1.138300853							0	0	0	-900.1640509	0.003359873409	-9824.47353168548	
900.0840509	94	5	1	0.1339381925	0.003351750105	98.2627506	1.646385	0.09086439702	93.32614614	5.532030449	1.141823407							0	0	0	-900.0840509	0.003351750105	-9872.11978939997	
900.0040509	94	5	1	0.1368228899	0.003343665961	98.25905155	1.649878549	0.09106990189	93.30959682	5.545054619	1.145348566							0	0	0	-900.0040509	0.003343665961	-9919.88294601169	
899.9240509	94	5	1	0.139691035	0.003335620695	98.25535433	1.653370471	0.0912751997	93.29304443	5.558079249	1.148876324							0	0	0	-899.9240509	0.003335620695	-9967.76153185548	
899.8440509	94	5	1	0.1425427621	0.003327614027	98.25165894	1.656860767	0.0914802901	93.27648898	5.571104343	1.152406681							0	0	0	-899.8440509	0.003327614027	-10015.7559471959	
899.7640509	94	5	1	0.1453782044	0.003319645681	98.24796539	1.660349439	0.09168517274	93.25993046	5.584129906	1.155939631							0	0	0	-899.7640509	0.003319645681	-10063.8666240533	
899.6840509	94	5	1	0.1481974935	0.003311715383	98.24427366	1.663836489	0.09188984728	93.24336888	5.597155943	1.159475172							0	0	0	-899.6840509	0.003311715383	-10112.0940757317	
899.6040509	94	5	1	0.1510007597	0.003303822863	98.24058377	1.667321919	0.09209431336	93.22680424	5.610182458	1.163013302							0	0	0	-899.6040509	0.003303822863	-10160.436896063	
899.5240509	94	5	1	0.153788132	0.00329596785	98.2368957	1.67080573	0.09229857064	93.21023653	5.623209456	1.166554016							0	0	0	-899.5240509	0.00329596785	-10208.8956992503	
899.4440509	94	5	1	0.156559738	0.00328815008	98.23320946	1.674287926	0.09250261877	93.19366575	5.636236942	1.170097311							0	0	0	-899.4440509	0.00328815008	-10257.4717264321	
899.3640509	94	5	1	0.1593157039	0.003280369289	98.22952504	1.677768506	0.09270645743	93.1770919	5.649264919	1.173643186							0	0	0	-899.3640509	0.003280369289	-10306.1623727985	
899.2840509	94	5	1	0.1620561547	0.003272625214	98.22584244	1.681247474	0.09291008627	93.16051497	5.662293393	1.177191635							0	0	0	-899.2840509	0.003272625214	-10354.969695657	
899.2040509	94	5	1	0.1647812142	0.003264917599	98.22216166	1.684724831	0.09311350495	93.14393498	5.675322367	1.180742658							0	0	0	-899.2040509	0.003264917599	-10403.8937446628	
899.1240509	94	5	1	0.1674910046	0.003257246186	98.21848271	1.688200579	0.09331671315	93.1273519	5.688351847	1.184296249							0	0	0	-899.1240509	0.003257246186	-10452.9319684351	
899.0440509	94	5	1	0.1701856473	0.00324961072	98.21480557	1.69167472	0.09351971053	93.11076576	5.701381836	1.187852407							0	0	0	-899.0440509	0.00324961072	-10502.0872589932	
898.9640509	94	5	1	0.172865262	0.003242010952	98.21113025	1.695147255	0.09372249676	93.09417653	5.71441234	1.191411128							0	0	0	-898.9640509	0.003242010952	-10551.3598082086	
898.8840509	94	5	1	0.1755299675	0.003234446632	98.20745674	1.698618187	0.09392507152	93.07758423	5.727443363	1.19497241							0	0	0	-898.8840509	0.003234446632	-10600.7471092452	
898.8040509	94	5	1	0.1781798812	0.003226917512	98.20378505	1.702087516	0.09412743449	93.06098884	5.740474908	1.198536249							0	0	0	-898.8040509	0.003226917512	-10650.250136477	
898.7240509	94	5	1	0.1808151194	0.003219423348	98.20011517	1.705555246	0.09432958534	93.04439038	5.753506981	1.202102642							0	0	0	-898.7240509	0.003219423348	-10699.8691904686	
898.6440509	94	5	1	0.1834357973	0.003211963897	98.1964471	1.709021377	0.09453152375	93.02778883	5.766539585	1.205671586							0	0	0	-898.6440509	0.003211963897	-10749.604661253	
898.5640509	94	5	1	0.1860420286	0.00320453892	98.19278084	1.712485912	0.0947332494	93.0111842	5.779572725	1.209243079							0	0	0	-898.5640509	0.00320453892	-10799.4569502425	
898.4840509	94	5	1	0.1886339263	0.003197148179	98.18911639	1.715948852	0.09493476198	92.99457648	5.792606406	1.212817117							0	0	0	-898.4840509	0.003197148179	-10849.424324301	
898.4040509	94	5	1	0.191211602	0.003189791437	98.18545374	1.719410199	0.09513606118	92.97796567	5.805640631	1.216393698							0	0	0	-898.4040509	0.003189791437	-10899.5072708232	
898.3240509	94	5	1	0.1937751661	0.003182468461	98.1817929	1.722869954	0.09533714668	92.96135178	5.818675405	1.219972818							0	0	0	-898.3240509	0.003182468461	-10949.7062913299	
898.2440509	94	5	1	0.1963247281	0.003175179019	98.17813386	1.726328121	0.09553801818	92.94473479	5.831710732	1.223554475							0	0	0	-898.2440509	0.003175179019	-11000.0212215604	
898.1640509	94	5	1	0.1988603962	0.003167922882	98.17447663	1.729784699	0.09573867536	92.92811472	5.844746616	1.227138665							0	0	0	-898.1640509	0.003167922882	-11050.4526699978	
898.0840509	94	5	1	0.2013822778	0.003160699823	98.17082119	1.733239692	0.09593911793	92.91149155	5.857783062	1.230725387							0	0	0	-898.0840509	0.003160699823	-11101.0005408803	
898.0040509	94	5	1	0.203890479	0.003153509617	98.16716755	1.7366931	0.09613934557	92.89486529	5.870820074	1.234314636							0	0	0	-898.0040509	0.003153509617	-11151.6639866991	
897.9240509	94	5	1	0.2063851049	0.00314635204	98.16351572	1.740144927	0.096339358	92.87823593	5.883857655	1.23790641							0	0	0	-897.9240509	0.00314635204	-11202.4421792159	
897.8440509	94	5	1	0.2088662595	0.00313922687	98.15986567	1.743595172	0.09653915491	92.86160348	5.89689581	1.241500707							0	0	0	-897.8440509	0.00313922687	-11253.3366778845	
897.7640509	94	5	1	0.2113340459	0.003132133889	98.15621743	1.747043838	0.096738736	92.84496793	5.909934544	1.245097523							0	0	0	-897.7640509	0.003132133889	-11304.3474947466	
897.6840509	94	5	1	0.213788566	0.003125072879	98.15257097	1.750490928	0.09693810097	92.82832928	5.922973859	1.248696856							0	0	0	-897.6840509	0.003125072879	-11355.4747361602	
897.6040509	94	5	1	0.2162299209	0.003118043626	98.14892631	1.753936441	0.09713724955	92.81168754	5.936013761	1.252298702							0	0	0	-897.6040509	0.003118043626	-11406.7176683542	
897.5240509	94	5	1	0.2186582107	0.003111045915	98.14528344	1.757380381	0.09733618142	92.79504269	5.949054253	1.25590306							0	0	0	-897.5240509	0.003111045915	-11458.0748123089	
897.4440509	94	5	1	0.2210735342	0.003104079534	98.14164235	1.760822749	0.09753489632	92.77839473	5.96209534	1.259509925							0	0	0	-897.4440509	0.003104079534	-11509.5496236982	
897.3640509	94	5	1	0.2234759897	0.003097144276	98.13800306	1.764263547	0.09773339394	92.76174368	5.975137025	1.263119296							0	0	0	-897.3640509	0.003097144276	-11561.1397886523	
897.2840509	94	5	1	0.2258656741	0.00309023993	98.13436555	1.767702775	0.09793167401	92.74508952	5.988179312	1.26673117							0	0	0	-897.2840509	0.00309023993	-11612.845631264	
897.2040509	94	5	1	0.2282426837	0.003083366293	98.13072983	1.771140437	0.09812973624	92.72843225	6.001222206	1.270345543							0	0	0	-897.2040509	0.003083366293	-11664.6673399979	
897.1240509	94	5	1	0.2306071136	0.003076523158	98.12709589	1.774576534	0.09832758035	92.71177188	6.01426571	1.273962414							0	0	0	-897.1240509	0.003076523158	-11716.6044628677	
897.0440509	94	5	1	0.2329590582	0.003069710325	98.12346373	1.778011067	0.09852520606	92.69510839	6.027309829	1.277581778							0	0	0	-897.0440509	0.003069710325	-11768.6581435236	
896.9640509	94	5	1	0.2352986108	0.003062927592	98.11983335	1.781444039	0.0987226131	92.6784418	6.040354566	1.281203635							0	0	0	-896.9640509	0.003062927592	-11820.8270972717	
896.8840509	94	5	1	0.2376258639	0.003056174761	98.11620475	1.78487545	0.09891980118	92.6617721	6.053399925	1.28482798							0	0	0	-896.8840509	0.003056174761	-11873.112600641	
896.8040509	94	5	1	0.2399409092	0.003049451635	98.11257793	1.788305303	0.09911677004	92.64509928	6.06644591	1.288454812							0	0	0	-896.8040509	0.003049451635	-11925.5124701151	
896.7240509	94	5	1	0.2422438372	0.003042758017	98.10895288	1.791733599	0.09931351941	92.62842335	6.079492525	1.292084127							0	0	0	-896.7240509	0.003042758017	-11978.0290173514	
896.6440509	94	5	1	0.2445347379	0.003036093716	98.10532961	1.795160339	0.09951004901	92.6117443	6.092539774	1.295715922							0	0	0	-896.6440509	0.003036093716	-12030.6618370569	
896.5640509	94	5	1	0.2468137002	0.003029458538	98.10170811	1.798585527	0.09970635857	92.59506214	6.105587661	1.299350196							0	0	0	-896.5640509	0.003029458538	-12083.4088459444	
896.4840509	94	5	1	0.2490808122	0.003022852293	98.09808839	1.802009162	0.09990244784	92.57837687	6.118636189	1.302986946							0	0	0	-896.4840509	0.003022852293	-12136.2724510127	
896.4040509	94	5	1	0.2513361612	0.003016274793	98.09447044	1.805431248	0.1000983165	92.56168847	6.131685363	1.306626168							0	0	0	-896.4040509	0.003016274793	-12189.2514634943	
896.3240509	94	5	1	0.2535798337	0.00300972585	98.09085425	1.808851785	0.1002939644	92.54499695	6.144735185	1.31026786							0	0	0	-896.3240509	0.00300972585	-12242.3456633983	
896.2440509	94	5	1	0.2558119153	0.003003205279	98.08723983	1.812270775	0.1004893912	92.52830232	6.157785661	1.31391202							0	0	0	-896.2440509	0.003003205279	-12295.5567132644	
896.1640509	94	5	1	0.2580324908	0.002996712897	98.08362718	1.81568822	0.1006845967	92.51160456	6.170836793	1.317558645							0	0	0	-896.1640509	0.002996712897	-12348.8834992464	
896.0840509	94	5	1	0.2602416442	0.002990248521	98.0800163	1.819104122	0.1008795805	92.49490368	6.183888585	1.321207732							0	0	0	-896.0840509	0.002990248521	-12402.3249343647	
896.0040509	94	5	1	0.2624394588	0.00298381197	98.07640718	1.822518482	0.1010743425	92.47819968	6.196941042	1.324859279							0	0	0	-896.0040509	0.00298381197	-12455.8828273561	
895.9240509	94	5	1	0.264626017	0.002977403066	98.07279982	1.825931301	0.1012688824	92.46149255	6.209994167	1.328513283							0	0	0	-895.9240509	0.002977403066	-12509.5561063216	
895.8440509	94	5	1	0.2668014004	0.00297102163	98.06919422	1.829342582	0.1014632	92.4447823	6.223047963	1.332169741							0	0	0	-895.8440509	0.00297102163	-12563.3437623512	
895.7640509	94	5	1	0.26896569	0.002964667486	98.06559038	1.832752326	0.1016572949	92.42806891	6.236102434	1.335828651							0	0	0	-895.7640509	0.002964667486	-12617.2477264616	
895.6840509	94	5	1	0.2711189659	0.00295834046	98.0619883	1.836160535	0.1018511669	92.41135241	6.249157584	1.339490011							0	0	0	-895.6840509	0.00295834046	-12671.2680218705	
895.6040509	94	5	1	0.2732613075	0.002952040379	98.05838797	1.83956721	0.1020448159	92.39463277	6.262213416	1.343153818							0	0	0	-895.6040509	0.002952040379	-12725.4037008469	
895.5240509	94	5	1	0.2753927934	0.002945767071	98.05478941	1.842972352	0.1022382415	92.37791	6.275269935	1.346820068							0	0	0	-895.5240509	0.002945767071	-12779.6538148757	
895.4440509	94	5	1	0.2775135016	0.002939520365	98.05119259	1.846375965	0.1024314436	92.3611841	6.288327143	1.350488761							0	0	0	-895.4440509	0.002939520365	-12834.0194913729	
895.3640509	94	5	1	0.2796235092	0.002933300093	98.04759753	1.849778048	0.1026244218	92.34445506	6.301385044	1.354159893							0	0	0	-895.3640509	0.002933300093	-12888.5018931561	
895.2840509	94	5	1	0.2817228928	0.002927106088	98.04400422	1.853178605	0.1028171759	92.3277229	6.314443643	1.357833461							0	0	0	-895.2840509	0.002927106088	-12943.1001778746	
895.2040509	94	5	1	0.2838117281	0.002920938184	98.04041266	1.856577635	0.1030097057	92.31098759	6.327502941	1.361509464							0	0	0	-895.2040509	0.002920938184	-12997.8124405961	
895.1240509	94	5	1	0.2858900902	0.002914796215	98.03682285	1.859975142	0.103202011	92.29424916	6.340562944	1.365187898							0	0	0	-895.1240509	0.002914796215	-13052.6399824985	
895.0440509	94	5	1	0.2879580535	0.002908680019	98.03323478	1.863371126	0.1033940915	92.27750758	6.353623654	1.368868762							0	0	0	-895.0440509	0.002908680019	-13107.584108263	
894.9640509	94	5	1	0.2900156918	0.002902589434	98.02964846	1.866765589	0.103585947	92.26076287	6.366685075	1.372552052							0	0	0	-894.9640509	0.002902589434	-13162.6429947474	
894.8840509	94	5	1	0.2920630779	0.002896524299	98.02606389	1.870158533	0.1037775773	92.24401502	6.37974721	1.376237766							0	0	0	-894.8840509	0.002896524299	-13217.8169717885	
894.8040509	94	5	1	0.2941002843	0.002890484455	98.02248106	1.87354996	0.1039689821	92.22726403	6.392810064	1.379925903							0	0	0	-894.8040509	0.002890484455	-13273.1063930124	
894.7240509	94	5	1	0.2961273827	0.002884469744	98.01889997	1.87693987	0.1041601612	92.2105099	6.405873638	1.383616458							0	0	0	-894.7240509	0.002884469744	-13328.5116733013	
894.6440509	94	5	1	0.2981444442	0.00287848001	98.01532062	1.880328266	0.1043511143	92.19375263	6.418937938	1.387309431							0	0	0	-894.6440509	0.00287848001	-13384.0332533522	
894.5640509	94	5	1	0.3001515391	0.002872515098	98.01174301	1.883715149	0.1045418414	92.17699222	6.432002965	1.391004818							0	0	0	-894.5640509	0.002872515098	-13439.6693609909	
894.4840509	94	5	1	0.3021487372	0.002866574853	98.00816714	1.88710052	0.1047323421	92.16022866	6.445068725	1.394702617							0	0	0	-894.4840509	0.002866574853	-13495.4193616221	
894.4040509	94	5	1	0.3041361076	0.002860659122	98.004593	1.890484382	0.1049226161	92.14346196	6.458135219	1.398402825							0	0	0	-894.4040509	0.002860659122	-13551.284906655	
894.3240509	94	5	1	0.3061137189	0.002854767754	98.0010206	1.893866735	0.1051126634	92.12669211	6.471202452	1.402105441							0	0	0	-894.3240509	0.002854767754	-13607.2665662454	
894.2440509	94	5	1	0.3080816389	0.002848900599	97.99744993	1.897247582	0.1053024837	92.10991911	6.484270426	1.405810462							0	0	0	-894.2440509	0.002848900599	-13663.3638022025	
894.1640509	94	5	1	0.310039935	0.002843057508	97.993881	1.900626924	0.1054920767	92.09314297	6.497339145	1.409517885							0	0	0	-894.1640509	0.002843057508	-13719.5760880269	
894.0840509	94	5	1	0.3119886737	0.002837238333	97.9903138	1.904004762	0.1056814423	92.07636368	6.510408613	1.413227708							0	0	0	-894.0840509	0.002837238333	-13775.9041053088	
894.0040509	94	5	1	0.3139279212	0.002831442928	97.98674832	1.907381098	0.1058705802	92.05958124	6.523478833	1.416939928							0	0	0	-894.0040509	0.002831442928	-13832.3461570084	
893.9240509	94	5	1	0.315857743	0.002825671146	97.98318458	1.910755934	0.1060594902	92.04279565	6.536549807	1.420654544							0	0	0	-893.9240509	0.002825671146	-13888.9030099021	
893.8440509	94	5	1	0.3177782039	0.002819922844	97.97962256	1.914129271	0.1062481721	92.02600691	6.54962154	1.424371553							0	0	0	-893.8440509	0.002819922844	-13945.5753865607	
893.7640509	94	5	1	0.3196893684	0.002814197878	97.97606226	1.91750111	0.1064366258	92.00921501	6.562694034	1.428090953							0	0	0	-893.7640509	0.002814197878	-14002.3629272571	
893.6840509	94	5	1	0.3215913001	0.002808496107	97.9725037	1.920871454	0.1066248509	91.99241997	6.575767293	1.43181274							0	0	0	-893.6840509	0.002808496107	-14059.266454564	
893.6040509	94	5	1	0.3234840622	0.00280281739	97.96894685	1.924240303	0.1068128473	91.97562177	6.58884132	1.435536914							0	0	0	-893.6040509	0.00280281739	-14116.2856520274	
893.5240509	94	5	1	0.3253677174	0.002797161588	97.96539173	1.927607659	0.1070006149	91.95882041	6.601916119	1.439263471							0	0	0	-893.5240509	0.002797161588	-14173.4176495134	
893.4440509	94	5	1	0.3272423278	0.00279152856	97.96183832	1.930973525	0.1071881533	91.9420159	6.614991691	1.442992409							0	0	0	-893.4440509	0.00279152856	-14230.6646980257	
893.3640509	94	5	1	0.3291079548	0.002785918171	97.95828664	1.9343379	0.1073754624	91.92520823	6.628068042	1.446723727							0	0	0	-893.3640509	0.002785918171	-14288.0289864808	
893.2840509	94	5	1	0.3309646595	0.002780330284	97.95473667	1.937700788	0.107562542	91.90839741	6.641145173	1.450457421							0	0	0	-893.2840509	0.002780330284	-14345.5064861259	
893.2040509	94	5	1	0.3328125023	0.002774764763	97.95118842	1.941062188	0.1077493919	91.89158342	6.654223088	1.454193489							0	0	0	-893.2040509	0.002774764763	-14403.0995382214	
893.1240509	94	5	1	0.3346515432	0.002769221475	97.94764188	1.944422104	0.1079360119	91.87476628	6.66730179	1.457931929							0	0	0	-893.1240509	0.002769221475	-14460.8079118576	
893.0440509	94	5	1	0.3364818415	0.002763700286	97.94409706	1.947780536	0.1081224018	91.85794598	6.680381282	1.461672739							0	0	0	-893.0440509	0.002763700286	-14518.6301531952	
892.9640509	94	5	1	0.3383034561	0.002758201064	97.94055395	1.951137486	0.1083085614	91.84112252	6.693461567	1.465415917							0	0	0	-892.9640509	0.002758201064	-14576.5674034022	
892.8840509	94	5	1	0.3401164454	0.002752723678	97.93701255	1.954492955	0.1084944905	91.82429589	6.706542649	1.46916146							0	0	0	-892.8840509	0.002752723678	-14634.6195409388	
892.8040509	94	5	1	0.3419208673	0.002747267998	97.93347287	1.957846945	0.108680189	91.8074661	6.719624531	1.472909366							0	0	0	-892.8040509	0.002747267998	-14692.7878283083	
892.7240509	94	5	1	0.3437167791	0.002741833896	97.92993489	1.961199458	0.1088656566	91.79063315	6.732707215	1.476659632							0	0	0	-892.7240509	0.002741833896	-14751.0694622901	
892.6440509	94	5	1	0.3455042377	0.002736421242	97.92639861	1.964550494	0.1090508931	91.77379704	6.745790704	1.480412257							0	0	0	-892.6440509	0.002736421242	-14809.4658096703	
892.5640509	94	5	1	0.3472832994	0.002731029911	97.92286405	1.967900056	0.1092358985	91.75695776	6.758875002	1.484167238							0	0	0	-892.5640509	0.002731029911	-14867.9781559391	
892.4840509	94	5	1	0.3490540201	0.002725659776	97.91933118	1.971248145	0.1094206724	91.74011531	6.771960112	1.487924574							0	0	0	-892.4840509	0.002725659776	-14926.6052018602	
892.4040509	94	5	1	0.3508164553	0.002720310713	97.91580002	1.974594762	0.1096052147	91.7232697	6.785046036	1.491684261							0	0	0	-892.4040509	0.002720310713	-14985.3469381549	
892.3240509	94	5	1	0.3525706598	0.002714982597	97.91227057	1.977939908	0.1097895253	91.70642092	6.798132778	1.495446297							0	0	0	-892.3240509	0.002714982597	-15044.2020460306	
892.2440509	94	5	1	0.3543166882	0.002709675305	97.90874281	1.981283587	0.1099736038	91.68956898	6.81122034	1.499210681							0	0	0	-892.2440509	0.002709675305	-15103.1719992039	
892.1640509	94	5	1	0.3560545943	0.002704388715	97.90521675	1.984625798	0.1101574503	91.67271386	6.824308727	1.502977411							0	0	0	-892.1640509	0.002704388715	-15162.256919895	
892.0840509	94	5	1	0.3577844318	0.002699122706	97.90169239	1.987966543	0.1103410644	91.65585558	6.837397939	1.506746483							0	0	0	-892.0840509	0.002699122706	-15221.4569611925	
892.0040509	94	5	1	0.3595062538	0.002693877158	97.89816973	1.991305824	0.1105244461	91.63899412	6.850487981	1.510517896							0	0	0	-892.0040509	0.002693877158	-15280.770837209	
891.9240509	94	5	1	0.3612201127	0.002688651951	97.89464876	1.994643642	0.1107075951	91.6221295	6.863578855	1.514291648							0	0	0	-891.9240509	0.002688651951	-15340.2002359357	
891.8440509	94	5	1	0.3629260609	0.002683446968	97.89112949	1.997979999	0.1108905113	91.6052617	6.876670565	1.518067736							0	0	0	-891.8440509	0.002683446968	-15399.743868588	
891.7640509	94	5	1	0.36462415	0.00267826209	97.88761191	2.001314896	0.1110731944	91.58839073	6.889763113	1.521846158							0	0	0	-891.7640509	0.00267826209	-15459.4005486154	
891.6840509	94	5	1	0.3663144314	0.002673097201	97.88409602	2.004648335	0.1112556444	91.57151659	6.902856501	1.525626913							0	0	0	-891.6840509	0.002673097201	-15519.1735136562	
891.6040509	94	5	1	0.3679969558	0.002667952186	97.88058182	2.007980317	0.111437861	91.55463927	6.915950734	1.529409997							0	0	0	-891.6040509	0.002667952186	-15579.0600611636	
891.5240509	94	5	1	0.3696717738	0.002662826929	97.87706931	2.011310843	0.1116198442	91.53775878	6.929045813	1.533195409							0	0	0	-891.5240509	0.002662826929	-15639.0620991932	
891.4440509	94	5	1	0.3713389353	0.002657721318	97.87355849	2.014639915	0.1118015936	91.52087511	6.942141742	1.536983147							0	0	0	-891.4440509	0.002657721318	-15699.1783983476	
891.3640509	94	5	1	0.37299849	0.002652635238	97.87004936	2.017967535	0.1119831093	91.50398827	6.955238523	1.540773209							0	0	0	-891.3640509	0.002652635238	-15759.4063200525	
891.2840509	94	5	1	0.374650487	0.002647568577	97.86654191	2.021293704	0.1121643909	91.48709825	6.968336159	1.544565592							0	0	0	-891.2840509	0.002647568577	-15819.7509077001	
891.2040509	94	5	1	0.376294975	0.002642521225	97.86303614	2.024618423	0.1123454384	91.47020505	6.981434654	1.548360294							0	0	0	-891.2040509	0.002642521225	-15880.2094698056	
891.1240509	94	5	1	0.3779320025	0.00263749307	97.85953206	2.027941693	0.1125262515	91.45330868	6.994534009	1.552157314							0	0	0	-891.1240509	0.00263749307	-15940.7809549634	
891.0440509	94	5	1	0.3795616174	0.002632484003	97.85602965	2.031263517	0.1127068301	91.43640912	7.007634227	1.555956649							0	0	0	-891.0440509	0.002632484003	-16001.4690211382	
890.9640509	94	5	1	0.3811838672	0.002627493916	97.85252893	2.034583896	0.1128871742	91.41950639	7.020735312	1.559758296							0	0	0	-890.9640509	0.002627493916	-16062.2710143408	
890.8840509	94	5	1	0.3827987991	0.0026225227	97.84902989	2.037902831	0.1130672834	91.40260048	7.033837265	1.563562255							0	0	0	-890.8840509	0.0026225227	-16123.1859110971	
890.8040509	94	5	1	0.3844064598	0.002617570248	97.84553252	2.041220323	0.1132471577	91.38569139	7.046940091	1.567368522							0	0	0	-890.8040509	0.002617570248	-16184.2142576472	
890.7240509	94	5	1	0.3860068958	0.002612636453	97.84203683	2.044536374	0.1134267968	91.36877911	7.06004379	1.571177097							0	0	0	-890.7240509	0.002612636453	-16245.3583546682	
890.6440509	94	5	1	0.3876001531	0.002607721211	97.83854281	2.047850986	0.1136062007	91.35186366	7.073148367	1.574987976							0	0	0	-890.6440509	0.002607721211	-16306.6171741294	
890.5640509	94	5	1	0.3891862772	0.002602824416	97.83505047	2.051164159	0.1137853692	91.33494502	7.086253823	1.578801157							0	0	0	-890.5640509	0.002602824416	-16367.9881207932	
890.4840509	94	5	1	0.3907653135	0.002597945964	97.8315598	2.054475896	0.1139643022	91.3180232	7.099360162	1.582616639							0	0	0	-890.4840509	0.002597945964	-16429.4735439551	
890.4040509	94	5	1	0.3923373067	0.002593085752	97.8280708	2.057786197	0.1141429994	91.30109819	7.112467386	1.58643442							0	0	0	-890.4040509	0.002593085752	-16491.0724902158	
890.3240509	94	5	1	0.3939023014	0.002588243677	97.82458347	2.061095064	0.1143214608	91.28417001	7.125575498	1.590254497							0	0	0	-890.3240509	0.002588243677	-16552.7857534147	
890.2440509	94	5	1	0.3954603418	0.002583419638	97.82109781	2.064402499	0.1144996862	91.26723863	7.1386845	1.594076868							0	0	0	-890.2440509	0.002583419638	-16614.6141248943	
890.1640509	94	5	1	0.3970114715	0.002578613534	97.81761382	2.067708503	0.1146776754	91.25030407	7.151794395	1.597901532							0	0	0	-890.1640509	0.002578613534	-16676.5549941146	
890.0840509	94	5	1	0.3985557342	0.002573825264	97.8141315	2.071013077	0.1148554284	91.23336633	7.164905185	1.601728486							0	0	0	-890.0840509	0.002573825264	-16738.6109894726	
890.0040509	94	5	1	0.4000931727	0.00256905473	97.81065083	2.074316222	0.1150329449	91.2164254	7.178016873	1.605557728							0	0	0	-890.0040509	0.00256905473	-16800.7794326466	
889.9240509	94	5	1	0.4016238299	0.002564301831	97.80717183	2.077617941	0.1152102249	91.19948128	7.191129462	1.609389257							0	0	0	-889.9240509	0.002564301831	-16863.0613290285	
889.8440509	94	5	1	0.4031477481	0.002559566471	97.8036945	2.080918234	0.1153872682	91.18253398	7.204242955	1.61322307							0	0	0	-889.8440509	0.002559566471	-16925.4593304861	
889.7640509	94	5	1	0.4046649693	0.002554848552	97.80021882	2.084217103	0.1155640746	91.16558348	7.217357353	1.617059165							0	0	0	-889.7640509	0.002554848552	-16987.9691108962	
889.6840509	94	5	1	0.4061755354	0.002550147977	97.79674481	2.08751455	0.115740644	91.1486298	7.230472659	1.62089754							0	0	0	-889.6840509	0.002550147977	-17050.5934809048	
889.6040509	94	5	1	0.4076794875	0.002545464651	97.79327245	2.090810575	0.1159169763	91.13167293	7.243588876	1.624738194							0	0	0	-889.6040509	0.002545464651	-17113.3298006797	
889.5240509	94	5	1	0.4091768667	0.002540798477	97.78980175	2.09410518	0.1160930714	91.11471287	7.256706007	1.628581124							0	0	0	-889.5240509	0.002540798477	-17176.1810573711	
889.4440509	94	5	1	0.4106677138	0.002536149363	97.7863327	2.097398367	0.116268929	91.09774962	7.269824053	1.632426328							0	0	0	-889.4440509	0.002536149363	-17239.1464179177	
889.3640509	94	5	1	0.4121520691	0.002531517213	97.78286531	2.100690136	0.1164445492	91.08078318	7.282943017	1.636273805							0	0	0	-889.3640509	0.002531517213	-17302.2234104588	
889.2840509	94	5	1	0.4136299727	0.002526901935	97.77939958	2.10398049	0.1166199317	91.06381355	7.296062902	1.640123552							0	0	0	-889.2840509	0.002526901935	-17365.4149896175	
889.2040509	94	5	1	0.4151014642	0.002522303436	97.77593549	2.107269429	0.1167950764	91.04684072	7.309183711	1.643975567							0	0	0	-889.2040509	0.002522303436	-17428.7205349897	
889.1240509	94	5	1	0.4165665831	0.002517721625	97.77247306	2.110556956	0.1169699832	91.02986471	7.322305445	1.647829849							0	0	0	-889.1240509	0.002517721625	-17492.1393480662	
889.0440509	94	5	1	0.4180253686	0.00251315641	97.76901228	2.11384307	0.1171446519	91.0128855	7.335428107	1.651686395							0	0	0	-889.0440509	0.00251315641	-17555.6708176616	
888.9640509	94	5	1	0.4194778593	0.002508607701	97.76555314	2.117127775	0.1173190826	90.9959031	7.348551699	1.655545203							0	0	0	-888.9640509	0.002508607701	-17619.3162084421	
888.8840509	94	5	1	0.4209240938	0.002504075408	97.76209565	2.12041107	0.1174932749	90.9789175	7.361676225	1.659406272							0	0	0	-888.8840509	0.002504075408	-17683.0749340159	
888.8040509	94	5	1	0.4223641102	0.002499559442	97.75863981	2.123692958	0.1176672288	90.96192872	7.374801685	1.6632696							0	0	0	-888.8040509	0.002499559442	-17746.9463859088	
888.7240509	94	5	1	0.4237979464	0.002495059714	97.75518562	2.12697344	0.1178409442	90.94493673	7.387928083	1.667135184							0	0	0	-888.7240509	0.002495059714	-17810.9299901881	
888.6440509	94	5	1	0.42522564	0.002490576136	97.75173306	2.130252518	0.1180144209	90.92794156	7.401055421	1.671003023							0	0	0	-888.6440509	0.002490576136	-17875.0271626926	
888.5640509	94	5	1	0.4266472283	0.002486108621	97.74828215	2.133530191	0.1181876588	90.91094318	7.414183701	1.674873115							0	0	0	-888.5640509	0.002486108621	-17939.2393837883	
888.4840509	94	5	1	0.4280627483	0.002481657083	97.74483288	2.136806463	0.1183606579	90.89394162	7.427312926	1.678745457							0	0	0	-888.4840509	0.002481657083	-18003.5641189643	
888.4040509	94	5	1	0.4294722366	0.002477221435	97.74138525	2.140081334	0.1185334179	90.87693685	7.440443098	1.682620049							0	0	0	-888.4040509	0.002477221435	-18068.0029518324	
888.3240509	94	5	1	0.4308757297	0.002472801593	97.73793926	2.143354806	0.1187059388	90.85992889	7.453574219	1.686496887							0	0	0	-888.3240509	0.002472801593	-18132.5532779478	
888.2440509	94	5	1	0.4322732636	0.00246839747	97.7344949	2.146626879	0.1188782205	90.84291774	7.466706292	1.690375971							0	0	0	-888.2440509	0.00246839747	-18197.2147028712	
888.1640509	94	5	1	0.4336648744	0.002464008983	97.73105218	2.149897556	0.1190502628	90.82590338	7.479839319	1.694257298							0	0	0	-888.1640509	0.002464008983	-18261.990834932	
888.0840509	94	5	1	0.4350505974	0.002459636048	97.7276111	2.153166838	0.1192220656	90.80888583	7.492973301	1.698140866							0	0	0	-888.0840509	0.002459636048	-18326.8792158522	
888.0040509	94	5	1	0.436430468	0.002455278582	97.72417165	2.156434726	0.1193936289	90.79186508	7.506108242	1.702026674							0	0	0	-888.0040509	0.002455278582	-18391.8815379348	
887.9240509	94	5	1	0.4378045212	0.002450936503	97.72073383	2.159701221	0.1195649524	90.77484114	7.519244143	1.705914719							0	0	0	-887.9240509	0.002450936503	-18456.997420342	
887.8440509	94	5	1	0.4391727918	0.002446609729	97.71729764	2.162966325	0.1197360362	90.75781399	7.532381008	1.709805							0	0	0	-887.8440509	0.002446609729	-18522.2243647543	
887.7640509	94	5	1	0.4405353142	0.002442298178	97.71386308	2.166230039	0.11990688	90.74078365	7.545518837	1.713697514							0	0	0	-887.7640509	0.002442298178	-18587.5641738339	
887.6840509	94	5	1	0.4418921227	0.00243800177	97.71043015	2.169492364	0.1200774838	90.72375011	7.558657634	1.717592261							0	0	0	-887.6840509	0.00243800177	-18653.0164731251	
887.6040509	94	5	1	0.4432432511	0.002433720424	97.70699885	2.172753303	0.1202478475	90.70671336	7.5717974	1.721489237							0	0	0	-887.6040509	0.002433720424	-18718.5831978031	
887.5240509	94	5	1	0.4445887332	0.002429454062	97.70356917	2.176012855	0.120417971	90.68967342	7.584938137	1.725388442							0	0	0	-887.5240509	0.002429454062	-18784.2617946531	
887.4440509	94	5	1	0.4459286024	0.002425202603	97.70014112	2.179271023	0.1205878541	90.67263028	7.598079848	1.729289873							0	0	0	-887.4440509	0.002425202603	-18850.0498473234	
887.3640509	94	5	1	0.4472628919	0.002420965969	97.6967147	2.182527807	0.1207574967	90.65558394	7.611222536	1.733193528							0	0	0	-887.3640509	0.002420965969	-18915.9537143241	
887.2840509	94	5	1	0.4485916346	0.002416744083	97.69328989	2.18578321	0.1209268989	90.63853439	7.624366201	1.737099406							0	0	0	-887.2840509	0.002416744083	-18981.9709477115	
887.2040509	94	5	1	0.4499148631	0.002412536867	97.68986671	2.189037232	0.1210960603	90.62148165	7.637510847	1.741007505							0	0	0	-887.2040509	0.002412536867	-19048.0991153719	
887.1240509	94	5	1	0.4512326098	0.002408344244	97.68644514	2.192289875	0.1212649811	90.6044257	7.650656474	1.744917823							0	0	0	-887.1240509	0.002408344244	-19114.3379750402	
887.0440509	94	5	1	0.452544907	0.002404166137	97.6830252	2.195541139	0.1214336609	90.58736656	7.663803087	1.748830357							0	0	0	-887.0440509	0.002404166137	-19180.6896475373	
886.9640509	94	5	1	0.4538517866	0.002400002471	97.67960687	2.198791027	0.1216020999	90.57030421	7.676950685	1.752745107							0	0	0	-886.9640509	0.002400002471	-19247.1539395479	
886.8840509	94	5	1	0.4551532801	0.00239585317	97.67619016	2.20203954	0.1217702978	90.55323866	7.690099273	1.75666207							0	0	0	-886.8840509	0.00239585317	-19313.7331185587	
886.8040509	94	5	1	0.4564494192	0.002391718161	97.67277507	2.205286679	0.1219382546	90.5361699	7.703248851	1.760581245							0	0	0	-886.8040509	0.002391718161	-19380.4223156135	
886.7240509	94	5	1	0.457740235	0.002387597367	97.66936158	2.208532445	0.1221059701	90.51909795	7.716399422	1.76450263							0	0	0	-886.7240509	0.002387597367	-19447.2215363617	
886.6440509	94	5	1	0.4590257584	0.002383490716	97.66594972	2.21177684	0.1222734443	90.50202279	7.729550987	1.768426222							0	0	0	-886.6440509	0.002383490716	-19514.1353068372	
886.5640509	94	5	1	0.4603060202	0.002379398134	97.66253946	2.215019865	0.1224406771	90.48494443	7.742703549	1.772352021							0	0	0	-886.5640509	0.002379398134	-19581.1612922303	
886.4840509	94	5	1	0.4615810509	0.002375319549	97.65913081	2.218261521	0.1226076684	90.46786287	7.755857111	1.776280024							0	0	0	-886.4840509	0.002375319549	-19648.2994111868	
886.4040509	94	5	1	0.4628508808	0.002371254888	97.65572377	2.221501809	0.1227744181	90.4507781	7.769011672	1.780210229							0	0	0	-886.4040509	0.002371254888	-19715.5497014737	
886.3240509	94	5	1	0.4641155399	0.00236720408	97.65231834	2.224740732	0.1229409261	90.43369013	7.782167237	1.784142635							0	0	0	-886.3240509	0.00236720408	-19782.9096601701	
886.2440509	94	5	1	0.4653750581	0.002363167052	97.64891452	2.227978289	0.1231071923	90.41659895	7.795323807	1.78807724							0	0	0	-886.2440509	0.002363167052	-19850.3818308847	
886.1640509	94	5	1	0.4666294649	0.002359143735	97.6455123	2.231214483	0.1232732167	90.39950457	7.808481383	1.792014042							0	0	0	-886.1640509	0.002359143735	-19917.9661495232	
886.0840509	94	5	1	0.4678787898	0.002355134057	97.64211169	2.234449315	0.1234389991	90.38240699	7.821639968	1.795953039							0	0	0	-886.0840509	0.002355134057	-19985.6628091401	
886.0040509	94	5	1	0.4691230618	0.00235113795	97.63871268	2.237682786	0.1236045395	90.36530621	7.834799564	1.79989423							0	0	0	-886.0040509	0.00235113795	-20053.4717902201	
885.9240509	94	5	1	0.47036231	0.002347155343	97.63531527	2.240914897	0.1237698377	90.34820221	7.847960172	1.803837613							0	0	0	-885.9240509	0.002347155343	-20121.3907862655	
885.8440509	94	5	1	0.471596563	0.002343186168	97.63191946	2.244145649	0.1239348938	90.33109502	7.861121795	1.807783186							0	0	0	-885.8440509	0.002343186168	-20189.4223717592	
885.7640509	94	5	1	0.4728258495	0.002339230356	97.62852525	2.247375045	0.1240997075	90.31398462	7.874284434	1.811730946							0	0	0	-885.7640509	0.002339230356	-20257.5641869437	
885.6840509	94	5	1	0.4740501976	0.002335287839	97.62513264	2.250603085	0.124264279	90.29687101	7.887448092	1.815680894							0	0	0	-885.6840509	0.002335287839	-20325.8189582459	
885.6040509	94	5	1	0.4752696356	0.00233135855	97.62174162	2.25382977	0.1244286079	90.2797542	7.90061277	1.819633026							0	0	0	-885.6040509	0.00233135855	-20394.1868899174	
885.5240509	94	5	1	0.4764841912	0.002327442422	97.6183522	2.257055102	0.1245926943	90.26263419	7.91377847	1.82358734							0	0	0	-885.5240509	0.002327442422	-20462.6629782165	
885.4440509	94	5	1	0.4776938922	0.002323539387	97.61496438	2.260279082	0.1247565382	90.24551097	7.926945194	1.827543836							0	0	0	-885.4440509	0.002323539387	-20531.2500971223	
885.3640509	94	5	1	0.4788987661	0.00231964938	97.61157815	2.263501712	0.1249201393	90.22838454	7.940112943	1.831502512							0	0	0	-885.3640509	0.00231964938	-20599.9510773979	
885.2840509	94	5	1	0.4800988401	0.002315772335	97.60819351	2.266722992	0.1250834977	90.21125491	7.953281721	1.835463365							0	0	0	-885.2840509	0.002315772335	-20668.7609258028	
885.2040509	94	5	1	0.4812941414	0.002311908186	97.60481046	2.269942924	0.1252466132	90.19412208	7.966451528	1.839426393							0	0	0	-885.2040509	0.002311908186	-20737.6826166152	
885.1240509	94	5	1	0.4824846967	0.002308056869	97.601429	2.273161509	0.1254094859	90.17698604	7.979622366	1.843391596							0	0	0	-885.1240509	0.002308056869	-20806.7164290318	
885.0440509	94	5	1	0.4836705328	0.002304218319	97.59804914	2.276378749	0.1255721155	90.15984679	7.992794237	1.847358972							0	0	0	-885.0440509	0.002304218319	-20875.8600367839	
884.9640509	94	5	1	0.4848516763	0.002300392472	97.59467085	2.279594644	0.1257345021	90.14270434	8.005967143	1.851328518							0	0	0	-884.9640509	0.002300392472	-20945.1137590031	
884.8840509	94	5	1	0.4860281533	0.002296579264	97.59129416	2.282809197	0.1258966456	90.12555868	8.019141086	1.855300233							0	0	0	-884.8840509	0.002296579264	-21014.4807590713	
884.8040509	94	5	1	0.48719999	0.002292778633	97.58791905	2.286022407	0.1260585459	90.10840982	8.032316068	1.859274115							0	0	0	-884.8040509	0.002292778633	-21083.9586378426	
884.7240509	94	5	1	0.4883672123	0.002288990515	97.58454552	2.289234277	0.1262202029	90.09125775	8.045492089	1.863250163							0	0	0	-884.7240509	0.002288990515	-21153.5450999849	
884.6440509	94	5	1	0.489529846	0.002285214848	97.58117358	2.292444808	0.1263816166	90.07410247	8.058669153	1.867228374							0	0	0	-884.6440509	0.002285214848	-21223.2433286863	
884.5640509	94	5	1	0.4906879166	0.00228145157	97.57780321	2.295654001	0.1265427869	90.05694399	8.07184726	1.871208748							0	0	0	-884.5640509	0.00228145157	-21293.0509818392	
884.4840509	94	5	1	0.4918414494	0.002277700619	97.57443443	2.298861857	0.1267037137	90.03978231	8.085026413	1.875191282							0	0	0	-884.4840509	0.002277700619	-21362.9714176035	
884.4040509	94	5	1	0.4929904697	0.002273961935	97.57106723	2.302068378	0.126864397	90.02261741	8.098206612	1.879175974							0	0	0	-884.4040509	0.002273961935	-21433.0022477035	
884.3240509	94	5	1	0.4941350024	0.002270235456	97.5677016	2.305273564	0.1270248367	90.00544932	8.111387861	1.883162823							0	0	0	-884.3240509	0.002270235456	-21503.1441006977	
884.2440509	94	5	1	0.4952750724	0.002266521123	97.56433755	2.308477418	0.1271850327	89.98827801	8.12457016	1.887151828							0	0	0	-884.2440509	0.002266521123	-21573.3945236568	
884.1640509	94	5	1	0.4964107043	0.002262818874	97.56097508	2.31167994	0.127344985	89.9711035	8.137753511	1.891142986							0	0	0	-884.1640509	0.002262818874	-21643.7541954863	
884.0840509	94	5	1	0.4975419226	0.002259128651	97.55761418	2.314881131	0.1275046935	89.95392579	8.150937916	1.895136296							0	0	0	-884.0840509	0.002259128651	-21714.2294964473	
884.0040509	94	5	1	0.4986687515	0.002255450395	97.55425485	2.318080993	0.1276641582	89.93674487	8.164123377	1.899131755							0	0	0	-884.0040509	0.002255450395	-21784.8092740313	
883.9240509	94	5	1	0.4997912153	0.002251784045	97.55089709	2.321279528	0.1278233789	89.91956074	8.177309895	1.903129364							0	0	0	-883.9240509	0.002251784045	-21855.5001709095	
883.8440509	94	5	1	0.5009093377	0.002248129545	97.54754091	2.324476735	0.1279823557	89.90237341	8.190497471	1.907129119							0	0	0	-883.8440509	0.002248129545	-21926.3057266532	
883.7640509	94	5	1	0.5020231427	0.002244486836	97.54418629	2.327672618	0.1281410885	89.88518287	8.203686108	1.911131019							0	0	0	-883.7640509	0.002244486836	-21997.2177301762	
883.6840509	94	5	1	0.5031326537	0.00224085586	97.54083325	2.330867176	0.1282995772	89.86798913	8.216875807	1.915135062							0	0	0	-883.6840509	0.00224085586	-22068.2398723239	
883.6040509	94	5	1	0.5042378944	0.00223723656	97.53748177	2.334060411	0.1284578217	89.85079218	8.23006657	1.919141247							0	0	0	-883.6040509	0.00223723656	-22139.3728767081	
883.5240509	94	5	1	0.5053388878	0.002233628879	97.53413185	2.337252324	0.128615822	89.83359203	8.243258397	1.923149572							0	0	0	-883.5240509	0.002233628879	-22210.6175448257	
883.4440509	94	5	1	0.5064356572	0.002230032761	97.5307835	2.340442917	0.1287735781	89.81638867	8.256451292	1.927160035							0	0	0	-883.4440509	0.002230032761	-22281.9684320592	
883.3640509	94	5	1	0.5075282255	0.002226448148	97.52743672	2.343632191	0.1289310899	89.79918211	8.269645255	1.931172635							0	0	0	-883.3640509	0.002226448148	-22353.429521894	
883.2840509	94	5	1	0.5086166154	0.002222874986	97.5240915	2.346820146	0.1290883574	89.78197234	8.282840287	1.93518737							0	0	0	-883.2840509	0.002222874986	-22425.0015156175	
883.2040509	94	5	1	0.5097008497	0.002219313218	97.52074783	2.350006785	0.1292453804	89.76475937	8.296036391	1.939204238							0	0	0	-883.2040509	0.002219313218	-22496.6822515604	
883.1240509	94	5	1	0.5107809507	0.00221576279	97.51740573	2.353192108	0.129402159	89.74754319	8.309233568	1.943223238							0	0	0	-883.1240509	0.00221576279	-22568.4756949331	
883.0440509	94	5	1	0.5118569407	0.002212223647	97.51406519	2.356376117	0.129558693	89.73032381	8.32243182	1.947244368							0	0	0	-883.0440509	0.002212223647	-22640.3764228443	
882.9640509	94	5	1	0.512928842	0.002208695734	97.5107262	2.359558813	0.1297149825	89.71310123	8.335631147	1.951267626							0	0	0	-882.9640509	0.002208695734	-22712.3853403225	
882.8840509	94	5	1	0.5139966766	0.002205178997	97.50738878	2.362740197	0.1298710274	89.69587544	8.348831552	1.955293011							0	0	0	-882.8840509	0.002205178997	-22784.5066191624	
882.8040509	94	5	1	0.5150604662	0.002201673383	97.5040529	2.36592027	0.1300268276	89.67864644	8.362033036	1.959320521							0	0	0	-882.8040509	0.002201673383	-22856.7346988626	
882.7240509	94	5	1	0.5161202326	0.002198178837	97.50071858	2.369099034	0.1301823832	89.66141425	8.375235601	1.963350154							0	0	0	-882.7240509	0.002198178837	-22929.0706341047	
882.6440509	94	5	1	0.5171759972	0.002194695307	97.49738582	2.37227649	0.130337694	89.64417884	8.388439247	1.967381909							0	0	0	-882.6440509	0.002194695307	-23001.5186444324	
882.5640509	94	5	1	0.5182277816	0.00219122274	97.4940546	2.375452639	0.13049276	89.62694024	8.401643976	1.971415784							0	0	0	-882.5640509	0.00219122274	-23074.076546235	
882.4840509	94	5	1	0.519275607	0.002187761084	97.49072494	2.378627482	0.1306475811	89.60969843	8.41484979	1.975451777							0	0	0	-882.4840509	0.002187761084	-23146.7420342935	
882.4040509	94	5	1	0.5203194943	0.002184310286	97.48739682	2.38180102	0.1308021574	89.59245342	8.428056691	1.979489887							0	0	0	-882.4040509	0.002184310286	-23219.5162394841	
882.3240509	94	5	1	0.5213594647	0.002180870295	97.48407026	2.384973255	0.1309564888	89.57520521	8.441264679	1.983530113							0	0	0	-882.3240509	0.002180870295	-23292.4002123505	
882.2440509	94	5	1	0.5223955389	0.002177441059	97.48074524	2.388144188	0.1311105752	89.55795379	8.454473756	1.987572452							0	0	0	-882.2440509	0.002177441059	-23365.3917435696	
882.1640509	94	5	1	0.5234277376	0.002174022527	97.47742176	2.39131382	0.1312644166	89.54069917	8.467683923	1.991616902							0	0	0	-882.1640509	0.002174022527	-23438.4919556813	
882.0840509	94	5	1	0.5244560812	0.002170614648	97.47409983	2.394482153	0.131418013	89.52344135	8.480895183	1.995663463							0	0	0	-882.0840509	0.002170614648	-23511.6985848508	
882.0040509	94	5	1	0.5254805902	0.002167217371	97.47077945	2.397649187	0.1315713642	89.50618033	8.494107535	1.999712133							0	0	0	-882.0040509	0.002167217371	-23585.0198239818	
881.9240509	94	5	1	0.5265012849	0.002163830648	97.46746061	2.400814923	0.1317244704	89.48891611	8.507320982	2.00376291							0	0	0	-881.9240509	0.002163830648	-23658.4498785744	
881.8440509	94	5	1	0.5275181852	0.002160454427	97.4641433	2.403979364	0.1318773314	89.47164868	8.520535525	2.007815792							0	0	0	-881.8440509	0.002160454427	-23731.9831330325	
881.7640509	94	5	1	0.5285313113	0.002157088659	97.46082754	2.40714251	0.1320299472	89.45437806	8.533751165	2.011870778							0	0	0	-881.7640509	0.002157088659	-23805.6277979723	
881.6840509	94	5	1	0.5295406829	0.002153733295	97.45751332	2.410304362	0.1321823178	89.43710423	8.546967903	2.015927866							0	0	0	-881.6840509	0.002153733295	-23879.3780964461	
881.6040509	94	5	1	0.5305463197	0.002150388285	97.45420064	2.413464921	0.1323344431	89.4198272	8.560185742	2.019987054							0	0	0	-881.6040509	0.002150388285	-23953.2389944685	
881.5240509	94	5	1	0.5315482412	0.002147053582	97.45088949	2.41662419	0.1324863231	89.40254698	8.573404681	2.024048342							0	0	0	-881.5240509	0.002147053582	-24027.2081607669	
881.4440509	94	5	1	0.532546467	0.002143729136	97.44757987	2.419782168	0.1326379578	89.38526355	8.586624723	2.028111727							0	0	0	-881.4440509	0.002143729136	-24101.2834927785	
881.3640509	94	5	1	0.5335410163	0.0021404149	97.4442718	2.422938857	0.1327893472	89.36797692	8.599845869	2.032177208							0	0	0	-881.3640509	0.0021404149	-24175.4699346823	
881.2840509	94	5	1	0.5345319082	0.002137110826	97.44096525	2.426094259	0.1329404911	89.3506871	8.61306812	2.036244782							0	0	0	-881.2840509	0.002137110826	-24249.7653561848	
881.2040509	94	5	1	0.5355191619	0.002133816867	97.43766024	2.429248374	0.1330913896	89.33339407	8.626291477	2.04031445							0	0	0	-881.2040509	0.002133816867	-24324.1675008602	
881.1240509	94	5	1	0.5365027961	0.002130532975	97.43435675	2.432401204	0.1332420427	89.31609785	8.639515942	2.044386208							0	0	0	-881.1240509	0.002130532975	-24398.6704226159	
881.0440509	94	5	1	0.5374828298	0.002127259102	97.4310548	2.43555275	0.1333924503	89.29879843	8.652741515	2.048460055							0	0	0	-881.0440509	0.002127259102	-24473.2868332928	
880.9640509	94	5	1	0.5384592815	0.002123995204	97.42775437	2.438703013	0.1335426123	89.28149581	8.665968198	2.052535991							0	0	0	-880.9640509	0.002123995204	-24548.0144344224	
880.8840509	94	5	1	0.5394321698	0.002120741233	97.42445548	2.441851994	0.1336925289	89.26419	8.679195993	2.056614012							0	0	0	-880.8840509	0.002120741233	-24622.8474453504	
880.8040509	94	5	1	0.540401513	0.002117497144	97.42115811	2.444999695	0.1338421999	89.24688098	8.6924249	2.060694118							0	0	0	-880.8040509	0.002117497144	-24697.7873071447	
880.7240509	94	5	1	0.5413673295	0.00211426289	97.41786226	2.448146116	0.1339916252	89.22956877	8.70565492	2.064776307							0	0	0	-880.7240509	0.00211426289	-24772.8318887435	
880.6440509	94	5	1	0.5423296375	0.002111038426	97.41456794	2.45129126	0.134140805	89.21225337	8.718886056	2.068860577							0	0	0	-880.6440509	0.002111038426	-24847.9866023618	
880.5640509	94	5	1	0.5432884549	0.002107823707	97.41127514	2.454435126	0.1342897391	89.19493477	8.732118307	2.072946927							0	0	0	-880.5640509	0.002107823707	-24923.2453867265	
880.4840509	94	5	1	0.5442437997	0.002104618687	97.40798386	2.457577716	0.1344384276	89.17761297	8.745351676	2.077035356							0	0	0	-880.4840509	0.002104618687	-24998.613886091	
880.4040509	94	5	1	0.5451956897	0.002101423323	97.4046941	2.460719032	0.1345868704	89.16028798	8.758586163	2.081125861							0	0	0	-880.4040509	0.002101423323	-25074.093756629	
880.3240509	94	5	1	0.5461441426	0.00209823757	97.40140586	2.463859074	0.1347350674	89.14295979	8.771821769	2.085218441							0	0	0	-880.3240509	0.00209823757	-25149.6750189468	
880.2440509	94	5	1	0.5470891758	0.002095061383	97.39811914	2.466997844	0.1348830188	89.12562841	8.785058496	2.089313094							0	0	0	-880.2440509	0.002095061383	-25225.3673781095	
880.1640509	94	5	1	0.548030807	0.00209189472	97.39483393	2.470135344	0.1350307244	89.10829384	8.798296344	2.09340982							0	0	0	-880.1640509	0.00209189472	-25301.1645476522	
880.0840509	94	5	1	0.5489690533	0.002088737535	97.39155024	2.473271573	0.1351781842	89.09095607	8.811535316	2.097508615							0	0	0	-880.0840509	0.002088737535	-25377.064493729	
880.0040509	94	5	1	0.5499039321	0.002085589786	97.38826807	2.476406533	0.1353253983	89.07361511	8.824775411	2.10160948							0	0	0	-880.0040509	0.002085589786	-25453.0769833244	
879.9240509	94	5	1	0.5508354604	0.00208245143	97.38498741	2.479540226	0.1354723665	89.05627096	8.838016631	2.105712412							0	0	0	-879.9240509	0.00208245143	-25529.1958888607	
879.8440509	94	5	1	0.5517636552	0.002079322424	97.38170826	2.482672652	0.135619089	89.03892361	8.851258977	2.109817409							0	0	0	-879.8440509	0.002079322424	-25605.4190250245	
879.7640509	94	5	1	0.5526885334	0.002076202725	97.37843062	2.485803813	0.1357655656	89.02157308	8.864502451	2.113924471							0	0	0	-879.7640509	0.002076202725	-25681.7483184775	
879.6840509	94	5	1	0.5536101118	0.002073092291	97.37515449	2.48893371	0.1359117963	89.00421935	8.877747052	2.118033594							0	0	0	-879.6840509	0.002073092291	-25758.1815387815	
879.6040509	94	5	1	0.554528407	0.002069991079	97.37187987	2.492062345	0.1360577812	88.98686244	8.890992783	2.122144779							0	0	0	-879.6040509	0.002069991079	-25834.7249112794	
879.5240509	94	5	1	0.5554434356	0.002066899049	97.36860676	2.495189717	0.1362035202	88.96950233	8.904239644	2.126258024							0	0	0	-879.5240509	0.002066899049	-25911.380406721	
879.4440509	94	5	1	0.556355214	0.002063816159	97.36533516	2.498315829	0.1363490133	88.95213904	8.917487637	2.130373326							0	0	0	-879.4440509	0.002063816159	-25988.1333244575	
879.3640509	94	5	1	0.5572637585	0.002060742366	97.36206506	2.501440682	0.1364942605	88.93477255	8.930736762	2.134490684							0	0	0	-879.3640509	0.002060742366	-26064.9942080859	
879.2840509	94	5	1	0.5581690854	0.002057677631	97.35879646	2.504564276	0.1366392617	88.91740288	8.94398702	2.138610097							0	0	0	-879.2840509	0.002057677631	-26141.9650246307	
879.2040509	94	5	1	0.5590712108	0.002054621912	97.35552937	2.507686613	0.1367840171	88.90003002	8.957238412	2.142731564							0	0	0	-879.2040509	0.002054621912	-26219.0351936244	
879.1240509	94	5	1	0.5599701508	0.002051575168	97.35226378	2.510807694	0.1369285265	88.88265398	8.97049094	2.146855082							0	0	0	-879.1240509	0.002051575168	-26296.2154334489	
879.0440509	94	5	1	0.5608659211	0.00204853736	97.34899969	2.513927521	0.13707279	88.86527475	8.983744604	2.15098065							0	0	0	-879.0440509	0.00204853736	-26373.5035639628	
878.9640509	94	5	1	0.5617585377	0.002045508447	97.3457371	2.517046093	0.1372168075	88.84789233	8.996999405	2.155108266							0	0	0	-878.9640509	0.002045508447	-26450.8931764987	
878.8840509	94	5	1	0.5626480162	0.002042488389	97.34247601	2.520163414	0.137360579	88.83050673	9.010255344	2.15923793							0	0	0	-878.8840509	0.002042488389	-26528.3864219464	
878.8040509	94	5	1	0.5635343723	0.002039477146	97.33921641	2.523279483	0.1375041046	88.81311794	9.023512423	2.163369639							0	0	0	-878.8040509	0.002039477146	-26605.9900213198	
878.7240509	94	5	1	0.5644176215	0.00203647468	97.33595831	2.526394302	0.1376473842	88.79572597	9.036770641	2.167503392							0	0	0	-878.7240509	0.00203647468	-26683.697337768	
878.6440509	94	5	1	0.5652977791	0.00203348095	97.33270171	2.529507872	0.1377904178	88.77833081	9.050030001	2.171639187							0	0	0	-878.6440509	0.00203348095	-26761.5108605714	
878.5640509	94	5	1	0.5661748605	0.002030495919	97.3294466	2.532620194	0.1379332054	88.76093248	9.063290502	2.175777023							0	0	0	-878.5640509	0.002030495919	-26839.428258332	
878.4840509	94	5	1	0.5670488809	0.002027519546	97.32619298	2.535731269	0.138075747	88.74353096	9.076552146	2.179916898							0	0	0	-878.4840509	0.002027519546	-26917.4521381093	
878.4040509	94	5	1	0.5679198554	0.002024551795	97.32294086	2.538841099	0.1382180427	88.72612625	9.089814934	2.184058811							0	0	0	-878.4040509	0.002024551795	-26995.5847081785	
878.3240509	94	5	1	0.568787799	0.002021592626	97.31969022	2.541949684	0.1383600923	88.70871837	9.103078866	2.188202761							0	0	0	-878.3240509	0.002021592626	-27073.8148994515	
878.2440509	94	5	1	0.5696527266	0.002018642001	97.31644108	2.545057026	0.1385018959	88.69130731	9.116343944	2.192348745							0	0	0	-878.2440509	0.002018642001	-27152.1496191402	
878.1640509	94	5	1	0.570514653	0.002015699882	97.31319342	2.548163126	0.1386434536	88.67389307	9.129610168	2.196496762							0	0	0	-878.1640509	0.002015699882	-27230.5913986707	
878.0840509	94	5	1	0.571373593	0.002012766232	97.30994725	2.551267985	0.1387847652	88.65647565	9.142877539	2.200646811							0	0	0	-878.0840509	0.002012766232	-27309.142790594	
878.0040509	94	5	1	0.5722295613	0.002009841014	97.30670257	2.554371604	0.1389258308	88.63905505	9.156146058	2.20479889							0	0	0	-878.0040509	0.002009841014	-27387.7970462615	
877.9240509	94	5	1	0.5730825723	0.00200692419	97.30345937	2.557473984	0.1390666504	88.62163128	9.169415726	2.208952997							0	0	0	-877.9240509	0.00200692419	-27466.5520730294	
877.8440509	94	5	1	0.5739326405	0.002004015723	97.30021765	2.560575127	0.139207224	88.60420433	9.182686543	2.213109132							0	0	0	-877.8440509	0.002004015723	-27545.4104071656	
877.7640509	94	5	1	0.5747797803	0.002001115576	97.29697742	2.563675033	0.1393475517	88.5867742	9.195958511	2.217267292							0	0	0	-877.7640509	0.002001115576	-27624.3795119923	
877.6840509	94	5	1	0.5756240059	0.001998223714	97.29373866	2.566773704	0.1394876333	88.56934089	9.209231629	2.221427476							0	0	0	-877.6840509	0.001998223714	-27703.4476317863	
877.6040509	94	5	1	0.5764653315	0.001995340098	97.29050139	2.569871141	0.1396274689	88.55190442	9.2225059	2.225589682							0	0	0	-877.6040509	0.001995340098	-27782.6224943626	
877.5240509	94	5	1	0.5773037712	0.001992464695	97.2872656	2.572967344	0.1397670585	88.53446477	9.235781324	2.22975391							0	0	0	-877.5240509	0.001992464695	-27861.9017086595	
877.4440509	94	5	1	0.5781393389	0.001989597466	97.28403128	2.576062316	0.1399064022	88.51702194	9.249057901	2.233920157							0	0	0	-877.4440509	0.001989597466	-27941.2786050965	
877.3640509	94	5	1	0.5789720487	0.001986738377	97.28079844	2.579156057	0.1400454999	88.49957595	9.262335632	2.238088422							0	0	0	-877.3640509	0.001986738377	-28020.7655039606	
877.2840509	94	5	1	0.5798019144	0.001983887392	97.27756708	2.582248569	0.1401843516	88.48212678	9.275614518	2.242258703							0	0	0	-877.2840509	0.001983887392	-28100.3605268123	
877.2040509	94	5	1	0.5806289495	0.001981044477	97.27433719	2.585339851	0.1403229573	88.46467444	9.28889456	2.246430999							0	0	0	-877.2040509	0.001981044477	-28180.0515588749	
877.1240509	94	5	1	0.5814531679	0.001978209594	97.27110878	2.588429907	0.1404613171	88.44721893	9.302175759	2.250605309							0	0	0	-877.1240509	0.001978209594	-28259.8466434828	
877.0440509	94	5	1	0.5822745831	0.001975382711	97.26788183	2.591518736	0.140599431	88.42976026	9.315458114	2.25478163							0	0	0	-877.0440509	0.001975382711	-28339.7484077728	
876.9640509	94	5	1	0.5830932085	0.001972563791	97.26465636	2.59460634	0.1407372989	88.41229841	9.328741627	2.258959962							0	0	0	-876.9640509	0.001972563791	-28419.75002866	
876.8840509	94	5	1	0.5839090576	0.001969752801	97.26143236	2.59769272	0.1408749208	88.3948334	9.342026299	2.263140303							0	0	0	-876.8840509	0.001969752801	-28499.8593438933	
876.8040509	94	5	1	0.5847221437	0.001966949706	97.25820983	2.600777877	0.1410122969	88.37736522	9.35531213	2.267322651							0	0	0	-876.8040509	0.001966949706	-28580.0693282424	
876.7240509	94	5	1	0.5855324799	0.001964154472	97.25498876	2.603861812	0.141149427	88.35989387	9.368599121	2.271507005							0	0	0	-876.7240509	0.001964154472	-28660.3829650791	
876.6440509	94	5	1	0.5863400795	0.001961367065	97.25176916	2.606944527	0.1412863113	88.34241936	9.381887273	2.275693363							0	0	0	-876.6440509	0.001961367065	-28740.7981877043	
876.5640509	94	5	1	0.5871449555	0.001958587451	97.24855103	2.610026022	0.1414229496	88.32494169	9.395176585	2.279881724							0	0	0	-876.5640509	0.001958587451	-28821.3181192792	
876.4840509	94	5	1	0.587947121	0.001955815597	97.24533436	2.613106299	0.1415593421	88.30746085	9.40846706	2.284072086							0	0	0	-876.4840509	0.001955815597	-28901.9406606313	
876.4040509	94	5	1	0.5887465887	0.001953051469	97.24211915	2.616185358	0.1416954888	88.28997686	9.421758697	2.288264448							0	0	0	-876.4040509	0.001953051469	-28982.6637982817	
876.3240509	94	5	1	0.5895433715	0.001950295034	97.23890541	2.619263201	0.1418313896	88.27248969	9.435051497	2.292458809							0	0	0	-876.3240509	0.001950295034	-29063.490680183	
876.2440509	94	5	1	0.5903374822	0.001947546259	97.23569313	2.622339829	0.1419670445	88.25499937	9.44834546	2.296655166							0	0	0	-876.2440509	0.001947546259	-29144.4245999293	
876.1640509	94	5	1	0.5911289334	0.001944805112	97.2324823	2.625415243	0.1421024537	88.23750589	9.461640588	2.300853519							0	0	0	-876.1640509	0.001944805112	-29225.4581444089	
876.0840509	94	5	1	0.5919177378	0.001942071559	97.22927294	2.628489444	0.1422376171	88.22000925	9.474936881	2.305053865							0	0	0	-876.0840509	0.001942071559	-29306.5893267739	
876.0040509	94	5	1	0.5927039078	0.001939345568	97.22606503	2.631562434	0.1423725347	88.20250946	9.488234339	2.309256204							0	0	0	-876.0040509	0.001939345568	-29387.8213204005	
875.9240509	94	5	1	0.5934874559	0.001936627106	97.22285858	2.634634213	0.1425072065	88.1850065	9.501532963	2.313460533							0	0	0	-875.9240509	0.001936627106	-29469.1630236565	
875.8440509	94	5	1	0.5942683945	0.001933916143	97.21965359	2.637704782	0.1426416326	88.16750039	9.514832754	2.317666852							0	0	0	-875.8440509	0.001933916143	-29550.6068424856	
875.7640509	94	5	1	0.5950467357	0.001931212645	97.21645004	2.640774143	0.142775813	88.14999113	9.528133712	2.321875159							0	0	0	-875.7640509	0.001931212645	-29632.1454531066	
875.6840509	94	5	1	0.5958224919	0.001928516581	97.21324796	2.643842296	0.1429097477	88.13247871	9.541435837	2.326085452							0	0	0	-875.6840509	0.001928516581	-29713.7931534698	
875.6040509	94	5	1	0.5965956751	0.00192582792	97.21004732	2.646909243	0.1430434367	88.11496314	9.554739131	2.33029773							0	0	0	-875.6040509	0.00192582792	-29795.5424406156	
875.5240509	94	5	1	0.5973662975	0.00192314663	97.20684813	2.649974986	0.14317688	88.09744442	9.568043593	2.334511991							0	0	0	-875.5240509	0.00192314663	-29877.3857215722	
875.4440509	94	5	1	0.598134371	0.001920472679	97.2036504	2.653039524	0.1433100777	88.07992254	9.581349224	2.338728234							0	0	0	-875.4440509	0.001920472679	-29959.3321116143	
875.3640509	94	5	1	0.5988999075	0.001917806037	97.20045411	2.656102859	0.1434430298	88.06239752	9.594656025	2.342946457							0	0	0	-875.3640509	0.001917806037	-30041.3908193385	
875.2840509	94	5	1	0.5996629188	0.001915146674	97.19725927	2.659164992	0.1435757363	88.04486934	9.607963997	2.34716666							0	0	0	-875.2840509	0.001915146674	-30123.542882115	
875.2040509	94	5	1	0.6004234168	0.001912494557	97.19406588	2.662225925	0.1437081972	88.02733802	9.621273138	2.351388839							0	0	0	-875.2040509	0.001912494557	-30205.7863227332	
875.1240509	94	5	1	0.6011814132	0.001909849656	97.19087393	2.665285658	0.1438404126	88.00980355	9.634583451	2.355612995							0	0	0	-875.1240509	0.001909849656	-30288.141821564	
875.0440509	94	5	1	0.6019369195	0.001907211942	97.18768342	2.668344193	0.1439723824	87.99226594	9.647894936	2.359839125							0	0	0	-875.0440509	0.001907211942	-30370.6016720347	
874.9640509	94	5	1	0.6026899473	0.001904581384	97.18449436	2.67140153	0.1441041068	87.97472518	9.661207592	2.364067228							0	0	0	-874.9640509	0.001904581384	-30453.1582015119	
874.8840509	94	5	1	0.6034405081	0.001901957952	97.18130674	2.674457671	0.1442355857	87.95718128	9.674521421	2.368297302							0	0	0	-874.8840509	0.001901957952	-30535.8151135957	
874.8040509	94	5	1	0.6041886134	0.001899341616	97.17812056	2.677512616	0.1443668192	87.93963423	9.687836422	2.372529346							0	0	0	-874.8040509	0.001899341616	-30618.5703807045	
874.7240509	94	5	1	0.6049342744	0.001896732346	97.17493583	2.680566367	0.1444978072	87.92208404	9.701152597	2.376763359							0	0	0	-874.7240509	0.001896732346	-30701.4278692572	
874.6440509	94	5	1	0.6056775025	0.001894130113	97.17175252	2.683618926	0.1446285499	87.90453072	9.714469946	2.380999339							0	0	0	-874.6440509	0.001894130113	-30784.3855259457	
874.5640509	94	5	1	0.6064183089	0.001891534887	97.16857066	2.686670292	0.1447590472	87.88697425	9.727788468	2.385237284							0	0	0	-874.5640509	0.001891534887	-30867.4413961857	
874.4840509	94	5	1	0.6071567047	0.001888946639	97.16539023	2.689720468	0.1448892992	87.86941464	9.741108165	2.389477193							0	0	0	-874.4840509	0.001888946639	-30950.6054077146	
874.4040509	94	5	1	0.607892701	0.001886365341	97.16221124	2.692769453	0.1450193059	87.8518519	9.754429037	2.393719065							0	0	0	-874.4040509	0.001886365341	-31033.8635106846	
874.3240509	94	5	1	0.6086263088	0.001883790962	97.15903368	2.695817251	0.1451490673	87.83428602	9.767751084	2.397962898							0	0	0	-874.3240509	0.001883790962	-31117.2198789056	
874.2440509	94	5	1	0.6093575391	0.001881223475	97.15585756	2.69886386	0.1452785835	87.816717	9.781074306	2.40220869							0	0	0	-874.2440509	0.001881223475	-31200.6783348246	
874.1640509	94	5	1	0.6100864027	0.00187866285	97.15268286	2.701909283	0.1454078544	87.79914485	9.794398705	2.40645644							0	0	0	-874.1640509	0.00187866285	-31284.2309578374	
874.0840509	94	5	1	0.6108129105	0.001876109059	97.1495096	2.70495352	0.1455368803	87.78156957	9.807724279	2.410706147							0	0	0	-874.0840509	0.001876109059	-31367.8940726658	
874.0040509	94	5	1	0.6115370732	0.001873562075	97.14633777	2.707996573	0.1456656609	87.76399116	9.82105103	2.41495781							0	0	0	-874.0040509	0.001873562075	-31451.6533578255	
873.9240509	94	5	1	0.6122589016	0.001871021868	97.14316736	2.711038443	0.1457941965	87.74640962	9.834378958	2.419211425							0	0	0	-873.9240509	0.001871021868	-31535.5069608835	
873.8440509	94	5	1	0.6129784062	0.001868488411	97.13999838	2.714079131	0.145922487	87.72882494	9.847708063	2.423466993							0	0	0	-873.8440509	0.001868488411	-31619.4651694529	
873.7640509	94	5	1	0.6136955976	0.001865961676	97.13683083	2.717118637	0.1460505325	87.71123714	9.861038345	2.427724512							0	0	0	-873.7640509	0.001865961676	-31703.5198275963	
873.6840509	94	5	1	0.6144104863	0.001863441635	97.1336647	2.720156964	0.146178333	87.69364622	9.874369805	2.43198398							0	0	0	-873.6840509	0.001863441635	-31787.6752498796	
873.6040509	94	5	1	0.6151230828	0.001860928261	97.1305	2.723194111	0.1463058885	87.67605216	9.887702443	2.436245395							0	0	0	-873.6040509	0.001860928261	-31871.9230252442	
873.5240509	94	5	1	0.6158333974	0.001858421525	97.12733672	2.726230081	0.146433199	87.65845498	9.901036259	2.440508757							0	0	0	-873.5240509	0.001858421525	-31956.2740302786	
873.4440509	94	5	1	0.6165414405	0.001855921402	97.12417486	2.729264874	0.1465602647	87.64085468	9.914371253	2.444774064							0	0	0	-873.4440509	0.001855921402	-32040.7325301913	
873.3640509	94	5	1	0.6172472223	0.001853427864	97.12101442	2.732298491	0.1466870856	87.62325126	9.927707427	2.449041314							0	0	0	-873.3640509	0.001853427864	-32125.2774341135	
873.2840509	94	5	1	0.617950753	0.001850940883	97.11785541	2.735330933	0.1468136616	87.60564472	9.941044779	2.453310506							0	0	0	-873.2840509	0.001850940883	-32209.9261236009	
873.2040509	94	5	1	0.6186520428	0.001848460434	97.11469781	2.738362202	0.1469399929	87.58803505	9.95438331	2.457581638							0	0	0	-873.2040509	0.001848460434	-32294.6699468593	
873.1240509	94	5	1	0.6193511016	0.001845986488	97.11154162	2.741392298	0.1470660794	87.57042227	9.967723021	2.461854709							0	0	0	-873.1240509	0.001845986488	-32379.5137400509	
873.0440509	94	5	1	0.6200479397	0.001843519021	97.10838686	2.744421223	0.1471919212	87.55280637	9.981063911	2.466129717							0	0	0	-873.0440509	0.001843519021	-32464.4552116726	
872.9640509	94	5	1	0.6207425668	0.001841058004	97.1052335	2.747448978	0.1473175184	87.53518736	9.994405981	2.470406661							0	0	0	-872.9640509	0.001841058004	-32549.4927304782	
872.8840509	94	5	1	0.6214349929	0.001838603413	97.10208157	2.750475563	0.147442871	87.51756523	10.00774923	2.47468554							0	0	0	-872.8840509	0.001838603413	-32634.63733084	
872.8040509	94	5	1	0.6221252279	0.001836155221	97.09893104	2.75350098	0.147567979	87.49993999	10.02109366	2.478966352							0	0	0	-872.8040509	0.001836155221	-32719.8739479884	
872.7240509	94	5	1	0.6228132816	0.001833713402	97.09578193	2.75652523	0.1476928425	87.48231163	10.03443927	2.483249095							0	0	0	-872.7240509	0.001833713402	-32805.207217279	
872.6440509	94	5	1	0.6234991636	0.00183127793	97.09263423	2.759548313	0.1478174614	87.46468017	10.04778606	2.487533768							0	0	0	-872.6440509	0.00183127793	-32890.6351604677	
872.5640509	94	5	1	0.6241828837	0.001828848779	97.08948793	2.762570232	0.147941836	87.4470456	10.06113403	2.49182037							0	0	0	-872.5640509	0.001828848779	-32976.1626041378	
872.4840509	94	5	1	0.6248644515	0.001826425924	97.08634305	2.765590987	0.1480659662	87.42940792	10.07448319	2.496108899							0	0	0	-872.4840509	0.001826425924	-33061.7875518566	
872.4040509	94	5	1	0.6255438764	0.001824009339	97.08319957	2.768610578	0.148189852	87.41176713	10.08783352	2.500399353							0	0	0	-872.4040509	0.001824009339	-33147.5150248258	
872.3240509	94	5	1	0.6262211682	0.001821599	97.0800575	2.771629008	0.1483134935	87.39412324	10.10118503	2.504691732							0	0	0	-872.3240509	0.001821599	-33233.3360706458	
872.2440509	94	5	1	0.6268963361	0.00181919488	97.07691683	2.774646277	0.1484368907	87.37647624	10.11453773	2.508986033							0	0	0	-872.2440509	0.00181919488	-33319.2488981437	
872.1640509	94	5	1	0.6275693896	0.001816796955	97.07377757	2.777662386	0.1485600437	87.35882614	10.1278916	2.513282256							0	0	0	-872.1640509	0.001816796955	-33405.2582717422	
872.0840509	94	5	1	0.6282403381	0.001814405199	97.07063971	2.780677337	0.1486829526	87.34117294	10.14124666	2.517580398							0	0	0	-872.0840509	0.001814405199	-33491.3694310098	
872.0040509	94	5	1	0.6289091908	0.001812019589	97.06750325	2.78369113	0.1488056174	87.32351664	10.1546029	2.521880459							0	0	0	-872.0040509	0.001812019589	-33577.5802918564	
871.9240509	94	5	1	0.629575957	0.001809640099	97.0643682	2.786703767	0.1489280381	87.30585725	10.16796032	2.526182436							0	0	0	-871.9240509	0.001809640099	-33663.8820582549	
871.8440509	94	5	1	0.6302406459	0.001807266705	97.06123454	2.789715248	0.1490502147	87.28819475	10.18131892	2.530486329							0	0	0	-871.8440509	0.001807266705	-33750.2868680848	
871.7640509	94	5	1	0.6309032665	0.001804899383	97.05810228	2.792725574	0.1491721474	87.27052916	10.1946787	2.534792135							0	0	0	-871.7640509	0.001804899383	-33836.7785007512	
871.6840509	94	5	1	0.631563828	0.001802538107	97.05497142	2.795734747	0.1492938362	87.25286048	10.20803967	2.539099854							0	0	0	-871.6840509	0.001802538107	-33923.3622506953	
871.6040509	94	5	1	0.6322223394	0.001800182854	97.05184195	2.798742768	0.1494152811	87.23518871	10.22140181	2.543409484							0	0	0	-871.6040509	0.001800182854	-34010.0576989884	
871.5240509	94	5	1	0.6328788097	0.001797833601	97.04871388	2.801749638	0.1495364822	87.21751384	10.23476514	2.547721023							0	0	0	-871.5240509	0.001797833601	-34096.8412449217	
871.4440509	94	5	1	0.6335332478	0.001795490322	97.0455872	2.804755357	0.1496574395	87.19983588	10.24812965	2.55203447							0	0	0	-871.4440509	0.001795490322	-34183.7184019962	
871.3640509	94	5	1	0.6341856626	0.001793152995	97.04246192	2.807759927	0.1497781531	87.18215484	10.26149534	2.556349823							0	0	0	-871.3640509	0.001793152995	-34270.6942880498	
871.2840509	94	5	1	0.6348360629	0.001790821595	97.03933803	2.810763349	0.1498986231	87.16447071	10.27486221	2.560667082							0	0	0	-871.2840509	0.001790821595	-34357.7598340336	
871.2040509	94	5	1	0.6354844575	0.001788496099	97.03621553	2.813765624	0.1500188494	87.1467835	10.28823026	2.564986244							0	0	0	-871.2040509	0.001788496099	-34444.9277817486	
871.1240509	94	5	1	0.636130855	0.001786176484	97.03309442	2.816766752	0.1501388322	87.1290932	10.30159949	2.569307308							0	0	0	-871.1240509	0.001786176484	-34532.1888257715	
871.0440509	94	5	1	0.6367752643	0.001783862726	97.02997469	2.819766736	0.1502585715	87.11139982	10.31496991	2.573630273							0	0	0	-871.0440509	0.001783862726	-34619.5410887606	
870.9640509	94	5	1	0.6374176939	0.001781554802	97.02685636	2.822765576	0.1503780673	87.09370336	10.32834151	2.577955137							0	0	0	-870.9640509	0.001781554802	-34706.9900837061	
870.8840509	94	5	1	0.6380581524	0.001779252689	97.02373941	2.825763273	0.1504973198	87.07600382	10.34171428	2.582281899							0	0	0	-870.8840509	0.001779252689	-34794.5339212032	
870.8040509	94	5	1	0.6386966482	0.001776956364	97.02062384	2.828759828	0.1506163289	87.0583012	10.35508824	2.586610557							0	0	0	-870.8040509	0.001776956364	-34882.1783299659	
870.7240509	94	5	1	0.63933319	0.001774665805	97.01750966	2.831755242	0.1507350947	87.04059551	10.36846338	2.590941109							0	0	0	-870.7240509	0.001774665805	-34969.9137276929	
870.6440509	94	5	1	0.6399677862	0.001772380988	97.01439687	2.834749517	0.1508536173	87.02288674	10.3818397	2.595273555							0	0	0	-870.6440509	0.001772380988	-35057.7383036644	
870.5640509	94	5	1	0.640600445	0.001770101891	97.01128545	2.837742652	0.1509718968	87.0051749	10.39521721	2.599607893							0	0	0	-870.5640509	0.001770101891	-35145.6576736462	
870.4840509	94	5	1	0.6412311749	0.001767828491	97.00817542	2.84073465	0.1510899332	86.98745999	10.40859589	2.603944121							0	0	0	-870.4840509	0.001767828491	-35233.6700163603	
870.4040509	94	5	1	0.6418599842	0.001765560766	97.00506676	2.843725512	0.1512077265	86.96974201	10.42197575	2.608282237							0	0	0	-870.4040509	0.001765560766	-35321.7890045788	
870.3240509	94	5	1	0.6424868811	0.001763298695	97.00195949	2.846715237	0.1513252768	86.95202096	10.4353568	2.612622241							0	0	0	-870.3240509	0.001763298695	-35409.9970951107	
870.2440509	94	5	1	0.6431118738	0.001761042254	96.99885359	2.849703828	0.1514425842	86.93429685	10.44873902	2.616964131							0	0	0	-870.2440509	0.001761042254	-35498.2846350767	
870.1640509	94	5	1	0.6437349705	0.001758791421	96.99574907	2.852691286	0.1515596487	86.91656967	10.46212242	2.621307906							0	0	0	-870.1640509	0.001758791421	-35586.673216559	
870.0840509	94	5	1	0.6443561792	0.001756546175	96.99264592	2.855677611	0.1516764705	86.89883943	10.47550701	2.625653563							0	0	0	-870.0840509	0.001756546175	-35675.1689689578	
870.0040509	94	5	1	0.6449755081	0.001754306495	96.98954415	2.858662805	0.1517930495	86.88110613	10.48889277	2.630001102							0	0	0	-870.0040509	0.001754306495	-35763.7461004203	
869.9240509	94	5	1	0.6455929652	0.001752072357	96.98644375	2.861646868	0.1519093858	86.86336976	10.50227971	2.634350521							0	0	0	-869.9240509	0.001752072357	-35852.4108507998	
869.8440509	94	5	1	0.6462085583	0.001749843741	96.98334472	2.864629802	0.1520254795	86.84563034	10.51566784	2.638701818							0	0	0	-869.8440509	0.001749843741	-35941.1771525298	
869.7640509	94	5	1	0.6468222956	0.001747620625	96.98024706	2.867611607	0.1521413306	86.82788787	10.52905714	2.643054993							0	0	0	-869.7640509	0.001747620625	-36030.0352495416	
869.6840509	94	5	1	0.6474341848	0.001745402988	96.97715078	2.870592285	0.1522569393	86.81014234	10.54244762	2.647410043							0	0	0	-869.6840509	0.001745402988	-36118.9831564955	
869.6040509	94	5	1	0.6480442338	0.001743190808	96.97405586	2.873571836	0.1523723055	86.79239375	10.55583928	2.651766967							0	0	0	-869.6040509	0.001743190808	-36208.0272582248	
869.5240509	94	5	1	0.6486524504	0.001740984065	96.97096231	2.876550263	0.1524874293	86.77464212	10.56923212	2.656125764							0	0	0	-869.5240509	0.001740984065	-36297.1655611709	
869.4440509	94	5	1	0.6492588424	0.001738782737	96.96787012	2.879527565	0.1526023109	86.75688743	10.58262614	2.660486432							0	0	0	-869.4440509	0.001738782737	-36386.3880552857	
869.3640509	94	5	1	0.6498634174	0.001736586803	96.96477931	2.882503744	0.1527169502	86.7391297	10.59602133	2.66484897							0	0	0	-869.3640509	0.001736586803	-36475.7093701878	
869.2840509	94	5	1	0.6504661832	0.001734396243	96.96168985	2.8854788	0.1528313474	86.72136892	10.6094177	2.669213375							0	0	0	-869.2840509	0.001734396243	-36565.1192458155	
869.2040509	94	5	1	0.6510671474	0.001732211035	96.95860176	2.888452736	0.1529455025	86.7036051	10.62281525	2.673579648							0	0	0	-869.2040509	0.001732211035	-36654.6243562536	
869.1240509	94	5	1	0.6516663175	0.00173003116	96.95551503	2.891425551	0.1530594155	86.68583823	10.63621398	2.677947786							0	0	0	-869.1240509	0.00173003116	-36744.2226277324	
869.0440509	94	5	1	0.6522637011	0.001727856596	96.95242967	2.894397247	0.1531730866	86.66806833	10.64961388	2.682317788							0	0	0	-869.0440509	0.001727856596	-36833.903934594	
868.9640509	94	5	1	0.6528593058	0.001725687323	96.94934566	2.897367825	0.1532865157	86.65029538	10.66301496	2.686689652							0	0	0	-868.9640509	0.001725687323	-36923.67467543	
868.8840509	94	5	1	0.653453139	0.00172352332	96.94626301	2.900337286	0.1533997031	86.6325194	10.67641722	2.691063377							0	0	0	-868.8840509	0.00172352332	-37013.5502428275	
868.8040509	94	5	1	0.6540452081	0.001721364569	96.94318172	2.903305631	0.1535126486	86.61474039	10.68982065	2.695438961							0	0	0	-868.8040509	0.001721364569	-37103.5200695539	
868.7240509	94	5	1	0.6546355204	0.001719211048	96.94010179	2.906272861	0.1536253525	86.59695833	10.70322526	2.699816403							0	0	0	-868.7240509	0.001719211048	-37193.5652936044	
868.6440509	94	5	1	0.6552240834	0.001717062737	96.93702321	2.909238977	0.1537378148	86.57917325	10.71663105	2.704195701							0	0	0	-868.6440509	0.001717062737	-37283.7011136822	
868.5640509	94	5	1	0.6558109044	0.001714919616	96.93394598	2.912203979	0.1538500355	86.56138514	10.730038	2.708576855							0	0	0	-868.5640509	0.001714919616	-37373.9344357382	
868.4840509	94	5	1	0.6563959905	0.001712781666	96.93087011	2.91516787	0.1539620148	86.543594	10.74344614	2.712959862							0	0	0	-868.4840509	0.001712781666	-37464.2634128864	
868.4040509	94	5	1	0.6569793491	0.001710648867	96.9277956	2.91813065	0.1540737526	86.52579983	10.75685545	2.717344721							0	0	0	-868.4040509	0.001710648867	-37554.6774873997	
868.3240509	94	5	1	0.6575609873	0.001708521199	96.92472243	2.92109232	0.1541852492	86.50800264	10.77026593	2.72173143							0	0	0	-868.3240509	0.001708521199	-37645.1836239372	
868.2440509	94	5	1	0.6581409123	0.001706398643	96.92165061	2.924052881	0.1542965044	86.49020243	10.78367758	2.726119989							0	0	0	-868.2440509	0.001706398643	-37735.7799069554	
868.1640509	94	5	1	0.6587191311	0.001704281179	96.91858015	2.927012334	0.1544075185	86.4723992	10.79709041	2.730510395							0	0	0	-868.1640509	0.001704281179	-37826.4645685919	
868.0840509	94	5	1	0.6592956509	0.001702168788	96.91551103	2.92997068	0.1545182914	86.45459294	10.81050441	2.734902647							0	0	0	-868.0840509	0.001702168788	-37917.2356470857	
868.0040509	94	5	1	0.6598704786	0.00170006145	96.91244326	2.93292792	0.1546288233	86.43678367	10.82391958	2.739296743							0	0	0	-868.0040509	0.00170006145	-38008.1004016068	
867.9240509	94	5	1	0.6604436214	0.001697959147	96.90937683	2.935884055	0.1547391143	86.41897139	10.83733593	2.743692683							0	0	0	-867.9240509	0.001697959147	-38099.0568675637	
867.8440509	94	5	1	0.661015086	0.001695861859	96.90631175	2.938839086	0.1548491643	86.40115609	10.85075344	2.748090464							0	0	0	-867.8440509	0.001695861859	-38190.1034035895	
867.7640509	94	5	1	0.6615848795	0.001693769568	96.90324801	2.941793015	0.1549589736	86.38333779	10.86417213	2.752490086							0	0	0	-867.7640509	0.001693769568	-38281.2379994454	
867.6840509	94	5	1	0.6621530087	0.001691682254	96.90018562	2.944745841	0.1550685421	86.36551647	10.87759199	2.756891546							0	0	0	-867.6840509	0.001691682254	-38372.4497236774	
867.6040509	94	5	1	0.6627194805	0.001689599898	96.89712456	2.947697567	0.1551778699	86.34769214	10.89101301	2.761294843							0	0	0	-867.6040509	0.001689599898	-38463.7643473687	
867.5240509	94	5	1	0.6632843016	0.001687522483	96.89406485	2.950648193	0.1552869572	86.32986482	10.90443521	2.765699976							0	0	0	-867.5240509	0.001687522483	-38555.1707197575	
867.4440509	94	5	1	0.6638474789	0.001685449989	96.89100648	2.95359772	0.155395804	86.31203448	10.91785857	2.770106943							0	0	0	-867.4440509	0.001685449989	-38646.6485526647	
867.3640509	94	5	1	0.6644090191	0.001683382397	96.88794944	2.956546149	0.1555044103	86.29420115	10.93128311	2.774515743							0	0	0	-867.3640509	0.001683382397	-38738.2239463638	
867.2840509	94	5	1	0.6649689289	0.00168131969	96.88489374	2.959493481	0.1556127763	86.27636482	10.94470881	2.778926374							0	0	0	-867.2840509	0.00168131969	-38829.8950180588	
867.2040509	94	5	1	0.6655272149	0.001679261849	96.88183938	2.962439718	0.155720902	86.25852549	10.95813568	2.783338835							0	0	0	-867.2040509	0.001679261849	-38921.6507057359	
867.1240509	94	5	1	0.6660838838	0.001677208856	96.87878635	2.965384859	0.1558287875	86.24068316	10.97156371	2.787753124							0	0	0	-867.1240509	0.001677208856	-39013.4985954998	
867.0440509	94	5	1	0.6666389422	0.001675160693	96.87573466	2.968328907	0.1559364329	86.22283784	10.98499292	2.79216924							0	0	0	-867.0440509	0.001675160693	-39105.4273144957	
866.9640509	94	5	1	0.6671923966	0.001673117341	96.8726843	2.971271862	0.1560438383	86.20498953	10.99842328	2.796587182							0	0	0	-866.9640509	0.001673117341	-39197.4350256245	
866.8840509	94	5	1	0.6677442535	0.001671078782	96.86963527	2.974213725	0.1561510037	86.18713824	11.01185482	2.801006946							0	0	0	-866.8840509	0.001671078782	-39289.5390760055	
866.8040509	94	5	1	0.6682945195	0.001669044999	96.86658757	2.977154498	0.1562579292	86.16928395	11.02528752	2.805428534							0	0	0	-866.8040509	0.001669044999	-39381.7376753107	
866.7240509	94	5	1	0.668843201	0.001667015974	96.8635412	2.98009418	0.156364615	86.15142668	11.03872138	2.809851942							0	0	0	-866.7240509	0.001667015974	-39474.0194089146	
866.6440509	94	5	1	0.6693903045	0.001664991689	96.86049617	2.983032774	0.1564710611	86.13356643	11.0521564	2.814277169							0	0	0	-866.6440509	0.001664991689	-39566.3922281956	
866.5640509	94	5	1	0.6699358362	0.001662972127	96.85745245	2.985970279	0.1565772675	86.11570319	11.06559259	2.818704214							0	0	0	-866.5640509	0.001662972127	-39658.8444023538	
866.4840509	94	5	1	0.6704798026	0.001660957269	96.85441007	2.988906698	0.1566832344	86.09783698	11.07902994	2.823133076							0	0	0	-866.4840509	0.001660957269	-39751.3841141358	
866.4040509	94	5	1	0.6710222099	0.001658947099	96.85136901	2.991842032	0.1567889618	86.07996779	11.09246845	2.827563752							0	0	0	-866.4040509	0.001658947099	-39844.0092815501	
866.3240509	94	5	1	0.6715630646	0.001656941598	96.84832927	2.99477628	0.1568944499	86.06209563	11.10590813	2.831996242							0	0	0	-866.3240509	0.001656941598	-39936.7183531458	
866.2440509	94	5	1	0.6721023727	0.00165494075	96.84529086	2.997709444	0.1569996987	86.04422049	11.11934896	2.836430544							0	0	0	-866.2440509	0.00165494075	-40029.5293248135	
866.1640509	94	5	1	0.6726401406	0.001652944538	96.84225377	3.000641526	0.1571047083	86.02634239	11.13279096	2.840866656							0	0	0	-866.1640509	0.001652944538	-40122.4204817283	
866.0840509	94	5	1	0.6731763744	0.001650952944	96.839218	3.003572526	0.1572094788	86.00846132	11.14623411	2.845304576							0	0	0	-866.0840509	0.001650952944	-40215.3900251978	
866.0040509	94	5	1	0.6737110803	0.001648965951	96.83618355	3.006502445	0.1573140102	85.99057728	11.15967842	2.849744305							0	0	0	-866.0040509	0.001648965951	-40308.4461502697	
865.9240509	94	5	1	0.6742442644	0.001646983542	96.83315041	3.009431284	0.1574183027	85.97269027	11.17312389	2.854185839							0	0	0	-865.9240509	0.001646983542	-40401.5870626152	
865.8440509	94	5	1	0.6747759329	0.0016450057	96.8301186	3.012359044	0.1575223564	85.95480031	11.18657052	2.858629177							0	0	0	-865.8440509	0.0016450057	-40494.8212429774	
865.7640509	94	5	1	0.6753060917	0.001643032409	96.8270881	3.015285726	0.1576261712	85.93690738	11.2000183	2.863074318							0	0	0	-865.7640509	0.001643032409	-40588.1365589305	
865.6840509	94	5	1	0.6758347468	0.001641063651	96.82405892	3.018211331	0.1577297474	85.9190115	11.21346724	2.867521261							0	0	0	-865.6840509	0.001641063651	-40681.5417336237	
865.6040509	94	5	1	0.6763619044	0.001639099411	96.82103105	3.02113586	0.157833085	85.90111267	11.22691733	2.871970003							0	0	0	-865.6040509	0.001639099411	-40775.0347465619	
865.5240509	94	5	1	0.6768875703	0.001637139671	96.8180045	3.024059315	0.1579361841	85.88321088	11.24036858	2.876420544							0	0	0	-865.5240509	0.001637139671	-40868.6036403166	
865.4440509	94	5	1	0.6774117505	0.001635184415	96.81497926	3.026981695	0.1580390448	85.86530614	11.25382098	2.880872882							0	0	0	-865.4440509	0.001635184415	-40962.2568383159	
865.3640509	94	5	1	0.6779344509	0.001633233626	96.81195533	3.029903002	0.1581416672	85.84739845	11.26727453	2.885327015							0	0	0	-865.3640509	0.001633233626	-41055.9926384741	
865.2840509	94	5	1	0.6784556774	0.001631287288	96.80893271	3.032823238	0.1582440513	85.82948782	11.28072924	2.889782942							0	0	0	-865.2840509	0.001631287288	-41149.819757589	
865.2040509	94	5	1	0.6789754358	0.001629345385	96.8059114	3.035742402	0.1583461973	85.81157424	11.2941851	2.894240661							0	0	0	-865.2040509	0.001629345385	-41243.7365012299	
865.1240509	94	5	1	0.6794937319	0.001627407901	96.8028914	3.038660497	0.1584481052	85.79365773	11.3076421	2.898700171							0	0	0	-865.1240509	0.001627407901	-41337.7304264841	
865.0440509	94	5	1	0.6800105715	0.001625474819	96.7998727	3.041577522	0.1585497751	85.77573827	11.32110026	2.903161471							0	0	0	-865.0440509	0.001625474819	-41431.810527471	
864.9640509	94	5	1	0.6805259604	0.001623546124	96.79685531	3.044493479	0.1586512072	85.75781587	11.33455957	2.907624558							0	0	0	-864.9640509	0.001623546124	-41525.9748544343	
864.8840509	94	5	1	0.6810399043	0.001621621799	96.79383923	3.04740837	0.1587524015	85.73989055	11.34802002	2.912089432							0	0	0	-864.8840509	0.001621621799	-41620.2218275155	
864.8040509	94	5	1	0.6815524089	0.001619701829	96.79082445	3.050322194	0.1588533582	85.72196229	11.36148162	2.91655609							0	0	0	-864.8040509	0.001619701829	-41714.5494552609	
864.7240509	94	5	1	0.6820634798	0.001617786197	96.78781097	3.053234953	0.1589540772	85.7040311	11.37494437	2.921024532							0	0	0	-864.7240509	0.001617786197	-41808.9561181569	
864.6440509	94	5	1	0.6825731227	0.001615874888	96.78479879	3.056146648	0.1590545588	85.68609698	11.38840827	2.925494755							0	0	0	-864.6440509	0.001615874888	-41903.4508066524	
864.5640509	94	5	1	0.6830813432	0.001613967886	96.78178792	3.059057279	0.1591548029	85.66815994	11.40187331	2.929966759							0	0	0	-864.5640509	0.001613967886	-41998.042985077	
864.4840509	94	5	1	0.6835881468	0.001612065177	96.77877834	3.061966849	0.1592548097	85.65021997	11.41533949	2.934440542							0	0	0	-864.4840509	0.001612065177	-42092.7086292076	
864.4040509	94	5	1	0.6840935392	0.001610166743	96.77577006	3.064875357	0.1593545793	85.63227708	11.42880681	2.938916102							0	0	0	-864.4040509	0.001610166743	-42187.435066496	
864.3240509	94	5	1	0.6845975258	0.001608272569	96.77276308	3.067782805	0.1594541118	85.61433128	11.44227528	2.943393437							0	0	0	-864.3240509	0.001608272569	-42168.5550208021	
864.3040509	94	5	1	0.6847233964	0.0004024242661	96.77201161	3.068509473	0.1594789181	85.60984453	11.44564294	2.944512537							0	0	0	-864.3040509	0.0004024242661	-44.9076665210478	
864.2940509	94	5	1	0.6847862391	0.0002009706562	96.77163573	3.068872939	0.1594913335	85.60760103	11.44732666	2.945072311							0	0	0	-864.2940509	0.0002009706562	-53.5434329635679	
864.2740509	94	5	1	0.6859467436	0.003297075519	96.76915085	3.071685041	0.1591641059	85.60449524	11.45451356	2.940991204	0	63.38009805	36.61990195				0	0	0	-864.2740509	0.003297075519	-7170.01069436269	
864.2540509	94	5	1	0.6871019236	0.003294283603	96.76665641	3.074507953	0.1588356396	85.60139675	11.46171674	2.936886505	0	63.38009805	36.61990195				0	0	0	-864.2540509	0.003294283603	-7169.74754908897	
864.2140509	94	5	1	0.6893813122	0.006524167292	96.76168082	3.080136059	0.1581831232	85.59519806	11.47607649	2.928725448	0	63.38009805	36.61990195				0	0	0	-864.2140509	0.006524167292	12.5248229166706	
864.1340509	94	5	1	0.6938115341	0.01277576863	96.7517918	3.091311671	0.1568965272	85.58280541	11.50458684	2.912607747	0	63.38009805	36.61990195				0	0	0	-864.1340509	0.01277576863	-288.557521526834	
864.0540509	94	5	1	0.6980776412	0.01248433961	96.74197857	3.102388172	0.155633253	85.57041318	11.53283891	2.896747919	0	63.38009805	36.61990195				0	0	0	-864.0540509	0.01248433961	-279.744774786707	
863.9740509	94	5	1	0.7021887098	0.01220343201	96.73223844	3.113369106	0.1543924583	85.55802129	11.56084183	2.881136879	0	63.38009805	36.61990195				0	0	0	-863.9740509	0.01220343201	-291.623409956286	
863.8940509	94	5	1	0.7061537322	0.01193511029	96.72256882	3.124257829	0.1531733473	85.54562969	11.58860426	2.865766044	0	63.38009805	36.61990195				0	0	0	-863.8940509	0.01193511029	-305.110954628311	
863.8140509	94	5	1	0.7099809811	0.01167850945	96.71296736	3.13505747	0.1519751726	85.53323836	11.61613428	2.850627356	0	63.38009805	36.61990195				0	0	0	-863.8140509	0.01167850945	-318.88282307319	
863.7340509	94	5	1	0.7136780942	0.01143287951	96.70343178	3.145770989	0.1507972272	85.52084729	11.64343951	2.835713192	0	63.38009805	36.61990195				0	0	0	-863.7340509	0.01143287951	-332.96111126718	
863.6540509	94	5	1	0.7172521352	0.0111975333	96.69395997	3.156401192	0.1496388419	85.50845648	11.67052719	2.821016331	0	63.38009805	36.61990195				0	0	0	-863.6540509	0.0111975333	-347.346067036828	
863.5740509	94	5	1	0.7207096478	0.01097183979	96.68454988	3.166950736	0.1484993821	85.4960659	11.69740418	2.806529922	0	63.38009805	36.61990195				0	0	0	-863.5740509	0.01097183979	-362.037775611714	
863.4940509	94	5	1	0.7240567037	0.01075521847	96.67519961	3.177422146	0.1473782458	85.48367556	11.72407697	2.792247464	0	63.38009805	36.61990195				0	0	0	-863.4940509	0.01075521847	-377.036354854392	
863.4140509	94	5	1	0.7272989452	0.01054713444	96.66590732	3.18781782	0.146274861	85.47128546	11.75055176	2.778162779	0	63.38009805	36.61990195				0	0	0	-863.4140509	0.01054713444	-392.341961014533	
863.3340509	94	5	1	0.730441623	0.01034709402	96.65667128	3.198140039	0.1451886839	85.45889558	11.77683443	2.764269986	0	63.38009805	36.61990195				0	0	0	-863.3340509	0.01034709402	-407.954702502078	
863.2540509	94	5	1	0.7334896307	0.01015464081	96.64748983	3.208390977	0.1441191968	85.44650593	11.80293058	2.750563489	0	63.38009805	36.61990195				0	0	0	-863.2540509	0.01015464081	-423.874696450764	
863.1740509	94	5	1	0.736447535	0.009969352287	96.63836139	3.218572703	0.1430659064	85.4341165	11.82884555	2.737037951	0	63.38009805	36.61990195				0	0	0	-863.1740509	0.009969352287	-440.102097072482	
863.0940509	94	5	1	0.7393196031	0.009790836708	96.62928447	3.228687192	0.1420283424	85.4217273	11.85458441	2.723688282	0	63.38009805	36.61990195				0	0	0	-863.0940509	0.009790836708	-456.637021756383	
863.0140509	94	5	1	0.7421098273	0.009618730341	96.62025761	3.238736331	0.141006056	85.40933833	11.88015205	2.710509621	0	63.38009805	36.61990195				0	0	0	-863.0140509	0.009618730341	-473.479580863139	
862.9340509	94	5	1	0.7448219475	0.009452695018	96.61127946	3.248721921	0.1399986184	85.39694959	11.90555309	2.697497324	0	63.38009805	36.61990195				0	0	0	-862.9340509	0.009452695018	-490.629903583975	
862.8540509	94	5	1	0.7474594707	0.009292415932	96.60234869	3.258645685	0.1390056197	85.38456107	11.93079198	2.684646948	0	63.38009805	36.61990195				0	0	0	-862.8540509	0.009292415932	-508.088111843831	
862.7740509	94	5	1	0.7500256899	0.009137599648	96.59346406	3.268509273	0.1380266678	85.3721728	11.95587296	2.671954241	0	63.38009805	36.61990195				0	0	0	-862.7740509	0.009137599648	-525.854326053847	
862.6940509	94	5	1	0.7525236999	0.008987972326	96.58462435	3.278314263	0.1370613872	85.35978476	11.98080011	2.659415131	0	63.38009805	36.61990195				0	0	0	-862.6940509	0.008987972326	-543.928661673631	
862.6140509	94	5	1	0.7549564126	0.008843278106	96.57582841	3.28806217	0.1361094181	85.34739696	12.00557733	2.647025713	0	63.38009805	36.61990195				0	0	0	-862.6140509	0.008843278106	-562.311235251216	
862.5340509	94	5	1	0.7573265707	0.008703277664	96.56707514	3.297754446	0.1351704158	85.33500941	12.03020835	2.634782242	0	63.38009805	36.61990195				0	0	0	-862.5340509	0.008703277664	-581.002169773759	
862.4540509	94	5	1	0.7596367596	0.008567746895	96.55836347	3.307392485	0.1342440491	85.32262211	12.05469677	2.622681125	0	63.38009805	36.61990195				0	0	0	-862.4540509	0.008567746895	-600.001572760465	
862.3740509	94	5	1	0.7618894193	0.008436475719	96.54969238	3.316977624	0.1333300004	85.31023507	12.07904602	2.610718908	0	63.38009805	36.61990195				0	0	0	-862.3740509	0.008436475719	-619.309561331555	
862.2940509	94	5	1	0.7640868542	0.008309267009	96.54106088	3.326511151	0.1324279646	85.2978483	12.10325943	2.598892273	0	63.38009805	36.61990195				0	0	0	-862.2940509	0.008309267009	-638.926247878741	
862.2140509	94	5	1	0.7662312429	0.0081859356	96.53246805	3.335994303	0.1315376481	85.28546179	12.12734018	2.587198029	0	63.38009805	36.61990195				0	0	0	-862.2140509	0.0081859356	-658.851743802008	
862.1340509	94	5	1	0.7683246468	0.008066307403	96.52391296	3.345428269	0.1306587688	85.27307557	12.15129133	2.575633105	0	63.38009805	36.61990195				0	0	0	-862.1340509	0.008066307403	-679.086156631895	
862.0540509	94	5	1	0.7703690179	0.007950218582	96.51539475	3.354814195	0.1297910551	85.26068963	12.17511582	2.564194544	0	63.38009805	36.61990195				0	0	0	-862.0540509	0.007950218582	-699.629598804433	
861.9740509	94	5	1	0.7723662062	0.007837514819	96.50691257	3.364153186	0.1289342454	85.24830399	12.19881651	2.552879498	0	63.38009805	36.61990195				0	0	0	-861.9740509	0.007837514819	-720.482180275867	
861.8940509	94	5	1	0.7743179664	0.007728050625	96.49846561	3.373446306	0.1280880878	85.23591864	12.22239614	2.541685221	0	63.38009805	36.61990195				0	0	0	-861.8940509	0.007728050625	-741.64399937392	
861.8140509	94	5	1	0.7762259641	0.007621688722	96.49005308	3.382694579	0.1272523393	85.22353361	12.24585733	2.530609065	0	63.38009805	36.61990195				0	0	0	-861.8140509	0.007621688722	-763.115166660247	
861.7340509	94	5	1	0.7780917815	0.007518299472	96.48167424	3.391898998	0.1264267657	85.21114889	12.26920263	2.519648475	0	63.38009805	36.61990195				0	0	0	-861.7340509	0.007518299472	-784.895791469649	
861.6540509	94	5	1	0.7799169227	0.007417760353	96.47332834	3.401060516	0.1256111408	85.1987645	12.29243451	2.508800984	0	63.38009805	36.61990195				0	0	0	-861.6540509	0.007417760353	-806.985966748347	
861.5740509	94	5	1	0.7817028183	0.007319955474	96.4650147	3.410180056	0.1248052466	85.18638045	12.31555534	2.498064211	0	63.38009805	36.61990195				0	0	0	-861.5740509	0.007319955474	-829.385797773093	
861.4940509	94	5	1	0.7834508304	0.007224775139	96.45673262	3.419258512	0.124008872	85.17399673	12.33856741	2.487435853	0	63.38009805	36.61990195				0	0	0	-861.4940509	0.007224775139	-852.095388953781	
861.4140509	94	5	1	0.7851622563	0.007132115433	96.44848144	3.428296743	0.1232218135	85.16161337	12.36147294	2.476913685	0	63.38009805	36.61990195				0	0	0	-861.4140509	0.007132115433	-875.114841533799	
861.3340509	94	5	1	0.7868383325	0.007041877851	96.44026054	3.437295585	0.1224438741	85.14923037	12.38427408	2.466495554	0	63.38009805	36.61990195				0	0	0	-861.3340509	0.007041877851	-898.444248115002	
861.2540509	94	5	1	0.7884802387	0.006953968945	96.43206929	3.446255844	0.1216748633	85.13684774	12.40697288	2.456179378	0	63.38009805	36.61990195				0	0	0	-861.2540509	0.006953968945	-922.083700563783	
861.1740509	94	5	1	0.7900891003	0.006868300009	96.4239071	3.455178301	0.1209145969	85.12446548	12.42957138	2.445963139	0	63.38009805	36.61990195				0	0	0	-861.1740509	0.006868300009	-946.033310227623	
861.0940509	94	5	1	0.7916659922	0.006784786781	96.41577339	3.464063711	0.1201628964	85.11208362	12.45207149	2.435844887	0	63.38009805	36.61990195				0	0	0	-861.0940509	0.006784786781	-970.293161779606	
861.0140509	94	5	1	0.7932119416	0.006703349165	96.4076676	3.472912807	0.1194195892	85.09970215	12.47447512	2.425822729	0	63.38009805	36.61990195				0	0	0	-861.0140509	0.006703349165	-994.863352227274	
860.9340509	94	5	1	0.7947279302	0.006623910982	96.39958919	3.481726299	0.1186845077	85.08732109	12.49678408	2.415894831	0	63.38009805	36.61990195				0	0	0	-860.9340509	0.006623910982	-1019.74397160189	
860.8540509	94	5	1	0.7962148973	0.006546399728	96.39153763	3.490504875	0.1179574899	85.07494045	12.51900014	2.406059418	0	63.38009805	36.61990195				0	0	0	-860.8540509	0.006546399728	-1044.93510709609	
860.7740509	94	5	1	0.797673742	0.00647074636	96.38351242	3.499249203	0.1172383786	85.06256023	12.54112501	2.396314764	0	63.38009805	36.61990195				0	0	0	-860.7740509	0.00647074636	-1070.43686215017	
860.6940509	94	5	1	0.7991053248	0.00639688509	96.37551305	3.50795993	0.1165270211	85.05018044	12.56316036	2.386659196	0	63.38009805	36.61990195				0	0	0	-860.6940509	0.00639688509	-1096.2493134815	
860.6140509	94	5	1	0.8005104707	0.006324753194	96.36753905	3.516637685	0.1158232696	85.0378011	12.58510781	2.377091092	0	63.38009805	36.61990195				0	0	0	-860.6140509	0.006324753194	-1122.37255912195	
860.5340509	94	5	1	0.80188997	0.00625429084	96.35958994	3.525283078	0.1151269805	85.02542221	12.60696891	2.367608875	0	63.38009805	36.61990195				0	0	0	-860.5340509	0.00625429084	-1148.806675298	
860.4540509	94	5	1	0.8032445811	0.006185440917	96.35166529	3.533896701	0.1144380144	85.01304379	12.6287452	2.358211014	0	63.38009805	36.61990195				0	0	0	-860.4540509	0.006185440917	-1175.55174617735	
860.3740509	94	5	1	0.8045750313	0.006118148889	96.34376463	3.54247913	0.1137562358	85.00066584	12.65043814	2.34889602	0	63.38009805	36.61990195				0	0	0	-860.3740509	0.006118148889	-1202.60787046958	
860.2940509	94	5	1	0.805882019	0.006052362647	96.33588756	3.551030925	0.1130815133	84.98828837	12.67204919	2.339662448	0	63.38009805	36.61990195				0	0	0	-860.2940509	0.006052362647	-1229.97511969131	
860.2140509	94	5	1	0.8071662147	0.005988032377	96.32803365	3.55955263	0.1124137191	84.97591139	12.69357972	2.330508893	0	63.38009805	36.61990195				0	0	0	-860.2140509	0.005988032377	-1257.65358622888	
860.1340509	94	5	1	0.808428263	0.005925110436	96.3202025	3.568044775	0.1117527289	84.96353491	12.7150311	2.321433987	0	63.38009805	36.61990195				0	0	0	-860.1340509	0.005925110436	-1285.64333766391	
860.0540509	94	5	1	0.8096687831	0.005863551232	96.31239371	3.576507873	0.1110984218	84.95115894	12.73640466	2.312436401	0	63.38009805	36.61990195				0	0	0	-860.0540509	0.005863551232	-1313.944465489	
859.9740509	94	5	1	0.8108883708	0.00580331112	96.30460689	3.584942425	0.1104506805	84.9387835	12.75770166	2.303514839	0	63.38009805	36.61990195				0	0	0	-859.9740509	0.00580331112	-1342.55703106182	
859.8940509	94	5	1	0.812087599	0.005744348292	96.29684169	3.59334892	0.1098093904	84.92640858	12.77892338	2.294668043	0	63.38009805	36.61990195				0	0	0	-859.8940509	0.005744348292	-1371.48112956827	
859.8140509	94	5	1	0.8132670193	0.005686622691	96.28909773	3.601727831	0.1091744404	84.9140342	12.80007101	2.285894785	0	63.38009805	36.61990195				0	0	0	-859.8140509	0.005686622691	-1400.71683649678	
859.7340509	94	5	1	0.8144271628	0.00563009591	96.28137466	3.610079621	0.1085457221	84.90166037	12.82114576	2.277193871	0	63.38009805	36.61990195				0	0	0	-859.7340509	0.00563009591	-1430.26421987887	
859.6540509	94	5	1	0.815568541	0.005574731117	96.27367213	3.61840474	0.10792313	84.8892871	12.84214877	2.268564137	0	63.38009805	36.61990195				0	0	0	-859.6540509	0.005574731117	-1460.12334854981	
859.5740509	94	5	1	0.8166916466	0.005520492967	96.26598981	3.626703627	0.1073065613	84.87691439	12.86308116	2.26000445	0	63.38009805	36.61990195				0	0	0	-859.5740509	0.005520492967	-1490.29430070825	
859.4940509	94	5	1	0.817796955	0.005467347536	96.25832737	3.63497671	0.106695916	84.86454226	12.88394404	2.251513703	0	63.38009805	36.61990195				0	0	0	-859.4940509	0.005467347536	-1520.77717253273	
859.4140509	94	5	1	0.8188849241	0.005415262244	96.2506845	3.643224405	0.1060910966	84.85217072	12.90473846	2.243090819	0	63.38009805	36.61990195				0	0	0	-859.4140509	0.005415262244	-1551.57198242299	
859.3340509	94	5	1	0.8199559961	0.00536420579	96.24306087	3.65144712	0.1054920078	84.83979977	12.92546549	2.234734747	0	63.38009805	36.61990195				0	0	0	-859.3340509	0.00536420579	-1582.67882422863	
859.2540509	94	5	1	0.8210105973	0.005314148094	96.23545619	3.65964525	0.1048985569	84.82742942	12.94612612	2.226444462	0	63.38009805	36.61990195				0	0	0	-859.2540509	0.005314148094	-1614.09780431944	
859.1740509	94	5	1	0.8220491395	0.005265060235	96.22787016	3.667819183	0.1043106537	84.81505969	12.96672135	2.218218963	0	63.38009805	36.61990195				0	0	0	-859.1740509	0.005265060235	-1645.82893175638	
859.0940509	94	5	1	0.8230720204	0.005216914393	96.22030249	3.675969296	0.1037282097	84.80269057	12.98725215	2.210057274	0	63.38009805	36.61990195				0	0	0	-859.0940509	0.005216914393	-1677.8722898561	
859.0140509	94	5	1	0.824079624	0.005169683804	96.2127529	3.684095958	0.103151139	84.79032209	13.00771946	2.201958443	0	63.38009805	36.61990195				0	0	0	-859.0140509	0.005169683804	-1710.22796092436	
858.9340509	94	5	1	0.8250723214	0.005123342704	96.20522111	3.69219953	0.1025793575	84.77795425	13.02812421	2.193921538	0	63.38009805	36.61990195				0	0	0	-858.9340509	0.005123342704	-1742.895993795	
858.8540509	94	5	1	0.8260504714	0.005077866287	96.19770686	3.700280361	0.1020127834	84.76558706	13.04846729	2.185945651	0	63.38009805	36.61990195				0	0	0	-858.8540509	0.005077866287	-1775.87645604133	
858.7740509	94	5	1	0.8270144209	0.005033230658	96.19020987	3.708338796	0.1014513364	84.75322053	13.06874958	2.178029895	0	63.38009805	36.61990195				0	0	0	-858.7740509	0.005033230658	-1809.16940814585	
858.6940509	94	5	1	0.8279645054	0.004989412794	96.18272989	3.71637517	0.1008949384	84.74085466	13.08897194	2.170173403	0	63.38009805	36.61990195				0	0	0	-858.6940509	0.004989412794	-1842.77490115702	
858.6140509	94	5	1	0.8289010496	0.004946390502	96.17526668	3.724389811	0.1003435131	84.72848947	13.10913521	2.162375326	0	63.38009805	36.61990195				0	0	0	-858.6140509	0.004946390502	-1876.69299849731	
858.5340509	94	5	1	0.8298243676	0.004904142385	96.16781998	3.732383039	0.09979698584	84.71612496	13.1292402	2.154634838	0	63.38009805	36.61990195				0	0	0	-858.5340509	0.004904142385	-1910.92379039778	
858.4540509	94	5	1	0.8307347637	0.004862647805	96.16038955	3.740355167	0.09925528372	84.70376114	13.14928773	2.146951129	0	63.38009805	36.61990195				0	0	0	-858.4540509	0.004862647805	-1945.46728913316	
858.3740509	94	5	1	0.8316325323	0.004821886848	96.15297516	3.748306502	0.09871833549	84.69139803	13.16927856	2.139323405	0	63.38009805	36.61990195				0	0	0	-858.3740509	0.004821886848	-1980.32352612884	
858.2940509	94	5	1	0.8325179588	0.004781840295	96.14557659	3.756237342	0.09818607149	84.67903563	13.18921348	2.131750895	0	63.38009805	36.61990195				0	0	0	-858.2940509	0.004781840295	-2015.49261749148	
858.2140509	94	5	1	0.8333913197	0.004742489593	96.13819359	3.764147982	0.09765842361	84.66667394	13.20909322	2.124232839	0	63.38009805	36.61990195				0	0	0	-858.2140509	0.004742489593	-2050.97461467202	
858.1340509	94	5	1	0.8342528829	0.004703816823	96.13082597	3.772038707	0.09713532525	84.65431299	13.22891852	2.116768497	0	63.38009805	36.61990195				0	0	0	-858.1340509	0.004703816823	-2086.76952956413	
858.0540509	94	5	1	0.8351029082	0.004665804675	96.12347349	3.779909798	0.09661671126	84.64195276	13.24869009	2.109357145	0	63.38009805	36.61990195				0	0	0	-858.0540509	0.004665804675	-2122.87743900846	
857.9740509	94	5	1	0.8359416475	0.004628436423	96.11613595	3.787761529	0.09610251791	84.62959329	13.26840864	2.101998071	0	63.38009805	36.61990195				0	0	0	-857.9740509	0.004628436423	-2159.29838978836	
857.8940509	94	5	1	0.8367693451	0.004591695899	96.10881315	3.795594169	0.09559268283	84.61723456	13.28807486	2.094690582	0	63.38009805	36.61990195				0	0	0	-857.8940509	0.004591695899	-2196.03241387896	
857.8140509	94	5	1	0.8375862381	0.004555567471	96.10150487	3.803407982	0.095087145	84.6048766	13.3076894	2.087433998	0	63.38009805	36.61990195				0	0	0	-857.8140509	0.004555567471	-2233.07957347886	
857.7340509	94	5	1	0.8383925565	0.004520036021	96.09421093	3.811203224	0.09458584468	84.5925194	13.32725295	2.080227651	0	63.38009805	36.61990195				0	0	0	-857.7340509	0.004520036021	-2270.43992866281	
857.6540509	94	5	1	0.8391885237	0.004485086924	96.08693113	3.818980149	0.09408872339	84.58016298	13.34676613	2.073070891	0	63.38009805	36.61990195				0	0	0	-857.6540509	0.004485086924	-2308.11346538487	
857.5740509	94	5	1	0.8399743565	0.004450706026	96.07966527	3.826739002	0.09359572386	84.56780735	13.36622957	2.065963078	0	63.38009805	36.61990195				0	0	0	-857.5740509	0.004450706026	-2346.10030199161	
857.4940509	94	5	1	0.8407502655	0.004416879631	96.07241318	3.834480027	0.09310679003	84.55545251	13.3856439	2.058903586	0	63.38009805	36.61990195				0	0	0	-857.4940509	0.004416879631	-2384.40044157954	
857.4140509	94	5	1	0.8415164552	0.004383594474	96.06517467	3.842203461	0.09262186696	84.54309847	13.40500973	2.051891801	0	63.38009805	36.61990195				0	0	0	-857.4140509	0.004383594474	-2423.01394873764	
857.3340509	94	5	1	0.8422731244	0.004350837714	96.05794956	3.849909536	0.09214090085	84.53074524	13.42432764	2.044927122	0	63.38009805	36.61990195				0	0	0	-857.3340509	0.004350837714	-2461.94084836295	
857.2540509	94	5	1	0.8430204663	0.004318596907	96.05073768	3.85759848	0.09166383898	84.51839283	13.44359821	2.03800896	0	63.38009805	36.61990195				0	0	0	-857.2540509	0.004318596907	-2501.18114848246	
857.1740509	94	5	1	0.8437586686	0.00428686	96.04353885	3.865270517	0.09119062968	84.50604124	13.46282202	2.031136738	0	63.38009805	36.61990195				0	0	0	-857.1740509	0.00428686	-2540.734973777	
857.0940509	94	5	1	0.8444879139	0.00425561531	96.03635291	3.872925866	0.09072122234	84.49369048	13.48199963	2.024309887	0	63.38009805	36.61990195				0	0	0	-857.0940509	0.00425561531	-2580.60226527413	
857.0140509	94	5	1	0.8452083797	0.004224851511	96.02917969	3.880564741	0.09025556731	84.48134057	13.50113158	2.017527854	0	63.38009805	36.61990195				0	0	0	-857.0140509	0.004224851511	-2620.78307035114	
856.9340509	94	5	1	0.8459202388	0.004194557622	96.02201903	3.888187354	0.08979361595	84.4689915	13.52021841	2.010790093	0	63.38009805	36.61990195				0	0	0	-856.9340509	0.004194557622	-2661.27754783482	
856.8540509	94	5	1	0.8466236591	0.004164722995	96.01487077	3.895793911	0.08933532054	84.45664329	13.53926064	2.00409607	0	63.38009805	36.61990195				0	0	0	-856.8540509	0.004164722995	-2702.08560168963	
856.7740509	94	5	1	0.8473188042	0.004135337296	96.00773475	3.903384616	0.0888806343	84.44429594	13.5582588	1.997445259	0	63.38009805	36.61990195				0	0	0	-856.7740509	0.004135337296	-2743.20724376854	
856.6940509	94	5	1	0.8480058331	0.004106390502	96.00061082	3.910959666	0.08842951135	84.43194946	13.57721339	1.990837148	0	63.38009805	36.61990195				0	0	0	-856.6940509	0.004106390502	-2784.64261264775	
856.6140509	94	5	1	0.8486849009	0.004077872884	95.99349884	3.918519258	0.08798190667	84.41960386	13.59612491	1.98427123	0	63.38009805	36.61990195				0	0	0	-856.6140509	0.004077872884	-2826.39172757517	
856.5340509	94	5	1	0.8493561584	0.004049774999	95.98639864	3.926063584	0.08753777611	84.40725915	13.61499384	1.97774701	0	63.38009805	36.61990195				0	0	0	-856.5340509	0.004049774999	-2868.45455097159	
856.4540509	94	5	1	0.8500197525	0.004022087676	95.97931009	3.93359283	0.08709707633	84.39491533	13.63382067	1.971264001	0	63.38009805	36.61990195				0	0	0	-856.4540509	0.004022087676	-2910.83111421444	
856.3740509	94	5	1	0.8506758262	0.003994802011	95.97223305	3.941107184	0.08665976482	84.38257241	13.65260587	1.964821727	0	63.38009805	36.61990195				0	0	0	-856.3740509	0.003994802011	-2953.52150844662	
856.2940509	94	5	1	0.8513245191	0.003967909354	95.96516738	3.948606825	0.08622579985	84.37023039	13.67134989	1.958419718	0	63.38009805	36.61990195				0	0	0	-856.2940509	0.003967909354	-2996.52570015835	
856.2140509	94	5	1	0.851965967	0.003941401301	95.95811293	3.956091931	0.08579514045	84.35788929	13.6900532	1.952057513	0	63.38009805	36.61990195				0	0	0	-856.2140509	0.003941401301	-3039.8436879583	
856.1340509	94	5	1	0.8526003022	0.003915269685	95.95106957	3.963562679	0.08536774642	84.34554911	13.70871623	1.94573466	0	63.38009805	36.61990195				0	0	0	-856.1340509	0.003915269685	-3083.47565043611	
856.0540509	94	5	1	0.853227654	0.003889506571	95.94403718	3.97101924	0.08494357827	84.33320986	13.72733942	1.939450715	0	63.38009805	36.61990195				0	0	0	-856.0540509	0.003889506571	-3127.42147490301	
855.9740509	94	5	1	0.853848148	0.00386410424	95.93701562	3.978461783	0.08452259723	84.32087155	13.74592321	1.933205241	0	63.38009805	36.61990195				0	0	0	-855.9740509	0.00386410424	-3171.68116382275	
855.8940509	94	5	1	0.8544619072	0.003839055191	95.93000476	3.985890473	0.08410476523	84.30853418	13.76446801	1.92699781	0	63.38009805	36.61990195				0	0	0	-855.8940509	0.003839055191	-3216.25481166895	
855.8140509	94	5	1	0.8550690511	0.003814352126	95.92300448	3.993305475	0.08369004487	84.29619776	13.78297424	1.920828	0	63.38009805	36.61990195				0	0	0	-855.8140509	0.003814352126	-3261.14243601588	
855.7340509	94	5	1	0.8556696965	0.003789987949	95.91601465	4.000706947	0.08327839943	84.2838623	13.80144231	1.914695398	0	63.38009805	36.61990195				0	0	0	-855.7340509	0.003789987949	-3306.34401335977	
855.6540509	94	5	1	0.8562639573	0.003765955753	95.90903516	4.008095048	0.0828697928	84.27152779	13.81987261	1.908599595	0	63.38009805	36.61990195				0	0	0	-855.6540509	0.003765955753	-3351.85955340521	
855.5740509	94	5	1	0.8568519448	0.00374224882	95.90206588	4.015469933	0.08246418954	84.25919426	13.83826554	1.902540192	0	63.38009805	36.61990195				0	0	0	-855.5740509	0.00374224882	-3397.68916251248	
855.4940509	94	5	1	0.8574337674	0.00371886061	95.89510669	4.022831753	0.0820615548	84.24686171	13.85662149	1.896516796	0	63.38009805	36.61990195				0	0	0	-855.4940509	0.00371886061	-3443.8328359053	
855.4140509	94	5	1	0.858009531	0.003695784758	95.88815749	4.030180659	0.08166185434	84.23453014	13.87494084	1.890529021	0	63.38009805	36.61990195				0	0	0	-855.4140509	0.003695784758	-3490.29045024371	
855.3340509	94	5	1	0.8585793391	0.003673015064	95.88121815	4.037516797	0.0812650545	84.22219956	13.89322396	1.884576485	0	63.38009805	36.61990195				0	0	0	-855.3340509	0.003673015064	-3537.0620626521	
855.2540509	94	5	1	0.8591432925	0.003650545494	95.87428857	4.044840313	0.08087112221	84.20986997	13.91147121	1.878658815	0	63.38009805	36.61990195				0	0	0	-855.2540509	0.003650545494	-3584.14785374944	
855.1740509	94	5	1	0.85970149	0.00362837017	95.86736863	4.052151348	0.08048002494	84.19754139	13.92968296	1.872775643	0	63.38009805	36.61990195				0	0	0	-855.1740509	0.00362837017	-3631.54773456388	
855.0940509	94	5	1	0.8602540278	0.003606483366	95.86045823	4.059450044	0.08009173072	84.18521382	13.94785957	1.866926608	0	63.38009805	36.61990195				0	0	0	-855.0940509	0.003606483366	-3679.26159607358	
855.0140509	94	5	1	0.860801	0.003584879502	95.85355726	4.066736537	0.0797062081	84.17288727	13.96600138	1.861111353	0	63.38009805	36.61990195				0	0	0	-855.0140509	0.003584879502	-3727.28963990886	
854.9340509	94	5	1	0.8613424986	0.003563553144	95.84666561	4.074010963	0.07932342618	84.16056174	13.98410874	1.85532953	0	63.38009805	36.61990195				0	0	0	-854.9340509	0.003563553144	-3775.6318112377	
854.8540509	94	5	1	0.8618786134	0.003542498992	95.83978319	4.081273455	0.07894335454	84.14823723	14.00218198	1.849580792	0	63.38009805	36.61990195				0	0	0	-854.8540509	0.003542498992	-3824.28788272044	
854.7740509	94	5	1	0.8624094322	0.003521711881	95.83290989	4.088524146	0.07856596328	84.13591376	14.02022144	1.843864802	0	63.38009805	36.61990195				0	0	0	-854.7740509	0.003521711881	-3873.25820421236	
854.6940509	94	5	1	0.8629350408	0.003501186778	95.82604561	4.095763164	0.07819122297	84.12359134	14.03822744	1.838181225	0	63.38009805	36.61990195				0	0	0	-854.6940509	0.003501186778	-3922.54268316941	
854.6140509	94	5	1	0.8634555232	0.003480918772	95.81919026	4.102990635	0.07781910468	84.11126996	14.05620031	1.832529734	0	63.38009805	36.61990195				0	0	0	-854.6140509	0.003480918772	-3972.14123611191	
854.5340509	94	5	1	0.8639709613	0.003460903076	95.81234373	4.110206687	0.07744957992	84.09894963	14.07414037	1.826910006	0	63.38009805	36.61990195				0	0	0	-854.5340509	0.003460903076	-4022.05401071696	
854.4540509	94	5	1	0.8644814355	0.00344113502	95.80550594	4.11741144	0.07708262068	84.08663036	14.09204792	1.821321722	0	63.38009805	36.61990195				0	0	0	-854.4540509	0.00344113502	-4072.28079627268	
854.3740509	94	5	1	0.8649870242	0.003421610047	95.79867678	4.124605018	0.07671819938	84.07431216	14.10992327	1.815764569	0	63.38009805	36.61990195				0	0	0	-854.3740509	0.003421610047	-4122.82169556056	
854.2940509	94	5	1	0.8654878041	0.003402323713	95.79185617	4.131787539	0.07635628889	84.06199503	14.12776673	1.810238239	0	63.38009805	36.61990195				0	0	0	-854.2940509	0.003402323713	-4173.67678137858	
854.2140509	94	5	1	0.8659838503	0.00338327168	95.78504402	4.138959121	0.07599686251	84.04967898	14.14557859	1.804742428	0	63.38009805	36.61990195				0	0	0	-854.2140509	0.00338327168	-4224.84598900953	
854.1340509	94	5	1	0.8664752364	0.003364449715	95.77824023	4.146119881	0.07563989393	84.03736401	14.16335915	1.799276837	0	63.38009805	36.61990195				0	0	0	-854.1340509	0.003364449715	-4276.32938961971	
854.0540509	94	5	1	0.8669620342	0.003345853686	95.77144471	4.153269931	0.07528535728	84.02505013	14.18110869	1.793841173	0	63.38009805	36.61990195				0	0	0	-854.0540509	0.003345853686	-4328.12671852279	
853.9740509	94	5	1	0.8674443141	0.003327479557	95.76465739	4.160409384	0.07493322708	84.01273735	14.19882751	1.788435144	0	63.38009805	36.61990195				0	0	0	-853.9740509	0.003327479557	-4380.23829624712	
853.8940509	94	5	1	0.8679221449	0.003309323392	95.75787817	4.167538352	0.07458347825	84.00042567	14.21651587	1.783058465	0	63.38009805	36.61990195				0	0	0	-853.8940509	0.003309323392	-4432.66401658097	
853.8140509	94	5	1	0.8683955941	0.003291381342	95.75110697	4.174656943	0.07423608607	83.98811509	14.23417405	1.777710856	0	63.38009805	36.61990195				0	0	0	-853.8140509	0.003291381342	-4485.40375667627	
853.7340509	94	5	1	0.8688647278	0.003273649652	95.74434371	4.181765266	0.07389102623	83.97580563	14.25180234	1.772392037	0	63.38009805	36.61990195				0	0	0	-853.7340509	0.003273649652	-4538.45762415259	
853.6540509	94	5	1	0.8693296105	0.003256124651	95.7375883	4.188863424	0.07354827475	83.96349728	14.26940098	1.767101737	0	63.38009805	36.61990195				0	0	0	-853.6540509	0.003256124651	-4591.82552771955	
853.5740509	94	5	1	0.8697903055	0.003238802755	95.73084067	4.195951524	0.07320780806	83.95119006	14.28697025	1.761839687	0	63.38009805	36.61990195				0	0	0	-853.5740509	0.003238802755	-4645.50759895262	
853.4940509	94	5	1	0.8702468749	0.003221680461	95.72410073	4.203029668	0.0728696029	83.93888397	14.30451041	1.75660562	0	63.38009805	36.61990195				0	0	0	-853.4940509	0.003221680461	-4699.50368898562	
853.4140509	94	5	1	0.8706993794	0.003204754346	95.71736841	4.210097958	0.07253363637	83.92657901	14.32202171	1.751399276	0	63.38009805	36.61990195				0	0	0	-853.4140509	0.003204754346	-4748.40529963031	
853.3340509	94	5	1	0.8711478729	0.003187983507	95.71064362	4.217156492	0.07219988592	83.91427519	14.33950441	1.746220397	0	63.38009805	36.61990195				0	0	0	-853.3340509	0.003187983507	-4803.23147601784	
853.2540509	94	5	1	0.8715924194	0.003171440327	95.7039263	4.224205371	0.07186832932	83.90197252	14.35695875	1.741068729	0	63.38009805	36.61990195				0	0	0	-853.2540509	0.003171440327	-4863.51023830606	
853.1740509	94	5	1	0.872033076	0.00315508335	95.69721636	4.231244691	0.07153894467	83.889671	14.37438498	1.735944021	0	63.38009805	36.61990195				0	0	0	-853.1740509	0.00315508335	-4918.74059301316	
853.0940509	94	5	1	0.8724698988	0.003138909611	95.69051374	4.238274547	0.07121171039	83.87737064	14.39178334	1.730846027	0	63.38009805	36.61990195				0	0	0	-853.0940509	0.003138909611	-4974.3076100065	
853.0140509	94	5	1	0.8729029424	0.003122916051	95.68381836	4.245295035	0.07088660522	83.86507143	14.40915406	1.725774504	0	63.38009805	36.61990195				0	0	0	-853.0140509	0.003122916051	-5030.18851907547	
852.9340509	94	5	1	0.8733322608	0.003107099684	95.67713014	4.252306247	0.07056360819	83.8527734	14.42649739	1.720729211	0	63.38009805	36.61990195				0	0	0	-852.9340509	0.003107099684	-5086.38359771892	
852.8540509	94	5	1	0.8737579066	0.003091457586	95.67044903	4.259308275	0.07024269865	83.84047653	14.44381355	1.715709912	0	63.38009805	36.61990195				0	0	0	-852.8540509	0.003091457586	-5142.89230925158	
852.7740509	94	5	1	0.8741799315	0.003075986897	95.66377493	4.266301211	0.06992385623	83.82818085	14.46110278	1.710716374	0	63.38009805	36.61990195				0	0	0	-852.7740509	0.003075986897	-5199.71516539894	
852.6940509	94	5	1	0.8745983863	0.003060684822	95.6571078	4.273285142	0.06960706086	83.81588634	14.47836529	1.705748367	0	63.38009805	36.61990195				0	0	0	-852.6940509	0.003060684822	-5256.85189203223	
852.6140509	94	5	1	0.8750133206	0.003045548622	95.65044755	4.280260158	0.06929229275	83.80359303	14.49560131	1.700805663	0	63.38009805	36.61990195				0	0	0	-852.6140509	0.003045548622	-5314.3022996706	
852.5340509	94	5	1	0.8754247832	0.00303057562	95.64379412	4.287226344	0.06897953238	83.79130091	14.51281105	1.695888039	0	63.38009805	36.61990195				0	0	0	-852.5340509	0.00303057562	-5372.0668942152	
852.4540509	94	5	1	0.8758328219	0.003015763196	95.63714745	4.294183788	0.06866876053	83.77900998	14.52999474	1.690995274	0	63.38009805	36.61990195				0	0	0	-852.4540509	0.003015763196	-5430.14532878259	
852.3740509	94	5	1	0.8762374835	0.003001108784	95.63050747	4.301132573	0.06835995821	83.76672026	14.54715259	1.68612715	0	63.38009805	36.61990195				0	0	0	-852.3740509	0.003001108784	-5488.53742765904	
852.2940509	94	5	1	0.8766388142	0.002986609873	95.62387411	4.308072784	0.06805310671	83.75443174	14.5642848	1.681283453	0	63.38009805	36.61990195				0	0	0	-852.2940509	0.002986609873	-5547.24335195438	
852.2140509	94	5	1	0.877036859	0.002972264005	95.61724731	4.315004502	0.0677481876	83.74214444	14.58139159	1.67646397	0	63.38009805	36.61990195				0	0	0	-852.2140509	0.002972264005	-5606.26304222799	
852.1340509	94	5	1	0.8774316623	0.002958068773	95.61062701	4.321927808	0.06744518268	83.72985836	14.59847315	1.671668493	0	63.38009805	36.61990195				0	0	0	-852.1340509	0.002958068773	-5665.59638140079	
852.0540509	94	5	1	0.8778232676	0.00294402182	95.60401314	4.328842784	0.06714407399	83.7175735	14.61552969	1.666896814	0	63.38009805	36.61990195				0	0	0	-852.0540509	0.00294402182	-5725.24358131152	
851.9740509	94	5	1	0.8782117174	0.002930120839	95.59740565	4.335749508	0.06684484383	83.70528986	14.63256141	1.66214873	0	63.38009805	36.61990195				0	0	0	-851.9740509	0.002930120839	-5785.20455155958	
851.8940509	94	5	1	0.8785970538	0.002916363569	95.59080447	4.342648058	0.06654747474	83.69300746	14.6495685	1.65742404	0	63.38009805	36.61990195				0	0	0	-851.8940509	0.002916363569	-5845.47910372196	
851.8140509	94	5	1	0.8789793177	0.002902747796	95.58420954	4.349538512	0.06625194949	83.68072629	14.66655116	1.652722546	0	63.38009805	36.61990195				0	0	0	-851.8140509	0.002902747796	-5906.06710219144	
851.7340509	94	5	1	0.8793585496	0.00288927135	95.5776208	4.356420945	0.06595825108	83.66844637	14.68350958	1.648044051	0	63.38009805	36.61990195				0	0	0	-851.7340509	0.00288927135	-5966.96871845363	
851.6540509	94	5	1	0.8797347891	0.002875932107	95.5710382	4.363295434	0.06566636274	83.65616769	14.70044395	1.643388363	0	63.38009805	36.61990195				0	0	0	-851.6540509	0.002875932107	-6028.18416886471	
851.5740509	94	5	1	0.8801080751	0.002862727985	95.56446168	4.370162051	0.06537626792	83.64389026	14.71735445	1.63875529	0	63.38009805	36.61990195				0	0	0	-851.5740509	0.002862727985	-6089.71328662693	
851.4940509	94	5	1	0.8804784458	0.002849656944	95.55789118	4.377020871	0.06508795029	83.63161409	14.73424126	1.634144645	0	63.38009805	36.61990195				0	0	0	-851.4940509	0.002849656944	-6151.55542744318	
851.4140509	94	5	1	0.8808459388	0.002836716982	95.55132664	4.383871966	0.06480139373	83.61933918	14.75110458	1.629556241	0	63.38009805	36.61990195				0	0	0	-851.4140509	0.002836716982	-6213.71116896104	
851.3340509	94	5	1	0.8812105909	0.002823906142	95.54476801	4.390715407	0.06451658235	83.60706553	14.76794457	1.624989894	0	63.38009805	36.61990195				0	0	0	-851.3340509	0.002823906142	-6276.18055523429	
851.2540509	94	5	1	0.8815724382	0.002811222501	95.53821523	4.397551265	0.06423350043	83.59479316	14.78476142	1.620445423	0	63.38009805	36.61990195				0	0	0	-851.2540509	0.002811222501	-6338.96320704841	
851.1740509	94	5	1	0.8819315165	0.002798664177	95.53166826	4.404379609	0.0639521325	83.58252205	14.8015553	1.61592265	0	63.38009805	36.61990195				0	0	0	-851.1740509	0.002798664177	-6402.05912515907	
851.0940509	94	5	1	0.8822878606	0.002786229322	95.52512703	4.411200509	0.06367246325	83.57025222	14.81832638	1.611421397	0	63.38009805	36.61990195				0	0	0	-851.0940509	0.002786229322	-6465.46832841542	
851.0140509	94	5	1	0.8826415048	0.002773916127	95.51859149	4.418014033	0.06339447758	83.55798368	14.83507483	1.606941489	0	63.38009805	36.61990195				0	0	0	-851.0140509	0.002773916127	-6529.19098635522	
850.9340509	94	5	1	0.882992483	0.002761722816	95.51206159	4.424820247	0.0631181606	83.54571642	14.85180082	1.602482755	0	63.38009805	36.61990195				0	0	0	-850.9340509	0.002761722816	-6593.22698373183	
850.8540509	94	5	1	0.8833408282	0.002749647649	95.50553728	4.431619219	0.06284349759	83.53345046	14.86850452	1.598045024	0	63.38009805	36.61990195				0	0	0	-850.8540509	0.002749647649	-6657.57606254746	
850.7740509	94	5	1	0.883686573	0.002737688917	95.49901851	4.438411012	0.06257047401	83.52118578	14.88518609	1.593628127	0	63.38009805	36.61990195				0	0	0	-850.7740509	0.002737688917	-6722.238171225	
850.6940509	94	5	1	0.8840297494	0.002725844946	95.49250523	4.445195694	0.06229907553	83.50892241	14.90184569	1.589231899	0	63.38009805	36.61990195				0	0	0	-850.6940509	0.002725844946	-6787.2133717559	
850.6140509	94	5	1	0.884370389	0.002714114092	95.48599739	4.451973326	0.06202928799	83.49666035	14.91848348	1.584856174	0	63.38009805	36.61990195				0	0	0	-850.6140509	0.002714114092	-6852.5016407241	
850.5340509	94	5	1	0.8847085226	0.002702494744	95.47949493	4.458743974	0.06176109738	83.48439959	14.93509962	1.580500792	0	63.38009805	36.61990195				0	0	0	-850.5340509	0.002702494744	-6918.10336531715	
850.4540509	94	5	1	0.8850441808	0.002690985321	95.47299781	4.465507698	0.06149448991	83.47214014	14.95169427	1.576165592	0	63.38009805	36.61990195				0	0	0	-850.4540509	0.002690985321	-6984.01788672589	
850.3740509	94	5	1	0.8853773933	0.00267958427	95.46650599	4.472264562	0.06122945192	83.45988201	14.96826758	1.571850415	0	63.38009805	36.61990195				0	0	0	-850.3740509	0.00267958427	-7050.2449568783	
850.2940509	94	5	1	0.8857081897	0.002668290068	95.46001941	4.479014625	0.06096596995	83.4476252	14.9848197	1.567555104	0	63.38009805	36.61990195				0	0	0	-850.2940509	0.002668290068	-7116.78504233944	
850.2140509	94	5	1	0.8860365988	0.002657101221	95.45353802	4.485757949	0.06070403068	83.43536971	15.00135078	1.563279507	0	63.38009805	36.61990195				0	0	0	-850.2140509	0.002657101221	-7183.63843136091	
850.1340509	94	5	1	0.886362649	0.002646016263	95.44706179	4.492494592	0.06044362098	83.42311556	15.01786098	1.559023468	0	63.38009805	36.61990195				0	0	0	-850.1340509	0.002646016263	-7250.80419878253	
850.0540509	94	5	1	0.8866863684	0.002635033752	95.44059066	4.499224614	0.06018472786	83.41086273	15.03435043	1.554786838	0	63.38009805	36.61990195				0	0	0	-850.0540509	0.002635033752	-7318.282844313	
849.9740509	94	5	1	0.8870077845	0.002624152277	95.43412459	4.505948074	0.05992733849	83.39861124	15.05081929	1.550569468	0	63.38009805	36.61990195				0	0	0	-849.9740509	0.002624152277	-7386.07419425873	
849.8940509	94	5	1	0.8873269242	0.002613370448	95.42766353	4.512665027	0.0596714402	83.3863611	15.06726769	1.546371209	0	63.38009805	36.61990195				0	0	0	-849.8940509	0.002613370448	-7454.17789772037	
849.8140509	94	5	1	0.8876438143	0.002602686904	95.42120745	4.519375533	0.05941702046	83.37411229	15.08369579	1.542191917	0	63.38009805	36.61990195				0	0	0	-849.8140509	0.002602686904	-7522.59460521469	
849.7340509	94	5	1	0.8879584809	0.002592100307	95.41475629	4.526079646	0.05916406692	83.36186484	15.10010371	1.538031446	0	63.38009805	36.61990195				0	0	0	-849.7340509	0.002592100307	-7591.32366877211	
849.6540509	94	5	1	0.8882709498	0.002581609343	95.40831001	4.532777423	0.05891256735	83.34961874	15.1164916	1.533889656	0	63.38009805	36.61990195				0	0	0	-849.6540509	0.002581609343	-7660.36552928937	
849.5740509	94	5	1	0.8885812464	0.002571212723	95.40186857	4.539468918	0.05866250967	83.337374	15.1328596	1.529766404	0	63.38009805	36.61990195				0	0	0	-849.5740509	0.002571212723	-7729.71952624749	
849.4940509	94	5	1	0.8888893955	0.002560909178	95.39543193	4.546154187	0.05841388194	83.32513061	15.14920784	1.525661551	0	63.38009805	36.61990195				0	0	0	-849.4940509	0.002560909178	-7799.38580296844	
849.4140509	94	5	1	0.8891954218	0.002550697465	95.38900005	4.552833282	0.05816667239	83.31288859	15.16553645	1.521574961	0	63.38009805	36.61990195				0	0	0	-849.4140509	0.002550697465	-7869.36482351714	
849.3340509	94	5	1	0.8894993494	0.002540576361	95.38257287	4.559506257	0.05792086934	83.30064794	15.18184557	1.517506497	0	63.38009805	36.61990195				0	0	0	-849.3340509	0.002540576361	-7939.65555493849	
849.2540509	94	5	1	0.8898012021	0.002530544664	95.37615037	4.566173164	0.05767646128	83.28840865	15.19813532	1.513456024	0	63.38009805	36.61990195				0	0	0	-849.2540509	0.002530544664	-8010.25889406847	
849.1740509	94	5	1	0.8901010032	0.002520601196	95.36973251	4.572834056	0.05743343684	83.27617075	15.21440584	1.50942341	0	63.38009805	36.61990195				0	0	0	-849.1740509	0.002520601196	-8081.17448100647	
849.0940509	94	5	1	0.8903987759	0.002510744796	95.36331923	4.579488984	0.05719178475	83.26393422	15.23065726	1.505408523	0	63.38009805	36.61990195				0	0	0	-849.0940509	0.002510744796	-8152.40198916635	
849.0140509	94	5	1	0.8906945428	0.002500974326	95.35691051	4.586137998	0.0569514939	83.25169907	15.24688969	1.501411233	0	63.38009805	36.61990195				0	0	0	-849.0140509	0.002500974326	-8223.9413559656	
848.9340509	94	5	1	0.8909883263	0.002491288665	95.3505063	4.592781151	0.05671255328	83.23946532	15.26310327	1.497431411	0	63.38009805	36.61990195				0	0	0	-848.9340509	0.002491288665	-8295.79297841975	
848.8540509	94	5	1	0.8912801483	0.002481686715	95.34410656	4.59941849	0.05647495204	83.22723295	15.27929812	1.49346893	0	63.38009805	36.61990195				0	0	0	-848.8540509	0.002481686715	-8367.95666969577	
848.7740509	94	5	1	0.8915700305	0.002472167393	95.33771126	4.606050065	0.05623867943	83.21500197	15.29547437	1.489523664	0	63.38009805	36.61990195				0	0	0	-848.7740509	0.002472167393	-8440.43181403725	
848.6940509	94	5	1	0.8918579942	0.002462729637	95.33132035	4.612675926	0.05600372482	83.20277239	15.31163212	1.485595489	0	63.38009805	36.61990195				0	0	0	-848.6940509	0.002462729637	-8513.21894397528	
848.6140509	94	5	1	0.8921440603	0.002453372402	95.3249338	4.619296119	0.05577007772	83.19054421	15.32777151	1.481684282	0	63.38009805	36.61990195				0	0	0	-848.6140509	0.002453372402	-8586.31764787448	
848.5340509	94	5	1	0.8924282497	0.002444094661	95.31855158	4.625910694	0.05553772774	83.17831744	15.34389264	1.477789922	0	63.38009805	36.61990195				0	0	0	-848.5340509	0.002444094661	-8659.7283036949	
848.4540509	94	5	1	0.8927105826	0.002434895405	95.31217364	4.632519697	0.05530666461	83.16609207	15.35999565	1.473912287	0	63.38009805	36.61990195				0	0	0	-848.4540509	0.002434895405	-8733.45070069532	
848.3740509	94	5	1	0.892991079	0.002425773641	95.30579995	4.639123175	0.05507687819	83.15386811	15.37608063	1.470051258	0	63.38009805	36.61990195				0	0	0	-848.3740509	0.002425773641	-8807.48401188244	
848.2940509	94	5	1	0.8932697588	0.002416728392	95.29943047	4.645721174	0.05484835843	83.14164557	15.39214771	1.466206718	0	63.38009805	36.61990195				0	0	0	-848.2940509	0.002416728392	-8881.82920670677	
848.2140509	94	5	1	0.8935466414	0.0024077587	95.29306516	4.65231374	0.05462109541	83.12942444	15.40819701	1.46237855	0	63.38009805	36.61990195				0	0	0	-848.2140509	0.0024077587	-8956.48608742921	
848.1340509	94	5	1	0.893821746	0.00239886362	95.286704	4.658900918	0.05439507931	83.11720474	15.42422862	1.458566639	0	63.38009805	36.61990195				0	0	0	-848.1340509	0.00239886362	-9031.45385134007	
848.0540509	94	5	1	0.8940950914	0.002390042224	95.28034695	4.665482753	0.05417030043	83.10498646	15.44024267	1.454770871	0	63.38009805	36.61990195				0	0	0	-848.0540509	0.002390042224	-9106.7334932272	
847.9740509	94	5	1	0.8943666963	0.0023812936	95.27399396	4.672059289	0.05394674915	83.09276961	15.45623926	1.450991132	0	63.38009805	36.61990195				0	0	0	-847.9740509	0.0023812936	-9182.32375184922	
847.8940509	94	5	1	0.894636579	0.002372616848	95.26764501	4.67863057	0.05372441599	83.08055418	15.4722185	1.447227312	0	63.38009805	36.61990195				0	0	0	-847.8940509	0.002372616848	-9258.2253204295	
847.8140509	94	5	1	0.8949047576	0.002364011087	95.26130007	4.68519664	0.05350329155	83.0683402	15.48818051	1.443479298	0	63.38009805	36.61990195				0	0	0	-847.8140509	0.002364011087	-9334.43859206883	
847.7340509	94	5	1	0.8951712498	0.002355475447	95.25495909	4.691757541	0.05328336654	83.05612765	15.50412537	1.439746983	0	63.38009805	36.61990195				0	0	0	-847.7340509	0.002355475447	-9410.96164748776	
847.6540509	94	5	1	0.8954360733	0.002347009072	95.24862205	4.698313317	0.05306463176	83.04391654	15.5200532	1.436030258	0	63.38009805	36.61990195				0	0	0	-847.6540509	0.002347009072	-9487.79614241616	
847.5740509	94	5	1	0.8956992453	0.002338611123	95.24228891	4.704864008	0.05284707813	83.03170687	15.53596411	1.432329015	0	63.38009805	36.61990195				0	0	0	-847.5740509	0.002338611123	-9564.94236827962	
847.4940509	94	5	1	0.8959607829	0.002330280772	95.23595965	4.711409658	0.05263069666	83.01949865	15.5518582	1.428643148	0	63.38009805	36.61990195				0	0	0	-847.4940509	0.002330280772	-9642.39811690875	
847.4140509	94	5	1	0.8962207028	0.002322017203	95.22963421	4.717950307	0.05241547843	83.00729189	15.56773556	1.424972554	0	63.38009805	36.61990195				0	0	0	-847.4140509	0.002322017203	-9720.16493531829	
847.3340509	94	5	1	0.8964790216	0.002313819617	95.22331259	4.724485995	0.05220141466	82.99508657	15.5835963	1.421317127	0	63.38009805	36.61990195				0	0	0	-847.3340509	0.002313819617	-9798.24347353358	
847.2540509	94	5	1	0.8967357557	0.002305687225	95.21699474	4.731016765	0.05198849662	82.98288271	15.59944052	1.417676764	0	63.38009805	36.61990195				0	0	0	-847.2540509	0.002305687225	-9876.63177668328	
847.1740509	94	5	1	0.8969909212	0.00229761925	95.21068063	4.737542655	0.05177671572	82.97068032	15.61526832	1.414051365	0	63.38009805	36.61990195				0	0	0	-847.1740509	0.00229761925	-9955.32992253582	
847.0940509	94	5	1	0.8972445338	0.002289614928	95.20437023	4.744063705	0.0515660634	82.95847938	15.63107979	1.410440828	0	63.38009805	36.61990195				0	0	0	-847.0940509	0.002289614928	-10034.3389238139	
847.0140509	94	5	1	0.8974966093	0.002281673508	95.19806351	4.750579954	0.05135653125	82.94627991	15.64687504	1.406845054	0	63.38009805	36.61990195				0	0	0	-847.0140509	0.002281673508	-10113.6588669363	
846.9340509	94	5	1	0.8977471631	0.00227379425	95.19176045	4.757091442	0.05114811091	82.93408191	15.66265415	1.403263944	0	63.38009805	36.61990195				0	0	0	-846.9340509	0.00227379425	-10193.2888692065	
846.8540509	94	5	1	0.8979962104	0.002265976425	95.185461	4.763598207	0.05094079412	82.92188538	15.67841722	1.3996974	0	63.38009805	36.61990195				0	0	0	-846.8540509	0.002265976425	-10273.2289632308	
846.7740509	94	5	1	0.8982437662	0.002258219316	95.17916514	4.770100287	0.05073457271	82.90969032	15.69416435	1.396145325	0	63.38009805	36.61990195				0	0	0	-846.7740509	0.002258219316	-10353.4794629344	
846.6940509	94	5	1	0.8984898453	0.002250522217	95.17287284	4.77659772	0.05052943858	82.89749675	15.70989563	1.392607623	0	63.38009805	36.61990195				0	0	0	-846.6940509	0.002250522217	-10434.0389478177	
846.6140509	94	5	1	0.8987344623	0.002242884431	95.16658407	4.783090544	0.05032538373	82.88530465	15.72561115	1.389084201	0	63.38009805	36.61990195				0	0	0	-846.6140509	0.002242884431	-10514.9090533931	
846.5340509	94	5	1	0.8989776315	0.002235305276	95.16029881	4.789578794	0.05012240023	82.87311404	15.741311	1.385574963	0	63.38009805	36.61990195				0	0	0	-846.5340509	0.002235305276	-10596.0895436673	
846.4540509	94	5	1	0.8992193672	0.002227784076	95.15401701	4.796062509	0.04992048024	82.86092491	15.75699527	1.382079817	0	63.38009805	36.61990195				0	0	0	-846.4540509	0.002227784076	-10677.5792083492	
846.3740509	94	5	1	0.8994596834	0.002220320168	95.14773866	4.802541724	0.049719616	82.84873727	15.77266406	1.37859867	0	63.38009805	36.61990195				0	0	0	-846.3740509	0.002220320168	-10759.3790986671	
846.2940509	94	5	1	0.8996985938	0.002212912898	95.14146372	4.809016475	0.04951979982	82.83655113	15.78831744	1.375131432	0	63.38009805	36.61990195				0	0	0	-846.2940509	0.002212912898	-10841.4884703743	
846.2140509	94	5	1	0.8999361122	0.002205561622	95.13519218	4.815486799	0.0493210241	82.82436648	15.80395551	1.371678012	0	63.38009805	36.61990195				0	0	0	-846.2140509	0.002205561622	-10923.9075516062	
846.1340509	94	5	1	0.9001722518	0.002198265706	95.12892399	4.82195273	0.0491232813	82.81218332	15.81957835	1.368238321	0	63.38009805	36.61990195				0	0	0	-846.1340509	0.002198265706	-11006.635329758	
846.0540509	94	5	1	0.9004070261	0.002191024524	95.12265913	4.828414303	0.04892656397	82.80000167	15.83518606	1.364812269	0	63.38009805	36.61990195				0	0	0	-846.0540509	0.002191024524	-11089.6733977696	
845.9740509	94	5	1	0.900640448	0.002183837463	95.11639758	4.834871553	0.04873086474	82.78782152	15.85077871	1.361399771	0	63.38009805	36.61990195				0	0	0	-845.9740509	0.002183837463	-11173.0204389659	
845.8940509	94	5	1	0.9008725305	0.002176703914	95.11013931	4.841324515	0.04853617631	82.77564288	15.86635638	1.358000737	0	63.38009805	36.61990195				0	0	0	-845.8940509	0.002176703914	-11256.6763497038	
845.8140509	94	5	1	0.9011032864	0.002169623282	95.10388429	4.847773223	0.04834249143	82.76346575	15.88191917	1.354615084	0	63.38009805	36.61990195				0	0	0	-845.8140509	0.002169623282	-11340.6418701668	
845.7340509	94	5	1	0.9013327281	0.002162594977	95.09763249	4.854217709	0.04814980294	82.75129012	15.89746715	1.351242724	0	63.38009805	36.61990195				0	0	0	-845.7340509	0.002162594977	-11424.9166202362	
845.6540509	94	5	1	0.9015608681	0.002155618421	95.09138389	4.860658009	0.04795810377	82.73911601	15.91300041	1.347883574	0	63.38009805	36.61990195				0	0	0	-845.6540509	0.002155618421	-11509.5002945122	
845.5740509	94	5	1	0.9017877187	0.002148693041	95.08513846	4.867094154	0.04776738689	82.72694342	15.92851903	1.344537551	0	63.38009805	36.61990195				0	0	0	-845.5740509	0.002148693041	-11594.3930111416	
845.4940509	94	5	1	0.9020132919	0.002141818276	95.07889618	4.873526178	0.04757764536	82.71477235	15.94402308	1.34120457	0	63.38009805	36.61990195				0	0	0	-845.4940509	0.002141818276	-11679.594120723	
845.4140509	94	5	1	0.9022375996	0.002134993569	95.07265702	4.879954112	0.04738887228	82.7026028	15.95951265	1.337884551	0	63.38009805	36.61990195				0	0	0	-845.4140509	0.002134993569	-11765.1034027263	
845.3340509	94	5	1	0.9024606536	0.002128218375	95.06642095	4.886377991	0.04720106085	82.69043477	15.97498781	1.334577412	0	63.38009805	36.61990195				0	0	0	-845.3340509	0.002128218375	-11850.9224625104	
845.2540509	94	5	1	0.9026824656	0.002121492155	95.06018795	4.892797844	0.04701420432	82.67826828	15.99044865	1.331283073	0	63.38009805	36.61990195				0	0	0	-845.2540509	0.002121492155	-11937.0498022378	
845.1740509	94	5	1	0.902903047	0.002114814378	95.053958	4.899213704	0.04682829601	82.66610331	16.00589524	1.328001453	0	63.38009805	36.61990195				0	0	0	-845.1740509	0.002114814378	-12023.4849578896	
845.0940509	94	5	1	0.903122409	0.00210818452	95.04773107	4.905625603	0.0466433293	82.65393987	16.02132766	1.324732473	0	63.38009805	36.61990195				0	0	0	-845.0940509	0.00210818452	-12110.2295818596	
845.0140509	94	5	1	0.903340563	0.002101602067	95.04150713	4.912033571	0.04645929763	82.64177797	16.03674597	1.321476056	0	63.38009805	36.61990195				0	0	0	-845.0140509	0.002101602067	-12197.2818249956	
844.9340509	94	5	1	0.9035575199	0.002095066508	95.03528617	4.918437639	0.04627619453	82.62961761	16.05215027	1.318232124	0	63.38009805	36.61990195				0	0	0	-844.9340509	0.002095066508	-12284.6420861023	
844.8540509	94	5	1	0.9037732906	0.002088577344	95.02906815	4.924837838	0.04609401355	82.61745878	16.06754062	1.315000599	0	63.38009805	36.61990195				0	0	0	-844.8540509	0.002088577344	-12372.3107930358	
844.7740509	94	5	1	0.9039878858	0.002082134079	95.02285305	4.931234198	0.04591274833	82.6053015	16.08291709	1.311781406	0	63.38009805	36.61990195				0	0	0	-844.7740509	0.002082134079	-12460.2879128208	
844.6940509	94	5	1	0.9042013163	0.002075736228	95.01664086	4.937626749	0.04573239257	82.59314576	16.09827977	1.30857447	0	63.38009805	36.61990195				0	0	0	-844.6940509	0.002075736228	-12548.5724363692	
844.6140509	94	5	1	0.9044135924	0.002069383308	95.01043154	4.944015521	0.04555294003	82.58099157	16.11362871	1.305379714	0	63.38009805	36.61990195				0	0	0	-844.6140509	0.002069383308	-12637.1648093318	
844.5340509	94	5	1	0.9046247246	0.002063074848	95.00422507	4.950400543	0.04537438451	82.56883893	16.128964	1.302197066	0	63.38009805	36.61990195				0	0	0	-844.5340509	0.002063074848	-12726.0654625026	
844.4540509	94	5	1	0.904834723	0.002056810379	94.99802144	4.956781844	0.04519671988	82.55668785	16.1442857	1.299026451	0	63.38009805	36.61990195				0	0	0	-844.4540509	0.002056810379	-12815.272259679	
844.3740509	94	5	1	0.9050435978	0.002050589441	94.99182061	4.963159454	0.04501994008	82.54453831	16.15959389	1.295867797	0	63.38009805	36.61990195				0	0	0	-844.3740509	0.002050589441	-12904.7882579821	
844.2940509	94	5	1	0.9052513589	0.002044411581	94.98562256	4.969533401	0.0448440391	82.53239034	16.17488863	1.292721032	0	63.38009805	36.61990195				0	0	0	-844.2940509	0.002044411581	-12994.6116358829	
844.2140509	94	5	1	0.9054580162	0.00203827635	94.97942728	4.975903714	0.04466901097	82.52024392	16.19017	1.289586084	0	63.38009805	36.61990195				0	0	0	-844.2140509	0.00203827635	-13084.740795101	
844.1340509	94	5	1	0.9056635794	0.002032183306	94.97323473	4.98227042	0.04449484979	82.50809906	16.20543805	1.286462883	0	63.38009805	36.61990195				0	0	0	-844.1340509	0.002032183306	-13175.1785944152	
844.0540509	94	5	1	0.9058680582	0.002026132015	94.9670449	4.988633549	0.04432154973	82.49595577	16.22069287	1.283351358	0	63.38009805	36.61990195				0	0	0	-844.0540509	0.002026132015	-13265.923797256	
843.9740509	94	5	1	0.9060714619	0.002020122046	94.96085777	4.994993127	0.04414910498	82.48381405	16.23593452	1.280251439	0	63.38009805	36.61990195				0	0	0	-843.9740509	0.002020122046	-13356.9754833658	
843.8940509	94	5	1	0.9062738001	0.002014152976	94.95467331	5.001349182	0.04397750981	82.47167389	16.25116305	1.277163057	0	63.38009805	36.61990195				0	0	0	-843.8940509	0.002014152976	-13448.3350498807	
843.8140509	94	5	1	0.9064750819	0.002008224387	94.9484915	5.007701742	0.04380675853	82.4595353	16.26637855	1.274086145	0	63.38009805	36.61990195				0	0	0	-843.8140509	0.002008224387	-13540.0008109144	
843.7340509	94	5	1	0.9066753165	0.002002335866	94.94231232	5.014050833	0.0436368455	82.44739829	16.28158108	1.271020634	0	63.38009805	36.61990195				0	0	0	-843.7340509	0.002002335866	-13631.9735702059	
843.6540509	94	5	1	0.9068745129	0.001996487007	94.93613575	5.020396483	0.04346776516	82.43526285	16.29677069	1.267966457	0	63.38009805	36.61990195				0	0	0	-843.6540509	0.001996487007	-13724.2531461371	
843.5740509	94	5	1	0.9070726802	0.001990677408	94.92996177	5.026738718	0.04329951195	82.42312899	16.31194746	1.264923548	0	63.38009805	36.61990195				0	0	0	-843.5740509	0.001990677408	-13816.8384599362	
843.4940509	94	5	1	0.9072698271	0.001984906673	94.92379036	5.033077564	0.04313208042	82.41099671	16.32711145	1.26189184	0	63.38009805	36.61990195				0	0	0	-843.4940509	0.001984906673	-13909.7309842275	
843.4140509	94	5	1	0.9074659622	0.001979174412	94.91762149	5.039413048	0.04296546511	82.39886601	16.34226273	1.258871268	0	63.38009805	36.61990195				0	0	0	-843.4140509	0.001979174412	-14002.9300107087	
843.3340509	94	5	1	0.9076610944	0.001973480239	94.91145514	5.045745196	0.04279966066	82.38673689	16.35740134	1.255861767	0	63.38009805	36.61990195				0	0	0	-843.3340509	0.001973480239	-14096.4350795929	
843.2540509	94	5	1	0.907855232	0.001967823774	94.90529131	5.052074033	0.04263466173	82.37460936	16.37252737	1.252863272	0	63.38009805	36.61990195				0	0	0	-843.2540509	0.001967823774	-14190.247134131	
843.1740509	94	5	1	0.9080483835	0.001962204642	94.89912995	5.058399584	0.04247046303	82.36248342	16.38764086	1.249875721	0	63.38009805	36.61990195				0	0	0	-843.1740509	0.001962204642	-14284.3648358928	
843.0940509	94	5	1	0.9082405571	0.001956622472	94.89297106	5.064721876	0.04230705933	82.35035907	16.40274188	1.246899049	0	63.38009805	36.61990195				0	0	0	-843.0940509	0.001956622472	-14378.7883345307	
843.0140509	94	5	1	0.9084317612	0.001951076899	94.88681462	5.071040934	0.04214444543	82.33823631	16.4178305	1.243933194	0	63.38009805	36.61990195				0	0	0	-843.0140509	0.001951076899	-14473.5179344928	
842.9340509	94	5	1	0.9086220038	0.001945567562	94.8806606	5.077356781	0.04198261619	82.32611514	16.43290676	1.240978093	0	63.38009805	36.61990195				0	0	0	-842.9340509	0.001945567562	-14568.5542402557	
842.8540509	94	5	1	0.908811293	0.001940094106	94.87450899	5.083669444	0.04182156652	82.31399558	16.44797074	1.238033686	0	63.38009805	36.61990195				0	0	0	-842.8540509	0.001940094106	-14663.8953068998	
842.7740509	94	5	1	0.9089996366	0.001934656178	94.86835976	5.089978946	0.04166129136	82.30187761	16.46302248	1.23509991	0	63.38009805	36.61990195				0	0	0	-842.7740509	0.001934656178	-14759.5408193507	
842.6940509	94	5	1	0.9091870426	0.001929253432	94.8622129	5.096285312	0.04150178569	82.28976124	16.47806206	1.232176706	0	63.38009805	36.61990195				0	0	0	-842.6940509	0.001929253432	-14855.494668967	
842.6140509	94	5	1	0.9093735187	0.001923885527	94.85606839	5.102588566	0.04134304457	82.27764647	16.49308952	1.229264012	0	63.38009805	36.61990195				0	0	0	-842.6140509	0.001923885527	-14951.7527404324	
842.5340509	94	5	1	0.9095590725	0.001918552123	94.84992621	5.108888732	0.04118506306	82.26553331	16.50810492	1.226361771	0	63.38009805	36.61990195				0	0	0	-842.5340509	0.001918552123	-15048.3153558377	
842.4540509	94	5	1	0.9097437117	0.001913252888	94.84378633	5.115185833	0.04102783628	82.25342175	16.52310832	1.223469921	0	63.38009805	36.61990195				0	0	0	-842.4540509	0.001913252888	-15145.184254425	
842.3740509	94	5	1	0.9099274437	0.001907987492	94.83764875	5.121479894	0.04087135941	82.24131181	16.53809979	1.220588406	0	63.38009805	36.61990195				0	0	0	-842.3740509	0.001907987492	-15242.3572826692	
842.2940509	94	5	1	0.9101102758	0.00190275561	94.83151343	5.127770938	0.04071562765	82.22920347	16.55307936	1.217717166	0	63.38009805	36.61990195				0	0	0	-842.2940509	0.00190275561	-15339.8352442362	
842.2140509	94	5	1	0.9102922155	0.001897556921	94.82538038	5.134058987	0.04056063625	82.21709675	16.56804711	1.214856144	0	63.38009805	36.61990195				0	0	0	-842.2140509	0.001897556921	-15437.6207335614	
842.1340509	94	5	1	0.91047327	0.00189239111	94.81924955	5.140344066	0.0404063805	82.20499164	16.58300308	1.212005283	0	63.38009805	36.61990195				0	0	0	-842.1340509	0.00189239111	-15535.7089634636	
842.0540509	94	5	1	0.9106534464	0.001887257861	94.81312095	5.146626196	0.04025285573	82.19288815	16.59794733	1.209164525	0	63.38009805	36.61990195				0	0	0	-842.0540509	0.001887257861	-15634.1015588193	
841.9740509	94	5	1	0.9108327518	0.001882156868	94.80699454	5.1529054	0.04010005731	82.18078627	16.61287991	1.206333816	0	63.38009805	36.61990195				0	0	0	-841.9740509	0.001882156868	-15732.7999971288	
841.8940509	94	5	1	0.9110111932	0.001877087824	94.80087032	5.159181701	0.03994798065	82.16868602	16.62780088	1.203513099	0	63.38009805	36.61990195				0	0	0	-841.8940509	0.001877087824	-15831.8017038795	
841.8140509	94	5	1	0.9111887774	0.001872050429	94.79474826	5.165455122	0.0397966212	82.15658739	16.6427103	1.200702318	0	63.38009805	36.61990195				0	0	0	-841.8140509	0.001872050429	-15931.1086685411	
841.7340509	94	5	1	0.9113655115	0.001867044385	94.78862834	5.171725683	0.03964597446	82.14449038	16.6576082	1.197901419	0	63.38009805	36.61990195				0	0	0	-841.7340509	0.001867044385	-16030.720125313	
841.6540509	94	5	1	0.911541402	0.001862069399	94.78251056	5.177993409	0.03949603594	82.132395	16.67249466	1.195110347	0	63.38009805	36.61990195				0	0	0	-841.6540509	0.001862069399	-16130.635340622	
841.5740509	94	5	1	0.9117164557	0.00185712518	94.77639488	5.184258319	0.03934680122	82.12030124	16.68736971	1.192329049	0	63.38009805	36.61990195				0	0	0	-841.5740509	0.00185712518	-16230.8555260953	
841.4940509	94	5	1	0.9118906792	0.001852211443	94.7702813	5.190520436	0.0391982659	82.10820912	16.70223341	1.189557471	0	63.38009805	36.61990195				0	0	0	-841.4940509	0.001852211443	-16331.3786046245	
841.4140509	94	5	1	0.9120640791	0.001847327903	94.76416979	5.196779781	0.03905042562	82.09611862	16.71708582	1.186795559	0	63.38009805	36.61990195				0	0	0	-841.4140509	0.001847327903	-16432.206252216	
841.3340509	94	5	1	0.9122366618	0.001842474283	94.75806035	5.203036376	0.03890327605	82.08402976	16.73192698	1.184043261	0	63.38009805	36.61990195				0	0	0	-841.3340509	0.001842474283	-16533.338351153	
841.2540509	94	5	1	0.9124084337	0.001837650305	94.75195295	5.209290241	0.03875681292	82.07194253	16.74675694	1.181300524	0	63.38009805	36.61990195				0	0	0	-841.2540509	0.001837650305	-16634.771846103	
841.1740509	94	5	1	0.9125794012	0.001832855697	94.74584757	5.215541399	0.03861103196	82.05985694	16.76157576	1.178567298	0	63.38009805	36.61990195				0	0	0	-841.1740509	0.001832855697	-16736.5105052713	
841.0940509	94	5	1	0.9127495704	0.00182809019	94.7397442	5.221789868	0.03846592897	82.04777299	16.77638348	1.175843529	0	63.38009805	36.61990195				0	0	0	-841.0940509	0.00182809019	-16838.5532179878	
841.0140509	94	5	1	0.9129189477	0.001823353518	94.73364283	5.228035671	0.03832149977	82.03569068	16.79118015	1.173129168	0	63.38009805	36.61990195				0	0	0	-841.0140509	0.001823353518	-16940.8990018514	
840.9340509	94	5	1	0.9130875391	0.001818645418	94.72754343	5.234278828	0.03817774021	82.02361001	16.80596583	1.170424163	0	63.38009805	36.61990195				0	0	0	-840.9340509	0.001818645418	-17043.5488465267	
840.8540509	94	5	1	0.9132553507	0.001813965631	94.72144599	5.240519359	0.03803464618	82.01153098	16.82074056	1.167728464	0	63.38009805	36.61990195				0	0	0	-840.8540509	0.001813965631	-17146.5002081593	
840.7740509	94	5	1	0.9134223884	0.001809313899	94.7153505	5.246757284	0.0378922136	81.9994536	16.83550438	1.165042022	0	63.38009805	36.61990195				0	0	0	-840.7740509	0.001809313899	-17249.7544987488	
840.6940509	94	5	1	0.9135886583	0.00180468997	94.70925694	5.252992624	0.03775043844	81.98737786	16.85025735	1.162364787	0	63.38009805	36.61990195				0	0	0	-840.6940509	0.00180468997	-17353.3131535421	
840.6140509	94	5	1	0.9137541661	0.001800093593	94.70316528	5.259225398	0.03760931668	81.97530378	16.86499951	1.15969671	0	63.38009805	36.61990195				0	0	0	-840.6140509	0.001800093593	-17457.1723016524	
840.5340509	94	5	1	0.9139189177	0.00179552452	94.69707553	5.265455627	0.03746884435	81.96323134	16.87973092	1.157037742	0	63.38009805	36.61990195				0	0	0	-840.5340509	0.00179552452	-17561.3377230472	
840.4540509	94	5	1	0.9140829189	0.001790982509	94.69098765	5.271683329	0.03732901751	81.95116055	16.89445161	1.154387834	0	63.38009805	36.61990195				0	0	0	-840.4540509	0.001790982509	-17665.8036714098	
840.3740509	94	5	1	0.9142461752	0.001786467315	94.68490164	5.277908525	0.03718983223	81.93909142	16.90916164	1.15174694	0	63.38009805	36.61990195				0	0	0	-840.3740509	0.001786467315	-17770.5707120597	
840.2940509	94	5	1	0.9144086924	0.001781978702	94.67881748	5.284131233	0.03705128465	81.92702395	16.92386104	1.14911501	0	63.38009805	36.61990195				0	0	0	-840.2940509	0.001781978702	-17875.6451082207	
840.2140509	94	5	1	0.9145704759	0.001777516434	94.67273516	5.290351473	0.03691337091	81.91495812	16.93854988	1.146491999	0	63.38009805	36.61990195				0	0	0	-840.2140509	0.001777516434	-17981.0176680112	
840.1340509	94	5	1	0.9147315314	0.001773080276	94.66665465	5.296569265	0.03677608721	81.90289396	16.95322818	1.143877859	0	63.38009805	36.61990195				0	0	0	-840.1340509	0.001773080276	-18086.6933649695	
840.0540509	94	5	1	0.9148918642	0.00176867	94.66057594	5.302784626	0.03663942974	81.89083146	16.967896	1.141272543	0	63.38009805	36.61990195				0	0	0	-840.0540509	0.00176867	-18192.6710127097	
839.9740509	94	5	1	0.9150514797	0.001764285376	94.65449903	5.308997576	0.03650339476	81.87877062	16.98255337	1.138676006	0	63.38009805	36.61990195				0	0	0	-839.9740509	0.001764285376	-18298.9499795905	
839.8940509	94	5	1	0.9152103833	0.001759926181	94.64842389	5.315208134	0.03636797855	81.86671144	16.99720036	1.136088202	0	63.38009805	36.61990195				0	0	0	-839.8940509	0.001759926181	-18405.5336133211	
839.8140509	94	5	1	0.9153685802	0.001755592192	94.64235051	5.321416317	0.0362331774	81.85465393	17.01183699	1.133509086	0	63.38009805	36.61990195				0	0	0	-839.8140509	0.001755592192	-18512.4172686664	
839.7340509	94	5	1	0.9155260757	0.001751283189	94.63627887	5.327622145	0.03609898766	81.84259808	17.02646331	1.130938611	0	63.38009805	36.61990195				0	0	0	-839.7340509	0.001751283189	-18619.6026740758	
839.6540509	94	5	1	0.915682875	0.001746998955	94.63020896	5.333825636	0.03596540568	81.8305439	17.04107937	1.128376734	0	63.38009805	36.61990195				0	0	0	-839.6540509	0.001746998955	-18727.0895893843	
839.5740509	94	5	1	0.9158389831	0.001742739275	94.62414076	5.340026808	0.03583242786	81.81849139	17.05568521	1.12582341	0	63.38009805	36.61990195				0	0	0	-839.5740509	0.001742739275	-18834.8779800204	
839.4940509	94	5	1	0.9159944051	0.001738503937	94.61807427	5.346225678	0.03570005062	81.80644054	17.07028086	1.123278594	0	63.38009805	36.61990195				0	0	0	-839.4940509	0.001738503937	-18942.9679231429	
839.4140509	94	5	1	0.9161491461	0.001734292731	94.61200946	5.352422266	0.03556827041	81.79439137	17.08486638	1.120742244	0	63.38009805	36.61990195				0	0	0	-839.4140509	0.001734292731	-19051.3597152017	
839.3340509	94	5	1	0.9163032109	0.00173010545	94.60594633	5.358616588	0.03543708371	81.78234388	17.09944181	1.118214316	0	63.38009805	36.61990195				0	0	0	-839.3340509	0.00173010545	-19160.0514558839	
839.2540509	94	5	1	0.9164566046	0.001725941888	94.59988485	5.364808662	0.03530648703	81.77029806	17.11400718	1.115694766	0	63.38009805	36.61990195				0	0	0	-839.2540509	0.001725941888	-19269.0437722901	
839.1740509	94	5	1	0.9166093319	0.001721801843	94.59382502	5.370998506	0.03517647689	81.75825391	17.12856254	1.113183552	0	63.38009805	36.61990195				0	0	0	-839.1740509	0.001721801843	-19378.3396957823	
839.0940509	94	5	1	0.9167613978	0.001717685115	94.58776681	5.377186137	0.03504704986	81.74621144	17.14310793	1.110680632	0	63.38009805	36.61990195				0	0	0	-839.0940509	0.001717685115	-19487.9354621656	
839.0140509	94	5	1	0.9169128068	0.001713591505	94.58171022	5.383371573	0.03491820253	81.73417065	17.15764338	1.108185963	0	63.38009805	36.61990195				0	0	0	-839.0140509	0.001713591505	-19597.8297753527	
838.9340509	94	5	1	0.9170635639	0.001709520817	94.57565524	5.389554831	0.03478993151	81.72213155	17.17216895	1.105699503	0	63.38009805	36.61990195				0	0	0	-838.9340509	0.001709520817	-19708.0262401983	
838.8540509	94	5	1	0.9172136736	0.001705472858	94.56960184	5.395735927	0.03466223344	81.71009412	17.18668467	1.103221211	0	63.38009805	36.61990195				0	0	0	-838.8540509	0.001705472858	-19818.5238186145	
838.7740509	94	5	1	0.9173631405	0.001701447436	94.56355002	5.401914879	0.03453510498	81.69805838	17.20119058	1.100751046	0	63.38009805	36.61990195				0	0	0	-838.7740509	0.001701447436	-19929.3191822808	
838.6940509	94	5	1	0.9175119693	0.001697444361	94.55749975	5.408091704	0.03440854284	81.68602432	17.21568672	1.098288966	0	63.38009805	36.61990195				0	0	0	-838.6940509	0.001697444361	-20040.4191051177	
838.6140509	94	5	1	0.9176601644	0.001693463448	94.55145104	5.414266418	0.03428254373	81.67399194	17.23017312	1.095834931	0	63.38009805	36.61990195				0	0	0	-838.6140509	0.001693463448	-20151.8178196856	
838.5340509	94	5	1	0.9178077304	0.001689504509	94.54540386	5.420439038	0.03415710438	81.66196126	17.24464984	1.093388901	0	63.38009805	36.61990195				0	0	0	-838.5340509	0.001689504509	-20263.5125026246	
838.4540509	94	5	1	0.9179546717	0.001685567362	94.5393582	5.42660958	0.03403222158	81.64993226	17.2591169	1.090950836	0	63.38009805	36.61990195				0	0	0	-838.4540509	0.001685567362	-20375.5103361485	
838.3740509	94	5	1	0.9181009927	0.001681651826	94.53331405	5.432778062	0.03390789212	81.63790496	17.27357435	1.088520696	0	63.38009805	36.61990195				0	0	0	-838.3740509	0.001681651826	-20487.8113089666	
838.2940509	94	5	1	0.9182466977	0.001677757723	94.52727139	5.438944498	0.0337841128	81.62587934	17.28802222	1.086098441	0	63.38009805	36.61990195				0	0	0	-838.2940509	0.001677757723	-20600.4073966562	
838.2140509	94	5	1	0.9183917911	0.001673884873	94.52123021	5.445108905	0.03366088048	81.61385542	17.30246055	1.083684032	0	63.38009805	36.61990195				0	0	0	-838.2140509	0.001673884873	-20713.304218011	
838.1340509	94	5	1	0.9185362771	0.001670033104	94.51519051	5.4512713	0.03353819203	81.60183319	17.31688938	1.081277431	0	63.38009805	36.61990195				0	0	0	-838.1340509	0.001670033104	-20826.5017179102	
838.0540509	94	5	1	0.91868016	0.00166620224	94.50915226	5.457431698	0.03341604432	81.58981266	17.33130875	1.078878598	0	63.38009805	36.61990195				0	0	0	-838.0540509	0.00166620224	-20939.9951640648	
837.9740509	94	5	1	0.918823444	0.001662392111	94.50311545	5.463590115	0.03329443429	81.57779382	17.34571868	1.076487496	0	63.38009805	36.61990195				0	0	0	-837.9740509	0.001662392111	-21053.7931639522	
837.8940509	94	5	1	0.9189661331	0.001658602548	94.49708007	5.469746567	0.03317335885	81.56577668	17.36011923	1.074104086	0	63.38009805	36.61990195				0	0	0	-837.8940509	0.001658602548	-21167.8881691699	
837.8140509	94	5	1	0.9191082315	0.001654833382	94.49104612	5.475901069	0.03305281498	81.55376124	17.37451043	1.071728331	0	63.38009805	36.61990195				0	0	0	-837.8140509	0.001654833382	-21282.2810912745	
837.7340509	94	5	1	0.9192497434	0.001651084448	94.48501356	5.482053637	0.03293279966	81.5417475	17.38889231	1.069360193	0	63.38009805	36.61990195				0	0	0	-837.7340509	0.001651084448	-21396.9727818927	
837.6540509	94	5	1	0.9193906726	0.001647355581	94.4789824	5.488204287	0.0328133099	81.52973546	17.40326491	1.066999635	0	63.38009805	36.61990195				0	0	0	-837.6540509	0.001647355581	-21511.9645244676	
837.5740509	94	5	1	0.9195310232	0.00164364662	94.47295262	5.494353034	0.03269434272	81.51772512	17.41762826	1.064646619	0	63.38009805	36.61990195				0	0	0	-837.5740509	0.00164364662	-21627.2545962891	
837.4940509	94	5	1	0.9196707991	0.001639957403	94.46692421	5.500499893	0.03257589517	81.50571649	17.4319824	1.062301109	0	63.38009805	36.61990195				0	0	0	-837.4940509	0.001639957403	-21742.8446457806	
837.4140509	94	5	1	0.9198100043	0.001636287773	94.46089716	5.506644879	0.03245796433	81.49370956	17.44632737	1.059963069	0	63.38009805	36.61990195				0	0	0	-837.4140509	0.001636287773	-21858.733134262	
837.3340509	94	5	1	0.9199486427	0.001632637571	94.45487145	5.512788007	0.03234054729	81.48170434	17.46066319	1.057632462	0	63.38009805	36.61990195				0	0	0	-837.3340509	0.001632637571	-21974.9159979101	
837.2540509	94	5	1	0.920086718	0.001629006642	94.44884707	5.518929293	0.03222364117	81.46970083	17.47498992	1.055309253	0	63.38009805	36.61990195				0	0	0	-837.2540509	0.001629006642	-22091.4010826128	
837.1740509	94	5	1	0.9202242341	0.001625394833	94.44282401	5.525068751	0.03210724311	81.45769903	17.48930757	1.052993405	0	63.38009805	36.61990195				0	0	0	-837.1740509	0.001625394833	-22208.18749624	
837.0940509	94	5	1	0.9203611947	0.001621801992	94.43680225	5.531206395	0.03199135027	81.44569893	17.50361619	1.050684883	0	63.38009805	36.61990195				0	0	0	-837.0940509	0.001621801992	-22325.2682152855	
837.0140509	94	5	1	0.9204976036	0.001618227967	94.4307818	5.537342241	0.03187595982	81.43370055	17.5179158	1.048383652	0	63.38009805	36.61990195				0	0	0	-837.0140509	0.001618227967	-22442.6424846946	
836.9340509	94	5	1	0.9206334645	0.001614672609	94.42476263	5.543476303	0.03176106897	81.42170387	17.53220645	1.046089677	0	63.38009805	36.61990195				0	0	0	-836.9340509	0.001614672609	-22560.3191015348	
836.8540509	94	5	1	0.920768781	0.001611135772	94.41874473	5.549608596	0.03164667494	81.40970891	17.54648816	1.043802923	0	63.38009805	36.61990195				0	0	0	-836.8540509	0.001611135772	-22678.294381242	
836.7740509	94	5	1	0.9209035568	0.001607617309	94.41272809	5.555739133	0.03153277497	81.39771567	17.56076097	1.041523356	0	63.38009805	36.61990195				0	0	0	-836.7740509	0.001607617309	-22796.5681714711	
836.6940509	94	5	1	0.9210377955	0.001604117077	94.4067127	5.56186793	0.03141936633	81.38572414	17.57502492	1.039250941	0	63.38009805	36.61990195				0	0	0	-836.6940509	0.001604117077	-22915.1401068717	
836.6140509	94	5	1	0.9211715006	0.001600634932	94.40069855	5.567995001	0.03130644629	81.37373433	17.58928003	1.036985645	0	63.38009805	36.61990195				0	0	0	-836.6140509	0.001600634932	-23034.0035853864	
836.5340509	94	5	1	0.9213046756	0.001597170732	94.39468563	5.574120359	0.03119401216	81.36174623	17.60352633	1.034727433	0	63.38009805	36.61990195				0	0	0	-836.5340509	0.001597170732	-23153.168581925	
836.4540509	94	5	1	0.9214373241	0.001593724339	94.38867392	5.580244019	0.03108206126	81.34975986	17.61776387	1.032476272	0	63.38009805	36.61990195				0	0	0	-836.4540509	0.001593724339	-23272.6318031893	
836.3740509	94	5	1	0.9215694495	0.001590295613	94.38266342	5.586365994	0.03097059093	81.3377752	17.63199267	1.030232129	0	63.38009805	36.61990195				0	0	0	-836.3740509	0.001590295613	-23392.3869177412	
836.2940509	94	5	1	0.9217010553	0.001586884417	94.3766541	5.592486299	0.03085959853	81.32579226	17.64621277	1.027994971	0	63.38009805	36.61990195				0	0	0	-836.2940509	0.001586884417	-23512.4445630103	
836.2140509	94	5	1	0.9218321448	0.001583490617	94.37064597	5.598604947	0.03074908144	81.31381105	17.66042419	1.025764764	0	63.38009805	36.61990195				0	0	0	-836.2140509	0.001583490617	-23632.7983175061	
836.1340509	94	5	1	0.9219627214	0.001580114077	94.36463901	5.604721952	0.03063903706	81.30183156	17.67462697	1.023541477	0	63.38009805	36.61990195				0	0	0	-836.1340509	0.001580114077	-23753.449108904	
836.0540509	94	5	1	0.9220927885	0.001576754666	94.35863321	5.610837328	0.03052946281	81.28985379	17.68882113	1.021325076	0	63.38009805	36.61990195				0	0	0	-836.0540509	0.001576754666	-23874.3939266472	
835.9740509	94	5	1	0.9222223493	0.00157341225	94.35262856	5.616951087	0.03042035612	81.27787775	17.70300672	1.019115529	0	63.38009805	36.61990195				0	0	0	-835.9740509	0.00157341225	-23995.6339879445	
835.8940509	94	5	1	0.9223514072	0.001570086701	94.34662504	5.623063245	0.03031171444	81.26590343	17.71718376	1.016912805	0	63.38009805	36.61990195				0	0	0	-835.8940509	0.001570086701	-24117.1773709728	
835.8140509	94	5	1	0.9224799654	0.00156677789	94.34062265	5.629173813	0.03020353526	81.25393084	17.73135229	1.014716871	0	63.38009805	36.61990195				0	0	0	-835.8140509	0.00156677789	-24239.0145854838	
835.7340509	94	5	1	0.9226080271	0.001563485689	94.33462138	5.635282806	0.03009581605	81.24195998	17.74551232	1.012527696	0	63.38009805	36.61990195				0	0	0	-835.7340509	0.001563485689	-24361.14696988	
835.6540509	94	5	1	0.9227355955	0.001560209972	94.32862121	5.641390235	0.02998855433	81.22999085	17.7596639	1.010345249	0	63.38009805	36.61990195				0	0	0	-835.6540509	0.001560209972	-24483.5721861977	
835.5740509	94	5	1	0.9228626737	0.001556950613	94.32262214	5.647496116	0.02988174763	81.21802344	17.77380706	1.008169499	0	63.38009805	36.61990195				0	0	0	-835.5740509	0.001556950613	-24606.2957258258	
835.4940509	94	5	1	0.922989265	0.00155370749	94.31662415	5.65360046	0.02977539348	81.20605777	17.78794181	1.006000414	0	63.38009805	36.61990195				0	0	0	-835.4940509	0.00155370749	-24729.3192624886	
835.4140509	94	5	1	0.9231153724	0.00155048048	94.31062723	5.659703281	0.02966948945	81.19409383	17.8020682	1.003837964	0	63.38009805	36.61990195				0	0	0	-835.4140509	0.00155048048	-24852.6372483913	
835.3340509	94	5	1	0.9232409989	0.001547269462	94.30463138	5.665804591	0.02956403311	81.18213162	17.81618626	1.001682118	0	63.38009805	36.61990195				0	0	0	-835.3340509	0.001547269462	-24976.2477404589	
835.2540509	94	5	1	0.9233661477	0.001544074315	94.29863657	5.671904404	0.02945902207	81.17017115	17.830296	0.9995328456	0	63.38009805	36.61990195				0	0	0	-835.2540509	0.001544074315	-25100.1529765746	
835.1740509	94	5	1	0.9234908218	0.001540894921	94.29264281	5.678002731	0.02935445393	81.15821241	17.84439747	0.9973901173	0	63.38009805	36.61990195				0	0	0	-835.1740509	0.001540894921	-25224.3591886672	
835.0940509	94	5	1	0.9236150241	0.001537731163	94.28665009	5.684099587	0.02925032633	81.14625541	17.85849069	0.9952539028	0	63.38009805	36.61990195				0	0	0	-835.0940509	0.001537731163	-25348.8569152026	
835.0140509	94	5	1	0.9237387576	0.001534582923	94.28065838	5.690194982	0.0291466369	81.13430014	17.87257569	0.9931241724	0	63.38009805	36.61990195				0	0	0	-835.0140509	0.001534582923	-25473.6488857734	
834.9340509	94	5	1	0.9238620253	0.001531450087	94.27466769	5.696288931	0.02904338331	81.12234661	17.88665249	0.9910008965	0	63.38009805	36.61990195				0	0	0	-834.9340509	0.001531450087	-25598.7417947898	
834.8540509	94	5	1	0.9239848301	0.001528332541	94.26867799	5.702381444	0.02894056324	81.11039482	17.90072113	0.9888840458	0	63.38009805	36.61990195				0	0	0	-834.8540509	0.001528332541	-25724.1263409211	
834.7740509	94	5	1	0.9241071749	0.001525230171	94.26268929	5.708472536	0.02883817438	81.09844477	17.91478164	0.9867735911	0	63.38009805	36.61990195				0	0	0	-834.7740509	0.001525230171	-25849.8056257823	
834.6940509	94	5	1	0.9242290625	0.001522142866	94.25670157	5.714562217	0.02873621445	81.08649646	17.92883404	0.9846695034	0	63.38009805	36.61990195				0	0	0	-834.6940509	0.001522142866	-25975.7784893224	
834.6140509	94	5	1	0.9243504958	0.001519070514	94.25071482	5.720650501	0.02863468116	81.07454988	17.94287836	0.982571754	0	63.38009805	36.61990195				0	0	0	-834.6140509	0.001519070514	-26102.0441772625	
834.5340509	94	5	1	0.9244714777	0.001516013006	94.24472903	5.726737399	0.02853357227	81.06260506	17.95691463	0.9804803141	0	63.38009805	36.61990195				0	0	0	-834.5340509	0.001516013006	-26228.6103739366	
834.4540509	94	5	1	0.9245920108	0.001512970234	94.23874419	5.732822924	0.02843288553	81.05066197	17.97094288	0.9783951555	0	63.38009805	36.61990195				0	0	0	-834.4540509	0.001512970234	-26355.4721996026	
834.3740509	94	5	1	0.924712098	0.00150994209	94.23276029	5.738907087	0.02833261871	81.03872062	17.98496313	0.9763162498	0	63.38009805	36.61990195				0	0	0	-834.3740509	0.00150994209	-26482.6247837828	
834.2940509	94	5	1	0.9248317421	0.001506928467	94.22677733	5.7449899	0.0282327696	81.02678103	17.99897541	0.974243569	0	63.38009805	36.61990195				0	0	0	-834.2940509	0.001506928467	-26610.0720349517	
834.2140509	94	5	1	0.9249509457	0.00150392926	94.22079529	5.751071376	0.02813333601	81.01484317	18.01297974	0.9721770853	0	63.38009805	36.61990195				0	0	0	-834.2140509	0.00150392926	-26737.8135339713	
834.1340509	94	5	1	0.9250697115	0.001500944364	94.21481416	5.757151526	0.02803431575	81.00290706	18.02697617	0.970116771	0	63.38009805	36.61990195				0	0	0	-834.1340509	0.001500944364	-26865.844580054	
834.0540509	94	5	1	0.9251880423	0.001497973675	94.20883393	5.763230362	0.02793570665	80.9909727	18.0409647	0.9680625984	0	63.38009805	36.61990195				0	0	0	-834.0540509	0.001497973675	-26994.1741133493	
833.9740509	94	5	1	0.9253059406	0.001495017092	94.2028546	5.769307896	0.02783750658	80.97904009	18.05494537	0.9660145403	0	63.38009805	36.61990195				0	0	0	-833.9740509	0.001495017092	-27122.8020748022	
833.8940509	94	5	1	0.9254234091	0.001492074513	94.19687615	5.775384138	0.02773971338	80.96710922	18.06891821	0.9639725696	0	63.38009805	36.61990195				0	0	0	-833.8940509	0.001492074513	-27251.7194963732	
833.8140509	94	5	1	0.9255404505	0.001489145837	94.19089857	5.781459102	0.02764232494	80.95518011	18.08288323	0.9619366591	0	63.38009805	36.61990195				0	0	0	-833.8140509	0.001489145837	-27380.9311915167	
833.7340509	94	5	1	0.9256570672	0.001486230965	94.18492186	5.787532798	0.02754533914	80.94325274	18.09684048	0.9599067821	0	63.38009805	36.61990195				0	0	0	-833.7340509	0.001486230965	-27510.4374077902	
833.6540509	94	5	1	0.9257732619	0.001483329798	94.17894601	5.793605238	0.0274487539	80.93132713	18.11078996	0.957882912	0	63.38009805	36.61990195				0	0	0	-833.6540509	0.001483329798	-27640.2386945981	
833.5740509	94	5	1	0.9258890371	0.001480442239	94.172971	5.799676432	0.02735256714	80.91940326	18.12473172	0.9558650221	0	63.38009805	36.61990195				0	0	0	-833.5740509	0.001480442239	-27770.3306862912	
833.4940509	94	5	1	0.9260043953	0.00147756819	94.16699683	5.805746393	0.02725677679	80.90748115	18.13866576	0.9538530863	0	63.38009805	36.61990195				0	0	0	-833.4940509	0.00147756819	-27900.7141485956	
833.4140509	94	5	1	0.9261193391	0.001474707556	94.16102349	5.811815132	0.02716138079	80.89556079	18.15259213	0.9518470784	0	63.38009805	36.61990195				0	0	0	-833.4140509	0.001474707556	-28031.3896200084	
833.3340509	94	5	1	0.9262338708	0.001471860241	94.15505096	5.81788266	0.02706637711	80.88364219	18.16651084	0.9498469723	0	63.38009805	36.61990195				0	0	0	-833.3340509	0.001471860241	-28162.3631448439	
833.2540509	94	5	1	0.9263479931	0.001469026153	94.14907925	5.823948987	0.02697176373	80.87172533	18.18042192	0.9478527422	0	63.38009805	36.61990195				0	0	0	-833.2540509	0.001469026153	-28293.6305372253	
833.1740509	94	5	1	0.9264617082	0.001466205197	94.14310834	5.830014126	0.02687753864	80.85981024	18.1943254	0.9458643625	0	63.38009805	36.61990195				0	0	0	-833.1740509	0.001466205197	-28425.1882193705	
833.0940509	94	5	1	0.9265750186	0.001463397282	94.13713821	5.836078086	0.02678369983	80.8478969	18.20822129	0.9438818076	0	63.38009805	36.61990195				0	0	0	-833.0940509	0.001463397282	-28557.0422137636	
833.0140509	94	5	1	0.9266879267	0.001460602316	94.13116887	5.84214088	0.02669024533	80.83598532	18.22210963	0.9419050523	0	63.38009805	36.61990195				0	0	0	-833.0140509	0.001460602316	-28689.1837779948	
832.9340509	94	5	1	0.926800435	0.001457820208	94.12520031	5.848202517	0.02659717316	80.82407549	18.23599044	0.9399340712	0	63.38009805	36.61990195				0	0	0	-832.9340509	0.001457820208	-28821.619478166	
832.8540509	94	5	1	0.9269125457	0.001455050869	94.11923251	5.854263009	0.02650448136	80.81216742	18.24986374	0.9379688394	0	63.38009805	36.61990195				0	0	0	-832.8540509	0.001455050869	-28954.3455608616	
832.7740509	94	5	1	0.9270242611	0.001452294209	94.11326547	5.860322366	0.026412168	80.80026111	18.26372956	0.9360093319	0	63.38009805	36.61990195				0	0	0	-832.7740509	0.001452294209	-29087.3692049165	
832.6940509	94	5	1	0.9271355837	0.001449550142	94.10729917	5.8663806	0.02632023113	80.78835656	18.27758791	0.9340555241	0	63.38009805	36.61990195				0	0	0	-832.6940509	0.001449550142	-29220.6866998415	
832.6140509	94	5	1	0.9272465157	0.001446818579	94.10133361	5.87243772	0.02622866885	80.77645377	18.29143884	0.9321073914	0	63.38009805	36.61990195				0	0	0	-832.6140509	0.001446818579	-29354.289557204	
832.5340509	94	5	1	0.9273570594	0.001444099434	94.09536878	5.878493737	0.02613747924	80.76455274	18.30528235	0.9301649093	0	63.38009805	36.61990195				0	0	0	-832.5340509	0.001444099434	-29488.1849390492	
832.4540509	94	5	1	0.927467217	0.001441392621	94.08940468	5.884548663	0.02604666041	80.75265347	18.31911847	0.9282280535	0	63.38009805	36.61990195				0	0	0	-832.4540509	0.001441392621	-29622.380677481	
832.3740509	94	5	1	0.9275769908	0.001438698057	94.08344128	5.890602506	0.02595621047	80.74075597	18.33294723	0.9262968	0	63.38009805	36.61990195				0	0	0	-832.3740509	0.001438698057	-29756.8623544857	
832.2940509	94	5	1	0.927686383	0.001436015655	94.07747859	5.896655279	0.02586612757	80.72886023	18.34676865	0.9243711247	0	63.38009805	36.61990195				0	0	0	-832.2940509	0.001436015655	-29891.6327406085	
832.2140509	94	5	1	0.9277953959	0.001433345334	94.0715166	5.90270699	0.02577640984	80.71696624	18.36058275	0.9224510038	0	63.38009805	36.61990195				0	0	0	-832.2140509	0.001433345334	-30026.699479659	
832.1340509	94	5	1	0.9279040316	0.00143068701	94.06555529	5.908757651	0.02568705544	80.70507403	18.37438956	0.9205364137	0	63.38009805	36.61990195				0	0	0	-832.1340509	0.00143068701	-30162.060046183	
832.0540509	94	5	1	0.9280122923	0.001428040603	94.05959467	5.914807272	0.02559806253	80.69318358	18.38818909	0.9186273307	0	63.38009805	36.61990195				0	0	0	-832.0540509	0.001428040603	-30297.7111995185	
831.9740509	94	5	1	0.9281201801	0.00142540603	94.05363471	5.920855863	0.02550942929	80.68129489	18.40198138	0.9167237314	0	63.38009805	36.61990195				0	0	0	-831.9740509	0.00142540603	-30433.650410905	
831.8940509	94	5	1	0.9282276972	0.001422783212	94.04767541	5.926903434	0.02542115393	80.66940797	18.41576644	0.9148255926	0	63.38009805	36.61990195				0	0	0	-831.8940509	0.001422783212	-30569.8803226888	
831.8140509	94	5	1	0.9283348457	0.001420172068	94.04171677	5.932949995	0.02533323462	80.65752281	18.42954429	0.9129328912	0	63.38009805	36.61990195				0	0	0	-831.8140509	0.001420172068	-30706.4044069925	
831.7340509	94	5	1	0.9284416278	0.001417572521	94.03575877	5.938995556	0.0252456696	80.64563943	18.44331497	0.9110456042	0	63.38009805	36.61990195				0	0	0	-831.7340509	0.001417572521	-30843.219725575	
831.6540509	94	5	1	0.9285480454	0.001414984491	94.02980142	5.945040127	0.02515845709	80.63375781	18.45707849	0.9091637087	0	63.38009805	36.61990195				0	0	0	-831.6540509	0.001414984491	-30980.3240811279	
831.5740509	94	5	1	0.9286541007	0.001412407902	94.02384469	5.951083719	0.02507159533	80.62187795	18.47083486	0.907287182	0	63.38009805	36.61990195				0	0	0	-831.5740509	0.001412407902	-31117.7206504912	
831.4940509	94	5	1	0.9287597957	0.001409842676	94.01788858	5.95712634	0.02498508256	80.60999987	18.48458413	0.9054160015	0	63.38009805	36.61990195				0	0	0	-831.4940509	0.001409842676	-31255.4073131132	
831.4140509	94	5	1	0.9288651324	0.001407288738	94.01193308	5.963168002	0.02489891704	80.59812356	18.4983263	0.9035501448	0	63.38009805	36.61990195				0	0	0	-831.4140509	0.001407288738	-31393.3938543507	
831.3340509	94	5	1	0.928970113	0.001404746013	94.00597819	5.969208713	0.02481309705	80.58624901	18.5120614	0.9016895897	0	63.38009805	36.61990195				0	0	0	-831.3340509	0.001404746013	-31531.6594890954	
831.2540509	94	5	1	0.9290747393	0.001402214424	94.0000239	5.975248484	0.02472762086	80.57437624	18.52578945	0.8998343138	0	63.38009805	36.61990195				0	0	0	-831.2540509	0.001402214424	-31670.2146316083	
831.1740509	94	5	1	0.9291790134	0.001399693899	93.99407019	5.981287323	0.02464248678	80.56250523	18.53951047	0.8979842952	0	63.38009805	36.61990195				0	0	0	-831.1740509	0.001399693899	-31809.0693888397	
831.0940509	94	5	1	0.9292829372	0.001397184364	93.98811707	5.987325242	0.0245576931	80.550636	18.55322449	0.896139512	0	63.38009805	36.61990195				0	0	0	-831.0940509	0.001397184364	-31948.2093617556	
831.0140509	94	5	1	0.9293865128	0.001394685746	93.98216451	5.993362249	0.02447323814	80.53876854	18.56693152	0.8942999423	0	63.38009805	36.61990195				0	0	0	-831.0140509	0.001394685746	-32087.6453657098	
830.9340509	94	5	1	0.929489742	0.001392197974	93.97621253	5.999398354	0.02438912022	80.52690285	18.58063158	0.8924655645	0	63.38009805	36.61990195				0	0	0	-830.9340509	0.001392197974	-32227.3623884752	
830.8540509	94	5	1	0.9295926268	0.001389720974	93.9702611	6.005433566	0.02430533768	80.51503894	18.59432471	0.8906363571	0	63.38009805	36.61990195				0	0	0	-830.8540509	0.001389720974	-32367.3719747989	
830.7740509	94	5	1	0.929695169	0.001387254678	93.96431022	6.011467895	0.02422188888	80.50317679	18.60801091	0.8888122987	0	63.38009805	36.61990195				0	0	0	-830.7740509	0.001387254678	-32507.6784772789	
830.6940509	94	5	1	0.9297973707	0.001384799014	93.95835988	6.01750135	0.02413877215	80.49131643	18.6216902	0.886993368	0	63.38009805	36.61990195				0	0	0	-830.6940509	0.001384799014	-32648.2674880268	
830.6140509	94	5	1	0.9298992336	0.001382353913	93.95241007	6.023533941	0.02405598588	80.47945783	18.63536262	0.8851795439	0	63.38009805	36.61990195				0	0	0	-830.6140509	0.001382353913	-32789.1504876723	
830.5340509	94	5	1	0.9300007597	0.001379919306	93.94646079	6.029565677	0.02397352844	80.46760102	18.64902818	0.8833708052	0	63.38009805	36.61990195				0	0	0	-830.5340509	0.001379919306	-32930.3261300764	
830.4540509	94	5	1	0.9301019507	0.001377495125	93.94051203	6.035596567	0.02389139821	80.45574597	18.6626869	0.8815671312	0	63.38009805	36.61990195				0	0	0	-830.4540509	0.001377495125	-33071.7861014256	
830.3740509	94	5	1	0.9302028087	0.001375081301	93.93456379	6.041626621	0.0238095936	80.44389271	18.67633879	0.879768501	0	63.38009805	36.61990195				0	0	0	-830.3740509	0.001375081301	-33213.5290838558	
830.2940509	94	5	1	0.9303033352	0.001372677767	93.92861604	6.047655847	0.02372811301	80.43204121	18.68998389	0.877974894	0	63.38009805	36.61990195				0	0	0	-830.2940509	0.001372677767	-33355.5744915332	
830.2140509	94	5	1	0.9304035322	0.001370284458	93.92266879	6.053684255	0.02364695487	80.4201915	18.70362221	0.8761862896	0	63.38009805	36.61990195				0	0	0	-830.2140509	0.001370284458	-33497.9071337773	
830.1340509	94	5	1	0.9305034016	0.001367901306	93.91672203	6.059711854	0.02356611759	80.40834356	18.71725377	0.8744026674	0	63.38009805	36.61990195				0	0	0	-830.1340509	0.001367901306	-33640.5262552038	
830.0540509	94	5	1	0.9306029449	0.001365528247	93.91077575	6.065738653	0.02348559963	80.39649741	18.73087859	0.8726240071	0	63.38009805	36.61990195				0	0	0	-830.0540509	0.001365528247	-33783.4375112133	
829.9740509	94	5	1	0.9307021641	0.001363165215	93.90482994	6.07176466	0.02340539941	80.38465302	18.74449669	0.8708502885	0	63.38009805	36.61990195				0	0	0	-829.9740509	0.001363165215	-33926.6330649357	
829.8940509	94	5	1	0.9308010609	0.001360812146	93.8988846	6.077789886	0.02332551541	80.37281042	18.75810809	0.8690814914	0	63.38009805	36.61990195				0	0	0	-829.8940509	0.001360812146	-34070.1190432982	
829.8140509	94	5	1	0.930899637	0.001358468976	93.89293972	6.083814338	0.02324594609	80.3609696	18.7717128	0.8673175961	0	63.38009805	36.61990195				0	0	0	-829.8140509	0.001358468976	-34213.8947424756	
829.7340509	94	5	1	0.9309978942	0.001356135642	93.88699528	6.089838026	0.02316668992	80.34913056	18.78531086	0.8655585825	0	63.38009805	36.61990195				0	0	0	-829.7340509	0.001356135642	-34357.9593992948	
829.6540509	94	5	1	0.9310958341	0.001353812081	93.8810513	6.095860958	0.02308774539	80.33729329	18.79890228	0.8638044311	0	63.38009805	36.61990195				0	0	0	-829.6540509	0.001353812081	-34502.3124388335	
829.5740509	94	5	1	0.9311934585	0.001351498231	93.87510775	6.101883143	0.02300911099	80.32545781	18.81248707	0.8620551221	0	63.38009805	36.61990195				0	0	0	-829.5740509	0.001351498231	-34646.9607948428	
829.4940509	94	5	1	0.9312907692	0.001349194031	93.86916462	6.107904591	0.02293078524	80.31362411	18.82606526	0.860310636	0	63.38009805	36.61990195				0	0	0	-829.4940509	0.001349194031	-34791.8888364282	
829.4140509	94	5	1	0.9313877676	0.001346899418	93.86322192	6.113925309	0.02285276664	80.30179218	18.83963686	0.8585709535	0	63.38009805	36.61990195				0	0	0	-829.4140509	0.001346899418	-34937.1039535403	
829.3340509	94	5	1	0.9314844556	0.001344614333	93.85727964	6.119945306	0.02277505371	80.28996204	18.8532019	0.8568360553	0	63.38009805	36.61990195				0	0	0	-829.3340509	0.001344614333	-35082.6208616952	
829.2540509	94	5	1	0.9315808347	0.001342338716	93.85133776	6.125964592	0.02269764498	80.27813369	18.86676039	0.8551059221	0	63.38009805	36.61990195				0	0	0	-829.2540509	0.001342338716	-35228.4163960263	
829.1740509	94	5	1	0.9316769067	0.001340072506	93.84539629	6.131983173	0.02262053901	80.26630711	18.88031235	0.853380535	0	63.38009805	36.61990195				0	0	0	-829.1740509	0.001340072506	-35374.4982441116	
829.0940509	94	5	1	0.9317726731	0.001337815645	93.83945521	6.13800106	0.02254373433	80.25448232	18.89385781	0.8516598749	0	63.38009805	36.61990195				0	0	0	-829.0940509	0.001337815645	-35520.8739173282	
829.0140509	94	5	1	0.9318681356	0.001335568074	93.83351451	6.144018261	0.0224672295	80.24265931	18.90739677	0.849943923	0	63.38009805	36.61990195				0	0	0	-829.0140509	0.001335568074	-35667.5357555924	
828.9340509	94	5	1	0.9319632958	0.001333329735	93.82757419	6.150034783	0.0223910231	80.23083808	18.92092926	0.8482326605	0	63.38009805	36.61990195				0	0	0	-828.9340509	0.001333329735	-35814.4918292767	
828.8540509	94	5	1	0.9320581552	0.001331100571	93.82163425	6.156050636	0.02231511369	80.21901864	18.93445529	0.8465260689	0	63.38009805	36.61990195				0	0	0	-828.8540509	0.001331100571	-35961.7261136594	
828.7740509	94	5	1	0.9321527155	0.001328880523	93.81569467	6.162065828	0.02223949986	80.20720098	18.94797489	0.8448241295	0	63.38009805	36.61990195				0	0	0	-828.7740509	0.001328880523	-36109.2471884673	
828.6940509	94	5	1	0.9322469782	0.001326669536	93.80975545	6.168080367	0.02216418021	80.1953851	18.96148807	0.843126824	0	63.38009805	36.61990195				0	0	0	-828.6940509	0.001326669536	-36257.0631963328	
828.6140509	94	5	1	0.9323409448	0.001324467553	93.80381659	6.174094262	0.02208915334	80.18357101	18.97499485	0.8414341339	0	63.38009805	36.61990195				0	0	0	-828.6140509	0.001324467553	-36405.1667425153	
828.5340509	94	5	1	0.932434617	0.001322274519	93.79787806	6.18010752	0.02201441784	80.17175871	18.98849525	0.8397460411	0	63.38009805	36.61990195				0	0	0	-828.5340509	0.001322274519	-36553.5581445743	
828.4540509	94	5	1	0.9325279963	0.001320090378	93.79193988	6.18612015	0.02193997236	80.15994819	19.00198928	0.8380625274	0	63.38009805	36.61990195				0	0	0	-828.4540509	0.001320090378	-36702.2382253042	
828.3740509	94	5	1	0.9326210841	0.001317915076	93.78600202	6.19213216	0.0218658155	80.14813946	19.01547697	0.8363835749	0	63.38009805	36.61990195				0	0	0	-828.3740509	0.001317915076	-36851.1989472523	
828.2940509	94	5	1	0.9327138821	0.001315748557	93.7800645	6.198143559	0.02179194591	80.13633251	19.02895833	0.8347091654	0	63.38009805	36.61990195				0	0	0	-828.2940509	0.001315748557	-37000.4499005066	
828.2140509	94	5	1	0.9328063916	0.001313590769	93.77412728	6.204154354	0.02171836222	80.12452735	19.04243337	0.8330392814	0	63.38009805	36.61990195				0	0	0	-828.2140509	0.001313590769	-37149.9915386158	
828.1340509	94	5	1	0.9328986142	0.001311441657	93.76819038	6.210164554	0.0216450631	80.11272397	19.05590212	0.8313739049	0	63.38009805	36.61990195				0	0	0	-828.1340509	0.001311441657	-37299.8166281815	
828.0540509	94	5	1	0.9329905515	0.001309301169	93.76225379	6.216174166	0.02157204719	80.10092239	19.0693646	0.8297130184	0	63.38009805	36.61990195				0	0	0	-828.0540509	0.001309301169	-37449.9346067938	
827.9740509	94	5	1	0.9330822047	0.001307169252	93.75631749	6.222183198	0.02149931317	80.08912259	19.08282081	0.8280566044	0	63.38009805	36.61990195				0	0	0	-827.9740509	0.001307169252	-37600.3380534788	
827.8940509	94	5	1	0.9331735755	0.001305045854	93.75038148	6.22819166	0.02142685971	80.07732457	19.09627078	0.8264046453	0	63.38009805	36.61990195				0	0	0	-827.8940509	0.001305045854	-37751.0191013227	
827.8140509	94	5	1	0.9332646652	0.001302930922	93.74444576	6.234199557	0.02135468549	80.06552835	19.10971453	0.8247571239	0	63.38009805	36.61990195				0	0	0	-827.8140509	0.001302930922	-37901.9971506583	
827.7340509	94	5	1	0.9333554753	0.001300824407	93.73851031	6.240206899	0.02128278921	80.05373391	19.12315206	0.8231140228	0	63.38009805	36.61990195				0	0	0	-827.7340509	0.001300824407	-38053.2642169532	
827.6540509	94	5	1	0.9334460072	0.001298726256	93.73257514	6.246213694	0.02121116956	80.04194127	19.13658341	0.821475325	0	63.38009805	36.61990195				0	0	0	-827.6540509	0.001298726256	-38204.813299809	
827.5740509	94	5	1	0.9335362624	0.00129663642	93.72664023	6.252219948	0.02113982525	80.03015041	19.15000858	0.8198410134	0	63.38009805	36.61990195				0	0	0	-827.5740509	0.00129663642	-38356.6453516872	
827.4940509	94	5	1	0.9336262423	0.001294554847	93.72070557	6.25822567	0.02106875499	80.01836134	19.16342759	0.818211071	0	63.38009805	36.61990195				0	0	0	-827.4940509	0.001294554847	-38508.7718091338	
827.4140509	94	5	1	0.9337159481	0.00129248149	93.71477117	6.264230868	0.02099795751	80.00657405	19.17684046	0.8165854809	0	63.38009805	36.61990195				0	0	0	-827.4140509	0.00129248149	-38661.1845365056	
827.3340509	94	5	1	0.9338053814	0.001290416297	93.70883702	6.270235549	0.02092743153	79.99478856	19.19024721	0.8149642263	0	63.38009805	36.61990195				0	0	0	-827.3340509	0.001290416297	-38813.8767046584	
827.2540509	94	5	1	0.9338945436	0.001288359221	93.7029031	6.276239721	0.02085717579	79.98300486	19.20364785	0.8133472905	0	63.38009805	36.61990195				0	0	0	-827.2540509	0.001288359221	-38966.8589789344	
827.1740509	94	5	1	0.9339834359	0.001286310212	93.69696942	6.282243392	0.02078718903	79.97122295	19.21704239	0.811734657	0	63.38009805	36.61990195				0	0	0	-827.1740509	0.001286310212	-39120.1243673912	
827.0940509	94	5	1	0.9340720597	0.001284269223	93.69103596	6.288246569	0.02071747001	79.95944283	19.23043086	0.8101263092	0	63.38009805	36.61990195				0	0	0	-827.0940509	0.001284269223	-39273.6842560531	
827.0140509	94	5	1	0.9341604165	0.001282236206	93.68510272	6.29424926	0.02064801748	79.9476645	19.24381327	0.8085222307	0	63.38009805	36.61990195				0	0	0	-827.0140509	0.001282236206	-39427.5314934985	
826.9340509	94	5	1	0.9342485075	0.001280211114	93.6791697	6.300251473	0.02057883021	79.93588796	19.25718964	0.8069224052	0	63.38009805	36.61990195				0	0	0	-826.9340509	0.001280211114	-39581.6584706866	
826.8540509	94	5	1	0.934336334	0.001278193899	93.67323688	6.306253215	0.02050990698	79.92411321	19.27055998	0.8053268163	0	63.38009805	36.61990195				0	0	0	-826.8540509	0.001278193899	-39736.0676703381	
826.7740509	94	5	1	0.9344238975	0.001276184515	93.66730426	6.312254493	0.02044124656	79.91234025	19.2839243	0.803735448	0	63.38009805	36.61990195				0	0	0	-826.7740509	0.001276184515	-39890.771289717	
826.6940509	94	5	1	0.9345111991	0.001274182916	93.66137184	6.318255315	0.02037284774	79.90056908	19.29728264	0.8021482841	0	63.38009805	36.61990195				0	0	0	-826.6940509	0.001274182916	-40045.7620942251	
826.6140509	94	5	1	0.9345982402	0.001272189056	93.6554396	6.324255688	0.02030470931	79.8887997	19.31063499	0.8005653087	0	63.38009805	36.61990195				0	0	0	-826.6140509	0.001272189056	-40201.0326962628	
826.5340509	94	5	1	0.9346850221	0.001270202889	93.64950755	6.330255621	0.02023683008	79.87703212	19.32398137	0.7989865058	0	63.38009805	36.61990195				0	0	0	-826.5340509	0.001270202889	-40356.5960693562	
826.4540509	94	5	1	0.9347715461	0.001268224371	93.64357567	6.336255119	0.02016920885	79.86526633	19.33732181	0.7974118596	0	63.38009805	36.61990195				0	0	0	-826.4540509	0.001268224371	-40512.4343382755	
826.3740509	94	5	1	0.9348578135	0.001266253455	93.63764396	6.342254191	0.02010184444	79.85350233	19.35065632	0.7958413545	0	63.38009805	36.61990195				0	0	0	-826.3740509	0.001266253455	-40668.5611947748	
826.2940509	94	5	1	0.9349438255	0.001264290099	93.63171242	6.348252844	0.02003473568	79.84174012	19.36398491	0.7942749746	0	63.38009805	36.61990195				0	0	0	-826.2940509	0.001264290099	-40824.9895485067	
826.2140509	94	5	1	0.9350295833	0.001262334258	93.62578103	6.354251085	0.01996788138	79.8299797	19.37730759	0.7927127046	0	63.38009805	36.61990195				0	0	0	-826.2140509	0.001262334258	-40981.6917605772	
826.1340509	94	5	1	0.9351150883	0.001260385888	93.6198498	6.360248921	0.01990128039	79.81822108	19.39062439	0.7911545288	0	63.38009805	36.61990195				0	0	0	-826.1340509	0.001260385888	-41138.6707362523	
826.0540509	94	5	1	0.9352003417	0.001258444945	93.61391871	6.36624636	0.01983493155	79.80646425	19.40393532	0.7896004318	0	63.38009805	36.61990195				0	0	0	-826.0540509	0.001258444945	-41295.940451464	
825.9740509	94	5	1	0.9352853446	0.001256511387	93.60798776	6.372243408	0.0197688337	79.79470921	19.41724039	0.7880503984	0	63.38009805	36.61990195				0	0	0	-825.9740509	0.001256511387	-41453.5042366012	
825.8940509	94	5	1	0.9353700984	0.001254585171	93.60205694	6.378240074	0.0197029857	79.78295597	19.43053962	0.7865044133	0	63.38009805	36.61990195				0	0	0	-825.8940509	0.001254585171	-41611.3551852532	
825.8140509	94	5	1	0.9354546043	0.001252666255	93.59612625	6.384236363	0.01963738642	79.77120452	19.44383302	0.7849624613	0	63.38009805	36.61990195				0	0	0	-825.8140509	0.001252666255	-41769.4859174045	
825.7340509	94	5	1	0.9355388633	0.001250754596	93.59019568	6.390232283	0.01957203473	79.75945486	19.45712061	0.7834245273	0	63.38009805	36.61990195				0	0	0	-825.7340509	0.001250754596	-41927.8892339488	
825.6540509	94	5	1	0.9356228769	0.001248850152	93.58426523	6.396227842	0.01950692949	79.747707	19.4704024	0.7818905963	0	63.38009805	36.61990195				0	0	0	-825.6540509	0.001248850152	-42086.5909186588	
825.5740509	94	5	1	0.9357066461	0.001246952883	93.57833488	6.402223046	0.01944206959	79.73596093	19.48367842	0.7803606534	0	63.38009805	36.61990195				0	0	0	-825.5740509	0.001246952883	-42245.5837290638	
825.4940509	94	5	1	0.935790172	0.001245062747	93.57240464	6.408217902	0.01937745391	79.72421665	19.49694866	0.7788346838	0	63.38009805	36.61990195				0	0	0	-825.4940509	0.001245062747	-42404.849625171	
825.4140509	94	5	1	0.935873456	0.001243179703	93.5664745	6.414212417	0.01931308136	79.71247417	19.51021316	0.7773126726	0	63.38009805	36.61990195				0	0	0	-825.4140509	0.001243179703	-42564.4038045517	
825.3340509	94	5	1	0.9359564992	0.001241303711	93.56054445	6.420206599	0.01924895083	79.70073348	19.52347191	0.7757946052	0	63.38009805	36.61990195				0	0	0	-825.3340509	0.001241303711	-42724.2505040579	
825.2540509	94	5	1	0.9360393027	0.001239434731	93.55461449	6.426200453	0.01918506122	79.68899459	19.53672494	0.7742804669	0	63.38009805	36.61990195				0	0	0	-825.2540509	0.001239434731	-42884.3711692181	
825.1740509	94	5	1	0.9361218677	0.001237572722	93.5486846	6.432193988	0.01912141146	79.67725749	19.54997227	0.7727702432	0	63.38009805	36.61990195				0	0	0	-825.1740509	0.001237572722	-43044.7819300166	
825.0940509	94	5	1	0.9362041952	0.001235717646	93.54275479	6.438187209	0.01905800045	79.66552219	19.56321389	0.7712639196	0	63.38009805	36.61990195				0	0	0	-825.0940509	0.001235717646	-43205.4870220417	
825.0140509	94	5	1	0.9362862866	0.001233869463	93.53682505	6.444180124	0.01899482713	79.65378868	19.57644984	0.7697614817	0	63.38009805	36.61990195				0	0	0	-825.0140509	0.001233869463	-43366.4562273273	
824.9340509	94	5	1	0.9363681428	0.001232028133	93.53089537	6.45017274	0.01893189043	79.64205696	19.58968012	0.7682629152	0	63.38009805	36.61990195				0	0	0	-824.9340509	0.001232028133	-43527.7177875447	
824.8540509	94	5	1	0.936449765	0.001230193619	93.52496575	6.456165062	0.01886918927	79.63032704	19.60290476	0.7667682059	0	63.38009805	36.61990195				0	0	0	-824.8540509	0.001230193619	-43689.2762940798	
824.7740509	94	5	1	0.9365311544	0.001228365882	93.51903618	6.462157099	0.01880672261	79.61859891	19.61612375	0.7652773396	0	63.38009805	36.61990195				0	0	0	-824.7740509	0.001228365882	-43851.1132174268	
824.6940509	94	5	1	0.9366123119	0.001226544884	93.51310665	6.468148857	0.0187444894	79.60687258	19.62933712	0.7637903021	0	63.38009805	36.61990195				0	0	0	-824.6940509	0.001226544884	-44013.2333978216	
824.6140509	94	5	1	0.9366932388	0.001224730587	93.50717717	6.474140342	0.01868248858	79.59514805	19.64254488	0.7623070794	0	63.38009805	36.61990195				0	0	0	-824.6140509	0.001224730587	-44175.6297830551	
824.5340509	94	5	1	0.9367739361	0.001222922953	93.50124772	6.480131561	0.01862071913	79.5834253	19.65574704	0.7608276576	0	63.38009805	36.61990195				0	0	0	-824.5340509	0.001222922953	-44338.3199354999	
824.4540509	94	5	1	0.9368544049	0.001221121946	93.4953183	6.486122521	0.01855918	79.57170436	19.66894362	0.7593520228	0	63.38009805	36.61990195				0	0	0	-824.4540509	0.001221121946	-44501.2967053213	
824.3740509	94	5	1	0.9369346463	0.001219327528	93.4893889	6.492113229	0.01849787016	79.55998521	19.68213463	0.7578801612	0	63.38009805	36.61990195				0	0	0	-824.3740509	0.001219327528	-44664.5409692556	
824.2940509	94	5	1	0.9370146613	0.001217539662	93.48345952	6.49810369	0.01843678861	79.54826785	19.69532009	0.756412059	0	63.38009805	36.61990195				0	0	0	-824.2940509	0.001217539662	-44828.0831626526	
824.2140509	94	5	1	0.937094451	0.001215758313	93.47753015	6.504093912	0.01837593431	79.53655229	19.7085	0.7549477025	0	63.38009805	36.61990195				0	0	0	-824.2140509	0.001215758313	-44991.9162687855	
824.1340509	94	5	1	0.9371740165	0.001213983444	93.47160079	6.510083902	0.01831530626	79.52483853	19.72167439	0.7534870782	0	63.38009805	36.61990195				0	0	0	-824.1340509	0.001213983444	-45156.0338715601	
824.0540509	94	5	1	0.9372533588	0.00121221502	93.46567143	6.516073664	0.01825490346	79.51312656	19.73484327	0.7520301725	0	63.38009805	36.61990195				0	0	0	-824.0540509	0.00121221502	-45320.4286826207	
823.9740509	94	5	1	0.937332479	0.001210453004	93.45974207	6.522063208	0.01819472489	79.50141639	19.74800664	0.7505769718	0	63.38009805	36.61990195				0	0	0	-823.9740509	0.001210453004	-45485.0940197653	
823.8940509	94	5	1	0.937411378	0.001208697361	93.45381269	6.528052537	0.01813476958	79.48970801	19.76116453	0.7491274629	0	63.38009805	36.61990195				0	0	0	-823.8940509	0.001208697361	-45650.0616753094	
823.8140509	94	5	1	0.937490057	0.001206948057	93.4478833	6.53404166	0.01807503653	79.47800143	19.77431694	0.7476816324	0	63.38009805	36.61990195				0	0	0	-823.8140509	0.001206948057	-45815.3117695681	
823.7340509	94	5	1	0.9375685168	0.001205205056	93.44195389	6.540030583	0.01801552476	79.46629664	19.78746389	0.746239467	0	63.38009805	36.61990195				0	0	0	-823.7340509	0.001205205056	-45980.8377879981	
823.6540509	94	5	1	0.9376467587	0.001203468324	93.43602446	6.546019311	0.01795623328	79.45459365	19.8006054	0.7448009535	0	63.38009805	36.61990195				0	0	0	-823.6540509	0.001203468324	-46146.6457299654	
823.5740509	94	5	1	0.9377247835	0.001201737826	93.43009499	6.552007851	0.01789716114	79.44289245	19.81374147	0.7433660787	0	63.38009805	36.61990195				0	0	0	-823.5740509	0.001201737826	-46312.7424152726	
823.4940509	94	5	1	0.9378025923	0.001200013529	93.42416548	6.557996211	0.01783830735	79.43119305	19.82687212	0.7419348297	0	63.38009805	36.61990195				0	0	0	-823.4940509	0.001200013529	-46479.1343428409	
823.4140509	94	5	1	0.937880186	0.001198295399	93.41823593	6.563984395	0.01777967097	79.41949545	19.83999736	0.7405071933	0	63.38009805	36.61990195				0	0	0	-823.4140509	0.001198295399	-46645.8014537241	
823.3340509	94	5	1	0.9379575657	0.001196583402	93.41230634	6.56997241	0.01772125103	79.40779964	19.8531172	0.7390831567	0	63.38009805	36.61990195				0	0	0	-823.3340509	0.001196583402	-46812.7505653442	
823.2540509	94	5	1	0.9380347323	0.001194877505	93.40637669	6.575960264	0.01766304657	79.39610563	19.86623166	0.737662707	0	63.38009805	36.61990195				0	0	0	-823.2540509	0.001194877505	-46979.9885602662	
823.1740509	94	5	1	0.9381116868	0.001193177675	93.40044698	6.58194796	0.01760505667	79.38441341	19.87934075	0.7362458314	0	63.38009805	36.61990195				0	0	0	-823.1740509	0.001193177675	-47147.5087881677	
823.0940509	94	5	1	0.9381884302	0.001191483879	93.39451721	6.587935507	0.01754728036	79.37272299	19.89244449	0.734832517	0	63.38009805	36.61990195				0	0	0	-823.0940509	0.001191483879	-47315.3044701151	
823.0140509	94	5	1	0.9382649634	0.001189796084	93.38858737	6.59392291	0.01748971673	79.36103437	19.90554288	0.7334227513	0	63.38009805	36.61990195				0	0	0	-823.0140509	0.001189796084	-47483.3828895335	
822.9340509	94	5	1	0.9383412874	0.001188114258	93.38265746	6.599910176	0.01743236483	79.34934754	19.91863594	0.7320165216	0	63.38009805	36.61990195				0	0	0	-822.9340509	0.001188114258	-47651.7514010487	
822.8540509	94	5	1	0.9384174032	0.001186438369	93.37672747	6.60589731	0.01737522374	79.33766251	19.93172368	0.7306138154	0	63.38009805	36.61990195				0	0	0	-822.8540509	0.001186438369	-47820.4178330856	
822.7740509	94	5	1	0.9384933117	0.001184768386	93.37079739	6.611884319	0.01731829255	79.32597927	19.94480611	0.72921462	0	63.38009805	36.61990195				0	0	0	-822.7740509	0.001184768386	-47989.3611017257	
822.6940509	94	5	1	0.9385690138	0.001183104276	93.36486722	6.617871209	0.01726157033	79.31429783	19.95788325	0.7278189232	0	63.38009805	36.61990195				0	0	0	-822.6940509	0.001183104276	-48158.5601976115	
822.6140509	94	5	1	0.9386445104	0.001181446007	93.35893696	6.623857986	0.01720505617	79.30261818	19.97095511	0.7264267126	0	63.38009805	36.61990195				0	0	0	-822.6140509	0.001181446007	-48328.0664662818	
822.5340509	94	5	1	0.9387198026	0.00117979355	93.3530066	6.629844655	0.01714874917	79.29094033	19.98402169	0.7250379757	0	63.38009805	36.61990195				0	0	0	-822.5340509	0.00117979355	-48497.8583403851	
822.4540509	94	5	1	0.9387948912	0.001178146872	93.34707613	6.635831224	0.01709264843	79.27926428	19.99708302	0.7236527004	0	63.38009805	36.61990195				0	0	0	-822.4540509	0.001178146872	-48667.9300608063	
822.3740509	94	5	1	0.9388697771	0.001176505944	93.34114555	6.641817698	0.01703675306	79.26759002	20.01013911	0.7222708745	0	63.38009805	36.61990195				0	0	0	-822.3740509	0.001176505944	-48838.2891072725	
822.2940509	94	5	1	0.9389444613	0.001174870734	93.33521485	6.647804083	0.01698106215	79.25591755	20.02318996	0.7208924858	0	63.38009805	36.61990195				0	0	0	-822.2940509	0.001174870734	-49008.9144681144	
822.2140509	94	5	1	0.9390189446	0.001173241212	93.32928404	6.653790386	0.01692557482	79.24424688	20.03623559	0.7195175223	0	63.38009805	36.61990195				0	0	0	-822.2140509	0.001173241212	-49179.8292134297	
822.1340509	94	5	1	0.939093228	0.001171617348	93.3233531	6.659776611	0.0168702902	79.23257801	20.04927602	0.7181459719	0	63.38009805	36.61990195				0	0	0	-822.1340509	0.001171617348	-49351.0422201883	
822.0540509	94	5	1	0.9391673123	0.001169999113	93.31742203	6.665762765	0.01681520741	79.22091093	20.06231124	0.7167778227	0	63.38009805	36.61990195				0	0	0	-822.0540509	0.001169999113	-49522.5315882115	
821.9740509	94	5	1	0.9392411984	0.001168386476	93.31149082	6.671748854	0.01676032556	79.20924565	20.07534128	0.7154130628	0	63.38009805	36.61990195				0	0	0	-821.9740509	0.001168386476	-49694.2910472091	
821.8940509	94	5	1	0.9393148872	0.001166779408	93.30555947	6.677734884	0.0167056438	79.19758217	20.08836615	0.7140516803	0	63.38009805	36.61990195				0	0	0	-821.8940509	0.001166779408	-49866.3446514206	
821.8140509	94	5	1	0.9393883796	0.00116517788	93.29962798	6.683720861	0.01665116126	79.18592047	20.10138586	0.7126936634	0	63.38009805	36.61990195				0	0	0	-821.8140509	0.00116517788	-50038.6861039533	
821.7340509	94	5	1	0.9394616765	0.001163581863	93.29369633	6.68970679	0.01659687709	79.17426058	20.11440042	0.7113390005	0	63.38009805	36.61990195				0	0	0	-821.7340509	0.001163581863	-50211.3089889523	
821.6540509	94	5	1	0.9395347787	0.001161991328	93.28776453	6.695692678	0.01654279042	79.16260248	20.12740984	0.7099876798	0	63.38009805	36.61990195				0	0	0	-821.6540509	0.001161991328	-50384.2227458128	
821.5740509	94	5	1	0.9396076871	0.001160406247	93.28183257	6.70167853	0.01648890042	79.15094617	20.14041414	0.7086396898	0	63.38009805	36.61990195				0	0	0	-821.5740509	0.001160406247	-50557.4047432506	
821.4940509	94	5	1	0.9396804025	0.00115882659	93.27590044	6.707664352	0.01643520623	79.13929166	20.15341332	0.7072950188	0	63.38009805	36.61990195				0	0	0	-821.4940509	0.00115882659	-50730.8648371029	
821.4140509	94	5	1	0.9397529258	0.00115725233	93.26996814	6.713650149	0.01638170701	79.12763894	20.1664074	0.7059536554	0	63.38009805	36.61990195				0	0	0	-821.4140509	0.00115725233	-50904.6121066199	
821.3340509	94	5	1	0.9398252579	0.001155683438	93.26403567	6.719635929	0.01632840194	79.11598802	20.17939639	0.7046155881	0	63.38009805	36.61990195				0	0	0	-821.3340509	0.001155683438	-51078.6570554224	
821.2540509	94	5	1	0.9398973995	0.001154119888	93.25810301	6.725621695	0.01627529017	79.1043389	20.1923803	0.7032808055	0	63.38009805	36.61990195				0	0	0	-821.2540509	0.001154119888	-51252.9763495322	
821.1740509	94	5	1	0.9399693515	0.00115256165	93.25217017	6.731607455	0.01622237088	79.09269156	20.20535914	0.7019492964	0	63.38009805	36.61990195				0	0	0	-821.1740509	0.00115256165	-51427.5809332145	
821.0940509	94	5	1	0.9400411148	0.001151008699	93.24623714	6.737593213	0.01616964324	79.08104603	20.21833292	0.7006210493	0	63.38009805	36.61990195				0	0	0	-821.0940509	0.001151008699	-51602.463314193	
821.0140509	94	5	1	0.9401126901	0.001149461005	93.24030392	6.743578976	0.01611710645	79.06940228	20.23130166	0.6992960531	0	63.38009805	36.61990195				0	0	0	-821.0140509	0.001149461005	-51777.6181301436	
820.9340509	94	5	1	0.9401840783	0.001147918543	93.23437049	6.749564748	0.01606475968	79.05776033	20.24426537	0.6979742965	0	63.38009805	36.61990195				0	0	0	-820.9340509	0.001147918543	-51953.0885938746	
820.8540509	94	5	1	0.9402552802	0.001146381286	93.22843686	6.755550537	0.01601260212	79.04612018	20.25722405	0.6966557686	0	63.38009805	36.61990195				0	0	0	-820.8540509	0.001146381286	-52128.8181685242	
820.7740509	94	5	1	0.9403262965	0.001144849206	93.22250302	6.761536346	0.01596063298	79.03448182	20.27017772	0.6953404581	0	63.38009805	36.61990195				0	0	0	-820.7740509	0.001144849206	-52304.8174574491	
820.6940509	94	5	1	0.9403971282	0.001143322277	93.21656897	6.767522183	0.01590885144	79.02284525	20.28312639	0.6940283541	0	63.38009805	36.61990195				0	0	0	-820.6940509	0.001143322277	-52481.1313778092	
820.6140509	94	5	1	0.940467776	0.001141800474	93.21063469	6.773508052	0.01585725671	79.01121048	20.29607008	0.6927194455	0	63.38009805	36.61990195				0	0	0	-820.6140509	0.001141800474	-52657.71911857	
820.5340509	94	5	1	0.9405382407	0.001140283769	93.20470019	6.779493959	0.015805848	78.9995775	20.30900878	0.6914137216	0	63.38009805	36.61990195				0	0	0	-820.5340509	0.001140283769	-52834.5748812586	
820.4540509	94	5	1	0.9406085231	0.001138772137	93.19876547	6.785479909	0.01575462451	78.98794631	20.32194251	0.6901111714	0	63.38009805	36.61990195				0	0	0	-820.4540509	0.001138772137	-53011.7267185319	
820.3740509	94	5	1	0.9406786239	0.001137265552	93.19283051	6.791465909	0.01570358547	78.97631692	20.33487129	0.6888117841	0	63.38009805	36.61990195				0	0	0	-820.3740509	0.001137265552	-53189.1510439727	
820.2940509	94	5	1	0.940748544	0.001135763988	93.18689531	6.797451963	0.01565273009	78.96468932	20.34779513	0.6875155489	0	63.38009805	36.61990195				0	0	0	-820.2940509	0.001135763988	-53366.859289724	
820.2140509	94	5	1	0.9408182841	0.00113426742	93.18095986	6.803438077	0.0156020576	78.95306352	20.36071403	0.6862224551	0	63.38009805	36.61990195				0	0	0	-820.2140509	0.00113426742	-53544.8630124309	
820.1340509	94	5	1	0.9408878451	0.001132775823	93.17502418	6.809424257	0.01555156722	78.9414395	20.373628	0.6849324922	0	63.38009805	36.61990195				0	0	0	-820.1340509	0.001132775823	-53723.1562135305	
820.0540509	94	5	1	0.9409572276	0.001131289172	93.16908823	6.815410508	0.01550125818	78.92981728	20.38653707	0.6836456493	0	63.38009805	36.61990195				0	0	0	-820.0540509	0.001131289172	-53901.7145054812	
819.9740509	94	5	1	0.9410264324	0.001129807441	93.16315203	6.821396836	0.01545112973	78.91819686	20.39944123	0.6823619161	0	63.38009805	36.61990195				0	0	0	-819.9740509	0.001129807441	-54080.5499480518	
819.8940509	94	5	1	0.9410954603	0.001128330606	93.15721557	6.827383245	0.01540118109	78.90657822	20.41234049	0.681081282	0	63.38009805	36.61990195				0	0	0	-819.8940509	0.001128330606	-54259.6742492442	
819.8140509	94	5	1	0.941164312	0.001126858642	93.15127885	6.833369741	0.01535141151	78.89496138	20.42523488	0.6798037364	0	63.38009805	36.61990195				0	0	0	-819.8140509	0.001126858642	-54439.100218414	
819.7340509	94	5	1	0.9412329883	0.001125391526	93.14534185	6.839356331	0.01530182025	78.88334633	20.4381244	0.6785292691	0	63.38009805	36.61990195				0	0	0	-819.7340509	0.001125391526	-54618.8027801432	
819.6540509	94	5	1	0.9413014899	0.001123929232	93.13940458	6.845343018	0.01525240654	78.87173307	20.45100906	0.6772578696	0	63.38009805	36.61990195				0	0	0	-819.6540509	0.001123929232	-54798.7574821603	
819.5740509	94	5	1	0.9413698176	0.001122471736	93.13346702	6.851329808	0.01520316965	78.86012161	20.46388886	0.6759895276	0	63.38009805	36.61990195				0	0	0	-819.5740509	0.001122471736	-54979.0141023294	
819.4940509	94	5	1	0.9414379721	0.001121019015	93.12752918	6.857316707	0.01515410883	78.84851193	20.47676383	0.6747242328	0	63.38009805	36.61990195				0	0	0	-819.4940509	0.001121019015	-55159.5666192721	
819.4140509	94	5	1	0.9415059542	0.001119571045	93.12159106	6.863303721	0.01510522334	78.83690405	20.48963397	0.6734619751	0	63.38009805	36.61990195				0	0	0	-819.4140509	0.001119571045	-55340.3901359557	
819.3340509	94	5	1	0.9415737645	0.001118127802	93.11565263	6.869290853	0.01505651246	78.82529796	20.50249929	0.6722027442	0	63.38009805	36.61990195				0	0	0	-819.3340509	0.001118127802	-55521.4976829145	
819.2540509	94	5	1	0.9416414037	0.001116689263	93.10971391	6.87527811	0.01500797545	78.81369366	20.51535981	0.6709465301	0	63.38009805	36.61990195				0	0	0	-819.2540509	0.001116689263	-55702.9024346213	
819.1740509	94	5	1	0.9417088727	0.001115255405	93.10377489	6.881265497	0.01495961159	78.80209115	20.52821552	0.6696933225	0	63.38009805	36.61990195				0	0	0	-819.1740509	0.001115255405	-55884.5592771967	
819.0940509	94	5	1	0.941776172	0.001113826203	93.09783556	6.887253019	0.01491142015	78.79049044	20.54106645	0.6684431116	0	63.38009805	36.61990195				0	0	0	-819.0940509	0.001113826203	-56066.5213506849	
819.0140509	94	5	1	0.9418433025	0.001112401637	93.09189592	6.893240681	0.01486340041	78.77889151	20.5539126	0.6671958873	0	63.38009805	36.61990195				0	0	0	-819.0140509	0.001112401637	-56248.7618283458	
818.9340509	94	5	1	0.9419102648	0.001110981681	93.08595596	6.899228489	0.01481555166	78.76729437	20.56675399	0.6659516396	0	63.38009805	36.61990195				0	0	0	-818.9340509	0.001110981681	-56431.2761064295	
818.8540509	94	5	1	0.9419770597	0.001109566315	93.08001568	6.905216447	0.01476787319	78.75569903	20.57959062	0.6647103587	0	63.38009805	36.61990195				0	0	0	-818.8540509	0.001109566315	-56614.0967201999	
818.7740509	94	5	1	0.9420436877	0.001108155515	93.07407507	6.911204561	0.01472036428	78.74410547	20.5924225	0.6634720347	0	63.38009805	36.61990195				0	0	0	-818.7740509	0.001108155515	-56797.1785440932	
818.6940509	94	5	1	0.9421101497	0.001106749259	93.06813414	6.917192836	0.01467302424	78.7325137	20.60524964	0.6622366578	0	63.38009805	36.61990195				0	0	0	-818.6940509	0.001106749259	-56980.535024318	
818.6140509	94	5	1	0.9421764463	0.001105347524	93.06219287	6.923181278	0.01462585237	78.72092373	20.61807205	0.6610042183	0	63.38009805	36.61990195				0	0	0	-818.6140509	0.001105347524	-57164.1808026314	
818.5340509	94	5	1	0.9422425781	0.001103950289	93.05625126	6.92916989	0.01457884796	78.70933554	20.63088975	0.6597747063	0	63.38009805	36.61990195				0	0	0	-818.5340509	0.001103950289	-57348.1301571232	
818.4540509	94	5	1	0.9423085459	0.001102557532	93.05030931	6.93515868	0.01453201032	78.69774914	20.64370275	0.6585481123	0	63.38009805	36.61990195				0	0	0	-818.4540509	0.001102557532	-57532.3569397239	
818.3740509	94	5	1	0.9423743504	0.001101169231	93.04436701	6.94114765	0.01448533877	78.68616453	20.65651104	0.6573244267	0	63.38009805	36.61990195				0	0	0	-818.3740509	0.001101169231	-57716.8550605911	
818.2940509	94	5	1	0.9424399922	0.001099785364	93.03842436	6.947136807	0.01443883261	78.67458171	20.66931465	0.6561036397	0	63.38009805	36.61990195				0	0	0	-818.2940509	0.001099785364	-57901.6394129737	
818.2140509	94	5	1	0.9425054719	0.00109840591	93.03248135	6.953126156	0.01439249116	78.66300068	20.68211358	0.654885742	0	63.38009805	36.61990195				0	0	0	-818.2140509	0.00109840591	-58086.7038325136	
818.1340509	94	5	1	0.9425707903	0.001097030847	93.02653798	6.959115702	0.01434631375	78.65142144	20.69490784	0.6536707239	0	63.38009805	36.61990195				0	0	0	-818.1340509	0.001097030847	-58272.063946245	
818.0540509	94	5	1	0.9426359481	0.001095660155	93.02059425	6.965105449	0.01430029969	78.63984399	20.70769744	0.652458576	0	63.38009805	36.61990195				0	0	0	-818.0540509	0.001095660155	-58457.6920250729	
817.9740509	94	5	1	0.9427009458	0.001094293811	93.01465015	6.971095403	0.01425444831	78.62826832	20.72048239	0.651249289	0	63.38009805	36.61990195				0	0	0	-817.9740509	0.001094293811	-58643.6043082783	
817.8940509	94	5	1	0.9427657841	0.001092931796	93.00870567	6.977085569	0.01420875895	78.61669444	20.73326271	0.6500428534	0	63.38009805	36.61990195				0	0	0	-817.8940509	0.001092931796	-58829.8155774788	
817.8140509	94	5	1	0.9428304637	0.001091574088	93.00276082	6.983075951	0.01416323093	78.60512235	20.74603839	0.6488392599	0	63.38009805	36.61990195				0	0	0	-817.8140509	0.001091574088	-59016.277253699	
817.7340509	94	5	1	0.9428949852	0.001090220666	92.99681558	6.989066556	0.0141178636	78.59355204	20.75880946	0.6476384993	0	63.38009805	36.61990195				0	0	0	-817.7340509	0.001090220666	-59203.0486831936	
817.6540509	94	5	1	0.9429593492	0.001088871511	92.99086996	6.995057387	0.01407265628	78.58198353	20.77157591	0.6464405622	0	63.38009805	36.61990195				0	0	0	-817.6540509	0.001088871511	-59390.1017583139	
817.5740509	94	5	1	0.9430235565	0.001087526601	92.98492394	7.001048449	0.01402760834	78.5704168	20.78433776	0.6452454395	0	63.38009805	36.61990195				0	0	0	-817.5740509	0.001087526601	-59577.4314257222	
817.4940509	94	5	1	0.9430876076	0.001086185917	92.97897753	7.007039748	0.01398271911	78.55885185	20.79709503	0.644053122	0	63.38009805	36.61990195				0	0	0	-817.4940509	0.001086185917	-59765.0533291923	
817.4140509	94	5	1	0.9431515032	0.001084849438	92.97303072	7.013031289	0.01393798795	78.54728869	20.80984771	0.6428636006	0	63.38009805	36.61990195				0	0	0	-817.4140509	0.001084849438	-59952.9397586673	
817.3340509	94	5	1	0.9432152439	0.001083517144	92.96708351	7.019023076	0.0138934142	78.53572732	20.82259581	0.6416768661	0	63.38009805	36.61990195				0	0	0	-817.3340509	0.001083517144	-60141.1297428086	
817.2540509	94	5	1	0.9432788302	0.001082189016	92.96113589	7.025015114	0.01384899722	78.52416774	20.83533935	0.6404929097	0	63.38009805	36.61990195				0	0	0	-817.2540509	0.001082189016	-60329.5946730172	
817.1740509	94	5	1	0.943342263	0.001080865033	92.95518786	7.031007408	0.01380473638	78.51260994	20.84807834	0.6393117222	0	63.38009805	36.61990195				0	0	0	-817.1740509	0.001080865033	-60518.3291583216	
817.0940509	94	5	1	0.9434055427	0.001079545176	92.94923941	7.036999964	0.01376063104	78.50105392	20.86081279	0.6381332947	0	63.38009805	36.61990195				0	0	0	-817.0940509	0.001079545176	-60707.3497475516	
817.0140509	94	5	1	0.9434686699	0.001078229425	92.94329053	7.042992785	0.01371668055	78.48949969	20.87354269	0.6369576183	0	63.38009805	36.61990195				0	0	0	-817.0140509	0.001078229425	-60896.6743224555	
816.9340509	94	5	1	0.9435316454	0.001076917762	92.93734124	7.048985876	0.0136728843	78.47794724	20.88626807	0.635784684	0	63.38009805	36.61990195				0	0	0	-816.9340509	0.001076917762	-61086.2734505138	
816.8540509	94	5	1	0.9435944696	0.001075610166	92.93139151	7.054979244	0.01362924166	78.46639658	20.89898894	0.6346144832	0	63.38009805	36.61990195				0	0	0	-816.8540509	0.001075610166	-61276.1420797648	
816.7740509	94	5	1	0.9436571432	0.001074306619	92.92544136	7.060972891	0.01358575199	78.4548477	20.91170529	0.6334470068	0	63.38009805	36.61990195				0	0	0	-816.7740509	0.001074306619	-61466.2970812538	
816.6940509	94	5	1	0.9437196669	0.001073007101	92.91949076	7.066966824	0.01354241468	78.44330061	20.92441714	0.6322822463	0	63.38009805	36.61990195				0	0	0	-816.6940509	0.001073007101	-61656.7572686533	
816.6140509	94	5	1	0.9437820411	0.001071711595	92.91353972	7.072961046	0.01349922911	78.4317553	20.93712451	0.6311201928	0	63.38009805	36.61990195				0	0	0	-816.6140509	0.001071711595	-61847.492377629	
816.5340509	94	5	1	0.9438442665	0.00107042008	92.90758824	7.078955563	0.01345619466	78.42021177	20.94982739	0.6299608377	0	63.38009805	36.61990195				0	0	0	-816.5340509	0.00107042008	-62038.4977198712	
816.4540509	94	5	1	0.9439063437	0.001069132539	92.90163631	7.084950379	0.01341331072	78.40867003	20.9625258	0.6288041723	0	63.38009805	36.61990195				0	0	0	-816.4540509	0.001069132539	-62229.7905015539	
816.3740509	94	5	1	0.9439682732	0.001067848952	92.89568392	7.0909455	0.01337057669	78.39713007	20.97521974	0.627650188	0	63.38009805	36.61990195				0	0	0	-816.3740509	0.001067848952	-62421.3660015952	
816.2940509	94	5	1	0.9440300557	0.001066569302	92.88973108	7.096940929	0.01332799195	78.38559189	20.98790924	0.6264988763	0	63.38009805	36.61990195				0	0	0	-816.2940509	0.001066569302	-62613.2176178438	
816.2140509	94	5	1	0.9440916917	0.001065293569	92.88377777	7.102936671	0.0132855559	78.37405549	21.00059428	0.6253502285	0	63.38009805	36.61990195				0	0	0	-816.2140509	0.001065293569	-62805.3652527157	
816.1340509	94	5	1	0.9441531819	0.001064021737	92.877824	7.108932732	0.01324326795	78.36252088	21.01327489	0.6242042362	0	63.38009805	36.61990195				0	0	0	-816.1340509	0.001064021737	-62997.8022587186	
816.0540509	94	5	1	0.9442145267	0.001062753786	92.87186976	7.114929115	0.01320112749	78.35098804	21.02595107	0.623060891	0	63.38009805	36.61990195				0	0	0	-816.0540509	0.001062753786	-63190.5243118222	
815.9740509	94	5	1	0.9442757267	0.0010614897	92.86591504	7.120925827	0.01315913392	78.33945699	21.03862283	0.6219201844	0	63.38009805	36.61990195				0	0	0	-815.9740509	0.0010614897	-63383.5245690204	
815.8940509	94	5	1	0.9443367826	0.001060229459	92.85995984	7.12692287	0.01311728667	78.32792772	21.05129017	0.6207821081	0	63.38009805	36.61990195				0	0	0	-815.8940509	0.001060229459	-63576.7731155255	
815.8140509	94	5	1	0.9443976949	0.001058973046	92.85400416	7.13292025	0.01307558513	78.31640023	21.06395312	0.6196466536	0	63.38009805	36.61990195				0	0	0	-815.8140509	0.001058973046	-63770.3394687167	
815.7340509	94	5	1	0.9444584641	0.001057720444	92.848048	7.138917971	0.01303402872	78.30487452	21.07661167	0.6185138126	0	63.38009805	36.61990195				0	0	0	-815.7340509	0.001057720444	-63964.2186471485	
815.6540509	94	5	1	0.9445190908	0.001056471636	92.84209134	7.144916039	0.01299261687	78.29335059	21.08926584	0.617383577	0	63.38009805	36.61990195				0	0	0	-815.6540509	0.001056471636	-64158.3538173177	
815.5740509	94	5	1	0.9445795755	0.001055226603	92.83613419	7.150914457	0.01295134898	78.28182843	21.10191563	0.6162559383	0	63.38009805	36.61990195				0	0	0	-815.5740509	0.001055226603	-64352.7395088322	
815.4940509	94	5	1	0.9446399189	0.001053985328	92.83017654	7.156913231	0.01291022448	78.27030806	21.11456105	0.6151308886	0	63.38009805	36.61990195				0	0	0	-815.4940509	0.001053985328	-64547.4213033307	
815.4140509	94	5	1	0.9447001215	0.001052747794	92.82421839	7.162912364	0.0128692428	78.25878947	21.12720211	0.6140084194	0	63.38009805	36.61990195				0	0	0	-815.4140509	0.001052747794	-64742.42021654	
815.3340509	94	5	1	0.9447601837	0.001051513985	92.81825974	7.168911861	0.01282840336	78.24727265	21.13983882	0.6128885228	0	63.38009805	36.61990195				0	0	0	-815.3340509	0.001051513985	-64937.7044649874	
815.2540509	94	5	1	0.9448201062	0.001050283883	92.81230057	7.174911728	0.0127877056	78.23575762	21.15247119	0.6117711906	0	63.38009805	36.61990195				0	0	0	-815.2540509	0.001050283883	-65133.2424918118	
815.1740509	94	5	1	0.9448798895	0.001049057471	92.80634088	7.180911968	0.01274714895	78.22424436	21.16509923	0.6106564148	0	63.38009805	36.61990195				0	0	0	-815.1740509	0.001049057471	-65329.0547283336	
815.0940509	94	5	1	0.9449395341	0.001047834732	92.80038068	7.186912586	0.01270673284	78.21273288	21.17772293	0.6095441872	0	63.38009805	36.61990195				0	0	0	-815.0940509	0.001047834732	-65525.1894665409	
815.0140509	94	5	1	0.9449990406	0.001046615651	92.79441996	7.192913587	0.01266645672	78.20122318	21.19034232	0.6084345	0	63.38009805	36.61990195				0	0	0	-815.0140509	0.001046615651	-65721.5869265173	
814.9340509	94	5	1	0.9450584095	0.001045400209	92.78845871	7.198914974	0.01262632002	78.18971525	21.20295741	0.6073273452	0	63.38009805	36.61990195				0	0	0	-814.9340509	0.001045400209	-65918.2698390898	
814.8540509	94	5	1	0.9451176413	0.001044188392	92.78249692	7.204916753	0.01258632219	78.1782091	21.21556819	0.6062227148	0	63.38009805	36.61990195				0	0	0	-814.8540509	0.001044188392	-66115.2585862137	
814.7740509	94	5	1	0.9451767366	0.001042980182	92.77653461	7.210918928	0.01254646267	78.16670473	21.22817467	0.6051206009	0	63.38009805	36.61990195				0	0	0	-814.7740509	0.001042980182	-66312.4940922215	
814.6940509	94	5	1	0.9452356959	0.001041775563	92.77057176	7.216921503	0.01250674093	78.15520213	21.24077688	0.6040209957	0	63.38009805	36.61990195				0	0	0	-814.6940509	0.001041775563	-66510.0251769688	
814.6140509	94	5	1	0.9452945196	0.001040574519	92.76460836	7.222924484	0.0124671564	78.14370131	21.2533748	0.6029238913	0	63.38009805	36.61990195				0	0	0	-814.6140509	0.001040574519	-66707.8465836028	
814.5340509	94	5	1	0.9453532084	0.001039377034	92.75864442	7.228927873	0.01242770854	78.13220226	21.26596846	0.60182928	0	63.38009805	36.61990195				0	0	0	-814.5340509	0.001039377034	-66905.9529691519	
814.4540509	94	5	1	0.9454117627	0.001038183092	92.75267993	7.234931677	0.01238839682	78.12070499	21.27855786	0.6007371539	0	63.38009805	36.61990195				0	0	0	-814.4540509	0.001038183092	-67104.3672140845	
814.3740509	94	5	1	0.945470183	0.001036992678	92.74671488	7.240935899	0.01234922068	78.10920949	21.29114301	0.5996475055	0	63.38009805	36.61990195				0	0	0	-814.3740509	0.001036992678	-67303.0270138332	
814.2940509	94	5	1	0.9455284699	0.001035805774	92.74074928	7.246940543	0.0123101796	78.09771577	21.30372391	0.5985603268	0	63.38009805	36.61990195				0	0	0	-814.2940509	0.001035805774	-67501.9845567843	
814.2140509	94	5	1	0.9455866238	0.001034622367	92.73478311	7.252945614	0.01227127304	78.08622382	21.31630057	0.5974756104	0	63.38009805	36.61990195				0	0	0	-814.2140509	0.001034622367	-67701.2329781729	
814.1340509	94	5	1	0.9456446453	0.001033442439	92.72881638	7.258951117	0.01223250046	78.07473364	21.32887301	0.5963933486	0	63.38009805	36.61990195				0	0	0	-814.1340509	0.001033442439	-67900.7397035573	
814.0540509	94	5	1	0.9457025349	0.001032265976	92.72284908	7.264957055	0.01219386134	78.06324524	21.34144123	0.5953135337	0	63.38009805	36.61990195				0	0	0	-814.0540509	0.001032265976	-68100.5849801747	
813.9740509	94	5	1	0.945760293	0.001031092963	92.71688121	7.270963433	0.01215535515	78.0517586	21.35400524	0.5942361582	0	63.38009805	36.61990195				0	0	0	-813.9740509	0.001031092963	-68300.6767433691	
813.8940509	94	5	1	0.9458179202	0.001029923383	92.71091276	7.276970256	0.01211698137	78.04027375	21.36656504	0.5931612146	0	63.38009805	36.61990195				0	0	0	-813.8940509	0.001029923383	-68501.0391330373	
813.8140509	94	5	1	0.945875417	0.001028757222	92.70494373	7.282977528	0.01207873946	78.02879066	21.37912065	0.5920886954	0	63.38009805	36.61990195				0	0	0	-813.8140509	0.001028757222	-68701.7248485154	
813.7340509	94	5	1	0.9459327838	0.001027594465	92.69897412	7.288985253	0.01204062892	78.01730934	21.39167206	0.591018593	0	63.38009805	36.61990195				0	0	0	-813.7340509	0.001027594465	-68902.6997209101	
813.6540509	94	5	1	0.9459900211	0.001026435097	92.69300392	7.294993435	0.01200264923	78.0058298	21.4042193	0.5899509001	0	63.38009805	36.61990195				0	0	0	-813.6540509	0.001026435097	-69103.9284631991	
813.5740509	94	5	1	0.9460471294	0.001025279102	92.68703312	7.301002079	0.01196479986	77.99435203	21.41676236	0.5888856093	0	63.38009805	36.61990195				0	0	0	-813.5740509	0.001025279102	-69305.4357435059	
813.4940509	94	5	1	0.9461041093	0.001024126466	92.68106173	7.30701119	0.01192708031	77.98287602	21.42930126	0.5878227131	0	63.38009805	36.61990195				0	0	0	-813.4940509	0.001024126466	-69507.2457978507	
813.4140509	94	5	1	0.9461609611	0.001022977174	92.67508974	7.31302077	0.01188949008	77.97140179	21.44183601	0.5867622043	0	63.38009805	36.61990195				0	0	0	-813.4140509	0.001022977174	-69709.3234335332	
813.3340509	94	5	1	0.9462176854	0.001021831211	92.66911715	7.319030825	0.01185202864	77.95992933	21.4543666	0.5857040754	0	63.38009805	36.61990195				0	0	0	-813.3340509	0.001021831211	-69911.6937691099	
813.2540509	94	5	1	0.9462742826	0.001020688563	92.66314395	7.325041359	0.01181469549	77.94845863	21.46689305	0.5846483193	0	63.38009805	36.61990195				0	0	0	-813.2540509	0.001020688563	-70114.3821943175	
813.1740509	94	5	1	0.9463307532	0.001019549216	92.65717013	7.331052376	0.01177749014	77.93698971	21.47941537	0.5835949286	0	63.38009805	36.61990195				0	0	0	-813.1740509	0.001019549216	-70317.3218373192	
813.0940509	94	5	1	0.9463870978	0.001018413154	92.65119571	7.337063881	0.01174041208	77.92552255	21.49193356	0.5825438962	0	63.38009805	36.61990195				0	0	0	-813.0940509	0.001018413154	-70520.5700742746	
813.0140509	94	5	1	0.9464433166	0.001017280365	92.64522066	7.343075877	0.01170346081	77.91405716	21.50444763	0.5814952148	0	63.38009805	36.61990195				0	0	0	-813.0140509	0.001017280365	-70724.0891629135	
812.9340509	94	5	1	0.9464994103	0.001016150832	92.63924499	7.349088369	0.01166663584	77.90259354	21.51695759	0.5804488773	0	63.38009805	36.61990195				0	0	0	-812.9340509	0.001016150832	-70927.8754102656	
812.8540509	94	5	1	0.9465553792	0.001015024543	92.6332687	7.355101361	0.01162993668	77.89113168	21.52946344	0.5794048766	0	63.38009805	36.61990195				0	0	0	-812.8540509	0.001015024543	-71131.9850485219	
812.7740509	94	5	1	0.9466112239	0.001013901483	92.62729178	7.361114858	0.01159336282	77.87967159	21.5419652	0.5783632055	0	63.38009805	36.61990195				0	0	0	-812.7740509	0.001013901483	-71336.3506224588	
812.6940509	94	5	1	0.9466669448	0.001012781638	92.62131422	7.367128862	0.01155691379	77.86821327	21.55446287	0.5773238569	0	63.38009805	36.61990195				0	0	0	-812.6940509	0.001012781638	-71540.9982003458	
812.6140509	94	5	1	0.9467225424	0.001011664994	92.61533603	7.37314338	0.0115205891	77.85675672	21.56695646	0.5762868239	0	63.38009805	36.61990195				0	0	0	-812.6140509	0.001011664994	-71745.9548636123	
812.5340509	94	5	1	0.946778017	0.001010551538	92.6093572	7.379158414	0.01148438826	77.84530193	21.57944597	0.5752520993	0	63.38009805	36.61990195				0	0	0	-812.5340509	0.001010551538	-71951.2154421286	
812.4540509	94	5	1	0.9468333692	0.001009441256	92.60337772	7.385173969	0.01144831079	77.8338489	21.59193142	0.5742196763	0	63.38009805	36.61990195				0	0	0	-812.4540509	0.001009441256	-72156.7426969826	
812.3740509	94	5	1	0.9468885995	0.001008334134	92.59739759	7.391190049	0.01141235622	77.82239764	21.60441281	0.5731895478	0	63.38009805	36.61990195				0	0	0	-812.3740509	0.001008334134	-72362.5311121081	
812.2940509	94	5	1	0.9469437081	0.001007230158	92.59141682	7.397206659	0.01137652405	77.81094815	21.61689015	0.572161707	0	63.38009805	36.61990195				0	0	0	-812.2940509	0.001007230158	-72568.6081890583	
812.2140509	94	5	1	0.9469986957	0.001006129315	92.58543538	7.403223802	0.01134081382	77.79950041	21.62936344	0.5711361468	0	63.38009805	36.61990195				0	0	0	-812.2140509	0.001006129315	-72775.0017228477	
812.1340509	94	5	1	0.9470535626	0.001005031592	92.57945329	7.409241482	0.01130522506	77.78805444	21.6418327	0.5701128605	0	63.38009805	36.61990195				0	0	0	-812.1340509	0.001005031592	-72981.6735998944	
812.0540509	94	5	1	0.9471083094	0.001003936975	92.57347054	7.415259704	0.01126975729	77.77661024	21.65429792	0.5690918412	0	63.38009805	36.61990195				0	0	0	-812.0540509	0.001003936975	-73188.6189189156	
811.9740509	94	5	1	0.9471629363	0.001002845451	92.56748712	7.421278472	0.01123441004	77.76516779	21.66675912	0.5680730821	0	63.38009805	36.61990195				0	0	0	-811.9740509	0.001002845451	-73395.8658021792	
811.8940509	94	5	1	0.9472174439	0.001001757007	92.56150303	7.42729779	0.01119918285	77.75372711	21.67921631	0.5670565763	0	63.38009805	36.61990195				0	0	0	-811.8940509	0.001001757007	-73603.3753322287	
811.8140509	94	5	1	0.9472718325	0.001000671629	92.55551826	7.433317661	0.01116407526	77.74228819	21.69166949	0.5660423172	0	63.38009805	36.61990195				0	0	0	-811.8140509	0.001000671629	-73811.1834630317	
811.7340509	94	5	1	0.9473261027	0.0009995893052	92.54953282	7.439338091	0.01112908679	77.73085103	21.70411867	0.5650302979	0	63.38009805	36.61990195				0	0	0	-811.7340509	0.0009995893052	-74019.2947746495	
811.6540509	94	5	1	0.9473802549	0.0009985100219	92.5435467	7.445359082	0.011094217	77.71941564	21.71656385	0.5640205118	0	63.38009805	36.61990195				0	0	0	-811.6540509	0.0009985100219	-74227.6774830193	
811.5740509	94	5	1	0.9474342894	0.0009974337665	92.53755989	7.45138064	0.01105946541	77.707982	21.72900505	0.5630129523	0	63.38009805	36.61990195				0	0	0	-811.5740509	0.0009974337665	-74436.3536704365	
811.4940509	94	5	1	0.9474882067	0.0009963605261	92.5315724	7.457402768	0.01102483158	77.69655012	21.74144227	0.5620076125	0	63.38009805	36.61990195				0	0	0	-811.4940509	0.0009963605261	-74645.3149864283	
811.4140509	94	5	1	0.9475420073	0.000995290288	92.52558422	7.46342547	0.01099031506	77.68512	21.75387551	0.561004486	0	63.38009805	36.61990195				0	0	0	-811.4140509	0.000995290288	-74854.5597744184	
811.3340509	94	5	1	0.9475956915	0.0009942230394	92.51959533	7.46944875	0.01095591538	77.67369164	21.76630479	0.5600035661	0	63.38009805	36.61990195				0	0	0	-811.3340509	0.0009942230394	-75064.0935782561	
811.2540509	94	5	1	0.9476492598	0.0009931587679	92.51360576	7.475472612	0.01092163211	77.66226504	21.77873011	0.5590048462	0	63.38009805	36.61990195				0	0	0	-811.2540509	0.0009931587679	-75273.9183439936	
811.1740509	94	5	1	0.9477027125	0.0009920974609	92.50761547	7.481497061	0.01088746478	77.6508402	21.79115148	0.5580083199	0	63.38009805	36.61990195				0	0	0	-811.1740509	0.0009920974609	-75484.0255923523	
811.0940509	94	5	1	0.9477560501	0.0009910391059	92.50162449	7.4875221	0.01085341297	77.63941712	21.8035689	0.5570139805	0	63.38009805	36.61990195				0	0	0	-811.0940509	0.0009910391059	-75694.424574513	
811.0140509	94	5	1	0.9478092731	0.0009899836907	92.49563279	7.493547733	0.01081947621	77.62799579	21.81598239	0.5560218216	0	63.38009805	36.61990195				0	0	0	-811.0140509	0.0009899836907	-75905.110220867	
810.9340509	94	5	1	0.9478623818	0.0009889312028	92.48964038	7.499573964	0.01078565408	77.61657622	21.82839195	0.5550318367	0	63.38009805	36.61990195				0	0	0	-810.9340509	0.0009889312028	-76116.077625097	
810.8540509	94	5	1	0.9479153765	0.00098788163	92.48364726	7.505600798	0.01075194613	77.6051584	21.84079758	0.5540440194	0	63.38009805	36.61990195				0	0	0	-810.8540509	0.00098788163	-76327.3398713722	
810.7740509	94	5	1	0.9479682579	0.0009868349603	92.47765341	7.511628237	0.01071835192	77.59374234	21.85319929	0.5530583632	0	63.38009805	36.61990195				0	0	0	-810.7740509	0.0009868349603	-76538.8883221822	
810.6940509	94	5	1	0.9480210261	0.0009857911814	92.47165884	7.517656287	0.01068487102	77.58232804	21.8655971	0.5520748618	0	63.38009805	36.61990195				0	0	0	-810.6940509	0.0009857911814	-76750.7254918536	
810.6140509	94	5	1	0.9480736817	0.0009847502815	92.46566355	7.523684951	0.01065150299	77.57091549	21.877991	0.5510935088	0	63.38009805	36.61990195				0	0	0	-810.6140509	0.0009847502815	-76962.8536582962	
810.5340509	94	5	1	0.948126225	0.0009837122485	92.45966752	7.529714233	0.01061824741	77.55950469	21.89038101	0.5501142979	0	63.38009805	36.61990195				0	0	0	-810.5340509	0.0009837122485	-77175.2642845506	
810.4540509	94	5	1	0.9481786565	0.0009826770705	92.45367076	7.535744137	0.01058510384	77.54809565	21.90276712	0.5491372227	0	63.38009805	36.61990195				0	0	0	-810.4540509	0.0009826770705	-77387.9635272753	
810.3740509	94	5	1	0.9482309765	0.0009816447357	92.44767326	7.541774666	0.01055207186	77.53668836	21.91514936	0.548162277	0	63.38009805	36.61990195				0	0	0	-810.3740509	0.0009816447357	-77600.950187967	
810.2940509	94	5	1	0.9482831854	0.0009806152323	92.44167502	7.547805826	0.01051915103	77.52528283	21.92752772	0.5471894545	0	63.38009805	36.61990195				0	0	0	-810.2940509	0.0009806152323	-77814.2307280939	
810.2140509	94	5	1	0.9483352836	0.0009795885488	92.43567604	7.553837619	0.01048634094	77.51387905	21.9399022	0.5462187489	0	63.38009805	36.61990195				0	0	0	-810.2140509	0.0009795885488	-78027.8001820647	
810.1340509	94	5	1	0.9483872716	0.0009785646734	92.42967631	7.559870049	0.01045364116	77.50247702	21.95227283	0.5452501541	0	63.38009805	36.61990195				0	0	0	-810.1340509	0.0009785646734	-78241.6537605825	
810.0540509	94	5	1	0.9484391496	0.0009775435946	92.42367583	7.565903121	0.01042105128	77.49107674	21.9646396	0.5442836639	0	63.38009805	36.61990195				0	0	0	-810.0540509	0.0009775435946	-78455.8018228319	
809.9740509	94	5	1	0.9484909181	0.000976525301	92.41767459	7.571936839	0.01038857087	77.47967821	21.97700252	0.5433192721	0	63.38009805	36.61990195				0	0	0	-809.9740509	0.000976525301	-78670.2356282107	
809.8940509	94	5	1	0.9485425775	0.000975509781	92.4116726	7.577971205	0.01035619952	77.46828143	21.98936159	0.5423569725	0	63.38009805	36.61990195				0	0	0	-809.8940509	0.000975509781	-78884.958136952	
809.8140509	94	5	1	0.9485941282	0.0009744970234	92.40566984	7.584006225	0.01032393681	77.45688641	22.00171684	0.541396759	0	63.38009805	36.61990195				0	0	0	-809.8140509	0.0009744970234	-79099.972152251	
809.7340509	94	5	1	0.9486455704	0.0009734870168	92.39966632	7.590041901	0.01029178234	77.44549313	22.01406825	0.5404386256	0	63.38009805	36.61990195				0	0	0	-809.7340509	0.0009734870168	-79315.2729229487	
809.6540509	94	5	1	0.9486969047	0.00097247975	92.39366203	7.596078239	0.01025973568	77.4341016	22.02641584	0.5394825662	0	63.38009805	36.61990195				0	0	0	-809.6540509	0.00097247975	-79530.8634048888	
809.5740509	94	5	1	0.9487481313	0.0009714752118	92.38765696	7.602115241	0.01022779644	77.42271182	22.03875961	0.5385285747	0	63.38009805	36.61990195				0	0	0	-809.5740509	0.0009714752118	-79746.7427421104	
809.4940509	94	5	1	0.9487992508	0.0009704733911	92.38165112	7.608152911	0.0101959642	77.41132379	22.05109957	0.5375766452	0	63.38009805	36.61990195				0	0	0	-809.4940509	0.0009704733911	-79962.9140682887	
809.4140509	94	5	1	0.9488502633	0.0009694742769	92.37564451	7.614191253	0.01016423856	77.3999375	22.06343573	0.5366267715	0	63.38009805	36.61990195				0	0	0	-809.4140509	0.0009694742769	-80179.3765785743	
809.3340509	94	5	1	0.9489011694	0.0009684778582	92.36963711	7.620230272	0.01013261912	77.38855296	22.07576809	0.5356789479	0	63.38009805	36.61990195				0	0	0	-809.3340509	0.0009684778582	-80396.1295268246	
809.2540509	94	5	1	0.9489519693	0.0009674841241	92.36362892	7.626269971	0.01010110547	77.37717017	22.08809666	0.5347331682	0	63.38009805	36.61990195				0	0	0	-809.2540509	0.0009674841241	-80613.1680564686	
809.1740509	94	5	1	0.9490026634	0.0009664930636	92.35761995	7.632310353	0.01006969721	77.36578913	22.10042145	0.5337894266	0	63.38009805	36.61990195				0	0	0	-809.1740509	0.0009664930636	-80830.4955377088	
809.0940509	94	5	1	0.9490532522	0.000965504666	92.35161018	7.638351423	0.01003839395	77.35440983	22.11274246	0.5328477172	0	63.38009805	36.61990195				0	0	0	-809.0940509	0.000965504666	-81048.1193975891	
809.0140509	94	5	1	0.949103736	0.0009645189206	92.34559962	7.644393184	0.01000719529	77.34303227	22.1250597	0.531908034	0	63.38009805	36.61990195				0	0	0	-809.0140509	0.0009645189206	-81266.0349403133	
808.9340509	94	5	1	0.9491541151	0.0009635358167	92.33958826	7.65043564	0.00997610084	77.33165646	22.13737317	0.5309703714	0	63.38009805	36.61990195				0	0	0	-808.9340509	0.0009635358167	-81484.2374001145	
808.8540509	94	5	1	0.9492043898	0.0009625553436	92.3335761	7.656478795	0.009945110198	77.32028239	22.14968288	0.5300347233	0	63.38009805	36.61990195				0	0	0	-808.8540509	0.0009625553436	-81702.7303296564	
808.7740509	94	5	1	0.9492545607	0.0009615774908	92.32756313	7.662522652	0.009914222978	77.30891007	22.16198885	0.529101084	0	63.38009805	36.61990195				0	0	0	-808.7740509	0.0009615774908	-81921.513084441	
808.6940509	94	5	1	0.9493046279	0.0009606022477	92.32154935	7.668567216	0.00988343879	77.29753949	22.17429106	0.5281694478	0	63.38009805	36.61990195				0	0	0	-808.6940509	0.0009606022477	-82140.5894129889	
808.6140509	94	5	1	0.9493545919	0.000959629604	92.31553475	7.674612489	0.009852757247	77.28617065	22.18658954	0.5272398088	0	63.38009805	36.61990195				0	0	0	-808.6140509	0.000959629604	-82359.9544708747	
808.5340509	94	5	1	0.9494044531	0.0009586595491	92.30951935	7.680658477	0.009822177962	77.27480356	22.19888428	0.5263121613	0	63.38009805	36.61990195				0	0	0	-808.5340509	0.0009586595491	-82579.6121842603	
808.4540509	94	5	1	0.9494542117	0.0009576920729	92.30350312	7.686705182	0.009791700553	77.2634382	22.2111753	0.5253864995	0	63.38009805	36.61990195				0	0	0	-808.4540509	0.0009576920729	-82799.5662297089	
808.3740509	94	5	1	0.9495038681	0.000956727165	92.29748607	7.692752608	0.009761324635	77.25207459	22.22346259	0.5244628179	0	63.38009805	36.61990195				0	0	0	-808.3740509	0.000956727165	-83019.8034385108	
808.2940509	94	5	1	0.9495534227	0.0009557648151	92.29146819	7.69880076	0.009731049829	77.24071271	22.23574618	0.5235411107	0	63.38009805	36.61990195				0	0	0	-808.2940509	0.0009557648151	-83240.3363293327	
808.2140509	94	5	1	0.9496028758	0.0009548050132	92.28544948	7.70484964	0.009700875755	77.22935258	22.24802605	0.5226213722	0	63.38009805	36.61990195				0	0	0	-808.2140509	0.0009548050132	-83461.1644974776	
808.1340509	94	5	1	0.9496522278	0.0009538477491	92.27942995	7.710899252	0.009670802036	77.21799418	22.26030222	0.5217035969	0	63.38009805	36.61990195				0	0	0	-808.1340509	0.0009538477491	-83682.2789928492	
808.0540509	94	5	1	0.949701479	0.0009528930127	92.27340957	7.7169496	0.009640828296	77.20663753	22.27257469	0.520787779	0	63.38009805	36.61990195				0	0	0	-808.0540509	0.0009528930127	-83903.6882587644	
807.9740509	94	5	1	0.9497506298	0.0009519407941	92.26738836	7.723000689	0.009610954162	77.19528261	22.28484348	0.5198739131	0	63.38009805	36.61990195				0	0	0	-807.9740509	0.0009519407941	-84125.3875630503	
807.8940509	94	5	1	0.9497996804	0.0009509910832	92.2613663	7.72905252	0.00958117926	77.18392943	22.29710858	0.5189619936	0	63.38009805	36.61990195				0	0	0	-807.8940509	0.0009509910832	-84347.3812321438	
807.8140509	94	5	1	0.9498486313	0.0009500438703	92.2553434	7.735105099	0.00955150322	77.17257799	22.30937	0.5180520149	0	63.38009805	36.61990195				0	0	0	-807.8140509	0.0009500438703	-84569.6689384835	
807.7340509	94	5	1	0.9498974828	0.0009490991454	92.24931965	7.741158429	0.009521925673	77.16122828	22.32162775	0.5171439714	0	63.38009805	36.61990195				0	0	0	-807.7340509	0.0009490991454	-84792.246192188	
807.6540509	94	5	1	0.9499462351	0.0009481568988	92.24329504	7.747212513	0.009492446251	77.14988031	22.33388183	0.5162378577	0	63.38009805	36.61990195				0	0	0	-807.6540509	0.0009481568988	-85015.1172359879	
807.5740509	94	5	1	0.9499948887	0.0009472171207	92.23726958	7.753267355	0.009463064589	77.13853407	22.34613226	0.5153336684	0	63.38009805	36.61990195				0	0	0	-807.5740509	0.0009472171207	-85238.2820588873	
807.4940509	94	5	1	0.9500434439	0.0009462798015	92.23124326	7.759322958	0.009433780321	77.12718957	22.35837903	0.5144313979	0	63.38009805	36.61990195				0	0	0	-807.4940509	0.0009462798015	-85461.7405365661	
807.4140509	94	5	1	0.9500919009	0.0009453449315	92.22521608	7.765379328	0.009404593086	77.11584681	22.37062215	0.5135310407	0	63.38009805	36.61990195				0	0	0	-807.4140509	0.0009453449315	-85685.4927163253	
807.3340509	94	5	1	0.9501402602	0.0009444125012	92.21918803	7.771436466	0.009375502521	77.10450578	22.38286163	0.5126325916	0	63.38009805	36.61990195				0	0	0	-807.3340509	0.0009444125012	-85909.5385315961	
807.2540509	94	5	1	0.9501885221	0.000943482501	92.21315912	7.777494377	0.009346508268	77.09316648	22.39509748	0.511736045	0	63.38009805	36.61990195				0	0	0	-807.2540509	0.000943482501	-86133.8780901991	
807.1740509	94	5	1	0.9502366868	0.0009425549215	92.20712933	7.783553064	0.009317609969	77.08182891	22.40732969	0.5108413957	0	63.38009805	36.61990195				0	0	0	-807.1740509	0.0009425549215	-86358.5067006194	
807.0940509	94	5	1	0.9502847548	0.0009416297531	92.20109866	7.789612531	0.009288807266	77.07049308	22.41955829	0.5099486382	0	63.38009805	36.61990195				0	0	0	-807.0940509	0.0009416297531	-86583.4292181421	
807.0140509	94	5	1	0.9503327263	0.0009407069866	92.19506712	7.795672781	0.009260099806	77.05915897	22.43178326	0.5090577672	0	63.38009805	36.61990195				0	0	0	-807.0140509	0.0009407069866	-86808.6550704393	
806.9340509	94	5	1	0.9503806016	0.0009397866127	92.18903469	7.801733819	0.009231487234	77.0478266	22.44400462	0.5081687774	0	63.38009805	36.61990195				0	0	0	-806.9340509	0.0009397866127	-87034.1703624654	
806.8540509	94	5	1	0.9504283812	0.000938868622	92.18300138	7.807795647	0.0092029692	77.03649596	22.45622238	0.5072816635	0	63.38009805	36.61990195				0	0	0	-806.8540509	0.000938868622	-87259.9752886766	
806.7740509	94	5	1	0.9504760652	0.0009379530053	92.17696719	7.813858269	0.009174545352	77.02516705	22.46843653	0.5063964202	0	63.38009805	36.61990195				0	0	0	-806.7740509	0.0009379530053	-87486.0795463608	
806.6940509	94	5	1	0.950523654	0.0009370397535	92.1709321	7.81992169	0.009146215342	77.01383987	22.48064709	0.5055130422	0	63.38009805	36.61990195				0	0	0	-806.6940509	0.0009370397535	-87712.4786138477	
806.6140509	94	5	1	0.950571148	0.0009361288574	92.16489611	7.825985911	0.009117978823	77.00251441	22.49285406	0.5046315244	0	63.38009805	36.61990195				0	0	0	-806.6140509	0.0009361288574	-87939.1728624517	
806.5340509	94	5	1	0.9506185474	0.000935220308	92.15885923	7.832050938	0.009089835448	76.99119069	22.50505745	0.5037518616	0	63.38009805	36.61990195				0	0	0	-806.5340509	0.000935220308	-88166.162549788	
806.4540509	94	5	1	0.9506658526	0.0009343140962	92.15282144	7.838116773	0.009061784875	76.97986869	22.51725726	0.5028740484	0	63.38009805	36.61990195				0	0	0	-806.4540509	0.0009343140962	-88393.4432101569	
806.3740509	94	5	1	0.9507130638	0.000933410213	92.14678275	7.84418342	0.009033826759	76.96854842	22.5294535	0.5019980797	0	63.38009805	36.61990195				0	0	0	-806.3740509	0.000933410213	-88621.0200814262	
806.2940509	94	5	1	0.9507601815	0.0009325086495	92.14074316	7.850250883	0.00900596076	76.95722988	22.54164617	0.5011239505	0	63.38009805	36.61990195				0	0	0	-806.2940509	0.0009325086495	-88848.8985388224	
806.2140509	94	5	1	0.9508072058	0.0009316093969	92.13470265	7.856319165	0.008978186538	76.94591306	22.55383529	0.5002516554	0	63.38009805	36.61990195				0	0	0	-806.2140509	0.0009316093969	-89077.0691425902	
806.1340509	94	5	1	0.9508541371	0.0009307124462	92.12866123	7.862388269	0.008950503755	76.93459797	22.56602084	0.4993811895	0	63.38009805	36.61990195				0	0	0	-806.1340509	0.0009307124462	-89305.5324607734	
806.0540509	94	5	1	0.9509009757	0.0009298177887	92.12261889	7.8684582	0.008922912073	76.9232846	22.57820285	0.4985125476	0	63.38009805	36.61990195				0	0	0	-806.0540509	0.0009298177887	-89534.2938811316	
805.9740509	94	5	1	0.9509477219	0.0009289254156	92.11657563	7.874528961	0.008895411158	76.91197295	22.59038132	0.4976457246	0	63.38009805	36.61990195				0	0	0	-805.9740509	0.0009289254156	-89763.354075313	
805.8940509	94	5	1	0.950994376	0.0009280353183	92.11053144	7.880600555	0.008868000675	76.90066303	22.60255625	0.4967807155	0	63.38009805	36.61990195				0	0	0	-805.8940509	0.0009280353183	-89992.7085141905	
805.8140509	94	5	1	0.9510409384	0.000927147488	92.10448633	7.886672986	0.008840680291	76.88935484	22.61472765	0.4959175153	0	63.38009805	36.61990195				0	0	0	-805.8140509	0.000927147488	-90222.3579248167	
805.7340509	94	5	1	0.9510874092	0.0009262619162	92.09844029	7.892746257	0.008813449677	76.87804836	22.62689552	0.4950561188	0	63.38009805	36.61990195				0	0	0	-805.7340509	0.0009262619162	-90452.3079564208	
805.6540509	94	5	1	0.9511337888	0.0009253785943	92.09239332	7.898820371	0.008786308501	76.86674361	22.63905987	0.4941965212	0	63.38009805	36.61990195				0	0	0	-805.6540509	0.0009253785943	-90682.5542798352	
805.5740509	94	5	1	0.9511800776	0.0009244975138	92.08634541	7.904895333	0.008759256436	76.85544058	22.65122071	0.4933387174	0	63.38009805	36.61990195				0	0	0	-805.5740509	0.0009244975138	-90913.0975914568	
805.4940509	94	5	1	0.9512262758	0.0009236186662	92.08029656	7.910971146	0.008732293155	76.84413926	22.66337803	0.4924827024	0	63.38009805	36.61990195				0	0	0	-805.4940509	0.0009236186662	-91143.9386829185	
805.4140509	94	5	1	0.9512723836	0.0009227420431	92.07424677	7.917047813	0.008705418332	76.83283967	22.67553186	0.4916284713	0	63.38009805	36.61990195				0	0	0	-805.4140509	0.0009227420431	-91375.0730916898	
805.3340509	94	5	1	0.9513184015	0.000921867636	92.06819603	7.923125338	0.008678631643	76.8215418	22.68768218	0.4907760191	0	63.38009805	36.61990195				0	0	0	-805.3340509	0.000921867636	-91606.5069410998	
805.2540509	94	5	1	0.9513643296	0.0009209954367	92.06214434	7.929203724	0.008651932766	76.81024565	22.69982901	0.4899253411	0	63.38009805	36.61990195				0	0	0	-805.2540509	0.0009209954367	-91838.2409957006	
805.1740509	94	5	1	0.9514101683	0.0009201254368	92.0560917	7.935282974	0.00862532138	76.79895121	22.71197235	0.4890764322	0	63.38009805	36.61990195				0	0	0	-805.1740509	0.0009201254368	-92070.2710054362	
805.0940509	94	5	1	0.9514559179	0.0009192576281	92.05003811	7.941363093	0.008598797163	76.7876585	22.72411222	0.4882292875	0	63.38009805	36.61990195				0	0	0	-805.0940509	0.0009192576281	-92302.6031492538	
805.0140509	94	5	1	0.9515015787	0.0009183920024	92.04398356	7.947444083	0.008572359799	76.7763675	22.7362486	0.4873839023	0	63.38009805	36.61990195				0	0	0	-805.0140509	0.0009183920024	-92535.2331094439	
804.9340509	94	5	1	0.9515471508	0.0009175285515	92.03792804	7.953525948	0.008546008968	76.76507821	22.74838152	0.4865402717	0	63.38009805	36.61990195				0	0	0	-804.9340509	0.0009175285515	-92768.156507399	
804.8540509	94	5	1	0.9515926347	0.0009166672672	92.03187156	7.959608691	0.008519744357	76.75379065	22.76051096	0.4856983908	0	63.38009805	36.61990195				0	0	0	-804.8540509	0.0009166672672	-93001.3797691058	
804.7740509	94	5	1	0.9516380306	0.0009158081415	92.02581412	7.965692317	0.00849356565	76.74250479	22.77263695	0.4848582549	0	63.38009805	36.61990195				0	0	0	-804.7740509	0.0009158081415	-93234.9093688705	
804.6940509	94	5	1	0.9516833388	0.0009149511664	92.0197557	7.971776827	0.008467472534	76.73122065	22.78475949	0.4840198592	0	63.38009805	36.61990195				0	0	0	-804.6940509	0.0009149511664	-93468.7300965759	
804.6140509	94	5	1	0.9517285596	0.0009140963337	92.01369631	7.977862227	0.008441464696	76.71993823	22.79687857	0.4831831988	0	63.38009805	36.61990195				0	0	0	-804.6140509	0.0009140963337	-93702.8486327357	
804.5340509	94	5	1	0.9517736932	0.0009132436356	92.00763594	7.983948518	0.008415541828	76.70865752	22.80899421	0.4823482691	0	63.38009805	36.61990195				0	0	0	-804.5340509	0.0009132436356	-93937.2770312654	
804.4540509	94	5	1	0.95181874	0.0009123930642	92.00157459	7.990035705	0.008389703619	76.69737852	22.82110641	0.4815150653	0	63.38009805	36.61990195				0	0	0	-804.4540509	0.0009123930642	-94172.000039067	
804.3740509	94	5	1	0.9518637002	0.0009115446115	91.99551226	7.996123791	0.008363949761	76.68610124	22.83321518	0.4806835827	0	63.38009805	36.61990195				0	0	0	-804.3740509	0.0009115446115	-94407.0189176058	
804.2940509	94	5	1	0.9519085741	0.0009106982697	91.98944894	8.00221278	0.008338279948	76.67482566	22.84532052	0.4798538166	0	63.38009805	36.61990195				0	0	0	-804.2940509	0.0009106982697	-94642.3404391438	
804.2140509	94	5	1	0.9519533619	0.000909854031	91.98338463	8.008302674	0.008312693874	76.6635518	22.85742244	0.4790257623	0	63.38009805	36.61990195				0	0	0	-804.2140509	0.000909854031	-94877.9659957908	
804.1340509	94	5	1	0.951998064	0.0009090118877	91.97731933	8.014393477	0.008287191236	76.65227965	22.86952094	0.4781994152	0	63.38009805	36.61990195				0	0	0	-804.1340509	0.0009090118877	-95113.891294917	
804.0540509	94	5	1	0.9520426806	0.000908171832	91.97125304	8.020485193	0.008261771731	76.64100921	22.88161602	0.4773747706	0	63.38009805	36.61990195				0	0	0	-804.0540509	0.000908171832	-95350.1178070731	
803.9740509	94	5	1	0.9520872119	0.0009073338563	91.96518574	8.026577825	0.008236435057	76.62974047	22.8937077	0.4765518238	0	63.38009805	36.61990195				0	0	0	-803.9740509	0.0009073338563	-95586.6411490376	
803.8940509	94	5	1	0.9521316584	0.0009064979528	91.95911744	8.032671376	0.008211180915	76.61847345	22.90579598	0.4757305703	0	63.38009805	36.61990195				0	0	0	-803.8940509	0.0009064979528	-95823.4686388479	
803.8140509	94	5	1	0.9521760201	0.0009056641141	91.95304814	8.038765849	0.008186009004	76.60720813	22.91788087	0.4749110054	0	63.38009805	36.61990195				0	0	0	-803.8140509	0.0009056641141	-96060.6016273241	
803.7340509	94	5	1	0.9522202975	0.0009048323325	91.94697783	8.044861249	0.008160919028	76.59594452	22.92996236	0.4740931246	0	63.38009805	36.61990195				0	0	0	-803.7340509	0.0009048323325	-96298.024445232	
803.6540509	94	5	1	0.9522644907	0.0009040026004	91.94090651	8.050957578	0.00813591069	76.58468262	22.94204046	0.4732769233	0	63.38009805	36.61990195				0	0	0	-803.6540509	0.0009040026004	-96535.7560273352	
803.5740509	94	5	1	0.9523086	0.0009031749105	91.93483418	8.057054839	0.008110983695	76.57342242	22.95411518	0.472462397	0	63.38009805	36.61990195				0	0	0	-803.5740509	0.0009031749105	-96773.7979479817	
803.4940509	94	5	1	0.9523526257	0.0009023492553	91.92876083	8.063153037	0.008086137749	76.56216393	22.96618653	0.4716495411	0	63.38009805	36.61990195				0	0	0	-803.4940509	0.0009023492553	-97012.1284828432	
803.4140509	94	5	1	0.9523965681	0.0009015256272	91.92268645	8.069252174	0.00806137256	76.55090714	22.97825451	0.4708383511	0	63.38009805	36.61990195				0	0	0	-803.4140509	0.0009015256272	-97250.7670257238	
803.3340509	94	5	1	0.9524404274	0.0009007040191	91.91661106	8.075352254	0.008036687835	76.53965206	22.99031912	0.4700288226	0	63.38009805	36.61990195				0	0	0	-803.3340509	0.0009007040191	-97489.7151211316	
803.2540509	94	5	1	0.9524842039	0.0008998844235	91.91053464	8.08145328	0.008012083285	76.52839868	23.00238037	0.469220951	0	63.38009805	36.61990195				0	0	0	-803.2540509	0.0008998844235	-97728.956900276	
803.1740509	94	5	1	0.9525278978	0.0008990668331	91.90445719	8.087555255	0.00798755862	76.517147	23.01443827	0.4684147318	0	63.38009805	36.61990195				0	0	0	-803.1740509	0.0008990668331	-97968.5059933451	
803.0940509	94	5	1	0.9525715094	0.0008982512407	91.8983787	8.093658183	0.007963113553	76.50589702	23.02649282	0.4676101607	0	63.38009805	36.61990195				0	0	0	-803.0940509	0.0008982512407	-98208.3582106418	
803.0140509	94	5	1	0.952615039	0.000897437639	91.89229918	8.099762068	0.007938747798	76.49464875	23.03854402	0.4668072331	0	63.38009805	36.61990195				0	0	0	-803.0140509	0.000897437639	-98448.5094234277	
802.9340509	94	5	1	0.9526584868	0.0008966260208	91.88621863	8.105866911	0.007914461068	76.48340218	23.05059188	0.4660059448	0	63.38009805	36.61990195				0	0	0	-802.9340509	0.0008966260208	-98688.9736783978	
802.8540509	94	5	1	0.9527018531	0.0008958163791	91.88013703	8.111972717	0.007890253079	76.47215731	23.0626364	0.4652062912	0	63.38009805	36.61990195				0	0	0	-802.8540509	0.0008958163791	-98929.7345285469	
802.7740509	94	5	1	0.952745138	0.0008950087065	91.87405439	8.11807949	0.007866123549	76.46091413	23.0746776	0.4644082679	0	63.38009805	36.61990195				0	0	0	-802.7740509	0.0008950087065	-99170.8002956304	
802.6940509	94	5	1	0.952788342	0.0008942029962	91.8679707	8.124187231	0.007842072195	76.44967266	23.08671547	0.4636118707	0	63.38009805	36.61990195				0	0	0	-802.6940509	0.0008942029962	-99412.178887433	
802.6140509	94	5	1	0.9528314652	0.000893399241	91.86188596	8.130295945	0.007818098737	76.43843288	23.09875002	0.4628170951	0	63.38009805	36.61990195				0	0	0	-802.6140509	0.000893399241	-99653.8478091625	
802.5340509	94	5	1	0.9528745078	0.0008925974338	91.85580016	8.136405635	0.007794202895	76.42719481	23.11078126	0.4620239369	0	63.38009805	36.61990195				0	0	0	-802.5340509	0.0008925974338	-99895.8339862329	
802.4540509	94	5	1	0.9529174702	0.0008917975679	91.84971331	8.142516304	0.007770384392	76.41595843	23.12280918	0.4612323916	0	63.38009805	36.61990195				0	0	0	-802.4540509	0.0008917975679	-100138.1269252	
802.3740509	94	5	1	0.9529603526	0.0008909996361	91.8436254	8.148627955	0.007746642949	76.40472374	23.1348338	0.4604424551	0	63.38009805	36.61990195				0	0	0	-802.3740509	0.0008909996361	-100380.710172699	
802.2940509	94	5	1	0.9530031552	0.0008902036315	91.83753643	8.154740592	0.00772297829	76.39349075	23.14685512	0.4596541229	0	63.38009805	36.61990195				0	0	0	-802.2940509	0.0008902036315	-100623.611001191	
802.2140509	94	5	1	0.9530458783	0.0008894095474	91.83144639	8.160854219	0.007699390141	76.38225946	23.15887315	0.4588673908	0	63.38009805	36.61990195				0	0	0	-802.2140509	0.0008894095474	-100866.818961808	
802.1340509	94	5	1	0.9530885221	0.0008886173768	91.82535528	8.166968837	0.007675878229	76.37102986	23.17088788	0.4580822546	0	63.38009805	36.61990195				0	0	0	-802.1340509	0.0008886173768	-101110.330154818	
802.0540509	94	5	1	0.9531310868	0.000887827113	91.81926311	8.173084451	0.007652442279	76.35980196	23.18289933	0.45729871	0	63.38009805	36.61990195				0	0	0	-802.0540509	0.000887827113	-101354.146708047	
801.9740509	94	5	1	0.9531735728	0.0008870387491	91.81316985	8.179201063	0.007629082021	76.34857574	23.1949075	0.4565167528	0	63.38009805	36.61990195				0	0	0	-801.9740509	0.0008870387491	-101598.271125239	
801.8940509	94	5	1	0.9532159802	0.0008862522785	91.80707552	8.185318678	0.007605797184	76.33735122	23.2069124	0.4557363787	0	63.38009805	36.61990195				0	0	0	-801.8940509	0.0008862522785	-101842.699156816	
801.8140509	94	5	1	0.9532583093	0.0008854676943	91.80098011	8.191437298	0.0075825875	76.3261284	23.21891402	0.4549575836	0	63.38009805	36.61990195				0	0	0	-801.8140509	0.0008854676943	-102087.439960066	
801.7340509	94	5	1	0.9533005604	0.0008846849901	91.79488362	8.197556926	0.007559452699	76.31490726	23.23091238	0.4541803633	0	63.38009805	36.61990195				0	0	0	-801.7340509	0.0008846849901	-102332.489236677	
801.6540509	94	5	1	0.9533427336	0.000883904159	91.78878604	8.203677566	0.007536392515	76.30368781	23.24290747	0.4534047135	0	63.38009805	36.61990195				0	0	0	-801.6540509	0.000883904159	-102577.836651285	
801.5740509	94	5	1	0.9533848292	0.0008831251945	91.78268737	8.209799221	0.007513406682	76.29247006	23.25489931	0.4526306302	0	63.38009805	36.61990195				0	0	0	-801.5740509	0.0008831251945	-102823.497681138	
801.4940509	94	5	1	0.9534268475	0.00088234809	91.77658761	8.215921895	0.007490494934	76.28125399	23.2668879	0.4518581092	0	63.38009805	36.61990195				0	0	0	-801.4940509	0.00088234809	-103069.475100414	
801.4140509	94	5	1	0.9534687887	0.0008815728391	91.77048675	8.222045589	0.007467657009	76.27003961	23.27887324	0.4510871464	0	63.38009805	36.61990195				0	0	0	-801.4140509	0.0008815728391	-103315.75145722	
801.3340509	94	5	1	0.953510653	0.000880799435	91.7643848	8.228170309	0.007444892643	76.25882692	23.29085534	0.4503177376	0	63.38009805	36.61990195				0	0	0	-801.3340509	0.000880799435	-103562.329577085	
801.2540509	94	5	1	0.9535524406	0.0008800278714	91.75828174	8.234296056	0.007422201575	76.24761592	23.3028342	0.4495498787	0	63.38009805	36.61990195				0	0	0	-801.2540509	0.0008800278714	-103809.232087936	
801.1740509	94	5	1	0.9535941518	0.0008792581419	91.75217758	8.240422834	0.007399583545	76.2364066	23.31480983	0.4487835658	0	63.38009805	36.61990195				0	0	0	-801.1740509	0.0008792581419	-104056.441662753	
801.0940509	94	5	1	0.9536357869	0.00087849024	91.74607231	8.246550647	0.007377038292	76.22519897	23.32678224	0.4480187946	0	63.38009805	36.61990195				0	0	0	-801.0940509	0.00087849024	-104303.954327975	
801.0140509	94	5	1	0.953677346	0.0008777241593	91.73996594	8.252679497	0.007354565558	76.21399302	23.33875142	0.4472555612	0	63.38009805	36.61990195				0	0	0	-801.0140509	0.0008777241593	-104551.772792226	
800.9340509	94	5	1	0.9537188294	0.0008769598934	91.73385845	8.258809388	0.007332165086	76.20278876	23.35071738	0.4464938615	0	63.38009805	36.61990195				0	0	0	-800.9340509	0.0008769598934	-104799.906801113	
800.8540509	94	5	1	0.9537602373	0.0008761974361	91.72774984	8.264940323	0.00730983662	76.19158618	23.36268013	0.4457336915	0	63.38009805	36.61990195				0	0	0	-800.8540509	0.0008761974361	-105048.359247608	
800.7740509	94	5	1	0.9538015699	0.0008754367811	91.72164012	8.271072304	0.007287579904	76.18038529	23.37463967	0.4449750471	0	63.38009805	36.61990195				0	0	0	-800.7740509	0.0008754367811	-105297.112411005	
800.6940509	94	5	1	0.9538428276	0.000874677922	91.71552927	8.277205337	0.007265394685	76.16918607	23.386596	0.4442179244	0	63.38009805	36.61990195				0	0	0	-800.6940509	0.000874677922	-105546.176237046	
800.6140509	94	5	1	0.9538840104	0.0008739208527	91.7094173	8.283339422	0.007243280708	76.15798854	23.39854914	0.4434623194	0	63.38009805	36.61990195				0	0	0	-800.6140509	0.0008739208527	-105795.553590513	
800.5340509	94	5	1	0.9539251186	0.0008731655669	91.7033042	8.289474564	0.007221237722	76.14679269	23.41049908	0.4427082281	0	63.38009805	36.61990195				0	0	0	-800.5340509	0.0008731655669	-106045.240682777	
800.4540509	94	5	1	0.9539661525	0.0008724120585	91.69718997	8.295610766	0.007199265476	76.13559852	23.42244583	0.4419556466	0	63.38009805	36.61990195				0	0	0	-800.4540509	0.0008724120585	-106295.240503375	
800.3740509	94	5	1	0.9540071123	0.0008716603213	91.69107461	8.301748031	0.007177363719	76.12440603	23.4343894	0.4412045708	0	63.38009805	36.61990195				0	0	0	-800.3740509	0.0008716603213	-106545.556321433	
800.2940509	94	5	1	0.9540479981	0.0008709103493	91.68495811	8.307886362	0.007155532203	76.11321522	23.44632978	0.440454997	0	63.38009805	36.61990195				0	0	0	-800.2940509	0.0008709103493	-106796.184125871	
800.2140509	94	5	1	0.9540888103	0.0008701621363	91.67884047	8.314025763	0.00713377068	76.10202609	23.45826699	0.4397069211	0	63.38009805	36.61990195				0	0	0	-800.2140509	0.0008701621363	-107047.112924761	
800.1340509	94	5	1	0.954129549	0.0008694156762	91.67272169	8.320166236	0.007112078901	76.09083864	23.47020103	0.4389603392	0	63.38009805	36.61990195				0	0	0	-800.1340509	0.0008694156762	-107298.360256238	
800.0540509	94	5	1	0.9541702144	0.0008686709631	91.66660176	8.326307784	0.007090456622	76.07965286	23.4821319	0.4382152475	0	63.38009805	36.61990195				0	0	0	-800.0540509	0.0008686709631	-107549.929416676	
799.9740509	94	5	1	0.9542108069	0.000867927991	91.66048068	8.332450411	0.007068903597	76.06846876	23.4940596	0.4374716422	0	63.38009805	36.61990195				0	0	0	-799.9740509	0.000867927991	-107801.802097033	
799.8940509	94	5	1	0.9542513265	0.0008671867538	91.65435846	8.338594121	0.007047419583	76.05728633	23.50598415	0.4367295192	0	63.38009805	36.61990195				0	0	0	-799.8940509	0.0008671867538	-108053.996322637	
799.8140509	94	5	1	0.9542917735	0.0008664472458	91.64823508	8.344738915	0.007026004335	76.04610558	23.51790555	0.4359888749	0	63.38009805	36.61990195				0	0	0	-799.8140509	0.0008664472458	-108306.50067329	
799.7340509	94	5	1	0.9543321482	0.0008657094608	91.64211054	8.350884798	0.007004657612	76.0349265	23.52982379	0.4352497053	0	63.38009805	36.61990195				0	0	0	-799.7340509	0.0008657094608	-108559.311554614	
799.6540509	94	5	1	0.9543724507	0.0008649733931	91.63598485	8.357031772	0.006983379173	76.0237491	23.5417389	0.4345120066	0	63.38009805	36.61990195				0	0	0	-799.6540509	0.0008649733931	-108812.446940118	
799.5740509	94	5	1	0.9544126813	0.0008642390368	91.62985799	8.36317984	0.006962168778	76.01257337	23.55365086	0.433775775	0	63.38009805	36.61990195				0	0	0	-799.5740509	0.0008642390368	-109065.888299665	
799.4940509	94	5	1	0.9544528402	0.000863506386	91.62372997	8.369329006	0.006941026187	76.00139931	23.56555969	0.4330410068	0	63.38009805	36.61990195				0	0	0	-799.4940509	0.000863506386	-109319.654158364	
799.4140509	94	5	1	0.9544929275	0.0008627754351	91.61760078	8.375479273	0.006919951163	75.99022692	23.57746538	0.4323076981	0	63.38009805	36.61990195				0	0	0	-799.4140509	0.0008627754351	-109573.73304348	
799.3340509	94	5	1	0.9545329435	0.0008620461781	91.61147041	8.381630643	0.006898943468	75.9790562	23.58936795	0.4315758452	0	63.38009805	36.61990195				0	0	0	-799.3340509	0.0008620461781	-109828.121352133	
799.2540509	94	5	1	0.9545728885	0.0008613186094	91.60533888	8.387783121	0.006878002865	75.96788716	23.6012674	0.4308454443	0	63.38009805	36.61990195				0	0	0	-799.2540509	0.0008613186094	-110082.837700743	
799.1740509	94	5	1	0.9546127625	0.0008605927233	91.59920616	8.393936709	0.00685712912	75.95671978	23.61316373	0.4301164916	0	63.38009805	36.61990195				0	0	0	-799.1740509	0.0008605927233	-110337.855559838	
799.0940509	94	5	1	0.9546525659	0.0008598685139	91.59307227	8.40009141	0.006836321998	75.94555407	23.62505695	0.4293889835	0	63.38009805	36.61990195				0	0	0	-799.0940509	0.0008598685139	-110593.194075146	
799.0140509	94	5	1	0.9546922988	0.0008591459758	91.58693719	8.406247227	0.006815581265	75.93439003	23.63694705	0.4286629162	0	63.38009805	36.61990195				0	0	0	-799.0140509	0.0008591459758	-110848.864557749	
798.9340509	94	5	1	0.9547319615	0.0008584251033	91.58080093	8.412404164	0.006794906689	75.92322766	23.64883406	0.4279382861	0	63.38009805	36.61990195				0	0	0	-798.9340509	0.0008584251033	-111104.832613236	
798.8540509	94	5	1	0.9547715541	0.0008577058906	91.57466348	8.418562223	0.006774298039	75.91206695	23.66071796	0.4272150893	0	63.38009805	36.61990195				0	0	0	-798.8540509	0.0008577058906	-111361.117592021	
798.7740509	94	5	1	0.9548110769	0.0008569883323	91.56852484	8.424721408	0.006753755084	75.90090791	23.67259877	0.4264933223	0	63.38009805	36.61990195				0	0	0	-798.7740509	0.0008569883323	-111617.738866499	
798.6940509	94	5	1	0.95485053	0.0008562724229	91.562385	8.430881721	0.006733277593	75.88975053	23.68447649	0.4257729814	0	63.38009805	36.61990195				0	0	0	-798.6940509	0.0008562724229	-111874.669395805	
798.6140509	94	5	1	0.9548899138	0.0008555581567	91.55624397	8.437043167	0.006712865339	75.87859482	23.69635112	0.4250540629	0	63.38009805	36.61990195				0	0	0	-798.6140509	0.0008555581567	-112131.905414379	
798.5340509	94	5	1	0.9549292282	0.0008548455282	91.55010173	8.443205747	0.006692518093	75.86744077	23.70822267	0.4243365632	0	63.38009805	36.61990195				0	0	0	-798.5340509	0.0008548455282	-112389.474542005	
798.4540509	94	5	1	0.9549684737	0.0008541345321	91.5439583	8.449369465	0.006672235629	75.85628838	23.72009114	0.4236204786	0	63.38009805	36.61990195				0	0	0	-798.4540509	0.0008541345321	-112647.365091429	
798.3740509	94	5	1	0.9550076503	0.0008534251628	91.53781366	8.455534324	0.00665201772	75.84513766	23.73195653	0.4229058056	0	63.38009805	36.61990195				0	0	0	-798.3740509	0.0008534251628	-112905.565544356	
798.2940509	94	5	1	0.9550467583	0.0008527174149	91.53166781	8.461700328	0.006631864141	75.8339886	23.74381886	0.4221925404	0	63.38009805	36.61990195				0	0	0	-798.2940509	0.0008527174149	-113164.087945013	
798.2140509	94	5	1	0.9550857979	0.000852011283	91.52552075	8.467867478	0.006611774667	75.8228412	23.75567812	0.4214806796	0	63.38009805	36.61990195				0	0	0	-798.2140509	0.000852011283	-113422.928571958	
798.1340509	94	5	1	0.9551247693	0.0008513067617	91.51937247	8.474035779	0.006591749077	75.81169546	23.76753432	0.4207702196	0	63.38009805	36.61990195				0	0	0	-798.1340509	0.0008513067617	-113682.091769528	
798.0540509	94	5	1	0.9551636726	0.0008506038457	91.51322298	8.480205234	0.006571787146	75.80055137	23.77938747	0.4200611567	0	63.38009805	36.61990195				0	0	0	-798.0540509	0.0008506038457	-113941.573755766	
797.9740509	94	5	1	0.9552025081	0.0008499025296	91.50707227	8.486375844	0.006551888653	75.78940895	23.79123756	0.4193534875	0	63.38009805	36.61990195				0	0	0	-797.9740509	0.0008499025296	-114201.379035616	
797.8940509	94	5	1	0.955241276	0.0008492028082	91.50092033	8.492547614	0.006532053378	75.77826819	23.80308461	0.4186472083	0	63.38009805	36.61990195				0	0	0	-797.8940509	0.0008492028082	-114461.511992436	
797.8140509	94	5	1	0.9552799764	0.0008485046762	91.49476717	8.498720547	0.006512281101	75.76712908	23.81492861	0.4179423157	0	63.38009805	36.61990195				0	0	0	-797.8140509	0.0008485046762	-114721.960806621	
797.7340509	94	5	1	0.9553186096	0.0008478081283	91.48861278	8.504894645	0.006492571603	75.75599163	23.82676957	0.4172388062	0	63.38009805	36.61990195				0	0	0	-797.7340509	0.0008478081283	-114982.721687241	
797.6540509	94	5	1	0.9553571758	0.0008471131592	91.48245716	8.511069912	0.006472924666	75.74485583	23.83860749	0.4165366761	0	63.38009805	36.61990195				0	0	0	-797.6540509	0.0008471131592	-115243.8158096	
797.5740509	94	5	1	0.9553956751	0.0008464197639	91.47630031	8.51724635	0.006453340071	75.73372169	23.85044239	0.4158359221	0	63.38009805	36.61990195				0	0	0	-797.5740509	0.0008464197639	-115505.231022134	
797.4940509	94	5	1	0.9554341077	0.000845727937	91.47014222	8.523423963	0.006433817604	75.7225892	23.86227426	0.4151365405	0	63.38009805	36.61990195				0	0	0	-797.4940509	0.000845727937	-115766.972330546	
797.4140509	94	5	1	0.9554724739	0.0008450376736	91.46398289	8.529602754	0.006414357049	75.71145837	23.8741031	0.4144385281	0	63.38009805	36.61990195				0	0	0	-797.4140509	0.0008450376736	-116029.035711977	
797.3340509	94	5	1	0.9555107738	0.0008443489683	91.45782232	8.535782726	0.006394958191	75.70032919	23.88592893	0.4137418812	0	63.38009805	36.61990195				0	0	0	-797.3340509	0.0008443489683	-116291.409363207	
797.2540509	94	5	1	0.9555490076	0.0008436618161	91.4516605	8.541963882	0.006375620815	75.68920166	23.89775174	0.4130465965	0	63.38009805	36.61990195				0	0	0	-797.2540509	0.0008436618161	-116554.114711567	
797.1740509	94	5	1	0.9555871756	0.0008429762119	91.44549743	8.548146224	0.00635634471	75.67807578	23.90957155	0.4123526705	0	63.38009805	36.61990195				0	0	0	-797.1740509	0.0008429762119	-116817.148275181	
797.0940509	94	5	1	0.9556252778	0.0008422921507	91.43933311	8.554329756	0.006337129663	75.66695156	23.92138834	0.4116600998	0	63.38009805	36.61990195				0	0	0	-797.0940509	0.0008422921507	-117080.514977877	
797.0140509	94	5	1	0.9556633145	0.0008416096275	91.43316754	8.560514481	0.006317975462	75.65582898	23.93320214	0.410968881	0	63.38009805	36.61990195				0	0	0	-797.0140509	0.0008416096275	-117344.193994088	
796.9340509	94	5	1	0.9557012859	0.0008409286371	91.42700072	8.566700402	0.006298881898	75.64470805	23.94501294	0.4102790106	0	63.38009805	36.61990195				0	0	0	-796.9340509	0.0008409286371	-117608.190346554	
796.8540509	94	5	1	0.9557391921	0.0008402491746	91.42083263	8.572887522	0.00627984876	75.63358877	23.95682074	0.4095904853	0	63.38009805	36.61990195				0	0	0	-796.8540509	0.0008402491746	-117872.526223391	
796.7740509	94	5	1	0.9557770334	0.0008395712351	91.41466328	8.579075844	0.00626087584	75.62247114	23.96862556	0.4089033017	0	63.38009805	36.61990195				0	0	0	-796.7740509	0.0008395712351	-118137.189419338	
796.6940509	94	5	1	0.95581481	0.0008388948136	91.40849267	8.585265371	0.00624196293	75.61135516	23.98042739	0.4082174564	0	63.38009805	36.61990195				0	0	0	-796.6940509	0.0008388948136	-118402.17640555	
796.6140509	94	5	1	0.9558525219	0.0008382199052	91.40232078	8.591456106	0.006223109823	75.60024082	23.99222624	0.407532946	0	63.38009805	36.61990195				0	0	0	-796.6140509	0.0008382199052	-118667.483450093	
796.5340509	94	5	1	0.9558901694	0.0008375465049	91.39614763	8.597648052	0.006204316312	75.58912813	24.00402211	0.4068497673	0	63.38009805	36.61990195				0	0	0	-796.5340509	0.0008375465049	-118933.115811288	
796.4540509	94	5	1	0.9559277528	0.0008368746079	91.38997321	8.603841212	0.006185582192	75.57801708	24.01581501	0.4061679168	0	63.38009805	36.61990195				0	0	0	-796.4540509	0.0008368746079	-119199.078621916	
796.3740509	94	5	1	0.955965272	0.0008362042093	91.3837975	8.610035589	0.006166907258	75.56690767	24.02760494	0.4054873913	0	63.38009805	36.61990195				0	0	0	-796.3740509	0.0008362042093	-119465.377364535	
796.2940509	94	5	1	0.9560027275	0.0008355353044	91.37762052	8.616231186	0.006148291306	75.55579991	24.0393919	0.4048081874	0	63.38009805	36.61990195				0	0	0	-796.2940509	0.0008355353044	-119731.999397245	
796.2140509	94	5	1	0.9560401192	0.0008348678882	91.37144226	8.622428006	0.006129734133	75.54469379	24.0511759	0.4041303019	0	63.38009805	36.61990195				0	0	0	-796.2140509	0.0008348678882	-119998.950350079	
796.1340509	94	5	1	0.9560774475	0.0008342019561	91.36526271	8.628626052	0.006111235537	75.53358932	24.06295695	0.4034537313	0	63.38009805	36.61990195				0	0	0	-796.1340509	0.0008342019561	-120266.226328278	
796.0540509	94	5	1	0.9561147125	0.0008335375031	91.35908188	8.634825327	0.006092795316	75.52248648	24.07473505	0.4027784726	0	63.38009805	36.61990195				0	0	0	-796.0540509	0.0008335375031	-120533.833152408	
795.9740509	94	5	1	0.9561519143	0.0008328745247	91.35289975	8.641025834	0.006074413269	75.51138529	24.08651019	0.4021045223	0	63.38009805	36.61990195				0	0	0	-795.9740509	0.0008328745247	-120801.776034418	
795.8940509	94	5	1	0.9561890532	0.000832213016	91.34671634	8.647227576	0.006056089197	75.50028573	24.09828239	0.4014318772	0	63.38009805	36.61990195				0	0	0	-795.8940509	0.000832213016	-121070.033423826	
795.8140509	94	5	1	0.9562261293	0.0008315529723	91.34053162	8.653430555	0.0060378229	75.48918781	24.11005165	0.4007605342	0	63.38009805	36.61990195				0	0	0	-795.8140509	0.0008315529723	-121338.629126749	
795.7340509	94	5	1	0.9562631428	0.000830894389	91.33434561	8.659634776	0.00601961418	75.47809153	24.12181798	0.4000904898	0	63.38009805	36.61990195				0	0	0	-795.7340509	0.000830894389	-121607.568906226	
795.6540509	94	5	1	0.9563000938	0.0008302372615	91.3281583	8.66584024	0.00600146284	75.46699689	24.13358137	0.399421741	0	63.38009805	36.61990195				0	0	0	-795.6540509	0.0008302372615	-121876.821426777	
795.5740509	94	5	1	0.9563369827	0.0008295815849	91.32196968	8.672046952	0.005983368681	75.45590389	24.14534183	0.3987542844	0	63.38009805	36.61990195				0	0	0	-795.5740509	0.0008295815849	-122146.41125666	
795.4940509	94	5	1	0.9563738094	0.0008289273549	91.31577976	8.678254913	0.005965331509	75.44481252	24.15709937	0.3980881169	0	63.38009805	36.61990195				0	0	0	-795.4940509	0.0008289273549	-122416.334451549	
795.4140509	94	5	1	0.9564105743	0.0008282745666	91.30958852	8.684464127	0.005947351128	75.43372278	24.16885398	0.3974232353	0	63.38009805	36.61990195				0	0	0	-795.4140509	0.0008282745666	-122686.588010597	
795.3340509	94	5	1	0.9564472774	0.0008276232157	91.30339598	8.690674597	0.005929427344	75.42263468	24.18060568	0.3967596365	0	63.38009805	36.61990195				0	0	0	-795.3340509	0.0008276232157	-122957.17738652	
795.2540509	94	5	1	0.956483919	0.0008269732974	91.29720211	8.696886325	0.005911559962	75.41154821	24.19235447	0.3960973171	0	63.38009805	36.61990195				0	0	0	-795.2540509	0.0008269732974	-123228.090001377	
795.1740509	94	5	1	0.9565204992	0.0008263248073	91.29100694	8.703099315	0.005893748789	75.40046338	24.20410035	0.3954362741	0	63.38009805	36.61990195				0	0	0	-795.1740509	0.0008263248073	-123499.35061387	
795.0940509	94	5	1	0.9565570182	0.0008256777409	91.28481044	8.70931357	0.005875993634	75.38938018	24.21584332	0.3947765043	0	63.38009805	36.61990195				0	0	0	-795.0940509	0.0008256777409	-123770.936774976	
795.0140509	94	5	1	0.9565934761	0.0008250320936	91.27861261	8.715529093	0.005858294304	75.37829861	24.22758339	0.3941180046	0	63.38009805	36.61990195				0	0	0	-795.0140509	0.0008250320936	-124042.844973578	
794.9340509	94	5	1	0.9566298732	0.0008243878609	91.27241346	8.721745886	0.00584065061	75.36721867	24.23932056	0.3934607718	0	63.38009805	36.61990195				0	0	0	-794.9340509	0.0008243878609	-124315.100588495	
794.8540509	94	5	1	0.9566662096	0.0008237450385	91.26621299	8.727963952	0.00582306236	75.35614036	24.25105484	0.3928048028	0	63.38009805	36.61990195				0	0	0	-794.8540509	0.0008237450385	-124587.700145706	
794.7740509	94	5	1	0.9567024854	0.0008231036219	91.26001118	8.734183295	0.005805529365	75.34506367	24.26278623	0.3921500944	0	63.38009805	36.61990195				0	0	0	-794.7740509	0.0008231036219	-124860.63068064	
794.6940509	94	5	1	0.9567387009	0.0008224636067	91.25380803	8.740403917	0.005788051437	75.33398862	24.27451474	0.3914966437	0	63.38009805	36.61990195				0	0	0	-794.6940509	0.0008224636067	-125133.888588522	
794.6140509	94	5	1	0.9567748562	0.0008218249884	91.24760355	8.746625822	0.005770628389	75.32291519	24.28624036	0.3908444475	0	63.38009805	36.61990195				0	0	0	-794.6140509	0.0008218249884	-125407.480262832	
794.5340509	94	5	1	0.9568109515	0.0008211877627	91.24139773	8.752849012	0.005753260032	75.31184339	24.2979631	0.3901935027	0	63.38009805	36.61990195				0	0	0	-794.5340509	0.0008211877627	-125681.41196766	
794.4540509	94	5	1	0.9568469869	0.0008205519252	91.23519056	8.75907349	0.00573594618	75.30077322	24.30968298	0.3895438062	0	63.38009805	36.61990195				0	0	0	-794.4540509	0.0008205519252	-125955.680393739	
794.3740509	94	5	1	0.9568829626	0.0008199174716	91.22898205	8.765299259	0.005718686649	75.28970467	24.32139998	0.388895355	0	63.38009805	36.61990195				0	0	0	-794.3740509	0.0008199174716	-126230.292018643	
794.2940509	94	5	1	0.9569188788	0.0008192843976	91.2227722	8.771526322	0.005701481252	75.27863774	24.33311411	0.388248146	0	63.38009805	36.61990195				0	0	0	-794.2940509	0.0008192843976	-126505.233444482	
794.2140509	94	5	1	0.9569547356	0.0008186526988	91.21656099	8.777754683	0.005684329805	75.26757244	24.34482538	0.3876021761	0	63.38009805	36.61990195				0	0	0	-794.2140509	0.0008186526988	-126780.521410727	
794.1340509	94	5	1	0.9569905332	0.0008180223711	91.21034842	8.783984343	0.005667232125	75.25650876	24.35653379	0.3869574425	0	63.38009805	36.61990195				0	0	0	-794.1340509	0.0008180223711	-127056.142214739	
794.0540509	94	5	1	0.9570262718	0.00081739341	91.20413451	8.790215306	0.005650188029	75.24544671	24.36823935	0.3863139419	0	63.38009805	36.61990195				0	0	0	-794.0540509	0.00081739341	-127332.102901206	
793.9740509	94	5	1	0.9570619515	0.0008167658115	91.19791923	8.796447575	0.005633197335	75.23438627	24.37994206	0.3856716714	0	63.38009805	36.61990195				0	0	0	-793.9740509	0.0008167658115	-127608.39963674	
793.8940509	94	5	1	0.9570975725	0.0008161395711	91.19170259	8.802681153	0.005616259861	75.22332746	24.39164191	0.3850306281	0	63.38009805	36.61990195				0	0	0	-793.8940509	0.0008161395711	-127885.039690128	
793.8140509	94	5	1	0.9571331349	0.0008155146849	91.18548458	8.808916042	0.005599375427	75.21227026	24.40333893	0.3843908088	0	63.38009805	36.61990195				0	0	0	-793.8140509	0.0008155146849	-128162.029493341	
793.7340509	94	5	1	0.9571686389	0.0008148911485	91.17926521	8.815152246	0.005582543853	75.20121469	24.4150331	0.3837522107	0	63.38009805	36.61990195				0	0	0	-793.7340509	0.0008148911485	-128439.335167034	
793.6540509	94	5	1	0.9572040847	0.0008142689577	91.17304447	8.821389767	0.005565764958	75.19016073	24.42672444	0.3831148307	0	63.38009805	36.61990195				0	0	0	-793.6540509	0.0008142689577	-128717.004830816	
793.5740509	94	5	1	0.9572394725	0.0008136481086	91.16682235	8.827628609	0.005549038566	75.17910839	24.43841295	0.3824786659	0	63.38009805	36.61990195				0	0	0	-793.5740509	0.0008136481086	-128995.014252303	
793.4940509	94	5	1	0.9572748023	0.0008130285968	91.16059886	8.833868774	0.005532364496	75.16805766	24.45009862	0.3818437133	0	63.38009805	36.61990195				0	0	0	-793.4940509	0.0008130285968	-129273.350004412	
793.4140509	94	5	1	0.9573100743	0.0008124104183	91.15437399	8.840110265	0.005515742573	75.15700856	24.46178147	0.38120997	0	63.38009805	36.61990195				0	0	0	-793.4140509	0.0008124104183	-129552.029234262	
793.3340509	94	5	1	0.9573452888	0.0008117935689	91.14814774	8.846353085	0.005499172619	75.14596106	24.4734615	0.3805774331	0	63.38009805	36.61990195				0	0	0	-793.3340509	0.0008117935689	-129831.059366116	
793.2540509	94	5	1	0.9573804458	0.0008111780447	91.14192011	8.852597237	0.005482654459	75.13491518	24.48513872	0.3799460995	0	63.38009805	36.61990195				0	0	0	-793.2540509	0.0008111780447	-130110.436886418	
793.1740509	94	5	1	0.9574155456	0.0008105638415	91.13569109	8.858842724	0.005466187918	75.12387092	24.49681312	0.3793159665	0	63.38009805	36.61990195				0	0	0	-793.1740509	0.0008105638415	-130390.158783276	
793.0940509	94	5	1	0.9574505882	0.0008099509554	91.12946068	8.865089549	0.005449772819	75.11282827	24.5084847	0.378687031	0	63.38009805	36.61990195				0	0	0	-793.0940509	0.0008099509554	-130670.221456903	
793.0140509	94	5	1	0.9574855738	0.0008093393822	91.12322888	8.871337715	0.005433408991	75.10178722	24.52015349	0.3780592902	0	63.38009805	36.61990195				0	0	0	-793.0140509	0.0008093393822	-130950.621813301	
792.9340509	94	5	1	0.9575205026	0.000808729118	91.11699568	8.877587224	0.005417096259	75.09074779	24.53181946	0.3774327412	0	63.38009805	36.61990195				0	0	0	-792.9340509	0.000808729118	-131231.366976079	
792.8540509	94	5	1	0.9575553747	0.0008081201587	91.11076109	8.88383808	0.005400834451	75.07970997	24.54348264	0.3768073811	0	63.38009805	36.61990195				0	0	0	-792.8540509	0.0008081201587	-131512.464669732	
792.7740509	94	5	1	0.9575901903	0.0008075125005	91.10452509	8.890090285	0.005384623395	75.06867376	24.55514303	0.3761832071	0	63.38009805	36.61990195				0	0	0	-792.7740509	0.0008075125005	-131793.911399326	
792.6940509	94	5	1	0.9576249496	0.0008069061393	91.0982877	8.896343842	0.005368462919	75.05763916	24.56680062	0.3755602162	0	63.38009805	36.61990195				0	0	0	-792.6940509	0.0008069061393	-132075.682284991	
792.6140509	94	5	1	0.9576596527	0.0008063010711	91.09204889	8.902598754	0.005352352853	75.04660617	24.57845542	0.3749384057	0	63.38009805	36.61990195				0	0	0	-792.6140509	0.0008063010711	-132357.817636292	
792.5340509	94	5	1	0.9576942997	0.0008056972922	91.08580868	8.908855025	0.005336293027	75.03557478	24.59010744	0.3743177726	0	63.38009805	36.61990195				0	0	0	-792.5340509	0.0008056972922	-132640.314110452	
792.4540509	94	5	1	0.9577288908	0.0008050947986	91.07956706	8.915112656	0.005320283271	75.024545	24.60175668	0.3736983142	0	63.38009805	36.61990195				0	0	0	-792.4540509	0.0008050947986	-132923.135614963	
792.3740509	94	5	1	0.9577634261	0.0008044935863	91.07332403	8.921371652	0.005304323417	75.01351683	24.61340314	0.3730800276	0	63.38009805	36.61990195				0	0	0	-792.3740509	0.0008044935863	-133206.311994117	
792.2940509	94	5	1	0.9577979058	0.0008038936516	91.06707957	8.927632013	0.005288413297	75.00249026	24.62504683	0.37246291	0	63.38009805	36.61990195				0	0	0	-792.2940509	0.0008038936516	-133489.839779743	
792.2140509	94	5	1	0.9578323301	0.0008032949905	91.0608337	8.933893745	0.005272552743	74.99146529	24.63668775	0.3718469585	0	63.38009805	36.61990195				0	0	0	-792.2140509	0.0008032949905	-133773.704796565	
792.1340509	94	5	1	0.9578666991	0.0008026975992	91.05458641	8.940156849	0.005256741588	74.98044193	24.6483259	0.3712321705	0	63.38009805	36.61990195				0	0	0	-792.1340509	0.0008026975992	-134057.93728479	
792.0540509	94	5	1	0.9579010129	0.000802101474	91.04833769	8.946421328	0.005240979667	74.96942017	24.65996128	0.3706185431	0	63.38009805	36.61990195				0	0	0	-792.0540509	0.000802101474	-134342.511470952	
791.9740509	94	5	1	0.9579352717	0.0008015066109	91.04208755	8.952687185	0.005225266814	74.95840001	24.67159391	0.3700060735	0	63.38009805	36.61990195				0	0	0	-791.9740509	0.0008015066109	-134627.424291539	
791.8940509	94	5	1	0.9579694757	0.0008009130062	91.03583597	8.958954423	0.005209602863	74.94738146	24.68322378	0.3693947589	0	63.38009805	36.61990195				0	0	0	-791.8940509	0.0008009130062	-134912.706340282	
791.8140509	94	5	1	0.9580036249	0.0008003206562	91.02958297	8.965223046	0.00519398765	74.9363645	24.6948509	0.3687845966	0	63.38009805	36.61990195				0	0	0	-791.8140509	0.0008003206562	-135198.331672853	
791.7340509	94	5	1	0.9580377196	0.000799729557	91.02332852	8.971493055	0.005178421013	74.92534914	24.70647527	0.3681755838	0	63.38009805	36.61990195				0	0	0	-791.7340509	0.000799729557	-135484.29715324	
791.6540509	94	5	1	0.9580717598	0.0007991397049	91.01707264	8.977764453	0.005162902787	74.91433538	24.7180969	0.3675677178	0	63.38009805	36.61990195				0	0	0	-791.6540509	0.0007991397049	-135770.633926782	
791.5740509	94	5	1	0.9581057458	0.0007985510963	91.01081532	8.984037244	0.005147432811	74.90332322	24.72971578	0.3669609958	0	63.38009805	36.61990195				0	0	0	-791.5740509	0.0007985510963	-136057.327303909	
791.4940509	94	5	1	0.9581396776	0.0007979637274	91.00455656	8.990311431	0.005132010922	74.89231266	24.74133193	0.3663554152	0	63.38009805	36.61990195				0	0	0	-791.4940509	0.0007979637274	-136344.350985322	
791.4140509	94	5	1	0.9581735555	0.0007973775944	90.99829635	8.996587016	0.005116636959	74.88130369	24.75294534	0.3657509731	0	63.38009805	36.61990195				0	0	0	-791.4140509	0.0007973775944	-136631.736627849	
791.3340509	94	5	1	0.9582073795	0.0007967926938	90.99203469	9.002864001	0.005101310762	74.87029631	24.76455602	0.3651476669	0	63.38009805	36.61990195				0	0	0	-791.3340509	0.0007967926938	-136919.492609999	
791.2540509	94	5	1	0.9582411498	0.0007962090219	90.98577158	9.009142391	0.00508603217	74.85929053	24.77616397	0.3645454938	0	63.38009805	36.61990195				0	0	0	-791.2540509	0.0007962090219	-137207.580697154	
791.1740509	94	5	1	0.9582748665	0.0007956265749	90.97950701	9.015422187	0.005070801025	74.84828635	24.7877692	0.3639444513	0	63.38009805	36.61990195				0	0	0	-791.1740509	0.0007956265749	-137496.033114852	
791.0940509	94	5	1	0.9583085298	0.0007950453494	90.97324099	9.021703393	0.005055617168	74.83728375	24.79937171	0.3633445365	0	63.38009805	36.61990195				0	0	0	-791.0940509	0.0007950453494	-137784.846402488	
791.0140509	94	5	1	0.9583421398	0.0007944653416	90.96697351	9.027986012	0.005040480439	74.82628275	24.8109715	0.3627457468	0	63.38009805	36.61990195				0	0	0	-791.0140509	0.0007944653416	-138074.017854487	
790.9340509	94	5	1	0.9583756967	0.0007938865481	90.96070456	9.034270046	0.005025390683	74.81528334	24.82256858	0.3621480795	0	63.38009805	36.61990195				0	0	0	-790.9340509	0.0007938865481	-138363.543929063	
790.8540509	94	5	1	0.9584092006	0.0007933089651	90.95443415	9.040555498	0.00501034774	74.80428552	24.83416294	0.3615515321	0	63.38009805	36.61990195				0	0	0	-790.8540509	0.0007933089651	-138653.40977766	
790.7740509	94	5	1	0.9584426517	0.0007927325891	90.94816228	9.046842371	0.004995351456	74.79328929	24.84575461	0.3609561017	0	63.38009805	36.61990195				0	0	0	-790.7740509	0.0007927325891	-138943.635958372	
790.6940509	94	5	1	0.95847605	0.0007921574165	90.94188893	9.053130668	0.004980401675	74.78229465	24.85734356	0.3603617858	0	63.38009805	36.61990195				0	0	0	-790.6940509	0.0007921574165	-139234.231627045	
790.6140509	94	5	1	0.9585093957	0.0007915834439	90.93561411	9.059420391	0.00496549824	74.7713016	24.86892982	0.3597685817	0	63.38009805	36.61990195				0	0	0	-790.6140509	0.0007915834439	-139525.205800395	
790.5340509	94	5	1	0.958542689	0.0007910106678	90.92933781	9.065711544	0.004950640998	74.76031013	24.88051338	0.3591764869	0	63.38009805	36.61990195				0	0	0	-790.5340509	0.0007910106678	-139816.506619307	
790.4540509	94	5	1	0.9585759301	0.0007904390844	90.92306004	9.07200413	0.004935829795	74.74932025	24.89209425	0.3585854986	0	63.38009805	36.61990195				0	0	0	-790.4540509	0.0007904390844	-140108.167813613	
790.3740509	94	5	1	0.9586091189	0.0007898686905	90.91678079	9.07829815	0.004921064476	74.73833196	24.90367243	0.3579956143	0	63.38009805	36.61990195				0	0	0	-790.3740509	0.0007898686905	-140400.210397594	
790.2940509	94	5	1	0.9586422557	0.0007892994825	90.91050005	9.084593609	0.004906344889	74.72734525	24.91524792	0.3574068313	0	63.38009805	36.61990195				0	0	0	-790.2940509	0.0007892994825	-140692.607087319	
790.2140509	94	5	1	0.9586753406	0.000788731457	90.90421782	9.090890509	0.004891670881	74.71636012	24.92682073	0.3568191471	0	63.38009805	36.61990195				0	0	0	-790.2140509	0.000788731457	-140985.354482749	
790.1340509	94	5	1	0.9587083738	0.0007881646104	90.89793411	9.097188852	0.004877042301	74.70537658	24.93839086	0.3562325591	0	63.38009805	36.61990195				0	0	0	-790.1340509	0.0007881646104	-141278.474609489	
790.0540509	94	5	1	0.9587413553	0.0007875989395	90.8916489	9.103488642	0.004862458998	74.69439462	24.94995831	0.3556470647	0	63.38009805	36.61990195				0	0	0	-790.0540509	0.0007875989395	-141571.951512685	
789.9740509	94	5	1	0.9587742854	0.0007870344406	90.8853622	9.109789881	0.00484792082	74.68341424	24.9615231	0.3550626613	0	63.38009805	36.61990195				0	0	0	-789.9740509	0.0007870344406	-141865.782554016	
789.8940509	94	5	1	0.9588071641	0.0007864711105	90.879074	9.116092572	0.004833427618	74.67243545	24.97308521	0.3544793464	0	63.38009805	36.61990195				0	0	0	-789.8940509	0.0007864711105	-142160.002066879	
789.8140509	94	5	1	0.9588399916	0.0007859089458	90.8727843	9.122396718	0.004818979242	74.66145823	24.98464466	0.3538971174	0	63.38009805	36.61990195				0	0	0	-789.8140509	0.0007859089458	-142454.556552667	
789.7340509	94	5	1	0.958872768	0.0007853479429	90.8664931	9.128702323	0.004804575543	74.65048259	24.99620144	0.3533159717	0	63.38009805	36.61990195				0	0	0	-789.7340509	0.0007853479429	-142749.481155084	
789.6540509	94	5	1	0.9589054935	0.0007847880987	90.8602004	9.135009387	0.004790216373	74.63950853	25.00775557	0.3527359069	0	63.38009805	36.61990195				0	0	0	-789.6540509	0.0007847880987	-143044.798033618	
789.5740509	94	5	1	0.9589381681	0.0007842294098	90.85390618	9.141317916	0.004775901584	74.62853604	25.01930704	0.3521569203	0	63.38009805	36.61990195				0	0	0	-789.5740509	0.0007842294098	-143340.453207581	
789.4940509	94	5	1	0.9589707921	0.0007836718727	90.84761046	9.14762791	0.004761631028	74.61756514	25.03085585	0.3515790094	0	63.38009805	36.61990195				0	0	0	-789.4940509	0.0007836718727	-143636.482234841	
789.4140509	94	5	1	0.9590033655	0.0007831154843	90.84131322	9.153939374	0.004747404559	74.60659581	25.04240202	0.3510021718	0	63.38009805	36.61990195				0	0	0	-789.4140509	0.0007831154843	-143932.881737598	
789.3340509	94	5	1	0.9590358884	0.0007825602411	90.83501447	9.160252309	0.00473322203	74.59562805	25.05394555	0.350426405	0	63.38009805	36.61990195				0	0	0	-789.3340509	0.0007825602411	-144229.623041137	
789.2540509	94	5	1	0.9590683611	0.0007820061398	90.8287142	9.16656672	0.004719083296	74.58466187	25.06548643	0.3498517063	0	63.38009805	36.61990195				0	0	0	-789.2540509	0.0007820061398	-144526.755016455	
789.1740509	94	5	1	0.9591007837	0.0007814531773	90.8224124	9.172882607	0.004704988212	74.57369726	25.07702467	0.3492780734	0	63.38009805	36.61990195				0	0	0	-789.1740509	0.0007814531773	-144824.261541358	
789.0940509	94	5	1	0.9591331561	0.0007809013502	90.81610909	9.179199976	0.004690936632	74.56273422	25.08856028	0.3487055037	0	63.38009805	36.61990195				0	0	0	-789.0940509	0.0007809013502	-145122.126778331	
789.0140509	94	5	1	0.9591654787	0.0007803506553	90.80980424	9.185518827	0.004676928414	74.55177276	25.10009325	0.3481339948	0	63.38009805	36.61990195				0	0	0	-789.0140509	0.0007803506553	-145420.360639849	
788.9340509	94	5	1	0.9591977515	0.0007798010893	90.80349787	9.191839164	0.004662963412	74.54081286	25.11162359	0.3475635442	0	63.38009805	36.61990195				0	0	0	-788.9340509	0.0007798010893	-145718.973541114	
788.8540509	94	5	1	0.9592299747	0.0007792526491	90.79718997	9.198160991	0.004649041485	74.52985454	25.12315131	0.3469941494	0	63.38009805	36.61990195				0	0	0	-788.8540509	0.0007792526491	-146017.948990834	
788.7740509	94	5	1	0.9592621483	0.0007787053313	90.79088053	9.204484308	0.00463516249	74.51889778	25.13467641	0.3464258079	0	63.38009805	36.61990195				0	0	0	-788.7740509	0.0007787053313	-146317.284222097	
788.6940509	94	5	1	0.9592942726	0.0007781591328	90.78456955	9.21080912	0.004621326284	74.5079426	25.14619889	0.3458585174	0	63.38009805	36.61990195				0	0	0	-788.6940509	0.0007781591328	-146617.002754663	
788.6140509	94	5	1	0.9593263476	0.0007776140504	90.77825704	9.21713543	0.004607532727	74.49698898	25.15771875	0.3452922753	0	63.38009805	36.61990195				0	0	0	-788.6140509	0.0007776140504	-146917.088311863	
788.5340509	94	5	1	0.9593583734	0.0007770700809	90.77194298	9.223463239	0.004593781677	74.48603692	25.169236	0.3447270793	0	63.38009805	36.61990195				0	0	0	-788.5340509	0.0007770700809	-147217.551451667	
788.4540509	94	5	1	0.9593903502	0.0007765272212	90.76562738	9.229792551	0.004580072994	74.47508644	25.18075064	0.3441629269	0	63.38009805	36.61990195				0	0	0	-788.4540509	0.0007765272212	-147518.389148523	
788.3740509	94	5	1	0.9594222782	0.0007759854681	90.75931022	9.236123369	0.004566406539	74.46413751	25.19226267	0.3435998157	0	63.38009805	36.61990195				0	0	0	-788.3740509	0.0007759854681	-147819.598561827	
788.2940509	94	5	1	0.9594541573	0.0007754448185	90.75299152	9.242455695	0.004552782171	74.45319016	25.2037721	0.3430377433	0	63.38009805	36.61990195				0	0	0	-788.2940509	0.0007754448185	-148121.176591455	
788.2140509	94	5	1	0.9594859879	0.0007749052692	90.74667127	9.248789532	0.004539199752	74.44224436	25.21527893	0.3424767073	0	63.38009805	36.61990195				0	0	0	-788.2140509	0.0007749052692	-148423.134146815	
788.1340509	94	5	1	0.9595177699	0.0007743668172	90.74034946	9.255124884	0.004525659144	74.43130013	25.22678316	0.3419167052	0	63.38009805	36.61990195				0	0	0	-788.1340509	0.0007743668172	-148725.468108822	
788.0540509	94	5	1	0.9595495036	0.0007738294593	90.73402609	9.261461752	0.004512160209	74.42035746	25.23828481	0.3413577348	0	63.38009805	36.61990195				0	0	0	-788.0540509	0.0007738294593	-149028.175769823	
787.9740509	94	5	1	0.9595811889	0.0007732931925	90.72770116	9.267800139	0.004498702809	74.40941635	25.24978386	0.3407997935	0	63.38009805	36.61990195				0	0	0	-787.9740509	0.0007732931925	-149331.267929083	
787.8940509	94	5	1	0.9596128262	0.0007727580137	90.72137466	9.274140049	0.004485286807	74.3984768	25.26128032	0.3402428791	0	63.38009805	36.61990195				0	0	0	-787.8940509	0.0007727580137	-149634.727812829	
787.8140509	94	5	1	0.9596444154	0.0007722239198	90.7150466	9.280481485	0.004471912068	74.38753881	25.2727742	0.3396869891	0	63.38009805	36.61990195				0	0	0	-787.8140509	0.0007722239198	-149938.566485869	
787.7340509	94	5	1	0.9596759567	0.0007716909078	90.70871697	9.286824448	0.004458578455	74.37660238	25.2842655	0.3391321212	0	63.38009805	36.61990195				0	0	0	-787.7340509	0.0007716909078	-150242.795090317	
787.6540509	94	5	1	0.9597074502	0.0007711589747	90.70238577	9.293168942	0.004445285834	74.3656675	25.29575422	0.3385782731	0	63.38009805	36.61990195				0	0	0	-787.6540509	0.0007711589747	-150547.38240658	
787.5740509	94	5	1	0.9597388961	0.0007706281173	90.696053	9.299514969	0.004432034069	74.35473419	25.30724037	0.3380254424	0	63.38009805	36.61990195				0	0	0	-787.5740509	0.0007706281173	-150852.354069432	
787.4940509	94	5	1	0.9597702944	0.0007700983328	90.68971864	9.305862533	0.004418823026	74.34380242	25.31872395	0.3374736267	0	63.38009805	36.61990195				0	0	0	-787.4940509	0.0007700983328	-151157.735448946	
787.4140509	94	5	1	0.9598016454	0.0007695696182	90.68338271	9.312211636	0.004405652571	74.33287222	25.33020496	0.3369228237	0	63.38009805	36.61990195				0	0	0	-787.4140509	0.0007695696182	-151463.466654733	
787.3340509	94	5	1	0.959832949	0.0007690419703	90.6770452	9.31856228	0.004392522571	74.32194356	25.34168341	0.3363730312	0	63.38009805	36.61990195				0	0	0	-787.3340509	0.0007690419703	-151769.573560143	
787.2540509	94	5	1	0.9598642055	0.0007685153863	90.6707061	9.32491447	0.004379432893	74.31101646	25.35315929	0.3358242467	0	63.38009805	36.61990195				0	0	0	-787.2540509	0.0007685153863	-152076.081770957	
787.1740509	94	5	1	0.9598954149	0.0007679898632	90.66436541	9.331268207	0.004366383404	74.30009092	25.36463262	0.335276468	0	63.38009805	36.61990195				0	0	0	-787.1740509	0.0007679898632	-152382.974306256	
787.0940509	94	5	1	0.9599265773	0.0007674653981	90.65802313	9.337623494	0.004353373973	74.28916692	25.37610339	0.3347296928	0	63.38009805	36.61990195				0	0	0	-787.0940509	0.0007674653981	-152690.233566034	
787.0140509	94	5	1	0.959957693	0.0007669419879	90.65167926	9.343980334	0.004340404469	74.27824447	25.38757161	0.3341839187	0	63.38009805	36.61990195				0	0	0	-787.0140509	0.0007669419879	-152997.871408961	
786.9340509	94	5	1	0.9599887619	0.0007664196298	90.6453338	9.350338729	0.004327474759	74.26732358	25.39903728	0.3336391435	0	63.38009805	36.61990195				0	0	0	-786.9340509	0.0007664196298	-153305.928801683	
786.8540509	94	5	1	0.9600197843	0.000765898321	90.63898673	9.356698684	0.004314584715	74.25640423	25.4105004	0.3330953649	0	63.38009805	36.61990195				0	0	0	-786.8540509	0.000765898321	-153614.344083824	
786.7740509	94	5	1	0.9600507602	0.0007653780583	90.63263807	9.3630602	0.004301734206	74.24548643	25.42196099	0.3325525805	0	63.38009805	36.61990195				0	0	0	-786.7740509	0.0007653780583	-153923.144288495	
786.6940509	94	5	1	0.9600816897	0.0007648588391	90.6262878	9.36942328	0.004288923102	74.23457018	25.43341903	0.3320107883	0	63.38009805	36.61990195				0	0	0	-786.6940509	0.0007648588391	-154232.340774699	
786.6140509	94	5	1	0.960112573	0.0007643406603	90.61993592	9.375787926	0.004276151274	74.22365548	25.44487454	0.3314699858	0	63.38009805	36.61990195				0	0	0	-786.6140509	0.0007643406603	-154541.916438856	
786.5340509	94	5	1	0.9601434102	0.0007638235192	90.61358244	9.382154143	0.004263418595	74.21274232	25.45632751	0.3309301708	0	63.38009805	36.61990195				0	0	0	-786.5340509	0.0007638235192	-154851.897970239	
786.4540509	94	5	1	0.9601742014	0.0007633074129	90.60722734	9.388521932	0.004250724935	74.20183071	25.46777795	0.330391341	0	63.38009805	36.61990195				0	0	0	-786.4540509	0.0007633074129	-155162.252791273	
786.3740509	94	5	1	0.9602049467	0.0007627923385	90.60087063	9.394891296	0.004238070167	74.19092064	25.47922587	0.3298534943	0	63.38009805	36.61990195				0	0	0	-786.3740509	0.0007627923385	-155472.993071694	
786.2940509	94	5	1	0.9602356462	0.0007622782932	90.59451231	9.401262238	0.004225454164	74.18001211	25.49067126	0.3293166284	0	63.38009805	36.61990195				0	0	0	-786.2940509	0.0007622782932	-155784.115837322	
786.2140509	94	5	1	0.9602663001	0.0007617652741	90.58815236	9.40763476	0.0042128768	74.16910512	25.50211413	0.328780741	0	63.38009805	36.61990195				0	0	0	-786.2140509	0.0007617652741	-156095.633609192	
786.1340509	94	5	1	0.9602969084	0.0007612532785	90.5817908	9.414008867	0.004200337947	74.15819968	25.51355449	0.32824583	0	63.38009805	36.61990195				0	0	0	-786.1340509	0.0007612532785	-156407.558753024	
786.0540509	94	5	1	0.9603274713	0.0007607423036	90.5754276	9.420384559	0.004187837481	74.14729578	25.52499233	0.3277118931	0	63.38009805	36.61990195				0	0	0	-786.0540509	0.0007607423036	-156719.873384883	
785.9740509	94	5	1	0.9603579888	0.0007602323466	90.56906278	9.426761841	0.004175375276	74.13639342	25.53642766	0.327178928	0	63.38009805	36.61990195				0	0	0	-785.9740509	0.0007602323466	-157032.574692674	
785.8940509	94	5	1	0.9603884612	0.0007597234047	90.56269633	9.433140714	0.004162951207	74.12549259	25.54786048	0.3266469327	0	63.38009805	36.61990195				0	0	0	-785.8940509	0.0007597234047	-157345.659829709	
785.8140509	94	5	1	0.9604188885	0.0007592154751	90.55632825	9.439521183	0.004150565149	74.1145933	25.55929079	0.3261159048	0	63.38009805	36.61990195				0	0	0	-785.8140509	0.0007592154751	-157659.141510491	
785.7340509	94	5	1	0.9604492708	0.0007587085551	90.54995854	9.445903248	0.004138216979	74.10369556	25.5707186	0.3255858423	0	63.38009805	36.61990195				0	0	0	-785.7340509	0.0007587085551	-157973.016879101	
785.6540509	94	5	1	0.9604796082	0.0007582026419	90.54358718	9.452286913	0.004125906573	74.09279934	25.58214391	0.3250567429	0	63.38009805	36.61990195				0	0	0	-785.6540509	0.0007582026419	-158287.299013908	
785.5740509	94	5	1	0.9605099008	0.0007576977329	90.53721418	9.458672182	0.004113633809	74.08190467	25.59356673	0.3245286044	0	63.38009805	36.61990195				0	0	0	-785.5740509	0.0007576977329	-158601.969266966	
785.4940509	94	5	1	0.9605401488	0.0007571938252	90.53083955	9.465059056	0.004101398562	74.07101152	25.60498705	0.3240014247	0	63.38009805	36.61990195				0	0	0	-785.4940509	0.0007571938252	-158917.025176031	
785.4140509	94	5	1	0.9605703523	0.0007566909162	90.52446326	9.471447538	0.004089200712	74.06011991	25.61640489	0.3234752016	0	63.38009805	36.61990195				0	0	0	-785.4140509	0.0007566909162	-159232.47940394	
785.3340509	94	5	1	0.9606005114	0.0007561890031	90.51808533	9.477837632	0.004077040137	74.04922984	25.62782023	0.3229499329	0	63.38009805	36.61990195				0	0	0	-785.3340509	0.0007561890031	-159548.345455656	
785.2540509	94	5	1	0.9606306261	0.0007556880834	90.51170574	9.484229339	0.004064916715	74.03834129	25.63923309	0.3224256166	0	63.38009805	36.61990195				0	0	0	-785.2540509	0.0007556880834	-159864.620390385	
785.1740509	94	5	1	0.9606606966	0.0007551881543	90.50532451	9.490622663	0.004052830325	74.02745428	25.65064347	0.3219022504	0	63.38009805	36.61990195				0	0	0	-785.1740509	0.0007551881543	-160181.253690794	
785.0940509	94	5	1	0.960690723	0.000754689213	90.49894161	9.497017607	0.004040780847	74.0165688	25.66205137	0.3213798322	0	63.38009805	36.61990195				0	0	0	-785.0940509	0.000754689213	-160498.306808087	
785.0140509	94	5	1	0.9607207054	0.0007541912571	90.49255706	9.503414173	0.004028768161	74.00568484	25.6734568	0.3208583598	0	63.38009805	36.61990195				0	0	0	-785.0140509	0.0007541912571	-160815.776759287	
784.9340509	94	5	1	0.960750644	0.0007536942838	90.48617084	9.509812363	0.004016792147	73.99480242	25.68485975	0.3203378312	0	63.38009805	36.61990195				0	0	0	-784.9340509	0.0007536942838	-161133.628963496	
784.8540509	94	5	1	0.9607805387	0.0007531982905	90.47978297	9.516212182	0.004004852687	73.98392152	25.69626024	0.3198182442	0	63.38009805	36.61990195				0	0	0	-784.8540509	0.0007531982905	-161451.876594859	
784.7740509	94	5	1	0.9608103898	0.0007527032745	90.47339342	9.522613631	0.003992949661	73.97304215	25.70765825	0.3192995968	0	63.38009805	36.61990195				0	0	0	-784.7740509	0.0007527032745	-161770.533434466	
784.6940509	94	5	1	0.9608401974	0.0007522092333	90.4670022	9.529016713	0.003981082952	73.9621643	25.71905381	0.3187818867	0	63.38009805	36.61990195				0	0	0	-784.6940509	0.0007522092333	-162089.613101097	
784.6140509	94	5	1	0.9608699615	0.0007517161643	90.46060932	9.535421431	0.00396925244	73.95128799	25.7304469	0.3182651119	0	63.38009805	36.61990195				0	0	0	-784.6140509	0.0007517161643	-162409.080175024	
784.5340509	94	5	1	0.9608996822	0.0007512240648	90.45421475	9.541827787	0.00395745801	73.94041319	25.74183754	0.3177492704	0	63.38009805	36.61990195				0	0	0	-784.5340509	0.0007512240648	-162728.94853093	
784.4540509	94	5	1	0.9609293597	0.0007507329323	90.44781851	9.548235786	0.003945699544	73.92953992	25.75322572	0.3172343599	0	63.38009805	36.61990195				0	0	0	-784.4540509	0.0007507329323	-163049.215198288	
784.3740509	94	5	1	0.960958994	0.0007502427641	90.4414206	9.554645428	0.003933976925	73.91866817	25.76461145	0.3167203784	0	63.38009805	36.61990195				0	0	0	-784.3740509	0.0007502427641	-163369.894440713	
784.2940509	94	5	1	0.9609885854	0.0007497535578	90.43502099	9.561056717	0.003922290037	73.90779794	25.77599474	0.3162073239	0	63.38009805	36.61990195				0	0	0	-784.2940509	0.0007497535578	-163690.983284034	
784.2140509	94	5	1	0.9610181338	0.0007492653107	90.4286197	9.567469656	0.003910638765	73.89692923	25.78737557	0.3156951943	0	63.38009805	36.61990195				0	0	0	-784.2140509	0.0007492653107	-164012.479506857	
784.1340509	94	5	1	0.9610476393	0.0007487780204	90.42221673	9.573884248	0.003899022993	73.88606205	25.79875397	0.3151839875	0	63.38009805	36.61990195				0	0	0	-784.1340509	0.0007487780204	-164334.380066187	
784.0540509	94	5	1	0.9610771022	0.0007482916842	90.41581206	9.580300495	0.003887442606	73.87519638	25.81012992	0.3146737014	0	63.38009805	36.61990195				0	0	0	-784.0540509	0.0007482916842	-164656.699687791	
783.9740509	94	5	1	0.9611065224	0.0007478062998	90.4094057	9.5867184	0.00387589749	73.86433223	25.82150344	0.3141643341	0	63.38009805	36.61990195				0	0	0	-783.9740509	0.0007478062998	-164979.418246989	
783.8940509	94	5	1	0.9611359002	0.0007473218644	90.40299765	9.593137965	0.00386438753	73.85346959	25.83287452	0.3136558833	0	63.38009805	36.61990195				0	0	0	-783.8940509	0.0007473218644	-165302.533659979	
783.8140509	94	5	1	0.9611652355	0.0007468383757	90.39658789	9.599559194	0.003852912613	73.84260848	25.84424318	0.3131483472	0	63.38009805	36.61990195				0	0	0	-783.8140509	0.0007468383757	-165626.094112647	
783.7340509	94	5	1	0.9611945285	0.0007463558312	90.39017644	9.605982089	0.003841472626	73.83174888	25.8556094	0.3126417236	0	63.38009805	36.61990195				0	0	0	-783.7340509	0.0007463558312	-165950.045821138	
783.6540509	94	5	1	0.9612237793	0.0007458742283	90.38376328	9.612406653	0.003830067455	73.82089079	25.8669732	0.3121360106	0	63.38009805	36.61990195				0	0	0	-783.6540509	0.0007458742283	-166274.403416624	
783.5740509	94	5	1	0.961252988	0.0007453935646	90.37734841	9.618832889	0.003818696989	73.81003422	25.87833458	0.311631206	0	63.38009805	36.61990195				0	0	0	-783.5740509	0.0007453935646	-166599.181361928	
783.4940509	94	5	1	0.9612821548	0.0007449138376	90.37093184	9.625260799	0.003807361115	73.79917916	25.88969353	0.311127308	0	63.38009805	36.61990195				0	0	0	-783.4940509	0.0007449138376	-166924.377280042	
783.4140509	94	5	1	0.9613112796	0.0007444350449	90.36451355	9.631690386	0.003796059721	73.78832561	25.90105007	0.3106243144	0	63.38009805	36.61990195				0	0	0	-783.4140509	0.0007444350449	-167249.970939431	
783.3340509	94	5	1	0.9613403626	0.0007439571839	90.35809355	9.638121653	0.003784792697	73.77747357	25.9124042	0.3101222233	0	63.38009805	36.61990195				0	0	0	-783.3340509	0.0007439571839	-167575.995068235	
783.2540509	94	5	1	0.961369404	0.0007434802524	90.35167184	9.644554603	0.00377355993	73.76662305	25.92375592	0.3096210327	0	63.38009805	36.61990195				0	0	0	-783.2540509	0.0007434802524	-167902.446715025	
783.1740509	94	5	1	0.9613984037	0.0007430042478	90.3452484	9.650989239	0.003762361312	73.75577403	25.93510523	0.3091207406	0	63.38009805	36.61990195				0	0	0	-783.1740509	0.0007430042478	-168229.288475685	
783.0940509	94	5	1	0.961427362	0.0007425291677	90.33882324	9.657425562	0.003751196731	73.74492652	25.94645213	0.3086213449	0	63.38009805	36.61990195				0	0	0	-783.0940509	0.0007425291677	-168556.570670562	
783.0140509	94	5	1	0.9614562788	0.0007420550098	90.33239636	9.663863577	0.003740066078	73.73408052	25.95779663	0.3081228437	0	63.38009805	36.61990195				0	0	0	-783.0140509	0.0007420550098	-168884.255075536	
782.9340509	94	5	1	0.9614851544	0.0007415817715	90.32596775	9.670303285	0.003728969244	73.72323603	25.96913874	0.3076252351	0	63.38009805	36.61990195				0	0	0	-782.9340509	0.0007415817715	-169212.357327451	
782.8540509	94	5	1	0.9615139887	0.0007411094506	90.31953741	9.676744689	0.00371790612	73.71239304	25.98047844	0.307128517	0	63.38009805	36.61990195				0	0	0	-782.8540509	0.0007411094506	-169540.892338135	
782.7740509	94	5	1	0.961542782	0.0007406380446	90.31310533	9.683187792	0.003706876597	73.70155156	25.99181575	0.3066326875	0	63.38009805	36.61990195				0	0	0	-782.7740509	0.0007406380446	-169869.858133979	
782.6940509	94	5	1	0.9615715343	0.0007401675513	90.30667152	9.689632598	0.003695880567	73.69071158	26.00315068	0.3061377446	0	63.38009805	36.61990195				0	0	0	-782.6940509	0.0007401675513	-170199.215523282	
782.6140509	94	5	1	0.9616002456	0.000739697968	90.30023597	9.696079108	0.003684917922	73.6798731	26.01448321	0.3056436864	0	63.38009805	36.61990195				0	0	0	-782.6140509	0.000739697968	-170528.998821027	
782.5340509	94	5	1	0.9616289162	0.0007392292927	90.29379869	9.702527325	0.003673988555	73.66903613	26.02581336	0.3051505108	0	63.38009805	36.61990195				0	0	0	-782.5340509	0.0007392292927	-170859.222872481	
782.4540509	94	5	1	0.9616575461	0.0007387615228	90.28735966	9.708977252	0.003663092359	73.65820066	26.03714113	0.3046582161	0	63.38009805	36.61990195				0	0	0	-782.4540509	0.0007387615228	-171189.867827802	
782.3740509	94	5	1	0.9616861353	0.0007382946562	90.28091888	9.715428892	0.003652229227	73.64736669	26.04846651	0.3041668002	0	63.38009805	36.61990195				0	0	0	-782.3740509	0.0007382946562	-171520.93042899	
782.2940509	94	5	1	0.9617146841	0.0007378286903	90.27447635	9.721882248	0.003641399054	73.63653422	26.05978952	0.3036762611	0	63.38009805	36.61990195				0	0	0	-782.2940509	0.0007378286903	-171852.40880115	
782.2140509	94	5	1	0.9617431924	0.000737363623	90.26803208	9.728337322	0.003630601732	73.62570324	26.07111016	0.3031865971	0	63.38009805	36.61990195				0	0	0	-782.2140509	0.000737363623	-172184.336818211	
782.1340509	94	5	1	0.9617716604	0.0007368994519	90.26158605	9.734794117	0.003619837157	73.61487377	26.08242842	0.3026978061	0	63.38009805	36.61990195				0	0	0	-782.1340509	0.0007368994519	-172516.675342917	
782.0540509	94	5	1	0.9618000882	0.0007364361747	90.25513826	9.741252635	0.003609105223	73.60404579	26.09374432	0.3022098862	0	63.38009805	36.61990195				0	0	0	-782.0540509	0.0007364361747	-172849.440295935	
781.9740509	94	5	1	0.9618284759	0.0007359737891	90.24868871	9.74771288	0.003598405827	73.59321931	26.10505785	0.3017228355	0	63.38009805	36.61990195				0	0	0	-781.9740509	0.0007359737891	-173182.647996126	
781.8940509	94	5	1	0.9618568235	0.0007355122929	90.24223741	9.754174855	0.003587738862	73.58239432	26.11636902	0.3012366522	0	63.38009805	36.61990195				0	0	0	-781.8940509	0.0007355122929	-173516.277096584	
781.8140509	94	5	1	0.9618851312	0.0007350516837	90.23578433	9.760638561	0.003577104226	73.57157083	26.12767783	0.3007513342	0	63.38009805	36.61990195				0	0	0	-781.8140509	0.0007350516837	-173850.325324658	
781.7340509	94	5	1	0.9619133991	0.0007345919593	90.2293295	9.767104002	0.003566501815	73.56074883	26.13898429	0.3002668798	0	63.38009805	36.61990195				0	0	0	-781.7340509	0.0007345919593	-174184.808831772	
781.6540509	94	5	1	0.9619416272	0.0007341331174	90.22287289	9.77357118	0.003555931525	73.54992833	26.15028838	0.299783287	0	63.38009805	36.61990195				0	0	0	-781.6540509	0.0007341331174	-174519.725355948	
781.5740509	94	5	1	0.9619698156	0.0007336751558	90.21641451	9.780040099	0.003545393253	73.53910932	26.16159013	0.299300554	0	63.38009805	36.61990195				0	0	0	-781.5740509	0.0007336751558	-174855.091494158	
781.4940509	94	5	1	0.9619979645	0.0007332180723	90.20995435	9.78651076	0.003534886898	73.52829179	26.17288953	0.2988186788	0	63.38009805	36.61990195				0	0	0	-781.4940509	0.0007332180723	-175190.885740564	
781.4140509	94	5	1	0.962026074	0.0007327618646	90.20349242	9.792983167	0.003524412356	73.51747576	26.18418658	0.2983376595	0	63.38009805	36.61990195				0	0	0	-781.4140509	0.0007327618646	-175527.105740582	
781.3340509	94	5	1	0.962054144	0.0007323065305	90.19702871	9.799457323	0.003513969526	73.50666122	26.19548129	0.2978574945	0	63.38009805	36.61990195				0	0	0	-781.3340509	0.0007323065305	-175863.768217069	
781.2540509	94	5	1	0.9620821748	0.0007318520678	90.19056321	9.805933229	0.003503558306	73.49584816	26.20677366	0.2973781816	0	63.38009805	36.61990195				0	0	0	-781.2540509	0.0007318520678	-176200.851348868	
781.1740509	94	5	1	0.9621101664	0.0007313984742	90.18409593	9.812410889	0.003493178596	73.48503659	26.21806369	0.2968997192	0	63.38009805	36.61990195				0	0	0	-781.1740509	0.0007313984742	-176538.372240433	
781.0940509	94	5	1	0.9621381189	0.0007309457476	90.17762686	9.818890306	0.003482830294	73.47422651	26.22935138	0.2964221053	0	63.38009805	36.61990195				0	0	0	-781.0940509	0.0007309457476	-176876.347816182	
781.0140509	94	5	1	0.9621660324	0.0007304938858	90.171156	9.825371482	0.0034725133	73.46341792	26.24063675	0.2959453381	0	63.38009805	36.61990195				0	0	0	-781.0140509	0.0007304938858	-177214.73660727	
780.9340509	94	5	1	0.962193907	0.0007300428865	90.16468335	9.831854421	0.003462227515	73.4526108	26.25191978	0.2954694158	0	63.38009805	36.61990195				0	0	0	-780.9340509	0.0007300428865	-177553.575627786	
780.8540509	94	5	1	0.9622217427	0.0007295927477	90.1582089	9.838339123	0.003451972837	73.44180518	26.26320049	0.2949943365	0	63.38009805	36.61990195				0	0	0	-780.8540509	0.0007295927477	-177892.882007075	
780.7740509	94	5	1	0.9622495398	0.0007291434672	90.15173266	9.844825594	0.003441749169	73.43100103	26.27447887	0.2945200983	0	63.38009805	36.61990195				0	0	0	-780.7740509	0.0007291434672	-178232.614109846	
780.6940509	94	5	1	0.9622772982	0.0007286950428	90.14525461	9.851313834	0.003431556411	73.42019837	26.28575493	0.2940466996	0	63.38009805	36.61990195				0	0	0	-780.6940509	0.0007286950428	-178572.76937469	
780.6140509	94	5	1	0.962305018	0.0007282474723	90.13877476	9.857803848	0.003421394464	73.40939719	26.29702868	0.2935741383	0	63.38009805	36.61990195				0	0	0	-780.6140509	0.0007282474723	-178913.38537318	
780.5340509	94	5	1	0.9623326994	0.0007278007537	90.1322931	9.864295637	0.00341126323	73.39859748	26.3083001	0.2931024128	0	63.38009805	36.61990195				0	0	0	-780.5340509	0.0007278007537	-179254.439474352	
780.4540509	94	5	1	0.9623603425	0.0007273548847	90.12580963	9.870789204	0.00340116261	73.38779926	26.31956922	0.2926315212	0	63.38009805	36.61990195				0	0	0	-780.4540509	0.0007273548847	-179595.929708932	
780.3740509	94	5	1	0.9623879472	0.0007269098633	90.11932435	9.877284553	0.003391092509	73.37700252	26.33083602	0.2921614617	0	63.38009805	36.61990195				0	0	0	-780.3740509	0.0007269098633	-179937.873472616	
780.2940509	94	5	1	0.9624155138	0.0007264656873	90.11283726	9.883781685	0.003381052827	73.36620725	26.34210052	0.2916922325	0	63.38009805	36.61990195				0	0	0	-780.2940509	0.0007264656873	-180280.268814488	
780.2140509	94	5	1	0.9624430422	0.0007260223547	90.10634835	9.890280605	0.003371043469	73.35541346	26.35336271	0.2912238319	0	63.38009805	36.61990195				0	0	0	-780.2140509	0.0007260223547	-180623.113137426	
780.1340509	94	5	1	0.9624705327	0.0007255798633	90.09985762	9.896781313	0.003361064337	73.34462115	26.3646226	0.2907562579	0	63.38009805	36.61990195				0	0	0	-780.1340509	0.0007255798633	-180966.383886753	
780.0540509	94	5	1	0.9624979852	0.000725138211	90.09336507	9.903283813	0.003351115335	73.33383031	26.37588019	0.2902895089	0	63.38009805	36.61990195				0	0	0	-780.0540509	0.000725138211	-181310.119572456	
779.9740509	94	5	1	0.9625253999	0.0007246973958	90.0868707	9.909788109	0.003341196368	73.32304094	26.38713548	0.289823583	0	63.38009805	36.61990195				0	0	0	-779.9740509	0.0007246973958	-181654.297190072	
779.8940509	94	5	1	0.9625527769	0.0007242574155	90.08037449	9.916294201	0.003331307339	73.31225305	26.39838847	0.2893584785	0	63.38009805	36.61990195				0	0	0	-779.8940509	0.0007242574155	-181998.935422525	
779.8140509	94	5	1	0.9625801162	0.0007238182682	90.07387646	9.922802094	0.003321448154	73.30146663	26.40963918	0.2888941936	0	63.38009805	36.61990195				0	0	0	-779.8140509	0.0007238182682	-182344.03159403	
779.7340509	94	5	1	0.9626074179	0.0007233799517	90.06737659	9.92931179	0.003311618718	73.29068168	26.4208876	0.2884307265	0	63.38009805	36.61990195				0	0	0	-779.7340509	0.0007233799517	-182689.563002005	
779.6540509	94	5	1	0.9626346821	0.000722942464	90.06087489	9.935823292	0.003301818935	73.2798982	26.43213373	0.2879680755	0	63.38009805	36.61990195				0	0	0	-779.6540509	0.000722942464	-183035.568864776	
779.5740509	94	5	1	0.962661909	0.0007225058031	90.05437135	9.942336602	0.003292048712	73.26911619	26.44337757	0.2875062388	0	63.38009805	36.61990195				0	0	0	-779.5740509	0.0007225058031	-183382.026026365	
779.4940509	94	5	1	0.9626890985	0.0007220699669	90.04786597	9.948851723	0.003282307955	73.25833565	26.45461914	0.2870452147	0	63.38009805	36.61990195				0	0	0	-779.4940509	0.0007220699669	-183728.911142965	
779.4140509	94	5	1	0.9627162508	0.0007216349533	90.04135875	9.955368658	0.003272596569	73.24755657	26.46585843	0.2865850014	0	63.38009805	36.61990195				0	0	0	-779.4140509	0.0007216349533	-184076.264134435	
779.3340509	94	5	1	0.962743366	0.0007212007604	90.03484968	9.961887409	0.003262914463	73.23677896	26.47709544	0.2861255972	0	63.38009805	36.61990195				0	0	0	-779.3340509	0.0007212007604	-184424.082534232	
779.2540509	94	5	1	0.9627704441	0.0007207673861	90.02833876	9.96840798	0.003253261542	73.22600282	26.48833018	0.2856670003	0	63.38009805	36.61990195				0	0	0	-779.2540509	0.0007207673861	-184772.364487194	
779.1740509	94	5	1	0.9627974852	0.0007203348285	90.02182599	9.974930373	0.003243637715	73.21522815	26.49956264	0.285209209	0	63.38009805	36.61990195				0	0	0	-779.1740509	0.0007203348285	-185121.085967151	
779.0940509	94	5	1	0.9628244895	0.0007199030854	90.01531137	9.981454591	0.003234042888	73.20445493	26.51079284	0.2847522217	0	63.38009805	36.61990195				0	0	0	-779.0940509	0.0007199030854	-185470.266560544	
779.0140509	94	5	1	0.962851457	0.000719472155	90.00879489	9.987980636	0.00322447697	73.19368318	26.52202078	0.2842960364	0	63.38009805	36.61990195				0	0	0	-779.0140509	0.000719472155	-185819.946679372	
778.9340509	94	5	1	0.9628783877	0.0007190420353	90.00227655	9.994508511	0.00321493987	73.1829129	26.53324645	0.2838406516	0	63.38009805	36.61990195				0	0	0	-778.9340509	0.0007190420353	-186170.059610493	
778.8540509	94	5	1	0.9629052819	0.0007186127242	89.99575635	10.00103822	0.003205431495	73.17214407	26.54446986	0.2833860656	0	63.38009805	36.61990195				0	0	0	-778.8540509	0.0007186127242	-186520.624773195	
778.7740509	94	5	1	0.9629321394	0.0007181842198	89.98923428	10.00756976	0.003195951755	73.1613767	26.55569102	0.2829322765	0	63.38009805	36.61990195				0	0	0	-778.7740509	0.0007181842198	-186871.683302002	
778.6940509	94	5	1	0.9629589606	0.0007177565202	89.98271035	10.01410315	0.003186500559	73.1506108	26.56690992	0.2824792828	0	63.38009805	36.61990195				0	0	0	-778.6940509	0.0007177565202	-187223.189324355	
778.6140509	94	5	1	0.9629857453	0.0007173296233	89.97618455	10.02063837	0.003177077816	73.13984635	26.57812657	0.2820270827	0	63.38009805	36.61990195				0	0	0	-778.6140509	0.0007173296233	-187575.162827762	
778.5340509	94	5	1	0.9630124938	0.0007169035273	89.96965688	10.02717544	0.003167683437	73.12908336	26.58934097	0.2815756745	0	63.38009805	36.61990195				0	0	0	-778.5340509	0.0007169035273	-187927.601120896	
778.4540509	94	5	1	0.963039206	0.0007164782301	89.96312733	10.03371435	0.003158317332	73.11832182	26.60055312	0.2811250566	0	63.38009805	36.61990195				0	0	0	-778.4540509	0.0007164782301	-188280.502473435	
778.3740509	94	5	1	0.9630658821	0.0007160537299	89.9565959	10.04025512	0.003148979411	73.10756175	26.61176303	0.2806752272	0	63.38009805	36.61990195				0	0	0	-778.3740509	0.0007160537299	-188633.886454887	
778.2940509	94	5	1	0.9630925222	0.0007156300247	89.9500626	10.04679773	0.003139669584	73.09680312	26.62297069	0.2802261847	0	63.38009805	36.61990195				0	0	0	-778.2940509	0.0007156300247	-188987.706550526	
778.2140509	94	5	1	0.9631191263	0.0007152071125	89.94352741	10.0533422	0.003130387764	73.08604595	26.63417612	0.2797779273	0	63.38009805	36.61990195				0	0	0	-778.2140509	0.0007152071125	-189342.027665425	
778.1340509	94	5	1	0.9631456946	0.0007147849916	89.93699034	10.05988853	0.003121133862	73.07529024	26.64537931	0.2793304535	0	63.38009805	36.61990195				0	0	0	-778.1340509	0.0007147849916	-189696.847456283	
778.0540509	94	5	1	0.963172227	0.00071436366	89.93045137	10.06643672	0.003111907789	73.06453597	26.65658027	0.2788837616	0	63.38009805	36.61990195				0	0	0	-778.0540509	0.00071436366	-190052.096581141	
777.9740509	94	5	1	0.9631987237	0.0007139431157	89.92391052	10.07298677	0.003102709457	73.05378316	26.66777899	0.2784378498	0	63.38009805	36.61990195				0	0	0	-777.9740509	0.0007139431157	-190407.817871447	
777.8940509	94	5	1	0.9632251848	0.0007135233569	89.91736778	10.07953869	0.003093538779	73.0430318	26.67897549	0.2779927166	0	63.38009805	36.61990195				0	0	0	-777.8940509	0.0007135233569	-190764.03163899	
777.8140509	94	5	1	0.9632516103	0.0007131043817	89.91082313	10.08609247	0.003084395668	73.03228188	26.69016976	0.2775483602	0	63.38009805	36.61990195				0	0	0	-777.8140509	0.0007131043817	-191120.713185089	
777.7340509	94	5	1	0.9632780004	0.0007126861882	89.90427659	10.09264813	0.003075280036	73.02153342	26.7013618	0.2771047791	0	63.38009805	36.61990195				0	0	0	-777.7340509	0.0007126861882	-191477.88327287	
777.6540509	94	5	1	0.963304355	0.0007122687746	89.89772815	10.09920566	0.003066191796	73.0107864	26.71255163	0.2766619716	0	63.38009805	36.61990195				0	0	0	-777.6540509	0.0007122687746	-191835.516635499	
777.5740509	94	5	1	0.9633306744	0.0007118521389	89.8911778	10.10576506	0.003057130863	73.00004083	26.72373923	0.2762199361	0	63.38009805	36.61990195				0	0	0	-777.5740509	0.0007118521389	-192193.611319504	
777.4940509	94	5	1	0.9633569585	0.0007114362793	89.88462555	10.11232635	0.00304809715	72.98929671	26.73492462	0.2757786708	0	63.38009805	36.61990195				0	0	0	-777.4940509	0.0007114362793	-192552.234433355	
777.4140509	94	5	1	0.9633832074	0.0007110211941	89.87807139	10.11888952	0.00303909057	72.97855403	26.7461078	0.2753381743	0	63.38009805	36.61990195				0	0	0	-777.4140509	0.0007110211941	-192911.314189793	
777.3340509	94	5	1	0.9634094213	0.0007106068812	89.87151532	10.12545457	0.00303011104	72.96781279	26.75728876	0.2748984448	0	63.38009805	36.61990195				0	0	0	-777.3340509	0.0007106068812	-193270.872330072	
777.2540509	94	5	1	0.9634356002	0.000710193339	89.86495733	10.13202151	0.003021158473	72.957073	26.76846752	0.2744594807	0	63.38009805	36.61990195				0	0	0	-777.2540509	0.000710193339	-193630.929354616	
777.1740509	94	5	1	0.9634617442	0.0007097805655	89.85839742	10.13859034	0.003012232784	72.94633465	26.77964407	0.2740212805	0	63.38009805	36.61990195				0	0	0	-777.1740509	0.0007097805655	-193991.413216677	
777.0940509	94	5	1	0.9634878533	0.0007093685588	89.8518356	10.14516107	0.003003333889	72.93559774	26.79081842	0.2735838425	0	63.38009805	36.61990195				0	0	0	-777.0940509	0.0007093685588	-194352.439484968	
777.0140509	94	5	1	0.9635139277	0.0007089573174	89.84527185	10.15173369	0.002994461703	72.92486227	26.80199057	0.2731471651	0	63.38009805	36.61990195				0	0	0	-777.0140509	0.0007089573174	-194713.958441412	
776.9340509	94	5	1	0.9635399674	0.0007085468392	89.83870618	10.15830821	0.002985616143	72.91412824	26.81316052	0.2727112467	0	63.38009805	36.61990195				0	0	0	-776.9340509	0.0007085468392	-195075.921392969	
776.8540509	94	5	1	0.9635659725	0.0007081371225	89.83213858	10.16488462	0.002976797124	72.90339564	26.82432827	0.2722760857	0	63.38009805	36.61990195				0	0	0	-776.8540509	0.0007081371225	-195438.396955852	
776.7740509	94	5	1	0.963591943	0.0007077281655	89.82556905	10.17146295	0.002968004563	72.89266449	26.83549383	0.2718416805	0	63.38009805	36.61990195				0	0	0	-776.7740509	0.0007077281655	-195801.359462763	
776.6940509	94	5	1	0.9636178791	0.0007073199664	89.81899758	10.17804318	0.002959238376	72.88193477	26.8466572	0.2714080295	0	63.38009805	36.61990195				0	0	0	-776.6940509	0.0007073199664	-196164.806825578	
776.6140509	94	5	1	0.9636437809	0.0007069125234	89.81242418	10.18462532	0.002950498482	72.87120649	26.85781838	0.2709751311	0	63.38009805	36.61990195				0	0	0	-776.6140509	0.0007069125234	-196528.761157178	
776.5340509	94	5	1	0.9636696484	0.0007065058348	89.80584885	10.19120937	0.002941784796	72.86047964	26.86897738	0.2705429838	0	63.38009805	36.61990195				0	0	0	-776.5340509	0.0007065058348	-196893.196083747	
776.4540509	94	5	1	0.9636954816	0.0007060998987	89.79927157	10.19779533	0.002933097237	72.84975423	26.88013419	0.270111586	0	63.38009805	36.61990195				0	0	0	-776.4540509	0.0007060998987	-197258.109790371	
776.3740509	94	5	1	0.9637212807	0.0007056947134	89.79269235	10.20438322	0.002924435723	72.83903025	26.89128882	0.269680936	0	63.38009805	36.61990195				0	0	0	-776.3740509	0.0007056947134	-197623.524215924	
776.2940509	94	5	1	0.9637470458	0.0007052902771	89.78611118	10.21097302	0.002915800171	72.8283077	26.90244127	0.2692510324	0	63.38009805	36.61990195				0	0	0	-776.2940509	0.0007052902771	-197989.462171826	
776.2140509	94	5	1	0.9637727768	0.0007048865882	89.77952806	10.21756475	0.002907190501	72.81758658	26.91359155	0.2688218735	0	63.38009805	36.61990195				0	0	0	-776.2140509	0.0007048865882	-198355.872217707	
776.1340509	94	5	1	0.963798474	0.0007044836447	89.77294299	10.2241584	0.00289860663	72.80686689	26.92473965	0.2683934579	0	63.38009805	36.61990195				0	0	0	-776.1340509	0.0007044836447	-198722.77756607	
776.0540509	94	5	1	0.9638241373	0.0007040814451	89.76635597	10.23075398	0.002890048479	72.79614863	26.93588559	0.2679657839	0	63.38009805	36.61990195				0	0	0	-776.0540509	0.0007040814451	-199090.20012832	
775.9740509	94	5	1	0.9638497668	0.0007036799875	89.75976699	10.2373515	0.002881515966	72.7854318	26.94702935	0.2675388499	0	63.38009805	36.61990195				0	0	0	-775.9740509	0.0007036799875	-199458.113882492	
775.8940509	94	5	1	0.9638753627	0.0007032792703	89.75317605	10.24395094	0.002873009011	72.7747164	26.95817095	0.2671126545	0	63.38009805	36.61990195				0	0	0	-775.8940509	0.0007032792703	-199826.516181155	
775.8140509	94	5	1	0.963900925	0.0007028792916	89.74658315	10.25055233	0.002864527533	72.76400242	26.96931039	0.2666871962	0	63.38009805	36.61990195				0	0	0	-775.8140509	0.0007028792916	-200195.430590625	
775.7340509	94	5	1	0.9639264537	0.0007024800499	89.73998828	10.25715565	0.002856071454	72.75328987	26.98044766	0.2662624732	0	63.38009805	36.61990195				0	0	0	-775.7340509	0.0007024800499	-200564.854495562	
775.6540509	94	5	1	0.9639519489	0.0007020815433	89.73339145	10.26376091	0.002847640692	72.74257874	26.99158278	0.2658384842	0	63.38009805	36.61990195				0	0	0	-775.6540509	0.0007020815433	-200934.761404799	
775.5740509	94	5	1	0.9639774108	0.0007016837702	89.72679264	10.27036812	0.002839235169	72.73186904	27.00271574	0.2654152276	0	63.38009805	36.61990195				0	0	0	-775.5740509	0.0007016837702	-201305.199391441	
775.4940509	94	5	1	0.9640028394	0.0007012867289	89.72019186	10.27697728	0.002830854807	72.72116075	27.01384654	0.2649927018	0	63.38009805	36.61990195				0	0	0	-775.4940509	0.0007012867289	-201676.141448253	
775.4140509	94	5	1	0.9640282347	0.0007008904177	89.71358911	10.28358839	0.002822499525	72.7104539	27.0249752	0.2645709054	0	63.38009805	36.61990195				0	0	0	-775.4140509	0.0007008904177	-202047.58558896	
775.3340509	94	5	1	0.9640535969	0.0007004948349	89.70698438	10.29020145	0.002814169245	72.69974846	27.03610171	0.2641498368	0	63.38009805	36.61990195				0	0	0	-775.3340509	0.0007004948349	-202419.529799251	
775.2540509	94	5	1	0.964078926	0.0007000999788	89.70037767	10.29681647	0.00280586389	72.68904444	27.04722607	0.2637294945	0	63.38009805	36.61990195				0	0	0	-775.2540509	0.0007000999788	-202791.997835284	
775.1740509	94	5	1	0.964104222	0.0006997058478	89.69376897	10.30343344	0.002797583381	72.67834184	27.05834828	0.263309877	0	63.38009805	36.61990195				0	0	0	-775.1740509	0.0006997058478	-203164.987722546	
775.0940509	94	5	1	0.9641294852	0.0006993124402	89.68715829	10.31005238	0.002789327641	72.66764066	27.06946836	0.2628909828	0	63.38009805	36.61990195				0	0	0	-775.0940509	0.0006993124402	-203538.471850123	
775.0140509	94	5	1	0.9641547154	0.0006989197543	89.68054562	10.31667328	0.002781096591	72.65694089	27.0805863	0.2624728104	0	63.38009805	36.61990195				0	0	0	-775.0140509	0.0006989197543	-203912.448094224	
774.9340509	94	5	1	0.9641799128	0.0006985277884	89.67393096	10.32329615	0.002772890155	72.64624254	27.0917021	0.2620553582	0	63.38009805	36.61990195				0	0	0	-774.9340509	0.0006985277884	-204286.966659918	
774.8540509	94	5	1	0.9642050776	0.000698136541	89.66731431	10.32992098	0.002764708256	72.63554561	27.10281577	0.2616386249	0	63.38009805	36.61990195				0	0	0	-774.8540509	0.000698136541	-204661.999282993	
774.7740509	94	5	1	0.9642302096	0.0006977460103	89.66069566	10.33654779	0.002756550817	72.62485009	27.1139273	0.2612226088	0	63.38009805	36.61990195				0	0	0	-774.7740509	0.0006977460103	-205037.544619124	
774.6940509	94	5	1	0.9642553091	0.0006973561948	89.65407501	10.34317658	0.002748417762	72.61415599	27.12503671	0.2608073086	0	63.38009805	36.61990195				0	0	0	-774.6940509	0.0006973561948	-205413.626612369	
774.6140509	94	5	1	0.9642803761	0.0006969670928	89.64745235	10.34980734	0.002740309015	72.60346329	27.13614399	0.2603927226	0	63.38009805	36.61990195				0	0	0	-774.6140509	0.0006969670928	-205790.217398912	
774.5340509	94	5	1	0.9643054106	0.0006965787027	89.64082769	10.35644008	0.002732224499	72.59277201	27.14724914	0.2599788496	0	63.38009805	36.61990195				0	0	0	-774.5340509	0.0006965787027	-206167.314784375	
774.4540509	94	5	1	0.9643304128	0.0006961910228	89.63420103	10.36307481	0.002724164139	72.58208214	27.15835217	0.2595656878	0	63.38009805	36.61990195				0	0	0	-774.4540509	0.0006961910228	-206544.943694353	
774.3740509	94	5	1	0.9643553827	0.0006958040516	89.62757235	10.36971152	0.00271612786	72.57139368	27.16945309	0.259153236	0	63.38009805	36.61990195				0	0	0	-774.3740509	0.0006958040516	-206923.101976158	
774.2940509	94	5	1	0.9643803203	0.0006954177874	89.62094166	10.37635022	0.002708115586	72.56070662	27.18055188	0.2587414927	0	63.38009805	36.61990195				0	0	0	-774.2940509	0.0006954177874	-207301.761274257	
774.2140509	94	5	1	0.9644052258	0.0006950322286	89.61430896	10.38299091	0.002700127243	72.55002098	27.19164857	0.2583304563	0	63.38009805	36.61990195				0	0	0	-774.2140509	0.0006950322286	-207680.973392579	
774.1340509	94	5	1	0.9644300992	0.0006946473737	89.60767424	10.3896336	0.002692162756	72.53933674	27.20274313	0.2579201254	0	63.38009805	36.61990195				0	0	0	-774.1340509	0.0006946473737	-208060.709432861	
774.0540509	94	5	1	0.9644549406	0.000694263221	89.6010375	10.39627828	0.00268422205	72.52865391	27.21383559	0.2575104985	0	63.38009805	36.61990195				0	0	0	-774.0540509	0.000694263221	-208440.967920958	
773.9740509	94	5	1	0.96447975	0.000693879769	89.59439873	10.40292496	0.002676305052	72.51797248	27.22492595	0.2571015743	0	63.38009805	36.61990195				0	0	0	-773.9740509	0.000693879769	-208821.746564806	
773.8940509	94	5	1	0.9645045276	0.000693497016	89.58775794	10.40957365	0.002668411688	72.50729246	27.23601419	0.2566933512	0	63.38009805	36.61990195				0	0	0	-773.8940509	0.000693497016	-209203.071292878	
773.8140509	94	5	1	0.9645292734	0.0006931149606	89.58111512	10.41622434	0.002660541883	72.49661384	27.24710034	0.2562858278	0	63.38009805	36.61990195				0	0	0	-773.8140509	0.0006931149606	-209584.939857311	
773.7340509	94	5	1	0.9645539874	0.0006927336011	89.57447027	10.42287704	0.002652695565	72.48593662	27.25818438	0.2558790027	0	63.38009805	36.61990195				0	0	0	-773.7340509	0.0006927336011	-209967.295873708	
773.6540509	94	5	1	0.9645786697	0.0006923529359	89.56782338	10.42953175	0.00264487266	72.4752608	27.26926633	0.2554728745	0	63.38009805	36.61990195				0	0	0	-773.6540509	0.0006923529359	-210350.220103244	
773.5740509	94	5	1	0.9646033205	0.0006919729636	89.56117446	10.43618847	0.002637073096	72.46458638	27.28034618	0.2550674416	0	63.38009805	36.61990195				0	0	0	-773.5740509	0.0006919729636	-210733.682860759	
773.4940509	94	5	1	0.9646279397	0.0006915936825	89.5545235	10.44284721	0.0026292968	72.45391336	27.29142393	0.2546627027	0	63.38009805	36.61990195				0	0	0	-773.4940509	0.0006915936825	-211117.655040729	
773.4140509	94	5	1	0.9646525275	0.0006912150911	89.54787049	10.44950796	0.002621543699	72.44324174	27.3024996	0.2542586563	0	63.38009805	36.61990195				0	0	0	-773.4140509	0.0006912150911	-211502.190274166	
773.3340509	94	5	1	0.9646770839	0.0006908371879	89.54121544	10.45617074	0.002613813722	72.43257152	27.31357318	0.2538553011	0	63.38009805	36.61990195				0	0	0	-773.3340509	0.0006908371879	-211887.258897486	
773.2540509	94	5	1	0.9647016089	0.0006904599713	89.53455835	10.46283555	0.002606106796	72.4219027	27.32464467	0.2534526355	0	63.38009805	36.61990195				0	0	0	-773.2540509	0.0006904599713	-212272.859282971	
773.1740509	94	5	1	0.9647261027	0.0006900834398	89.5278992	10.46950238	0.00259842285	72.41123527	27.33571408	0.2530506583	0	63.38009805	36.61990195				0	0	0	-773.1740509	0.0006900834398	-212659.01773539	
773.0940509	94	5	1	0.9647505654	0.0006897075919	89.521238	10.47617124	0.002590761812	72.40056923	27.3467814	0.2526493679	0	63.38009805	36.61990195				0	0	0	-773.0940509	0.0006897075919	-213045.732677874	
773.0140509	94	5	1	0.9647749968	0.0006893324261	89.51457475	10.48284213	0.002583123611	72.38990459	27.35784665	0.252248763	0	63.38009805	36.61990195				0	0	0	-773.0140509	0.0006893324261	-213432.94536062	
772.9340509	94	5	1	0.9647993973	0.0006889579407	89.50790943	10.48951506	0.002575508177	72.37924134	27.36890982	0.2518488422	0	63.38009805	36.61990195				0	0	0	-772.9340509	0.0006889579407	-213820.71130541	
772.8540509	94	5	1	0.9648237667	0.0006885841344	89.50124206	10.49619002	0.002567915438	72.36857948	27.37997092	0.251449604	0	63.38009805	36.61990195				0	0	0	-772.8540509	0.0006885841344	-214209.08559496	
772.7740509	94	5	1	0.9648481053	0.0006882110057	89.49457262	10.50286703	0.002560345324	72.35791901	27.39102994	0.2510510471	0	63.38009805	36.61990195				0	0	0	-772.7740509	0.0006882110057	-214597.95204323	
772.6940509	94	5	1	0.9648724129	0.0006878385529	89.48790112	10.50954608	0.002552797765	72.34725994	27.40208689	0.2506531701	0	63.38009805	36.61990195				0	0	0	-772.6940509	0.0006878385529	-214987.36672122	
772.6140509	94	5	1	0.9648966898	0.0006874667747	89.48122755	10.51622718	0.002545272691	72.33660225	27.41314178	0.2502559716	0	63.38009805	36.61990195				0	0	0	-772.6140509	0.0006874667747	-215377.356159595	
772.5340509	94	5	1	0.964920936	0.0006870956695	89.4745519	10.52291033	0.002537770031	72.32594595	27.4241946	0.2498594502	0	63.38009805	36.61990195				0	0	0	-772.5340509	0.0006870956695	-215767.890344715	
772.4540509	94	5	1	0.9649451515	0.0006867252359	89.46787419	10.52959552	0.002530289718	72.31529104	27.43524536	0.2494636045	0	63.38009805	36.61990195				0	0	0	-772.4540509	0.0006867252359	-216158.996383033	
772.3740509	94	5	1	0.9649693365	0.0006863554724	89.46119439	10.53628278	0.00252283168	72.30463751	27.44629406	0.2490684332	0	63.38009805	36.61990195				0	0	0	-772.3740509	0.0006863554724	-216550.643581755	
772.2940509	94	5	1	0.9649934909	0.0006859863775	89.45451252	10.54297209	0.00251539585	72.29398537	27.4573407	0.2486739349	0	63.38009805	36.61990195				0	0	0	-772.2940509	0.0006859863775	-216942.830108388	
772.2140509	94	5	1	0.9650176148	0.0006856179497	89.44782856	10.54966346	0.002507982157	72.28333461	27.46838528	0.2482801081	0	63.38009805	36.61990195				0	0	0	-772.2140509	0.0006856179497	-217335.583732108	
772.1340509	94	5	1	0.9650417084	0.0006852501876	89.44114252	10.55635689	0.002500590535	72.27268523	27.47942781	0.2478869516	0	63.38009805	36.61990195				0	0	0	-772.1340509	0.0006852501876	-217728.902675339	
772.0540509	94	5	1	0.9650657716	0.0006848830897	89.43445439	10.56305239	0.002493220914	72.26203724	27.49046829	0.247494464	0	63.38009805	36.61990195				0	0	0	-772.0540509	0.0006848830897	-218122.785562407	
771.9740509	94	5	1	0.9650898046	0.0006845166546	89.42776417	10.56974996	0.002485873226	72.25139063	27.50150673	0.2471026439	0	63.38009805	36.61990195				0	0	0	-771.9740509	0.0006845166546	-218517.230563747	
771.8940509	94	5	1	0.9651138074	0.0006841508808	89.42107186	10.5764496	0.002478547403	72.2407454	27.51254311	0.2467114899	0	63.38009805	36.61990195				0	0	0	-771.8940509	0.0006841508808	-218912.236255508	
771.8140509	94	5	1	0.96513778	0.0006837857669	89.41437745	10.58315131	0.002471243378	72.23010155	27.52357745	0.2463210008	0	63.38009805	36.61990195				0	0	0	-771.8140509	0.0006837857669	-219307.800756685	
771.7340509	94	5	1	0.9651617226	0.0006834213114	89.40768094	10.5898551	0.002463961083	72.21945908	27.53460975	0.2459311751	0	63.38009805	36.61990195				0	0	0	-771.7340509	0.0006834213114	-219703.922593674	
771.6540509	94	5	1	0.9651856352	0.0006830575129	89.40098233	10.59656097	0.002456700451	72.20881798	27.54564001	0.2455420115	0	63.38009805	36.61990195				0	0	0	-771.6540509	0.0006830575129	-220100.630220347	
771.5740509	94	5	1	0.9652095178	0.00068269437	89.39428162	10.60326892	0.002449461415	72.19817826	27.55666823	0.2451535087	0	63.38009805	36.61990195				0	0	0	-771.5740509	0.00068269437	-220497.92222277	
771.4940509	94	5	1	0.9652333706	0.0006823318813	89.3875788	10.60997895	0.002442243908	72.18753992	27.56769442	0.2447656653	0	63.38009805	36.61990195				0	0	0	-771.4940509	0.0006823318813	-220895.735950583	
771.4140509	94	5	1	0.9652571936	0.0006819700452	89.38087387	10.61669108	0.002435047863	72.17690295	27.57871857	0.24437848	0	63.38009805	36.61990195				0	0	0	-771.4140509	0.0006819700452	-221294.161872758	
771.3340509	94	5	1	0.9652809868	0.0006816088606	89.37416683	10.62340529	0.002427873214	72.16626736	27.58974069	0.2439919515	0	63.38009805	36.61990195				0	0	0	-771.3340509	0.0006816088606	-221693.16690359	
771.2540509	94	5	1	0.9653047503	0.0006812483258	89.36745768	10.6301216	0.002420719896	72.15563313	27.60076079	0.2436060784	0	63.38009805	36.61990195				0	0	0	-771.2540509	0.0006812483258	-222092.719919303	
771.1740509	94	5	1	0.9653284842	0.0006808884396	89.36074641	10.63684	0.002413587841	72.14500028	27.61177886	0.2432208594	0	63.38009805	36.61990195				0	0	0	-771.1740509	0.0006808884396	-222492.848993826	
771.0940509	94	5	1	0.9653521885	0.0006805292004	89.35403302	10.64356051	0.002406476985	72.1343688	27.6227949	0.2428362932	0	63.38009805	36.61990195				0	0	0	-771.0940509	0.0006805292004	-222893.55345541	
771.0140509	94	5	1	0.9653758634	0.000680170607	89.3473175	10.65028311	0.002399387262	72.12373869	27.63380893	0.2424523785	0	63.38009805	36.61990195				0	0	0	-771.0140509	0.000680170607	-223294.862101722	
770.9340509	94	5	1	0.9653995088	0.0006798126579	89.34059986	10.65700782	0.002392318606	72.11310995	27.64482093	0.2420691139	0	63.38009805	36.61990195				0	0	0	-770.9340509	0.0006798126579	-223696.742942948	
770.8540509	94	5	1	0.9654231249	0.0006794553518	89.3338801	10.66373463	0.002385270954	72.10248258	27.65583092	0.2416864982	0	63.38009805	36.61990195				0	0	0	-770.8540509	0.0006794553518	-224099.225395764	
770.7740509	94	5	1	0.9654467116	0.0006790986873	89.3271582	10.67046356	0.002378244239	72.09185658	27.66683889	0.24130453	0	63.38009805	36.61990195				0	0	0	-770.7740509	0.0006790986873	-224502.245137294	
770.6940509	94	5	1	0.9654702691	0.0006787426629	89.32043417	10.6771946	0.002371238397	72.08123194	27.67784486	0.2409232081	0	63.38009805	36.61990195				0	0	0	-770.6940509	0.0006787426629	-224905.863824815	
770.6140509	94	5	1	0.9654937974	0.0006783872774	89.313708	10.68392775	0.002364253364	72.07060866	27.68884881	0.240542531	0	63.38009805	36.61990195				0	0	0	-770.6140509	0.0006783872774	-225310.111250537	
770.5340509	94	5	1	0.9655172966	0.0006780325294	89.30697969	10.69066302	0.002357289076	72.05998675	27.69985075	0.2401624977	0	63.38009805	36.61990195				0	0	0	-770.5340509	0.0006780325294	-225714.890949905	
770.4540509	94	5	1	0.9655407668	0.0006776784174	89.30024924	10.69740041	0.002350345468	72.0493662	27.71085069	0.2397831066	0	63.38009805	36.61990195				0	0	0	-770.4540509	0.0006776784174	-226120.265190712	
770.3740509	94	5	1	0.9655642079	0.0006773249402	89.29351665	10.70413993	0.002343422478	72.03874702	27.72184862	0.2394043566	0	63.38009805	36.61990195				0	0	0	-770.3740509	0.0006773249402	-226526.264031454	
770.2940509	94	5	1	0.9655876201	0.0006769720964	89.28678191	10.71088157	0.002336520041	72.0281292	27.73284456	0.2390262463	0	63.38009805	36.61990195				0	0	0	-770.2940509	0.0006769720964	-226932.85450956	
770.2140509	94	5	1	0.9656110034	0.0006766198847	89.28004502	10.71762534	0.002329638094	72.01751273	27.74383849	0.2386487746	0	63.38009805	36.61990195				0	0	0	-770.2140509	0.0006766198847	-227340.002487426	
770.1340509	94	5	1	0.9656343579	0.0006762683036	89.27330598	10.72437125	0.002322776574	72.00689763	27.75483043	0.23827194	0	63.38009805	36.61990195				0	0	0	-770.1340509	0.0006762683036	-227747.771635871	
770.0540509	94	5	1	0.9656576837	0.000675917352	89.26656478	10.73111928	0.002315935418	71.99628388	27.76582038	0.2378957413	0	63.38009805	36.61990195				0	0	0	-770.0540509	0.000675917352	-228156.127186511	
769.9740509	94	5	1	0.9656809807	0.0006755670283	89.25982143	10.73786946	0.002309114564	71.9856715	27.77680833	0.2375201773	0	63.38009805	36.61990195				0	0	0	-769.9740509	0.0006755670283	-228565.068740299	
769.8940509	94	5	1	0.9657042491	0.0006752173314	89.25307591	10.74462178	0.002302313948	71.97506046	27.78779429	0.2371452466	0	63.38009805	36.61990195				0	0	0	-769.8940509	0.0006752173314	-228974.659314929	
769.8140509	94	5	1	0.965727489	0.0006748682599	89.24632823	10.75137624	0.002295533509	71.96445079	27.79877826	0.236770948	0	63.38009805	36.61990195				0	0	0	-769.8140509	0.0006748682599	-229384.832698944	
769.7340509	94	5	1	0.9657507003	0.0006745198125	89.23957839	10.75813284	0.002288773185	71.95384247	27.80976025	0.2363972803	0	63.38009805	36.61990195				0	0	0	-769.7340509	0.0006745198125	-229795.587022643	
769.6540509	94	5	1	0.9657738832	0.0006741719878	89.23282637	10.76489159	0.002282032913	71.9432355	27.82074026	0.2360242421	0	63.38009805	36.61990195				0	0	0	-769.6540509	0.0006741719878	-230206.9541025	
769.5740509	94	5	1	0.9657970377	0.0006738247846	89.22607219	10.7716525	0.002275312632	71.93262988	27.83171828	0.2356518323	0	63.38009805	36.61990195				0	0	0	-769.5740509	0.0006738247846	-230618.93213539	
769.4940509	94	5	1	0.9658201638	0.0006734782015	89.21931583	10.77841556	0.002268612281	71.92202562	27.84269433	0.2352800495	0	63.38009805	36.61990195				0	0	0	-769.4940509	0.0006734782015	-231031.486764699	
769.4140509	94	5	1	0.9658432617	0.0006731322372	89.21255729	10.78518078	0.002261931798	71.91142271	27.8536684	0.2349088925	0	63.38009805	36.61990195				0	0	0	-769.4140509	0.0006731322372	-231444.716814309	
769.3340509	94	5	1	0.9658663313	0.0006727868906	89.20579658	10.79194815	0.002255271122	71.90082114	27.8646405	0.2345383601	0	63.38009805	36.61990195				0	0	0	-769.3340509	0.0006727868906	-231858.519966631	
769.2540509	94	5	1	0.9658893728	0.0006724421601	89.19903368	10.79871769	0.002248630192	71.89022093	27.87561062	0.234168451	0	63.38009805	36.61990195				0	0	0	-769.2540509	0.0006724421601	-232272.929476933	
769.1740509	94	5	1	0.9659123862	0.0006720980447	89.19226859	10.8054894	0.002242008949	71.87962206	27.88657877	0.233799164	0	63.38009805	36.61990195				0	0	0	-769.1740509	0.0006720980447	-232687.976415659	
769.0940509	94	5	1	0.9659353716	0.0006717545429	89.18550132	10.81226327	0.00223540733	71.86902454	27.89754496	0.2334304978	0	63.38009805	36.61990195				0	0	0	-769.0940509	0.0006717545429	-233103.592715521	
769.0140509	94	5	1	0.965958329	0.0006714116535	89.17873186	10.81903931	0.002228825276	71.85842837	27.90850918	0.2330624511	0	63.38009805	36.61990195				0	0	0	-769.0140509	0.0006714116535	-233519.878403565	
768.9340509	94	5	1	0.9659812584	0.0006710693753	89.17196021	10.82581753	0.002222262728	71.84783354	27.91947144	0.2326950229	0	63.38009805	36.61990195				0	0	0	-768.9340509	0.0006710693753	-233936.764038007	
768.8540509	94	5	1	0.96600416	0.0006707277069	89.16518635	10.83259793	0.002215719624	71.83724005	27.93043173	0.2323282117	0	63.38009805	36.61990195				0	0	0	-768.8540509	0.0006707277069	-234354.24856287	
768.7740509	94	5	1	0.9660270338	0.0006703866471	89.15841031	10.8393805	0.002209195906	71.82664791	27.94139007	0.2319620165	0	63.38009805	36.61990195				0	0	0	-768.7740509	0.0006703866471	-234772.399065731	
768.6940509	94	5	1	0.9660498798	0.0006700461947	89.15163205	10.84616525	0.002202691513	71.81605711	27.95234645	0.231596436	0	63.38009805	36.61990195				0	0	0	-768.6940509	0.0006700461947	-235191.179996971	
768.6140509	94	5	1	0.9660726982	0.0006697063484	89.1448516	10.85295219	0.002196206388	71.80546765	27.96330088	0.2312314689	0	63.38009805	36.61990195				0	0	0	-768.6140509	0.0006697063484	-235610.555538949	
768.5340509	94	5	1	0.9660954889	0.0006693671069	89.13806894	10.85974132	0.00218974047	71.79487953	27.97425335	0.230867114	0	63.38009805	36.61990195				0	0	0	-768.5340509	0.0006693671069	-236030.524052794	
768.4540509	94	5	1	0.966118252	0.0006690284689	89.13128407	10.86653264	0.0021832937	71.78429275	27.98520388	0.2305033702	0	63.38009805	36.61990195				0	0	0	-768.4540509	0.0006690284689	-236451.154008829	
768.3740509	94	5	1	0.9661409876	0.0006686904333	89.12449698	10.87332615	0.002176866021	71.77370731	27.99615245	0.2301402362	0	63.38009805	36.61990195				0	0	0	-768.3740509	0.0006686904333	-236872.443968305	
768.2940509	94	5	1	0.9661636958	0.0006683529988	89.11770768	10.88012186	0.002170457373	71.76312321	28.00709908	0.2297777108	0	63.38009805	36.61990195				0	0	0	-768.2940509	0.0006683529988	-237294.358148342	
768.2140509	94	5	1	0.9661863765	0.0006680161642	89.11091617	10.88691977	0.002164067698	71.75254044	28.01804377	0.2294157928	0	63.38009805	36.61990195				0	0	0	-768.2140509	0.0006680161642	-237716.859493888	
768.1340509	94	5	1	0.9662090299	0.0006676799281	89.10412243	10.89371988	0.002157696938	71.741959	28.02898651	0.2290544809	0	63.38009805	36.61990195				0	0	0	-768.1340509	0.0006676799281	-238140.017886013	
768.0540509	94	5	1	0.966231656	0.0006673442895	89.09732647	10.90052219	0.002151345036	71.73137891	28.03992732	0.2286937741	0	63.38009805	36.61990195				0	0	0	-768.0540509	0.0006673442895	-238563.866984392	
767.9740509	94	5	1	0.9662542549	0.0006670092471	89.09052828	10.90732671	0.002145011932	71.72080014	28.05086619	0.2283336711	0	63.38009805	36.61990195				0	0	0	-767.9740509	0.0006670092471	-238988.29940218	
767.8940509	94	5	1	0.9662768266	0.0006666747996	89.08372786	10.91413344	0.002138697571	71.71022271	28.06180312	0.2279741707	0	63.38009805	36.61990195				0	0	0	-767.8940509	0.0006666747996	-239413.385208256	
767.8140509	94	5	1	0.9662993711	0.0006663409459	89.07692522	10.92094238	0.002132401894	71.6996466	28.07273812	0.2276152717	0	63.38009805	36.61990195				0	0	0	-767.8140509	0.0006663409459	-239839.122797477	
767.7340509	94	5	1	0.9663218886	0.0006660076847	89.07012034	10.92775354	0.002126124845	71.68907183	28.08367119	0.227256973	0	63.38009805	36.61990195				0	0	0	-767.7340509	0.0006660076847	-240265.475353671	
767.6540509	94	5	1	0.9663443791	0.0006656750148	89.06331322	10.93456692	0.002119866366	71.67849839	28.09460234	0.2268992732	0	63.38009805	36.61990195				0	0	0	-767.6540509	0.0006656750148	-240692.51376894	
767.5740509	94	5	1	0.9663668426	0.0006653429351	89.05650386	10.94138251	0.0021136264	71.66792628	28.10553155	0.2265421714	0	63.38009805	36.61990195				0	0	0	-767.5740509	0.0006653429351	-241120.200542447	
767.4940509	94	5	1	0.9663892792	0.0006650114443	89.04969226	10.94820034	0.002107404892	71.65735549	28.11645884	0.2261856662	0	63.38009805	36.61990195				0	0	0	-767.4940509	0.0006650114443	-241548.49840931	
767.4140509	94	5	1	0.966411689	0.0006646805412	89.04287841	10.95502039	0.002101201784	71.64678603	28.12738421	0.2258297566	0	63.38009805	36.61990195				0	0	0	-767.4140509	0.0006646805412	-241977.442240097	
767.3340509	94	5	1	0.966434072	0.0006643502246	89.03606232	10.96184267	0.00209501702	71.63621789	28.13830766	0.2254744412	0	63.38009805	36.61990195				0	0	0	-767.3340509	0.0006643502246	-242407.104514787	
767.2540509	94	5	1	0.9664564282	0.0006640204935	89.02924397	10.96866718	0.002088850545	71.62565108	28.1492292	0.2251197191	0	63.38009805	36.61990195				0	0	0	-767.2540509	0.0006640204935	-242837.373281196	
767.1740509	94	5	1	0.9664787578	0.0006636913464	89.02242337	10.97549392	0.002082702302	71.6150856	28.16014881	0.2247655889	0	63.38009805	36.61990195				0	0	0	-767.1740509	0.0006636913464	-243268.285294771	
767.0940509	94	5	1	0.9665010607	0.0006633627824	89.01560052	10.98232291	0.002076572236	71.60452143	28.17106652	0.2244120496	0	63.38009805	36.61990195				0	0	0	-767.0940509	0.0006633627824	-243699.912184852	
767.0140509	94	5	1	0.9665233371	0.0006630348002	89.00877541	10.98915413	0.002070460291	71.59395859	28.18198231	0.2240591	0	63.38009805	36.61990195				0	0	0	-767.0140509	0.0006630348002	-244132.142323782	
766.9340509	94	5	1	0.966545587	0.0006627073986	89.00194803	10.9959876	0.002064366412	71.58339707	28.19289619	0.2237067389	0	63.38009805	36.61990195				0	0	0	-766.9340509	0.0006627073986	-244565.086252643	
766.8540509	94	5	1	0.9665678104	0.0006623805766	88.99511839	11.00282332	0.002058290543	71.57283687	28.20380817	0.2233549651	0	63.38009805	36.61990195				0	0	0	-766.8540509	0.0006623805766	-244998.667573097	
766.7740509	94	5	1	0.9665900073	0.0006620543328	88.98828648	11.00966128	0.002052232631	71.56227798	28.21471824	0.2230037775	0	63.38009805	36.61990195				0	0	0	-766.7740509	0.0006620543328	-245432.885957173	
766.6940509	94	5	1	0.966612178	0.0006617286662	88.98145231	11.0165015	0.002046192619	71.55172042	28.22562641	0.2226531751	0	63.38009805	36.61990195				0	0	0	-766.6940509	0.0006617286662	-245867.852673169	
766.6140509	94	5	1	0.9666343223	0.0006614035757	88.97461586	11.02334397	0.002040170454	71.54116417	28.23653268	0.2223031565	0	63.38009805	36.61990195				0	0	0	-766.6140509	0.0006614035757	-246303.415555592	
766.5340509	94	5	1	0.9666564404	0.0006610790599	88.96777713	11.0301887	0.002034166081	71.53060923	28.24743705	0.2219537207	0	63.38009805	36.61990195				0	0	0	-766.5340509	0.0006610790599	-246739.649916951	
766.4540509	94	5	1	0.9666785323	0.0006607551179	88.96093612	11.0370357	0.002028179445	71.52005562	28.25833952	0.2216048665	0	63.38009805	36.61990195				0	0	0	-766.4540509	0.0006607551179	-247176.629973552	
766.3740509	94	5	1	0.966700598	0.0006604317485	88.95409284	11.04388495	0.002022210493	71.50950331	28.2692401	0.2212565928	0	63.38009805	36.61990195				0	0	0	-766.3740509	0.0006604317485	-247614.202421293	
766.2940509	94	5	1	0.9667226377	0.0006601089504	88.94724727	11.05073647	0.002016259171	71.49895232	28.28013878	0.2209088985	0	63.38009805	36.61990195				0	0	0	-766.2940509	0.0006601089504	-248052.481372349	
766.2140509	94	5	1	0.9667446513	0.0006597867227	88.94039941	11.05759026	0.002010325424	71.48840264	28.29103558	0.2205617824	0	63.38009805	36.61990195				0	0	0	-766.2140509	0.0006597867227	-248491.465002725	
766.1340509	94	5	1	0.9667666389	0.0006594650641	88.93354927	11.06444632	0.002004409201	71.47785427	28.30193049	0.2202152433	0	63.38009805	36.61990195				0	0	0	-766.1340509	0.0006594650641	-248931.114779789	
766.0540509	94	5	1	0.9667886006	0.0006591439736	88.92669683	11.07130466	0.001998510446	71.46730721	28.31282351	0.2198692803	0	63.38009805	36.61990195				0	0	0	-766.0540509	0.0006591439736	-249371.428695166	
765.9740509	94	5	1	0.9668105365	0.0006588234499	88.9198421	11.07816527	0.001992629107	71.45676146	28.32371465	0.2195238921	0	63.38009805	36.61990195				0	0	0	-765.9740509	0.0006588234499	-249812.445502048	
765.8940509	94	5	1	0.9668324465	0.0006585034921	88.91298507	11.08502817	0.001986765131	71.44621701	28.33460391	0.2191790776	0	63.38009805	36.61990195				0	0	0	-765.8940509	0.0006585034921	-250254.163280506	
765.8140509	94	5	1	0.9668543307	0.0006581840989	88.90612574	11.09189334	0.001980918465	71.43567388	28.34549129	0.2188348357	0	63.38009805	36.61990195				0	0	0	-765.8140509	0.0006581840989	-250696.503456124	
765.7340509	94	5	1	0.9668761892	0.0006578652692	88.8992641	11.09876081	0.001975089057	71.42513205	28.35637679	0.2184911653	0	63.38009805	36.61990195				0	0	0	-765.7340509	0.0006578652692	-251139.582456718	
765.6540509	94	5	1	0.9668980221	0.000657547002	88.89240016	11.10563056	0.001969276853	71.41459152	28.36726041	0.2181480653	0	63.38009805	36.61990195				0	0	0	-765.6540509	0.000657547002	-251583.399538856	
765.5740509	94	5	1	0.9669198293	0.0006572292962	88.88553391	11.1125026	0.001963481802	71.4040523	28.37814217	0.2178055346	0	63.38009805	36.61990195				0	0	0	-765.5740509	0.0006572292962	-252027.87481925	
765.4940509	94	5	1	0.966941611	0.0006569121506	88.87866535	11.11937694	0.001957703851	71.39351438	28.38902205	0.217463572	0	63.38009805	36.61990195				0	0	0	-765.4940509	0.0006569121506	-252473.007234366	
765.4140509	94	5	1	0.9669633672	0.0006565955641	88.87179448	11.12625358	0.001951942948	71.38297776	28.39990006	0.2171221764	0	63.38009805	36.61990195				0	0	0	-765.4140509	0.0006565955641	-252918.875377819	
765.3340509	94	5	1	0.9669850979	0.0006562795357	88.86492129	11.13313251	0.001946199042	71.37244245	28.41077621	0.2167813468	0	63.38009805	36.61990195				0	0	0	-765.3340509	0.0006562795357	-253365.438160359	
765.2540509	94	5	1	0.9670068032	0.0006559640642	88.85804577	11.14001375	0.001940472081	71.36190843	28.42165049	0.2164410821	0	63.38009805	36.61990195				0	0	0	-765.2540509	0.0006559640642	-253812.695159896	
765.1740509	94	5	1	0.9670284831	0.0006556491486	88.85116794	11.1468973	0.001934762013	71.35137571	28.4325229	0.2161013811	0	63.38009805	36.61990195				0	0	0	-765.1740509	0.0006556491486	-254260.685347547	
765.0940509	94	5	1	0.9670501377	0.0006553347878	88.84428778	11.15378315	0.001929068787	71.3408443	28.44339346	0.2157622427	0	63.38009805	36.61990195				0	0	0	-765.0940509	0.0006553347878	-254709.327022164	
765.0140509	94	5	1	0.9670717671	0.0006550209806	88.83740529	11.16067132	0.001923392352	71.33031417	28.45426216	0.215423666	0	63.38009805	36.61990195				0	0	0	-765.0140509	0.0006550209806	-255158.700657875	
764.9340509	94	5	1	0.9670933713	0.0006547077261	88.83052047	11.1675618	0.001917732656	71.31978535	28.465129	0.2150856497	0	63.38009805	36.61990195				0	0	0	-764.9340509	0.0006547077261	-255608.845730186	
764.8540509	94	5	1	0.9671149503	0.0006543950232	88.82363332	11.17445459	0.00191208965	71.30925782	28.47599399	0.2147481928	0	63.38009805	36.61990195				0	0	0	-764.8540509	0.0006543950232	-256059.639211895	
764.7740509	94	5	1	0.9671365042	0.0006540828707	88.81674383	11.18134971	0.001906463282	71.29873158	28.48685712	0.2144112942	0	63.38009805	36.61990195				0	0	0	-764.7740509	0.0006540828707	-256511.16237988	
764.6940509	94	5	1	0.9671580331	0.0006537712677	88.809852	11.18824715	0.001900853501	71.28820664	28.49771841	0.2140749528	0	63.38009805	36.61990195				0	0	0	-764.6940509	0.0006537712677	-256963.413662125	
764.6140509	94	5	1	0.9671795369	0.000653460213	88.80295782	11.19514692	0.001895260259	71.27768299	28.50857785	0.2137391676	0	63.38009805	36.61990195				0	0	0	-764.6140509	0.000653460213	-257416.351645385	
764.5340509	94	5	1	0.9672010158	0.0006531497056	88.79606131	11.20204901	0.001889683503	71.26716063	28.51943544	0.2134039375	0	63.38009805	36.61990195				0	0	0	-764.5340509	0.0006531497056	-257870.057979551	
764.4540509	94	5	1	0.9672224698	0.0006528397445	88.78916244	11.20895344	0.001884123185	71.25663956	28.53029118	0.2130692614	0	63.38009805	36.61990195				0	0	0	-764.4540509	0.0006528397445	-258324.448630652	
764.3740509	94	5	1	0.967243899	0.0006525303285	88.78226122	11.2158602	0.001878579254	71.24611977	28.54114509	0.2127351382	0	63.38009805	36.61990195				0	0	0	-764.3740509	0.0006525303285	-258779.564962157	
764.2940509	94	5	1	0.9672653033	0.0006522214567	88.77535765	11.22276929	0.001873051661	71.23560128	28.55199715	0.2124015669	0	63.38009805	36.61990195				0	0	0	-764.2940509	0.0006522214567	-259235.447435666	
764.2140509	94	5	1	0.9672866829	0.000651913128	88.76845173	11.22968073	0.001867540356	71.22508407	28.56284738	0.2120685463	0	63.38009805	36.61990195				0	0	0	-764.2140509	0.000651913128	-259692.053960856	
764.1340509	94	5	1	0.9673080378	0.0006516053414	88.76154344	11.23659451	0.00186204529	71.21456815	28.57369577	0.2117360755	0	63.38009805	36.61990195				0	0	0	-764.1340509	0.0006516053414	-260149.340949278	
764.0540509	94	5	1	0.967329368	0.0006512980957	88.7546328	11.24351064	0.001856566414	71.20405352	28.58454233	0.2114041534	0	63.38009805	36.61990195				0	0	0	-764.0540509	0.0006512980957	-260607.392875932	
763.9740509	94	5	1	0.9673506737	0.0006509913901	88.74771979	11.25042911	0.001851103678	71.19354017	28.59538705	0.211072779	0	63.38009805	36.61990195				0	0	0	-763.9740509	0.0006509913901	-261066.208107865	
763.8940509	94	5	1	0.9673719547	0.0006506852234	88.74080441	11.25734994	0.001845657033	71.1830281	28.60622995	0.210741951	0	63.38009805	36.61990195				0	0	0	-763.8940509	0.0006506852234	-261525.701588905	
763.8140509	94	5	1	0.9673932113	0.0006503795946	88.73388666	11.26427312	0.001840226432	71.17251732	28.61707101	0.2104116686	0	63.38009805	36.61990195				0	0	0	-763.8140509	0.0006503795946	-261985.957436416	
763.7340509	94	5	1	0.9674144434	0.0006500745027	88.72696653	11.27119865	0.001834811825	71.16200781	28.62791026	0.2100819307	0	63.38009805	36.61990195				0	0	0	-763.7340509	0.0006500745027	-262446.975152833	
763.6540509	94	5	1	0.9674356511	0.0006497699467	88.72004404	11.27812655	0.001829413164	71.15149959	28.63874768	0.2097527362	0	63.38009805	36.61990195				0	0	0	-763.6540509	0.0006497699467	-262908.754222099	
763.5740509	94	5	1	0.9674568344	0.0006494659256	88.71311916	11.28505681	0.0018240304	71.14099264	28.64958327	0.209424084	0	63.38009805	36.61990195				0	0	0	-763.5740509	0.0006494659256	-263371.250603662	
763.4940509	94	5	1	0.9674779935	0.0006491624383	88.7061919	11.29198944	0.001818663486	71.13048698	28.66041705	0.2090959732	0	63.38009805	36.61990195				0	0	0	-763.4940509	0.0006491624383	-263834.463590696	
763.4140509	94	5	1	0.9674991282	0.0006488594838	88.69926226	11.29892443	0.001813312374	71.11998259	28.67124901	0.2087684027	0	63.38009805	36.61990195				0	0	0	-763.4140509	0.0006488594838	-264298.479468355	
763.3340509	94	5	1	0.9675202387	0.0006485570612	88.69233022	11.3058618	0.001807977015	71.10947947	28.68207915	0.2084413715	0	63.38009805	36.61990195				0	0	0	-763.3340509	0.0006485570612	-264763.253829769	
763.2540509	94	5	1	0.9675413251	0.0006482551694	88.6853958	11.31280154	0.001802657363	71.09897764	28.69290749	0.2081148784	0	63.38009805	36.61990195				0	0	0	-763.2540509	0.0006482551694	-265228.786677446	
763.1740509	94	5	1	0.9675623874	0.0006479538075	88.67845899	11.31974366	0.001797353369	71.08847707	28.70373401	0.2077889226	0	63.38009805	36.61990195				0	0	0	-763.1740509	0.0006479538075	-265695.032486448	
763.0940509	94	5	1	0.9675834255	0.0006476529743	88.67151978	11.32668815	0.001792064986	71.07797778	28.71455872	0.2074635029	0	63.38009805	36.61990195				0	0	0	-763.0940509	0.0006476529743	-266162.035499122	
763.0140509	94	5	1	0.9676044397	0.000647352669	88.66457817	11.33363503	0.001786792167	71.06747976	28.72538162	0.2071386183	0	63.38009805	36.61990195				0	0	0	-763.0140509	0.000647352669	-266629.882977734	
762.9340509	94	5	1	0.9676254299	0.0006470528906	88.65763416	11.3405843	0.001781534866	71.05698302	28.73620272	0.2068142679	0	63.38009805	36.61990195				0	0	0	-762.9340509	0.0006470528906	-267098.396810043	
762.8540509	94	5	1	0.9676463961	0.0006467536379	88.65068775	11.34753596	0.001776293034	71.04648754	28.74702201	0.2064904505	0	63.38009805	36.61990195				0	0	0	-762.8540509	0.0006467536379	-267567.710677256	
762.7740509	94	5	1	0.9676673385	0.0006464549102	88.64373893	11.35449	0.001771066626	71.03599333	28.7578395	0.2061671652	0	63.38009805	36.61990195				0	0	0	-762.7740509	0.0006464549102	-268037.822750749	
762.6940509	94	5	1	0.967688257	0.0006461567063	88.6367877	11.36144644	0.001765855595	71.02550039	28.7686552	0.205844411	0	63.38009805	36.61990195				0	0	0	-762.6940509	0.0006461567063	-268508.689107122	
762.6140509	94	5	1	0.9677091517	0.0006458590254	88.62983406	11.36840528	0.001760659893	71.01500872	28.77946909	0.2055221868	0	63.38009805	36.61990195				0	0	0	-762.6140509	0.0006458590254	-268980.353090283	
762.5340509	94	5	1	0.9677300227	0.0006455618664	88.622878	11.37536652	0.001755479476	71.00451831	28.7902812	0.2052004916	0	63.38009805	36.61990195				0	0	0	-762.5340509	0.0006455618664	-269452.769799271	
762.4540509	94	5	1	0.96775087	0.0006452652284	88.61591952	11.38233016	0.001750314297	70.99402917	28.8010915	0.2048793245	0	63.38009805	36.61990195				0	0	0	-762.4540509	0.0006452652284	-269925.937787117	
762.3740509	94	5	1	0.9677716936	0.0006449691103	88.60895863	11.38929621	0.00174516431	70.98354129	28.81190002	0.2045586843	0	63.38009805	36.61990195				0	0	0	-762.3740509	0.0006449691103	-270399.902718915	
762.2940509	94	5	1	0.9677924937	0.0006446735113	88.6019953	11.39626467	0.001740029469	70.97305468	28.82270675	0.2042385702	0	63.38009805	36.61990195				0	0	0	-762.2940509	0.0006446735113	-270874.709282625	
762.2140509	94	5	1	0.9678132702	0.0006443784304	88.59502956	11.40323553	0.001734909728	70.96256933	28.83351169	0.2039189811	0	63.38009805	36.61990195				0	0	0	-762.2140509	0.0006443784304	-271350.265853215	
762.1340509	94	5	1	0.9678340231	0.0006440838666	88.58806138	11.41020882	0.001729805042	70.95208524	28.84431485	0.2035999159	0	63.38009805	36.61990195				0	0	0	-762.1340509	0.0006440838666	-271826.57154062	
762.0540509	94	5	1	0.9678547527	0.0006437898189	88.58109077	11.41718452	0.001724715366	70.94160241	28.85511622	0.2032813738	0	63.38009805	36.61990195				0	0	0	-762.0540509	0.0006437898189	-272303.671938809	
761.9740509	94	5	1	0.9678754588	0.0006434962864	88.57411772	11.42416264	0.001719640653	70.93112084	28.86591581	0.2029633537	0	63.38009805	36.61990195				0	0	0	-761.9740509	0.0006434962864	-272781.612946713	
761.8940509	94	5	1	0.9678961415	0.0006432032682	88.56714224	11.43114318	0.00171458086	70.92064052	28.87671362	0.2026458545	0	63.38009805	36.61990195				0	0	0	-761.8940509	0.0006432032682	-273260.347757705	
761.8140509	94	5	1	0.9679168009	0.0006429107633	88.56016431	11.43812615	0.00170953594	70.91016147	28.88750966	0.2023288755	0	63.38009805	36.61990195				0	0	0	-761.8140509	0.0006429107633	-273739.829219611	
761.7340509	94	5	1	0.967937437	0.0006426187707	88.55318394	11.44511155	0.00170450585	70.89968367	28.89830392	0.2020124154	0	63.38009805	36.61990195				0	0	0	-761.7340509	0.0006426187707	-274220.150664667	
761.6540509	94	5	1	0.9679580499	0.0006423272896	88.54620112	11.45209938	0.001699490544	70.88920712	28.9090964	0.2016964734	0	63.38009805	36.61990195				0	0	0	-761.6540509	0.0006423272896	-274701.311409667	
761.5740509	94	5	1	0.9679786396	0.000642036319	88.53921586	11.45908965	0.001694489978	70.87873183	28.91988712	0.2013810485	0	63.38009805	36.61990195				0	0	0	-761.5740509	0.000642036319	-275183.217083677	
761.4940509	94	5	1	0.9679992061	0.0006417458579	88.53222814	11.46608235	0.001689504108	70.8682578	28.93067606	0.2010661397	0	63.38009805	36.61990195				0	0	0	-761.4940509	0.0006417458579	-275665.914294206	
761.4140509	94	5	1	0.9680197496	0.0006414559054	88.52523797	11.4730775	0.001684532889	70.85778501	28.94146324	0.2007517459	0	63.38009805	36.61990195				0	0	0	-761.4140509	0.0006414559054	-276149.497789548	
761.3340509	94	5	1	0.96804027	0.0006411664607	88.51824534	11.48007509	0.001679576277	70.84731348	28.95224865	0.2004378663	0	63.38009805	36.61990195				0	0	0	-761.3340509	0.0006411664607	-276633.871649553	
761.2540509	94	5	1	0.9680607674	0.0006408775227	88.51125024	11.48707512	0.001674634228	70.8368432	28.9630323	0.2001244999	0	63.38009805	36.61990195				0	0	0	-761.2540509	0.0006408775227	-277118.988100655	
761.1740509	94	5	1	0.9680812418	0.0006405890905	88.50425269	11.49407761	0.001669706699	70.82637416	28.97381419	0.1998116456	0	63.38009805	36.61990195				0	0	0	-761.1740509	0.0006405890905	-277604.990335496	
761.0940509	94	5	1	0.9681016933	0.0006403011633	88.49725266	11.50108254	0.001664793645	70.81590637	28.98459432	0.1994993026	0	63.38009805	36.61990195				0	0	0	-761.0940509	0.0006403011633	-278091.829872214	
761.0140509	94	5	1	0.968122122	0.0006400137401	88.49025017	11.50808994	0.001659895024	70.80543984	28.99537269	0.1991874698	0	63.38009805	36.61990195				0	0	0	-761.0140509	0.0006400137401	-278579.458550946	
760.9340509	94	5	1	0.9681425278	0.00063972682	88.4832452	11.51509979	0.001655010791	70.79497454	29.00614931	0.1988761463	0	63.38009805	36.61990195				0	0	0	-760.9340509	0.00063972682	-279067.924186933	
760.8540509	94	5	1	0.9681629108	0.0006394404021	88.47623776	11.5221121	0.001650140903	70.78451049	29.01692417	0.1985653311	0	63.38009805	36.61990195				0	0	0	-760.8540509	0.0006394404021	-279557.177564926	
760.7740509	94	5	1	0.9681832711	0.0006391544854	88.46922784	11.52912687	0.001645285318	70.77404769	29.02769729	0.1982550233	0	63.38009805	36.61990195				0	0	0	-760.7740509	0.0006391544854	-280047.267485737	
760.6940509	94	5	1	0.9682036086	0.0006388690691	88.46221544	11.53614411	0.001640443991	70.76358613	29.03846865	0.1979452219	0	63.38009805	36.61990195				0	0	0	-760.6940509	0.0006388690691	-280538.291750578	
760.6140509	94	5	1	0.9682239236	0.0006385841524	88.45520056	11.54316382	0.001635616882	70.75312581	29.04923826	0.197635926	0	63.38009805	36.61990195				0	0	0	-760.6140509	0.0006385841524	-281030.05300618	
760.5340509	94	5	1	0.9682442159	0.0006382997341	88.44818319	11.55018601	0.001630803945	70.74266673	29.06000613	0.1973271345	0	63.38009805	36.61990195				0	0	0	-760.5340509	0.0006382997341	-281522.650744012	
760.4540509	94	5	1	0.9682644857	0.0006380158136	88.44116333	11.55721067	0.00162600514	70.7322089	29.07077226	0.1970188466	0	63.38009805	36.61990195				0	0	0	-760.4540509	0.0006380158136	-282016.182362088	
760.3740509	94	5	1	0.9682847329	0.0006377323899	88.43414097	11.56423781	0.001621220423	70.7217523	29.08153664	0.1967110613	0	63.38009805	36.61990195				0	0	0	-760.3740509	0.0006377323899	-282510.4998201	
760.2940509	94	5	1	0.9683049577	0.0006374494621	88.42711612	11.57126743	0.001616449753	70.71129694	29.09229929	0.1964037776	0	63.38009805	36.61990195				0	0	0	-760.2940509	0.0006374494621	-283005.652157083	
760.2140509	94	5	1	0.96832516	0.0006371670293	88.42008878	11.57829953	0.001611693086	70.70084281	29.10306019	0.1960969946	0	63.38009805	36.61990195				0	0	0	-760.2140509	0.0006371670293	-283501.63903215	
760.1340509	94	5	1	0.9683453399	0.0006368850906	88.41305893	11.58533412	0.001606950382	70.69038992	29.11381936	0.1957907114	0	63.38009805	36.61990195				0	0	0	-760.1340509	0.0006368850906	-283998.510673511	
760.0540509	94	5	1	0.9683654975	0.0006366036452	88.40602657	11.5923712	0.001602221597	70.67993827	29.1245768	0.195484927	0	63.38009805	36.61990195				0	0	0	-760.0540509	0.0006366036452	-284496.216118583	
759.9740509	94	5	1	0.9683856328	0.0006363226921	88.39899171	11.59941078	0.001597506691	70.66948785	29.13533251	0.1951796405	0	63.38009805	36.61990195				0	0	0	-759.9740509	0.0006363226921	-284994.806621705	
759.8940509	94	5	1	0.9684057458	0.0006360422306	88.39195434	11.60645285	0.001592805621	70.65903867	29.14608648	0.194874851	0	63.38009805	36.61990195				0	0	0	-759.8940509	0.0006360422306	-285494.28124016	
759.8140509	94	5	1	0.9684258366	0.0006357622597	88.38491446	11.61349742	0.001588118347	70.64859071	29.15683873	0.1945705575	0	63.38009805	36.61990195				0	0	0	-759.8140509	0.0006357622597	-285994.538548996	
759.7340509	94	5	1	0.9684459052	0.0006354827785	88.37787206	11.62054449	0.001583444825	70.63814399	29.16758925	0.194266759	0	63.38009805	36.61990195				0	0	0	-759.7340509	0.0006354827785	-286495.680164875	
759.6540509	94	5	1	0.9684659517	0.0006352037862	88.37082715	11.62759407	0.001578785017	70.6276985	29.17833805	0.1939634547	0	63.38009805	36.61990195				0	0	0	-759.6540509	0.0006352037862	-286997.757460785	
759.5740509	94	5	1	0.9684859761	0.000634925282	88.36377971	11.63464615	0.001574138879	70.61725423	29.18908512	0.1936606437	0	63.38009805	36.61990195				0	0	0	-759.5740509	0.000634925282	-287500.667350755	
759.4940509	94	5	1	0.9685059785	0.0006346472649	88.35672975	11.64170075	0.001569506372	70.6068112	29.19983048	0.1933583249	0	63.38009805	36.61990195				0	0	0	-759.4940509	0.0006346472649	-288004.462079226	
759.4140509	94	5	1	0.9685259588	0.0006343697342	88.34967726	11.64875786	0.001564887454	70.59636939	29.21057411	0.1930564976	0	63.38009805	36.61990195				0	0	0	-759.4140509	0.0006343697342	-288509.140582614	
759.3340509	94	5	1	0.9685459172	0.0006340926889	88.34262223	11.65581748	0.001560282085	70.5859288	29.22131604	0.1927551607	0	63.38009805	36.61990195				0	0	0	-759.3340509	0.0006340926889	-289014.651570242	
759.2540509	94	5	1	0.9685658537	0.0006338161282	88.33556468	11.66287963	0.001555690223	70.57548945	29.23205624	0.1924543133	0	63.38009805	36.61990195				0	0	0	-759.2540509	0.0006338161282	-289521.046327591	
759.1740509	94	5	1	0.9685857682	0.0006335400512	88.32850459	11.6699443	0.00155111183	70.56505131	29.24279473	0.1921539546	0	63.38009805	36.61990195				0	0	0	-759.1740509	0.0006335400512	-290028.377950933	
759.0940509	94	5	1	0.968605661	0.0006332644572	88.32144196	11.67701149	0.001546546863	70.5546144	29.25353152	0.1918540836	0	63.38009805	36.61990195				0	0	0	-759.0940509	0.0006332644572	-290536.593272383	
759.0140509	94	5	1	0.9686255319	0.0006329893452	88.31437679	11.68408121	0.001541995283	70.54417871	29.26426659	0.1915546993	0	63.38009805	36.61990195				0	0	0	-759.0140509	0.0006329893452	-291045.640213046	
758.9340509	94	5	1	0.9686453811	0.0006327147144	88.30730908	11.69115346	0.00153745705	70.53374424	29.27499996	0.191255801	0	63.38009805	36.61990195				0	0	0	-758.9340509	0.0006327147144	-291555.677342689	
758.8540509	94	5	1	0.9686652086	0.0006324405641	88.30023882	11.69822825	0.001532932124	70.52331099	29.28573162	0.1909573877	0	63.38009805	36.61990195				0	0	0	-758.8540509	0.0006324405641	-292066.544810371	
758.7740509	94	5	1	0.9686850144	0.0006321668932	88.293166	11.70530558	0.001528420465	70.51287896	29.29646158	0.1906594584	0	63.38009805	36.61990195				0	0	0	-758.7740509	0.0006321668932	-292578.297127844	
758.6940509	94	5	1	0.9687047986	0.0006318937011	88.28609064	11.71238544	0.001523922033	70.50244814	29.30718984	0.1903620124	0	63.38009805	36.61990195				0	0	0	-758.6940509	0.0006318937011	-293091.040052452	
758.6140509	94	5	1	0.9687245612	0.0006316209869	88.27901271	11.71946785	0.001519436788	70.49201855	29.3179164	0.1900650486	0	63.38009805	36.61990195				0	0	0	-758.6140509	0.0006316209869	-293604.613498255	
758.5340509	94	5	1	0.9687443023	0.0006313487497	88.27193223	11.7265528	0.001514964692	70.48159017	29.32864127	0.1897685662	0	63.38009805	36.61990195				0	0	0	-758.5340509	0.0006313487497	-294119.070996552	
758.4540509	94	5	1	0.9687640218	0.0006310769887	88.26484919	11.73364031	0.001510505705	70.471163	29.33936444	0.1894725642	0	63.38009805	36.61990195				0	0	0	-758.4540509	0.0006310769887	-294634.520883612	
758.3740509	94	5	1	0.9687837199	0.0006308057032	88.25776358	11.74073036	0.001506059787	70.46073705	29.35008591	0.1891770419	0	63.38009805	36.61990195				0	0	0	-758.3740509	0.0006308057032	-295150.854453426	
758.2940509	94	5	1	0.9688033966	0.0006305348922	88.2506754	11.74782297	0.001501626899	70.4503123	29.3608057	0.1888819982	0	63.38009805	36.61990195				0	0	0	-758.2940509	0.0006305348922	-295668.127467566	
758.2140509	94	5	1	0.9688230519	0.0006302645551	88.24358465	11.75491814	0.001497207004	70.43988878	29.37152379	0.1885874324	0	63.38009805	36.61990195				0	0	0	-758.2140509	0.0006302645551	-296186.283724014	
758.1340509	94	5	1	0.9688426858	0.0006299946908	88.23649133	11.76201587	0.00149280006	70.42946646	29.3822402	0.1882933434	0	63.38009805	36.61990195				0	0	0	-758.1340509	0.0006299946908	-296705.324896338	
758.0540509	94	5	1	0.9688622984	0.0006297252987	88.22939543	11.76911616	0.001488406031	70.41904535	29.39295492	0.1879997305	0	63.38009805	36.61990195				0	0	0	-758.0540509	0.0006297252987	-297225.41502243	
757.9740509	94	5	1	0.9688818898	0.000629456378	88.22229695	11.77621902	0.001484024877	70.40862545	29.40366796	0.1877065927	0	63.38009805	36.61990195				0	0	0	-757.9740509	0.000629456378	-297746.389529814	
757.8940509	94	5	1	0.96890146	0.0006291879278	88.21519589	11.78332445	0.00147965656	70.39820676	29.41437932	0.1874139292	0	63.38009805	36.61990195				0	0	0	-757.8940509	0.0006291879278	-298268.248512976	
757.8140509	94	5	1	0.9689210089	0.0006289199473	88.20809224	11.79043246	0.001475301041	70.38778927	29.42508899	0.1871217391	0	63.38009805	36.61990195				0	0	0	-757.8140509	0.0006289199473	-298791.047263727	
757.7340509	94	5	1	0.9689405368	0.0006286524357	88.20098601	11.79754303	0.001470958282	70.37737299	29.43579699	0.1868300215	0	63.38009805	36.61990195				0	0	0	-757.7340509	0.0006286524357	-299314.78603784	
757.6540509	94	5	1	0.9689600435	0.0006283853922	88.19387718	11.80465619	0.001466628245	70.36695791	29.44650331	0.1865387755	0	63.38009805	36.61990195				0	0	0	-757.6540509	0.0006283853922	-299839.521462931	
757.5740509	94	5	1	0.9689795292	0.0006281188161	88.18676576	11.81177193	0.001462310893	70.35654404	29.45720796	0.1862480003	0	63.38009805	36.61990195				0	0	0	-757.5740509	0.0006281188161	-300365.19737788	
757.4940509	94	5	1	0.9689989938	0.0006278527065	88.17965174	11.81889025	0.001458006186	70.34613137	29.46791094	0.1859576949	0	63.38009805	36.61990195				0	0	0	-757.4940509	0.0006278527065	-300891.814784156	
757.4140509	94	5	1	0.9690184375	0.0006275870627	88.17253512	11.82601117	0.001453714088	70.3357199	29.47861225	0.1856678586	0	63.38009805	36.61990195				0	0	0	-757.4140509	0.0006275870627	-301419.373086819	
757.3340509	94	5	1	0.9690378602	0.0006273218838	88.1654159	11.83313467	0.001449434561	70.32530963	29.48931188	0.1853784904	0	63.38009805	36.61990195				0	0	0	-757.3340509	0.0006273218838	-301947.873260706	
757.2540509	94	5	1	0.9690572621	0.0006270571691	88.15829407	11.84026076	0.001445167567	70.31490056	29.50000985	0.1850895894	0	63.38009805	36.61990195				0	0	0	-757.2540509	0.0006270571691	-302477.314674294	
757.1740509	94	5	1	0.9690766431	0.0006267929177	88.15116963	11.84738946	0.001440913068	70.30449268	29.51070616	0.1848011549	0	63.38009805	36.61990195				0	0	0	-757.1740509	0.0006267929177	-303007.7558616	
757.0940509	94	5	1	0.9690960032	0.000626529129	88.14404258	11.85452075	0.001436671029	70.29408601	29.5214008	0.184513186	0	63.38009805	36.61990195				0	0	0	-757.0940509	0.000626529129	-303539.196354999	
757.0140509	94	5	1	0.9691153426	0.0006262658021	88.13691292	11.86165464	0.00143244141	70.28368053	29.53209379	0.1842256817	0	63.38009805	36.61990195				0	0	0	-757.0140509	0.0006262658021	-304071.522109715	
756.9340509	94	5	1	0.9691346612	0.0006260029362	88.12978063	11.86879114	0.001428224176	70.27327625	29.54278511	0.1839386413	0	63.38009805	36.61990195				0	0	0	-756.9340509	0.0006260029362	-304604.848604386	
756.8540509	94	5	1	0.9691539591	0.0006257405306	88.12264573	11.87593025	0.001424019288	70.26287316	29.55347478	0.1836520638	0	63.38009805	36.61990195				0	0	0	-756.8540509	0.0006257405306	-305139.234527191	
756.7740509	94	5	1	0.9691732364	0.0006254785846	88.1155082	11.88307197	0.001419826712	70.25247126	29.56416279	0.1833659484	0	63.38009805	36.61990195				0	0	0	-756.7740509	0.0006254785846	-305674.505367752	
756.6940509	94	5	1	0.969192493	0.0006252170972	88.10836804	11.89021631	0.001415646409	70.24207056	29.57484915	0.1830802944	0	63.38009805	36.61990195				0	0	0	-756.6940509	0.0006252170972	-306210.779413216	
756.6140509	94	5	1	0.969211729	0.0006249560679	88.10122526	11.89736326	0.001411478343	70.23167104	29.58553386	0.1827951007	0	63.38009805	36.61990195				0	0	0	-756.6140509	0.0006249560679	-306748.055269915	
756.5340509	94	5	1	0.9692309445	0.0006246954957	88.09407984	11.90451284	0.001407322478	70.22127272	29.59621691	0.1825103666	0	63.38009805	36.61990195				0	0	0	-756.5340509	0.0006246954957	-307286.276418377	
756.4540509	94	5	1	0.9692501395	0.00062443538	88.08693179	11.91166503	0.001403178777	70.21087558	29.60689832	0.1822260913	0	63.38009805	36.61990195				0	0	0	-756.4540509	0.00062443538	-307825.560076621	
756.3740509	94	5	1	0.969269314	0.00062417572	88.07978109	11.91881986	0.001399047204	70.20047964	29.61757809	0.1819422738	0	63.38009805	36.61990195				0	0	0	-756.3740509	0.00062417572	-308365.789036374	
756.2940509	94	5	1	0.9692884681	0.0006239165149	88.07262776	11.92597731	0.001394927723	70.19008488	29.62825621	0.1816589133	0	63.38009805	36.61990195				0	0	0	-756.2940509	0.0006239165149	-308907.023125866	
756.2140509	94	5	1	0.9693076018	0.000623657764	88.06547178	11.9331374	0.001390820298	70.1796913	29.63893269	0.1813760091	0	63.38009805	36.61990195				0	0	0	-756.2140509	0.000623657764	-309449.262517028	
756.1340509	94	5	1	0.9693267151	0.0006233994665	88.05831315	11.94030012	0.001386724893	70.16929891	29.64960753	0.1810935602	0	63.38009805	36.61990195				0	0	0	-756.1340509	0.0006233994665	-309992.508206396	
756.0540509	94	5	1	0.9693458081	0.0006231416217	88.05115188	11.94746548	0.001382641472	70.15890771	29.66028073	0.1808115658	0	63.38009805	36.61990195				0	0	0	-756.0540509	0.0006231416217	-310536.820818938	
755.9740509	94	5	1	0.9693648808	0.0006228842289	88.04398795	11.95463348	0.001378569999	70.14851769	29.67095229	0.1805300251	0	63.38009805	36.61990195				0	0	0	-755.9740509	0.0006228842289	-311082.080149563	
755.8940509	94	5	1	0.9693839333	0.0006226272872	88.03682136	11.96180413	0.001374510439	70.13812884	29.68162222	0.1802489373	0	63.38009805	36.61990195				0	0	0	-755.8940509	0.0006226272872	-311628.347854788	
755.8140509	94	5	1	0.9694029656	0.000622370796	88.02965211	11.96897743	0.001370462757	70.12774118	29.69229051	0.1799683015	0	63.38009805	36.61990195				0	0	0	-755.8140509	0.000622370796	-312175.623180717	
755.7340509	94	5	1	0.9694219777	0.0006221147544	88.0224802	11.97615337	0.001366426916	70.1173547	29.70295718	0.1796881169	0	63.38009805	36.61990195				0	0	0	-755.7340509	0.0006221147544	-312723.969252733	
755.6540509	94	5	1	0.9694409697	0.0006218591619	88.01530563	11.98333197	0.001362402883	70.1069694	29.71362222	0.1794083826	0	63.38009805	36.61990195				0	0	0	-755.6540509	0.0006218591619	-313273.385496315	
755.5740509	94	5	1	0.9694599416	0.0006216040176	88.00812838	11.99051323	0.00135839062	70.09658528	29.72428563	0.1791290979	0	63.38009805	36.61990195				0	0	0	-755.5740509	0.0006216040176	-313823.751220205	
755.4940509	94	5	1	0.9694788934	0.0006213493208	88.00094847	11.99769714	0.001354390095	70.08620233	29.73494741	0.178850262	0	63.38009805	36.61990195				0	0	0	-755.4940509	0.0006213493208	-314375.189355719	
755.4140509	94	5	1	0.9694978252	0.0006210950708	87.99376588	12.00488372	0.001350401271	70.07582056	29.74560757	0.1785718739	0	63.38009805	36.61990195				0	0	0	-755.4140509	0.0006210950708	-314927.638802466	
755.3340509	94	5	1	0.9695167371	0.0006208412668	87.98658061	12.01207297	0.001346424114	70.06543996	29.75626611	0.1782939328	0	63.38009805	36.61990195				0	0	0	-755.3340509	0.0006208412668	-315481.100434601	
755.2540509	94	5	1	0.969535629	0.0006205879081	87.97939266	12.01926488	0.001342458589	70.05506053	29.76692303	0.1780164381	0	63.38009805	36.61990195				0	0	0	-755.2540509	0.0006205879081	-316035.699528771	
755.1740509	94	5	1	0.969554501	0.0006203349941	87.97220203	12.02645947	0.001338504662	70.04468228	29.77757833	0.1777393888	0	63.38009805	36.61990195				0	0	0	-755.1740509	0.0006203349941	-316591.311647591	
755.0940509	94	5	1	0.9695733531	0.0006200825239	87.96500871	12.03365673	0.001334562298	70.0343052	29.78823202	0.1774627841	0	63.38009805	36.61990195				0	0	0	-755.0940509	0.0006200825239	-317147.938508313	
755.0140509	94	5	1	0.9695921854	0.0006198304969	87.9578127	12.04085666	0.001330631462	70.02392929	29.79888409	0.1771866232	0	63.38009805	36.61990195				0	0	0	-755.0140509	0.0006198304969	-317705.705787893	
754.9340509	94	5	1	0.9696109979	0.0006195789124	87.950614	12.04805928	0.001326712121	70.01355455	29.80953455	0.1769109054	0	63.38009805	36.61990195				0	0	0	-754.9340509	0.0006195789124	-318264.488569939	
754.8540509	94	5	1	0.9696297906	0.0006193277696	87.94341261	12.05526459	0.00132280424	70.00318097	29.8201834	0.1766356297	0	63.38009805	36.61990195				0	0	0	-754.8540509	0.0006193277696	-318824.287656361	
754.7740509	94	5	1	0.9696485636	0.0006190770678	87.93620851	12.06247258	0.001318907786	69.99280857	29.83083064	0.1763607954	0	63.38009805	36.61990195				0	0	0	-754.7740509	0.0006190770678	-319385.166923029	
754.6940509	94	5	1	0.969667317	0.0006188268063	87.92900172	12.06968326	0.001315022723	69.98243733	29.84147627	0.1760864017	0	63.38009805	36.61990195				0	0	0	-754.6940509	0.0006188268063	-319947.127369785	
754.6140509	94	5	1	0.9696860507	0.0006185769844	87.92179222	12.07689663	0.00131114902	69.97206725	29.8521203	0.1758124478	0	63.38009805	36.61990195				0	0	0	-754.6140509	0.0006185769844	-320510.234415922	
754.5340509	94	5	1	0.9697047647	0.0006183276015	87.91458001	12.08411271	0.00130728664	69.96169834	29.86276273	0.1755389329	0	63.38009805	36.61990195				0	0	0	-754.5340509	0.0006183276015	-321074.359953045	
754.4540509	94	5	1	0.9697234592	0.0006180786567	87.90736509	12.09133148	0.001303435552	69.95133059	29.87340355	0.1752658561	0	63.38009805	36.61990195				0	0	0	-754.4540509	0.0006180786567	-321639.505625379	
754.3740509	94	5	1	0.9697421342	0.0006178301494	87.90014746	12.09855295	0.001299595721	69.940964	29.88404278	0.1749932168	0	63.38009805	36.61990195				0	0	0	-754.3740509	0.0006178301494	-322205.865684113	
754.2940509	94	5	1	0.9697607897	0.000617582079	87.89292711	12.10577713	0.001295767114	69.93059858	29.89468041	0.174721014	0	63.38009805	36.61990195				0	0	0	-754.2940509	0.000617582079	-322773.311755599	
754.2140509	94	5	1	0.9697794256	0.0006173344447	87.88570404	12.11300401	0.001291949698	69.92023431	29.90531644	0.174449247	0	63.38009805	36.61990195				0	0	0	-754.2140509	0.0006173344447	-323341.714540413	
754.1340509	94	5	1	0.9697980422	0.0006170872457	87.87847825	12.12023361	0.00128814344	69.90987121	29.91595088	0.1741779151	0	63.38009805	36.61990195				0	0	0	-754.1340509	0.0006170872457	-323911.3367992	
754.0540509	94	5	1	0.9698166394	0.0006168404816	87.87124973	12.12746592	0.001284348306	69.89950926	29.92658373	0.1739070173	0	63.38009805	36.61990195				0	0	0	-754.0540509	0.0006168404816	-324482.046906726	
753.9740509	94	5	1	0.9698352172	0.0006165941514	87.86401848	12.13470095	0.001280564263	69.88914846	29.93721498	0.1736365529	0	63.38009805	36.61990195				0	0	0	-753.9740509	0.0006165941514	-325053.782265323	
753.8940509	94	5	1	0.9698537757	0.0006163482546	87.85678451	12.1419387	0.001276791279	69.87878883	29.94784465	0.1733665212	0	63.38009805	36.61990195				0	0	0	-753.8940509	0.0006163482546	-325626.740253236	
753.8140509	94	5	1	0.9698723149	0.0006161027905	87.84954779	12.14917918	0.001273029321	69.86843035	29.95847273	0.1730969214	0	63.38009805	36.61990195				0	0	0	-753.8140509	0.0006161027905	-326200.723859732	
753.7340509	94	5	1	0.9698908348	0.0006158577583	87.84230834	12.15642238	0.001269278355	69.85807302	29.96909923	0.1728277526	0	63.38009805	36.61990195				0	0	0	-753.7340509	0.0006158577583	-326775.86766021	
753.6540509	94	5	1	0.9699093355	0.0006156131575	87.83506615	12.16366831	0.00126553835	69.84771684	29.97972415	0.1725590141	0	63.38009805	36.61990195				0	0	0	-753.6540509	0.0006156131575	-327352.17180121	
753.5740509	94	5	1	0.9699278171	0.0006153689873	87.82782122	12.17091697	0.001261809272	69.83736182	29.99034748	0.1722907051	0	63.38009805	36.61990195				0	0	0	-753.5740509	0.0006153689873	-327929.571794586	
753.4940509	94	5	1	0.9699462795	0.0006151252471	87.82057353	12.17816837	0.001258091091	69.82700794	30.00096923	0.1720228248	0	63.38009805	36.61990195				0	0	0	-753.4940509	0.0006151252471	-328508.067522644	
753.4140509	94	5	1	0.9699647228	0.0006148819361	87.8133231	12.18542251	0.001254383772	69.81665522	30.01158941	0.1717553725	0	63.38009805	36.61990195				0	0	0	-753.4140509	0.0006148819361	-329087.728674514	
753.3340509	94	5	1	0.969983147	0.0006146390538	87.80606992	12.1926794	0.001250687284	69.80630364	30.02220801	0.1714883474	0	63.38009805	36.61990195				0	0	0	-753.3340509	0.0006146390538	-329668.555338378	
753.2540509	94	5	1	0.9700015521	0.0006143965994	87.79881398	12.19993902	0.001247001595	69.79595321	30.03282504	0.1712217486	0	63.38009805	36.61990195				0	0	0	-753.2540509	0.0006143965994	-330250.413647195	
753.1740509	94	5	1	0.9700199383	0.0006141545722	87.79155527	12.2072014	0.001243326673	69.78560393	30.0434405	0.1709555755	0	63.38009805	36.61990195				0	0	0	-753.1740509	0.0006141545722	-330833.577770785	
753.0940509	94	5	1	0.9700383055	0.0006139129718	87.78429381	12.21446653	0.001239662486	69.77525579	30.05405438	0.1706898273	0	63.38009805	36.61990195				0	0	0	-753.0940509	0.0006139129718	-331417.842529199	
753.0140509	94	5	1	0.9700566538	0.0006136717972	87.77702958	12.22173441	0.001236009002	69.7649088	30.0646667	0.1704245031	0	63.38009805	36.61990195				0	0	0	-753.0140509	0.0006136717972	-332003.142447784	
752.9340509	94	5	1	0.9700749831	0.0006134310479	87.76976259	12.22900505	0.001232366189	69.75456294	30.07527745	0.1701596023	0	63.38009805	36.61990195				0	0	0	-752.9340509	0.0006134310479	-332589.752628615	
752.8540509	94	5	1	0.9700932936	0.0006131907233	87.76249282	12.23627845	0.001228734017	69.74421824	30.08588664	0.1698951241	0	63.38009805	36.61990195				0	0	0	-752.8540509	0.0006131907233	-333177.467611844	
752.7740509	94	5	1	0.9701115853	0.0006129508226	87.75522028	12.24355461	0.001225112452	69.73387467	30.09649426	0.1696310676	0	63.38009805	36.61990195				0	0	0	-752.7740509	0.0006129508226	-333766.358968153	
752.6940509	94	5	1	0.9701298581	0.0006127113453	87.74794496	12.25083354	0.001221501465	69.72353224	30.10710033	0.1693674322	0	63.38009805	36.61990195				0	0	0	-752.6940509	0.0006127113453	-334356.426669637	
752.6140509	94	5	1	0.9701481122	0.0006124722906	87.74066686	12.25811524	0.001217901023	69.71319095	30.11770483	0.1691042171	0	63.38009805	36.61990195				0	0	0	-752.6140509	0.0006124722906	-334947.673631202	
752.5340509	94	5	1	0.9701663476	0.000612233658	87.73338597	12.26539972	0.001214311095	69.7028508	30.12830778	0.1688414215	0	63.38009805	36.61990195				0	0	0	-752.5340509	0.000612233658	-335540.09979653	
752.4540509	94	5	1	0.9701845642	0.0006119954467	87.7261023	12.27268697	0.001210731651	69.69251179	30.13890917	0.1685790447	0	63.38009805	36.61990195				0	0	0	-752.4540509	0.0006119954467	-336133.708072594	
752.3740509	94	5	1	0.9702027622	0.0006117576562	87.71881584	12.279977	0.001207162659	69.68217391	30.14950901	0.1683170858	0	63.38009805	36.61990195				0	0	0	-752.3740509	0.0006117576562	-336728.569490659	
752.2940509	94	5	1	0.9702209416	0.0006115202858	87.71152659	12.28726981	0.001203604088	69.67183716	30.16010729	0.1680555443	0	63.38009805	36.61990195				0	0	0	-752.2940509	0.0006115202858	-337324.544465719	
752.2140509	94	5	1	0.9702391024	0.0006112833348	87.70423454	12.29456541	0.001200055907	69.66150155	30.17070403	0.1677944193	0	63.38009805	36.61990195				0	0	0	-752.2140509	0.0006112833348	-337921.705255729	
752.1340509	94	5	1	0.9702572446	0.0006110468026	87.69693969	12.30186379	0.001196518087	69.65116707	30.18129922	0.16753371	0	63.38009805	36.61990195				0	0	0	-752.1340509	0.0006110468026	-338520.124613402	
752.0540509	94	5	1	0.9702753684	0.0006108106886	87.68964204	12.30916497	0.001192990595	69.64083373	30.19189286	0.1672734157	0	63.38009805	36.61990195				0	0	0	-752.0540509	0.0006108106886	-339119.732539914	
751.9740509	94	5	1	0.9702934736	0.0006105749921	87.68234158	12.31646894	0.001189473402	69.63050151	30.20248495	0.1670135357	0	63.38009805	36.61990195				0	0	0	-751.9740509	0.0006105749921	-339720.53090545	
751.8940509	94	5	1	0.9703115603	0.0006103397125	87.67503832	12.32377572	0.001185966477	69.62017042	30.21307551	0.1667540693	0	63.38009805	36.61990195				0	0	0	-751.8940509	0.0006103397125	-340322.593197792	
751.8140509	94	5	1	0.9703296286	0.0006101048492	87.66773224	12.33108529	0.00118246979	69.60984046	30.22366452	0.1664950156	0	63.38009805	36.61990195				0	0	0	-751.8140509	0.0006101048492	-340925.848628691	
751.7340509	94	5	1	0.9703476786	0.0006098704015	87.66042335	12.33839766	0.00117898331	69.59951163	30.23425199	0.1662363739	0	63.38009805	36.61990195				0	0	0	-751.7340509	0.0006098704015	-341530.37220758	
751.6540509	94	5	1	0.9703657102	0.0006096363689	87.65311165	12.34571285	0.001175507007	69.58918393	30.24483793	0.1659781436	0	63.38009805	36.61990195				0	0	0	-751.6540509	0.0006096363689	-342136.091584723	
751.5740509	94	5	1	0.9703837234	0.0006094027506	87.64579712	12.35303084	0.001172040852	69.57885735	30.25542233	0.1657203238	0	63.38009805	36.61990195				0	0	0	-751.5740509	0.0006094027506	-342743.009629725	
751.4940509	94	5	1	0.9704017184	0.0006091695461	87.63847977	12.36035165	0.001168584814	69.56853189	30.2660052	0.1654629139	0	63.38009805	36.61990195				0	0	0	-751.4940509	0.0006091695461	-343351.273976758	
751.4140509	94	5	1	0.9704196951	0.0006089367548	87.63115959	12.36767527	0.001165138863	69.55820756	30.27658653	0.1652059131	0	63.38009805	36.61990195				0	0	0	-751.4140509	0.0006089367548	-343960.739602917	
751.3340509	94	5	1	0.9704376536	0.000608704376	87.62383658	12.37500172	0.001161702969	69.54788435	30.28716633	0.1649493206	0	63.38009805	36.61990195				0	0	0	-751.3340509	0.000608704376	-344571.40832196	
751.2540509	94	5	1	0.9704555939	0.0006084724091	87.61651074	12.38233099	0.001158277104	69.53756226	30.29774461	0.1646931357	0	63.38009805	36.61990195				0	0	0	-751.2540509	0.0006084724091	-345183.355623034	
751.1740509	94	5	1	0.970473516	0.0006082408535	87.60918206	12.38966308	0.001154861236	69.52724129	30.30832136	0.1644373578	0	63.38009805	36.61990195				0	0	0	-751.1740509	0.0006082408535	-345796.583569176	
751.0940509	94	5	1	0.97049142	0.0006080097086	87.60185054	12.396998	0.001151455338	69.51692143	30.31889658	0.164181986	0	63.38009805	36.61990195				0	0	0	-751.0940509	0.0006080097086	-346411.09421726	
751.0140509	94	5	1	0.9705093059	0.0006077789738	87.59451618	12.40433576	0.001148059378	69.5066027	30.32947028	0.1639270197	0	63.38009805	36.61990195				0	0	0	-751.0140509	0.0006077789738	-347026.814085853	
750.9340509	94	5	1	0.9705271738	0.0006075486484	87.58717898	12.41167635	0.001144673328	69.49628508	30.34004246	0.1636724581	0	63.38009805	36.61990195				0	0	0	-750.9340509	0.0006075486484	-347643.820755644	
750.8540509	94	5	1	0.9705450236	0.0006073187319	87.57983893	12.41901978	0.001141297159	69.48596858	30.35061312	0.1634183005	0	63.38009805	36.61990195				0	0	0	-750.8540509	0.0006073187319	-348262.191265987	
750.7740509	94	5	1	0.9705628554	0.0006070892237	87.57249602	12.42636605	0.001137930841	69.47565319	30.36118226	0.1631645462	0	63.38009805	36.61990195				0	0	0	-750.7740509	0.0006070892237	-348881.776308752	
750.6940509	94	5	1	0.9705806693	0.0006068601231	87.56515026	12.43371517	0.001134574346	69.46533892	30.37174989	0.1629111945	0	63.38009805	36.61990195				0	0	0	-750.6940509	0.0006068601231	-349502.57764058	
750.6140509	94	5	1	0.9705984652	0.0006066314295	87.55780164	12.44106713	0.001131227644	69.45502576	30.382316	0.1626582446	0	63.38009805	36.61990195				0	0	0	-750.6140509	0.0006066314295	-350124.826593681	
750.5340509	94	5	1	0.9706162433	0.0006064031425	87.55045016	12.44842195	0.001127890706	69.4447137	30.3928806	0.1624056958	0	63.38009805	36.61990195				0	0	0	-750.5340509	0.0006064031425	-350748.294238305	
750.4540509	94	5	1	0.9706340034	0.0006061752612	87.54309582	12.45577962	0.001124563504	69.43440276	30.40344369	0.1621535474	0	63.38009805	36.61990195				0	0	0	-750.4540509	0.0006061752612	-351373.061933375	
750.3740509	94	5	1	0.9706517458	0.0006059477853	87.53573861	12.46314014	0.001121246009	69.42409293	30.41400527	0.1619017987	0	63.38009805	36.61990195				0	0	0	-750.3740509	0.0006059477853	-351999.206107891	
750.2940509	94	5	1	0.9706694703	0.000605720714	87.52837853	12.47050353	0.001117938192	69.41378421	30.42456534	0.1616504491	0	63.38009805	36.61990195				0	0	0	-750.2940509	0.000605720714	-352626.498360696	
750.2140509	94	5	1	0.9706871771	0.0006054940467	87.52101557	12.47786978	0.001114640026	69.40347659	30.43512391	0.1613994976	0	63.38009805	36.61990195				0	0	0	-750.2140509	0.0006054940467	-353255.250999654	
750.1340509	94	5	1	0.9707048661	0.000605267783	87.51364974	12.4852389	0.00111135148	69.39317008	30.44568097	0.1611489438	0	63.38009805	36.61990195				0	0	0	-750.1340509	0.000605267783	-353885.388016074	
750.0540509	94	5	1	0.9707225374	0.0006050419222	87.50628103	12.49261089	0.001108072527	69.38286468	30.45623654	0.1608987868	0	63.38009805	36.61990195				0	0	0	-750.0540509	0.0006050419222	-354516.75623615	
749.9740509	94	5	1	0.970740191	0.0006048164637	87.49890944	12.49998576	0.001104803139	69.37256038	30.4667906	0.160649026	0	63.38009805	36.61990195				0	0	0	-749.9740509	0.0006048164637	-355149.435347476	
749.8940509	94	5	1	0.970757827	0.0006045914069	87.49153496	12.5073635	0.001101543287	69.36225718	30.47734316	0.1603996606	0	63.38009805	36.61990195				0	0	0	-749.8940509	0.0006045914069	-355783.506713231	
749.8140509	94	5	1	0.9707754454	0.0006043667513	87.48415759	12.51474412	0.001098292944	69.35195508	30.48789423	0.1601506899	0	63.38009805	36.61990195				0	0	0	-749.8140509	0.0006043667513	-356418.892897362	
749.7340509	94	5	1	0.9707930463	0.0006041424962	87.47677733	12.52212762	0.001095052081	69.34165408	30.4984438	0.1599021133	0	63.38009805	36.61990195				0	0	0	-749.7340509	0.0006041424962	-357055.596986487	
749.6540509	94	5	1	0.9708106295	0.0006039186411	87.46939417	12.52951401	0.001091820671	69.33135419	30.50899188	0.1596539301	0	63.38009805	36.61990195				0	0	0	-749.6540509	0.0006039186411	-357693.780295945	
749.5740509	94	5	1	0.9708281953	0.0006036951855	87.46200811	12.53690329	0.001088598685	69.32105539	30.51953847	0.1594061395	0	63.38009805	36.61990195				0	0	0	-749.5740509	0.0006036951855	-358333.285405554	
749.4940509	94	5	1	0.9708457435	0.0006034721287	87.45461916	12.54429546	0.001085386095	69.31075769	30.53008357	0.1591587408	0	63.38009805	36.61990195				0	0	0	-749.4940509	0.0006034721287	-358974.11540092	
749.4140509	94	5	1	0.9708632743	0.0006032494702	87.44722729	12.55169052	0.001082182875	69.30046108	30.54062718	0.1589117334	0	63.38009805	36.61990195				0	0	0	-749.4140509	0.0006032494702	-359616.271065593	
749.3340509	94	5	1	0.9708807877	0.0006030272093	87.43983252	12.55908849	0.001078988996	69.29016557	30.55116931	0.1586651166	0	63.38009805	36.61990195				0	0	0	-749.3340509	0.0006030272093	-360259.83688439	
749.2540509	94	5	1	0.9708982837	0.0006028053456	87.43243484	12.56648936	0.001075804431	69.27987116	30.56170995	0.1584188897	0	63.38009805	36.61990195				0	0	0	-749.2540509	0.0006028053456	-360904.895609104	
749.1740509	94	5	1	0.9709157624	0.0006025838785	87.42503424	12.57389313	0.001072629153	69.26957783	30.57224911	0.1581730519	0	63.38009805	36.61990195				0	0	0	-749.1740509	0.0006025838785	-361551.288082038	
749.0940509	94	5	1	0.9709332237	0.0006023628074	87.41763073	12.58129981	0.001069463134	69.2592856	30.58278679	0.1579276026	0	63.38009805	36.61990195				0	0	0	-749.0940509	0.0006023628074	-362199.016213938	
749.0140509	94	5	1	0.9709506677	0.0006021421317	87.41022429	12.5887094	0.001066306347	69.24899446	30.59332299	0.1576825411	0	63.38009805	36.61990195				0	0	0	-749.0140509	0.0006021421317	-362848.164490495	
748.9340509	94	5	1	0.9709680944	0.0006019218509	87.40281493	12.59612191	0.001063158765	69.23870441	30.60385772	0.1574378667	0	63.38009805	36.61990195				0	0	0	-748.9340509	0.0006019218509	-363498.735104346	
748.8540509	94	5	1	0.9709855039	0.0006017019644	87.39540264	12.60353733	0.00106002036	69.22841545	30.61439097	0.1571935788	0	63.38009805	36.61990195				0	0	0	-748.8540509	0.0006017019644	-364150.731425166	
748.7740509	94	5	1	0.9710028962	0.0006014824717	87.38798743	12.61095568	0.001056891106	69.21812758	30.62492274	0.1569496766	0	63.38009805	36.61990195				0	0	0	-748.7740509	0.0006014824717	-364804.155638923	
748.6940509	94	5	1	0.9710202713	0.0006012633722	87.38056928	12.61837695	0.001053770976	69.20784079	30.63545305	0.1567061595	0	63.38009805	36.61990195				0	0	0	-748.6940509	0.0006012633722	-365458.927342702	
748.6140509	94	5	1	0.9710376293	0.0006010446653	87.37314819	12.62580115	0.001050659942	69.19755509	30.64598188	0.1564630268	0	63.38009805	36.61990195				0	0	0	-748.6140509	0.0006010446653	-366115.132487246	
748.5340509	94	5	1	0.9710549702	0.0006008263505	87.36572416	12.63322828	0.001047557979	69.18727048	30.65650925	0.1562202778	0	63.38009805	36.61990195				0	0	0	-748.5340509	0.0006008263505	-366772.857621087	
748.4540509	94	5	1	0.9710722939	0.0006006084273	87.35829719	12.64065834	0.001044465059	69.17698694	30.66703514	0.1559779118	0	63.38009805	36.61990195				0	0	0	-748.4540509	0.0006006084273	-367432.021736483	
748.3740509	94	5	1	0.9710896007	0.0006003908951	87.35086727	12.64809134	0.001041381156	69.16670449	30.67755958	0.1557359282	0	63.38009805	36.61990195				0	0	0	-748.3740509	0.0006003908951	-368092.543221864	
748.2940509	94	5	1	0.9711068904	0.0006001737533	87.34343441	12.65552729	0.001038306244	69.15642312	30.68808255	0.1554943263	0	63.38009805	36.61990195				0	0	0	-748.2940509	0.0006001737533	-368754.594516598	
748.2140509	94	5	1	0.9711241631	0.0005999570015	87.33599859	12.66296617	0.001035240295	69.14614283	30.69860406	0.1552531053	0	63.38009805	36.61990195				0	0	0	-748.2140509	0.0005999570015	-369418.092480062	
748.1340509	94	5	1	0.9711414188	0.000599740639	87.32855981	12.670408	0.001032183284	69.13586362	30.70912411	0.1550122648	0	63.38009805	36.61990195				0	0	0	-748.1340509	0.000599740639	-370082.955804326	
748.0540509	94	5	1	0.9711586576	0.0005995246653	87.32111808	12.67785278	0.001029135184	69.12558549	30.7196427	0.1547718039	0	63.38009805	36.61990195				0	0	0	-748.0540509	0.0005995246653	-370749.443751966	
747.9740509	94	5	1	0.9711758795	0.00059930908	87.31367338	12.68530052	0.001026095969	69.11530844	30.73015984	0.1545317219	0	63.38009805	36.61990195				0	0	0	-747.9740509	0.00059930908	-371417.300729552	
747.8940509	94	5	1	0.9711930846	0.0005990938823	87.30622572	12.69275121	0.001023065613	69.10503246	30.74067552	0.1542920184	0	63.38009805	36.61990195				0	0	0	-747.8940509	0.0005990938823	-372086.61788561	
747.8140509	94	5	1	0.9712102727	0.0005988790719	87.29877509	12.70020486	0.001020044089	69.09475755	30.75118976	0.1540526925	0	63.38009805	36.61990195				0	0	0	-747.8140509	0.0005988790719	-372757.569174695	
747.7340509	94	5	1	0.9712274441	0.0005986646482	87.29132149	12.70766148	0.001017031373	69.08448372	30.76170254	0.1538137436	0	63.38009805	36.61990195				0	0	0	-747.7340509	0.0005986646482	-373429.898691774	
747.6540509	94	5	1	0.9712445987	0.0005984506106	87.28386491	12.71512106	0.001014027438	69.07421096	30.77221387	0.153575171	0	63.38009805	36.61990195				0	0	0	-747.6540509	0.0005984506106	-374103.783822313	
747.5740509	94	5	1	0.9712617366	0.0005982369587	87.27640536	12.72258361	0.001011032258	69.06393928	30.78272375	0.1533369742	0	63.38009805	36.61990195				0	0	0	-747.5740509	0.0005982369587	-374779.138900172	
747.4940509	94	5	1	0.9712788577	0.0005980236918	87.26894282	12.73004913	0.001008045808	69.05366866	30.79323219	0.1530991523	0	63.38009805	36.61990195				0	0	0	-747.4940509	0.0005980236918	-375455.968573101	
747.4140509	94	5	1	0.9712959621	0.0005978108095	87.2614773	12.73751763	0.001005068062	69.04339911	30.80373918	0.1528617048	0	63.38009805	36.61990195				0	0	0	-747.4140509	0.0005978108095	-376134.362427292	
747.3340509	94	5	1	0.9713130498	0.0005975983112	87.25400879	12.74498911	0.001002098993	69.03313063	30.81424474	0.1526246311	0	63.38009805	36.61990195				0	0	0	-747.3340509	0.0005975983112	-376814.325441204	
747.2540509	94	5	1	0.971330121	0.0005973861965	87.24653729	12.75246357	0.0009991385783	69.02286322	30.82474885	0.1523879303	0	63.38009805	36.61990195				0	0	0	-747.2540509	0.0005973861965	-377495.770658191	
747.1740509	94	5	1	0.9713471755	0.0005971744647	87.23906279	12.75994102	0.0009961867905	69.01259687	30.83525152	0.152151602	0	63.38009805	36.61990195				0	0	0	-747.1740509	0.0005971744647	-378178.702751981	
747.0940509	94	5	1	0.9713642134	0.0005969631154	87.2315853	12.76742146	0.0009932436048	69.00233159	30.84575276	0.1519156454	0	63.38009805	36.61990195				0	0	0	-747.0940509	0.0005969631154	-378863.212564343	
747.0140509	94	5	1	0.9713812348	0.000596752148	87.22410481	12.77490488	0.000990308996	68.99206738	30.85625256	0.15168006	0	63.38009805	36.61990195				0	0	0	-747.0140509	0.000596752148	-379549.305106365	
746.9340509	94	5	1	0.9713982397	0.0005965415621	87.21662131	12.78239131	0.0009873829388	68.98180422	30.86675093	0.1514448449	0	63.38009805	36.61990195				0	0	0	-746.9340509	0.0005965415621	-380236.982796572	
746.8540509	94	5	1	0.971415228	0.0005963313571	87.2091348	12.78988073	0.0009844654083	68.97154213	30.87724787	0.1512099997	0	63.38009805	36.61990195				0	0	0	-746.8540509	0.0005963313571	-380926.159644547	
746.7740509	94	5	1	0.9714322	0.0005961215325	87.20164529	12.79737316	0.0009815563793	68.9612811	30.88774338	0.1509755236	0	63.38009805	36.61990195				0	0	0	-746.7740509	0.0005961215325	-381616.929085432	
746.6940509	94	5	1	0.9714491554	0.0005959120878	87.19415276	12.80486859	0.0009786558269	68.95102113	30.89823746	0.150741416	0	63.38009805	36.61990195				0	0	0	-746.6940509	0.0005959120878	-382309.294846917	
746.6140509	94	5	1	0.9714660945	0.0005957030225	87.18665721	12.81236702	0.0009757637262	68.94076221	30.90873011	0.1505076763	0	63.38009805	36.61990195				0	0	0	-746.6140509	0.0005957030225	-383003.260661167	
746.5340509	94	5	1	0.9714830172	0.0005954943361	87.17915864	12.81986848	0.0009728800524	68.93050436	30.91922134	0.1502743038	0	63.38009805	36.61990195				0	0	0	-746.5340509	0.0005954943361	-383698.737915496	
746.4540509	94	5	1	0.9714999236	0.000595286028	87.17165705	12.82737294	0.0009700047809	68.92024756	30.92971115	0.1500412978	0	63.38009805	36.61990195				0	0	0	-746.4540509	0.000595286028	-384395.822697509	
746.3740509	94	5	1	0.9715168136	0.0005950780978	87.16415244	12.83488042	0.000967137887	68.90999181	30.94019953	0.1498086578	0	63.38009805	36.61990195				0	0	0	-746.3740509	0.0005950780978	-385094.610433031	
746.2940509	94	5	1	0.9715336874	0.000594870545	87.15664479	12.84239093	0.000964279346	68.89973712	30.9506865	0.1495763831	0	63.38009805	36.61990195				0	0	0	-746.2940509	0.000594870545	-385794.919826911	
746.2140509	94	5	1	0.9715505449	0.000594663369	87.14913411	12.84990446	0.0009614291335	68.88948348	30.96117204	0.1493444731	0	63.38009805	36.61990195				0	0	0	-746.2140509	0.000594663369	-386496.847991164	
746.1340509	94	5	1	0.9715673861	0.0005944565694	87.14162039	12.85742102	0.0009585872252	68.8792309	30.97165618	0.149112927	0	63.38009805	36.61990195				0	0	0	-746.1340509	0.0005944565694	-387200.397323785	
746.0540509	94	5	1	0.9715842112	0.0005942501456	87.13410364	12.86494061	0.0009557535965	68.86897936	30.98213889	0.1488817444	0	63.38009805	36.61990195				0	0	0	-746.0540509	0.0005942501456	-387905.572941217	
745.9740509	94	5	1	0.9716010201	0.0005940440972	87.12658384	12.87246324	0.0009529282233	68.85872888	30.9926202	0.1486509245	0	63.38009805	36.61990195				0	0	0	-745.9740509	0.0005940440972	-388612.471967045	
745.8940509	94	5	1	0.9716178128	0.0005938384237	87.11906099	12.8799889	0.0009501110813	68.84847944	31.00310009	0.1484204667	0	63.38009805	36.61990195				0	0	0	-745.8940509	0.0005938384237	-389320.909730934	
745.8140509	94	5	1	0.9716345894	0.0005936331245	87.11153509	12.8875176	0.0009473021465	68.83823105	31.01357858	0.1481903705	0	63.38009805	36.61990195				0	0	0	-745.8140509	0.0005936331245	-390031.080503649	
745.7340509	94	5	1	0.97165135	0.0005934281993	87.10400615	12.89504935	0.0009445013948	68.82798371	31.02405566	0.1479606351	0	63.38009805	36.61990195				0	0	0	-745.7340509	0.0005934281993	-390742.891249064	
745.6540509	94	5	1	0.9716680944	0.0005932236474	87.09647414	12.90258415	0.0009417088021	68.81773741	31.03453133	0.1477312599	0	63.38009805	36.61990195				0	0	0	-745.6540509	0.0005932236474	-391456.348524936	
745.5740509	94	5	1	0.9716848229	0.0005930194685	87.08893908	12.910122	0.0009389243446	68.80749216	31.0450056	0.1475022443	0	63.38009805	36.61990195				0	0	0	-745.5740509	0.0005930194685	-392171.453321597	
745.4940509	94	5	1	0.9717015353	0.0005928156619	87.08140095	12.9176629	0.0009361479985	68.79724795	31.05547847	0.1472735877	0	63.38009805	36.61990195				0	0	0	-745.4940509	0.0005928156619	-392888.212226999	
745.4140509	94	5	1	0.9717182318	0.0005926122273	87.07385976	12.92520686	0.0009333797399	68.78700478	31.06594993	0.1470452895	0	63.38009805	36.61990195				0	0	0	-745.4140509	0.0005926122273	-393606.723399371	
745.3340509	94	5	1	0.9717349123	0.0005924091641	87.0663155	12.93275388	0.0009306195453	68.77676265	31.07642	0.146817349	0	63.38009805	36.61990195				0	0	0	-745.3340509	0.0005924091641	-394326.993812654	
745.2540509	94	5	1	0.9717515768	0.000592206472	87.05876816	12.94030397	0.0009278673909	68.76652156	31.08688867	0.1465897656	0	63.38009805	36.61990195				0	0	0	-745.2540509	0.000592206472	-395048.928310561	
745.1740509	94	5	1	0.9717682255	0.0005920041503	87.05121775	12.94785713	0.0009251232532	68.75628152	31.09735595	0.1463625387	0	63.38009805	36.61990195				0	0	0	-745.1740509	0.0005920041503	-395772.435293702	
745.0940509	94	5	1	0.9717848584	0.0005918021986	87.04366426	12.95541335	0.0009223871088	68.7460425	31.10782183	0.1461356677	0	63.38009805	36.61990195				0	0	0	-745.0940509	0.0005918021986	-396497.712581378	
745.0140509	94	5	1	0.9718014753	0.0005916006164	87.03610769	12.96297265	0.0009196589342	68.73580453	31.11828632	0.145909152	0	63.38009805	36.61990195				0	0	0	-745.0140509	0.0005916006164	-397224.765783444	
744.9340509	94	5	1	0.9718180765	0.0005913994033	87.02854803	12.97053503	0.0009169387061	68.72556759	31.12874942	0.1456829909	0	63.38009805	36.61990195				0	0	0	-744.9340509	0.0005913994033	-397953.599081503	
744.8540509	94	5	1	0.9718346619	0.0005911985588	87.02098529	12.97810049	0.0009142264013	68.71533169	31.13921113	0.1454571838	0	63.38009805	36.61990195				0	0	0	-744.8540509	0.0005911985588	-398684.118406169	
744.7740509	94	5	1	0.9718512315	0.0005909980824	87.01341945	12.98566903	0.0009115219964	68.70509682	31.14967145	0.1452317301	0	63.38009805	36.61990195				0	0	0	-744.7740509	0.0005909980824	-399416.427663982	
744.6940509	94	5	1	0.9718677854	0.0005907979737	87.00585051	12.99324066	0.0009088254686	68.69486298	31.16013039	0.1450066292	0	63.38009805	36.61990195				0	0	0	-744.6940509	0.0005907979737	-400150.430615828	
744.6140509	94	5	1	0.9718843236	0.0005905982321	86.99827848	13.00081538	0.0009061367946	68.68463017	31.17058795	0.1447818806	0	63.38009805	36.61990195				0	0	0	-744.6140509	0.0005905982321	-400886.132570244	
744.5340509	94	5	1	0.9719008461	0.0005903988572	86.99070334	13.0083932	0.0009034559514	68.67439839	31.18104413	0.1445574835	0	63.38009805	36.61990195				0	0	0	-744.5340509	0.0005903988572	-401623.738266848	
744.4540509	94	5	1	0.971917353	0.0005901998486	86.9831251	13.01597412	0.0009007829163	68.66416764	31.19149892	0.1443334374	0	63.38009805	36.61990195				0	0	0	-744.4540509	0.0005901998486	-402363.050665904	
744.3740509	94	5	1	0.9719338442	0.0005900012057	86.97554375	13.02355813	0.0008981176662	68.65393792	31.20195234	0.1441097416	0	63.38009805	36.61990195				0	0	0	-744.3740509	0.0005900012057	-403104.07511266	
744.2940509	94	5	1	0.9719503199	0.0005898029281	86.96795929	13.03114525	0.0008954601785	68.64370922	31.21240438	0.1438863956	0	63.38009805	36.61990195				0	0	0	-744.2940509	0.0005898029281	-403847.018592799	
744.2140509	94	5	1	0.97196678	0.0005896050154	86.96037171	13.03873548	0.0008928104305	68.63348156	31.22285505	0.1436633988	0	63.38009805	36.61990195				0	0	0	-744.2140509	0.0005896050154	-404591.784540792	
744.1340509	94	5	1	0.9719832246	0.0005894074671	86.95278102	13.04632882	0.0008901683994	68.62325491	31.23330434	0.1434407505	0	63.38009805	36.61990195				0	0	0	-744.1340509	0.0005894074671	-405338.275653348	
744.0540509	94	5	1	0.9719996536	0.0005892102827	86.9451872	13.05392527	0.0008875340628	68.61302929	31.24375226	0.1432184501	0	63.38009805	36.61990195				0	0	0	-744.0540509	0.0005892102827	-406086.599260113	
743.9740509	94	5	1	0.9720160671	0.0005890134618	86.93759025	13.06152484	0.0008849073981	68.60280469	31.25419881	0.1429964971	0	63.38009805	36.61990195				0	0	0	-743.9740509	0.0005890134618	-406836.759629505	
743.8940509	94	5	1	0.9720324652	0.0005888170039	86.92999018	13.06912753	0.0008822883829	68.59258111	31.264644	0.1427748909	0	63.38009805	36.61990195				0	0	0	-743.8940509	0.0005888170039	-407588.658351203	
743.8140509	94	5	1	0.9720488479	0.0005886209085	86.92238697	13.07673335	0.0008796769948	68.58235855	31.27508782	0.1425536308	0	63.38009805	36.61990195				0	0	0	-743.8140509	0.0005886209085	-408342.508524287	
743.7340509	94	5	1	0.9720652152	0.0005884251753	86.91478063	13.08434229	0.0008770732115	68.57213701	31.28553027	0.1423327163	0	63.38009805	36.61990195				0	0	0	-743.7340509	0.0005884251753	-409098.314828324	
743.6540509	94	5	1	0.972081567	0.0005882298038	86.90717115	13.09195437	0.0008744770109	68.56191649	31.29597136	0.1421121467	0	63.38009805	36.61990195				0	0	0	-743.6540509	0.0005882298038	-409855.768915881	
743.5740509	94	5	1	0.9720979036	0.0005880347934	86.89955853	13.09956958	0.0008718883706	68.55169699	31.30641109	0.1418919215	0	63.38009805	36.61990195				0	0	0	-743.5740509	0.0005880347934	-410615.191623592	
743.4940509	94	5	1	0.9721142248	0.0005878401439	86.89194277	13.10718793	0.0008693072687	68.5414785	31.31684946	0.1416720401	0	63.38009805	36.61990195				0	0	0	-743.4940509	0.0005878401439	-411376.479943735	
743.4140509	94	5	1	0.9721305307	0.0005876458546	86.88432385	13.11480942	0.0008667336831	68.53126102	31.32728648	0.1414525018	0	63.38009805	36.61990195				0	0	0	-743.4140509	0.0005876458546	-412139.536343966	
743.3340509	94	5	1	0.9721468213	0.0005874519252	86.87670178	13.12243405	0.0008641675918	68.52104456	31.33772213	0.1412333061	0	63.38009805	36.61990195				0	0	0	-743.3340509	0.0005874519252	-412904.682477795	
743.2540509	94	5	1	0.9721630967	0.0005872583553	86.86907656	13.13006183	0.000861608973	68.51082911	31.34815644	0.1410144525	0	63.38009805	36.61990195				0	0	0	-743.2540509	0.0005872583553	-413671.604593032	
743.1740509	94	5	1	0.9721793568	0.0005870651443	86.86144818	13.13769277	0.0008590578047	68.50061467	31.35858939	0.1407959402	0	63.38009805	36.61990195				0	0	0	-743.1740509	0.0005870651443	-414440.415983444	
743.0940509	94	5	1	0.9721956018	0.0005868722919	86.85381663	13.14532685	0.0008565140653	68.49040124	31.36902099	0.1405777688	0	63.38009805	36.61990195				0	0	0	-743.0940509	0.0005868722919	-415211.335722394	
743.0140509	94	5	1	0.9722118316	0.0005866797977	86.84618192	13.1529641	0.000853977733	68.48018882	31.37945124	0.1403599376	0	63.38009805	36.61990195				0	0	0	-743.0140509	0.0005866797977	-415983.937973654	
742.9340509	94	5	1	0.9722280462	0.000586487661	86.83854404	13.16060451	0.0008514487862	68.46997741	31.38988014	0.140142446	0	63.38009805	36.61990195				0	0	0	-742.9340509	0.000586487661	-416758.554797962	
742.8540509	94	5	1	0.9722442458	0.0005862958817	86.83090299	13.16824808	0.0008489272034	68.45976701	31.4003077	0.1399252936	0	63.38009805	36.61990195				0	0	0	-742.8540509	0.0005862958817	-417535.187766459	
742.7740509	94	5	1	0.9722604302	0.0005861044591	86.82325876	13.17589482	0.000846412963	68.44955761	31.41073391	0.1397084796	0	63.38009805	36.61990195				0	0	0	-742.7740509	0.0005861044591	-418313.628623468	
742.6940509	94	5	1	0.9722765996	0.0005859133929	86.81561136	13.18354474	0.0008439060435	68.43934921	31.42115878	0.1394920035	0	63.38009805	36.61990195				0	0	0	-742.6940509	0.0005859133929	-419094.208673097	
742.6140509	94	5	1	0.972292754	0.0005857226827	86.80796077	13.19119783	0.0008414064236	68.42914182	31.43158232	0.1392758648	0	63.38009805	36.61990195				0	0	0	-742.6140509	0.0005857226827	-419876.71523699	
742.5340509	94	5	1	0.9723088933	0.000585532328	86.80030699	13.19885409	0.0008389140821	68.41893543	31.44200451	0.1390600628	0	63.38009805	36.61990195				0	0	0	-742.5340509	0.000585532328	-420661.043384501	
742.4540509	94	5	1	0.9723250176	0.0005853423283	86.79265003	13.20651354	0.0008364289975	68.40873004	31.45242536	0.1388445969	0	63.38009805	36.61990195				0	0	0	-742.4540509	0.0005853423283	-421447.531422648	
742.3740509	94	5	1	0.972341127	0.0005851526834	86.78498987	13.21417618	0.0008339511489	68.39852565	31.46284488	0.1386294667	0	63.38009805	36.61990195				0	0	0	-742.3740509	0.0005851526834	-422235.960952658	
742.2940509	94	5	1	0.9723572215	0.0005849633926	86.77732652	13.221842	0.0008314805149	68.38832226	31.47326307	0.1384146715	0	63.38009805	36.61990195				0	0	0	-742.2940509	0.0005849633926	-423026.341431981	
742.2140509	94	5	1	0.972373301	0.0005847744557	86.76965997	13.22951101	0.0008290170747	68.37811987	31.48367992	0.1382002107	0	63.38009805	36.61990195				0	0	0	-742.2140509	0.0005847744557	-423818.786680451	
742.1340509	94	5	1	0.9723893656	0.0005845858721	86.76199021	13.23718323	0.0008265608071	68.36791847	31.49409544	0.1379860839	0	63.38009805	36.61990195				0	0	0	-742.1340509	0.0005845858721	-424613.193534348	
742.0540509	94	5	1	0.9724054154	0.0005843976415	86.75431725	13.24485864	0.0008241116913	68.35771807	31.50450964	0.1377722903	0	63.38009805	36.61990195				0	0	0	-742.0540509	0.0005843976415	-425409.791872521	
741.9740509	94	5	1	0.9724214504	0.0005842097635	86.74664108	13.25253725	0.0008216697063	68.34751867	31.5149225	0.1375588294	0	63.38009805	36.61990195				0	0	0	-741.9740509	0.0005842097635	-426208.362524097	
741.8940509	94	5	1	0.9724374705	0.0005840222376	86.7389617	13.26021907	0.0008192348315	68.33732026	31.52533404	0.1373457008	0	63.38009805	36.61990195				0	0	0	-741.8940509	0.0005840222376	-427008.911716298	
741.8140509	94	5	1	0.9724534759	0.0005838350634	86.7312791	13.26790409	0.000816807046	68.32712284	31.53574426	0.1371329037	0	63.38009805	36.61990195				0	0	0	-741.8140509	0.0005838350634	-427811.558802235	
741.7340509	94	5	1	0.9724694665	0.0005836482405	86.72359328	13.27559233	0.0008143863291	68.31692641	31.54615316	0.1369204376	0	63.38009805	36.61990195				0	0	0	-741.7340509	0.0005836482405	-428616.310473956	
741.6540509	94	5	1	0.9724854424	0.0005834617685	86.71590424	13.28328379	0.0008119726603	68.30673097	31.55656073	0.136708302	0	63.38009805	36.61990195				0	0	0	-741.6540509	0.0005834617685	-429423.173446917	
741.5740509	94	5	1	0.9725014036	0.000583275647	86.70821197	13.29097847	0.0008095660189	68.29653651	31.56696699	0.1364964964	0	63.38009805	36.61990195				0	0	0	-741.5740509	0.000583275647	-430232.038336267	
741.4940509	94	5	1	0.9725173501	0.0005830898755	86.70051647	13.29867636	0.0008071663846	68.28634305	31.57737193	0.13628502	0	63.38009805	36.61990195				0	0	0	-741.4940509	0.0005830898755	-431043.028026158	
741.4140509	94	5	1	0.9725332819	0.0005829044537	86.69281774	13.30637749	0.0008047737368	68.27615057	31.58777555	0.1360738724	0	63.38009805	36.61990195				0	0	0	-741.4140509	0.0005829044537	-431856.264552594	
741.3340509	94	5	1	0.9725491991	0.0005827193812	86.68511577	13.31408184	0.0008023880551	68.26595908	31.59817786	0.1358630531	0	63.38009805	36.61990195				0	0	0	-741.3340509	0.0005827193812	-432671.404583245	
741.2540509	94	5	1	0.9725651017	0.0005825346574	86.67741056	13.32178943	0.0008000093194	68.25576858	31.60857886	0.1356525614	0	63.38009805	36.61990195				0	0	0	-741.2540509	0.0005825346574	-433488.689837053	
741.1740509	94	5	1	0.9725809897	0.0005823502821	86.6697021	13.32950026	0.0007976375092	68.24557905	31.61897855	0.1354423968	0	63.38009805	36.61990195				0	0	0	-741.1740509	0.0005823502821	-434308.360290978	
741.0940509	94	5	1	0.9725968631	0.0005821662549	86.6619904	13.33721432	0.0007952726045	68.23539051	31.62937693	0.1352325587	0	63.38009805	36.61990195				0	0	0	-741.0940509	0.0005821662549	-435130.070917466	
741.0140509	94	5	1	0.972612722	0.0005819825753	86.65427545	13.34493163	0.0007929145851	68.22520295	31.63977401	0.1350230466	0	63.38009805	36.61990195				0	0	0	-741.0140509	0.0005819825753	-435953.708935429	
740.9340509	94	5	1	0.9726285664	0.0005817992428	86.64655725	13.35265219	0.000790563431	68.21501637	31.65016977	0.13481386	0	63.38009805	36.61990195				0	0	0	-740.9340509	0.0005817992428	-436779.757313231	
740.8540509	94	5	1	0.9726443964	0.0005816162573	86.63883579	13.360376	0.000788219122	68.20483076	31.66056424	0.1346049982	0	63.38009805	36.61990195				0	0	0	-740.8540509	0.0005816162573	-437607.981812132	
740.7740509	94	5	1	0.9726602118	0.0005814336181	86.63111106	13.36810306	0.0007858816384	68.19464614	31.6709574	0.1343964608	0	63.38009805	36.61990195				0	0	0	-740.7740509	0.0005814336181	-438438.274236806	
740.6940509	94	5	1	0.9726760128	0.000581251325	86.62338307	13.37583337	0.0007835509601	68.18446249	31.68134926	0.1341882471	0	63.38009805	36.61990195				0	0	0	-740.6940509	0.000581251325	-439270.998837825	
740.6140509	94	5	1	0.9726917995	0.0005810693776	86.61565182	13.38356695	0.0007812270674	68.17427981	31.69173983	0.1339803566	0	63.38009805	36.61990195				0	0	0	-740.6140509	0.0005810693776	-440105.681135627	
740.5340509	94	5	1	0.9727075717	0.0005808877753	86.60791729	13.3913038	0.0007789099405	68.16409811	31.7021291	0.1337727888	0	63.38009805	36.61990195				0	0	0	-740.5340509	0.0005808877753	-440942.693194225	
740.4540509	94	5	1	0.9727233296	0.000580706518	86.60017949	13.39904391	0.0007765995597	68.15391739	31.71251707	0.1335655432	0	63.38009805	36.61990195				0	0	0	-740.4540509	0.000580706518	-441782.038854819	
740.3740509	94	5	1	0.9727390731	0.0005805256051	86.59243841	13.40678729	0.0007742959052	68.14373763	31.72290375	0.1333586191	0	63.38009805	36.61990195				0	0	0	-740.3740509	0.0005805256051	-442623.36249653	
740.2940509	94	5	1	0.9727548023	0.0005803450362	86.58469405	13.41453395	0.0007719989577	68.13355885	31.73328914	0.133152016	0	63.38009805	36.61990195				0	0	0	-740.2940509	0.0005803450362	-443467.160111358	
740.2140509	94	5	1	0.9727705173	0.0005801648111	86.57694641	13.42228389	0.0007697086974	68.12338103	31.74367323	0.1329457335	0	63.38009805	36.61990195				0	0	0	-740.2140509	0.0005801648111	-444313.192072447	
740.1340509	94	5	1	0.9727862179	0.0005799849292	86.56919547	13.4300371	0.000767425105	68.11320419	31.75405604	0.1327397708	0	63.38009805	36.61990195				0	0	0	-740.1340509	0.0005799849292	-445161.469310034	
740.0540509	94	5	1	0.9728019043	0.0005798053903	86.56144124	13.43779361	0.0007651481609	68.10302831	31.76443757	0.1325341276	0	63.38009805	36.61990195				0	0	0	-740.0540509	0.0005798053903	-446011.995249952	
739.9740509	94	5	1	0.9728175766	0.0005796261938	86.55368372	13.4455534	0.0007628778459	68.09285339	31.7748178	0.1323288032	0	63.38009805	36.61990195				0	0	0	-739.9740509	0.0005796261938	-446864.906187314	
739.8940509	94	5	1	0.9728332346	0.0005794473396	86.5459229	13.45331648	0.0007606141407	68.08267945	31.78519676	0.1321237972	0	63.38009805	36.61990195				0	0	0	-739.8940509	0.0005794473396	-447720.080283716	
739.8140509	94	5	1	0.9728488784	0.000579268827	86.53815878	13.46108286	0.000758357026	68.07250646	31.79557443	0.1319191089	0	63.38009805	36.61990195				0	0	0	-739.8140509	0.000579268827	-448577.530556894	
739.7340509	94	5	1	0.9728645081	0.0005790906559	86.53039135	13.46885254	0.0007561064826	68.06233444	31.80595082	0.1317147379	0	63.38009805	36.61990195				0	0	0	-739.7340509	0.0005790906559	-449437.512008566	
739.6540509	94	5	1	0.9728801237	0.0005789128258	86.52262061	13.47662552	0.0007538624914	68.05216338	31.81632594	0.1315106835	0	63.38009805	36.61990195				0	0	0	-739.6540509	0.0005789128258	-450299.657088053	
739.5740509	94	5	1	0.9728957252	0.0005787353363	86.51484656	13.48440181	0.0007516250333	68.04199328	31.82669977	0.1313069454	0	63.38009805	36.61990195				0	0	0	-739.5740509	0.0005787353363	-451164.098439441	
739.4940509	94	5	1	0.9729113126	0.000578558187	86.5070692	13.49218141	0.0007493940893	68.03182414	31.83707234	0.1311035228	0	63.38009805	36.61990195				0	0	0	-739.4940509	0.000578558187	-452031.099849027	
739.4140509	94	5	1	0.972926886	0.0005783813777	86.49928851	13.49996432	0.0007471696405	68.02165596	31.84744363	0.1309004154	0	63.38009805	36.61990195				0	0	0	-739.4140509	0.0005783813777	-452900.412338865	
739.3340509	94	5	1	0.9729424453	0.0005782049078	86.4915045	13.50775055	0.0007449516679	68.01148873	31.85781365	0.1306976225	0	63.38009805	36.61990195				0	0	0	-739.3340509	0.0005782049078	-453772.047294387	
739.2540509	94	5	1	0.9729579907	0.0005780287771	86.48371716	13.5155401	0.0007427401527	68.00132246	31.86818239	0.1304951437	0	63.38009805	36.61990195				0	0	0	-739.2540509	0.0005780287771	-454646.137931452	
739.1740509	94	5	1	0.972973522	0.0005778529851	86.47592649	13.52333297	0.0007405350761	67.99115715	31.87854987	0.1302929784	0	63.38009805	36.61990195				0	0	0	-739.1740509	0.0005778529851	-455522.566040871	
739.0940509	94	5	1	0.9729890395	0.0005776775315	86.46813249	13.53112917	0.0007383364194	67.98099279	31.88891609	0.130091126	0	63.38009805	36.61990195				0	0	0	-739.0940509	0.0005776775315	-456401.46785646	
739.0140509	94	5	1	0.9730045429	0.0005775024159	86.46033516	13.5389287	0.0007361441639	67.97082938	31.89928103	0.1298895861	0	63.38009805	36.61990195				0	0	0	-739.0140509	0.0005775024159	-457282.853455165	
738.9340509	94	5	1	0.9730200325	0.000577327638	86.45253448	13.54673157	0.000733958291	67.96066692	31.90964472	0.1296883581	0	63.38009805	36.61990195				0	0	0	-738.9340509	0.000577327638	-458166.730944846	
738.8540509	94	5	1	0.9730355082	0.0005771531974	86.44473045	13.55453777	0.0007317787821	67.95050542	31.92000714	0.1294874415	0	63.38009805	36.61990195				0	0	0	-738.8540509	0.0005771531974	-459052.978275788	
738.7740509	94	5	1	0.97305097	0.0005769790937	86.43692308	13.56234731	0.0007296056188	67.94034486	31.93036831	0.1292868358	0	63.38009805	36.61990195				0	0	0	-738.7740509	0.0005769790937	-459941.735841489	
738.6940509	94	5	1	0.973066418	0.0005768053266	86.42911236	13.5701602	0.0007274387824	67.93018525	31.94072821	0.1290865404	0	63.38009805	36.61990195				0	0	0	-738.6940509	0.0005768053266	-460833.01185031	
738.6140509	94	5	1	0.9730818522	0.0005766318957	86.42129828	13.57797644	0.0007252782548	67.92002659	31.95108686	0.1288865548	0	63.38009805	36.61990195				0	0	0	-738.6140509	0.0005766318957	-461726.682837536	
738.5340509	94	5	1	0.9730972726	0.0005764588006	86.41348085	13.58579603	0.0007231240174	67.90986887	31.96144425	0.1286868786	0	63.38009805	36.61990195				0	0	0	-738.5340509	0.0005764588006	-462622.890843886	
738.4540509	94	5	1	0.9731126792	0.000576286041	86.40566005	13.59361897	0.0007209760521	67.89971209	31.97180039	0.1284875111	0	63.38009805	36.61990195				0	0	0	-738.4540509	0.000576286041	-463521.644179403	
738.3740509	94	5	1	0.973128072	0.0005761136165	86.39783589	13.60144528	0.0007188343405	67.88955626	31.98215528	0.1282884518	0	63.38009805	36.61990195				0	0	0	-738.3740509	0.0005761136165	-464422.953273586	
738.2940509	94	5	1	0.9731434512	0.0005759415268	86.39000835	13.60927495	0.0007166988646	67.87940138	31.99250892	0.1280897003	0	63.38009805	36.61990195				0	0	0	-738.2940509	0.0005759415268	-465326.826511426	
738.2140509	94	5	1	0.9731588166	0.0005757697715	86.38217745	13.61710798	0.0007145696061	67.86924743	32.00286131	0.1278912561	0	63.38009805	36.61990195				0	0	0	-738.2140509	0.0005757697715	-466233.138026906	
738.1340509	94	5	1	0.9731741684	0.0005755983502	86.37434317	13.62494438	0.0007124465471	67.85909442	32.01321246	0.1276931185	0	63.38009805	36.61990195				0	0	0	-738.1340509	0.0005755983502	-467142.169585608	
738.0540509	94	5	1	0.9731895065	0.0005754272627	86.36650551	13.63278416	0.0007103296694	67.84894236	32.02356236	0.1274952871	0	63.38009805	36.61990195				0	0	0	-738.0540509	0.0005754272627	-468053.792759318	
737.9740509	94	5	1	0.973204831	0.0005752565085	86.35866447	13.64062731	0.0007082189551	67.83879123	32.03391101	0.1272977614	0	63.38009805	36.61990195				0	0	0	-737.9740509	0.0005752565085	-468968.020344254	
737.8940509	94	5	1	0.9732201419	0.0005750860874	86.35082004	13.64847385	0.0007061143864	67.82864103	32.04425843	0.1271005409	0	63.38009805	36.61990195				0	0	0	-737.8940509	0.0005750860874	-469884.858772047	
737.8140509	94	5	1	0.9732354392	0.0005749159989	86.34297222	13.65632377	0.0007040159453	67.81849177	32.0546046	0.126903625	0	63.38009805	36.61990195				0	0	0	-737.8140509	0.0005749159989	-470804.181879728	
737.7340509	94	5	1	0.9732507229	0.0005747462427	86.33512101	13.66417707	0.000701923614	67.80834345	32.06494954	0.1267070132	0	63.38009805	36.61990195				0	0	0	-737.7340509	0.0005747462427	-471726.135229295	
737.6540509	94	5	1	0.9732659931	0.0005745768184	86.32726639	13.67203377	0.0006998373748	67.79819606	32.07529324	0.1265107051	0	63.38009805	36.61990195				0	0	0	-737.6540509	0.0005745768184	-472650.869844762	
737.5740509	94	5	1	0.9732812498	0.0005744077258	86.31940838	13.67989386	0.0006977572101	67.7880496	32.0856357	0.1263147001	0	63.38009805	36.61990195				0	0	0	-737.5740509	0.0005744077258	-473578.394997155	
737.4940509	94	5	1	0.973296493	0.0005742389645	86.31154697	13.68775735	0.000695683102	67.77790407	32.09597694	0.1261189977	0	63.38009805	36.61990195				0	0	0	-737.4940509	0.0005742389645	-474508.441844259	
737.4140509	94	5	1	0.9733117227	0.0005740705341	86.30368214	13.69562424	0.0006936150332	67.76775947	32.10631694	0.1259235974	0	63.38009805	36.61990195				0	0	0	-737.4140509	0.0005740705341	-475441.160472169	
737.3340509	94	5	1	0.973326939	0.0005739024343	86.29581391	13.70349454	0.0006915529859	67.75761579	32.11665571	0.1257284987	0	63.38009805	36.61990195				0	0	0	-737.3340509	0.0005739024343	-476376.702115774	
737.2540509	94	5	1	0.9733421418	0.0005737346648	86.28794226	13.71136825	0.0006894969427	67.74747305	32.12699325	0.1255337011	0	63.38009805	36.61990195				0	0	0	-737.2540509	0.0005737346648	-477314.792541715	
737.1740509	94	5	1	0.9733573313	0.0005735672251	86.28006719	13.71924537	0.0006874468863	67.73733123	32.13732956	0.125339204	0	63.38009805	36.61990195				0	0	0	-737.1740509	0.0005735672251	-478255.729388091	
737.0940509	94	5	1	0.9733725073	0.0005734001151	86.2721887	13.7271259	0.0006854027991	67.72719034	32.14766465	0.1251450071	0	63.38009805	36.61990195				0	0	0	-737.0940509	0.0005734001151	-479199.519939256	
737.0140509	94	5	1	0.97338767	0.0005732333343	86.26430678	13.73500986	0.0006833646638	67.71705037	32.15799852	0.1249511097	0	63.38009805	36.61990195				0	0	0	-737.0140509	0.0005732333343	-480145.891243724	
736.9340509	94	5	1	0.9734028194	0.0005730668824	86.25642143	13.74289724	0.0006813324633	67.70691132	32.16833117	0.1247575115	0	63.38009805	36.61990195				0	0	0	-736.9340509	0.0005730668824	-481095.139975231	
736.8540509	94	5	1	0.9734179554	0.0005729007591	86.24853265	13.75078804	0.0006793061802	67.6967732	32.17866259	0.1245642117	0	63.38009805	36.61990195				0	0	0	-736.8540509	0.0005729007591	-482047.132279206	
736.7740509	94	5	1	0.9734330781	0.000572734964	86.24064043	13.75868228	0.0006772857973	67.68663599	32.1889928	0.1243712101	0	63.38009805	36.61990195				0	0	0	-736.7740509	0.000572734964	-483001.87958991	
736.6940509	94	5	1	0.9734481876	0.0005725694968	86.23274478	13.76657995	0.0006752712976	67.6764997	32.19932179	0.1241785061	0	63.38009805	36.61990195				0	0	0	-736.6940509	0.0005725694968	-483959.538055723	
736.6140509	94	5	1	0.9734632838	0.0005724043572	86.22484568	13.77448106	0.000673262664	67.66636433	32.20964957	0.1239860991	0	63.38009805	36.61990195				0	0	0	-736.6140509	0.0005724043572	-484920.119802693	
736.5340509	94	5	1	0.9734783668	0.0005722395449	86.21694313	13.78238561	0.0006712598793	67.65622988	32.21997613	0.1237939887	0	63.38009805	36.61990195				0	0	0	-736.5340509	0.0005722395449	-485883.488883568	
736.4540509	94	5	1	0.9734934366	0.0005720750595	86.20903713	13.79029361	0.0006692629268	67.64609635	32.23030148	0.1236021745	0	63.38009805	36.61990195				0	0	0	-736.4540509	0.0005720750595	-486849.656959625	
736.3740509	94	5	1	0.9735084933	0.0005719109007	86.20112768	13.79820505	0.0006672717893	67.63596372	32.24062562	0.1234106558	0	63.38009805	36.61990195				0	0	0	-736.3740509	0.0005719109007	-487818.782719502	
736.2940509	94	5	1	0.9735235367	0.0005717470682	86.19321476	13.80611995	0.0006652864501	67.62583202	32.25094855	0.1232194322	0	63.38009805	36.61990195				0	0	0	-736.2940509	0.0005717470682	-488790.72861422	
736.2140509	94	5	1	0.973538567	0.0005715835616	86.18529839	13.8140383	0.0006633068923	67.61570122	32.26127028	0.1230285032	0	63.38009805	36.61990195				0	0	0	-736.2140509	0.0005715835616	-489765.656992193	
736.1340509	94	5	1	0.9735535842	0.0005714203807	86.17737855	13.82196011	0.0006613330991	67.60557133	32.2715908	0.1228378684	0	63.38009805	36.61990195				0	0	0	-736.1340509	0.0005714203807	-490743.426842823	
736.0540509	94	5	1	0.9735685883	0.000571257525	86.16945524	13.82988539	0.0006593650539	67.59544236	32.28191012	0.1226475272	0	63.38009805	36.61990195				0	0	0	-736.0540509	0.000571257525	-491724.20423835	
735.9740509	94	5	1	0.9735835793	0.0005710949944	86.16152846	13.83781413	0.0006574027399	67.58531429	32.29222823	0.1224574791	0	63.38009805	36.61990195				0	0	0	-735.9740509	0.0005710949944	-492707.996977072	
735.8940509	94	5	1	0.9735985573	0.0005709327884	86.15359821	13.84574635	0.0006554461405	67.57518713	32.30254515	0.1222677237	0	63.38009805	36.61990195				0	0	0	-735.8940509	0.0005709327884	-493694.669643248	
735.8140509	94	5	1	0.9736135223	0.0005707709068	86.14566447	13.85368204	0.0006534952391	67.56506088	32.31286086	0.1220782605	0	63.38009805	36.61990195				0	0	0	-735.8140509	0.0005707709068	-494684.53662326	
735.7340509	94	5	1	0.9736284742	0.0005706093493	86.13772725	13.8616212	0.0006515500193	67.55493553	32.32317538	0.1218890889	0	63.38009805	36.61990195				0	0	0	-735.7340509	0.0005706093493	-495677.15126712	
735.6540509	94	5	1	0.9736434131	0.0005704481154	86.12978654	13.86956385	0.0006496104644	67.54481108	32.33348871	0.1217002085	0	63.38009805	36.61990195				0	0	0	-735.6540509	0.0005704481154	-496672.834811713	
735.5740509	94	5	1	0.9736583391	0.000570287205	86.12184234	13.87750998	0.0006476765582	67.53468754	32.34380084	0.1215116189	0	63.38009805	36.61990195				0	0	0	-735.5740509	0.000570287205	-497671.595257265	
735.4940509	94	5	1	0.9736732522	0.0005701266176	86.11389465	13.8854596	0.0006457482841	67.5245649	32.35411178	0.1213233194	0	63.38009805	36.61990195				0	0	0	-735.4940509	0.0005701266176	-498673.450581545	
735.4140509	94	5	1	0.9736881523	0.0005699663531	86.10594346	13.89341272	0.0006438256259	67.51444316	32.36442153	0.1211353097	0	63.38009805	36.61990195				0	0	0	-735.4140509	0.0005699663531	-499678.408875439	
735.3340509	94	5	1	0.9737030395	0.000569806411	86.09798876	13.90136933	0.0006419085673	67.50432232	32.37473009	0.1209475893	0	63.38009805	36.61990195				0	0	0	-735.3340509	0.000569806411	-500686.330994791	
735.2540509	94	5	1	0.9737179138	0.0005696467911	86.09003056	13.90932944	0.0006399970921	67.49420238	32.38503746	0.1207601576	0	63.38009805	36.61990195				0	0	0	-735.2540509	0.0005696467911	-501697.382430497	
735.1740509	94	5	1	0.9737327753	0.000569487493	86.08206886	13.91729305	0.000638091184	67.48408333	32.39534365	0.1205730143	0	63.38009805	36.61990195				0	0	0	-735.1740509	0.000569487493	-502711.579001939	
735.0940509	94	5	1	0.9737476239	0.0005693285165	86.07410364	13.92526017	0.0006361908269	67.47396518	32.40564866	0.1203861588	0	63.38009805	36.61990195				0	0	0	-735.0940509	0.0005693285165	-503728.93151846	
735.0140509	94	5	1	0.9737624597	0.0005691698612	86.0661349	13.9332308	0.0006342960048	67.46384793	32.41595248	0.1201995906	0	63.38009805	36.61990195				0	0	0	-735.0140509	0.0005691698612	-504749.455971062	
734.9340509	94	5	1	0.9737772828	0.0005690115269	86.05816264	13.94120495	0.0006324067015	67.45373156	32.42625513	0.1200133093	0	63.38009805	36.61990195				0	0	0	-734.9340509	0.0005690115269	-505773.323817404	
734.8540509	94	5	1	0.973792093	0.0005688535133	86.05018686	13.94918262	0.0006305229011	67.44361609	32.43655659	0.1198273144	0	63.38009805	36.61990195				0	0	0	-734.8540509	0.0005688535133	-506800.068333384	
734.7740509	94	5	1	0.9738068905	0.0005686958199	86.04220755	13.9571638	0.0006286445876	67.43350151	32.44685688	0.1196416054	0	63.38009805	36.61990195				0	0	0	-734.7740509	0.0005686958199	-507830.025534928	
734.6940509	94	5	1	0.9738216753	0.0005685384466	86.03422471	13.96514851	0.0006267717451	67.42338783	32.45715599	0.1194561818	0	63.38009805	36.61990195				0	0	0	-734.6940509	0.0005685384466	-508863.528906011	
734.6140509	94	5	1	0.9738364473	0.0005683813931	86.02623834	13.97313675	0.0006249043578	67.41327503	32.46745393	0.1192710432	0	63.38009805	36.61990195				0	0	0	-734.6140509	0.0005683813931	-509900.109340521	
734.5340509	94	5	1	0.9738512067	0.000568224659	86.01824843	13.98112853	0.0006230424098	67.40316311	32.4777507	0.1190861891	0	63.38009805	36.61990195				0	0	0	-734.5340509	0.000568224659	-510939.780054239	
734.4540509	94	5	1	0.9738659534	0.000568068244	86.01025497	13.98912384	0.0006211858855	67.39305209	32.4880463	0.1189016191	0	63.38009805	36.61990195				0	0	0	-734.4540509	0.000568068244	-511982.880666001	
734.3740509	94	5	1	0.9738806874	0.0005679121479	86.00225797	13.99712269	0.0006193347689	67.38294194	32.49834072	0.1187173326	0	63.38009805	36.61990195				0	0	0	-734.3740509	0.0005679121479	-513029.260699621	
734.2940509	94	5	1	0.9738954088	0.0005677563703	85.99425742	14.00512509	0.0006174890446	67.37283269	32.50863398	0.1185333292	0	63.38009805	36.61990195				0	0	0	-734.2940509	0.0005677563703	-514078.936942023	
734.2140509	94	5	1	0.9739101176	0.000567600911	85.98625332	14.01313103	0.0006156486969	67.36272431	32.51892608	0.1183496084	0	63.38009805	36.61990195				0	0	0	-734.2140509	0.000567600911	-515131.9208793	
734.1340509	94	5	1	0.9739248138	0.0005674457696	85.97824566	14.02114052	0.0006138137102	67.35261682	32.52921701	0.1181661697	0	63.38009805	36.61990195				0	0	0	-734.1340509	0.0005674457696	-516188.229481982	
734.0540509	94	5	1	0.9739394975	0.0005672909459	85.97023444	14.02915357	0.0006119840689	67.3425102	32.53950678	0.1179830128	0	63.38009805	36.61990195				0	0	0	-734.0540509	0.0005672909459	-517248.210171468	
733.9740509	94	5	1	0.9739541686	0.0005671364397	85.96221966	14.03717018	0.0006101597576	67.33240447	32.54979539	0.117800137	0	63.38009805	36.61990195				0	0	0	-733.9740509	0.0005671364397	-518311.37571015	
733.8940509	94	5	1	0.9739688272	0.0005669822505	85.9542013	14.04519036	0.0006083407608	67.32229962	32.56008284	0.1176175421	0	63.38009805	36.61990195				0	0	0	-733.8940509	0.0005669822505	-519377.74267183	
733.8140509	94	5	1	0.9739834733	0.0005668283781	85.94617938	14.05321409	0.0006065270632	67.31219564	32.57036914	0.1174352274	0	63.38009805	36.61990195				0	0	0	-733.8140509	0.0005668283781	-520447.659386901	
733.7340509	94	5	1	0.9739981069	0.0005666748222	85.93815388	14.0612414	0.0006047186493	67.30209253	32.58065427	0.1172531925	0	63.38009805	36.61990195				0	0	0	-733.7340509	0.0005666748222	-521521.144001765	
733.6540509	94	5	1	0.974012728	0.0005665215826	85.9301248	14.06927228	0.000602915504	67.2919903	32.59093826	0.117071437	0	63.38009805	36.61990195				0	0	0	-733.6540509	0.0005665215826	-522598.040580229	
733.5740509	94	5	1	0.9740273367	0.0005663686589	85.92209214	14.07730674	0.0006011176118	67.28188895	32.60122109	0.1168899604	0	63.38009805	36.61990195				0	0	0	-733.5740509	0.0005663686589	-523678.366776272	
733.4940509	94	5	1	0.974041933	0.0005662160509	85.91405589	14.08534478	0.0005993249577	67.27178847	32.61150277	0.1167087623	0	63.38009805	36.61990195				0	0	0	-733.4940509	0.0005662160509	-524762.307514371	
733.4140509	94	5	1	0.9740565168	0.0005660637583	85.90601605	14.09338641	0.0005975375265	67.26168885	32.62178331	0.1165278421	0	63.38009805	36.61990195				0	0	0	-733.4140509	0.0005660637583	-525849.707826687	
733.3340509	94	5	1	0.9740710883	0.0005659117808	85.89797262	14.10143162	0.0005957553029	67.25159011	32.63206269	0.1163471995	0	63.38009805	36.61990195				0	0	0	-733.3340509	0.0005659117808	-526940.582817269	
733.2540509	94	5	1	0.9740856474	0.0005657601181	85.88992559	14.10948043	0.000593978272	67.24149224	32.64234093	0.116166834	0	63.38009805	36.61990195				0	0	0	-733.2540509	0.0005657601181	-528034.947676583	
733.1740509	94	5	1	0.9741001942	0.0005656087699	85.88187496	14.11753284	0.0005922064187	67.23139523	32.65261803	0.115986745	0	63.38009805	36.61990195				0	0	0	-733.1740509	0.0005656087699	-529133.169111668	
733.0940509	94	5	1	0.9741147287	0.0005654577361	85.87382072	14.12558884	0.000590439728	67.22129909	32.66289398	0.1158069322	0	63.38009805	36.61990195				0	0	0	-733.0940509	0.0005654577361	-530234.911056149	
733.0140509	94	5	1	0.9741292508	0.0005653070162	85.86576288	14.13364845	0.0005886781849	67.21120381	32.67316879	0.1156273951	0	63.38009805	36.61990195				0	0	0	-733.0140509	0.0005653070162	-531340.017628187	
732.9340509	94	5	1	0.9741437607	0.00056515661	85.85770142	14.14171166	0.0005869217746	67.2011094	32.68344247	0.1154481333	0	63.38009805	36.61990195				0	0	0	-732.9340509	0.00056515661	-532449.031557413	
732.8540509	94	5	1	0.9741582583	0.0005650065173	85.84963634	14.14977849	0.0005851704823	67.19101585	32.693715	0.1152691463	0	63.38009805	36.61990195				0	0	0	-732.8540509	0.0005650065173	-533561.794248436	
732.7740509	94	5	1	0.9741727437	0.0005648567378	85.84156765	14.15784893	0.000583424293	67.18092316	32.7039864	0.1150904336	0	63.38009805	36.61990195				0	0	0	-732.7740509	0.0005648567378	-534677.966318145	
732.6940509	94	5	1	0.9741872169	0.0005647072711	85.83349533	14.16592299	0.000581683192	67.17083133	32.71425667	0.1149119948	0	63.38009805	36.61990195				0	0	0	-732.6940509	0.0005647072711	-535797.923205783	
732.6140509	94	5	1	0.9742016778	0.0005645581171	85.82541938	14.17400067	0.0005799471646	67.16074036	32.72452581	0.1147338294	0	63.38009805	36.61990195				0	0	0	-732.6140509	0.0005645581171	-536921.859531182	
732.5340509	94	5	1	0.9742161266	0.0005644092755	85.8173398	14.18208198	0.0005782161961	67.15065025	32.73479381	0.1145559371	0	63.38009805	36.61990195				0	0	0	-732.5340509	0.0005644092755	-538049.253790766	
732.4540509	94	5	1	0.9742305632	0.0005642607459	85.80925659	14.19016692	0.0005764902719	67.140561	32.74506068	0.1143783172	0	63.38009805	36.61990195				0	0	0	-732.4540509	0.0005642607459	-539180.486275095	
732.3740509	94	5	1	0.9742449877	0.0005641125282	85.80116973	14.1982555	0.0005747693774	67.1304726	32.75532643	0.1142009695	0	63.38009805	36.61990195				0	0	0	-732.3740509	0.0005641125282	-540315.570931171	
732.2940509	94	5	1	0.9742594001	0.000563964622	85.79307924	14.20634771	0.0005730534979	67.12038505	32.76559105	0.1140238935	0	63.38009805	36.61990195				0	0	0	-732.2940509	0.000563964622	-541454.346980895	
732.2140509	94	5	1	0.9742738003	0.0005638170271	85.7849851	14.21444356	0.0005713426191	67.11029836	32.77585455	0.1138470886	0	63.38009805	36.61990195				0	0	0	-732.2140509	0.0005638170271	-542597.197339699	
732.1340509	94	5	1	0.9742881885	0.0005636697433	85.7768873	14.22254306	0.0005696367264	67.10021252	32.78611692	0.1136705545	0	63.38009805	36.61990195				0	0	0	-732.1340509	0.0005636697433	-543743.772067467	
732.0540509	94	5	1	0.9743025646	0.0005635227702	85.76878586	14.23064621	0.0005679358053	67.09012753	32.79637818	0.1134942907	0	63.38009805	36.61990195				0	0	0	-732.0540509	0.0005635227702	-544894.090919165	
731.9740509	94	5	1	0.9743169287	0.0005633761076	85.76068075	14.23875301	0.0005662398416	67.08004339	32.80663831	0.1133182968	0	63.38009805	36.61990195				0	0	0	-731.9740509	0.0005633761076	-546048.541790368	
731.8940509	94	5	1	0.9743312807	0.0005632297553	85.75257199	14.24686347	0.0005645488209	67.0699601	32.81689733	0.1131425723	0	63.38009805	36.61990195				0	0	0	-731.8940509	0.0005632297553	-547206.77038044	
731.8140509	94	5	1	0.9743456208	0.0005630837129	85.74445955	14.25497758	0.0005628627288	67.05987765	32.82715523	0.1129671168	0	63.38009805	36.61990195				0	0	0	-731.8140509	0.0005630837129	-548368.985550361	
731.7340509	94	5	1	0.9743599488	0.0005629379803	85.73634345	14.26309537	0.0005611815512	67.04979606	32.83741201	0.1127919298	0	63.38009805	36.61990195				0	0	0	-731.7340509	0.0005629379803	-549535.201978018	
731.6540509	94	5	1	0.9743742649	0.0005627925571	85.72822368	14.27121682	0.0005595052737	67.0397153	32.84766769	0.112617011	0	63.38009805	36.61990195				0	0	0	-731.6540509	0.0005627925571	-550705.253687293	
731.5740509	94	5	1	0.9743885691	0.0005626474431	85.72010023	14.27934194	0.0005578338823	67.02963539	32.85792225	0.1124423598	0	63.38009805	36.61990195				0	0	0	-731.5740509	0.0005626474431	-551879.53707086	
731.4940509	94	5	1	0.9744028613	0.0005625026381	85.71197309	14.28747074	0.0005561673628	67.01955632	32.8681757	0.1122679759	0	63.38009805	36.61990195				0	0	0	-731.4940509	0.0005625026381	-553057.882399649	
731.4140509	94	5	1	0.9744171416	0.0005623581418	85.70384228	14.29560322	0.000554505701	67.00947809	32.87842805	0.1120938587	0	63.38009805	36.61990195				0	0	0	-731.4140509	0.0005623581418	-554240.311257929	
731.3340509	94	5	1	0.97443141	0.000562213954	85.69570777	14.30373938	0.0005528488831	66.9994007	32.88867929	0.1119200079	0	63.38009805	36.61990195				0	0	0	-731.3340509	0.000562213954	-555426.648456025	
731.2540509	94	5	1	0.9744456666	0.0005620700743	85.68756958	14.31187923	0.0005511968948	66.98932415	32.89892942	0.111746423	0	63.38009805	36.61990195				0	0	0	-731.2540509	0.0005620700743	-556617.109488196	
731.1740509	94	5	1	0.9744599113	0.0005619265026	85.67942768	14.32002277	0.0005495497223	66.97924844	32.90917846	0.1115731036	0	63.38009805	36.61990195				0	0	0	-731.1740509	0.0005619265026	-557811.905027834	
731.0940509	94	5	1	0.9744741442	0.0005617832386	85.67128209	14.32817	0.0005479073517	66.96917356	32.91942639	0.1114000493	0	63.38009805	36.61990195				0	0	0	-731.0940509	0.0005617832386	-559010.865227951	
731.0140509	94	5	1	0.9744883653	0.0005616402821	85.66313279	14.33632094	0.0005462697691	66.95909952	32.92967322	0.1112272596	0	63.38009805	36.61990195				0	0	0	-731.0140509	0.0005616402821	-560213.812032022	
730.9340509	94	5	1	0.9745025746	0.0005614976327	85.65497979	14.34447557	0.0005446369605	66.94902631	32.93991895	0.111054734	0	63.38009805	36.61990195				0	0	0	-730.9340509	0.0005614976327	-561420.964856482	
730.8540509	94	5	1	0.9745167721	0.0005613552903	85.64682307	14.35263392	0.0005430089123	66.93895394	32.95016359	0.1108824723	0	63.38009805	36.61990195				0	0	0	-730.8540509	0.0005613552903	-562632.538187687	
730.7740509	94	5	1	0.9745309579	0.0005612132546	85.63866264	14.36079597	0.0005413856107	66.92888239	32.96040713	0.1107104738	0	63.38009805	36.61990195				0	0	0	-730.7740509	0.0005612132546	-563848.359437674	
730.6940509	94	5	1	0.9745451319	0.0005610715254	85.63049849	14.36896174	0.0005397670418	66.91881168	32.97064958	0.1105387382	0	63.38009805	36.61990195				0	0	0	-730.6940509	0.0005610715254	-565068.448045887	
730.6140509	94	5	1	0.9745592942	0.0005609301024	85.62233062	14.37713123	0.0005381531921	66.90874179	32.98089094	0.1103672651	0	63.38009805	36.61990195				0	0	0	-730.6140509	0.0005609301024	-566292.827024159	
730.5340509	94	5	1	0.9745734449	0.0005607889854	85.61415902	14.38530443	0.0005365440479	66.89867274	32.99113121	0.1101960541	0	63.38009805	36.61990195				0	0	0	-730.5340509	0.0005607889854	-567521.516070802	
730.4540509	94	5	1	0.9745875838	0.0005606481741	85.60598369	14.39348137	0.0005349395957	66.88860451	33.00137039	0.1100251046	0	63.38009805	36.61990195				0	0	0	-730.4540509	0.0005606481741	-568754.538495939	
730.3740509	94	5	1	0.9746017111	0.0005605076683	85.59780463	14.40166203	0.0005333398217	66.8785371	33.01160848	0.1098544164	0	63.38009805	36.61990195				0	0	0	-730.3740509	0.0005605076683	-569992.118201515	
730.2940509	94	5	1	0.9746158268	0.0005603674678	85.58962183	14.40984643	0.0005317447126	66.86847052	33.02184549	0.1096839889	0	63.38009805	36.61990195				0	0	0	-730.2940509	0.0005603674678	-571233.870036559	
730.2140509	94	5	1	0.9746299308	0.0005602275722	85.58143528	14.41803456	0.0005301542548	66.85840476	33.03208142	0.1095138217	0	63.38009805	36.61990195				0	0	0	-730.2140509	0.0005602275722	-572480.228338538	
730.1340509	94	5	1	0.9746440232	0.0005600879815	85.57324499	14.42622644	0.0005285684349	66.84833982	33.04231627	0.1093439144	0	63.38009805	36.61990195				0	0	0	-730.1340509	0.0005600879815	-573731.210812913	
730.0540509	94	5	1	0.9746581041	0.0005599486953	85.56505095	14.43442206	0.0005269872395	66.8382757	33.05255003	0.1091742667	0	63.38009805	36.61990195				0	0	0	-730.0540509	0.0005599486953	-574986.64210274	
729.9740509	94	5	1	0.9746721734	0.0005598097135	85.55685316	14.44262143	0.0005254106552	66.8282124	33.06278272	0.1090048779	0	63.38009805	36.61990195				0	0	0	-729.9740509	0.0005598097135	-576246.53926752	
729.8940509	94	5	1	0.9746862311	0.0005596710357	85.54865161	14.45082456	0.0005238386687	66.81814992	33.07301433	0.1088357479	0	63.38009805	36.61990195				0	0	0	-729.8940509	0.0005596710357	-577510.930364819	
729.8140509	94	5	1	0.9747002773	0.0005595326618	85.54044629	14.45903144	0.0005222712667	66.80808826	33.08324486	0.108666876	0	63.38009805	36.61990195				0	0	0	-729.8140509	0.0005595326618	-578780.042978226	
729.7340509	94	5	1	0.974714312	0.0005593945915	85.53223721	14.46724208	0.000520708436	66.79802741	33.09347433	0.108498262	0	63.38009805	36.61990195				0	0	0	-729.7340509	0.0005593945915	-580053.484034372	
729.6540509	94	5	1	0.9747283353	0.0005592568245	85.52402437	14.47545648	0.0005191501633	66.78796738	33.10370272	0.1083299053	0	63.38009805	36.61990195				0	0	0	-729.6540509	0.0005592568245	-581331.698133036	
729.5740509	94	5	1	0.974742347	0.0005591193607	85.51580774	14.48367466	0.0005175964355	66.77790816	33.11393004	0.1081618056	0	63.38009805	36.61990195				0	0	0	-729.5740509	0.0005591193607	-582614.92067449	
729.4940509	94	5	1	0.9747563473	0.0005589821999	85.50758735	14.49189661	0.0005160472395	66.76784975	33.12415629	0.1079939624	0	63.38009805	36.61990195				0	0	0	-729.4940509	0.0005589821999	-583902.540464954	
729.4140509	94	5	1	0.9747703362	0.0005588453417	85.49936317	14.50012233	0.0005145025621	66.75779215	33.13438148	0.1078263754	0	63.38009805	36.61990195				0	0	0	-729.4140509	0.0005588453417	-585195.011975553	
729.3340509	94	5	1	0.9747843136	0.0005587087861	85.4911352	14.50835183	0.0005129623903	66.74773536	33.1446056	0.1076590441	0	63.38009805	36.61990195				0	0	0	-729.3340509	0.0005587087861	-586492.138292861	
729.2540509	94	5	1	0.9747982797	0.0005585725326	85.48290345	14.51658512	0.0005114267112	66.73767938	33.15482865	0.1074919681	0	63.38009805	36.61990195				0	0	0	-729.2540509	0.0005585725326	-587793.952822479	
729.1740509	94	5	1	0.9748122344	0.0005584365812	85.47466791	14.5248222	0.0005098955116	66.7276242	33.16505065	0.107325147	0	63.38009805	36.61990195				0	0	0	-729.1740509	0.0005584365812	-589100.905805063	
729.0940509	94	5	1	0.9748261777	0.0005583009316	85.46642856	14.53306307	0.0005083687787	66.71756983	33.17527158	0.1071585803	0	63.38009805	36.61990195				0	0	0	-729.0940509	0.0005583009316	-590412.595363038	
729.0140509	94	5	1	0.9748401096	0.0005581655836	85.45818542	14.54130773	0.0005068464996	66.70751627	33.18549146	0.1069922677	0	63.38009805	36.61990195				0	0	0	-729.0140509	0.0005581655836	-591729.043989893	
728.9340509	94	5	1	0.9748540303	0.0005580305369	85.44993847	14.5495562	0.0005053286613	66.69746351	33.19571028	0.1068262088	0	63.38009805	36.61990195				0	0	0	-728.9340509	0.0005580305369	-593050.49902398	
728.8540509	94	5	1	0.9748679396	0.0005578957914	85.44168772	14.55780847	0.0005038152512	66.68741155	33.20592805	0.106660403	0	63.38009805	36.61990195				0	0	0	-728.8540509	0.0005578957914	-594376.984262132	
728.7740509	94	5	1	0.9748818377	0.0005577613468	85.43343315	14.56606454	0.0005023062563	66.67736039	33.21614476	0.1064948501	0	63.38009805	36.61990195				0	0	0	-728.7740509	0.0005577613468	-595708.308772027	
728.6940509	94	5	1	0.9748957245	0.0005576272029	85.42517477	14.57432443	0.000500801664	66.66731003	33.22636042	0.1063295497	0	63.38009805	36.61990195				0	0	0	-728.6940509	0.0005576272029	-597044.719494203	
728.6140509	94	5	1	0.9749096	0.0005574933595	85.41691256	14.58258813	0.0004993014615	66.65726047	33.23657503	0.1061645012	0	63.38009805	36.61990195				0	0	0	-728.6140509	0.0005574933595	-598386.244738919	
728.5340509	94	5	1	0.9749234643	0.0005573598164	85.40864654	14.59085566	0.0004978056361	66.64721171	33.24678859	0.1059997043	0	63.38009805	36.61990195				0	0	0	-728.5340509	0.0005573598164	-599732.687214475	
728.4540509	94	5	1	0.9749373174	0.0005572265733	85.40037668	14.59912701	0.0004963141753	66.63716374	33.2570011	0.1058351586	0	63.38009805	36.61990195				0	0	0	-728.4540509	0.0005572265733	-601084.074623934	
728.3740509	94	5	1	0.9749511593	0.00055709363	85.39210299	14.60740218	0.0004948270663	66.62711657	33.26721257	0.1056708638	0	63.38009805	36.61990195				0	0	0	-728.3740509	0.00055709363	-602440.886520051	
728.2940509	94	5	1	0.9749649901	0.0005569609864	85.38382547	14.61568119	0.0004933442967	66.61707019	33.277423	0.1055068192	0	63.38009805	36.61990195				0	0	0	-728.2940509	0.0005569609864	-603802.924171426	
728.2140509	94	5	1	0.9749788096	0.0005568286422	85.3755441	14.62396403	0.0004918658539	66.6070246	33.28763238	0.1053430247	0	63.38009805	36.61990195				0	0	0	-728.2140509	0.0005568286422	-605169.991109786	
728.1340509	94	5	1	0.974992618	0.0005566965972	85.3672589	14.63225071	0.0004903917254	66.5969798	33.29784072	0.1051794797	0	63.38009805	36.61990195				0	0	0	-728.1340509	0.0005566965972	-606542.342703476	
728.0540509	94	5	1	0.9750064153	0.0005565648512	85.35896984	14.64054124	0.0004889218987	66.58693579	33.30804802	0.1050161839	0	63.38009805	36.61990195				0	0	0	-728.0540509	0.0005565648512	-607920.008729608	
727.9740509	94	5	1	0.9750202015	0.000556433404	85.35067693	14.64883561	0.0004874563615	66.57689257	33.31825429	0.1048531369	0	63.38009805	36.61990195				0	0	0	-727.9740509	0.000556433404	-609302.78609991	
727.8940509	94	5	1	0.9750339766	0.0005563022553	85.34238017	14.65713383	0.0004859951014	66.56685014	33.32845952	0.1046903382	0	63.38009805	36.61990195				0	0	0	-727.8940509	0.0005563022553	-610690.938119266	
727.8140509	94	5	1	0.9750477406	0.000556171405	85.33407955	14.66543591	0.0004845381059	66.55680849	33.33866372	0.1045277875	0	63.38009805	36.61990195				0	0	0	-727.8140509	0.000556171405	-612084.726209207	
727.7340509	94	5	1	0.9750614936	0.0005560408529	85.32577506	14.67374185	0.0004830853628	66.54676763	33.34886688	0.1043654843	0	63.38009805	36.61990195				0	0	0	-727.7340509	0.0005560408529	-613483.950073318	
727.6540509	94	5	1	0.9750752355	0.0005559105988	85.31746671	14.68205166	0.0004816368599	66.53672755	33.35906902	0.1042034283	0	63.38009805	36.61990195				0	0	0	-727.6540509	0.0005559105988	-614888.403235618	
727.5740509	94	5	1	0.9750889665	0.0005557806424	85.30915448	14.69036533	0.0004801925848	66.52668826	33.36927012	0.1040416191	0	63.38009805	36.61990195				0	0	0	-727.5740509	0.0005557806424	-616298.354219943	
727.4940509	94	5	1	0.9751026864	0.0005556509836	85.30083838	14.69868287	0.0004787525254	66.51664974	33.3794702	0.1038800562	0	63.38009805	36.61990195				0	0	0	-727.4940509	0.0005556509836	-617713.830047018	
727.4140509	94	5	1	0.9751163953	0.0005555216221	85.2925184	14.70700428	0.0004773166695	66.50661201	33.38966926	0.1037187393	0	63.38009805	36.61990195				0	0	0	-727.4140509	0.0005555216221	-619134.866681464	
727.3340509	94	5	1	0.9751300933	0.0005553925578	85.28419454	14.71532958	0.000475885005	66.49657505	33.39986728	0.103557668	0	63.38009805	36.61990195				0	0	0	-727.3340509	0.0005553925578	-620561.491564697	
727.2540509	94	5	1	0.9751437803	0.0005552637904	85.27586678	14.72365876	0.0004744575198	66.48653887	33.41006429	0.1033968418	0	63.38009805	36.61990195				0	0	0	-727.2540509	0.0005552637904	-621993.741198664	
727.1740509	94	5	1	0.9751574564	0.0005551353198	85.26753514	14.73199183	0.0004730342017	66.47650346	33.42026028	0.1032362604	0	63.38009805	36.61990195				0	0	0	-727.1740509	0.0005551353198	-623431.643457928	
727.0940509	94	5	1	0.9751711216	0.0005550071457	85.2591996	14.74032879	0.0004716150389	66.46646883	33.43045524	0.1030759234	0	63.38009805	36.61990195				0	0	0	-727.0940509	0.0005550071457	-624875.235388114	
727.0140509	94	5	1	0.9751847759	0.000554879268	85.25086016	14.74866964	0.0004702000192	66.45643498	33.44064919	0.1029158304	0	63.38009805	36.61990195				0	0	0	-727.0140509	0.000554879268	-626324.791618738	
726.9340509	94	5	1	0.9751984193	0.0005547516865	85.24251682	14.75701439	0.0004687891308	66.44640189	33.45084213	0.102755981	0	63.38009805	36.61990195				0	0	0	-726.9340509	0.0005547516865	-627779.855985146	
726.8540509	94	5	1	0.9752120518	0.0005546244009	85.23416957	14.76536305	0.0004673823617	66.43636958	33.46103405	0.1025963748	0	63.38009805	36.61990195				0	0	0	-726.8540509	0.0005546244009	-629240.957903964	
726.7740509	94	5	1	0.9752256735	0.0005544974112	85.2258184	14.77371562	0.0004659797	66.42633804	33.47122495	0.1024370115	0	63.38009805	36.61990195				0	0	0	-726.7740509	0.0005544974112	-630707.877755853	
726.6940509	94	5	1	0.9752392844	0.000554370717	85.21746333	14.78207209	0.0004645811339	66.41630726	33.48141485	0.1022778905	0	63.38009805	36.61990195				0	0	0	-726.6940509	0.000554370717	-632180.407693824	
726.6140509	94	5	1	0.9752528845	0.0005542443182	85.20910433	14.79043248	0.0004631866516	66.40627725	33.49160374	0.1021190116	0	63.38009805	36.61990195				0	0	0	-726.6140509	0.0005542443182	-633659.075610006	
726.5340509	94	5	1	0.9752664738	0.0005541182146	85.20074141	14.7987968	0.0004617962412	66.39624801	33.50179162	0.1019603743	0	63.38009805	36.61990195				0	0	0	-726.5340509	0.0005541182146	-635143.668428977	
726.4540509	94	5	1	0.9752800523	0.000553992406	85.19237456	14.80716503	0.0004604098911	66.38621953	33.51197849	0.1018019783	0	63.38009805	36.61990195				0	0	0	-726.4540509	0.000553992406	-636634.220803078	
726.3740509	94	5	1	0.97529362	0.0005538668922	85.18400378	14.8155372	0.0004590275894	66.37619182	33.52216436	0.1016438232	0	63.38009805	36.61990195				0	0	0	-726.3740509	0.0005538668922	-638131.023360084	
726.2940509	94	5	1	0.975307177	0.0005537416731	85.17562906	14.82391329	0.0004576493246	66.36616487	33.53234923	0.1014859085	0	63.38009805	36.61990195				0	0	0	-726.2940509	0.0005537416731	-639633.855598152	
726.2140509	94	5	1	0.9753207233	0.0005536167484	85.1672504	14.83229332	0.000456275085	66.35613867	33.54253309	0.1013282339	0	63.38009805	36.61990195				0	0	0	-726.2140509	0.0005536167484	-641142.757808363	
726.1340509	94	5	1	0.9753342589	0.000553492118	85.1588678	14.84067729	0.000454904859	66.34611324	33.55271596	0.1011707991	0	63.38009805	36.61990195				0	0	0	-726.1340509	0.000553492118	-642658.020280002	
726.0540509	94	5	1	0.9753477838	0.0005533677817	85.15048125	14.84906521	0.0004535386349	66.33608857	33.56289783	0.1010136036	0	63.38009805	36.61990195				0	0	0	-726.0540509	0.0005533677817	-644179.424582348	
725.9740509	94	5	1	0.975361298	0.0005532437393	85.14209075	14.85745707	0.0004521764013	66.32606465	33.5730787	0.100856647	0	63.38009805	36.61990195				0	0	0	-725.9740509	0.0005532437393	-645706.745247171	
725.8940509	94	5	1	0.9753748016	0.0005531199905	85.13369629	14.86585289	0.0004508181467	66.31604149	33.58325858	0.100699929	0	63.38009805	36.61990195				0	0	0	-725.8940509	0.0005531199905	-647240.806870755	
725.8140509	94	5	1	0.9753882945	0.0005529965354	85.12529788	14.87425266	0.0004494638595	66.30601909	33.59343747	0.1005434491	0	63.38009805	36.61990195				0	0	0	-725.8140509	0.0005529965354	-648781.115276439	
725.7340509	94	5	1	0.9754017768	0.0005528733735	85.11689549	14.88265639	0.0004481135283	66.29599743	33.60361536	0.1003872071	0	63.38009805	36.61990195				0	0	0	-725.7340509	0.0005528733735	-650327.722681735	
725.6540509	94	5	1	0.9754152485	0.0005527505049	85.10848914	14.89106409	0.0004467671417	66.28597653	33.61379227	0.1002312024	0	63.38009805	36.61990195				0	0	0	-725.6540509	0.0005527505049	-651880.918419115	
725.5740509	94	5	1	0.9754287096	0.0005526279292	85.10007882	14.89947576	0.0004454246883	66.27595638	33.62396818	0.1000754348	0	63.38009805	36.61990195				0	0	0	-725.5740509	0.0005526279292	-653440.22049723	
725.4940509	94	5	1	0.9754421602	0.0005525056463	85.09166452	14.90789139	0.0004440861568	66.26593698	33.63414311	0.09991990389	0	63.38009805	36.61990195				0	0	0	-725.4940509	0.0005525056463	-655006.463899776	
725.4140509	94	5	1	0.9754556002	0.0005523836561	85.08324624	14.91631101	0.0004427515359	66.25591833	33.64431706	0.09976460922	0	63.38009805	36.61990195				0	0	0	-725.4140509	0.0005523836561	-656579.424073256	
725.3340509	94	5	1	0.9754690296	0.0005522619584	85.07482398	14.9247346	0.0004414208143	66.24590042	33.65449003	0.09960955045	0	63.38009805	36.61990195				0	0	0	-725.3340509	0.0005522619584	-658158.602215518	
725.2540509	94	5	1	0.9754824486	0.0005521405529	85.06639772	14.93316218	0.0004400939807	66.23588326	33.66466201	0.0994547272	0	63.38009805	36.61990195				0	0	0	-725.2540509	0.0005521405529	-659744.582840185	
725.1740509	94	5	1	0.975495857	0.0005520194396	85.05796747	14.94159375	0.000438771024	66.22586685	33.67483301	0.09930013909	0	63.38009805	36.61990195				0	0	0	-725.1740509	0.0005520194396	-661337.401475401	
725.0940509	94	5	1	0.975509255	0.0005518986182	85.04953323	14.95002932	0.0004374519329	66.21585118	33.68500304	0.09914578574	0	63.38009805	36.61990195				0	0	0	-725.0940509	0.0005518986182	-662936.557732437	
725.0140509	94	5	1	0.9755226424	0.0005517780885	85.04109499	14.95846888	0.0004361366963	66.20583625	33.69517209	0.09899166679	0	63.38009805	36.61990195				0	0	0	-725.0140509	0.0005517780885	-664542.917122809	
724.9340509	94	5	1	0.9755360195	0.0005516578505	85.03265274	14.96691244	0.0004348253031	66.19582206	33.70534016	0.09883778185	0	63.38009805	36.61990195				0	0	0	-724.9340509	0.0005516578505	-666156.244072873	
724.8540509	94	5	1	0.9755493861	0.0005515379039	85.02420648	14.97536001	0.0004335177422	66.18580861	33.71550726	0.09868413055	0	63.38009805	36.61990195				0	0	0	-724.8540509	0.0005515379039	-667776.031351807	
724.7740509	94	5	1	0.9755627422	0.0005514182485	85.0157562	14.98381158	0.0004322140026	66.17579589	33.72567339	0.09853071253	0	63.38009805	36.61990195				0	0	0	-724.7740509	0.0005514182485	-669403.157607492	
724.6940509	94	5	1	0.975576088	0.0005512988843	85.00730191	14.99226717	0.0004309140732	66.16578392	33.73583855	0.0983775274	0	63.38009805	36.61990195				0	0	0	-724.6940509	0.0005512988843	-671037.384258398	
724.6140509	94	5	1	0.9755894234	0.000551179811	84.9988436	15.00072678	0.0004296179431	66.15577268	33.74600275	0.09822457479	0	63.38009805	36.61990195				0	0	0	-724.6140509	0.000551179811	-672678.19710751	
724.5340509	94	5	1	0.9756027484	0.0005510610284	84.99038126	15.00919041	0.0004283256012	66.14576217	33.75616597	0.09807185434	0	63.38009805	36.61990195				0	0	0	-724.5340509	0.0005510610284	-674326.202627624	
724.4540509	94	5	1	0.9756160631	0.0005509425364	84.98191489	15.01765807	0.0004270370367	66.1357524	33.76632824	0.09791936567	0	63.38009805	36.61990195				0	0	0	-724.4540509	0.0005509425364	-675981.444760434	
724.3740509	94	5	1	0.9756293674	0.0005508243348	84.97344449	15.02612976	0.0004257522387	66.12574336	33.77648953	0.09776710841	0	63.38009805	36.61990195				0	0	0	-724.3740509	0.0005508243348	-677644.261836909	
724.2940509	94	5	1	0.9756426614	0.0005507064236	84.96497005	15.03460548	0.0004244711963	66.11573505	33.78664987	0.0976150822	0	63.38009805	36.61990195				0	0	0	-724.2940509	0.0005507064236	-679314.120332446	
724.2140509	94	5	1	0.9756559451	0.0005505888024	84.95649157	15.04308524	0.0004231938987	66.10572746	33.79680925	0.09746328666	0	63.38009805	36.61990195				0	0	0	-724.2140509	0.0005505888024	-680991.075271869	
724.1340509	94	5	1	0.9756692185	0.0005504714712	84.94800904	15.05156904	0.0004219203352	66.09572061	33.80696767	0.09731172143	0	63.38009805	36.61990195				0	0	0	-724.1340509	0.0005504714712	-682675.452026761	
724.0540509	94	5	1	0.9756824817	0.0005503544297	84.93952246	15.06005689	0.0004206504948	66.08571448	33.81712513	0.09716038614	0	63.38009805	36.61990195				0	0	0	-724.0540509	0.0005503544297	-684367.307966722	
723.9740509	94	5	1	0.9756957345	0.0005502376779	84.93103182	15.06854879	0.0004193843669	66.07570908	33.82728164	0.09700928042	0	63.38009805	36.61990195				0	0	0	-723.9740509	0.0005502376779	-686066.683600344	
723.8940509	94	5	1	0.9757089772	0.0005501212155	84.92253713	15.07704475	0.0004181219409	66.0657044	33.83743719	0.09685840391	0	63.38009805	36.61990195				0	0	0	-723.8940509	0.0005501212155	-687773.340160798	
723.8140509	94	5	1	0.9757222096	0.0005500050424	84.91403837	15.08554476	0.0004168632059	66.05570045	33.8475918	0.09670775625	0	63.38009805	36.61990195				0	0	0	-723.8140509	0.0005500050424	-689487.914614552	
723.7340509	94	5	1	0.9757354318	0.0005498891585	84.90553555	15.09404884	0.0004156081515	66.04569721	33.85774545	0.09655733706	0	63.38009805	36.61990195				0	0	0	-723.7340509	0.0005498891585	-691210.161781958	
723.6540509	94	5	1	0.9757486438	0.0005497735636	84.89702865	15.10255699	0.0004143567669	66.0356947	33.86789816	0.09640714599	0	63.38009805	36.61990195				0	0	0	-723.6540509	0.0005497735636	-692940.135574084	
723.5740509	94	5	1	0.9757618457	0.0005496582576	84.88851768	15.11106921	0.0004131090416	66.0256929	33.87804992	0.09625718266	0	63.38009805	36.61990195				0	0	0	-723.5740509	0.0005496582576	-694677.581262813	
723.4940509	94	5	1	0.9757750374	0.0005495432402	84.88000263	15.11958551	0.000411864965	66.01569182	33.88820073	0.09610744673	0	63.38009805	36.61990195				0	0	0	-723.4940509	0.0005495432402	-696422.552170083	
723.4140509	94	5	1	0.9757882189	0.0005494285113	84.87148349	15.12810588	0.0004106245267	66.00569146	33.8983506	0.09595793783	0	63.38009805	36.61990195				0	0	0	-723.4140509	0.0005494285113	-698176.008487815	
723.3340509	94	5	1	0.9758013904	0.0005493140709	84.86296027	15.13663034	0.0004093877162	65.99569182	33.90849953	0.09580865559	0	63.38009805	36.61990195				0	0	0	-723.3340509	0.0005493140709	-699937.085878229	
723.2540509	94	5	1	0.9758145517	0.0005491999186	84.85443295	15.14515889	0.0004081545229	65.98569288	33.91864752	0.09565959966	0	63.38009805	36.61990195				0	0	0	-723.2540509	0.0005491999186	-701706.154549805	
723.1740509	94	5	1	0.9758277029	0.0005490860545	84.84590154	15.15369154	0.0004069249365	65.97569466	33.92879457	0.09551076968	0	63.38009805	36.61990195				0	0	0	-723.1740509	0.0005490860545	-702397.745588905	
723.1540509	94	5	1	0.9758309896	0.0001372902987	84.84376805	15.15582533	0.0004066181021	65.97319523	33.93133118	0.09547359743	0	63.38009805	36.61990195				0	0	0	-723.1540509	0.0001372902987	-131.776577735308	
723.1440509	94	5	1	0.9758326323	6.863246623E-05	84.8427012	15.15689233	0.0004064647692	65.97194552	33.93259946	0.09545501659	0	63.38009805	36.61990195				0	0	0	-723.1440509	6.863246623E-05	-145.733344147563	
723.1240509	94	5	1	1	0.1199805858	84.84369857	15.15589505	0.0004063798622				0	63.38009805	36.61990195	63.58724882	36.41275118	0				-723.1240509	0.1199805858	0.166789043493543	
723.1040509	94	5	1	1	0.1199805858	84.84369857	15.15589505	0.0004063798622				0	63.38009805	36.61990195	63.58724882	36.41275118	0				-723.1040509	0.1199805858	NaN	
723.0640509	94	5	1	1	0.1199805858	84.84369857	15.15589505	0.0004063798622				0	63.38009805	36.61990195	63.58724882	36.41275118	0				-723.0640509	0.1199805858	NaN	
722.9840509	94	5	1	1	0.1199805858	84.84369857	15.15589505	0.0004063798622				0	63.38009805	36.61990195	63.58724882	36.41275118	0				-722.9840509	0.1199805858	NaN	
722.8240509	94	5	1	1	0.1199805858	84.84369857	15.15589505	0.0004063798622				0	63.38009805	36.61990195	63.58724882	36.41275118	0				-722.8240509	0.1199805858	NaN	
722.6640509	94	5	1	1	0.1199805858	84.84369857	15.15589505	0.0004063798622				0	63.38009805	36.61990195	63.58724882	36.41275118	0				-722.6640509	0.1199805858	NaN	
722.5040509	94	5	1	1	0.1199805858	84.84369857	15.15589505	0.0004063798622				0	63.38009805	36.61990195	63.58724882	36.41275118	0				-722.5040509	0.1199805858	NaN	
722.3440509	94	5	1	1	0.1199805858	84.84369857	15.15589505	0.0004063798622				0	63.38009805	36.61990195	63.58724882	36.41275118	0				-722.3440509	0.1199805858	NaN	
722.1840509	94	5	1	1	0.1199805858	84.84369857	15.15589505	0.0004063798622				0	63.38009805	36.61990195	63.58724882	36.41275118	0				-722.1840509	0.1199805858	NaN	
722.0240509	94	5	1	1	0.1199805858	84.84369857	15.15589505	0.0004063798622				0	63.38009805	36.61990195	63.58724882	36.41275118	0				-722.0240509	0.1199805858	NaN	
721.8640509	94	5	1	1	0.1199805858	84.84369857	15.15589505	0.0004063798622				0	63.38009805	36.61990195	63.58724882	36.41275118	0				-721.8640509	0.1199805858	NaN	
721.7040509	94	5	1	1	0.1199805858	84.84369857	15.15589505	0.0004063798622				0	63.38009805	36.61990195	63.58724882	36.41275118	0				-721.7040509	0.1199805858	NaN	
721.5440509	94	5	1	1	0.1199805858	84.84369857	15.15589505	0.0004063798622				0	63.38009805	36.61990195	63.58724882	36.41275118	0				-721.5440509	0.1199805858	NaN	
721.3840509	94	5	1	1	0.1199805858	84.84369857	15.15589505	0.0004063798622				0	63.38009805	36.61990195	63.58724882	36.41275118	0				-721.3840509	0.1199805858	NaN	
721.2240509	94	5	1	1	0.1199805858	84.84369857	15.15589505	0.0004063798622				0	63.38009805	36.61990195	63.58724882	36.41275118	0				-721.2240509	0.1199805858	NaN	
721.0640509	94	5	1	1	0.1199805858	84.84369857	15.15589505	0.0004063798622				0	63.38009805	36.61990195	63.58724882	36.41275118	0				-721.0640509	0.1199805858	NaN	
720.9040509	94	5	1	1	0.1199805858	84.84369857	15.15589505	0.0004063798622				0	63.38009805	36.61990195	63.58724882	36.41275118	0				-720.9040509	0.1199805858	NaN	
720.7440509	94	5	1	1	0.1199805858	84.84369857	15.15589505	0.0004063798622				0	63.38009805	36.61990195	63.58724882	36.41275118	0				-720.7440509	0.1199805858	NaN	
720.5840509	94	5	1	1	0.1199805858	84.84369857	15.15589505	0.0004063798622				0	63.38009805	36.61990195	63.58724882	36.41275118	0				-720.5840509	0.1199805858	NaN	
720.4240509	94	5	1	1	0.1199805858	84.84369857	15.15589505	0.0004063798622				0	63.38009805	36.61990195	63.58724882	36.41275118	0				-720.4240509	0.1199805858	NaN	
720.2640509	94	5	1	1	0.1199805858	84.84369857	15.15589505	0.0004063798622				0	63.38009805	36.61990195	63.58724882	36.41275118	0				-720.2640509	0.1199805858	NaN	
720.1040509	94	5	1	1	0.1199805858	84.84369857	15.15589505	0.0004063798622				0	63.38009805	36.61990195	63.58724882	36.41275118	0				-720.1040509	0.1199805858	NaN	
719.9440509	94	5	1	1	0.1199805858	84.84369857	15.15589505	0.0004063798622				0	63.38009805	36.61990195	63.58724882	36.41275118	0				-719.9440509	0.1199805858	NaN	
719.7840509	94	5	1	1	0.1199805858	84.84369857	15.15589505	0.0004063798622				0	63.38009805	36.61990195	63.58724882	36.41275118	0				-719.7840509	0.1199805858	NaN	
719.6240509	94	5	1	1	0.1199805858	84.84369857	15.15589505	0.0004063798622				0	63.38009805	36.61990195	63.58724882	36.41275118	0				-719.6240509	0.1199805858	NaN	
719.4640509	94	5	1	1	0.1199805858	84.84369857	15.15589505	0.0004063798622				0	63.38009805	36.61990195	63.58724882	36.41275118	0				-719.4640509	0.1199805858	NaN	
719.3040509	94	5	1	1	0.1199805858	84.84369857	15.15589505	0.0004063798622				0	63.38009805	36.61990195	63.58724882	36.41275118	0				-719.3040509	0.1199805858	NaN	
719.1440509	94	5	1	1	0.1199805858	84.84369857	15.15589505	0.0004063798622				0	63.38009805	36.61990195	63.58724882	36.41275118	0				-719.1440509	0.1199805858	NaN	
718.9840509	94	5	1	1	0.1199805858	84.84369857	15.15589505	0.0004063798622				0	63.38009805	36.61990195	63.58724882	36.41275118	0				-718.9840509	0.1199805858	NaN	
718.8240509	94	5	1	1	0.1199805858	84.84369857	15.15589505	0.0004063798622				0	63.38009805	36.61990195	63.58724882	36.41275118	0				-718.8240509	0.1199805858	NaN	
718.6640509	94	5	1	1	0.1199805858	84.84369857	15.15589505	0.0004063798622				0	63.38009805	36.61990195	63.58724882	36.41275118	0				-718.6640509	0.1199805858	NaN	
718.5040509	94	5	1	1	0.1199805858	84.84369857	15.15589505	0.0004063798622				0	63.38009805	36.61990195	63.58724882	36.41275118	0				-718.5040509	0.1199805858	NaN	
718.3440509	94	5	1	1	0.1199805858	84.84369857	15.15589505	0.0004063798622				0	63.38009805	36.61990195	63.58724882	36.41275118	0				-718.3440509	0.1199805858	NaN	
718.1840509	94	5	1	1	0.1199805858	84.84369857	15.15589505	0.0004063798622				0	63.38009805	36.61990195	63.58724882	36.41275118	0				-718.1840509	0.1199805858	NaN	
718.0240509	94	5	1	1	0.1199805858	84.84369857	15.15589505	0.0004063798622				0	63.38009805	36.61990195	63.58724882	36.41275118	0				-718.0240509	0.1199805858	NaN	
717.8640509	94	5	1	1	0.1199805858	84.84369857	15.15589505	0.0004063798622				0	63.38009805	36.61990195	63.58724882	36.41275118	0				-717.8640509	0.1199805858	NaN	
717.7040509	94	5	1	1	0.1199805858	84.84369857	15.15589505	0.0004063798622				0	63.38009805	36.61990195	63.58724882	36.41275118	0				-717.7040509	0.1199805858	NaN	
717.5440509	94	5	1	1	0.1199805858	84.84369857	15.15589505	0.0004063798622				0	63.38009805	36.61990195	63.58724882	36.41275118	0				-717.5440509	0.1199805858	NaN	
717.3840509	94	5	1	1	0.1199805858	84.84369857	15.15589505	0.0004063798622				0	63.38009805	36.61990195	63.58724882	36.41275118	0				-717.3840509	0.1199805858	NaN	
717.2240509	94	5	1	1	0.1199805858	84.84369857	15.15589505	0.0004063798622				0	63.38009805	36.61990195	63.58724882	36.41275118	0				-717.2240509	0.1199805858	NaN	
717.0640509	94	5	1	1	0.1199805858	84.84369857	15.15589505	0.0004063798622				0	63.38009805	36.61990195	63.58724882	36.41275118	0				-717.0640509	0.1199805858	NaN	
716.9040509	94	5	1	1	0.1199805858	84.84369857	15.15589505	0.0004063798622				0	63.38009805	36.61990195	63.58724882	36.41275118	0				-716.9040509	0.1199805858	NaN	
716.7440509	94	5	1	1	0.1199805858	84.84369857	15.15589505	0.0004063798622				0	63.38009805	36.61990195	63.58724882	36.41275118	0				-716.7440509	0.1199805858	NaN	
716.5840509	94	5	1	1	0.1199805858	84.84369857	15.15589505	0.0004063798622				0	63.38009805	36.61990195	63.58724882	36.41275118	0				-716.5840509	0.1199805858	NaN	
716.4240509	94	5	1	1	0.1199805858	84.84369857	15.15589505	0.0004063798622				0	63.38009805	36.61990195	63.58724882	36.41275118	0				-716.4240509	0.1199805858	NaN	
716.2640509	94	5	1	1	0.1199805858	84.84369857	15.15589505	0.0004063798622				0	63.38009805	36.61990195	63.58724882	36.41275118	0				-716.2640509	0.1199805858	NaN	
716.1040509	94	5	1	1	0.1199805858	84.84369857	15.15589505	0.0004063798622				0	63.38009805	36.61990195	63.58724882	36.41275118	0				-716.1040509	0.1199805858	NaN	
715.9440509	94	5	1	1	0.1199805858	84.84369857	15.15589505	0.0004063798622				0	63.38009805	36.61990195	63.58724882	36.41275118	0				-715.9440509	0.1199805858	NaN	
715.7840509	94	5	1	1	0.1199805858	84.84369857	15.15589505	0.0004063798622				0	63.38009805	36.61990195	63.58724882	36.41275118	0				-715.7840509	0.1199805858	NaN	
715.6240509	94	5	1	1	0.1199805858	84.84369857	15.15589505	0.0004063798622				0	63.38009805	36.61990195	63.58724882	36.41275118	0				-715.6240509	0.1199805858	NaN	
715.4640509	94	5	1	1	0.1199805858	84.84369857	15.15589505	0.0004063798622				0	63.38009805	36.61990195	63.58724882	36.41275118	0				-715.4640509	0.1199805858	NaN	
715.3040509	94	5	1	1	0.1199805858	84.84369857	15.15589505	0.0004063798622				0	63.38009805	36.61990195	63.58724882	36.41275118	0				-715.3040509	0.1199805858	NaN	
715.1440509	94	5	1	1	0.1199805858	84.84369857	15.15589505	0.0004063798622				0	63.38009805	36.61990195	63.58724882	36.41275118	0				-715.1440509	0.1199805858	NaN	
714.9840509	94	5	1	1	0.1199805858	84.84369857	15.15589505	0.0004063798622				0	63.38009805	36.61990195	63.58724882	36.41275118	0				-714.9840509	0.1199805858	NaN	
714.8240509	94	5	1	1	0.1199805858	84.84369857	15.15589505	0.0004063798622				0	63.38009805	36.61990195	63.58724882	36.41275118	0				-714.8240509	0.1199805858	NaN	
714.6640509	94	5	1	1	0.1199805858	84.84369857	15.15589505	0.0004063798622				0	63.38009805	36.61990195	63.58724882	36.41275118	0				-714.6640509	0.1199805858	NaN	
714.5040509	94	5	1	1	0.1199805858	84.84369857	15.15589505	0.0004063798622				0	63.38009805	36.61990195	63.58724882	36.41275118	0				-714.5040509	0.1199805858	NaN	
714.3440509	94	5	1	1	0.1199805858	84.84369857	15.15589505	0.0004063798622				0	63.38009805	36.61990195	63.58724882	36.41275118	0				-714.3440509	0.1199805858	NaN	
714.1840509	94	5	1	1	0.1199805858	84.84369857	15.15589505	0.0004063798622				0	63.38009805	36.61990195	63.58724882	36.41275118	0				-714.1840509	0.1199805858	NaN	
714.0240509	94	5	1	1	0.1199805858	84.84369857	15.15589505	0.0004063798622				0	63.38009805	36.61990195	63.58724882	36.41275118	0				-714.0240509	0.1199805858	NaN	
713.8640509	94	5	1	1	0.1199805858	84.84369857	15.15589505	0.0004063798622				0	63.38009805	36.61990195	63.58724882	36.41275118	0				-713.8640509	0.1199805858	NaN	
713.7040509	94	5	1	1	0.1199805858	84.84369857	15.15589505	0.0004063798622				0	63.38009805	36.61990195	63.58724882	36.41275118	0				-713.7040509	0.1199805858	NaN	
713.5440509	94	5	1	1	0.1199805858	84.84369857	15.15589505	0.0004063798622				0	63.38009805	36.61990195	63.58724882	36.41275118	0				-713.5440509	0.1199805858	NaN	
713.3840509	94	5	1	1	0.1199805858	84.84369857	15.15589505	0.0004063798622				0	63.38009805	36.61990195	63.58724882	36.41275118	0				-713.3840509	0.1199805858	NaN	
713.2240509	94	5	1	1	0.1199805858	84.84369857	15.15589505	0.0004063798622				0	63.38009805	36.61990195	63.58724882	36.41275118	0				-713.2240509	0.1199805858	NaN	
713.0640509	94	5	1	1	0.1199805858	84.84369857	15.15589505	0.0004063798622				0	63.38009805	36.61990195	63.58724882	36.41275118	0				-713.0640509	0.1199805858	NaN	
712.9040509	94	5	1	1	0.1199805858	84.84369857	15.15589505	0.0004063798622				0	63.38009805	36.61990195	63.58724882	36.41275118	0				-712.9040509	0.1199805858	NaN	
712.7440509	94	5	1	1	0.1199805858	84.84369857	15.15589505	0.0004063798622				0	63.38009805	36.61990195	63.58724882	36.41275118	0				-712.7440509	0.1199805858	NaN	
712.5840509	94	5	1	1	0.1199805858	84.84369857	15.15589505	0.0004063798622				0	63.38009805	36.61990195	63.58724882	36.41275118	0				-712.5840509	0.1199805858	NaN	
712.4240509	94	5	1	1	0.1199805858	84.84369857	15.15589505	0.0004063798622				0	63.38009805	36.61990195	63.58724882	36.41275118	0				-712.4240509	0.1199805858	NaN	
712.2640509	94	5	1	1	0.1199805858	84.84369857	15.15589505	0.0004063798622				0	63.38009805	36.61990195	63.58724882	36.41275118	0				-712.2640509	0.1199805858	NaN	
712.1040509	94	5	1	1	0.1199805858	84.84369857	15.15589505	0.0004063798622				0	63.38009805	36.61990195	63.58724882	36.41275118	0				-712.1040509	0.1199805858	NaN	
711.9440509	94	5	1	1	0.1199805858	84.84369857	15.15589505	0.0004063798622				0	63.38009805	36.61990195	63.58724882	36.41275118	0				-711.9440509	0.1199805858	NaN	
711.7840509	94	5	1	1	0.1199805858	84.84369857	15.15589505	0.0004063798622				0	63.38009805	36.61990195	63.58724882	36.41275118	0				-711.7840509	0.1199805858	NaN	
711.6240509	94	5	1	1	0.1199805858	84.84369857	15.15589505	0.0004063798622				0	63.38009805	36.61990195	63.58724882	36.41275118	0				-711.6240509	0.1199805858	NaN	
711.4640509	94	5	1	1	0.1199805858	84.84369857	15.15589505	0.0004063798622				0	63.38009805	36.61990195	63.58724882	36.41275118	0				-711.4640509	0.1199805858	NaN	
711.3040509	94	5	1	1	0.1199805858	84.84369857	15.15589505	0.0004063798622				0	63.38009805	36.61990195	63.58724882	36.41275118	0				-711.3040509	0.1199805858	NaN	
711.1440509	94	5	1	1	0.1199805858	84.84369857	15.15589505	0.0004063798622				0	63.38009805	36.61990195	63.58724882	36.41275118	0				-711.1440509	0.1199805858	NaN	
710.9840509	94	5	1	1	0.1199805858	84.84369857	15.15589505	0.0004063798622				0	63.38009805	36.61990195	63.58724882	36.41275118	0				-710.9840509	0.1199805858	NaN	
710.8240509	94	5	1	1	0.1199805858	84.84369857	15.15589505	0.0004063798622				0	63.38009805	36.61990195	63.58724882	36.41275118	0				-710.8240509	0.1199805858	NaN	
710.6640509	94	5	1	1	0.1199805858	84.84369857	15.15589505	0.0004063798622				0	63.38009805	36.61990195	63.58724882	36.41275118	0				-710.6640509	0.1199805858	NaN	
710.5040509	94	5	1	1	0.1199805858	84.84369857	15.15589505	0.0004063798622				0	63.38009805	36.61990195	63.58724882	36.41275118	0				-710.5040509	0.1199805858	NaN	
710.3440509	94	5	1	1	0.1199805858	84.84369857	15.15589505	0.0004063798622				0	63.38009805	36.61990195	63.58724882	36.41275118	0				-710.3440509	0.1199805858	NaN	
710.1840509	94	5	1	1	0.1199805858	84.84369857	15.15589505	0.0004063798622				0	63.38009805	36.61990195	63.58724882	36.41275118	0				-710.1840509	0.1199805858	NaN	
710.0240509	94	5	1	1	0.1199805858	84.84369857	15.15589505	0.0004063798622				0	63.38009805	36.61990195	63.58724882	36.41275118	0				-710.0240509	0.1199805858	NaN	
709.8640509	94	5	1	1	0.1199805858	84.84369857	15.15589505	0.0004063798622				0	63.38009805	36.61990195	63.58724882	36.41275118	0				-709.8640509	0.1199805858	NaN	
709.7040509	94	5	1	1	0.1199805858	84.84369857	15.15589505	0.0004063798622				0	63.38009805	36.61990195	63.58724882	36.41275118	0				-709.7040509	0.1199805858	NaN	
709.5440509	94	5	1	1	0.1199805858	84.84369857	15.15589505	0.0004063798622				0	63.38009805	36.61990195	63.58724882	36.41275118	0				-709.5440509	0.1199805858	NaN	
709.3840509	94	5	1	1	0.1199805858	84.84369857	15.15589505	0.0004063798622				0	63.38009805	36.61990195	63.58724882	36.41275118	0				-709.3840509	0.1199805858	NaN	
709.2240509	94	5	1	1	0.1199805858	84.84369857	15.15589505	0.0004063798622				0	63.38009805	36.61990195	63.58724882	36.41275118	0				-709.2240509	0.1199805858	NaN	
709.0640509	94	5	1	1	0.1199805858	84.84369857	15.15589505	0.0004063798622				0	63.38009805	36.61990195	63.58724882	36.41275118	0				-709.0640509	0.1199805858	NaN	
708.9040509	94	5	1	1	0.1199805858	84.84369857	15.15589505	0.0004063798622				0	63.38009805	36.61990195	63.58724882	36.41275118	0				-708.9040509	0.1199805858	NaN	
708.7440509	94	5	1	1	0.1199805858	84.84369857	15.15589505	0.0004063798622				0	63.38009805	36.61990195	63.58724882	36.41275118	0				-708.7440509	0.1199805858	NaN	
708.5840509	94	5	1	1	0.1199805858	84.84369857	15.15589505	0.0004063798622				0	63.38009805	36.61990195	63.58724882	36.41275118	0				-708.5840509	0.1199805858	NaN	
708.4240509	94	5	1	1	0.1199805858	84.84369857	15.15589505	0.0004063798622				0	63.38009805	36.61990195	63.58724882	36.41275118	0				-708.4240509	0.1199805858	NaN	
708.2640509	94	5	1	1	0.1199805858	84.84369857	15.15589505	0.0004063798622				0	63.38009805	36.61990195	63.58724882	36.41275118	0				-708.2640509	0.1199805858	NaN	
708.1040509	94	5	1	1	0.1199805858	84.84369857	15.15589505	0.0004063798622				0	63.38009805	36.61990195	63.58724882	36.41275118	0				-708.1040509	0.1199805858	NaN	
707.9440509	94	5	1	1	0.1199805858	84.84369857	15.15589505	0.0004063798622				0	63.38009805	36.61990195	63.58724882	36.41275118	0				-707.9440509	0.1199805858	NaN	
707.7840509	94	5	1	1	0.1199805858	84.84369857	15.15589505	0.0004063798622				0	63.38009805	36.61990195	63.58724882	36.41275118	0				-707.7840509	0.1199805858	NaN	
707.6240509	94	5	1	1	0.1199805858	84.84369857	15.15589505	0.0004063798622				0	63.38009805	36.61990195	63.58724882	36.41275118	0				-707.6240509	0.1199805858	NaN	
707.4640509	94	5	1	1	0.1199805858	84.84369857	15.15589505	0.0004063798622				0	63.38009805	36.61990195	63.58724882	36.41275118	0				-707.4640509	0.1199805858	NaN	
707.3040509	94	5	1	1	0.1199805858	84.84369857	15.15589505	0.0004063798622				0	63.38009805	36.61990195	63.58724882	36.41275118	0				-707.3040509	0.1199805858	NaN	
707.1440509	94	5	1	1	0.1199805858	84.84369857	15.15589505	0.0004063798622				0	63.38009805	36.61990195	63.58724882	36.41275118	0				-707.1440509	0.1199805858	NaN	
706.9840509	94	5	1	1	0.1199805858	84.84369857	15.15589505	0.0004063798622				0	63.38009805	36.61990195	63.58724882	36.41275118	0				-706.9840509	0.1199805858	NaN	
706.8240509	94	5	1	1	0.1199805858	84.84369857	15.15589505	0.0004063798622				0	63.38009805	36.61990195	63.58724882	36.41275118	0				-706.8240509	0.1199805858	NaN	
706.6640509	94	5	1	1	0.1199805858	84.84369857	15.15589505	0.0004063798622				0	63.38009805	36.61990195	63.58724882	36.41275118	0				-706.6640509	0.1199805858	NaN	
706.5040509	94	5	1	1	0.1199805858	84.84369857	15.15589505	0.0004063798622				0	63.38009805	36.61990195	63.58724882	36.41275118	0				-706.5040509	0.1199805858	NaN	
706.3440509	94	5	1	1	0.1199805858	84.84369857	15.15589505	0.0004063798622				0	63.38009805	36.61990195	63.58724882	36.41275118	0				-706.3440509	0.1199805858	NaN	
706.1840509	94	5	1	1	0.1199805858	84.84369857	15.15589505	0.0004063798622				0	63.38009805	36.61990195	63.58724882	36.41275118	0				-706.1840509	0.1199805858	NaN	
706.0240509	94	5	1	1	0.1199805858	84.84369857	15.15589505	0.0004063798622				0	63.38009805	36.61990195	63.58724882	36.41275118	0				-706.0240509	0.1199805858	NaN	
705.8640509	94	5	1	1	0.1199805858	84.84369857	15.15589505	0.0004063798622				0	63.38009805	36.61990195	63.58724882	36.41275118	0				-705.8640509	0.1199805858	NaN	
705.7040509	94	5	1	1	0.1199805858	84.84369857	15.15589505	0.0004063798622				0	63.38009805	36.61990195	63.58724882	36.41275118	0				-705.7040509	0.1199805858	NaN	
705.5440509	94	5	1	1	0.1199805858	84.84369857	15.15589505	0.0004063798622				0	63.38009805	36.61990195	63.58724882	36.41275118	0				-705.5440509	0.1199805858	NaN	
705.3840509	94	5	1	1	0.1199805858	84.84369857	15.15589505	0.0004063798622				0	63.38009805	36.61990195	63.58724882	36.41275118	0				-705.3840509	0.1199805858	NaN	
705.2240509	94	5	1	1	0.1199805858	84.84369857	15.15589505	0.0004063798622				0	63.38009805	36.61990195	63.58724882	36.41275118	0				-705.2240509	0.1199805858	NaN	
705.0640509	94	5	1	1	0.1199805858	84.84369857	15.15589505	0.0004063798622				0	63.38009805	36.61990195	63.58724882	36.41275118	0				-705.0640509	0.1199805858	NaN	
704.9040509	94	5	1	1	0.1199805858	84.84369857	15.15589505	0.0004063798622				0	63.38009805	36.61990195	63.58724882	36.41275118	0				-704.9040509	0.1199805858	NaN	
704.7440509	94	5	1	1	0.1199805858	84.84369857	15.15589505	0.0004063798622				0	63.38009805	36.61990195	63.58724882	36.41275118	0				-704.7440509	0.1199805858	NaN	
704.5840509	94	5	1	1	0.1199805858	84.84369857	15.15589505	0.0004063798622				0	63.38009805	36.61990195	63.58724882	36.41275118	0				-704.5840509	0.1199805858	NaN	
704.4240509	94	5	1	1	0.1199805858	84.84369857	15.15589505	0.0004063798622				0	63.38009805	36.61990195	63.58724882	36.41275118	0				-704.4240509	0.1199805858	NaN	
704.2640509	94	5	1	1	0.1199805858	84.84369857	15.15589505	0.0004063798622				0	63.38009805	36.61990195	63.58724882	36.41275118	0				-704.2640509	0.1199805858	NaN	
704.1040509	94	5	1	1	0.1199805858	84.84369857	15.15589505	0.0004063798622				0	63.38009805	36.61990195	63.58724882	36.41275118	0				-704.1040509	0.1199805858	NaN	
703.9440509	94	5	1	1	0.1199805858	84.84369857	15.15589505	0.0004063798622				0	63.38009805	36.61990195	63.58724882	36.41275118	0				-703.9440509	0.1199805858	NaN	
703.7840509	94	5	1	1	0.1199805858	84.84369857	15.15589505	0.0004063798622				0	63.38009805	36.61990195	63.58724882	36.41275118	0				-703.7840509	0.1199805858	NaN	
703.6240509	94	5	1	1	0.1199805858	84.84369857	15.15589505	0.0004063798622				0	63.38009805	36.61990195	63.58724882	36.41275118	0				-703.6240509	0.1199805858	NaN	
703.4640509	94	5	1	1	0.1199805858	84.84369857	15.15589505	0.0004063798622				0	63.38009805	36.61990195	63.58724882	36.41275118	0				-703.4640509	0.1199805858	NaN	
703.3040509	94	5	1	1	0.1199805858	84.84369857	15.15589505	0.0004063798622				0	63.38009805	36.61990195	63.58724882	36.41275118	0				-703.3040509	0.1199805858	NaN	
703.1440509	94	5	1	1	0.1199805858	84.84369857	15.15589505	0.0004063798622				0	63.38009805	36.61990195	63.58724882	36.41275118	0				-703.1440509	0.1199805858	NaN	
702.9840509	94	5	1	1	0.1199805858	84.84369857	15.15589505	0.0004063798622				0	63.38009805	36.61990195	63.58724882	36.41275118	0				-702.9840509	0.1199805858	NaN	
702.8240509	94	5	1	1	0.1199805858	84.84369857	15.15589505	0.0004063798622				0	63.38009805	36.61990195	63.58724882	36.41275118	0				-702.8240509	0.1199805858	NaN	
702.6640509	94	5	1	1	0.1199805858	84.84369857	15.15589505	0.0004063798622				0	63.38009805	36.61990195	63.58724882	36.41275118	0				-702.6640509	0.1199805858	NaN	
702.5040509	94	5	1	1	0.1199805858	84.84369857	15.15589505	0.0004063798622				0	63.38009805	36.61990195	63.58724882	36.41275118	0				-702.5040509	0.1199805858	NaN	
702.3440509	94	5	1	1	0.1199805858	84.84369857	15.15589505	0.0004063798622				0	63.38009805	36.61990195	63.58724882	36.41275118	0				-702.3440509	0.1199805858	NaN	
702.1840509	94	5	1	1	0.1199805858	84.84369857	15.15589505	0.0004063798622				0	63.38009805	36.61990195	63.58724882	36.41275118	0				-702.1840509	0.1199805858	NaN	
702.0240509	94	5	1	1	0.1199805858	84.84369857	15.15589505	0.0004063798622				0	63.38009805	36.61990195	63.58724882	36.41275118	0				-702.0240509	0.1199805858	NaN	
701.8640509	94	5	1	1	0.1199805858	84.84369857	15.15589505	0.0004063798622				0	63.38009805	36.61990195	63.58724882	36.41275118	0				-701.8640509	0.1199805858	NaN	
701.7040509	94	5	1	1	0.1199805858	84.84369857	15.15589505	0.0004063798622				0	63.38009805	36.61990195	63.58724882	36.41275118	0				-701.7040509	0.1199805858	NaN	
701.5440509	94	5	1	1	0.1199805858	84.84369857	15.15589505	0.0004063798622				0	63.38009805	36.61990195	63.58724882	36.41275118	0				-701.5440509	0.1199805858	NaN	
701.3840509	94	5	1	1	0.1199805858	84.84369857	15.15589505	0.0004063798622				0	63.38009805	36.61990195	63.58724882	36.41275118	0				-701.3840509	0.1199805858	NaN	
701.2240509	94	5	1	1	0.1199805858	84.84369857	15.15589505	0.0004063798622				0	63.38009805	36.61990195	63.58724882	36.41275118	0				-701.2240509	0.1199805858	NaN	
701.0640509	94	5	1	1	0.1199805858	84.84369857	15.15589505	0.0004063798622				0	63.38009805	36.61990195	63.58724882	36.41275118	0				-701.0640509	0.1199805858	NaN	
700.9040509	94	5	1	1	0.1199805858	84.84369857	15.15589505	0.0004063798622				0	63.38009805	36.61990195	63.58724882	36.41275118	0				-700.9040509	0.1199805858	NaN	
700.7440509	94	5	1	1	0.1199805858	84.84369857	15.15589505	0.0004063798622				0	63.38009805	36.61990195	63.58724882	36.41275118	0				-700.7440509	0.1199805858	NaN	
700.5840509	94	5	1	1	0.1199805858	84.84369857	15.15589505	0.0004063798622				0	63.38009805	36.61990195	63.58724882	36.41275118	0				-700.5840509	0.1199805858	NaN	
700.4240509	94	5	1	1	0.1199805858	84.84369857	15.15589505	0.0004063798622				0	63.38009805	36.61990195	63.58724882	36.41275118	0				-700.4240509	0.1199805858	NaN	
700.2640509	94	5	1	1	0.1199805858	84.84369857	15.15589505	0.0004063798622				0	63.38009805	36.61990195	63.58724882	36.41275118	0				-700.2640509	0.1199805858	NaN	
700.1040509	94	5	1	1	0.1199805858	84.84369857	15.15589505	0.0004063798622				0	63.38009805	36.61990195	63.58724882	36.41275118	0				-700.1040509	0.1199805858	NaN	
699.9440509	94	5	1	1	0.1199805858	84.84369857	15.15589505	0.0004063798622				0	63.38009805	36.61990195	63.58724882	36.41275118	0				-699.9440509	0.1199805858	NaN	
699.7840509	94	5	1	1	0.1199805858	84.84369857	15.15589505	0.0004063798622				0	63.38009805	36.61990195	63.58724882	36.41275118	0				-699.7840509	0.1199805858	NaN	
699.6240509	94	5	1	1	0.1199805858	84.84369857	15.15589505	0.0004063798622				0	63.38009805	36.61990195	63.58724882	36.41275118	0				-699.6240509	0.1199805858	NaN	
699.4640509	94	5	1	1	0.1199805858	84.84369857	15.15589505	0.0004063798622				0	63.38009805	36.61990195	63.58724882	36.41275118	0				-699.4640509	0.1199805858	NaN	
699.3040509	94	5	1	1	0.1199805858	84.84369857	15.15589505	0.0004063798622				0	63.38009805	36.61990195	63.58724882	36.41275118	0				-699.3040509	0.1199805858	NaN	
699.1440509	94	5	1	1	0.1199805858	84.84369857	15.15589505	0.0004063798622				0	63.38009805	36.61990195	63.58724882	36.41275118	0				-699.1440509	0.1199805858	NaN	
698.9840509	94	5	1	1	0.1199805858	84.84369857	15.15589505	0.0004063798622				0	63.38009805	36.61990195	63.58724882	36.41275118	0				-698.9840509	0.1199805858	NaN	
698.8240509	94	5	1	1	0.1199805858	84.84369857	15.15589505	0.0004063798622				0	63.38009805	36.61990195	63.58724882	36.41275118	0				-698.8240509	0.1199805858	NaN	
698.6640509	94	5	1	1	0.1199805858	84.84369857	15.15589505	0.0004063798622				0	63.38009805	36.61990195	63.58724882	36.41275118	0				-698.6640509	0.1199805858	NaN	
698.5040509	94	5	1	1	0.1199805858	84.84369857	15.15589505	0.0004063798622				0	63.38009805	36.61990195	63.58724882	36.41275118	0				-698.5040509	0.1199805858	NaN	
698.3440509	94	5	1	1	0.1199805858	84.84369857	15.15589505	0.0004063798622				0	63.38009805	36.61990195	63.58724882	36.41275118	0				-698.3440509	0.1199805858	NaN	
698.1840509	94	5	1	1	0.1199805858	84.84369857	15.15589505	0.0004063798622				0	63.38009805	36.61990195	63.58724882	36.41275118	0				-698.1840509	0.1199805858	NaN	
698.0240509	94	5	1	1	0.1199805858	84.84369857	15.15589505	0.0004063798622				0	63.38009805	36.61990195	63.58724882	36.41275118	0				-698.0240509	0.1199805858	NaN	
697.8640509	94	5	1	1	0.1199805858	84.84369857	15.15589505	0.0004063798622				0	63.38009805	36.61990195	63.58724882	36.41275118	0				-697.8640509	0.1199805858	NaN	
697.7040509	94	5	1	1	0.1199805858	84.84369857	15.15589505	0.0004063798622				0	63.38009805	36.61990195	63.58724882	36.41275118	0				-697.7040509	0.1199805858	NaN	
697.5440509	94	5	1	1	0.1199805858	84.84369857	15.15589505	0.0004063798622				0	63.38009805	36.61990195	63.58724882	36.41275118	0				-697.5440509	0.1199805858	NaN	
697.3840509	94	5	1	1	0.1199805858	84.84369857	15.15589505	0.0004063798622				0	63.38009805	36.61990195	63.58724882	36.41275118	0				-697.3840509	0.1199805858	NaN	
697.2240509	94	5	1	1	0.1199805858	84.84369857	15.15589505	0.0004063798622				0	63.38009805	36.61990195	63.58724882	36.41275118	0				-697.2240509	0.1199805858	NaN	
697.0640509	94	5	1	1	0.1199805858	84.84369857	15.15589505	0.0004063798622				0	63.38009805	36.61990195	63.58724882	36.41275118	0				-697.0640509	0.1199805858	NaN	
696.9040509	94	5	1	1	0.1199805858	84.84369857	15.15589505	0.0004063798622				0	63.38009805	36.61990195	63.58724882	36.41275118	0				-696.9040509	0.1199805858	NaN	
696.7440509	94	5	1	1	0.1199805858	84.84369857	15.15589505	0.0004063798622				0	63.38009805	36.61990195	63.58724882	36.41275118	0				-696.7440509	0.1199805858	NaN	
696.5840509	94	5	1	1	0.1199805858	84.84369857	15.15589505	0.0004063798622				0	63.38009805	36.61990195	63.58724882	36.41275118	0				-696.5840509	0.1199805858	NaN	
696.4240509	94	5	1	1	0.1199805858	84.84369857	15.15589505	0.0004063798622				0	63.38009805	36.61990195	63.58724882	36.41275118	0				-696.4240509	0.1199805858	NaN	
696.2640509	94	5	1	1	0.1199805858	84.84369857	15.15589505	0.0004063798622				0	63.38009805	36.61990195	63.58724882	36.41275118	0				-696.2640509	0.1199805858	NaN	
696.1040509	94	5	1	1	0.1199805858	84.84369857	15.15589505	0.0004063798622				0	63.38009805	36.61990195	63.58724882	36.41275118	0				-696.1040509	0.1199805858	NaN	
695.9440509	94	5	1	1	0.1199805858	84.84369857	15.15589505	0.0004063798622				0	63.38009805	36.61990195	63.58724882	36.41275118	0				-695.9440509	0.1199805858	NaN	
695.7840509	94	5	1	1	0.1199805858	84.84369857	15.15589505	0.0004063798622				0	63.38009805	36.61990195	63.58724882	36.41275118	0				-695.7840509	0.1199805858	NaN	
695.6240509	94	5	1	1	0.1199805858	84.84369857	15.15589505	0.0004063798622				0	63.38009805	36.61990195	63.58724882	36.41275118	0				-695.6240509	0.1199805858	NaN	
695.4640509	94	5	1	1	0.1199805858	84.84369857	15.15589505	0.0004063798622				0	63.38009805	36.61990195	63.58724882	36.41275118	0				-695.4640509	0.1199805858	NaN	
695.3040509	94	5	1	1	0.1199805858	84.84369857	15.15589505	0.0004063798622				0	63.38009805	36.61990195	63.58724882	36.41275118	0				-695.3040509	0.1199805858	NaN	
695.1440509	94	5	1	1	0.1199805858	84.84369857	15.15589505	0.0004063798622				0	63.38009805	36.61990195	63.58724882	36.41275118	0				-695.1440509	0.1199805858	NaN	
694.9840509	94	5	1	1	0.1199805858	84.84369857	15.15589505	0.0004063798622				0	63.38009805	36.61990195	63.58724882	36.41275118	0				-694.9840509	0.1199805858	NaN	
694.8240509	94	5	1	1	0.1199805858	84.84369857	15.15589505	0.0004063798622				0	63.38009805	36.61990195	63.58724882	36.41275118	0				-694.8240509	0.1199805858	NaN	
694.6640509	94	5	1	1	0.1199805858	84.84369857	15.15589505	0.0004063798622				0	63.38009805	36.61990195	63.58724882	36.41275118	0				-694.6640509	0.1199805858	NaN	
694.5040509	94	5	1	1	0.1199805858	84.84369857	15.15589505	0.0004063798622				0	63.38009805	36.61990195	63.58724882	36.41275118	0				-694.5040509	0.1199805858	NaN	
694.3440509	94	5	1	1	0.1199805858	84.84369857	15.15589505	0.0004063798622				0	63.38009805	36.61990195	63.58724882	36.41275118	0				-694.3440509	0.1199805858	NaN	
694.1840509	94	5	1	1	0.1199805858	84.84369857	15.15589505	0.0004063798622				0	63.38009805	36.61990195	63.58724882	36.41275118	0				-694.1840509	0.1199805858	NaN	
694.0240509	94	5	1	1	0.1199805858	84.84369857	15.15589505	0.0004063798622				0	63.38009805	36.61990195	63.58724882	36.41275118	0				-694.0240509	0.1199805858	NaN	
693.8640509	94	5	1	1	0.1199805858	84.84369857	15.15589505	0.0004063798622				0	63.38009805	36.61990195	63.58724882	36.41275118	0				-693.8640509	0.1199805858	NaN	
693.7040509	94	5	1	1	0.1199805858	84.84369857	15.15589505	0.0004063798622				0	63.38009805	36.61990195	63.58724882	36.41275118	0				-693.7040509	0.1199805858	NaN	
693.5440509	94	5	1	1	0.1199805858	84.84369857	15.15589505	0.0004063798622				0	63.38009805	36.61990195	63.58724882	36.41275118	0				-693.5440509	0.1199805858	NaN	
693.3840509	94	5	1	1	0.1199805858	84.84369857	15.15589505	0.0004063798622				0	63.38009805	36.61990195	63.58724882	36.41275118	0				-693.3840509	0.1199805858	NaN	
693.2240509	94	5	1	1	0.1199805858	84.84369857	15.15589505	0.0004063798622				0	63.38009805	36.61990195	63.58724882	36.41275118	0				-693.2240509	0.1199805858	NaN	
693.0640509	94	5	1	1	0.1199805858	84.84369857	15.15589505	0.0004063798622				0	63.38009805	36.61990195	63.58724882	36.41275118	0				-693.0640509	0.1199805858	NaN	
692.9040509	94	5	1	1	0.1199805858	84.84369857	15.15589505	0.0004063798622				0	63.38009805	36.61990195	63.58724882	36.41275118	0				-692.9040509	0.1199805858	NaN	
692.7440509	94	5	1	1	0.1199805858	84.84369857	15.15589505	0.0004063798622				0	63.38009805	36.61990195	63.58724882	36.41275118	0				-692.7440509	0.1199805858	NaN	
692.5840509	94	5	1	1	0.1199805858	84.84369857	15.15589505	0.0004063798622				0	63.38009805	36.61990195	63.58724882	36.41275118	0				-692.5840509	0.1199805858	NaN	
692.4240509	94	5	1	1	0.1199805858	84.84369857	15.15589505	0.0004063798622				0	63.38009805	36.61990195	63.58724882	36.41275118	0				-692.4240509	0.1199805858	NaN	
692.2640509	94	5	1	1	0.1199805858	84.84369857	15.15589505	0.0004063798622				0	63.38009805	36.61990195	63.58724882	36.41275118	0				-692.2640509	0.1199805858	NaN	
692.1040509	94	5	1	1	0.1199805858	84.84369857	15.15589505	0.0004063798622				0	63.38009805	36.61990195	63.58724882	36.41275118	0				-692.1040509	0.1199805858	NaN	
691.9440509	94	5	1	1	0.1199805858	84.84369857	15.15589505	0.0004063798622				0	63.38009805	36.61990195	63.58724882	36.41275118	0				-691.9440509	0.1199805858	NaN	
691.7840509	94	5	1	1	0.1199805858	84.84369857	15.15589505	0.0004063798622				0	63.38009805	36.61990195	63.58724882	36.41275118	0				-691.7840509	0.1199805858	NaN	
691.6240509	94	5	1	1	0.1199805858	84.84369857	15.15589505	0.0004063798622				0	63.38009805	36.61990195	63.58724882	36.41275118	0				-691.6240509	0.1199805858	NaN	
691.4640509	94	5	1	1	0.1199805858	84.84369857	15.15589505	0.0004063798622				0	63.38009805	36.61990195	63.58724882	36.41275118	0				-691.4640509	0.1199805858	NaN	
691.3040509	94	5	1	1	0.1199805858	84.84369857	15.15589505	0.0004063798622				0	63.38009805	36.61990195	63.58724882	36.41275118	0				-691.3040509	0.1199805858	NaN	
691.1440509	94	5	1	1	0.1199805858	84.84369857	15.15589505	0.0004063798622				0	63.38009805	36.61990195	63.58724882	36.41275118	0				-691.1440509	0.1199805858	NaN	
690.9840509	94	5	1	1	0.1199805858	84.84369857	15.15589505	0.0004063798622				0	63.38009805	36.61990195	63.58724882	36.41275118	0				-690.9840509	0.1199805858	NaN	
690.8240509	94	5	1	1	0.1199805858	84.84369857	15.15589505	0.0004063798622				0	63.38009805	36.61990195	63.58724882	36.41275118	0				-690.8240509	0.1199805858	NaN	
690.6640509	94	5	1	1	0.1199805858	84.84369857	15.15589505	0.0004063798622				0	63.38009805	36.61990195	63.58724882	36.41275118	0				-690.6640509	0.1199805858	NaN	
690.5040509	94	5	1	1	0.1199805858	84.84369857	15.15589505	0.0004063798622				0	63.38009805	36.61990195	63.58724882	36.41275118	0				-690.5040509	0.1199805858	NaN	
690.3440509	94	5	1	1	0.1199805858	84.84369857	15.15589505	0.0004063798622				0	63.38009805	36.61990195	63.58724882	36.41275118	0				-690.3440509	0.1199805858	NaN	
690.1840509	94	5	1	1	0.1199805858	84.84369857	15.15589505	0.0004063798622				0	63.38009805	36.61990195	63.58724882	36.41275118	0				-690.1840509	0.1199805858	NaN	
690.0240509	94	5	1	1	0.1199805858	84.84369857	15.15589505	0.0004063798622				0	63.38009805	36.61990195	63.58724882	36.41275118	0				-690.0240509	0.1199805858	NaN	
689.8640509	94	5	1	1	0.1199805858	84.84369857	15.15589505	0.0004063798622				0	63.38009805	36.61990195	63.58724882	36.41275118	0				-689.8640509	0.1199805858	NaN	
689.7040509	94	5	1	1	0.1199805858	84.84369857	15.15589505	0.0004063798622				0	63.38009805	36.61990195	63.58724882	36.41275118	0				-689.7040509	0.1199805858	NaN	
689.5440509	94	5	1	1	0.1199805858	84.84369857	15.15589505	0.0004063798622				0	63.38009805	36.61990195	63.58724882	36.41275118	0				-689.5440509	0.1199805858	NaN	
689.3840509	94	5	1	1	0.1199805858	84.84369857	15.15589505	0.0004063798622				0	63.38009805	36.61990195	63.58724882	36.41275118	0				-689.3840509	0.1199805858	NaN	
689.2240509	94	5	1	1	0.1199805858	84.84369857	15.15589505	0.0004063798622				0	63.38009805	36.61990195	63.58724882	36.41275118	0				-689.2240509	0.1199805858	NaN	
689.0640509	94	5	1	1	0.1199805858	84.84369857	15.15589505	0.0004063798622				0	63.38009805	36.61990195	63.58724882	36.41275118	0				-689.0640509	0.1199805858	NaN	
688.9040509	94	5	1	1	0.1199805858	84.84369857	15.15589505	0.0004063798622				0	63.38009805	36.61990195	63.58724882	36.41275118	0				-688.9040509	0.1199805858	NaN	
688.7440509	94	5	1	1	0.1199805858	84.84369857	15.15589505	0.0004063798622				0	63.38009805	36.61990195	63.58724882	36.41275118	0				-688.7440509	0.1199805858	NaN	
688.5840509	94	5	1	1	0.1199805858	84.84369857	15.15589505	0.0004063798622				0	63.38009805	36.61990195	63.58724882	36.41275118	0				-688.5840509	0.1199805858	NaN	
688.4240509	94	5	1	1	0.1199805858	84.84369857	15.15589505	0.0004063798622				0	63.38009805	36.61990195	63.58724882	36.41275118	0				-688.4240509	0.1199805858	NaN	
688.2640509	94	5	1	1	0.1199805858	84.84369857	15.15589505	0.0004063798622				0	63.38009805	36.61990195	63.58724882	36.41275118	0				-688.2640509	0.1199805858	NaN	
688.1040509	94	5	1	1	0.1199805858	84.84369857	15.15589505	0.0004063798622				0	63.38009805	36.61990195	63.58724882	36.41275118	0				-688.1040509	0.1199805858	NaN	
687.9440509	94	5	1	1	0.1199805858	84.84369857	15.15589505	0.0004063798622				0	63.38009805	36.61990195	63.58724882	36.41275118	0				-687.9440509	0.1199805858	NaN	
687.7840509	94	5	1	1	0.1199805858	84.84369857	15.15589505	0.0004063798622				0	63.38009805	36.61990195	63.58724882	36.41275118	0				-687.7840509	0.1199805858	NaN	
687.6240509	94	5	1	1	0.1199805858	84.84369857	15.15589505	0.0004063798622				0	63.38009805	36.61990195	63.58724882	36.41275118	0				-687.6240509	0.1199805858	NaN	
687.4640509	94	5	1	1	0.1199805858	84.84369857	15.15589505	0.0004063798622				0	63.38009805	36.61990195	63.58724882	36.41275118	0				-687.4640509	0.1199805858	NaN	
687.3040509	94	5	1	1	0.1199805858	84.84369857	15.15589505	0.0004063798622				0	63.38009805	36.61990195	63.58724882	36.41275118	0				-687.3040509	0.1199805858	NaN	
687.1440509	94	5	1	1	0.1199805858	84.84369857	15.15589505	0.0004063798622				0	63.38009805	36.61990195	63.58724882	36.41275118	0				-687.1440509	0.1199805858	NaN	
686.9840509	94	5	1	1	0.1199805858	84.84369857	15.15589505	0.0004063798622				0	63.38009805	36.61990195	63.58724882	36.41275118	0				-686.9840509	0.1199805858	NaN	
686.8240509	94	5	1	1	0.1199805858	84.84369857	15.15589505	0.0004063798622				0	63.38009805	36.61990195	63.58724882	36.41275118	0				-686.8240509	0.1199805858	NaN	
686.6640509	94	5	1	1	0.1199805858	84.84369857	15.15589505	0.0004063798622				0	63.38009805	36.61990195	63.58724882	36.41275118	0				-686.6640509	0.1199805858	NaN	
686.5040509	94	5	1	1	0.1199805858	84.84369857	15.15589505	0.0004063798622				0	63.38009805	36.61990195	63.58724882	36.41275118	0				-686.5040509	0.1199805858	NaN	
686.3440509	94	5	1	1	0.1199805858	84.84369857	15.15589505	0.0004063798622				0	63.38009805	36.61990195	63.58724882	36.41275118	0				-686.3440509	0.1199805858	NaN	
686.1840509	94	5	1	1	0.1199805858	84.84369857	15.15589505	0.0004063798622				0	63.38009805	36.61990195	63.58724882	36.41275118	0				-686.1840509	0.1199805858	NaN	
686.0240509	94	5	1	1	0.1199805858	84.84369857	15.15589505	0.0004063798622				0	63.38009805	36.61990195	63.58724882	36.41275118	0				-686.0240509	0.1199805858	NaN	
685.8640509	94	5	1	1	0.1199805858	84.84369857	15.15589505	0.0004063798622				0	63.38009805	36.61990195	63.58724882	36.41275118	0				-685.8640509	0.1199805858	NaN	
685.7040509	94	5	1	1	0.1199805858	84.84369857	15.15589505	0.0004063798622				0	63.38009805	36.61990195	63.58724882	36.41275118	0				-685.7040509	0.1199805858	NaN	
685.5440509	94	5	1	1	0.1199805858	84.84369857	15.15589505	0.0004063798622				0	63.38009805	36.61990195	63.58724882	36.41275118	0				-685.5440509	0.1199805858	NaN	
685.3840509	94	5	1	1	0.1199805858	84.84369857	15.15589505	0.0004063798622				0	63.38009805	36.61990195	63.58724882	36.41275118	0				-685.3840509	0.1199805858	NaN	
685.2240509	94	5	1	1	0.1199805858	84.84369857	15.15589505	0.0004063798622				0	63.38009805	36.61990195	63.58724882	36.41275118	0				-685.2240509	0.1199805858	NaN	
685.0640509	94	5	1	1	0.1199805858	84.84369857	15.15589505	0.0004063798622				0	63.38009805	36.61990195	63.58724882	36.41275118	0				-685.0640509	0.1199805858	NaN	
684.9040509	94	5	1	1	0.1199805858	84.84369857	15.15589505	0.0004063798622				0	63.38009805	36.61990195	63.58724882	36.41275118	0				-684.9040509	0.1199805858	NaN	
684.7440509	94	5	1	1	0.1199805858	84.84369857	15.15589505	0.0004063798622				0	63.38009805	36.61990195	63.58724882	36.41275118	0				-684.7440509	0.1199805858	NaN	
684.5840509	94	5	1	1	0.1199805858	84.84369857	15.15589505	0.0004063798622				0	63.38009805	36.61990195	63.58724882	36.41275118	0				-684.5840509	0.1199805858	NaN	
684.4240509	94	5	1	1	0.1199805858	84.84369857	15.15589505	0.0004063798622				0	63.38009805	36.61990195	63.58724882	36.41275118	0				-684.4240509	0.1199805858	NaN	
684.2640509	94	5	1	1	0.1199805858	84.84369857	15.15589505	0.0004063798622				0	63.38009805	36.61990195	63.58724882	36.41275118	0				-684.2640509	0.1199805858	NaN	
684.1040509	94	5	1	1	0.1199805858	84.84369857	15.15589505	0.0004063798622				0	63.38009805	36.61990195	63.58724882	36.41275118	0				-684.1040509	0.1199805858	NaN	
683.9440509	94	5	1	1	0.1199805858	84.84369857	15.15589505	0.0004063798622				0	63.38009805	36.61990195	63.58724882	36.41275118	0				-683.9440509	0.1199805858	NaN	
683.7840509	94	5	1	1	0.1199805858	84.84369857	15.15589505	0.0004063798622				0	63.38009805	36.61990195	63.58724882	36.41275118	0				-683.7840509	0.1199805858	NaN	
683.6240509	94	5	1	1	0.1199805858	84.84369857	15.15589505	0.0004063798622				0	63.38009805	36.61990195	63.58724882	36.41275118	0				-683.6240509	0.1199805858	NaN	
683.4640509	94	5	1	1	0.1199805858	84.84369857	15.15589505	0.0004063798622				0	63.38009805	36.61990195	63.58724882	36.41275118	0				-683.4640509	0.1199805858	NaN	
683.3040509	94	5	1	1	0.1199805858	84.84369857	15.15589505	0.0004063798622				0	63.38009805	36.61990195	63.58724882	36.41275118	0				-683.3040509	0.1199805858	NaN	
683.1440509	94	5	1	1	0.1199805858	84.84369857	15.15589505	0.0004063798622				0	63.38009805	36.61990195	63.58724882	36.41275118	0				-683.1440509	0.1199805858	NaN	
682.9840509	94	5	1	1	0.1199805858	84.84369857	15.15589505	0.0004063798622				0	63.38009805	36.61990195	63.58724882	36.41275118	0				-682.9840509	0.1199805858	NaN	
682.8240509	94	5	1	1	0.1199805858	84.84369857	15.15589505	0.0004063798622				0	63.38009805	36.61990195	63.58724882	36.41275118	0				-682.8240509	0.1199805858	NaN	
682.6640509	94	5	1	1	0.1199805858	84.84369857	15.15589505	0.0004063798622				0	63.38009805	36.61990195	63.58724882	36.41275118	0				-682.6640509	0.1199805858	NaN	
682.5040509	94	5	1	1	0.1199805858	84.84369857	15.15589505	0.0004063798622				0	63.38009805	36.61990195	63.58724882	36.41275118	0				-682.5040509	0.1199805858	NaN	
682.3440509	94	5	1	1	0.1199805858	84.84369857	15.15589505	0.0004063798622				0	63.38009805	36.61990195	63.58724882	36.41275118	0				-682.3440509	0.1199805858	NaN	
682.1840509	94	5	1	1	0.1199805858	84.84369857	15.15589505	0.0004063798622				0	63.38009805	36.61990195	63.58724882	36.41275118	0				-682.1840509	0.1199805858	NaN	
682.0240509	94	5	1	1	0.1199805858	84.84369857	15.15589505	0.0004063798622				0	63.38009805	36.61990195	63.58724882	36.41275118	0				-682.0240509	0.1199805858	NaN	
681.8640509	94	5	1	1	0.1199805858	84.84369857	15.15589505	0.0004063798622				0	63.38009805	36.61990195	63.58724882	36.41275118	0				-681.8640509	0.1199805858	NaN	
681.7040509	94	5	1	1	0.1199805858	84.84369857	15.15589505	0.0004063798622				0	63.38009805	36.61990195	63.58724882	36.41275118	0				-681.7040509	0.1199805858	NaN	
681.5440509	94	5	1	1	0.1199805858	84.84369857	15.15589505	0.0004063798622				0	63.38009805	36.61990195	63.58724882	36.41275118	0				-681.5440509	0.1199805858	NaN	
681.3840509	94	5	1	1	0.1199805858	84.84369857	15.15589505	0.0004063798622				0	63.38009805	36.61990195	63.58724882	36.41275118	0				-681.3840509	0.1199805858	NaN	
681.2240509	94	5	1	1	0.1199805858	84.84369857	15.15589505	0.0004063798622				0	63.38009805	36.61990195	63.58724882	36.41275118	0				-681.2240509	0.1199805858	NaN	
681.0640509	94	5	1	1	0.1199805858	84.84369857	15.15589505	0.0004063798622				0	63.38009805	36.61990195	63.58724882	36.41275118	0				-681.0640509	0.1199805858	NaN	
680.9040509	94	5	1	1	0.1199805858	84.84369857	15.15589505	0.0004063798622				0	63.38009805	36.61990195	63.58724882	36.41275118	0				-680.9040509	0.1199805858	NaN	
680.7440509	94	5	1	1	0.1199805858	84.84369857	15.15589505	0.0004063798622				0	63.38009805	36.61990195	63.58724882	36.41275118	0				-680.7440509	0.1199805858	NaN	
680.5840509	94	5	1	1	0.1199805858	84.84369857	15.15589505	0.0004063798622				0	63.38009805	36.61990195	63.58724882	36.41275118	0				-680.5840509	0.1199805858	NaN	
680.4240509	94	5	1	1	0.1199805858	84.84369857	15.15589505	0.0004063798622				0	63.38009805	36.61990195	63.58724882	36.41275118	0				-680.4240509	0.1199805858	NaN	
680.2640509	94	5	1	1	0.1199805858	84.84369857	15.15589505	0.0004063798622				0	63.38009805	36.61990195	63.58724882	36.41275118	0				-680.2640509	0.1199805858	NaN	
680.1040509	94	5	1	1	0.1199805858	84.84369857	15.15589505	0.0004063798622				0	63.38009805	36.61990195	63.58724882	36.41275118	0				-680.1040509	0.1199805858	NaN	
679.9440509	94	5	1	1	0.1199805858	84.84369857	15.15589505	0.0004063798622				0	63.38009805	36.61990195	63.58724882	36.41275118	0				-679.9440509	0.1199805858	NaN	
679.7840509	94	5	1	1	0.1199805858	84.84369857	15.15589505	0.0004063798622				0	63.38009805	36.61990195	63.58724882	36.41275118	0				-679.7840509	0.1199805858	NaN	
679.6240509	94	5	1	1	0.1199805858	84.84369857	15.15589505	0.0004063798622				0	63.38009805	36.61990195	63.58724882	36.41275118	0				-679.6240509	0.1199805858	NaN	
679.4640509	94	5	1	1	0.1199805858	84.84369857	15.15589505	0.0004063798622				0	63.38009805	36.61990195	63.58724882	36.41275118	0				-679.4640509	0.1199805858	NaN	
679.3040509	94	5	1	1	0.1199805858	84.84369857	15.15589505	0.0004063798622				0	63.38009805	36.61990195	63.58724882	36.41275118	0				-679.3040509	0.1199805858	NaN	
679.1440509	94	5	1	1	0.1199805858	84.84369857	15.15589505	0.0004063798622				0	63.38009805	36.61990195	63.58724882	36.41275118	0				-679.1440509	0.1199805858	NaN	
678.9840509	94	5	1	1	0.1199805858	84.84369857	15.15589505	0.0004063798622				0	63.38009805	36.61990195	63.58724882	36.41275118	0				-678.9840509	0.1199805858	NaN	
678.8240509	94	5	1	1	0.1199805858	84.84369857	15.15589505	0.0004063798622				0	63.38009805	36.61990195	63.58724882	36.41275118	0				-678.8240509	0.1199805858	NaN	
678.6640509	94	5	1	1	0.1199805858	84.84369857	15.15589505	0.0004063798622				0	63.38009805	36.61990195	63.58724882	36.41275118	0				-678.6640509	0.1199805858	NaN	
678.5040509	94	5	1	1	0.1199805858	84.84369857	15.15589505	0.0004063798622				0	63.38009805	36.61990195	63.58724882	36.41275118	0				-678.5040509	0.1199805858	NaN	
678.3440509	94	5	1	1	0.1199805858	84.84369857	15.15589505	0.0004063798622				0	63.38009805	36.61990195	63.58724882	36.41275118	0				-678.3440509	0.1199805858	NaN	
678.1840509	94	5	1	1	0.1199805858	84.84369857	15.15589505	0.0004063798622				0	63.38009805	36.61990195	63.58724882	36.41275118	0				-678.1840509	0.1199805858	NaN	
678.0240509	94	5	1	1	0.1199805858	84.84369857	15.15589505	0.0004063798622				0	63.38009805	36.61990195	63.58724882	36.41275118	0				-678.0240509	0.1199805858	NaN	
677.8640509	94	5	1	1	0.1199805858	84.84369857	15.15589505	0.0004063798622				0	63.38009805	36.61990195	63.58724882	36.41275118	0				-677.8640509	0.1199805858	NaN	
677.7040509	94	5	1	1	0.1199805858	84.84369857	15.15589505	0.0004063798622				0	63.38009805	36.61990195	63.58724882	36.41275118	0				-677.7040509	0.1199805858	NaN	
677.5440509	94	5	1	1	0.1199805858	84.84369857	15.15589505	0.0004063798622				0	63.38009805	36.61990195	63.58724882	36.41275118	0				-677.5440509	0.1199805858	NaN	
677.3840509	94	5	1	1	0.1199805858	84.84369857	15.15589505	0.0004063798622				0	63.38009805	36.61990195	63.58724882	36.41275118	0				-677.3840509	0.1199805858	NaN	
677.2240509	94	5	1	1	0.1199805858	84.84369857	15.15589505	0.0004063798622				0	63.38009805	36.61990195	63.58724882	36.41275118	0				-677.2240509	0.1199805858	NaN	
677.0640509	94	5	1	1	0.1199805858	84.84369857	15.15589505	0.0004063798622				0	63.38009805	36.61990195	63.58724882	36.41275118	0				-677.0640509	0.1199805858	NaN	
676.9040509	94	5	1	1	0.1199805858	84.84369857	15.15589505	0.0004063798622				0	63.38009805	36.61990195	63.58724882	36.41275118	0				-676.9040509	0.1199805858	NaN	
676.7440509	94	5	1	1	0.1199805858	84.84369857	15.15589505	0.0004063798622				0	63.38009805	36.61990195	63.58724882	36.41275118	0				-676.7440509	0.1199805858	NaN	
676.5840509	94	5	1	1	0.1199805858	84.84369857	15.15589505	0.0004063798622				0	63.38009805	36.61990195	63.58724882	36.41275118	0				-676.5840509	0.1199805858	NaN	
676.4240509	94	5	1	1	0.1199805858	84.84369857	15.15589505	0.0004063798622				0	63.38009805	36.61990195	63.58724882	36.41275118	0				-676.4240509	0.1199805858	NaN	
676.2640509	94	5	1	1	0.1199805858	84.84369857	15.15589505	0.0004063798622				0	63.38009805	36.61990195	63.58724882	36.41275118	0				-676.2640509	0.1199805858	NaN	
676.1040509	94	5	1	1	0.1199805858	84.84369857	15.15589505	0.0004063798622				0	63.38009805	36.61990195	63.58724882	36.41275118	0				-676.1040509	0.1199805858	NaN	
675.9440509	94	5	1	1	0.1199805858	84.84369857	15.15589505	0.0004063798622				0	63.38009805	36.61990195	63.58724882	36.41275118	0				-675.9440509	0.1199805858	NaN	
675.7840509	94	5	1	1	0.1199805858	84.84369857	15.15589505	0.0004063798622				0	63.38009805	36.61990195	63.58724882	36.41275118	0				-675.7840509	0.1199805858	NaN	
675.6240509	94	5	1	1	0.1199805858	84.84369857	15.15589505	0.0004063798622				0	63.38009805	36.61990195	63.58724882	36.41275118	0				-675.6240509	0.1199805858	NaN	
675.4640509	94	5	1	1	0.1199805858	84.84369857	15.15589505	0.0004063798622				0	63.38009805	36.61990195	63.58724882	36.41275118	0				-675.4640509	0.1199805858	NaN	
675.3040509	94	5	1	1	0.1199805858	84.84369857	15.15589505	0.0004063798622				0	63.38009805	36.61990195	63.58724882	36.41275118	0				-675.3040509	0.1199805858	NaN	
675.1440509	94	5	1	1	0.1199805858	84.84369857	15.15589505	0.0004063798622				0	63.38009805	36.61990195	63.58724882	36.41275118	0				-675.1440509	0.1199805858	NaN	
674.9840509	94	5	1	1	0.1199805858	84.84369857	15.15589505	0.0004063798622				0	63.38009805	36.61990195	63.58724882	36.41275118	0				-674.9840509	0.1199805858	NaN	
674.8240509	94	5	1	1	0.1199805858	84.84369857	15.15589505	0.0004063798622				0	63.38009805	36.61990195	63.58724882	36.41275118	0				-674.8240509	0.1199805858	NaN	
674.6640509	94	5	1	1	0.1199805858	84.84369857	15.15589505	0.0004063798622				0	63.38009805	36.61990195	63.58724882	36.41275118	0				-674.6640509	0.1199805858	NaN	
674.5040509	94	5	1	1	0.1199805858	84.84369857	15.15589505	0.0004063798622				0	63.38009805	36.61990195	63.58724882	36.41275118	0				-674.5040509	0.1199805858	NaN	
674.3440509	94	5	1	1	0.1199805858	84.84369857	15.15589505	0.0004063798622				0	63.38009805	36.61990195	63.58724882	36.41275118	0				-674.3440509	0.1199805858	NaN	
674.1840509	94	5	1	1	0.1199805858	84.84369857	15.15589505	0.0004063798622				0	63.38009805	36.61990195	63.58724882	36.41275118	0				-674.1840509	0.1199805858	NaN	
674.0240509	94	5	1	1	0.1199805858	84.84369857	15.15589505	0.0004063798622				0	63.38009805	36.61990195	63.58724882	36.41275118	0				-674.0240509	0.1199805858	NaN	
673.8640509	94	5	1	1	0.1199805858	84.84369857	15.15589505	0.0004063798622				0	63.38009805	36.61990195	63.58724882	36.41275118	0				-673.8640509	0.1199805858	NaN	
673.7040509	94	5	1	1	0.1199805858	84.84369857	15.15589505	0.0004063798622				0	63.38009805	36.61990195	63.58724882	36.41275118	0				-673.7040509	0.1199805858	NaN	
673.5440509	94	5	1	1	0.1199805858	84.84369857	15.15589505	0.0004063798622				0	63.38009805	36.61990195	63.58724882	36.41275118	0				-673.5440509	0.1199805858	NaN	
673.3840509	94	5	1	1	0.1199805858	84.84369857	15.15589505	0.0004063798622				0	63.38009805	36.61990195	63.58724882	36.41275118	0				-673.3840509	0.1199805858	NaN	
673.2240509	94	5	1	1	0.1199805858	84.84369857	15.15589505	0.0004063798622				0	63.38009805	36.61990195	63.58724882	36.41275118	0				-673.2240509	0.1199805858	NaN	
673.0640509	94	5	1	1	0.1199805858	84.84369857	15.15589505	0.0004063798622				0	63.38009805	36.61990195	63.58724882	36.41275118	0				-673.0640509	0.1199805858	NaN	
672.9040509	94	5	1	1	0.1199805858	84.84369857	15.15589505	0.0004063798622				0	63.38009805	36.61990195	63.58724882	36.41275118	0				-672.9040509	0.1199805858	NaN	
672.7440509	94	5	1	1	0.1199805858	84.84369857	15.15589505	0.0004063798622				0	63.38009805	36.61990195	63.58724882	36.41275118	0				-672.7440509	0.1199805858	NaN	
672.5840509	94	5	1	1	0.1199805858	84.84369857	15.15589505	0.0004063798622				0	63.38009805	36.61990195	63.58724882	36.41275118	0				-672.5840509	0.1199805858	NaN	
672.4240509	94	5	1	1	0.1199805858	84.84369857	15.15589505	0.0004063798622				0	63.38009805	36.61990195	63.58724882	36.41275118	0				-672.4240509	0.1199805858	NaN	
672.2640509	94	5	1	1	0.1199805858	84.84369857	15.15589505	0.0004063798622				0	63.38009805	36.61990195	63.58724882	36.41275118	0				-672.2640509	0.1199805858	NaN	
672.1040509	94	5	1	1	0.1199805858	84.84369857	15.15589505	0.0004063798622				0	63.38009805	36.61990195	63.58724882	36.41275118	0				-672.1040509	0.1199805858	NaN	
671.9440509	94	5	1	1	0.1199805858	84.84369857	15.15589505	0.0004063798622				0	63.38009805	36.61990195	63.58724882	36.41275118	0				-671.9440509	0.1199805858	NaN	
671.7840509	94	5	1	1	0.1199805858	84.84369857	15.15589505	0.0004063798622				0	63.38009805	36.61990195	63.58724882	36.41275118	0				-671.7840509	0.1199805858	NaN	
671.6240509	94	5	1	1	0.1199805858	84.84369857	15.15589505	0.0004063798622				0	63.38009805	36.61990195	63.58724882	36.41275118	0				-671.6240509	0.1199805858	NaN	
671.4640509	94	5	1	1	0.1199805858	84.84369857	15.15589505	0.0004063798622				0	63.38009805	36.61990195	63.58724882	36.41275118	0				-671.4640509	0.1199805858	NaN	
671.3040509	94	5	1	1	0.1199805858	84.84369857	15.15589505	0.0004063798622				0	63.38009805	36.61990195	63.58724882	36.41275118	0				-671.3040509	0.1199805858	NaN	
671.1440509	94	5	1	1	0.1199805858	84.84369857	15.15589505	0.0004063798622				0	63.38009805	36.61990195	63.58724882	36.41275118	0				-671.1440509	0.1199805858	NaN	
670.9840509	94	5	1	1	0.1199805858	84.84369857	15.15589505	0.0004063798622				0	63.38009805	36.61990195	63.58724882	36.41275118	0				-670.9840509	0.1199805858	NaN	
670.8240509	94	5	1	1	0.1199805858	84.84369857	15.15589505	0.0004063798622				0	63.38009805	36.61990195	63.58724882	36.41275118	0				-670.8240509	0.1199805858	NaN	
670.6640509	94	5	1	1	0.1199805858	84.84369857	15.15589505	0.0004063798622				0	63.38009805	36.61990195	63.58724882	36.41275118	0				-670.6640509	0.1199805858	NaN	
670.5040509	94	5	1	1	0.1199805858	84.84369857	15.15589505	0.0004063798622				0	63.38009805	36.61990195	63.58724882	36.41275118	0				-670.5040509	0.1199805858	NaN	
670.3440509	94	5	1	1	0.1199805858	84.84369857	15.15589505	0.0004063798622				0	63.38009805	36.61990195	63.58724882	36.41275118	0				-670.3440509	0.1199805858	NaN	
670.1840509	94	5	1	1	0.1199805858	84.84369857	15.15589505	0.0004063798622				0	63.38009805	36.61990195	63.58724882	36.41275118	0				-670.1840509	0.1199805858	NaN	
670.0240509	94	5	1	1	0.1199805858	84.84369857	15.15589505	0.0004063798622				0	63.38009805	36.61990195	63.58724882	36.41275118	0				-670.0240509	0.1199805858	NaN	
669.8640509	94	5	1	1	0.1199805858	84.84369857	15.15589505	0.0004063798622				0	63.38009805	36.61990195	63.58724882	36.41275118	0				-669.8640509	0.1199805858	NaN	
669.7040509	94	5	1	1	0.1199805858	84.84369857	15.15589505	0.0004063798622				0	63.38009805	36.61990195	63.58724882	36.41275118	0				-669.7040509	0.1199805858	NaN	
669.5440509	94	5	1	1	0.1199805858	84.84369857	15.15589505	0.0004063798622				0	63.38009805	36.61990195	63.58724882	36.41275118	0				-669.5440509	0.1199805858	NaN	
669.3840509	94	5	1	1	0.1199805858	84.84369857	15.15589505	0.0004063798622				0	63.38009805	36.61990195	63.58724882	36.41275118	0				-669.3840509	0.1199805858	NaN	
669.2240509	94	5	1	1	0.1199805858	84.84369857	15.15589505	0.0004063798622				0	63.38009805	36.61990195	63.58724882	36.41275118	0				-669.2240509	0.1199805858	NaN	
669.0640509	94	5	1	1	0.1199805858	84.84369857	15.15589505	0.0004063798622				0	63.38009805	36.61990195	63.58724882	36.41275118	0				-669.0640509	0.1199805858	NaN	
668.9040509	94	5	1	1	0.1199805858	84.84369857	15.15589505	0.0004063798622				0	63.38009805	36.61990195	63.58724882	36.41275118	0				-668.9040509	0.1199805858	NaN	
668.7440509	94	5	1	1	0.1199805858	84.84369857	15.15589505	0.0004063798622				0	63.38009805	36.61990195	63.58724882	36.41275118	0				-668.7440509	0.1199805858	NaN	
668.5840509	94	5	1	1	0.1199805858	84.84369857	15.15589505	0.0004063798622				0	63.38009805	36.61990195	63.58724882	36.41275118	0				-668.5840509	0.1199805858	NaN	
668.4240509	94	5	1	1	0.1199805858	84.84369857	15.15589505	0.0004063798622				0	63.38009805	36.61990195	63.58724882	36.41275118	0				-668.4240509	0.1199805858	NaN	
668.2640509	94	5	1	1	0.1199805858	84.84369857	15.15589505	0.0004063798622				0	63.38009805	36.61990195	63.58724882	36.41275118	0				-668.2640509	0.1199805858	NaN	
668.1040509	94	5	1	1	0.1199805858	84.84369857	15.15589505	0.0004063798622				0	63.38009805	36.61990195	63.58724882	36.41275118	0				-668.1040509	0.1199805858	NaN	
667.9440509	94	5	1	1	0.1199805858	84.84369857	15.15589505	0.0004063798622				0	63.38009805	36.61990195	63.58724882	36.41275118	0				-667.9440509	0.1199805858	NaN	
667.7840509	94	5	1	1	0.1199805858	84.84369857	15.15589505	0.0004063798622				0	63.38009805	36.61990195	63.58724882	36.41275118	0				-667.7840509	0.1199805858	NaN	
667.6240509	94	5	1	1	0.1199805858	84.84369857	15.15589505	0.0004063798622				0	63.38009805	36.61990195	63.58724882	36.41275118	0				-667.6240509	0.1199805858	NaN	
667.4640509	94	5	1	1	0.1199805858	84.84369857	15.15589505	0.0004063798622				0	63.38009805	36.61990195	63.58724882	36.41275118	0				-667.4640509	0.1199805858	NaN	
667.3040509	94	5	1	1	0.1199805858	84.84369857	15.15589505	0.0004063798622				0	63.38009805	36.61990195	63.58724882	36.41275118	0				-667.3040509	0.1199805858	NaN	
667.1440509	94	5	1	1	0.1199805858	84.84369857	15.15589505	0.0004063798622				0	63.38009805	36.61990195	63.58724882	36.41275118	0				-667.1440509	0.1199805858	NaN	
666.9840509	94	5	1	1	0.1199805858	84.84369857	15.15589505	0.0004063798622				0	63.38009805	36.61990195	63.58724882	36.41275118	0				-666.9840509	0.1199805858	NaN	
666.8240509	94	5	1	1	0.1199805858	84.84369857	15.15589505	0.0004063798622				0	63.38009805	36.61990195	63.58724882	36.41275118	0				-666.8240509	0.1199805858	NaN	
666.6640509	94	5	1	1	0.1199805858	84.84369857	15.15589505	0.0004063798622				0	63.38009805	36.61990195	63.58724882	36.41275118	0				-666.6640509	0.1199805858	NaN	
666.5040509	94	5	1	1	0.1199805858	84.84369857	15.15589505	0.0004063798622				0	63.38009805	36.61990195	63.58724882	36.41275118	0				-666.5040509	0.1199805858	NaN	
666.3440509	94	5	1	1	0.1199805858	84.84369857	15.15589505	0.0004063798622				0	63.38009805	36.61990195	63.58724882	36.41275118	0				-666.3440509	0.1199805858	NaN	
666.1840509	94	5	1	1	0.1199805858	84.84369857	15.15589505	0.0004063798622				0	63.38009805	36.61990195	63.58724882	36.41275118	0				-666.1840509	0.1199805858	NaN	
666.0240509	94	5	1	1	0.1199805858	84.84369857	15.15589505	0.0004063798622				0	63.38009805	36.61990195	63.58724882	36.41275118	0				-666.0240509	0.1199805858	NaN	
665.8640509	94	5	1	1	0.1199805858	84.84369857	15.15589505	0.0004063798622				0	63.38009805	36.61990195	63.58724882	36.41275118	0				-665.8640509	0.1199805858	NaN	
665.7040509	94	5	1	1	0.1199805858	84.84369857	15.15589505	0.0004063798622				0	63.38009805	36.61990195	63.58724882	36.41275118	0				-665.7040509	0.1199805858	NaN	
665.5440509	94	5	1	1	0.1199805858	84.84369857	15.15589505	0.0004063798622				0	63.38009805	36.61990195	63.58724882	36.41275118	0				-665.5440509	0.1199805858	NaN	
665.3840509	94	5	1	1	0.1199805858	84.84369857	15.15589505	0.0004063798622				0	63.38009805	36.61990195	63.58724882	36.41275118	0				-665.3840509	0.1199805858	NaN	
665.2240509	94	5	1	1	0.1199805858	84.84369857	15.15589505	0.0004063798622				0	63.38009805	36.61990195	63.58724882	36.41275118	0				-665.2240509	0.1199805858	NaN	
665.0640509	94	5	1	1	0.1199805858	84.84369857	15.15589505	0.0004063798622				0	63.38009805	36.61990195	63.58724882	36.41275118	0				-665.0640509	0.1199805858	NaN	
664.9040509	94	5	1	1	0.1199805858	84.84369857	15.15589505	0.0004063798622				0	63.38009805	36.61990195	63.58724882	36.41275118	0				-664.9040509	0.1199805858	NaN	
664.7440509	94	5	1	1	0.1199805858	84.84369857	15.15589505	0.0004063798622				0	63.38009805	36.61990195	63.58724882	36.41275118	0				-664.7440509	0.1199805858	NaN	
664.5840509	94	5	1	1	0.1199805858	84.84369857	15.15589505	0.0004063798622				0	63.38009805	36.61990195	63.58724882	36.41275118	0				-664.5840509	0.1199805858	NaN	
664.4240509	94	5	1	1	0.1199805858	84.84369857	15.15589505	0.0004063798622				0	63.38009805	36.61990195	63.58724882	36.41275118	0				-664.4240509	0.1199805858	NaN	
664.2640509	94	5	1	1	0.1199805858	84.84369857	15.15589505	0.0004063798622				0	63.38009805	36.61990195	63.58724882	36.41275118	0				-664.2640509	0.1199805858	NaN	
664.1040509	94	5	1	1	0.1199805858	84.84369857	15.15589505	0.0004063798622				0	63.38009805	36.61990195	63.58724882	36.41275118	0				-664.1040509	0.1199805858	NaN	
663.9440509	94	5	1	1	0.1199805858	84.84369857	15.15589505	0.0004063798622				0	63.38009805	36.61990195	63.58724882	36.41275118	0				-663.9440509	0.1199805858	NaN	
663.7840509	94	5	1	1	0.1199805858	84.84369857	15.15589505	0.0004063798622				0	63.38009805	36.61990195	63.58724882	36.41275118	0				-663.7840509	0.1199805858	NaN	
663.6240509	94	5	1	1	0.1199805858	84.84369857	15.15589505	0.0004063798622				0	63.38009805	36.61990195	63.58724882	36.41275118	0				-663.6240509	0.1199805858	NaN	
663.4640509	94	5	1	1	0.1199805858	84.84369857	15.15589505	0.0004063798622				0	63.38009805	36.61990195	63.58724882	36.41275118	0				-663.4640509	0.1199805858	NaN	
663.3040509	94	5	1	1	0.1199805858	84.84369857	15.15589505	0.0004063798622				0	63.38009805	36.61990195	63.58724882	36.41275118	0				-663.3040509	0.1199805858	NaN	
663.1440509	94	5	1	1	0.1199805858	84.84369857	15.15589505	0.0004063798622				0	63.38009805	36.61990195	63.58724882	36.41275118	0				-663.1440509	0.1199805858	NaN	
662.9840509	94	5	1	1	0.1199805858	84.84369857	15.15589505	0.0004063798622				0	63.38009805	36.61990195	63.58724882	36.41275118	0				-662.9840509	0.1199805858	NaN	
662.8240509	94	5	1	1	0.1199805858	84.84369857	15.15589505	0.0004063798622				0	63.38009805	36.61990195	63.58724882	36.41275118	0				-662.8240509	0.1199805858	NaN	
662.6640509	94	5	1	1	0.1199805858	84.84369857	15.15589505	0.0004063798622				0	63.38009805	36.61990195	63.58724882	36.41275118	0				-662.6640509	0.1199805858	NaN	
662.5040509	94	5	1	1	0.1199805858	84.84369857	15.15589505	0.0004063798622				0	63.38009805	36.61990195	63.58724882	36.41275118	0				-662.5040509	0.1199805858	NaN	
662.3440509	94	5	1	1	0.1199805858	84.84369857	15.15589505	0.0004063798622				0	63.38009805	36.61990195	63.58724882	36.41275118	0				-662.3440509	0.1199805858	NaN	
662.1840509	94	5	1	1	0.1199805858	84.84369857	15.15589505	0.0004063798622				0	63.38009805	36.61990195	63.58724882	36.41275118	0				-662.1840509	0.1199805858	NaN	
662.0240509	94	5	1	1	0.1199805858	84.84369857	15.15589505	0.0004063798622				0	63.38009805	36.61990195	63.58724882	36.41275118	0				-662.0240509	0.1199805858	NaN	
661.8640509	94	5	1	1	0.1199805858	84.84369857	15.15589505	0.0004063798622				0	63.38009805	36.61990195	63.58724882	36.41275118	0				-661.8640509	0.1199805858	NaN	
661.7040509	94	5	1	1	0.1199805858	84.84369857	15.15589505	0.0004063798622				0	63.38009805	36.61990195	63.58724882	36.41275118	0				-661.7040509	0.1199805858	NaN	
661.5440509	94	5	1	1	0.1199805858	84.84369857	15.15589505	0.0004063798622				0	63.38009805	36.61990195	63.58724882	36.41275118	0				-661.5440509	0.1199805858	NaN	
661.3840509	94	5	1	1	0.1199805858	84.84369857	15.15589505	0.0004063798622				0	63.38009805	36.61990195	63.58724882	36.41275118	0				-661.3840509	0.1199805858	NaN	
661.2240509	94	5	1	1	0.1199805858	84.84369857	15.15589505	0.0004063798622				0	63.38009805	36.61990195	63.58724882	36.41275118	0				-661.2240509	0.1199805858	NaN	
661.0640509	94	5	1	1	0.1199805858	84.84369857	15.15589505	0.0004063798622				0	63.38009805	36.61990195	63.58724882	36.41275118	0				-661.0640509	0.1199805858	NaN	
660.9040509	94	5	1	1	0.1199805858	84.84369857	15.15589505	0.0004063798622				0	63.38009805	36.61990195	63.58724882	36.41275118	0				-660.9040509	0.1199805858	NaN	
660.7440509	94	5	1	1	0.1199805858	84.84369857	15.15589505	0.0004063798622				0	63.38009805	36.61990195	63.58724882	36.41275118	0				-660.7440509	0.1199805858	NaN	
660.5840509	94	5	1	1	0.1199805858	84.84369857	15.15589505	0.0004063798622				0	63.38009805	36.61990195	63.58724882	36.41275118	0				-660.5840509	0.1199805858	NaN	
660.4240509	94	5	1	1	0.1199805858	84.84369857	15.15589505	0.0004063798622				0	63.38009805	36.61990195	63.58724882	36.41275118	0				-660.4240509	0.1199805858	NaN	
660.2640509	94	5	1	1	0.1199805858	84.84369857	15.15589505	0.0004063798622				0	63.38009805	36.61990195	63.58724882	36.41275118	0				-660.2640509	0.1199805858	NaN	
660.1040509	94	5	1	1	0.1199805858	84.84369857	15.15589505	0.0004063798622				0	63.38009805	36.61990195	63.58724882	36.41275118	0				-660.1040509	0.1199805858	NaN	
659.9440509	94	5	1	1	0.1199805858	84.84369857	15.15589505	0.0004063798622				0	63.38009805	36.61990195	63.58724882	36.41275118	0				-659.9440509	0.1199805858	NaN	
659.7840509	94	5	1	1	0.1199805858	84.84369857	15.15589505	0.0004063798622				0	63.38009805	36.61990195	63.58724882	36.41275118	0				-659.7840509	0.1199805858	NaN	
659.6240509	94	5	1	1	0.1199805858	84.84369857	15.15589505	0.0004063798622				0	63.38009805	36.61990195	63.58724882	36.41275118	0				-659.6240509	0.1199805858	NaN	
659.4640509	94	5	1	1	0.1199805858	84.84369857	15.15589505	0.0004063798622				0	63.38009805	36.61990195	63.58724882	36.41275118	0				-659.4640509	0.1199805858	NaN	
659.3040509	94	5	1	1	0.1199805858	84.84369857	15.15589505	0.0004063798622				0	63.38009805	36.61990195	63.58724882	36.41275118	0				-659.3040509	0.1199805858	NaN	
659.1440509	94	5	1	1	0.1199805858	84.84369857	15.15589505	0.0004063798622				0	63.38009805	36.61990195	63.58724882	36.41275118	0				-659.1440509	0.1199805858	NaN	
658.9840509	94	5	1	1	0.1199805858	84.84369857	15.15589505	0.0004063798622				0	63.38009805	36.61990195	63.58724882	36.41275118	0				-658.9840509	0.1199805858	NaN	
658.8240509	94	5	1	1	0.1199805858	84.84369857	15.15589505	0.0004063798622				0	63.38009805	36.61990195	63.58724882	36.41275118	0				-658.8240509	0.1199805858	NaN	
658.6640509	94	5	1	1	0.1199805858	84.84369857	15.15589505	0.0004063798622				0	63.38009805	36.61990195	63.58724882	36.41275118	0				-658.6640509	0.1199805858	NaN	
658.5040509	94	5	1	1	0.1199805858	84.84369857	15.15589505	0.0004063798622				0	63.38009805	36.61990195	63.58724882	36.41275118	0				-658.5040509	0.1199805858	NaN	
658.3440509	94	5	1	1	0.1199805858	84.84369857	15.15589505	0.0004063798622				0	63.38009805	36.61990195	63.58724882	36.41275118	0				-658.3440509	0.1199805858	NaN	
658.1840509	94	5	1	1	0.1199805858	84.84369857	15.15589505	0.0004063798622				0	63.38009805	36.61990195	63.58724882	36.41275118	0				-658.1840509	0.1199805858	NaN	
658.0240509	94	5	1	1	0.1199805858	84.84369857	15.15589505	0.0004063798622				0	63.38009805	36.61990195	63.58724882	36.41275118	0				-658.0240509	0.1199805858	NaN	
657.8640509	94	5	1	1	0.1199805858	84.84369857	15.15589505	0.0004063798622				0	63.38009805	36.61990195	63.58724882	36.41275118	0				-657.8640509	0.1199805858	NaN	
657.7040509	94	5	1	1	0.1199805858	84.84369857	15.15589505	0.0004063798622				0	63.38009805	36.61990195	63.58724882	36.41275118	0				-657.7040509	0.1199805858	NaN	
657.5440509	94	5	1	1	0.1199805858	84.84369857	15.15589505	0.0004063798622				0	63.38009805	36.61990195	63.58724882	36.41275118	0				-657.5440509	0.1199805858	NaN	
657.3840509	94	5	1	1	0.1199805858	84.84369857	15.15589505	0.0004063798622				0	63.38009805	36.61990195	63.58724882	36.41275118	0				-657.3840509	0.1199805858	NaN	
657.2240509	94	5	1	1	0.1199805858	84.84369857	15.15589505	0.0004063798622				0	63.38009805	36.61990195	63.58724882	36.41275118	0				-657.2240509	0.1199805858	NaN	
657.0640509	94	5	1	1	0.1199805858	84.84369857	15.15589505	0.0004063798622				0	63.38009805	36.61990195	63.58724882	36.41275118	0				-657.0640509	0.1199805858	NaN	
656.9040509	94	5	1	1	0.1199805858	84.84369857	15.15589505	0.0004063798622				0	63.38009805	36.61990195	63.58724882	36.41275118	0				-656.9040509	0.1199805858	NaN	
656.7440509	94	5	1	1	0.1199805858	84.84369857	15.15589505	0.0004063798622				0	63.38009805	36.61990195	63.58724882	36.41275118	0				-656.7440509	0.1199805858	NaN	
656.5840509	94	5	1	1	0.1199805858	84.84369857	15.15589505	0.0004063798622				0	63.38009805	36.61990195	63.58724882	36.41275118	0				-656.5840509	0.1199805858	NaN	
656.4240509	94	5	1	1	0.1199805858	84.84369857	15.15589505	0.0004063798622				0	63.38009805	36.61990195	63.58724882	36.41275118	0				-656.4240509	0.1199805858	NaN	
656.2640509	94	5	1	1	0.1199805858	84.84369857	15.15589505	0.0004063798622				0	63.38009805	36.61990195	63.58724882	36.41275118	0				-656.2640509	0.1199805858	NaN	
656.1040509	94	5	1	1	0.1199805858	84.84369857	15.15589505	0.0004063798622				0	63.38009805	36.61990195	63.58724882	36.41275118	0				-656.1040509	0.1199805858	NaN	
655.9440509	94	5	1	1	0.1199805858	84.84369857	15.15589505	0.0004063798622				0	63.38009805	36.61990195	63.58724882	36.41275118	0				-655.9440509	0.1199805858	NaN	
655.7840509	94	5	1	1	0.1199805858	84.84369857	15.15589505	0.0004063798622				0	63.38009805	36.61990195	63.58724882	36.41275118	0				-655.7840509	0.1199805858	NaN	
655.6240509	94	5	1	1	0.1199805858	84.84369857	15.15589505	0.0004063798622				0	63.38009805	36.61990195	63.58724882	36.41275118	0				-655.6240509	0.1199805858	NaN	
655.4640509	94	5	1	1	0.1199805858	84.84369857	15.15589505	0.0004063798622				0	63.38009805	36.61990195	63.58724882	36.41275118	0				-655.4640509	0.1199805858	NaN	
655.3040509	94	5	1	1	0.1199805858	84.84369857	15.15589505	0.0004063798622				0	63.38009805	36.61990195	63.58724882	36.41275118	0				-655.3040509	0.1199805858	NaN	
655.1440509	94	5	1	1	0.1199805858	84.84369857	15.15589505	0.0004063798622				0	63.38009805	36.61990195	63.58724882	36.41275118	0				-655.1440509	0.1199805858	NaN	
654.9840509	94	5	1	1	0.1199805858	84.84369857	15.15589505	0.0004063798622				0	63.38009805	36.61990195	63.58724882	36.41275118	0				-654.9840509	0.1199805858	NaN	
654.8240509	94	5	1	1	0.1199805858	84.84369857	15.15589505	0.0004063798622				0	63.38009805	36.61990195	63.58724882	36.41275118	0				-654.8240509	0.1199805858	NaN	
654.6640509	94	5	1	1	0.1199805858	84.84369857	15.15589505	0.0004063798622				0	63.38009805	36.61990195	63.58724882	36.41275118	0				-654.6640509	0.1199805858	NaN	
654.5040509	94	5	1	1	0.1199805858	84.84369857	15.15589505	0.0004063798622				0	63.38009805	36.61990195	63.58724882	36.41275118	0				-654.5040509	0.1199805858	NaN	
654.3440509	94	5	1	1	0.1199805858	84.84369857	15.15589505	0.0004063798622				0	63.38009805	36.61990195	63.58724882	36.41275118	0				-654.3440509	0.1199805858	NaN	
654.1840509	94	5	1	1	0.1199805858	84.84369857	15.15589505	0.0004063798622				0	63.38009805	36.61990195	63.58724882	36.41275118	0				-654.1840509	0.1199805858	NaN	
654.0240509	94	5	1	1	0.1199805858	84.84369857	15.15589505	0.0004063798622				0	63.38009805	36.61990195	63.58724882	36.41275118	0				-654.0240509	0.1199805858	NaN	
653.8640509	94	5	1	1	0.1199805858	84.84369857	15.15589505	0.0004063798622				0	63.38009805	36.61990195	63.58724882	36.41275118	0				-653.8640509	0.1199805858	NaN	
653.7040509	94	5	1	1	0.1199805858	84.84369857	15.15589505	0.0004063798622				0	63.38009805	36.61990195	63.58724882	36.41275118	0				-653.7040509	0.1199805858	NaN	
653.5440509	94	5	1	1	0.1199805858	84.84369857	15.15589505	0.0004063798622				0	63.38009805	36.61990195	63.58724882	36.41275118	0				-653.5440509	0.1199805858	NaN	
653.3840509	94	5	1	1	0.1199805858	84.84369857	15.15589505	0.0004063798622				0	63.38009805	36.61990195	63.58724882	36.41275118	0				-653.3840509	0.1199805858	NaN	
653.2240509	94	5	1	1	0.1199805858	84.84369857	15.15589505	0.0004063798622				0	63.38009805	36.61990195	63.58724882	36.41275118	0				-653.2240509	0.1199805858	NaN	
653.0640509	94	5	1	1	0.1199805858	84.84369857	15.15589505	0.0004063798622				0	63.38009805	36.61990195	63.58724882	36.41275118	0				-653.0640509	0.1199805858	NaN	
652.9040509	94	5	1	1	0.1199805858	84.84369857	15.15589505	0.0004063798622				0	63.38009805	36.61990195	63.58724882	36.41275118	0				-652.9040509	0.1199805858	NaN	
652.7440509	94	5	1	1	0.1199805858	84.84369857	15.15589505	0.0004063798622				0	63.38009805	36.61990195	63.58724882	36.41275118	0				-652.7440509	0.1199805858	NaN	
652.5840509	94	5	1	1	0.1199805858	84.84369857	15.15589505	0.0004063798622				0	63.38009805	36.61990195	63.58724882	36.41275118	0				-652.5840509	0.1199805858	NaN	
652.4240509	94	5	1	1	0.1199805858	84.84369857	15.15589505	0.0004063798622				0	63.38009805	36.61990195	63.58724882	36.41275118	0				-652.4240509	0.1199805858	NaN	
652.2640509	94	5	1	1	0.1199805858	84.84369857	15.15589505	0.0004063798622				0	63.38009805	36.61990195	63.58724882	36.41275118	0				-652.2640509	0.1199805858	NaN	
652.1040509	94	5	1	1	0.1199805858	84.84369857	15.15589505	0.0004063798622				0	63.38009805	36.61990195	63.58724882	36.41275118	0				-652.1040509	0.1199805858	NaN	
651.9440509	94	5	1	1	0.1199805858	84.84369857	15.15589505	0.0004063798622				0	63.38009805	36.61990195	63.58724882	36.41275118	0				-651.9440509	0.1199805858	NaN	
651.7840509	94	5	1	1	0.1199805858	84.84369857	15.15589505	0.0004063798622				0	63.38009805	36.61990195	63.58724882	36.41275118	0				-651.7840509	0.1199805858	NaN	
651.6240509	94	5	1	1	0.1199805858	84.84369857	15.15589505	0.0004063798622				0	63.38009805	36.61990195	63.58724882	36.41275118	0				-651.6240509	0.1199805858	NaN	
651.4640509	94	5	1	1	0.1199805858	84.84369857	15.15589505	0.0004063798622				0	63.38009805	36.61990195	63.58724882	36.41275118	0				-651.4640509	0.1199805858	NaN	
651.3040509	94	5	1	1	0.1199805858	84.84369857	15.15589505	0.0004063798622				0	63.38009805	36.61990195	63.58724882	36.41275118	0				-651.3040509	0.1199805858	NaN	
651.1440509	94	5	1	1	0.1199805858	84.84369857	15.15589505	0.0004063798622				0	63.38009805	36.61990195	63.58724882	36.41275118	0				-651.1440509	0.1199805858	NaN	
650.9840509	94	5	1	1	0.1199805858	84.84369857	15.15589505	0.0004063798622				0	63.38009805	36.61990195	63.58724882	36.41275118	0				-650.9840509	0.1199805858	NaN	
650.8240509	94	5	1	1	0.1199805858	84.84369857	15.15589505	0.0004063798622				0	63.38009805	36.61990195	63.58724882	36.41275118	0				-650.8240509	0.1199805858	NaN	
650.6640509	94	5	1	1	0.1199805858	84.84369857	15.15589505	0.0004063798622				0	63.38009805	36.61990195	63.58724882	36.41275118	0				-650.6640509	0.1199805858	NaN	
650.5040509	94	5	1	1	0.1199805858	84.84369857	15.15589505	0.0004063798622				0	63.38009805	36.61990195	63.58724882	36.41275118	0				-650.5040509	0.1199805858	NaN	
650.3440509	94	5	1	1	0.1199805858	84.84369857	15.15589505	0.0004063798622				0	63.38009805	36.61990195	63.58724882	36.41275118	0				-650.3440509	0.1199805858	NaN	
650.1840509	94	5	1	1	0.1199805858	84.84369857	15.15589505	0.0004063798622				0	63.38009805	36.61990195	63.58724882	36.41275118	0				-650.1840509	0.1199805858	NaN	
650.0240509	94	5	1	1	0.1199805858	84.84369857	15.15589505	0.0004063798622				0	63.38009805	36.61990195	63.58724882	36.41275118	0				-650.0240509	0.1199805858	NaN	
649.8640509	94	5	1	1	0.1199805858	84.84369857	15.15589505	0.0004063798622				0	63.38009805	36.61990195	63.58724882	36.41275118	0				-649.8640509	0.1199805858	NaN	
649.7040509	94	5	1	1	0.1199805858	84.84369857	15.15589505	0.0004063798622				0	63.38009805	36.61990195	63.58724882	36.41275118	0				-649.7040509	0.1199805858	NaN	
649.5440509	94	5	1	1	0.1199805858	84.84369857	15.15589505	0.0004063798622				0	63.38009805	36.61990195	63.58724882	36.41275118	0				-649.5440509	0.1199805858	NaN	
649.3840509	94	5	1	1	0.1199805858	84.84369857	15.15589505	0.0004063798622				0	63.38009805	36.61990195	63.58724882	36.41275118	0				-649.3840509	0.1199805858	NaN	
649.2240509	94	5	1	1	0.1199805858	84.84369857	15.15589505	0.0004063798622				0	63.38009805	36.61990195	63.58724882	36.41275118	0				-649.2240509	0.1199805858	NaN	
649.0640509	94	5	1	1	0.1199805858	84.84369857	15.15589505	0.0004063798622				0	63.38009805	36.61990195	63.58724882	36.41275118	0				-649.0640509	0.1199805858	NaN	
648.9040509	94	5	1	1	0.1199805858	84.84369857	15.15589505	0.0004063798622				0	63.38009805	36.61990195	63.58724882	36.41275118	0				-648.9040509	0.1199805858	NaN	
648.7440509	94	5	1	1	0.1199805858	84.84369857	15.15589505	0.0004063798622				0	63.38009805	36.61990195	63.58724882	36.41275118	0				-648.7440509	0.1199805858	NaN	
648.5840509	94	5	1	1	0.1199805858	84.84369857	15.15589505	0.0004063798622				0	63.38009805	36.61990195	63.58724882	36.41275118	0				-648.5840509	0.1199805858	NaN	
648.4240509	94	5	1	1	0.1199805858	84.84369857	15.15589505	0.0004063798622				0	63.38009805	36.61990195	63.58724882	36.41275118	0				-648.4240509	0.1199805858	NaN	
648.2640509	94	5	1	1	0.1199805858	84.84369857	15.15589505	0.0004063798622				0	63.38009805	36.61990195	63.58724882	36.41275118	0				-648.2640509	0.1199805858	NaN	
648.1040509	94	5	1	1	0.1199805858	84.84369857	15.15589505	0.0004063798622				0	63.38009805	36.61990195	63.58724882	36.41275118	0				-648.1040509	0.1199805858	NaN	
647.9440509	94	5	1	1	0.1199805858	84.84369857	15.15589505	0.0004063798622				0	63.38009805	36.61990195	63.58724882	36.41275118	0				-647.9440509	0.1199805858	NaN	
647.7840509	94	5	1	1	0.1199805858	84.84369857	15.15589505	0.0004063798622				0	63.38009805	36.61990195	63.58724882	36.41275118	0				-647.7840509	0.1199805858	NaN	
647.6240509	94	5	1	1	0.1199805858	84.84369857	15.15589505	0.0004063798622				0	63.38009805	36.61990195	63.58724882	36.41275118	0				-647.6240509	0.1199805858	NaN	
647.4640509	94	5	1	1	0.1199805858	84.84369857	15.15589505	0.0004063798622				0	63.38009805	36.61990195	63.58724882	36.41275118	0				-647.4640509	0.1199805858	NaN	
647.3040509	94	5	1	1	0.1199805858	84.84369857	15.15589505	0.0004063798622				0	63.38009805	36.61990195	63.58724882	36.41275118	0				-647.3040509	0.1199805858	NaN	
647.1440509	94	5	1	1	0.1199805858	84.84369857	15.15589505	0.0004063798622				0	63.38009805	36.61990195	63.58724882	36.41275118	0				-647.1440509	0.1199805858	NaN	
646.9840509	94	5	1	1	0.1199805858	84.84369857	15.15589505	0.0004063798622				0	63.38009805	36.61990195	63.58724882	36.41275118	0				-646.9840509	0.1199805858	NaN	
646.8240509	94	5	1	1	0.1199805858	84.84369857	15.15589505	0.0004063798622				0	63.38009805	36.61990195	63.58724882	36.41275118	0				-646.8240509	0.1199805858	NaN	
646.6640509	94	5	1	1	0.1199805858	84.84369857	15.15589505	0.0004063798622				0	63.38009805	36.61990195	63.58724882	36.41275118	0				-646.6640509	0.1199805858	NaN	
646.5040509	94	5	1	1	0.1199805858	84.84369857	15.15589505	0.0004063798622				0	63.38009805	36.61990195	63.58724882	36.41275118	0				-646.5040509	0.1199805858	NaN	
646.3440509	94	5	1	1	0.1199805858	84.84369857	15.15589505	0.0004063798622				0	63.38009805	36.61990195	63.58724882	36.41275118	0				-646.3440509	0.1199805858	NaN	
646.1840509	94	5	1	1	0.1199805858	84.84369857	15.15589505	0.0004063798622				0	63.38009805	36.61990195	63.58724882	36.41275118	0				-646.1840509	0.1199805858	NaN	
646.0240509	94	5	1	1	0.1199805858	84.84369857	15.15589505	0.0004063798622				0	63.38009805	36.61990195	63.58724882	36.41275118	0				-646.0240509	0.1199805858	NaN	
645.8640509	94	5	1	1	0.1199805858	84.84369857	15.15589505	0.0004063798622				0	63.38009805	36.61990195	63.58724882	36.41275118	0				-645.8640509	0.1199805858	NaN	
645.7040509	94	5	1	1	0.1199805858	84.84369857	15.15589505	0.0004063798622				0	63.38009805	36.61990195	63.58724882	36.41275118	0				-645.7040509	0.1199805858	NaN	
645.5440509	94	5	1	1	0.1199805858	84.84369857	15.15589505	0.0004063798622				0	63.38009805	36.61990195	63.58724882	36.41275118	0				-645.5440509	0.1199805858	NaN	
645.3840509	94	5	1	1	0.1199805858	84.84369857	15.15589505	0.0004063798622				0	63.38009805	36.61990195	63.58724882	36.41275118	0				-645.3840509	0.1199805858	NaN	
645.2240509	94	5	1	1	0.1199805858	84.84369857	15.15589505	0.0004063798622				0	63.38009805	36.61990195	63.58724882	36.41275118	0				-645.2240509	0.1199805858	NaN	
645.0640509	94	5	1	1	0.1199805858	84.84369857	15.15589505	0.0004063798622				0	63.38009805	36.61990195	63.58724882	36.41275118	0				-645.0640509	0.1199805858	NaN	
644.9040509	94	5	1	1	0.1199805858	84.84369857	15.15589505	0.0004063798622				0	63.38009805	36.61990195	63.58724882	36.41275118	0				-644.9040509	0.1199805858	NaN	
644.7440509	94	5	1	1	0.1199805858	84.84369857	15.15589505	0.0004063798622				0	63.38009805	36.61990195	63.58724882	36.41275118	0				-644.7440509	0.1199805858	NaN	
644.5840509	94	5	1	1	0.1199805858	84.84369857	15.15589505	0.0004063798622				0	63.38009805	36.61990195	63.58724882	36.41275118	0				-644.5840509	0.1199805858	NaN	
644.4240509	94	5	1	1	0.1199805858	84.84369857	15.15589505	0.0004063798622				0	63.38009805	36.61990195	63.58724882	36.41275118	0				-644.4240509	0.1199805858	NaN	
644.2640509	94	5	1	1	0.1199805858	84.84369857	15.15589505	0.0004063798622				0	63.38009805	36.61990195	63.58724882	36.41275118	0				-644.2640509	0.1199805858	NaN	
644.1040509	94	5	1	1	0.1199805858	84.84369857	15.15589505	0.0004063798622				0	63.38009805	36.61990195	63.58724882	36.41275118	0				-644.1040509	0.1199805858	NaN	
643.9440509	94	5	1	1	0.1199805858	84.84369857	15.15589505	0.0004063798622				0	63.38009805	36.61990195	63.58724882	36.41275118	0				-643.9440509	0.1199805858	NaN	
643.7840509	94	5	1	1	0.1199805858	84.84369857	15.15589505	0.0004063798622				0	63.38009805	36.61990195	63.58724882	36.41275118	0				-643.7840509	0.1199805858	NaN	
643.6240509	94	5	1	1	0.1199805858	84.84369857	15.15589505	0.0004063798622				0	63.38009805	36.61990195	63.58724882	36.41275118	0				-643.6240509	0.1199805858	NaN	
643.4640509	94	5	1	1	0.1199805858	84.84369857	15.15589505	0.0004063798622				0	63.38009805	36.61990195	63.58724882	36.41275118	0				-643.4640509	0.1199805858	NaN	
643.3040509	94	5	1	1	0.1199805858	84.84369857	15.15589505	0.0004063798622				0	63.38009805	36.61990195	63.58724882	36.41275118	0				-643.3040509	0.1199805858	NaN	
643.1440509	94	5	1	1	0.1199805858	84.84369857	15.15589505	0.0004063798622				0	63.38009805	36.61990195	63.58724882	36.41275118	0				-643.1440509	0.1199805858	NaN	
642.9840509	94	5	1	1	0.1199805858	84.84369857	15.15589505	0.0004063798622				0	63.38009805	36.61990195	63.58724882	36.41275118	0				-642.9840509	0.1199805858	NaN	
642.8240509	94	5	1	1	0.1199805858	84.84369857	15.15589505	0.0004063798622				0	63.38009805	36.61990195	63.58724882	36.41275118	0				-642.8240509	0.1199805858	NaN	
642.6640509	94	5	1	1	0.1199805858	84.84369857	15.15589505	0.0004063798622				0	63.38009805	36.61990195	63.58724882	36.41275118	0				-642.6640509	0.1199805858	NaN	
642.5040509	94	5	1	1	0.1199805858	84.84369857	15.15589505	0.0004063798622				0	63.38009805	36.61990195	63.58724882	36.41275118	0				-642.5040509	0.1199805858	NaN	
642.3440509	94	5	1	1	0.1199805858	84.84369857	15.15589505	0.0004063798622				0	63.38009805	36.61990195	63.58724882	36.41275118	0				-642.3440509	0.1199805858	NaN	
642.1840509	94	5	1	1	0.1199805858	84.84369857	15.15589505	0.0004063798622				0	63.38009805	36.61990195	63.58724882	36.41275118	0				-642.1840509	0.1199805858	NaN	
642.0240509	94	5	1	1	0.1199805858	84.84369857	15.15589505	0.0004063798622				0	63.38009805	36.61990195	63.58724882	36.41275118	0				-642.0240509	0.1199805858	NaN	
641.8640509	94	5	1	1	0.1199805858	84.84369857	15.15589505	0.0004063798622				0	63.38009805	36.61990195	63.58724882	36.41275118	0				-641.8640509	0.1199805858	NaN	
641.7040509	94	5	1	1	0.1199805858	84.84369857	15.15589505	0.0004063798622				0	63.38009805	36.61990195	63.58724882	36.41275118	0				-641.7040509	0.1199805858	NaN	
641.5440509	94	5	1	1	0.1199805858	84.84369857	15.15589505	0.0004063798622				0	63.38009805	36.61990195	63.58724882	36.41275118	0				-641.5440509	0.1199805858	NaN	
641.3840509	94	5	1	1	0.1199805858	84.84369857	15.15589505	0.0004063798622				0	63.38009805	36.61990195	63.58724882	36.41275118	0				-641.3840509	0.1199805858	NaN	
641.2240509	94	5	1	1	0.1199805858	84.84369857	15.15589505	0.0004063798622				0	63.38009805	36.61990195	63.58724882	36.41275118	0				-641.2240509	0.1199805858	NaN	
641.0640509	94	5	1	1	0.1199805858	84.84369857	15.15589505	0.0004063798622				0	63.38009805	36.61990195	63.58724882	36.41275118	0				-641.0640509	0.1199805858	NaN	
640.9040509	94	5	1	1	0.1199805858	84.84369857	15.15589505	0.0004063798622				0	63.38009805	36.61990195	63.58724882	36.41275118	0				-640.9040509	0.1199805858	NaN	
640.7440509	94	5	1	1	0.1199805858	84.84369857	15.15589505	0.0004063798622				0	63.38009805	36.61990195	63.58724882	36.41275118	0				-640.7440509	0.1199805858	NaN	
640.5840509	94	5	1	1	0.1199805858	84.84369857	15.15589505	0.0004063798622				0	63.38009805	36.61990195	63.58724882	36.41275118	0				-640.5840509	0.1199805858	NaN	
640.4240509	94	5	1	1	0.1199805858	84.84369857	15.15589505	0.0004063798622				0	63.38009805	36.61990195	63.58724882	36.41275118	0				-640.4240509	0.1199805858	NaN	
640.2640509	94	5	1	1	0.1199805858	84.84369857	15.15589505	0.0004063798622				0	63.38009805	36.61990195	63.58724882	36.41275118	0				-640.2640509	0.1199805858	NaN	
640.1040509	94	5	1	1	0.1199805858	84.84369857	15.15589505	0.0004063798622				0	63.38009805	36.61990195	63.58724882	36.41275118	0				-640.1040509	0.1199805858	NaN	
639.9440509	94	5	1	1	0.1199805858	84.84369857	15.15589505	0.0004063798622				0	63.38009805	36.61990195	63.58724882	36.41275118	0				-639.9440509	0.1199805858	NaN	
639.7840509	94	5	1	1	0.1199805858	84.84369857	15.15589505	0.0004063798622				0	63.38009805	36.61990195	63.58724882	36.41275118	0				-639.7840509	0.1199805858	NaN	
639.6240509	94	5	1	1	0.1199805858	84.84369857	15.15589505	0.0004063798622				0	63.38009805	36.61990195	63.58724882	36.41275118	0				-639.6240509	0.1199805858	NaN	
639.4640509	94	5	1	1	0.1199805858	84.84369857	15.15589505	0.0004063798622				0	63.38009805	36.61990195	63.58724882	36.41275118	0				-639.4640509	0.1199805858	NaN	
639.3040509	94	5	1	1	0.1199805858	84.84369857	15.15589505	0.0004063798622				0	63.38009805	36.61990195	63.58724882	36.41275118	0				-639.3040509	0.1199805858	NaN	
639.1440509	94	5	1	1	0.1199805858	84.84369857	15.15589505	0.0004063798622				0	63.38009805	36.61990195	63.58724882	36.41275118	0				-639.1440509	0.1199805858	NaN	
638.9840509	94	5	1	1	0.1199805858	84.84369857	15.15589505	0.0004063798622				0	63.38009805	36.61990195	63.58724882	36.41275118	0				-638.9840509	0.1199805858	NaN	
638.8240509	94	5	1	1	0.1199805858	84.84369857	15.15589505	0.0004063798622				0	63.38009805	36.61990195	63.58724882	36.41275118	0				-638.8240509	0.1199805858	NaN	
638.6640509	94	5	1	1	0.1199805858	84.84369857	15.15589505	0.0004063798622				0	63.38009805	36.61990195	63.58724882	36.41275118	0				-638.6640509	0.1199805858	NaN	
638.5040509	94	5	1	1	0.1199805858	84.84369857	15.15589505	0.0004063798622				0	63.38009805	36.61990195	63.58724882	36.41275118	0				-638.5040509	0.1199805858	NaN	
638.3440509	94	5	1	1	0.1199805858	84.84369857	15.15589505	0.0004063798622				0	63.38009805	36.61990195	63.58724882	36.41275118	0				-638.3440509	0.1199805858	NaN	
638.1840509	94	5	1	1	0.1199805858	84.84369857	15.15589505	0.0004063798622				0	63.38009805	36.61990195	63.58724882	36.41275118	0				-638.1840509	0.1199805858	NaN	
638.0240509	94	5	1	1	0.1199805858	84.84369857	15.15589505	0.0004063798622				0	63.38009805	36.61990195	63.58724882	36.41275118	0				-638.0240509	0.1199805858	NaN	
637.8640509	94	5	1	1	0.1199805858	84.84369857	15.15589505	0.0004063798622				0	63.38009805	36.61990195	63.58724882	36.41275118	0				-637.8640509	0.1199805858	NaN	
637.7040509	94	5	1	1	0.1199805858	84.84369857	15.15589505	0.0004063798622				0	63.38009805	36.61990195	63.58724882	36.41275118	0				-637.7040509	0.1199805858	NaN	
637.5440509	94	5	1	1	0.1199805858	84.84369857	15.15589505	0.0004063798622				0	63.38009805	36.61990195	63.58724882	36.41275118	0				-637.5440509	0.1199805858	NaN	
637.3840509	94	5	1	1	0.1199805858	84.84369857	15.15589505	0.0004063798622				0	63.38009805	36.61990195	63.58724882	36.41275118	0				-637.3840509	0.1199805858	NaN	
637.2240509	94	5	1	1	0.1199805858	84.84369857	15.15589505	0.0004063798622				0	63.38009805	36.61990195	63.58724882	36.41275118	0				-637.2240509	0.1199805858	NaN	
637.0640509	94	5	1	1	0.1199805858	84.84369857	15.15589505	0.0004063798622				0	63.38009805	36.61990195	63.58724882	36.41275118	0				-637.0640509	0.1199805858	NaN	
636.9040509	94	5	1	1	0.1199805858	84.84369857	15.15589505	0.0004063798622				0	63.38009805	36.61990195	63.58724882	36.41275118	0				-636.9040509	0.1199805858	NaN	
636.7440509	94	5	1	1	0.1199805858	84.84369857	15.15589505	0.0004063798622				0	63.38009805	36.61990195	63.58724882	36.41275118	0				-636.7440509	0.1199805858	NaN	
636.5840509	94	5	1	1	0.1199805858	84.84369857	15.15589505	0.0004063798622				0	63.38009805	36.61990195	63.58724882	36.41275118	0				-636.5840509	0.1199805858	NaN	
636.4240509	94	5	1	1	0.1199805858	84.84369857	15.15589505	0.0004063798622				0	63.38009805	36.61990195	63.58724882	36.41275118	0				-636.4240509	0.1199805858	NaN	
636.2640509	94	5	1	1	0.1199805858	84.84369857	15.15589505	0.0004063798622				0	63.38009805	36.61990195	63.58724882	36.41275118	0				-636.2640509	0.1199805858	NaN	
636.1040509	94	5	1	1	0.1199805858	84.84369857	15.15589505	0.0004063798622				0	63.38009805	36.61990195	63.58724882	36.41275118	0				-636.1040509	0.1199805858	NaN	
635.9440509	94	5	1	1	0.1199805858	84.84369857	15.15589505	0.0004063798622				0	63.38009805	36.61990195	63.58724882	36.41275118	0				-635.9440509	0.1199805858	NaN	
635.7840509	94	5	1	1	0.1199805858	84.84369857	15.15589505	0.0004063798622				0	63.38009805	36.61990195	63.58724882	36.41275118	0				-635.7840509	0.1199805858	NaN	
635.6240509	94	5	1	1	0.1199805858	84.84369857	15.15589505	0.0004063798622				0	63.38009805	36.61990195	63.58724882	36.41275118	0				-635.6240509	0.1199805858	NaN	
635.4640509	94	5	1	1	0.1199805858	84.84369857	15.15589505	0.0004063798622				0	63.38009805	36.61990195	63.58724882	36.41275118	0				-635.4640509	0.1199805858	NaN	
635.3040509	94	5	1	1	0.1199805858	84.84369857	15.15589505	0.0004063798622				0	63.38009805	36.61990195	63.58724882	36.41275118	0				-635.3040509	0.1199805858	NaN	
635.1440509	94	5	1	1	0.1199805858	84.84369857	15.15589505	0.0004063798622				0	63.38009805	36.61990195	63.58724882	36.41275118	0				-635.1440509	0.1199805858	NaN	
634.9840509	94	5	1	1	0.1199805858	84.84369857	15.15589505	0.0004063798622				0	63.38009805	36.61990195	63.58724882	36.41275118	0				-634.9840509	0.1199805858	NaN	
634.8240509	94	5	1	1	0.1199805858	84.84369857	15.15589505	0.0004063798622				0	63.38009805	36.61990195	63.58724882	36.41275118	0				-634.8240509	0.1199805858	NaN	
634.6640509	94	5	1	1	0.1199805858	84.84369857	15.15589505	0.0004063798622				0	63.38009805	36.61990195	63.58724882	36.41275118	0				-634.6640509	0.1199805858	NaN	
634.5040509	94	5	1	1	0.1199805858	84.84369857	15.15589505	0.0004063798622				0	63.38009805	36.61990195	63.58724882	36.41275118	0				-634.5040509	0.1199805858	NaN	
634.3440509	94	5	1	1	0.1199805858	84.84369857	15.15589505	0.0004063798622				0	63.38009805	36.61990195	63.58724882	36.41275118	0				-634.3440509	0.1199805858	NaN	
634.1840509	94	5	1	1	0.1199805858	84.84369857	15.15589505	0.0004063798622				0	63.38009805	36.61990195	63.58724882	36.41275118	0				-634.1840509	0.1199805858	NaN	
634.0240509	94	5	1	1	0.1199805858	84.84369857	15.15589505	0.0004063798622				0	63.38009805	36.61990195	63.58724882	36.41275118	0				-634.0240509	0.1199805858	NaN	
633.8640509	94	5	1	1	0.1199805858	84.84369857	15.15589505	0.0004063798622				0	63.38009805	36.61990195	63.58724882	36.41275118	0				-633.8640509	0.1199805858	NaN	
633.7040509	94	5	1	1	0.1199805858	84.84369857	15.15589505	0.0004063798622				0	63.38009805	36.61990195	63.58724882	36.41275118	0				-633.7040509	0.1199805858	NaN	
633.5440509	94	5	1	1	0.1199805858	84.84369857	15.15589505	0.0004063798622				0	63.38009805	36.61990195	63.58724882	36.41275118	0				-633.5440509	0.1199805858	NaN	
633.3840509	94	5	1	1	0.1199805858	84.84369857	15.15589505	0.0004063798622				0	63.38009805	36.61990195	63.58724882	36.41275118	0				-633.3840509	0.1199805858	NaN	
633.2240509	94	5	1	1	0.1199805858	84.84369857	15.15589505	0.0004063798622				0	63.38009805	36.61990195	63.58724882	36.41275118	0				-633.2240509	0.1199805858	NaN	
633.0640509	94	5	1	1	0.1199805858	84.84369857	15.15589505	0.0004063798622				0	63.38009805	36.61990195	63.58724882	36.41275118	0				-633.0640509	0.1199805858	NaN	
632.9040509	94	5	1	1	0.1199805858	84.84369857	15.15589505	0.0004063798622				0	63.38009805	36.61990195	63.58724882	36.41275118	0				-632.9040509	0.1199805858	NaN	
632.7440509	94	5	1	1	0.1199805858	84.84369857	15.15589505	0.0004063798622				0	63.38009805	36.61990195	63.58724882	36.41275118	0				-632.7440509	0.1199805858	NaN	
632.5840509	94	5	1	1	0.1199805858	84.84369857	15.15589505	0.0004063798622				0	63.38009805	36.61990195	63.58724882	36.41275118	0				-632.5840509	0.1199805858	NaN	
632.4240509	94	5	1	1	0.1199805858	84.84369857	15.15589505	0.0004063798622				0	63.38009805	36.61990195	63.58724882	36.41275118	0				-632.4240509	0.1199805858	NaN	
632.2640509	94	5	1	1	0.1199805858	84.84369857	15.15589505	0.0004063798622				0	63.38009805	36.61990195	63.58724882	36.41275118	0				-632.2640509	0.1199805858	NaN	
632.1040509	94	5	1	1	0.1199805858	84.84369857	15.15589505	0.0004063798622				0	63.38009805	36.61990195	63.58724882	36.41275118	0				-632.1040509	0.1199805858	NaN	
631.9440509	94	5	1	1	0.1199805858	84.84369857	15.15589505	0.0004063798622				0	63.38009805	36.61990195	63.58724882	36.41275118	0				-631.9440509	0.1199805858	NaN	
631.7840509	94	5	1	1	0.1199805858	84.84369857	15.15589505	0.0004063798622				0	63.38009805	36.61990195	63.58724882	36.41275118	0				-631.7840509	0.1199805858	NaN	
631.6240509	94	5	1	1	0.1199805858	84.84369857	15.15589505	0.0004063798622				0	63.38009805	36.61990195	63.58724882	36.41275118	0				-631.6240509	0.1199805858	NaN	
631.4640509	94	5	1	1	0.1199805858	84.84369857	15.15589505	0.0004063798622				0	63.38009805	36.61990195	63.58724882	36.41275118	0				-631.4640509	0.1199805858	NaN	
631.3040509	94	5	1	1	0.1199805858	84.84369857	15.15589505	0.0004063798622				0	63.38009805	36.61990195	63.58724882	36.41275118	0				-631.3040509	0.1199805858	NaN	
631.1440509	94	5	1	1	0.1199805858	84.84369857	15.15589505	0.0004063798622				0	63.38009805	36.61990195	63.58724882	36.41275118	0				-631.1440509	0.1199805858	NaN	
630.9840509	94	5	1	1	0.1199805858	84.84369857	15.15589505	0.0004063798622				0	63.38009805	36.61990195	63.58724882	36.41275118	0				-630.9840509	0.1199805858	NaN	
630.8240509	94	5	1	1	0.1199805858	84.84369857	15.15589505	0.0004063798622				0	63.38009805	36.61990195	63.58724882	36.41275118	0				-630.8240509	0.1199805858	NaN	
630.6640509	94	5	1	1	0.1199805858	84.84369857	15.15589505	0.0004063798622				0	63.38009805	36.61990195	63.58724882	36.41275118	0				-630.6640509	0.1199805858	NaN	
630.5040509	94	5	1	1	0.1199805858	84.84369857	15.15589505	0.0004063798622				0	63.38009805	36.61990195	63.58724882	36.41275118	0				-630.5040509	0.1199805858	NaN	
630.3440509	94	5	1	1	0.1199805858	84.84369857	15.15589505	0.0004063798622				0	63.38009805	36.61990195	63.58724882	36.41275118	0				-630.3440509	0.1199805858	NaN	
630.1840509	94	5	1	1	0.1199805858	84.84369857	15.15589505	0.0004063798622				0	63.38009805	36.61990195	63.58724882	36.41275118	0				-630.1840509	0.1199805858	NaN	
630.0240509	94	5	1	1	0.1199805858	84.84369857	15.15589505	0.0004063798622				0	63.38009805	36.61990195	63.58724882	36.41275118	0				-630.0240509	0.1199805858	NaN	
629.8640509	94	5	1	1	0.1199805858	84.84369857	15.15589505	0.0004063798622				0	63.38009805	36.61990195	63.58724882	36.41275118	0				-629.8640509	0.1199805858	NaN	
629.7040509	94	5	1	1	0.1199805858	84.84369857	15.15589505	0.0004063798622				0	63.38009805	36.61990195	63.58724882	36.41275118	0				-629.7040509	0.1199805858	NaN	
629.5440509	94	5	1	1	0.1199805858	84.84369857	15.15589505	0.0004063798622				0	63.38009805	36.61990195	63.58724882	36.41275118	0				-629.5440509	0.1199805858	NaN	
629.3840509	94	5	1	1	0.1199805858	84.84369857	15.15589505	0.0004063798622				0	63.38009805	36.61990195	63.58724882	36.41275118	0				-629.3840509	0.1199805858	NaN	
629.2240509	94	5	1	1	0.1199805858	84.84369857	15.15589505	0.0004063798622				0	63.38009805	36.61990195	63.58724882	36.41275118	0				-629.2240509	0.1199805858	NaN	
629.0640509	94	5	1	1	0.1199805858	84.84369857	15.15589505	0.0004063798622				0	63.38009805	36.61990195	63.58724882	36.41275118	0				-629.0640509	0.1199805858	NaN	
628.9040509	94	5	1	1	0.1199805858	84.84369857	15.15589505	0.0004063798622				0	63.38009805	36.61990195	63.58724882	36.41275118	0				-628.9040509	0.1199805858	NaN	
628.7440509	94	5	1	1	0.1199805858	84.84369857	15.15589505	0.0004063798622				0	63.38009805	36.61990195	63.58724882	36.41275118	0				-628.7440509	0.1199805858	NaN	
628.5840509	94	5	1	1	0.1199805858	84.84369857	15.15589505	0.0004063798622				0	63.38009805	36.61990195	63.58724882	36.41275118	0				-628.5840509	0.1199805858	NaN	
628.4240509	94	5	1	1	0.1199805858	84.84369857	15.15589505	0.0004063798622				0	63.38009805	36.61990195	63.58724882	36.41275118	0				-628.4240509	0.1199805858	NaN	
628.2640509	94	5	1	1	0.1199805858	84.84369857	15.15589505	0.0004063798622				0	63.38009805	36.61990195	63.58724882	36.41275118	0				-628.2640509	0.1199805858	NaN	
628.1040509	94	5	1	1	0.1199805858	84.84369857	15.15589505	0.0004063798622				0	63.38009805	36.61990195	63.58724882	36.41275118	0				-628.1040509	0.1199805858	NaN	
627.9440509	94	5	1	1	0.1199805858	84.84369857	15.15589505	0.0004063798622				0	63.38009805	36.61990195	63.58724882	36.41275118	0				-627.9440509	0.1199805858	NaN	
627.7840509	94	5	1	1	0.1199805858	84.84369857	15.15589505	0.0004063798622				0	63.38009805	36.61990195	63.58724882	36.41275118	0				-627.7840509	0.1199805858	NaN	
627.6240509	94	5	1	1	0.1199805858	84.84369857	15.15589505	0.0004063798622				0	63.38009805	36.61990195	63.58724882	36.41275118	0				-627.6240509	0.1199805858	NaN	
627.4640509	94	5	1	1	0.1199805858	84.84369857	15.15589505	0.0004063798622				0	63.38009805	36.61990195	63.58724882	36.41275118	0				-627.4640509	0.1199805858	NaN	
627.3040509	94	5	1	1	0.1199805858	84.84369857	15.15589505	0.0004063798622				0	63.38009805	36.61990195	63.58724882	36.41275118	0				-627.3040509	0.1199805858	NaN	
627.1440509	94	5	1	1	0.1199805858	84.84369857	15.15589505	0.0004063798622				0	63.38009805	36.61990195	63.58724882	36.41275118	0				-627.1440509	0.1199805858	NaN	
626.9840509	94	5	1	1	0.1199805858	84.84369857	15.15589505	0.0004063798622				0	63.38009805	36.61990195	63.58724882	36.41275118	0				-626.9840509	0.1199805858	NaN	
626.8240509	94	5	1	1	0.1199805858	84.84369857	15.15589505	0.0004063798622				0	63.38009805	36.61990195	63.58724882	36.41275118	0				-626.8240509	0.1199805858	NaN	
626.6640509	94	5	1	1	0.1199805858	84.84369857	15.15589505	0.0004063798622				0	63.38009805	36.61990195	63.58724882	36.41275118	0				-626.6640509	0.1199805858	NaN	
626.5040509	94	5	1	1	0.1199805858	84.84369857	15.15589505	0.0004063798622				0	63.38009805	36.61990195	63.58724882	36.41275118	0				-626.5040509	0.1199805858	NaN	
626.3440509	94	5	1	1	0.1199805858	84.84369857	15.15589505	0.0004063798622				0	63.38009805	36.61990195	63.58724882	36.41275118	0				-626.3440509	0.1199805858	NaN	
626.1840509	94	5	1	1	0.1199805858	84.84369857	15.15589505	0.0004063798622				0	63.38009805	36.61990195	63.58724882	36.41275118	0				-626.1840509	0.1199805858	NaN	
626.0240509	94	5	1	1	0.1199805858	84.84369857	15.15589505	0.0004063798622				0	63.38009805	36.61990195	63.58724882	36.41275118	0				-626.0240509	0.1199805858	NaN	
625.8640509	94	5	1	1	0.1199805858	84.84369857	15.15589505	0.0004063798622				0	63.38009805	36.61990195	63.58724882	36.41275118	0				-625.8640509	0.1199805858	NaN	
625.7040509	94	5	1	1	0.1199805858	84.84369857	15.15589505	0.0004063798622				0	63.38009805	36.61990195	63.58724882	36.41275118	0				-625.7040509	0.1199805858	NaN	
625.5440509	94	5	1	1	0.1199805858	84.84369857	15.15589505	0.0004063798622				0	63.38009805	36.61990195	63.58724882	36.41275118	0				-625.5440509	0.1199805858	NaN	
625.3840509	94	5	1	1	0.1199805858	84.84369857	15.15589505	0.0004063798622				0	63.38009805	36.61990195	63.58724882	36.41275118	0				-625.3840509	0.1199805858	NaN	
625.2240509	94	5	1	1	0.1199805858	84.84369857	15.15589505	0.0004063798622				0	63.38009805	36.61990195	63.58724882	36.41275118	0				-625.2240509	0.1199805858	NaN	
625.0640509	94	5	1	1	0.1199805858	84.84369857	15.15589505	0.0004063798622				0	63.38009805	36.61990195	63.58724882	36.41275118	0				-625.0640509	0.1199805858	NaN	
624.9040509	94	5	1	1	0.1199805858	84.84369857	15.15589505	0.0004063798622				0	63.38009805	36.61990195	63.58724882	36.41275118	0				-624.9040509	0.1199805858	NaN	
624.7440509	94	5	1	1	0.1199805858	84.84369857	15.15589505	0.0004063798622				0	63.38009805	36.61990195	63.58724882	36.41275118	0				-624.7440509	0.1199805858	NaN	
624.5840509	94	5	1	1	0.1199805858	84.84369857	15.15589505	0.0004063798622				0	63.38009805	36.61990195	63.58724882	36.41275118	0				-624.5840509	0.1199805858	NaN	
624.4240509	94	5	1	1	0.1199805858	84.84369857	15.15589505	0.0004063798622				0	63.38009805	36.61990195	63.58724882	36.41275118	0				-624.4240509	0.1199805858	NaN	
624.2640509	94	5	1	1	0.1199805858	84.84369857	15.15589505	0.0004063798622				0	63.38009805	36.61990195	63.58724882	36.41275118	0				-624.2640509	0.1199805858	NaN	
624.1040509	94	5	1	1	0.1199805858	84.84369857	15.15589505	0.0004063798622				0	63.38009805	36.61990195	63.58724882	36.41275118	0				-624.1040509	0.1199805858	NaN	
623.9440509	94	5	1	1	0.1199805858	84.84369857	15.15589505	0.0004063798622				0	63.38009805	36.61990195	63.58724882	36.41275118	0				-623.9440509	0.1199805858	NaN	
623.7840509	94	5	1	1	0.1199805858	84.84369857	15.15589505	0.0004063798622				0	63.38009805	36.61990195	63.58724882	36.41275118	0				-623.7840509	0.1199805858	NaN	
623.6240509	94	5	1	1	0.1199805858	84.84369857	15.15589505	0.0004063798622				0	63.38009805	36.61990195	63.58724882	36.41275118	0				-623.6240509	0.1199805858	NaN	
623.4640509	94	5	1	1	0.1199805858	84.84369857	15.15589505	0.0004063798622				0	63.38009805	36.61990195	63.58724882	36.41275118	0				-623.4640509	0.1199805858	NaN	
623.3040509	94	5	1	1	0.1199805858	84.84369857	15.15589505	0.0004063798622				0	63.38009805	36.61990195	63.58724882	36.41275118	0				-623.3040509	0.1199805858	NaN	
623.1440509	94	5	1	1	0.1199805858	84.84369857	15.15589505	0.0004063798622				0	63.38009805	36.61990195	63.58724882	36.41275118	0				-623.1440509	0.1199805858	NaN	
622.9840509	94	5	1	1	0.1199805858	84.84369857	15.15589505	0.0004063798622				0	63.38009805	36.61990195	63.58724882	36.41275118	0				-622.9840509	0.1199805858	NaN	
622.8240509	94	5	1	1	0.1199805858	84.84369857	15.15589505	0.0004063798622				0	63.38009805	36.61990195	63.58724882	36.41275118	0				-622.8240509	0.1199805858	NaN	
622.6640509	94	5	1	1	0.1199805858	84.84369857	15.15589505	0.0004063798622				0	63.38009805	36.61990195	63.58724882	36.41275118	0				-622.6640509	0.1199805858	NaN	
622.5040509	94	5	1	1	0.1199805858	84.84369857	15.15589505	0.0004063798622				0	63.38009805	36.61990195	63.58724882	36.41275118	0				-622.5040509	0.1199805858	NaN	
622.3440509	94	5	1	1	0.1199805858	84.84369857	15.15589505	0.0004063798622				0	63.38009805	36.61990195	63.58724882	36.41275118	0				-622.3440509	0.1199805858	NaN	
622.1840509	94	5	1	1	0.1199805858	84.84369857	15.15589505	0.0004063798622				0	63.38009805	36.61990195	63.58724882	36.41275118	0				-622.1840509	0.1199805858	NaN	
622.0240509	94	5	1	1	0.1199805858	84.84369857	15.15589505	0.0004063798622				0	63.38009805	36.61990195	63.58724882	36.41275118	0				-622.0240509	0.1199805858	NaN	
621.8640509	94	5	1	1	0.1199805858	84.84369857	15.15589505	0.0004063798622				0	63.38009805	36.61990195	63.58724882	36.41275118	0				-621.8640509	0.1199805858	NaN	
621.7040509	94	5	1	1	0.1199805858	84.84369857	15.15589505	0.0004063798622				0	63.38009805	36.61990195	63.58724882	36.41275118	0				-621.7040509	0.1199805858	NaN	
621.5440509	94	5	1	1	0.1199805858	84.84369857	15.15589505	0.0004063798622				0	63.38009805	36.61990195	63.58724882	36.41275118	0				-621.5440509	0.1199805858	NaN	
621.3840509	94	5	1	1	0.1199805858	84.84369857	15.15589505	0.0004063798622				0	63.38009805	36.61990195	63.58724882	36.41275118	0				-621.3840509	0.1199805858	NaN	
621.2240509	94	5	1	1	0.1199805858	84.84369857	15.15589505	0.0004063798622				0	63.38009805	36.61990195	63.58724882	36.41275118	0				-621.2240509	0.1199805858	NaN	
621.0640509	94	5	1	1	0.1199805858	84.84369857	15.15589505	0.0004063798622				0	63.38009805	36.61990195	63.58724882	36.41275118	0				-621.0640509	0.1199805858	NaN	
620.9040509	94	5	1	1	0.1199805858	84.84369857	15.15589505	0.0004063798622				0	63.38009805	36.61990195	63.58724882	36.41275118	0				-620.9040509	0.1199805858	NaN	
620.7440509	94	5	1	1	0.1199805858	84.84369857	15.15589505	0.0004063798622				0	63.38009805	36.61990195	63.58724882	36.41275118	0				-620.7440509	0.1199805858	NaN	
620.5840509	94	5	1	1	0.1199805858	84.84369857	15.15589505	0.0004063798622				0	63.38009805	36.61990195	63.58724882	36.41275118	0				-620.5840509	0.1199805858	NaN	
620.4240509	94	5	1	1	0.1199805858	84.84369857	15.15589505	0.0004063798622				0	63.38009805	36.61990195	63.58724882	36.41275118	0				-620.4240509	0.1199805858	NaN	
620.2640509	94	5	1	1	0.1199805858	84.84369857	15.15589505	0.0004063798622				0	63.38009805	36.61990195	63.58724882	36.41275118	0				-620.2640509	0.1199805858	NaN	
620.1040509	94	5	1	1	0.1199805858	84.84369857	15.15589505	0.0004063798622				0	63.38009805	36.61990195	63.58724882	36.41275118	0				-620.1040509	0.1199805858	NaN	
619.9440509	94	5	1	1	0.1199805858	84.84369857	15.15589505	0.0004063798622				0	63.38009805	36.61990195	63.58724882	36.41275118	0				-619.9440509	0.1199805858	NaN	
619.7840509	94	5	1	1	0.1199805858	84.84369857	15.15589505	0.0004063798622				0	63.38009805	36.61990195	63.58724882	36.41275118	0				-619.7840509	0.1199805858	NaN	
619.6240509	94	5	1	1	0.1199805858	84.84369857	15.15589505	0.0004063798622				0	63.38009805	36.61990195	63.58724882	36.41275118	0				-619.6240509	0.1199805858	NaN	
619.4640509	94	5	1	1	0.1199805858	84.84369857	15.15589505	0.0004063798622				0	63.38009805	36.61990195	63.58724882	36.41275118	0				-619.4640509	0.1199805858	NaN	
619.3040509	94	5	1	1	0.1199805858	84.84369857	15.15589505	0.0004063798622				0	63.38009805	36.61990195	63.58724882	36.41275118	0				-619.3040509	0.1199805858	NaN	
619.1440509	94	5	1	1	0.1199805858	84.84369857	15.15589505	0.0004063798622				0	63.38009805	36.61990195	63.58724882	36.41275118	0				-619.1440509	0.1199805858	NaN	
618.9840509	94	5	1	1	0.1199805858	84.84369857	15.15589505	0.0004063798622				0	63.38009805	36.61990195	63.58724882	36.41275118	0				-618.9840509	0.1199805858	NaN	
618.8240509	94	5	1	1	0.1199805858	84.84369857	15.15589505	0.0004063798622				0	63.38009805	36.61990195	63.58724882	36.41275118	0				-618.8240509	0.1199805858	NaN	
618.6640509	94	5	1	1	0.1199805858	84.84369857	15.15589505	0.0004063798622				0	63.38009805	36.61990195	63.58724882	36.41275118	0				-618.6640509	0.1199805858	NaN	
618.5040509	94	5	1	1	0.1199805858	84.84369857	15.15589505	0.0004063798622				0	63.38009805	36.61990195	63.58724882	36.41275118	0				-618.5040509	0.1199805858	NaN	
618.3440509	94	5	1	1	0.1199805858	84.84369857	15.15589505	0.0004063798622				0	63.38009805	36.61990195	63.58724882	36.41275118	0				-618.3440509	0.1199805858	NaN	
618.1840509	94	5	1	1	0.1199805858	84.84369857	15.15589505	0.0004063798622				0	63.38009805	36.61990195	63.58724882	36.41275118	0				-618.1840509	0.1199805858	NaN	
618.0240509	94	5	1	1	0.1199805858	84.84369857	15.15589505	0.0004063798622				0	63.38009805	36.61990195	63.58724882	36.41275118	0				-618.0240509	0.1199805858	NaN	
617.8640509	94	5	1	1	0.1199805858	84.84369857	15.15589505	0.0004063798622				0	63.38009805	36.61990195	63.58724882	36.41275118	0				-617.8640509	0.1199805858	NaN	
617.7040509	94	5	1	1	0.1199805858	84.84369857	15.15589505	0.0004063798622				0	63.38009805	36.61990195	63.58724882	36.41275118	0				-617.7040509	0.1199805858	NaN	
617.5440509	94	5	1	1	0.1199805858	84.84369857	15.15589505	0.0004063798622				0	63.38009805	36.61990195	63.58724882	36.41275118	0				-617.5440509	0.1199805858	NaN	
617.3840509	94	5	1	1	0.1199805858	84.84369857	15.15589505	0.0004063798622				0	63.38009805	36.61990195	63.58724882	36.41275118	0				-617.3840509	0.1199805858	NaN	
617.2240509	94	5	1	1	0.1199805858	84.84369857	15.15589505	0.0004063798622				0	63.38009805	36.61990195	63.58724882	36.41275118	0				-617.2240509	0.1199805858	NaN	
617.0640509	94	5	1	1	0.1199805858	84.84369857	15.15589505	0.0004063798622				0	63.38009805	36.61990195	63.58724882	36.41275118	0				-617.0640509	0.1199805858	NaN	
616.9040509	94	5	1	1	0.1199805858	84.84369857	15.15589505	0.0004063798622				0	63.38009805	36.61990195	63.58724882	36.41275118	0				-616.9040509	0.1199805858	NaN	
616.7440509	94	5	1	1	0.1199805858	84.84369857	15.15589505	0.0004063798622				0	63.38009805	36.61990195	63.58724882	36.41275118	0				-616.7440509	0.1199805858	NaN	
616.5840509	94	5	1	1	0.1199805858	84.84369857	15.15589505	0.0004063798622				0	63.38009805	36.61990195	63.58724882	36.41275118	0				-616.5840509	0.1199805858	NaN	
616.4240509	94	5	1	1	0.1199805858	84.84369857	15.15589505	0.0004063798622				0	63.38009805	36.61990195	63.58724882	36.41275118	0				-616.4240509	0.1199805858	NaN	
616.2640509	94	5	1	1	0.1199805858	84.84369857	15.15589505	0.0004063798622				0	63.38009805	36.61990195	63.58724882	36.41275118	0				-616.2640509	0.1199805858	NaN	
616.1040509	94	5	1	1	0.1199805858	84.84369857	15.15589505	0.0004063798622				0	63.38009805	36.61990195	63.58724882	36.41275118	0				-616.1040509	0.1199805858	NaN	
615.9440509	94	5	1	1	0.1199805858	84.84369857	15.15589505	0.0004063798622				0	63.38009805	36.61990195	63.58724882	36.41275118	0				-615.9440509	0.1199805858	NaN	
615.7840509	94	5	1	1	0.1199805858	84.84369857	15.15589505	0.0004063798622				0	63.38009805	36.61990195	63.58724882	36.41275118	0				-615.7840509	0.1199805858	NaN	
615.6240509	94	5	1	1	0.1199805858	84.84369857	15.15589505	0.0004063798622				0	63.38009805	36.61990195	63.58724882	36.41275118	0				-615.6240509	0.1199805858	NaN	
615.4640509	94	5	1	1	0.1199805858	84.84369857	15.15589505	0.0004063798622				0	63.38009805	36.61990195	63.58724882	36.41275118	0				-615.4640509	0.1199805858	NaN	
615.3040509	94	5	1	1	0.1199805858	84.84369857	15.15589505	0.0004063798622				0	63.38009805	36.61990195	63.58724882	36.41275118	0				-615.3040509	0.1199805858	NaN	
615.1440509	94	5	1	1	0.1199805858	84.84369857	15.15589505	0.0004063798622				0	63.38009805	36.61990195	63.58724882	36.41275118	0				-615.1440509	0.1199805858	NaN	
614.9840509	94	5	1	1	0.1199805858	84.84369857	15.15589505	0.0004063798622				0	63.38009805	36.61990195	63.58724882	36.41275118	0				-614.9840509	0.1199805858	NaN	
614.8240509	94	5	1	1	0.1199805858	84.84369857	15.15589505	0.0004063798622				0	63.38009805	36.61990195	63.58724882	36.41275118	0				-614.8240509	0.1199805858	NaN	
614.6640509	94	5	1	1	0.1199805858	84.84369857	15.15589505	0.0004063798622				0	63.38009805	36.61990195	63.58724882	36.41275118	0				-614.6640509	0.1199805858	NaN	
614.5040509	94	5	1	1	0.1199805858	84.84369857	15.15589505	0.0004063798622				0	63.38009805	36.61990195	63.58724882	36.41275118	0				-614.5040509	0.1199805858	NaN	
614.3440509	94	5	1	1	0.1199805858	84.84369857	15.15589505	0.0004063798622				0	63.38009805	36.61990195	63.58724882	36.41275118	0				-614.3440509	0.1199805858	NaN	
614.1840509	94	5	1	1	0.1199805858	84.84369857	15.15589505	0.0004063798622				0	63.38009805	36.61990195	63.58724882	36.41275118	0				-614.1840509	0.1199805858	NaN	
614.0240509	94	5	1	1	0.1199805858	84.84369857	15.15589505	0.0004063798622				0	63.38009805	36.61990195	63.58724882	36.41275118	0				-614.0240509	0.1199805858	NaN	
613.8640509	94	5	1	1	0.1199805858	84.84369857	15.15589505	0.0004063798622				0	63.38009805	36.61990195	63.58724882	36.41275118	0				-613.8640509	0.1199805858	NaN	
613.7040509	94	5	1	1	0.1199805858	84.84369857	15.15589505	0.0004063798622				0	63.38009805	36.61990195	63.58724882	36.41275118	0				-613.7040509	0.1199805858	NaN	
613.5440509	94	5	1	1	0.1199805858	84.84369857	15.15589505	0.0004063798622				0	63.38009805	36.61990195	63.58724882	36.41275118	0				-613.5440509	0.1199805858	NaN	
613.3840509	94	5	1	1	0.1199805858	84.84369857	15.15589505	0.0004063798622				0	63.38009805	36.61990195	63.58724882	36.41275118	0				-613.3840509	0.1199805858	NaN	
613.2240509	94	5	1	1	0.1199805858	84.84369857	15.15589505	0.0004063798622				0	63.38009805	36.61990195	63.58724882	36.41275118	0				-613.2240509	0.1199805858	NaN	
613.0640509	94	5	1	1	0.1199805858	84.84369857	15.15589505	0.0004063798622				0	63.38009805	36.61990195	63.58724882	36.41275118	0				-613.0640509	0.1199805858	NaN	
612.9040509	94	5	1	1	0.1199805858	84.84369857	15.15589505	0.0004063798622				0	63.38009805	36.61990195	63.58724882	36.41275118	0				-612.9040509	0.1199805858	NaN	
612.7440509	94	5	1	1	0.1199805858	84.84369857	15.15589505	0.0004063798622				0	63.38009805	36.61990195	63.58724882	36.41275118	0				-612.7440509	0.1199805858	NaN	
612.5840509	94	5	1	1	0.1199805858	84.84369857	15.15589505	0.0004063798622				0	63.38009805	36.61990195	63.58724882	36.41275118	0				-612.5840509	0.1199805858	NaN	
612.4240509	94	5	1	1	0.1199805858	84.84369857	15.15589505	0.0004063798622				0	63.38009805	36.61990195	63.58724882	36.41275118	0				-612.4240509	0.1199805858	NaN	
612.2640509	94	5	1	1	0.1199805858	84.84369857	15.15589505	0.0004063798622				0	63.38009805	36.61990195	63.58724882	36.41275118	0				-612.2640509	0.1199805858	NaN	
612.1040509	94	5	1	1	0.1199805858	84.84369857	15.15589505	0.0004063798622				0	63.38009805	36.61990195	63.58724882	36.41275118	0				-612.1040509	0.1199805858	NaN	
611.9440509	94	5	1	1	0.1199805858	84.84369857	15.15589505	0.0004063798622				0	63.38009805	36.61990195	63.58724882	36.41275118	0				-611.9440509	0.1199805858	NaN	
611.7840509	94	5	1	1	0.1199805858	84.84369857	15.15589505	0.0004063798622				0	63.38009805	36.61990195	63.58724882	36.41275118	0				-611.7840509	0.1199805858	NaN	
611.6240509	94	5	1	1	0.1199805858	84.84369857	15.15589505	0.0004063798622				0	63.38009805	36.61990195	63.58724882	36.41275118	0				-611.6240509	0.1199805858	NaN	
611.4640509	94	5	1	1	0.1199805858	84.84369857	15.15589505	0.0004063798622				0	63.38009805	36.61990195	63.58724882	36.41275118	0				-611.4640509	0.1199805858	NaN	
611.3040509	94	5	1	1	0.1199805858	84.84369857	15.15589505	0.0004063798622				0	63.38009805	36.61990195	63.58724882	36.41275118	0				-611.3040509	0.1199805858	NaN	
611.1440509	94	5	1	1	0.1199805858	84.84369857	15.15589505	0.0004063798622				0	63.38009805	36.61990195	63.58724882	36.41275118	0				-611.1440509	0.1199805858	NaN	
610.9840509	94	5	1	1	0.1199805858	84.84369857	15.15589505	0.0004063798622				0	63.38009805	36.61990195	63.58724882	36.41275118	0				-610.9840509	0.1199805858	NaN	
610.8240509	94	5	1	1	0.1199805858	84.84369857	15.15589505	0.0004063798622				0	63.38009805	36.61990195	63.58724882	36.41275118	0				-610.8240509	0.1199805858	NaN	
610.6640509	94	5	1	1	0.1199805858	84.84369857	15.15589505	0.0004063798622				0	63.38009805	36.61990195	63.58724882	36.41275118	0				-610.6640509	0.1199805858	NaN	
610.5040509	94	5	1	1	0.1199805858	84.84369857	15.15589505	0.0004063798622				0	63.38009805	36.61990195	63.58724882	36.41275118	0				-610.5040509	0.1199805858	NaN	
610.3440509	94	5	1	1	0.1199805858	84.84369857	15.15589505	0.0004063798622				0	63.38009805	36.61990195	63.58724882	36.41275118	0				-610.3440509	0.1199805858	NaN	
610.1840509	94	5	1	1	0.1199805858	84.84369857	15.15589505	0.0004063798622				0	63.38009805	36.61990195	63.58724882	36.41275118	0				-610.1840509	0.1199805858	NaN	
610.0240509	94	5	1	1	0.1199805858	84.84369857	15.15589505	0.0004063798622				0	63.38009805	36.61990195	63.58724882	36.41275118	0				-610.0240509	0.1199805858	NaN	
609.8640509	94	5	1	1	0.1199805858	84.84369857	15.15589505	0.0004063798622				0	63.38009805	36.61990195	63.58724882	36.41275118	0				-609.8640509	0.1199805858	NaN	
609.7040509	94	5	1	1	0.1199805858	84.84369857	15.15589505	0.0004063798622				0	63.38009805	36.61990195	63.58724882	36.41275118	0				-609.7040509	0.1199805858	NaN	
609.5440509	94	5	1	1	0.1199805858	84.84369857	15.15589505	0.0004063798622				0	63.38009805	36.61990195	63.58724882	36.41275118	0				-609.5440509	0.1199805858	NaN	
609.3840509	94	5	1	1	0.1199805858	84.84369857	15.15589505	0.0004063798622				0	63.38009805	36.61990195	63.58724882	36.41275118	0				-609.3840509	0.1199805858	NaN	
609.2240509	94	5	1	1	0.1199805858	84.84369857	15.15589505	0.0004063798622				0	63.38009805	36.61990195	63.58724882	36.41275118	0				-609.2240509	0.1199805858	NaN	
609.0640509	94	5	1	1	0.1199805858	84.84369857	15.15589505	0.0004063798622				0	63.38009805	36.61990195	63.58724882	36.41275118	0				-609.0640509	0.1199805858	NaN	
608.9040509	94	5	1	1	0.1199805858	84.84369857	15.15589505	0.0004063798622				0	63.38009805	36.61990195	63.58724882	36.41275118	0				-608.9040509	0.1199805858	NaN	
608.7440509	94	5	1	1	0.1199805858	84.84369857	15.15589505	0.0004063798622				0	63.38009805	36.61990195	63.58724882	36.41275118	0				-608.7440509	0.1199805858	NaN	
608.5840509	94	5	1	1	0.1199805858	84.84369857	15.15589505	0.0004063798622				0	63.38009805	36.61990195	63.58724882	36.41275118	0				-608.5840509	0.1199805858	NaN	
608.4240509	94	5	1	1	0.1199805858	84.84369857	15.15589505	0.0004063798622				0	63.38009805	36.61990195	63.58724882	36.41275118	0				-608.4240509	0.1199805858	NaN	
608.2640509	94	5	1	1	0.1199805858	84.84369857	15.15589505	0.0004063798622				0	63.38009805	36.61990195	63.58724882	36.41275118	0				-608.2640509	0.1199805858	NaN	
608.1040509	94	5	1	1	0.1199805858	84.84369857	15.15589505	0.0004063798622				0	63.38009805	36.61990195	63.58724882	36.41275118	0				-608.1040509	0.1199805858	NaN	
607.9440509	94	5	1	1	0.1199805858	84.84369857	15.15589505	0.0004063798622				0	63.38009805	36.61990195	63.58724882	36.41275118	0				-607.9440509	0.1199805858	NaN	
607.7840509	94	5	1	1	0.1199805858	84.84369857	15.15589505	0.0004063798622				0	63.38009805	36.61990195	63.58724882	36.41275118	0				-607.7840509	0.1199805858	NaN	
607.6240509	94	5	1	1	0.1199805858	84.84369857	15.15589505	0.0004063798622				0	63.38009805	36.61990195	63.58724882	36.41275118	0				-607.6240509	0.1199805858	NaN	
607.4640509	94	5	1	1	0.1199805858	84.84369857	15.15589505	0.0004063798622				0	63.38009805	36.61990195	63.58724882	36.41275118	0				-607.4640509	0.1199805858	NaN	
607.3040509	94	5	1	1	0.1199805858	84.84369857	15.15589505	0.0004063798622				0	63.38009805	36.61990195	63.58724882	36.41275118	0				-607.3040509	0.1199805858	NaN	
607.1440509	94	5	1	1	0.1199805858	84.84369857	15.15589505	0.0004063798622				0	63.38009805	36.61990195	63.58724882	36.41275118	0				-607.1440509	0.1199805858	NaN	
606.9840509	94	5	1	1	0.1199805858	84.84369857	15.15589505	0.0004063798622				0	63.38009805	36.61990195	63.58724882	36.41275118	0				-606.9840509	0.1199805858	NaN	
606.8240509	94	5	1	1	0.1199805858	84.84369857	15.15589505	0.0004063798622				0	63.38009805	36.61990195	63.58724882	36.41275118	0				-606.8240509	0.1199805858	NaN	
606.6640509	94	5	1	1	0.1199805858	84.84369857	15.15589505	0.0004063798622				0	63.38009805	36.61990195	63.58724882	36.41275118	0				-606.6640509	0.1199805858	NaN	
606.5040509	94	5	1	1	0.1199805858	84.84369857	15.15589505	0.0004063798622				0	63.38009805	36.61990195	63.58724882	36.41275118	0				-606.5040509	0.1199805858	NaN	
606.3440509	94	5	1	1	0.1199805858	84.84369857	15.15589505	0.0004063798622				0	63.38009805	36.61990195	63.58724882	36.41275118	0				-606.3440509	0.1199805858	NaN	
606.1840509	94	5	1	1	0.1199805858	84.84369857	15.15589505	0.0004063798622				0	63.38009805	36.61990195	63.58724882	36.41275118	0				-606.1840509	0.1199805858	NaN	
606.0240509	94	5	1	1	0.1199805858	84.84369857	15.15589505	0.0004063798622				0	63.38009805	36.61990195	63.58724882	36.41275118	0				-606.0240509	0.1199805858	NaN	
605.8640509	94	5	1	1	0.1199805858	84.84369857	15.15589505	0.0004063798622				0	63.38009805	36.61990195	63.58724882	36.41275118	0				-605.8640509	0.1199805858	NaN	
605.7040509	94	5	1	1	0.1199805858	84.84369857	15.15589505	0.0004063798622				0	63.38009805	36.61990195	63.58724882	36.41275118	0				-605.7040509	0.1199805858	NaN	
605.5440509	94	5	1	1	0.1199805858	84.84369857	15.15589505	0.0004063798622				0	63.38009805	36.61990195	63.58724882	36.41275118	0				-605.5440509	0.1199805858	NaN	
605.3840509	94	5	1	1	0.1199805858	84.84369857	15.15589505	0.0004063798622				0	63.38009805	36.61990195	63.58724882	36.41275118	0				-605.3840509	0.1199805858	NaN	
605.2240509	94	5	1	1	0.1199805858	84.84369857	15.15589505	0.0004063798622				0	63.38009805	36.61990195	63.58724882	36.41275118	0				-605.2240509	0.1199805858	NaN	
605.0640509	94	5	1	1	0.1199805858	84.84369857	15.15589505	0.0004063798622				0	63.38009805	36.61990195	63.58724882	36.41275118	0				-605.0640509	0.1199805858	NaN	
604.9040509	94	5	1	1	0.1199805858	84.84369857	15.15589505	0.0004063798622				0	63.38009805	36.61990195	63.58724882	36.41275118	0				-604.9040509	0.1199805858	NaN	
604.7440509	94	5	1	1	0.1199805858	84.84369857	15.15589505	0.0004063798622				0	63.38009805	36.61990195	63.58724882	36.41275118	0				-604.7440509	0.1199805858	NaN	
604.5840509	94	5	1	1	0.1199805858	84.84369857	15.15589505	0.0004063798622				0	63.38009805	36.61990195	63.58724882	36.41275118	0				-604.5840509	0.1199805858	NaN	
604.4240509	94	5	1	1	0.1199805858	84.84369857	15.15589505	0.0004063798622				0	63.38009805	36.61990195	63.58724882	36.41275118	0				-604.4240509	0.1199805858	NaN	
604.2640509	94	5	1	1	0.1199805858	84.84369857	15.15589505	0.0004063798622				0	63.38009805	36.61990195	63.58724882	36.41275118	0				-604.2640509	0.1199805858	NaN	
604.1040509	94	5	1	1	0.1199805858	84.84369857	15.15589505	0.0004063798622				0	63.38009805	36.61990195	63.58724882	36.41275118	0				-604.1040509	0.1199805858	NaN	
603.9440509	94	5	1	1	0.1199805858	84.84369857	15.15589505	0.0004063798622				0	63.38009805	36.61990195	63.58724882	36.41275118	0				-603.9440509	0.1199805858	NaN	
603.7840509	94	5	1	1	0.1199805858	84.84369857	15.15589505	0.0004063798622				0	63.38009805	36.61990195	63.58724882	36.41275118	0				-603.7840509	0.1199805858	NaN	
603.6240509	94	5	1	1	0.1199805858	84.84369857	15.15589505	0.0004063798622				0	63.38009805	36.61990195	63.58724882	36.41275118	0				-603.6240509	0.1199805858	NaN	
603.4640509	94	5	1	1	0.1199805858	84.84369857	15.15589505	0.0004063798622				0	63.38009805	36.61990195	63.58724882	36.41275118	0				-603.4640509	0.1199805858	NaN	
603.3040509	94	5	1	1	0.1199805858	84.84369857	15.15589505	0.0004063798622				0	63.38009805	36.61990195	63.58724882	36.41275118	0				-603.3040509	0.1199805858	NaN	
603.1440509	94	5	1	1	0.1199805858	84.84369857	15.15589505	0.0004063798622				0	63.38009805	36.61990195	63.58724882	36.41275118	0				-603.1440509	0.1199805858	NaN	
602.9840509	94	5	1	1	0.1199805858	84.84369857	15.15589505	0.0004063798622				0	63.38009805	36.61990195	63.58724882	36.41275118	0				-602.9840509	0.1199805858	NaN	
602.8240509	94	5	1	1	0.1199805858	84.84369857	15.15589505	0.0004063798622				0	63.38009805	36.61990195	63.58724882	36.41275118	0				-602.8240509	0.1199805858	NaN	
602.6640509	94	5	1	1	0.1199805858	84.84369857	15.15589505	0.0004063798622				0	63.38009805	36.61990195	63.58724882	36.41275118	0				-602.6640509	0.1199805858	NaN	
602.5040509	94	5	1	1	0.1199805858	84.84369857	15.15589505	0.0004063798622				0	63.38009805	36.61990195	63.58724882	36.41275118	0				-602.5040509	0.1199805858	NaN	
602.3440509	94	5	1	1	0.1199805858	84.84369857	15.15589505	0.0004063798622				0	63.38009805	36.61990195	63.58724882	36.41275118	0				-602.3440509	0.1199805858	NaN	
602.1840509	94	5	1	1	0.1199805858	84.84369857	15.15589505	0.0004063798622				0	63.38009805	36.61990195	63.58724882	36.41275118	0				-602.1840509	0.1199805858	NaN	
602.0240509	94	5	1	1	0.1199805858	84.84369857	15.15589505	0.0004063798622				0	63.38009805	36.61990195	63.58724882	36.41275118	0				-602.0240509	0.1199805858	NaN	
601.8640509	94	5	1	1	0.1199805858	84.84369857	15.15589505	0.0004063798622				0	63.38009805	36.61990195	63.58724882	36.41275118	0				-601.8640509	0.1199805858	NaN	
601.7040509	94	5	1	1	0.1199805858	84.84369857	15.15589505	0.0004063798622				0	63.38009805	36.61990195	63.58724882	36.41275118	0				-601.7040509	0.1199805858	NaN	
601.5440509	94	5	1	1	0.1199805858	84.84369857	15.15589505	0.0004063798622				0	63.38009805	36.61990195	63.58724882	36.41275118	0				-601.5440509	0.1199805858	NaN	
601.3840509	94	5	1	1	0.1199805858	84.84369857	15.15589505	0.0004063798622				0	63.38009805	36.61990195	63.58724882	36.41275118	0				-601.3840509	0.1199805858	NaN	
601.2240509	94	5	1	1	0.1199805858	84.84369857	15.15589505	0.0004063798622				0	63.38009805	36.61990195	63.58724882	36.41275118	0				-601.2240509	0.1199805858	NaN	
601.0640509	94	5	1	1	0.1199805858	84.84369857	15.15589505	0.0004063798622				0	63.38009805	36.61990195	63.58724882	36.41275118	0				-601.0640509	0.1199805858	NaN	
600.9040509	94	5	1	1	0.1199805858	84.84369857	15.15589505	0.0004063798622				0	63.38009805	36.61990195	63.58724882	36.41275118	0				-600.9040509	0.1199805858	NaN	
600.7440509	94	5	1	1	0.1199805858	84.84369857	15.15589505	0.0004063798622				0	63.38009805	36.61990195	63.58724882	36.41275118	0				-600.7440509	0.1199805858	NaN	
600.5840509	94	5	1	1	0.1199805858	84.84369857	15.15589505	0.0004063798622				0	63.38009805	36.61990195	63.58724882	36.41275118	0				-600.5840509	0.1199805858	NaN	
600.4240509	94	5	1	1	0.1199805858	84.84369857	15.15589505	0.0004063798622				0	63.38009805	36.61990195	63.58724882	36.41275118	0				-600.4240509	0.1199805858	NaN	
600.2640509	94	5	1	1	0.1199805858	84.84369857	15.15589505	0.0004063798622				0	63.38009805	36.61990195	63.58724882	36.41275118	0				-600.2640509	0.1199805858	NaN	
600.1040509	94	5	1	1	0.1199805858	84.84369857	15.15589505	0.0004063798622				0	63.38009805	36.61990195	63.58724882	36.41275118	0				-600.1040509	0.1199805858	NaN	
599.9440509	94	5	1	1	0.1199805858	84.84369857	15.15589505	0.0004063798622				0	63.38009805	36.61990195	63.58724882	36.41275118	0				-599.9440509	0.1199805858	NaN	
599.7840509	94	5	1	1	0.1199805858	84.84369857	15.15589505	0.0004063798622				0	63.38009805	36.61990195	63.58724882	36.41275118	0				-599.7840509	0.1199805858	NaN	
599.6240509	94	5	1	1	0.1199805858	84.84369857	15.15589505	0.0004063798622				0	63.38009805	36.61990195	63.58724882	36.41275118	0				-599.6240509	0.1199805858	NaN	
599.4640509	94	5	1	1	0.1199805858	84.84369857	15.15589505	0.0004063798622				0	63.38009805	36.61990195	63.58724882	36.41275118	0				-599.4640509	0.1199805858	NaN	
599.3040509	94	5	1	1	0.1199805858	84.84369857	15.15589505	0.0004063798622				0	63.38009805	36.61990195	63.58724882	36.41275118	0				-599.3040509	0.1199805858	NaN	
599.1440509	94	5	1	1	0.1199805858	84.84369857	15.15589505	0.0004063798622				0	63.38009805	36.61990195	63.58724882	36.41275118	0				-599.1440509	0.1199805858	NaN	
598.9840509	94	5	1	1	0.1199805858	84.84369857	15.15589505	0.0004063798622				0	63.38009805	36.61990195	63.58724882	36.41275118	0				-598.9840509	0.1199805858	NaN	
598.8240509	94	5	1	1	0.1199805858	84.84369857	15.15589505	0.0004063798622				0	63.38009805	36.61990195	63.58724882	36.41275118	0				-598.8240509	0.1199805858	NaN	
598.6640509	94	5	1	1	0.1199805858	84.84369857	15.15589505	0.0004063798622				0	63.38009805	36.61990195	63.58724882	36.41275118	0				-598.6640509	0.1199805858	NaN	
598.5040509	94	5	1	1	0.1199805858	84.84369857	15.15589505	0.0004063798622				0	63.38009805	36.61990195	63.58724882	36.41275118	0				-598.5040509	0.1199805858	NaN	
598.3440509	94	5	1	1	0.1199805858	84.84369857	15.15589505	0.0004063798622				0	63.38009805	36.61990195	63.58724882	36.41275118	0				-598.3440509	0.1199805858	NaN	
598.1840509	94	5	1	1	0.1199805858	84.84369857	15.15589505	0.0004063798622				0	63.38009805	36.61990195	63.58724882	36.41275118	0				-598.1840509	0.1199805858	NaN	
598.0240509	94	5	1	1	0.1199805858	84.84369857	15.15589505	0.0004063798622				0	63.38009805	36.61990195	63.58724882	36.41275118	0				-598.0240509	0.1199805858	NaN	
597.8640509	94	5	1	1	0.1199805858	84.84369857	15.15589505	0.0004063798622				0	63.38009805	36.61990195	63.58724882	36.41275118	0				-597.8640509	0.1199805858	NaN	
597.7040509	94	5	1	1	0.1199805858	84.84369857	15.15589505	0.0004063798622				0	63.38009805	36.61990195	63.58724882	36.41275118	0				-597.7040509	0.1199805858	NaN	
597.5440509	94	5	1	1	0.1199805858	84.84369857	15.15589505	0.0004063798622				0	63.38009805	36.61990195	63.58724882	36.41275118	0				-597.5440509	0.1199805858	NaN	
597.3840509	94	5	1	1	0.1199805858	84.84369857	15.15589505	0.0004063798622				0	63.38009805	36.61990195	63.58724882	36.41275118	0				-597.3840509	0.1199805858	NaN	
597.2240509	94	5	1	1	0.1199805858	84.84369857	15.15589505	0.0004063798622				0	63.38009805	36.61990195	63.58724882	36.41275118	0				-597.2240509	0.1199805858	NaN	
597.0640509	94	5	1	1	0.1199805858	84.84369857	15.15589505	0.0004063798622				0	63.38009805	36.61990195	63.58724882	36.41275118	0				-597.0640509	0.1199805858	NaN	
596.9040509	94	5	1	1	0.1199805858	84.84369857	15.15589505	0.0004063798622				0	63.38009805	36.61990195	63.58724882	36.41275118	0				-596.9040509	0.1199805858	NaN	
596.7440509	94	5	1	1	0.1199805858	84.84369857	15.15589505	0.0004063798622				0	63.38009805	36.61990195	63.58724882	36.41275118	0				-596.7440509	0.1199805858	NaN	
596.5840509	94	5	1	1	0.1199805858	84.84369857	15.15589505	0.0004063798622				0	63.38009805	36.61990195	63.58724882	36.41275118	0				-596.5840509	0.1199805858	NaN	
596.4240509	94	5	1	1	0.1199805858	84.84369857	15.15589505	0.0004063798622				0	63.38009805	36.61990195	63.58724882	36.41275118	0				-596.4240509	0.1199805858	NaN	
596.2640509	94	5	1	1	0.1199805858	84.84369857	15.15589505	0.0004063798622				0	63.38009805	36.61990195	63.58724882	36.41275118	0				-596.2640509	0.1199805858	NaN	
596.1040509	94	5	1	1	0.1199805858	84.84369857	15.15589505	0.0004063798622				0	63.38009805	36.61990195	63.58724882	36.41275118	0				-596.1040509	0.1199805858	NaN	
595.9440509	94	5	1	1	0.1199805858	84.84369857	15.15589505	0.0004063798622				0	63.38009805	36.61990195	63.58724882	36.41275118	0				-595.9440509	0.1199805858	NaN	
595.7840509	94	5	1	1	0.1199805858	84.84369857	15.15589505	0.0004063798622				0	63.38009805	36.61990195	63.58724882	36.41275118	0				-595.7840509	0.1199805858	NaN	
595.6240509	94	5	1	1	0.1199805858	84.84369857	15.15589505	0.0004063798622				0	63.38009805	36.61990195	63.58724882	36.41275118	0				-595.6240509	0.1199805858	NaN	
595.4640509	94	5	1	1	0.1199805858	84.84369857	15.15589505	0.0004063798622				0	63.38009805	36.61990195	63.58724882	36.41275118	0				-595.4640509	0.1199805858	NaN	
595.3040509	94	5	1	1	0.1199805858	84.84369857	15.15589505	0.0004063798622				0	63.38009805	36.61990195	63.58724882	36.41275118	0				-595.3040509	0.1199805858	NaN	
595.1440509	94	5	1	1	0.1199805858	84.84369857	15.15589505	0.0004063798622				0	63.38009805	36.61990195	63.58724882	36.41275118	0				-595.1440509	0.1199805858	NaN	
594.9840509	94	5	1	1	0.1199805858	84.84369857	15.15589505	0.0004063798622				0	63.38009805	36.61990195	63.58724882	36.41275118	0				-594.9840509	0.1199805858	NaN	
594.8240509	94	5	1	1	0.1199805858	84.84369857	15.15589505	0.0004063798622				0	63.38009805	36.61990195	63.58724882	36.41275118	0				-594.8240509	0.1199805858	NaN	
594.6640509	94	5	1	1	0.1199805858	84.84369857	15.15589505	0.0004063798622				0	63.38009805	36.61990195	63.58724882	36.41275118	0				-594.6640509	0.1199805858	NaN	
594.5040509	94	5	1	1	0.1199805858	84.84369857	15.15589505	0.0004063798622				0	63.38009805	36.61990195	63.58724882	36.41275118	0				-594.5040509	0.1199805858	NaN	
594.3440509	94	5	1	1	0.1199805858	84.84369857	15.15589505	0.0004063798622				0	63.38009805	36.61990195	63.58724882	36.41275118	0				-594.3440509	0.1199805858	NaN	
594.1840509	94	5	1	1	0.1199805858	84.84369857	15.15589505	0.0004063798622				0	63.38009805	36.61990195	63.58724882	36.41275118	0				-594.1840509	0.1199805858	NaN	
594.0240509	94	5	1	1	0.1199805858	84.84369857	15.15589505	0.0004063798622				0	63.38009805	36.61990195	63.58724882	36.41275118	0				-594.0240509	0.1199805858	NaN	
593.8640509	94	5	1	1	0.1199805858	84.84369857	15.15589505	0.0004063798622				0	63.38009805	36.61990195	63.58724882	36.41275118	0				-593.8640509	0.1199805858	NaN	
593.7040509	94	5	1	1	0.1199805858	84.84369857	15.15589505	0.0004063798622				0	63.38009805	36.61990195	63.58724882	36.41275118	0				-593.7040509	0.1199805858	NaN	
593.5440509	94	5	1	1	0.1199805858	84.84369857	15.15589505	0.0004063798622				0	63.38009805	36.61990195	63.58724882	36.41275118	0				-593.5440509	0.1199805858	NaN	
593.3840509	94	5	1	1	0.1199805858	84.84369857	15.15589505	0.0004063798622				0	63.38009805	36.61990195	63.58724882	36.41275118	0				-593.3840509	0.1199805858	NaN	
593.2240509	94	5	1	1	0.1199805858	84.84369857	15.15589505	0.0004063798622				0	63.38009805	36.61990195	63.58724882	36.41275118	0				-593.2240509	0.1199805858	NaN	
593.0640509	94	5	1	1	0.1199805858	84.84369857	15.15589505	0.0004063798622				0	63.38009805	36.61990195	63.58724882	36.41275118	0				-593.0640509	0.1199805858	NaN	
592.9040509	94	5	1	1	0.1199805858	84.84369857	15.15589505	0.0004063798622				0	63.38009805	36.61990195	63.58724882	36.41275118	0				-592.9040509	0.1199805858	NaN	
592.7440509	94	5	1	1	0.1199805858	84.84369857	15.15589505	0.0004063798622				0	63.38009805	36.61990195	63.58724882	36.41275118	0				-592.7440509	0.1199805858	NaN	
592.5840509	94	5	1	1	0.1199805858	84.84369857	15.15589505	0.0004063798622				0	63.38009805	36.61990195	63.58724882	36.41275118	0				-592.5840509	0.1199805858	NaN	
592.4240509	94	5	1	1	0.1199805858	84.84369857	15.15589505	0.0004063798622				0	63.38009805	36.61990195	63.58724882	36.41275118	0				-592.4240509	0.1199805858	NaN	
592.2640509	94	5	1	1	0.1199805858	84.84369857	15.15589505	0.0004063798622				0	63.38009805	36.61990195	63.58724882	36.41275118	0				-592.2640509	0.1199805858	NaN	
592.1040509	94	5	1	1	0.1199805858	84.84369857	15.15589505	0.0004063798622				0	63.38009805	36.61990195	63.58724882	36.41275118	0				-592.1040509	0.1199805858	NaN	
591.9440509	94	5	1	1	0.1199805858	84.84369857	15.15589505	0.0004063798622				0	63.38009805	36.61990195	63.58724882	36.41275118	0				-591.9440509	0.1199805858	NaN	
591.7840509	94	5	1	1	0.1199805858	84.84369857	15.15589505	0.0004063798622				0	63.38009805	36.61990195	63.58724882	36.41275118	0				-591.7840509	0.1199805858	NaN	
591.6240509	94	5	1	1	0.1199805858	84.84369857	15.15589505	0.0004063798622				0	63.38009805	36.61990195	63.58724882	36.41275118	0				-591.6240509	0.1199805858	NaN	
591.4640509	94	5	1	1	0.1199805858	84.84369857	15.15589505	0.0004063798622				0	63.38009805	36.61990195	63.58724882	36.41275118	0				-591.4640509	0.1199805858	NaN	
591.3040509	94	5	1	1	0.1199805858	84.84369857	15.15589505	0.0004063798622				0	63.38009805	36.61990195	63.58724882	36.41275118	0				-591.3040509	0.1199805858	NaN	
591.1440509	94	5	1	1	0.1199805858	84.84369857	15.15589505	0.0004063798622				0	63.38009805	36.61990195	63.58724882	36.41275118	0				-591.1440509	0.1199805858	NaN	
590.9840509	94	5	1	1	0.1199805858	84.84369857	15.15589505	0.0004063798622				0	63.38009805	36.61990195	63.58724882	36.41275118	0				-590.9840509	0.1199805858	NaN	
590.8240509	94	5	1	1	0.1199805858	84.84369857	15.15589505	0.0004063798622				0	63.38009805	36.61990195	63.58724882	36.41275118	0				-590.8240509	0.1199805858	NaN	
590.6640509	94	5	1	1	0.1199805858	84.84369857	15.15589505	0.0004063798622				0	63.38009805	36.61990195	63.58724882	36.41275118	0				-590.6640509	0.1199805858	NaN	
590.5040509	94	5	1	1	0.1199805858	84.84369857	15.15589505	0.0004063798622				0	63.38009805	36.61990195	63.58724882	36.41275118	0				-590.5040509	0.1199805858	NaN	
590.3440509	94	5	1	1	0.1199805858	84.84369857	15.15589505	0.0004063798622				0	63.38009805	36.61990195	63.58724882	36.41275118	0				-590.3440509	0.1199805858	NaN	
590.1840509	94	5	1	1	0.1199805858	84.84369857	15.15589505	0.0004063798622				0	63.38009805	36.61990195	63.58724882	36.41275118	0				-590.1840509	0.1199805858	NaN	
590.0240509	94	5	1	1	0.1199805858	84.84369857	15.15589505	0.0004063798622				0	63.38009805	36.61990195	63.58724882	36.41275118	0				-590.0240509	0.1199805858	NaN	
589.8640509	94	5	1	1	0.1199805858	84.84369857	15.15589505	0.0004063798622				0	63.38009805	36.61990195	63.58724882	36.41275118	0				-589.8640509	0.1199805858	NaN	
589.7040509	94	5	1	1	0.1199805858	84.84369857	15.15589505	0.0004063798622				0	63.38009805	36.61990195	63.58724882	36.41275118	0				-589.7040509	0.1199805858	NaN	
589.5440509	94	5	1	1	0.1199805858	84.84369857	15.15589505	0.0004063798622				0	63.38009805	36.61990195	63.58724882	36.41275118	0				-589.5440509	0.1199805858	NaN	
589.3840509	94	5	1	1	0.1199805858	84.84369857	15.15589505	0.0004063798622				0	63.38009805	36.61990195	63.58724882	36.41275118	0				-589.3840509	0.1199805858	NaN	
589.2240509	94	5	1	1	0.1199805858	84.84369857	15.15589505	0.0004063798622				0	63.38009805	36.61990195	63.58724882	36.41275118	0				-589.2240509	0.1199805858	NaN	
589.0640509	94	5	1	1	0.1199805858	84.84369857	15.15589505	0.0004063798622				0	63.38009805	36.61990195	63.58724882	36.41275118	0				-589.0640509	0.1199805858	NaN	
588.9040509	94	5	1	1	0.1199805858	84.84369857	15.15589505	0.0004063798622				0	63.38009805	36.61990195	63.58724882	36.41275118	0				-588.9040509	0.1199805858	NaN	
588.7440509	94	5	1	1	0.1199805858	84.84369857	15.15589505	0.0004063798622				0	63.38009805	36.61990195	63.58724882	36.41275118	0				-588.7440509	0.1199805858	NaN	
588.5840509	94	5	1	1	0.1199805858	84.84369857	15.15589505	0.0004063798622				0	63.38009805	36.61990195	63.58724882	36.41275118	0				-588.5840509	0.1199805858	NaN	
588.4240509	94	5	1	1	0.1199805858	84.84369857	15.15589505	0.0004063798622				0	63.38009805	36.61990195	63.58724882	36.41275118	0				-588.4240509	0.1199805858	NaN	
588.2640509	94	5	1	1	0.1199805858	84.84369857	15.15589505	0.0004063798622				0	63.38009805	36.61990195	63.58724882	36.41275118	0				-588.2640509	0.1199805858	NaN	
588.1040509	94	5	1	1	0.1199805858	84.84369857	15.15589505	0.0004063798622				0	63.38009805	36.61990195	63.58724882	36.41275118	0				-588.1040509	0.1199805858	NaN	
587.9440509	94	5	1	1	0.1199805858	84.84369857	15.15589505	0.0004063798622				0	63.38009805	36.61990195	63.58724882	36.41275118	0				-587.9440509	0.1199805858	NaN	
587.7840509	94	5	1	1	0.1199805858	84.84369857	15.15589505	0.0004063798622				0	63.38009805	36.61990195	63.58724882	36.41275118	0				-587.7840509	0.1199805858	NaN	
587.6240509	94	5	1	1	0.1199805858	84.84369857	15.15589505	0.0004063798622				0	63.38009805	36.61990195	63.58724882	36.41275118	0				-587.6240509	0.1199805858	NaN	
587.4640509	94	5	1	1	0.1199805858	84.84369857	15.15589505	0.0004063798622				0	63.38009805	36.61990195	63.58724882	36.41275118	0				-587.4640509	0.1199805858	NaN	
587.3040509	94	5	1	1	0.1199805858	84.84369857	15.15589505	0.0004063798622				0	63.38009805	36.61990195	63.58724882	36.41275118	0				-587.3040509	0.1199805858	NaN	
587.1440509	94	5	1	1	0.1199805858	84.84369857	15.15589505	0.0004063798622				0	63.38009805	36.61990195	63.58724882	36.41275118	0				-587.1440509	0.1199805858	NaN	
586.9840509	94	5	1	1	0.1199805858	84.84369857	15.15589505	0.0004063798622				0	63.38009805	36.61990195	63.58724882	36.41275118	0				-586.9840509	0.1199805858	NaN	
586.8240509	94	5	1	1	0.1199805858	84.84369857	15.15589505	0.0004063798622				0	63.38009805	36.61990195	63.58724882	36.41275118	0				-586.8240509	0.1199805858	NaN	
586.6640509	94	5	1	1	0.1199805858	84.84369857	15.15589505	0.0004063798622				0	63.38009805	36.61990195	63.58724882	36.41275118	0				-586.6640509	0.1199805858	NaN	
586.5040509	94	5	1	1	0.1199805858	84.84369857	15.15589505	0.0004063798622				0	63.38009805	36.61990195	63.58724882	36.41275118	0				-586.5040509	0.1199805858	NaN	
586.3440509	94	5	1	1	0.1199805858	84.84369857	15.15589505	0.0004063798622				0	63.38009805	36.61990195	63.58724882	36.41275118	0				-586.3440509	0.1199805858	NaN	
586.1840509	94	5	1	1	0.1199805858	84.84369857	15.15589505	0.0004063798622				0	63.38009805	36.61990195	63.58724882	36.41275118	0				-586.1840509	0.1199805858	NaN	
586.0240509	94	5	1	1	0.1199805858	84.84369857	15.15589505	0.0004063798622				0	63.38009805	36.61990195	63.58724882	36.41275118	0				-586.0240509	0.1199805858	NaN	
585.8640509	94	5	1	1	0.1199805858	84.84369857	15.15589505	0.0004063798622				0	63.38009805	36.61990195	63.58724882	36.41275118	0				-585.8640509	0.1199805858	NaN	
585.7040509	94	5	1	1	0.1199805858	84.84369857	15.15589505	0.0004063798622				0	63.38009805	36.61990195	63.58724882	36.41275118	0				-585.7040509	0.1199805858	NaN	
585.5440509	94	5	1	1	0.1199805858	84.84369857	15.15589505	0.0004063798622				0	63.38009805	36.61990195	63.58724882	36.41275118	0				-585.5440509	0.1199805858	NaN	
585.3840509	94	5	1	1	0.1199805858	84.84369857	15.15589505	0.0004063798622				0	63.38009805	36.61990195	63.58724882	36.41275118	0				-585.3840509	0.1199805858	NaN	
585.2240509	94	5	1	1	0.1199805858	84.84369857	15.15589505	0.0004063798622				0	63.38009805	36.61990195	63.58724882	36.41275118	0				-585.2240509	0.1199805858	NaN	
585.0640509	94	5	1	1	0.1199805858	84.84369857	15.15589505	0.0004063798622				0	63.38009805	36.61990195	63.58724882	36.41275118	0				-585.0640509	0.1199805858	NaN	
584.9040509	94	5	1	1	0.1199805858	84.84369857	15.15589505	0.0004063798622				0	63.38009805	36.61990195	63.58724882	36.41275118	0				-584.9040509	0.1199805858	NaN	
584.7440509	94	5	1	1	0.1199805858	84.84369857	15.15589505	0.0004063798622				0	63.38009805	36.61990195	63.58724882	36.41275118	0				-584.7440509	0.1199805858	NaN	
584.5840509	94	5	1	1	0.1199805858	84.84369857	15.15589505	0.0004063798622				0	63.38009805	36.61990195	63.58724882	36.41275118	0				-584.5840509	0.1199805858	NaN	
584.4240509	94	5	1	1	0.1199805858	84.84369857	15.15589505	0.0004063798622				0	63.38009805	36.61990195	63.58724882	36.41275118	0				-584.4240509	0.1199805858	NaN	
584.2640509	94	5	1	1	0.1199805858	84.84369857	15.15589505	0.0004063798622				0	63.38009805	36.61990195	63.58724882	36.41275118	0				-584.2640509	0.1199805858	NaN	
584.1040509	94	5	1	1	0.1199805858	84.84369857	15.15589505	0.0004063798622				0	63.38009805	36.61990195	63.58724882	36.41275118	0				-584.1040509	0.1199805858	NaN	
583.9440509	94	5	1	1	0.1199805858	84.84369857	15.15589505	0.0004063798622				0	63.38009805	36.61990195	63.58724882	36.41275118	0				-583.9440509	0.1199805858	NaN	
583.7840509	94	5	1	1	0.1199805858	84.84369857	15.15589505	0.0004063798622				0	63.38009805	36.61990195	63.58724882	36.41275118	0				-583.7840509	0.1199805858	NaN	
583.6240509	94	5	1	1	0.1199805858	84.84369857	15.15589505	0.0004063798622				0	63.38009805	36.61990195	63.58724882	36.41275118	0				-583.6240509	0.1199805858	NaN	
583.4640509	94	5	1	1	0.1199805858	84.84369857	15.15589505	0.0004063798622				0	63.38009805	36.61990195	63.58724882	36.41275118	0				-583.4640509	0.1199805858	NaN	
583.3040509	94	5	1	1	0.1199805858	84.84369857	15.15589505	0.0004063798622				0	63.38009805	36.61990195	63.58724882	36.41275118	0				-583.3040509	0.1199805858	NaN	
583.1440509	94	5	1	1	0.1199805858	84.84369857	15.15589505	0.0004063798622				0	63.38009805	36.61990195	63.58724882	36.41275118	0				-583.1440509	0.1199805858	NaN	
582.9840509	94	5	1	1	0.1199805858	84.84369857	15.15589505	0.0004063798622				0	63.38009805	36.61990195	63.58724882	36.41275118	0				-582.9840509	0.1199805858	NaN	
582.8240509	94	5	1	1	0.1199805858	84.84369857	15.15589505	0.0004063798622				0	63.38009805	36.61990195	63.58724882	36.41275118	0				-582.8240509	0.1199805858	NaN	
582.6640509	94	5	1	1	0.1199805858	84.84369857	15.15589505	0.0004063798622				0	63.38009805	36.61990195	63.58724882	36.41275118	0				-582.6640509	0.1199805858	NaN	
582.5040509	94	5	1	1	0.1199805858	84.84369857	15.15589505	0.0004063798622				0	63.38009805	36.61990195	63.58724882	36.41275118	0				-582.5040509	0.1199805858	NaN	
582.3440509	94	5	1	1	0.1199805858	84.84369857	15.15589505	0.0004063798622				0	63.38009805	36.61990195	63.58724882	36.41275118	0				-582.3440509	0.1199805858	NaN	
582.1840509	94	5	1	1	0.1199805858	84.84369857	15.15589505	0.0004063798622				0	63.38009805	36.61990195	63.58724882	36.41275118	0				-582.1840509	0.1199805858	NaN	
582.0240509	94	5	1	1	0.1199805858	84.84369857	15.15589505	0.0004063798622				0	63.38009805	36.61990195	63.58724882	36.41275118	0				-582.0240509	0.1199805858	NaN	
581.8640509	94	5	1	1	0.1199805858	84.84369857	15.15589505	0.0004063798622				0	63.38009805	36.61990195	63.58724882	36.41275118	0				-581.8640509	0.1199805858	NaN	
581.7040509	94	5	1	1	0.1199805858	84.84369857	15.15589505	0.0004063798622				0	63.38009805	36.61990195	63.58724882	36.41275118	0				-581.7040509	0.1199805858	NaN	
581.5440509	94	5	1	1	0.1199805858	84.84369857	15.15589505	0.0004063798622				0	63.38009805	36.61990195	63.58724882	36.41275118	0				-581.5440509	0.1199805858	NaN	
581.3840509	94	5	1	1	0.1199805858	84.84369857	15.15589505	0.0004063798622				0	63.38009805	36.61990195	63.58724882	36.41275118	0				-581.3840509	0.1199805858	NaN	
581.2240509	94	5	1	1	0.1199805858	84.84369857	15.15589505	0.0004063798622				0	63.38009805	36.61990195	63.58724882	36.41275118	0				-581.2240509	0.1199805858	NaN	
581.0640509	94	5	1	1	0.1199805858	84.84369857	15.15589505	0.0004063798622				0	63.38009805	36.61990195	63.58724882	36.41275118	0				-581.0640509	0.1199805858	NaN	
580.9040509	94	5	1	1	0.1199805858	84.84369857	15.15589505	0.0004063798622				0	63.38009805	36.61990195	63.58724882	36.41275118	0				-580.9040509	0.1199805858	NaN	
580.7440509	94	5	1	1	0.1199805858	84.84369857	15.15589505	0.0004063798622				0	63.38009805	36.61990195	63.58724882	36.41275118	0				-580.7440509	0.1199805858	NaN	
580.5840509	94	5	1	1	0.1199805858	84.84369857	15.15589505	0.0004063798622				0	63.38009805	36.61990195	63.58724882	36.41275118	0				-580.5840509	0.1199805858	NaN	
580.4240509	94	5	1	1	0.1199805858	84.84369857	15.15589505	0.0004063798622				0	63.38009805	36.61990195	63.58724882	36.41275118	0				-580.4240509	0.1199805858	NaN	
580.2640509	94	5	1	1	0.1199805858	84.84369857	15.15589505	0.0004063798622				0	63.38009805	36.61990195	63.58724882	36.41275118	0				-580.2640509	0.1199805858	NaN	
580.1040509	94	5	1	1	0.1199805858	84.84369857	15.15589505	0.0004063798622				0	63.38009805	36.61990195	63.58724882	36.41275118	0				-580.1040509	0.1199805858	NaN	
579.9440509	94	5	1	1	0.1199805858	84.84369857	15.15589505	0.0004063798622				0	63.38009805	36.61990195	63.58724882	36.41275118	0				-579.9440509	0.1199805858	NaN	
579.7840509	94	5	1	1	0.1199805858	84.84369857	15.15589505	0.0004063798622				0	63.38009805	36.61990195	63.58724882	36.41275118	0				-579.7840509	0.1199805858	NaN	
579.6240509	94	5	1	1	0.1199805858	84.84369857	15.15589505	0.0004063798622				0	63.38009805	36.61990195	63.58724882	36.41275118	0				-579.6240509	0.1199805858	NaN	
579.4640509	94	5	1	1	0.1199805858	84.84369857	15.15589505	0.0004063798622				0	63.38009805	36.61990195	63.58724882	36.41275118	0				-579.4640509	0.1199805858	NaN	
579.3040509	94	5	1	1	0.1199805858	84.84369857	15.15589505	0.0004063798622				0	63.38009805	36.61990195	63.58724882	36.41275118	0				-579.3040509	0.1199805858	NaN	
579.1440509	94	5	1	1	0.1199805858	84.84369857	15.15589505	0.0004063798622				0	63.38009805	36.61990195	63.58724882	36.41275118	0				-579.1440509	0.1199805858	NaN	
578.9840509	94	5	1	1	0.1199805858	84.84369857	15.15589505	0.0004063798622				0	63.38009805	36.61990195	63.58724882	36.41275118	0				-578.9840509	0.1199805858	NaN	
578.8240509	94	5	1	1	0.1199805858	84.84369857	15.15589505	0.0004063798622				0	63.38009805	36.61990195	63.58724882	36.41275118	0				-578.8240509	0.1199805858	NaN	
578.6640509	94	5	1	1	0.1199805858	84.84369857	15.15589505	0.0004063798622				0	63.38009805	36.61990195	63.58724882	36.41275118	0				-578.6640509	0.1199805858	NaN	
578.5040509	94	5	1	1	0.1199805858	84.84369857	15.15589505	0.0004063798622				0	63.38009805	36.61990195	63.58724882	36.41275118	0				-578.5040509	0.1199805858	NaN	
578.3440509	94	5	1	1	0.1199805858	84.84369857	15.15589505	0.0004063798622				0	63.38009805	36.61990195	63.58724882	36.41275118	0				-578.3440509	0.1199805858	NaN	
578.1840509	94	5	1	1	0.1199805858	84.84369857	15.15589505	0.0004063798622				0	63.38009805	36.61990195	63.58724882	36.41275118	0				-578.1840509	0.1199805858	NaN	
578.0240509	94	5	1	1	0.1199805858	84.84369857	15.15589505	0.0004063798622				0	63.38009805	36.61990195	63.58724882	36.41275118	0				-578.0240509	0.1199805858	NaN	
577.8640509	94	5	1	1	0.1199805858	84.84369857	15.15589505	0.0004063798622				0	63.38009805	36.61990195	63.58724882	36.41275118	0				-577.8640509	0.1199805858	NaN	
577.7040509	94	5	1	1	0.1199805858	84.84369857	15.15589505	0.0004063798622				0	63.38009805	36.61990195	63.58724882	36.41275118	0				-577.7040509	0.1199805858	NaN	
577.5440509	94	5	1	1	0.1199805858	84.84369857	15.15589505	0.0004063798622				0	63.38009805	36.61990195	63.58724882	36.41275118	0				-577.5440509	0.1199805858	NaN	
577.3840509	94	5	1	1	0.1199805858	84.84369857	15.15589505	0.0004063798622				0	63.38009805	36.61990195	63.58724882	36.41275118	0				-577.3840509	0.1199805858	NaN	
577.2240509	94	5	1	1	0.1199805858	84.84369857	15.15589505	0.0004063798622				0	63.38009805	36.61990195	63.58724882	36.41275118	0				-577.2240509	0.1199805858	NaN	
577.0640509	94	5	1	1	0.1199805858	84.84369857	15.15589505	0.0004063798622				0	63.38009805	36.61990195	63.58724882	36.41275118	0				-577.0640509	0.1199805858	NaN	
576.9040509	94	5	1	1	0.1199805858	84.84369857	15.15589505	0.0004063798622				0	63.38009805	36.61990195	63.58724882	36.41275118	0				-576.9040509	0.1199805858	NaN	
576.7440509	94	5	1	1	0.1199805858	84.84369857	15.15589505	0.0004063798622				0	63.38009805	36.61990195	63.58724882	36.41275118	0				-576.7440509	0.1199805858	NaN	
576.5840509	94	5	1	1	0.1199805858	84.84369857	15.15589505	0.0004063798622				0	63.38009805	36.61990195	63.58724882	36.41275118	0				-576.5840509	0.1199805858	NaN	
576.4240509	94	5	1	1	0.1199805858	84.84369857	15.15589505	0.0004063798622				0	63.38009805	36.61990195	63.58724882	36.41275118	0				-576.4240509	0.1199805858	NaN	
576.2640509	94	5	1	1	0.1199805858	84.84369857	15.15589505	0.0004063798622				0	63.38009805	36.61990195	63.58724882	36.41275118	0				-576.2640509	0.1199805858	NaN	
576.1040509	94	5	1	1	0.1199805858	84.84369857	15.15589505	0.0004063798622				0	63.38009805	36.61990195	63.58724882	36.41275118	0				-576.1040509	0.1199805858	NaN	
575.9440509	94	5	1	1	0.1199805858	84.84369857	15.15589505	0.0004063798622				0	63.38009805	36.61990195	63.58724882	36.41275118	0				-575.9440509	0.1199805858	NaN	
575.7840509	94	5	1	1	0.1199805858	84.84369857	15.15589505	0.0004063798622				0	63.38009805	36.61990195	63.58724882	36.41275118	0				-575.7840509	0.1199805858	NaN	
575.6240509	94	5	1	1	0.1199805858	84.84369857	15.15589505	0.0004063798622				0	63.38009805	36.61990195	63.58724882	36.41275118	0				-575.6240509	0.1199805858	NaN	
575.4640509	94	5	1	1	0.1199805858	84.84369857	15.15589505	0.0004063798622				0	63.38009805	36.61990195	63.58724882	36.41275118	0				-575.4640509	0.1199805858	NaN	
575.3040509	94	5	1	1	0.1199805858	84.84369857	15.15589505	0.0004063798622				0	63.38009805	36.61990195	63.58724882	36.41275118	0				-575.3040509	0.1199805858	NaN	
575.1440509	94	5	1	1	0.1199805858	84.84369857	15.15589505	0.0004063798622				0	63.38009805	36.61990195	63.58724882	36.41275118	0				-575.1440509	0.1199805858	NaN	
574.9840509	94	5	1	1	0.1199805858	84.84369857	15.15589505	0.0004063798622				0	63.38009805	36.61990195	63.58724882	36.41275118	0				-574.9840509	0.1199805858	NaN	
574.8240509	94	5	1	1	0.1199805858	84.84369857	15.15589505	0.0004063798622				0	63.38009805	36.61990195	63.58724882	36.41275118	0				-574.8240509	0.1199805858	NaN	
574.6640509	94	5	1	1	0.1199805858	84.84369857	15.15589505	0.0004063798622				0	63.38009805	36.61990195	63.58724882	36.41275118	0				-574.6640509	0.1199805858	NaN	
574.5040509	94	5	1	1	0.1199805858	84.84369857	15.15589505	0.0004063798622				0	63.38009805	36.61990195	63.58724882	36.41275118	0				-574.5040509	0.1199805858	NaN	
574.3440509	94	5	1	1	0.1199805858	84.84369857	15.15589505	0.0004063798622				0	63.38009805	36.61990195	63.58724882	36.41275118	0				-574.3440509	0.1199805858	NaN	
574.1840509	94	5	1	1	0.1199805858	84.84369857	15.15589505	0.0004063798622				0	63.38009805	36.61990195	63.58724882	36.41275118	0				-574.1840509	0.1199805858	NaN	
574.0240509	94	5	1	1	0.1199805858	84.84369857	15.15589505	0.0004063798622				0	63.38009805	36.61990195	63.58724882	36.41275118	0				-574.0240509	0.1199805858	NaN	
573.8640509	94	5	1	1	0.1199805858	84.84369857	15.15589505	0.0004063798622				0	63.38009805	36.61990195	63.58724882	36.41275118	0				-573.8640509	0.1199805858	NaN	
573.7040509	94	5	1	1	0.1199805858	84.84369857	15.15589505	0.0004063798622				0	63.38009805	36.61990195	63.58724882	36.41275118	0				-573.7040509	0.1199805858	NaN	
573.5440509	94	5	1	1	0.1199805858	84.84369857	15.15589505	0.0004063798622				0	63.38009805	36.61990195	63.58724882	36.41275118	0				-573.5440509	0.1199805858	NaN	
573.3840509	94	5	1	1	0.1199805858	84.84369857	15.15589505	0.0004063798622				0	63.38009805	36.61990195	63.58724882	36.41275118	0				-573.3840509	0.1199805858	NaN	
573.2240509	94	5	1	1	0.1199805858	84.84369857	15.15589505	0.0004063798622				0	63.38009805	36.61990195	63.58724882	36.41275118	0				-573.2240509	0.1199805858	NaN	
573.0640509	94	5	1	1	0.1199805858	84.84369857	15.15589505	0.0004063798622				0	63.38009805	36.61990195	63.58724882	36.41275118	0				-573.0640509	0.1199805858	NaN	
572.9040509	94	5	1	1	0.1199805858	84.84369857	15.15589505	0.0004063798622				0	63.38009805	36.61990195	63.58724882	36.41275118	0				-572.9040509	0.1199805858	NaN	
572.7440509	94	5	1	1	0.1199805858	84.84369857	15.15589505	0.0004063798622				0	63.38009805	36.61990195	63.58724882	36.41275118	0				-572.7440509	0.1199805858	NaN	
572.5840509	94	5	1	1	0.1199805858	84.84369857	15.15589505	0.0004063798622				0	63.38009805	36.61990195	63.58724882	36.41275118	0				-572.5840509	0.1199805858	NaN	
572.4240509	94	5	1	1	0.1199805858	84.84369857	15.15589505	0.0004063798622				0	63.38009805	36.61990195	63.58724882	36.41275118	0				-572.4240509	0.1199805858	NaN	
572.2640509	94	5	1	1	0.1199805858	84.84369857	15.15589505	0.0004063798622				0	63.38009805	36.61990195	63.58724882	36.41275118	0				-572.2640509	0.1199805858	NaN	
572.1040509	94	5	1	1	0.1199805858	84.84369857	15.15589505	0.0004063798622				0	63.38009805	36.61990195	63.58724882	36.41275118	0				-572.1040509	0.1199805858	NaN	
571.9440509	94	5	1	1	0.1199805858	84.84369857	15.15589505	0.0004063798622				0	63.38009805	36.61990195	63.58724882	36.41275118	0				-571.9440509	0.1199805858	NaN	
571.7840509	94	5	1	1	0.1199805858	84.84369857	15.15589505	0.0004063798622				0	63.38009805	36.61990195	63.58724882	36.41275118	0				-571.7840509	0.1199805858	NaN	
571.6240509	94	5	1	1	0.1199805858	84.84369857	15.15589505	0.0004063798622				0	63.38009805	36.61990195	63.58724882	36.41275118	0				-571.6240509	0.1199805858	NaN	
571.4640509	94	5	1	1	0.1199805858	84.84369857	15.15589505	0.0004063798622				0	63.38009805	36.61990195	63.58724882	36.41275118	0				-571.4640509	0.1199805858	NaN	
571.3040509	94	5	1	1	0.1199805858	84.84369857	15.15589505	0.0004063798622				0	63.38009805	36.61990195	63.58724882	36.41275118	0				-571.3040509	0.1199805858	NaN	
571.1440509	94	5	1	1	0.1199805858	84.84369857	15.15589505	0.0004063798622				0	63.38009805	36.61990195	63.58724882	36.41275118	0				-571.1440509	0.1199805858	NaN	
570.9840509	94	5	1	1	0.1199805858	84.84369857	15.15589505	0.0004063798622				0	63.38009805	36.61990195	63.58724882	36.41275118	0				-570.9840509	0.1199805858	NaN	
570.8240509	94	5	1	1	0.1199805858	84.84369857	15.15589505	0.0004063798622				0	63.38009805	36.61990195	63.58724882	36.41275118	0				-570.8240509	0.1199805858	NaN	
570.6640509	94	5	1	1	0.1199805858	84.84369857	15.15589505	0.0004063798622				0	63.38009805	36.61990195	63.58724882	36.41275118	0				-570.6640509	0.1199805858	NaN	
570.5040509	94	5	1	1	0.1199805858	84.84369857	15.15589505	0.0004063798622				0	63.38009805	36.61990195	63.58724882	36.41275118	0				-570.5040509	0.1199805858	NaN	
570.3440509	94	5	1	1	0.1199805858	84.84369857	15.15589505	0.0004063798622				0	63.38009805	36.61990195	63.58724882	36.41275118	0				-570.3440509	0.1199805858	NaN	
570.1840509	94	5	1	1	0.1199805858	84.84369857	15.15589505	0.0004063798622				0	63.38009805	36.61990195	63.58724882	36.41275118	0				-570.1840509	0.1199805858	NaN	
570.0240509	94	5	1	1	0.1199805858	84.84369857	15.15589505	0.0004063798622				0	63.38009805	36.61990195	63.58724882	36.41275118	0				-570.0240509	0.1199805858	NaN	
569.8640509	94	5	1	1	0.1199805858	84.84369857	15.15589505	0.0004063798622				0	63.38009805	36.61990195	63.58724882	36.41275118	0				-569.8640509	0.1199805858	NaN	
569.7040509	94	5	1	1	0.1199805858	84.84369857	15.15589505	0.0004063798622				0	63.38009805	36.61990195	63.58724882	36.41275118	0				-569.7040509	0.1199805858	NaN	
569.5440509	94	5	1	1	0.1199805858	84.84369857	15.15589505	0.0004063798622				0	63.38009805	36.61990195	63.58724882	36.41275118	0				-569.5440509	0.1199805858	NaN	
569.3840509	94	5	1	1	0.1199805858	84.84369857	15.15589505	0.0004063798622				0	63.38009805	36.61990195	63.58724882	36.41275118	0				-569.3840509	0.1199805858	NaN	
569.2240509	94	5	1	1	0.1199805858	84.84369857	15.15589505	0.0004063798622				0	63.38009805	36.61990195	63.58724882	36.41275118	0				-569.2240509	0.1199805858	NaN	
569.0640509	94	5	1	1	0.1199805858	84.84369857	15.15589505	0.0004063798622				0	63.38009805	36.61990195	63.58724882	36.41275118	0				-569.0640509	0.1199805858	NaN	
568.9040509	94	5	1	1	0.1199805858	84.84369857	15.15589505	0.0004063798622				0	63.38009805	36.61990195	63.58724882	36.41275118	0				-568.9040509	0.1199805858	NaN	
568.7440509	94	5	1	1	0.1199805858	84.84369857	15.15589505	0.0004063798622				0	63.38009805	36.61990195	63.58724882	36.41275118	0				-568.7440509	0.1199805858	NaN	
568.5840509	94	5	1	1	0.1199805858	84.84369857	15.15589505	0.0004063798622				0	63.38009805	36.61990195	63.58724882	36.41275118	0				-568.5840509	0.1199805858	NaN	
568.4240509	94	5	1	1	0.1199805858	84.84369857	15.15589505	0.0004063798622				0	63.38009805	36.61990195	63.58724882	36.41275118	0				-568.4240509	0.1199805858	NaN	
568.2640509	94	5	1	1	0.1199805858	84.84369857	15.15589505	0.0004063798622				0	63.38009805	36.61990195	63.58724882	36.41275118	0				-568.2640509	0.1199805858	NaN	
568.1040509	94	5	1	1	0.1199805858	84.84369857	15.15589505	0.0004063798622				0	63.38009805	36.61990195	63.58724882	36.41275118	0				-568.1040509	0.1199805858	NaN	
567.9440509	94	5	1	1	0.1199805858	84.84369857	15.15589505	0.0004063798622				0	63.38009805	36.61990195	63.58724882	36.41275118	0				-567.9440509	0.1199805858	NaN	
567.7840509	94	5	1	1	0.1199805858	84.84369857	15.15589505	0.0004063798622				0	63.38009805	36.61990195	63.58724882	36.41275118	0				-567.7840509	0.1199805858	NaN	
567.6240509	94	5	1	1	0.1199805858	84.84369857	15.15589505	0.0004063798622				0	63.38009805	36.61990195	63.58724882	36.41275118	0				-567.6240509	0.1199805858	NaN	
567.4640509	94	5	1	1	0.1199805858	84.84369857	15.15589505	0.0004063798622				0	63.38009805	36.61990195	63.58724882	36.41275118	0				-567.4640509	0.1199805858	NaN	
567.3040509	94	5	1	1	0.1199805858	84.84369857	15.15589505	0.0004063798622				0	63.38009805	36.61990195	63.58724882	36.41275118	0				-567.3040509	0.1199805858	NaN	
567.1440509	94	5	1	1	0.1199805858	84.84369857	15.15589505	0.0004063798622				0	63.38009805	36.61990195	63.58724882	36.41275118	0				-567.1440509	0.1199805858	NaN	
566.9840509	94	5	1	1	0.1199805858	84.84369857	15.15589505	0.0004063798622				0	63.38009805	36.61990195	63.58724882	36.41275118	0				-566.9840509	0.1199805858	NaN	
566.8240509	94	5	1	1	0.1199805858	84.84369857	15.15589505	0.0004063798622				0	63.38009805	36.61990195	63.58724882	36.41275118	0				-566.8240509	0.1199805858	NaN	
566.6640509	94	5	1	1	0.1199805858	84.84369857	15.15589505	0.0004063798622				0	63.38009805	36.61990195	63.58724882	36.41275118	0				-566.6640509	0.1199805858	NaN	
566.5040509	94	5	1	1	0.1199805858	84.84369857	15.15589505	0.0004063798622				0	63.38009805	36.61990195	63.58724882	36.41275118	0				-566.5040509	0.1199805858	NaN	
566.3440509	94	5	1	1	0.1199805858	84.84369857	15.15589505	0.0004063798622				0	63.38009805	36.61990195	63.58724882	36.41275118	0				-566.3440509	0.1199805858	NaN	
566.1840509	94	5	1	1	0.1199805858	84.84369857	15.15589505	0.0004063798622				0	63.38009805	36.61990195	63.58724882	36.41275118	0				-566.1840509	0.1199805858	NaN	
566.0240509	94	5	1	1	0.1199805858	84.84369857	15.15589505	0.0004063798622				0	63.38009805	36.61990195	63.58724882	36.41275118	0				-566.0240509	0.1199805858	NaN	
565.8640509	94	5	1	1	0.1199805858	84.84369857	15.15589505	0.0004063798622				0	63.38009805	36.61990195	63.58724882	36.41275118	0				-565.8640509	0.1199805858	NaN	
565.7040509	94	5	1	1	0.1199805858	84.84369857	15.15589505	0.0004063798622				0	63.38009805	36.61990195	63.58724882	36.41275118	0				-565.7040509	0.1199805858	NaN	
565.5440509	94	5	1	1	0.1199805858	84.84369857	15.15589505	0.0004063798622				0	63.38009805	36.61990195	63.58724882	36.41275118	0				-565.5440509	0.1199805858	NaN	
565.3840509	94	5	1	1	0.1199805858	84.84369857	15.15589505	0.0004063798622				0	63.38009805	36.61990195	63.58724882	36.41275118	0				-565.3840509	0.1199805858	NaN	
565.2240509	94	5	1	1	0.1199805858	84.84369857	15.15589505	0.0004063798622				0	63.38009805	36.61990195	63.58724882	36.41275118	0				-565.2240509	0.1199805858	NaN	
565.0640509	94	5	1	1	0.1199805858	84.84369857	15.15589505	0.0004063798622				0	63.38009805	36.61990195	63.58724882	36.41275118	0				-565.0640509	0.1199805858	NaN	
564.9040509	94	5	1	1	0.1199805858	84.84369857	15.15589505	0.0004063798622				0	63.38009805	36.61990195	63.58724882	36.41275118	0				-564.9040509	0.1199805858	NaN	
564.7440509	94	5	1	1	0.1199805858	84.84369857	15.15589505	0.0004063798622				0	63.38009805	36.61990195	63.58724882	36.41275118	0				-564.7440509	0.1199805858	NaN	
564.5840509	94	5	1	1	0.1199805858	84.84369857	15.15589505	0.0004063798622				0	63.38009805	36.61990195	63.58724882	36.41275118	0				-564.5840509	0.1199805858	NaN	
564.4240509	94	5	1	1	0.1199805858	84.84369857	15.15589505	0.0004063798622				0	63.38009805	36.61990195	63.58724882	36.41275118	0				-564.4240509	0.1199805858	NaN	
564.2640509	94	5	1	1	0.1199805858	84.84369857	15.15589505	0.0004063798622				0	63.38009805	36.61990195	63.58724882	36.41275118	0				-564.2640509	0.1199805858	NaN	
564.1040509	94	5	1	1	0.1199805858	84.84369857	15.15589505	0.0004063798622				0	63.38009805	36.61990195	63.58724882	36.41275118	0				-564.1040509	0.1199805858	NaN	
563.9440509	94	5	1	1	0.1199805858	84.84369857	15.15589505	0.0004063798622				0	63.38009805	36.61990195	63.58724882	36.41275118	0				-563.9440509	0.1199805858	NaN	
563.7840509	94	5	1	1	0.1199805858	84.84369857	15.15589505	0.0004063798622				0	63.38009805	36.61990195	63.58724882	36.41275118	0				-563.7840509	0.1199805858	NaN	
563.6240509	94	5	1	1	0.1199805858	84.84369857	15.15589505	0.0004063798622				0	63.38009805	36.61990195	63.58724882	36.41275118	0				-563.6240509	0.1199805858	NaN	
563.4640509	94	5	1	1	0.1199805858	84.84369857	15.15589505	0.0004063798622				0	63.38009805	36.61990195	63.58724882	36.41275118	0				-563.4640509	0.1199805858	NaN	
563.3040509	94	5	1	1	0.1199805858	84.84369857	15.15589505	0.0004063798622				0	63.38009805	36.61990195	63.58724882	36.41275118	0				-563.3040509	0.1199805858	NaN	
563.1440509	94	5	1	1	0.1199805858	84.84369857	15.15589505	0.0004063798622				0	63.38009805	36.61990195	63.58724882	36.41275118	0				-563.1440509	0.1199805858	NaN	
562.9840509	94	5	1	1	0.1199805858	84.84369857	15.15589505	0.0004063798622				0	63.38009805	36.61990195	63.58724882	36.41275118	0				-562.9840509	0.1199805858	NaN	
562.8240509	94	5	1	1	0.1199805858	84.84369857	15.15589505	0.0004063798622				0	63.38009805	36.61990195	63.58724882	36.41275118	0				-562.8240509	0.1199805858	NaN	
562.6640509	94	5	1	1	0.1199805858	84.84369857	15.15589505	0.0004063798622				0	63.38009805	36.61990195	63.58724882	36.41275118	0				-562.6640509	0.1199805858	NaN	
562.5040509	94	5	1	1	0.1199805858	84.84369857	15.15589505	0.0004063798622				0	63.38009805	36.61990195	63.58724882	36.41275118	0				-562.5040509	0.1199805858	NaN	
562.3440509	94	5	1	1	0.1199805858	84.84369857	15.15589505	0.0004063798622				0	63.38009805	36.61990195	63.58724882	36.41275118	0				-562.3440509	0.1199805858	NaN	
562.1840509	94	5	1	1	0.1199805858	84.84369857	15.15589505	0.0004063798622				0	63.38009805	36.61990195	63.58724882	36.41275118	0				-562.1840509	0.1199805858	NaN	
562.0240509	94	5	1	1	0.1199805858	84.84369857	15.15589505	0.0004063798622				0	63.38009805	36.61990195	63.58724882	36.41275118	0				-562.0240509	0.1199805858	NaN	
561.8640509	94	5	1	1	0.1199805858	84.84369857	15.15589505	0.0004063798622				0	63.38009805	36.61990195	63.58724882	36.41275118	0				-561.8640509	0.1199805858	NaN	
561.7040509	94	5	1	1	0.1199805858	84.84369857	15.15589505	0.0004063798622				0	63.38009805	36.61990195	63.58724882	36.41275118	0				-561.7040509	0.1199805858	NaN	
561.5440509	94	5	1	1	0.1199805858	84.84369857	15.15589505	0.0004063798622				0	63.38009805	36.61990195	63.58724882	36.41275118	0				-561.5440509	0.1199805858	NaN	
561.3840509	94	5	1	1	0.1199805858	84.84369857	15.15589505	0.0004063798622				0	63.38009805	36.61990195	63.58724882	36.41275118	0				-561.3840509	0.1199805858	NaN	
561.2240509	94	5	1	1	0.1199805858	84.84369857	15.15589505	0.0004063798622				0	63.38009805	36.61990195	63.58724882	36.41275118	0				-561.2240509	0.1199805858	NaN	
561.0640509	94	5	1	1	0.1199805858	84.84369857	15.15589505	0.0004063798622				0	63.38009805	36.61990195	63.58724882	36.41275118	0				-561.0640509	0.1199805858	NaN	
560.9040509	94	5	1	1	0.1199805858	84.84369857	15.15589505	0.0004063798622				0	63.38009805	36.61990195	63.58724882	36.41275118	0				-560.9040509	0.1199805858	NaN	
560.7440509	94	5	1	1	0.1199805858	84.84369857	15.15589505	0.0004063798622				0	63.38009805	36.61990195	63.58724882	36.41275118	0				-560.7440509	0.1199805858	NaN	
560.5840509	94	5	1	1	0.1199805858	84.84369857	15.15589505	0.0004063798622				0	63.38009805	36.61990195	63.58724882	36.41275118	0				-560.5840509	0.1199805858	NaN	
560.4240509	94	5	1	1	0.1199805858	84.84369857	15.15589505	0.0004063798622				0	63.38009805	36.61990195	63.58724882	36.41275118	0				-560.4240509	0.1199805858	NaN	
560.2640509	94	5	1	1	0.1199805858	84.84369857	15.15589505	0.0004063798622				0	63.38009805	36.61990195	63.58724882	36.41275118	0				-560.2640509	0.1199805858	NaN	
560.1040509	94	5	1	1	0.1199805858	84.84369857	15.15589505	0.0004063798622				0	63.38009805	36.61990195	63.58724882	36.41275118	0				-560.1040509	0.1199805858	NaN	
559.9440509	94	5	1	1	0.1199805858	84.84369857	15.15589505	0.0004063798622				0	63.38009805	36.61990195	63.58724882	36.41275118	0				-559.9440509	0.1199805858	NaN	
559.7840509	94	5	1	1	0.1199805858	84.84369857	15.15589505	0.0004063798622				0	63.38009805	36.61990195	63.58724882	36.41275118	0				-559.7840509	0.1199805858	NaN	
559.6240509	94	5	1	1	0.1199805858	84.84369857	15.15589505	0.0004063798622				0	63.38009805	36.61990195	63.58724882	36.41275118	0				-559.6240509	0.1199805858	NaN	
559.4640509	94	5	1	1	0.1199805858	84.84369857	15.15589505	0.0004063798622				0	63.38009805	36.61990195	63.58724882	36.41275118	0				-559.4640509	0.1199805858	NaN	
559.3040509	94	5	1	1	0.1199805858	84.84369857	15.15589505	0.0004063798622				0	63.38009805	36.61990195	63.58724882	36.41275118	0				-559.3040509	0.1199805858	NaN	
559.1440509	94	5	1	1	0.1199805858	84.84369857	15.15589505	0.0004063798622				0	63.38009805	36.61990195	63.58724882	36.41275118	0				-559.1440509	0.1199805858	NaN	
558.9840509	94	5	1	1	0.1199805858	84.84369857	15.15589505	0.0004063798622				0	63.38009805	36.61990195	63.58724882	36.41275118	0				-558.9840509	0.1199805858	NaN	
558.8240509	94	5	1	1	0.1199805858	84.84369857	15.15589505	0.0004063798622				0	63.38009805	36.61990195	63.58724882	36.41275118	0				-558.8240509	0.1199805858	NaN	
558.6640509	94	5	1	1	0.1199805858	84.84369857	15.15589505	0.0004063798622				0	63.38009805	36.61990195	63.58724882	36.41275118	0				-558.6640509	0.1199805858	NaN	
558.5040509	94	5	1	1	0.1199805858	84.84369857	15.15589505	0.0004063798622				0	63.38009805	36.61990195	63.58724882	36.41275118	0				-558.5040509	0.1199805858	NaN	
558.3440509	94	5	1	1	0.1199805858	84.84369857	15.15589505	0.0004063798622				0	63.38009805	36.61990195	63.58724882	36.41275118	0				-558.3440509	0.1199805858	NaN	
558.1840509	94	5	1	1	0.1199805858	84.84369857	15.15589505	0.0004063798622				0	63.38009805	36.61990195	63.58724882	36.41275118	0				-558.1840509	0.1199805858	NaN	
558.0240509	94	5	1	1	0.1199805858	84.84369857	15.15589505	0.0004063798622				0	63.38009805	36.61990195	63.58724882	36.41275118	0				-558.0240509	0.1199805858	NaN	
557.8640509	94	5	1	1	0.1199805858	84.84369857	15.15589505	0.0004063798622				0	63.38009805	36.61990195	63.58724882	36.41275118	0				-557.8640509	0.1199805858	NaN	
557.7040509	94	5	1	1	0.1199805858	84.84369857	15.15589505	0.0004063798622				0	63.38009805	36.61990195	63.58724882	36.41275118	0				-557.7040509	0.1199805858	NaN	
557.5440509	94	5	1	1	0.1199805858	84.84369857	15.15589505	0.0004063798622				0	63.38009805	36.61990195	63.58724882	36.41275118	0				-557.5440509	0.1199805858	NaN	
557.3840509	94	5	1	1	0.1199805858	84.84369857	15.15589505	0.0004063798622				0	63.38009805	36.61990195	63.58724882	36.41275118	0				-557.3840509	0.1199805858	NaN	
557.2240509	94	5	1	1	0.1199805858	84.84369857	15.15589505	0.0004063798622				0	63.38009805	36.61990195	63.58724882	36.41275118	0				-557.2240509	0.1199805858	NaN	
557.0640509	94	5	1	1	0.1199805858	84.84369857	15.15589505	0.0004063798622				0	63.38009805	36.61990195	63.58724882	36.41275118	0				-557.0640509	0.1199805858	NaN	
556.9040509	94	5	1	1	0.1199805858	84.84369857	15.15589505	0.0004063798622				0	63.38009805	36.61990195	63.58724882	36.41275118	0				-556.9040509	0.1199805858	NaN	
556.7440509	94	5	1	1	0.1199805858	84.84369857	15.15589505	0.0004063798622				0	63.38009805	36.61990195	63.58724882	36.41275118	0				-556.7440509	0.1199805858	NaN	
556.5840509	94	5	1	1	0.1199805858	84.84369857	15.15589505	0.0004063798622				0	63.38009805	36.61990195	63.58724882	36.41275118	0				-556.5840509	0.1199805858	NaN	
556.4240509	94	5	1	1	0.1199805858	84.84369857	15.15589505	0.0004063798622				0	63.38009805	36.61990195	63.58724882	36.41275118	0				-556.4240509	0.1199805858	NaN	
556.2640509	94	5	1	1	0.1199805858	84.84369857	15.15589505	0.0004063798622				0	63.38009805	36.61990195	63.58724882	36.41275118	0				-556.2640509	0.1199805858	NaN	
556.1040509	94	5	1	1	0.1199805858	84.84369857	15.15589505	0.0004063798622				0	63.38009805	36.61990195	63.58724882	36.41275118	0				-556.1040509	0.1199805858	NaN	
555.9440509	94	5	1	1	0.1199805858	84.84369857	15.15589505	0.0004063798622				0	63.38009805	36.61990195	63.58724882	36.41275118	0				-555.9440509	0.1199805858	NaN	
555.7840509	94	5	1	1	0.1199805858	84.84369857	15.15589505	0.0004063798622				0	63.38009805	36.61990195	63.58724882	36.41275118	0				-555.7840509	0.1199805858	NaN	
555.6240509	94	5	1	1	0.1199805858	84.84369857	15.15589505	0.0004063798622				0	63.38009805	36.61990195	63.58724882	36.41275118	0				-555.6240509	0.1199805858	NaN	
555.4640509	94	5	1	1	0.1199805858	84.84369857	15.15589505	0.0004063798622				0	63.38009805	36.61990195	63.58724882	36.41275118	0				-555.4640509	0.1199805858	NaN	
555.3040509	94	5	1	1	0.1199805858	84.84369857	15.15589505	0.0004063798622				0	63.38009805	36.61990195	63.58724882	36.41275118	0				-555.3040509	0.1199805858	NaN	
555.1440509	94	5	1	1	0.1199805858	84.84369857	15.15589505	0.0004063798622				0	63.38009805	36.61990195	63.58724882	36.41275118	0				-555.1440509	0.1199805858	NaN	
554.9840509	94	5	1	1	0.1199805858	84.84369857	15.15589505	0.0004063798622				0	63.38009805	36.61990195	63.58724882	36.41275118	0				-554.9840509	0.1199805858	NaN	
554.8240509	94	5	1	1	0.1199805858	84.84369857	15.15589505	0.0004063798622				0	63.38009805	36.61990195	63.58724882	36.41275118	0				-554.8240509	0.1199805858	NaN	
554.6640509	94	5	1	1	0.1199805858	84.84369857	15.15589505	0.0004063798622				0	63.38009805	36.61990195	63.58724882	36.41275118	0				-554.6640509	0.1199805858	NaN	
554.5040509	94	5	1	1	0.1199805858	84.84369857	15.15589505	0.0004063798622				0	63.38009805	36.61990195	63.58724882	36.41275118	0				-554.5040509	0.1199805858	NaN	
554.3440509	94	5	1	1	0.1199805858	84.84369857	15.15589505	0.0004063798622				0	63.38009805	36.61990195	63.58724882	36.41275118	0				-554.3440509	0.1199805858	NaN	
554.1840509	94	5	1	1	0.1199805858	84.84369857	15.15589505	0.0004063798622				0	63.38009805	36.61990195	63.58724882	36.41275118	0				-554.1840509	0.1199805858	NaN	
554.0240509	94	5	1	1	0.1199805858	84.84369857	15.15589505	0.0004063798622				0	63.38009805	36.61990195	63.58724882	36.41275118	0				-554.0240509	0.1199805858	NaN	
553.8640509	94	5	1	1	0.1199805858	84.84369857	15.15589505	0.0004063798622				0	63.38009805	36.61990195	63.58724882	36.41275118	0				-553.8640509	0.1199805858	NaN	
553.7040509	94	5	1	1	0.1199805858	84.84369857	15.15589505	0.0004063798622				0	63.38009805	36.61990195	63.58724882	36.41275118	0				-553.7040509	0.1199805858	NaN	
553.5440509	94	5	1	1	0.1199805858	84.84369857	15.15589505	0.0004063798622				0	63.38009805	36.61990195	63.58724882	36.41275118	0				-553.5440509	0.1199805858	NaN	
553.3840509	94	5	1	1	0.1199805858	84.84369857	15.15589505	0.0004063798622				0	63.38009805	36.61990195	63.58724882	36.41275118	0				-553.3840509	0.1199805858	NaN	
553.2240509	94	5	1	1	0.1199805858	84.84369857	15.15589505	0.0004063798622				0	63.38009805	36.61990195	63.58724882	36.41275118	0				-553.2240509	0.1199805858	NaN	
553.0640509	94	5	1	1	0.1199805858	84.84369857	15.15589505	0.0004063798622				0	63.38009805	36.61990195	63.58724882	36.41275118	0				-553.0640509	0.1199805858	NaN	
552.9040509	94	5	1	1	0.1199805858	84.84369857	15.15589505	0.0004063798622				0	63.38009805	36.61990195	63.58724882	36.41275118	0				-552.9040509	0.1199805858	NaN	
552.7440509	94	5	1	1	0.1199805858	84.84369857	15.15589505	0.0004063798622				0	63.38009805	36.61990195	63.58724882	36.41275118	0				-552.7440509	0.1199805858	NaN	
552.5840509	94	5	1	1	0.1199805858	84.84369857	15.15589505	0.0004063798622				0	63.38009805	36.61990195	63.58724882	36.41275118	0				-552.5840509	0.1199805858	NaN	
552.4240509	94	5	1	1	0.1199805858	84.84369857	15.15589505	0.0004063798622				0	63.38009805	36.61990195	63.58724882	36.41275118	0				-552.4240509	0.1199805858	NaN	
552.2640509	94	5	1	1	0.1199805858	84.84369857	15.15589505	0.0004063798622				0	63.38009805	36.61990195	63.58724882	36.41275118	0				-552.2640509	0.1199805858	NaN	
552.1040509	94	5	1	1	0.1199805858	84.84369857	15.15589505	0.0004063798622				0	63.38009805	36.61990195	63.58724882	36.41275118	0				-552.1040509	0.1199805858	NaN	
551.9440509	94	5	1	1	0.1199805858	84.84369857	15.15589505	0.0004063798622				0	63.38009805	36.61990195	63.58724882	36.41275118	0				-551.9440509	0.1199805858	NaN	
551.7840509	94	5	1	1	0.1199805858	84.84369857	15.15589505	0.0004063798622				0	63.38009805	36.61990195	63.58724882	36.41275118	0				-551.7840509	0.1199805858	NaN	
551.6240509	94	5	1	1	0.1199805858	84.84369857	15.15589505	0.0004063798622				0	63.38009805	36.61990195	63.58724882	36.41275118	0				-551.6240509	0.1199805858	NaN	
551.4640509	94	5	1	1	0.1199805858	84.84369857	15.15589505	0.0004063798622				0	63.38009805	36.61990195	63.58724882	36.41275118	0				-551.4640509	0.1199805858	NaN	
551.3040509	94	5	1	1	0.1199805858	84.84369857	15.15589505	0.0004063798622				0	63.38009805	36.61990195	63.58724882	36.41275118	0				-551.3040509	0.1199805858	NaN	
551.1440509	94	5	1	1	0.1199805858	84.84369857	15.15589505	0.0004063798622				0	63.38009805	36.61990195	63.58724882	36.41275118	0				-551.1440509	0.1199805858	NaN	
550.9840509	94	5	1	1	0.1199805858	84.84369857	15.15589505	0.0004063798622				0	63.38009805	36.61990195	63.58724882	36.41275118	0				-550.9840509	0.1199805858	NaN	
550.8240509	94	5	1	1	0.1199805858	84.84369857	15.15589505	0.0004063798622				0	63.38009805	36.61990195	63.58724882	36.41275118	0				-550.8240509	0.1199805858	NaN	
550.6640509	94	5	1	1	0.1199805858	84.84369857	15.15589505	0.0004063798622				0	63.38009805	36.61990195	63.58724882	36.41275118	0				-550.6640509	0.1199805858	NaN	
550.5040509	94	5	1	1	0.1199805858	84.84369857	15.15589505	0.0004063798622				0	63.38009805	36.61990195	63.58724882	36.41275118	0				-550.5040509	0.1199805858	NaN	
550.3440509	94	5	1	1	0.1199805858	84.84369857	15.15589505	0.0004063798622				0	63.38009805	36.61990195	63.58724882	36.41275118	0				-550.3440509	0.1199805858	NaN	
550.1840509	94	5	1	1	0.1199805858	84.84369857	15.15589505	0.0004063798622				0	63.38009805	36.61990195	63.58724882	36.41275118	0				-550.1840509	0.1199805858	NaN	
550.0240509	94	5	1	1	0.1199805858	84.84369857	15.15589505	0.0004063798622				0	63.38009805	36.61990195	63.58724882	36.41275118	0				-550.0240509	0.1199805858	NaN	
549.8640509	94	5	1	1	0.1199805858	84.84369857	15.15589505	0.0004063798622				0	63.38009805	36.61990195	63.58724882	36.41275118	0				-549.8640509	0.1199805858	NaN	
549.7040509	94	5	1	1	0.1199805858	84.84369857	15.15589505	0.0004063798622				0	63.38009805	36.61990195	63.58724882	36.41275118	0				-549.7040509	0.1199805858	NaN	
549.5440509	94	5	1	1	0.1199805858	84.84369857	15.15589505	0.0004063798622				0	63.38009805	36.61990195	63.58724882	36.41275118	0				-549.5440509	0.1199805858	NaN	
549.3840509	94	5	1	1	0.1199805858	84.84369857	15.15589505	0.0004063798622				0	63.38009805	36.61990195	63.58724882	36.41275118	0				-549.3840509	0.1199805858	NaN	
549.2240509	94	5	1	1	0.1199805858	84.84369857	15.15589505	0.0004063798622				0	63.38009805	36.61990195	63.58724882	36.41275118	0				-549.2240509	0.1199805858	NaN	
549.0640509	94	5	1	1	0.1199805858	84.84369857	15.15589505	0.0004063798622				0	63.38009805	36.61990195	63.58724882	36.41275118	0				-549.0640509	0.1199805858	NaN	
548.9040509	94	5	1	1	0.1199805858	84.84369857	15.15589505	0.0004063798622				0	63.38009805	36.61990195	63.58724882	36.41275118	0				-548.9040509	0.1199805858	NaN	
548.7440509	94	5	1	1	0.1199805858	84.84369857	15.15589505	0.0004063798622				0	63.38009805	36.61990195	63.58724882	36.41275118	0				-548.7440509	0.1199805858	NaN	
548.5840509	94	5	1	1	0.1199805858	84.84369857	15.15589505	0.0004063798622				0	63.38009805	36.61990195	63.58724882	36.41275118	0				-548.5840509	0.1199805858	NaN	
548.4240509	94	5	1	1	0.1199805858	84.84369857	15.15589505	0.0004063798622				0	63.38009805	36.61990195	63.58724882	36.41275118	0				-548.4240509	0.1199805858	NaN	
548.2640509	94	5	1	1	0.1199805858	84.84369857	15.15589505	0.0004063798622				0	63.38009805	36.61990195	63.58724882	36.41275118	0				-548.2640509	0.1199805858	NaN	
548.1040509	94	5	1	1	0.1199805858	84.84369857	15.15589505	0.0004063798622				0	63.38009805	36.61990195	63.58724882	36.41275118	0				-548.1040509	0.1199805858	NaN	
547.9440509	94	5	1	1	0.1199805858	84.84369857	15.15589505	0.0004063798622				0	63.38009805	36.61990195	63.58724882	36.41275118	0				-547.9440509	0.1199805858	NaN	
547.7840509	94	5	1	1	0.1199805858	84.84369857	15.15589505	0.0004063798622				0	63.38009805	36.61990195	63.58724882	36.41275118	0				-547.7840509	0.1199805858	NaN	
547.6240509	94	5	1	1	0.1199805858	84.84369857	15.15589505	0.0004063798622				0	63.38009805	36.61990195	63.58724882	36.41275118	0				-547.6240509	0.1199805858	NaN	
547.4640509	94	5	1	1	0.1199805858	84.84369857	15.15589505	0.0004063798622				0	63.38009805	36.61990195	63.58724882	36.41275118	0				-547.4640509	0.1199805858	NaN	
547.3040509	94	5	1	1	0.1199805858	84.84369857	15.15589505	0.0004063798622				0	63.38009805	36.61990195	63.58724882	36.41275118	0				-547.3040509	0.1199805858	NaN	
547.1440509	94	5	1	1	0.1199805858	84.84369857	15.15589505	0.0004063798622				0	63.38009805	36.61990195	63.58724882	36.41275118	0				-547.1440509	0.1199805858	NaN	
546.9840509	94	5	1	1	0.1199805858	84.84369857	15.15589505	0.0004063798622				0	63.38009805	36.61990195	63.58724882	36.41275118	0				-546.9840509	0.1199805858	NaN	
546.8240509	94	5	1	1	0.1199805858	84.84369857	15.15589505	0.0004063798622				0	63.38009805	36.61990195	63.58724882	36.41275118	0				-546.8240509	0.1199805858	NaN	
546.6640509	94	5	1	1	0.1199805858	84.84369857	15.15589505	0.0004063798622				0	63.38009805	36.61990195	63.58724882	36.41275118	0				-546.6640509	0.1199805858	NaN	
546.5040509	94	5	1	1	0.1199805858	84.84369857	15.15589505	0.0004063798622				0	63.38009805	36.61990195	63.58724882	36.41275118	0				-546.5040509	0.1199805858	NaN	
546.3440509	94	5	1	1	0.1199805858	84.84369857	15.15589505	0.0004063798622				0	63.38009805	36.61990195	63.58724882	36.41275118	0				-546.3440509	0.1199805858	NaN	
546.1840509	94	5	1	1	0.1199805858	84.84369857	15.15589505	0.0004063798622				0	63.38009805	36.61990195	63.58724882	36.41275118	0				-546.1840509	0.1199805858	NaN	
546.0240509	94	5	1	1	0.1199805858	84.84369857	15.15589505	0.0004063798622				0	63.38009805	36.61990195	63.58724882	36.41275118	0				-546.0240509	0.1199805858	NaN	
545.8640509	94	5	1	1	0.1199805858	84.84369857	15.15589505	0.0004063798622				0	63.38009805	36.61990195	63.58724882	36.41275118	0				-545.8640509	0.1199805858	NaN	
545.7040509	94	5	1	1	0.1199805858	84.84369857	15.15589505	0.0004063798622				0	63.38009805	36.61990195	63.58724882	36.41275118	0				-545.7040509	0.1199805858	NaN	
545.5440509	94	5	1	1	0.1199805858	84.84369857	15.15589505	0.0004063798622				0	63.38009805	36.61990195	63.58724882	36.41275118	0				-545.5440509	0.1199805858	NaN	
545.3840509	94	5	1	1	0.1199805858	84.84369857	15.15589505	0.0004063798622				0	63.38009805	36.61990195	63.58724882	36.41275118	0				-545.3840509	0.1199805858	NaN	
545.2240509	94	5	1	1	0.1199805858	84.84369857	15.15589505	0.0004063798622				0	63.38009805	36.61990195	63.58724882	36.41275118	0				-545.2240509	0.1199805858	NaN	
545.0640509	94	5	1	1	0.1199805858	84.84369857	15.15589505	0.0004063798622				0	63.38009805	36.61990195	63.58724882	36.41275118	0				-545.0640509	0.1199805858	NaN	
544.9040509	94	5	1	1	0.1199805858	84.84369857	15.15589505	0.0004063798622				0	63.38009805	36.61990195	63.58724882	36.41275118	0				-544.9040509	0.1199805858	NaN	
544.7440509	94	5	1	1	0.1199805858	84.84369857	15.15589505	0.0004063798622				0	63.38009805	36.61990195	63.58724882	36.41275118	0				-544.7440509	0.1199805858	NaN	
544.5840509	94	5	1	1	0.1199805858	84.84369857	15.15589505	0.0004063798622				0	63.38009805	36.61990195	63.58724882	36.41275118	0				-544.5840509	0.1199805858	NaN	
544.4240509	94	5	1	1	0.1199805858	84.84369857	15.15589505	0.0004063798622				0	63.38009805	36.61990195	63.58724882	36.41275118	0				-544.4240509	0.1199805858	NaN	
544.2640509	94	5	1	1	0.1199805858	84.84369857	15.15589505	0.0004063798622				0	63.38009805	36.61990195	63.58724882	36.41275118	0				-544.2640509	0.1199805858	NaN	
544.1040509	94	5	1	1	0.1199805858	84.84369857	15.15589505	0.0004063798622				0	63.38009805	36.61990195	63.58724882	36.41275118	0				-544.1040509	0.1199805858	NaN	
543.9440509	94	5	1	1	0.1199805858	84.84369857	15.15589505	0.0004063798622				0	63.38009805	36.61990195	63.58724882	36.41275118	0				-543.9440509	0.1199805858	NaN	
543.7840509	94	5	1	1	0.1199805858	84.84369857	15.15589505	0.0004063798622				0	63.38009805	36.61990195	63.58724882	36.41275118	0				-543.7840509	0.1199805858	NaN	
543.6240509	94	5	1	1	0.1199805858	84.84369857	15.15589505	0.0004063798622				0	63.38009805	36.61990195	63.58724882	36.41275118	0				-543.6240509	0.1199805858	NaN	
543.4640509	94	5	1	1	0.1199805858	84.84369857	15.15589505	0.0004063798622				0	63.38009805	36.61990195	63.58724882	36.41275118	0				-543.4640509	0.1199805858	NaN	
543.3040509	94	5	1	1	0.1199805858	84.84369857	15.15589505	0.0004063798622				0	63.38009805	36.61990195	63.58724882	36.41275118	0				-543.3040509	0.1199805858	NaN	
543.1440509	94	5	1	1	0.1199805858	84.84369857	15.15589505	0.0004063798622				0	63.38009805	36.61990195	63.58724882	36.41275118	0				-543.1440509	0.1199805858	NaN	
542.9840509	94	5	1	1	0.1199805858	84.84369857	15.15589505	0.0004063798622				0	63.38009805	36.61990195	63.58724882	36.41275118	0				-542.9840509	0.1199805858	NaN	
542.8240509	94	5	1	1	0.1199805858	84.84369857	15.15589505	0.0004063798622				0	63.38009805	36.61990195	63.58724882	36.41275118	0				-542.8240509	0.1199805858	NaN	
542.6640509	94	5	1	1	0.1199805858	84.84369857	15.15589505	0.0004063798622				0	63.38009805	36.61990195	63.58724882	36.41275118	0				-542.6640509	0.1199805858	NaN	
542.5040509	94	5	1	1	0.1199805858	84.84369857	15.15589505	0.0004063798622				0	63.38009805	36.61990195	63.58724882	36.41275118	0				-542.5040509	0.1199805858	NaN	
542.3440509	94	5	1	1	0.1199805858	84.84369857	15.15589505	0.0004063798622				0	63.38009805	36.61990195	63.58724882	36.41275118	0				-542.3440509	0.1199805858	NaN	
542.1840509	94	5	1	1	0.1199805858	84.84369857	15.15589505	0.0004063798622				0	63.38009805	36.61990195	63.58724882	36.41275118	0				-542.1840509	0.1199805858	NaN	
542.0240509	94	5	1	1	0.1199805858	84.84369857	15.15589505	0.0004063798622				0	63.38009805	36.61990195	63.58724882	36.41275118	0				-542.0240509	0.1199805858	NaN	
541.8640509	94	5	1	1	0.1199805858	84.84369857	15.15589505	0.0004063798622				0	63.38009805	36.61990195	63.58724882	36.41275118	0				-541.8640509	0.1199805858	NaN	
541.7040509	94	5	1	1	0.1199805858	84.84369857	15.15589505	0.0004063798622				0	63.38009805	36.61990195	63.58724882	36.41275118	0				-541.7040509	0.1199805858	NaN	
541.5440509	94	5	1	1	0.1199805858	84.84369857	15.15589505	0.0004063798622				0	63.38009805	36.61990195	63.58724882	36.41275118	0				-541.5440509	0.1199805858	NaN	
541.3840509	94	5	1	1	0.1199805858	84.84369857	15.15589505	0.0004063798622				0	63.38009805	36.61990195	63.58724882	36.41275118	0				-541.3840509	0.1199805858	NaN	
541.2240509	94	5	1	1	0.1199805858	84.84369857	15.15589505	0.0004063798622				0	63.38009805	36.61990195	63.58724882	36.41275118	0				-541.2240509	0.1199805858	NaN	
541.0640509	94	5	1	1	0.1199805858	84.84369857	15.15589505	0.0004063798622				0	63.38009805	36.61990195	63.58724882	36.41275118	0				-541.0640509	0.1199805858	NaN	
540.9040509	94	5	1	1	0.1199805858	84.84369857	15.15589505	0.0004063798622				0	63.38009805	36.61990195	63.58724882	36.41275118	0				-540.9040509	0.1199805858	NaN	
540.7440509	94	5	1	1	0.1199805858	84.84369857	15.15589505	0.0004063798622				0	63.38009805	36.61990195	63.58724882	36.41275118	0				-540.7440509	0.1199805858	NaN	
540.5840509	94	5	1	1	0.1199805858	84.84369857	15.15589505	0.0004063798622				0	63.38009805	36.61990195	63.58724882	36.41275118	0				-540.5840509	0.1199805858	NaN	
540.4240509	94	5	1	1	0.1199805858	84.84369857	15.15589505	0.0004063798622				0	63.38009805	36.61990195	63.58724882	36.41275118	0				-540.4240509	0.1199805858	NaN	
540.2640509	94	5	1	1	0.1199805858	84.84369857	15.15589505	0.0004063798622				0	63.38009805	36.61990195	63.58724882	36.41275118	0				-540.2640509	0.1199805858	NaN	
540.1040509	94	5	1	1	0.1199805858	84.84369857	15.15589505	0.0004063798622				0	63.38009805	36.61990195	63.58724882	36.41275118	0				-540.1040509	0.1199805858	NaN	
539.9440509	94	5	1	1	0.1199805858	84.84369857	15.15589505	0.0004063798622				0	63.38009805	36.61990195	63.58724882	36.41275118	0				-539.9440509	0.1199805858	NaN	
539.7840509	94	5	1	1	0.1199805858	84.84369857	15.15589505	0.0004063798622				0	63.38009805	36.61990195	63.58724882	36.41275118	0				-539.7840509	0.1199805858	NaN	
539.6240509	94	5	1	1	0.1199805858	84.84369857	15.15589505	0.0004063798622				0	63.38009805	36.61990195	63.58724882	36.41275118	0				-539.6240509	0.1199805858	NaN	
539.4640509	94	5	1	1	0.1199805858	84.84369857	15.15589505	0.0004063798622				0	63.38009805	36.61990195	63.58724882	36.41275118	0				-539.4640509	0.1199805858	NaN	
539.3040509	94	5	1	1	0.1199805858	84.84369857	15.15589505	0.0004063798622				0	63.38009805	36.61990195	63.58724882	36.41275118	0				-539.3040509	0.1199805858	NaN	
539.1440509	94	5	1	1	0.1199805858	84.84369857	15.15589505	0.0004063798622				0	63.38009805	36.61990195	63.58724882	36.41275118	0				-539.1440509	0.1199805858	NaN	
538.9840509	94	5	1	1	0.1199805858	84.84369857	15.15589505	0.0004063798622				0	63.38009805	36.61990195	63.58724882	36.41275118	0				-538.9840509	0.1199805858	NaN	
538.8240509	94	5	1	1	0.1199805858	84.84369857	15.15589505	0.0004063798622				0	63.38009805	36.61990195	63.58724882	36.41275118	0				-538.8240509	0.1199805858	NaN	
538.6640509	94	5	1	1	0.1199805858	84.84369857	15.15589505	0.0004063798622				0	63.38009805	36.61990195	63.58724882	36.41275118	0				-538.6640509	0.1199805858	NaN	
538.5040509	94	5	1	1	0.1199805858	84.84369857	15.15589505	0.0004063798622				0	63.38009805	36.61990195	63.58724882	36.41275118	0				-538.5040509	0.1199805858	NaN	
538.3440509	94	5	1	1	0.1199805858	84.84369857	15.15589505	0.0004063798622				0	63.38009805	36.61990195	63.58724882	36.41275118	0				-538.3440509	0.1199805858	NaN	
538.1840509	94	5	1	1	0.1199805858	84.84369857	15.15589505	0.0004063798622				0	63.38009805	36.61990195	63.58724882	36.41275118	0				-538.1840509	0.1199805858	NaN	
538.0240509	94	5	1	1	0.1199805858	84.84369857	15.15589505	0.0004063798622				0	63.38009805	36.61990195	63.58724882	36.41275118	0				-538.0240509	0.1199805858	NaN	
537.8640509	94	5	1	1	0.1199805858	84.84369857	15.15589505	0.0004063798622				0	63.38009805	36.61990195	63.58724882	36.41275118	0				-537.8640509	0.1199805858	NaN	
537.7040509	94	5	1	1	0.1199805858	84.84369857	15.15589505	0.0004063798622				0	63.38009805	36.61990195	63.58724882	36.41275118	0				-537.7040509	0.1199805858	NaN	
537.5440509	94	5	1	1	0.1199805858	84.84369857	15.15589505	0.0004063798622				0	63.38009805	36.61990195	63.58724882	36.41275118	0				-537.5440509	0.1199805858	NaN	
537.3840509	94	5	1	1	0.1199805858	84.84369857	15.15589505	0.0004063798622				0	63.38009805	36.61990195	63.58724882	36.41275118	0				-537.3840509	0.1199805858	NaN	
537.2240509	94	5	1	1	0.1199805858	84.84369857	15.15589505	0.0004063798622				0	63.38009805	36.61990195	63.58724882	36.41275118	0				-537.2240509	0.1199805858	NaN	
537.0640509	94	5	1	1	0.1199805858	84.84369857	15.15589505	0.0004063798622				0	63.38009805	36.61990195	63.58724882	36.41275118	0				-537.0640509	0.1199805858	NaN	
536.9040509	94	5	1	1	0.1199805858	84.84369857	15.15589505	0.0004063798622				0	63.38009805	36.61990195	63.58724882	36.41275118	0				-536.9040509	0.1199805858	NaN	
536.7440509	94	5	1	1	0.1199805858	84.84369857	15.15589505	0.0004063798622				0	63.38009805	36.61990195	63.58724882	36.41275118	0				-536.7440509	0.1199805858	NaN	
536.5840509	94	5	1	1	0.1199805858	84.84369857	15.15589505	0.0004063798622				0	63.38009805	36.61990195	63.58724882	36.41275118	0				-536.5840509	0.1199805858	NaN	
536.4240509	94	5	1	1	0.1199805858	84.84369857	15.15589505	0.0004063798622				0	63.38009805	36.61990195	63.58724882	36.41275118	0				-536.4240509	0.1199805858	NaN	
536.2640509	94	5	1	1	0.1199805858	84.84369857	15.15589505	0.0004063798622				0	63.38009805	36.61990195	63.58724882	36.41275118	0				-536.2640509	0.1199805858	NaN	
536.1040509	94	5	1	1	0.1199805858	84.84369857	15.15589505	0.0004063798622				0	63.38009805	36.61990195	63.58724882	36.41275118	0				-536.1040509	0.1199805858	NaN	
535.9440509	94	5	1	1	0.1199805858	84.84369857	15.15589505	0.0004063798622				0	63.38009805	36.61990195	63.58724882	36.41275118	0				-535.9440509	0.1199805858	NaN	
535.7840509	94	5	1	1	0.1199805858	84.84369857	15.15589505	0.0004063798622				0	63.38009805	36.61990195	63.58724882	36.41275118	0				-535.7840509	0.1199805858	NaN	
535.6240509	94	5	1	1	0.1199805858	84.84369857	15.15589505	0.0004063798622				0	63.38009805	36.61990195	63.58724882	36.41275118	0				-535.6240509	0.1199805858	NaN	
535.4640509	94	5	1	1	0.1199805858	84.84369857	15.15589505	0.0004063798622				0	63.38009805	36.61990195	63.58724882	36.41275118	0				-535.4640509	0.1199805858	NaN	
535.3040509	94	5	1	1	0.1199805858	84.84369857	15.15589505	0.0004063798622				0	63.38009805	36.61990195	63.58724882	36.41275118	0				-535.3040509	0.1199805858	NaN	
535.1440509	94	5	1	1	0.1199805858	84.84369857	15.15589505	0.0004063798622				0	63.38009805	36.61990195	63.58724882	36.41275118	0				-535.1440509	0.1199805858	NaN	
534.9840509	94	5	1	1	0.1199805858	84.84369857	15.15589505	0.0004063798622				0	63.38009805	36.61990195	63.58724882	36.41275118	0				-534.9840509	0.1199805858	NaN	
534.8240509	94	5	1	1	0.1199805858	84.84369857	15.15589505	0.0004063798622				0	63.38009805	36.61990195	63.58724882	36.41275118	0				-534.8240509	0.1199805858	NaN	
534.6640509	94	5	1	1	0.1199805858	84.84369857	15.15589505	0.0004063798622				0	63.38009805	36.61990195	63.58724882	36.41275118	0				-534.6640509	0.1199805858	NaN	
534.5040509	94	5	1	1	0.1199805858	84.84369857	15.15589505	0.0004063798622				0	63.38009805	36.61990195	63.58724882	36.41275118	0				-534.5040509	0.1199805858	NaN	
534.3440509	94	5	1	1	0.1199805858	84.84369857	15.15589505	0.0004063798622				0	63.38009805	36.61990195	63.58724882	36.41275118	0				-534.3440509	0.1199805858	NaN	
534.1840509	94	5	1	1	0.1199805858	84.84369857	15.15589505	0.0004063798622				0	63.38009805	36.61990195	63.58724882	36.41275118	0				-534.1840509	0.1199805858	NaN	
534.0240509	94	5	1	1	0.1199805858	84.84369857	15.15589505	0.0004063798622				0	63.38009805	36.61990195	63.58724882	36.41275118	0				-534.0240509	0.1199805858	NaN	
533.8640509	94	5	1	1	0.1199805858	84.84369857	15.15589505	0.0004063798622				0	63.38009805	36.61990195	63.58724882	36.41275118	0				-533.8640509	0.1199805858	NaN	
533.7040509	94	5	1	1	0.1199805858	84.84369857	15.15589505	0.0004063798622				0	63.38009805	36.61990195	63.58724882	36.41275118	0				-533.7040509	0.1199805858	NaN	
533.5440509	94	5	1	1	0.1199805858	84.84369857	15.15589505	0.0004063798622				0	63.38009805	36.61990195	63.58724882	36.41275118	0				-533.5440509	0.1199805858	NaN	
533.3840509	94	5	1	1	0.1199805858	84.84369857	15.15589505	0.0004063798622				0	63.38009805	36.61990195	63.58724882	36.41275118	0				-533.3840509	0.1199805858	NaN	
533.2240509	94	5	1	1	0.1199805858	84.84369857	15.15589505	0.0004063798622				0	63.38009805	36.61990195	63.58724882	36.41275118	0				-533.2240509	0.1199805858	NaN	
533.0640509	94	5	1	1	0.1199805858	84.84369857	15.15589505	0.0004063798622				0	63.38009805	36.61990195	63.58724882	36.41275118	0				-533.0640509	0.1199805858	NaN	
532.9040509	94	5	1	1	0.1199805858	84.84369857	15.15589505	0.0004063798622				0	63.38009805	36.61990195	63.58724882	36.41275118	0				-532.9040509	0.1199805858	NaN	
532.7440509	94	5	1	1	0.1199805858	84.84369857	15.15589505	0.0004063798622				0	63.38009805	36.61990195	63.58724882	36.41275118	0				-532.7440509	0.1199805858	NaN	
532.5840509	94	5	1	1	0.1199805858	84.84369857	15.15589505	0.0004063798622				0	63.38009805	36.61990195	63.58724882	36.41275118	0				-532.5840509	0.1199805858	NaN	
532.4240509	94	5	1	1	0.1199805858	84.84369857	15.15589505	0.0004063798622				0	63.38009805	36.61990195	63.58724882	36.41275118	0				-532.4240509	0.1199805858	NaN	
532.2640509	94	5	1	1	0.1199805858	84.84369857	15.15589505	0.0004063798622				0	63.38009805	36.61990195	63.58724882	36.41275118	0				-532.2640509	0.1199805858	NaN	
532.1040509	94	5	1	1	0.1199805858	84.84369857	15.15589505	0.0004063798622				0	63.38009805	36.61990195	63.58724882	36.41275118	0				-532.1040509	0.1199805858	NaN	
531.9440509	94	5	1	1	0.1199805858	84.84369857	15.15589505	0.0004063798622				0	63.38009805	36.61990195	63.58724882	36.41275118	0				-531.9440509	0.1199805858	NaN	
531.7840509	94	5	1	1	0.1199805858	84.84369857	15.15589505	0.0004063798622				0	63.38009805	36.61990195	63.58724882	36.41275118	0				-531.7840509	0.1199805858	NaN	
531.6240509	94	5	1	1	0.1199805858	84.84369857	15.15589505	0.0004063798622				0	63.38009805	36.61990195	63.58724882	36.41275118	0				-531.6240509	0.1199805858	NaN	
531.4640509	94	5	1	1	0.1199805858	84.84369857	15.15589505	0.0004063798622				0	63.38009805	36.61990195	63.58724882	36.41275118	0				-531.4640509	0.1199805858	NaN	
531.3040509	94	5	1	1	0.1199805858	84.84369857	15.15589505	0.0004063798622				0	63.38009805	36.61990195	63.58724882	36.41275118	0				-531.3040509	0.1199805858	NaN	
531.1440509	94	5	1	1	0.1199805858	84.84369857	15.15589505	0.0004063798622				0	63.38009805	36.61990195	63.58724882	36.41275118	0				-531.1440509	0.1199805858	NaN	
530.9840509	94	5	1	1	0.1199805858	84.84369857	15.15589505	0.0004063798622				0	63.38009805	36.61990195	63.58724882	36.41275118	0				-530.9840509	0.1199805858	NaN	
530.8240509	94	5	1	1	0.1199805858	84.84369857	15.15589505	0.0004063798622				0	63.38009805	36.61990195	63.58724882	36.41275118	0				-530.8240509	0.1199805858	NaN	
530.6640509	94	5	1	1	0.1199805858	84.84369857	15.15589505	0.0004063798622				0	63.38009805	36.61990195	63.58724882	36.41275118	0				-530.6640509	0.1199805858	NaN	
530.5040509	94	5	1	1	0.1199805858	84.84369857	15.15589505	0.0004063798622				0	63.38009805	36.61990195	63.58724882	36.41275118	0				-530.5040509	0.1199805858	NaN	
530.3440509	94	5	1	1	0.1199805858	84.84369857	15.15589505	0.0004063798622				0	63.38009805	36.61990195	63.58724882	36.41275118	0				-530.3440509	0.1199805858	NaN	
530.1840509	94	5	1	1	0.1199805858	84.84369857	15.15589505	0.0004063798622				0	63.38009805	36.61990195	63.58724882	36.41275118	0				-530.1840509	0.1199805858	NaN	
530.0240509	94	5	1	1	0.1199805858	84.84369857	15.15589505	0.0004063798622				0	63.38009805	36.61990195	63.58724882	36.41275118	0				-530.0240509	0.1199805858	NaN	
529.8640509	94	5	1	1	0.1199805858	84.84369857	15.15589505	0.0004063798622				0	63.38009805	36.61990195	63.58724882	36.41275118	0				-529.8640509	0.1199805858	NaN	
529.7040509	94	5	1	1	0.1199805858	84.84369857	15.15589505	0.0004063798622				0	63.38009805	36.61990195	63.58724882	36.41275118	0				-529.7040509	0.1199805858	NaN	
529.5440509	94	5	1	1	0.1199805858	84.84369857	15.15589505	0.0004063798622				0	63.38009805	36.61990195	63.58724882	36.41275118	0				-529.5440509	0.1199805858	NaN	
529.3840509	94	5	1	1	0.1199805858	84.84369857	15.15589505	0.0004063798622				0	63.38009805	36.61990195	63.58724882	36.41275118	0				-529.3840509	0.1199805858	NaN	
529.2240509	94	5	1	1	0.1199805858	84.84369857	15.15589505	0.0004063798622				0	63.38009805	36.61990195	63.58724882	36.41275118	0				-529.2240509	0.1199805858	NaN	
529.0640509	94	5	1	1	0.1199805858	84.84369857	15.15589505	0.0004063798622				0	63.38009805	36.61990195	63.58724882	36.41275118	0				-529.0640509	0.1199805858	NaN	
528.9040509	94	5	1	1	0.1199805858	84.84369857	15.15589505	0.0004063798622				0	63.38009805	36.61990195	63.58724882	36.41275118	0				-528.9040509	0.1199805858	NaN	
528.7440509	94	5	1	1	0.1199805858	84.84369857	15.15589505	0.0004063798622				0	63.38009805	36.61990195	63.58724882	36.41275118	0				-528.7440509	0.1199805858	NaN	
528.5840509	94	5	1	1	0.1199805858	84.84369857	15.15589505	0.0004063798622				0	63.38009805	36.61990195	63.58724882	36.41275118	0				-528.5840509	0.1199805858	NaN	
528.4240509	94	5	1	1	0.1199805858	84.84369857	15.15589505	0.0004063798622				0	63.38009805	36.61990195	63.58724882	36.41275118	0				-528.4240509	0.1199805858	NaN	
528.2640509	94	5	1	1	0.1199805858	84.84369857	15.15589505	0.0004063798622				0	63.38009805	36.61990195	63.58724882	36.41275118	0				-528.2640509	0.1199805858	NaN	
528.1040509	94	5	1	1	0.1199805858	84.84369857	15.15589505	0.0004063798622				0	63.38009805	36.61990195	63.58724882	36.41275118	0				-528.1040509	0.1199805858	NaN	
527.9440509	94	5	1	1	0.1199805858	84.84369857	15.15589505	0.0004063798622				0	63.38009805	36.61990195	63.58724882	36.41275118	0				-527.9440509	0.1199805858	NaN	
527.7840509	94	5	1	1	0.1199805858	84.84369857	15.15589505	0.0004063798622				0	63.38009805	36.61990195	63.58724882	36.41275118	0				-527.7840509	0.1199805858	NaN	
527.6240509	94	5	1	1	0.1199805858	84.84369857	15.15589505	0.0004063798622				0	63.38009805	36.61990195	63.58724882	36.41275118	0				-527.6240509	0.1199805858	NaN	
527.4640509	94	5	1	1	0.1199805858	84.84369857	15.15589505	0.0004063798622				0	63.38009805	36.61990195	63.58724882	36.41275118	0				-527.4640509	0.1199805858	NaN	
527.3040509	94	5	1	1	0.1199805858	84.84369857	15.15589505	0.0004063798622				0	63.38009805	36.61990195	63.58724882	36.41275118	0				-527.3040509	0.1199805858	NaN	
527.1440509	94	5	1	1	0.1199805858	84.84369857	15.15589505	0.0004063798622				0	63.38009805	36.61990195	63.58724882	36.41275118	0				-527.1440509	0.1199805858	NaN	
526.9840509	94	5	1	1	0.1199805858	84.84369857	15.15589505	0.0004063798622				0	63.38009805	36.61990195	63.58724882	36.41275118	0				-526.9840509	0.1199805858	NaN	
526.8240509	94	5	1	1	0.1199805858	84.84369857	15.15589505	0.0004063798622				0	63.38009805	36.61990195	63.58724882	36.41275118	0				-526.8240509	0.1199805858	NaN	
526.6640509	94	5	1	1	0.1199805858	84.84369857	15.15589505	0.0004063798622				0	63.38009805	36.61990195	63.58724882	36.41275118	0				-526.6640509	0.1199805858	NaN	
526.5040509	94	5	1	1	0.1199805858	84.84369857	15.15589505	0.0004063798622				0	63.38009805	36.61990195	63.58724882	36.41275118	0				-526.5040509	0.1199805858	NaN	
526.3440509	94	5	1	1	0.1199805858	84.84369857	15.15589505	0.0004063798622				0	63.38009805	36.61990195	63.58724882	36.41275118	0				-526.3440509	0.1199805858	NaN	
526.1840509	94	5	1	1	0.1199805858	84.84369857	15.15589505	0.0004063798622				0	63.38009805	36.61990195	63.58724882	36.41275118	0				-526.1840509	0.1199805858	NaN	
526.0240509	94	5	1	1	0.1199805858	84.84369857	15.15589505	0.0004063798622				0	63.38009805	36.61990195	63.58724882	36.41275118	0				-526.0240509	0.1199805858	NaN	
525.8640509	94	5	1	1	0.1199805858	84.84369857	15.15589505	0.0004063798622				0	63.38009805	36.61990195	63.58724882	36.41275118	0				-525.8640509	0.1199805858	NaN	
525.7040509	94	5	1	1	0.1199805858	84.84369857	15.15589505	0.0004063798622				0	63.38009805	36.61990195	63.58724882	36.41275118	0				-525.7040509	0.1199805858	NaN	
525.5440509	94	5	1	1	0.1199805858	84.84369857	15.15589505	0.0004063798622				0	63.38009805	36.61990195	63.58724882	36.41275118	0				-525.5440509	0.1199805858	NaN	
525.3840509	94	5	1	1	0.1199805858	84.84369857	15.15589505	0.0004063798622				0	63.38009805	36.61990195	63.58724882	36.41275118	0				-525.3840509	0.1199805858	NaN	
525.2240509	94	5	1	1	0.1199805858	84.84369857	15.15589505	0.0004063798622				0	63.38009805	36.61990195	63.58724882	36.41275118	0				-525.2240509	0.1199805858	NaN	
525.0640509	94	5	1	1	0.1199805858	84.84369857	15.15589505	0.0004063798622				0	63.38009805	36.61990195	63.58724882	36.41275118	0				-525.0640509	0.1199805858	NaN	
524.9040509	94	5	1	1	0.1199805858	84.84369857	15.15589505	0.0004063798622				0	63.38009805	36.61990195	63.58724882	36.41275118	0				-524.9040509	0.1199805858	NaN	
524.7440509	94	5	1	1	0.1199805858	84.84369857	15.15589505	0.0004063798622				0	63.38009805	36.61990195	63.58724882	36.41275118	0				-524.7440509	0.1199805858	NaN	
524.5840509	94	5	1	1	0.1199805858	84.84369857	15.15589505	0.0004063798622				0	63.38009805	36.61990195	63.58724882	36.41275118	0				-524.5840509	0.1199805858	NaN	
524.4240509	94	5	1	1	0.1199805858	84.84369857	15.15589505	0.0004063798622				0	63.38009805	36.61990195	63.58724882	36.41275118	0				-524.4240509	0.1199805858	NaN	
524.2640509	94	5	1	1	0.1199805858	84.84369857	15.15589505	0.0004063798622				0	63.38009805	36.61990195	63.58724882	36.41275118	0				-524.2640509	0.1199805858	NaN	
524.1040509	94	5	1	1	0.1199805858	84.84369857	15.15589505	0.0004063798622				0	63.38009805	36.61990195	63.58724882	36.41275118	0				-524.1040509	0.1199805858	NaN	
523.9440509	94	5	1	1	0.1199805858	84.84369857	15.15589505	0.0004063798622				0	63.38009805	36.61990195	63.58724882	36.41275118	0				-523.9440509	0.1199805858	NaN	
523.7840509	94	5	1	1	0.1199805858	84.84369857	15.15589505	0.0004063798622				0	63.38009805	36.61990195	63.58724882	36.41275118	0				-523.7840509	0.1199805858	NaN	
523.6240509	94	5	1	1	0.1199805858	84.84369857	15.15589505	0.0004063798622				0	63.38009805	36.61990195	63.58724882	36.41275118	0				-523.6240509	0.1199805858	NaN	
523.4640509	94	5	1	1	0.1199805858	84.84369857	15.15589505	0.0004063798622				0	63.38009805	36.61990195	63.58724882	36.41275118	0				-523.4640509	0.1199805858	NaN	
523.3040509	94	5	1	1	0.1199805858	84.84369857	15.15589505	0.0004063798622				0	63.38009805	36.61990195	63.58724882	36.41275118	0				-523.3040509	0.1199805858	NaN	
523.1440509	94	5	1	1	0.1199805858	84.84369857	15.15589505	0.0004063798622				0	63.38009805	36.61990195	63.58724882	36.41275118	0				-523.1440509	0.1199805858	NaN	
522.9840509	94	5	1	1	0.1199805858	84.84369857	15.15589505	0.0004063798622				0	63.38009805	36.61990195	63.58724882	36.41275118	0				-522.9840509	0.1199805858	NaN	
522.8240509	94	5	1	1	0.1199805858	84.84369857	15.15589505	0.0004063798622				0	63.38009805	36.61990195	63.58724882	36.41275118	0				-522.8240509	0.1199805858	NaN	
522.6640509	94	5	1	1	0.1199805858	84.84369857	15.15589505	0.0004063798622				0	63.38009805	36.61990195	63.58724882	36.41275118	0				-522.6640509	0.1199805858	NaN	
522.5040509	94	5	1	1	0.1199805858	84.84369857	15.15589505	0.0004063798622				0	63.38009805	36.61990195	63.58724882	36.41275118	0				-522.5040509	0.1199805858	NaN	
522.3440509	94	5	1	1	0.1199805858	84.84369857	15.15589505	0.0004063798622				0	63.38009805	36.61990195	63.58724882	36.41275118	0				-522.3440509	0.1199805858	NaN	
522.1840509	94	5	1	1	0.1199805858	84.84369857	15.15589505	0.0004063798622				0	63.38009805	36.61990195	63.58724882	36.41275118	0				-522.1840509	0.1199805858	NaN	
522.0240509	94	5	1	1	0.1199805858	84.84369857	15.15589505	0.0004063798622				0	63.38009805	36.61990195	63.58724882	36.41275118	0				-522.0240509	0.1199805858	NaN	
521.8640509	94	5	1	1	0.1199805858	84.84369857	15.15589505	0.0004063798622				0	63.38009805	36.61990195	63.58724882	36.41275118	0				-521.8640509	0.1199805858	NaN	
521.7040509	94	5	1	1	0.1199805858	84.84369857	15.15589505	0.0004063798622				0	63.38009805	36.61990195	63.58724882	36.41275118	0				-521.7040509	0.1199805858	NaN	
521.5440509	94	5	1	1	0.1199805858	84.84369857	15.15589505	0.0004063798622				0	63.38009805	36.61990195	63.58724882	36.41275118	0				-521.5440509	0.1199805858	NaN	
521.3840509	94	5	1	1	0.1199805858	84.84369857	15.15589505	0.0004063798622				0	63.38009805	36.61990195	63.58724882	36.41275118	0				-521.3840509	0.1199805858	NaN	
521.2240509	94	5	1	1	0.1199805858	84.84369857	15.15589505	0.0004063798622				0	63.38009805	36.61990195	63.58724882	36.41275118	0				-521.2240509	0.1199805858	NaN	
521.0640509	94	5	1	1	0.1199805858	84.84369857	15.15589505	0.0004063798622				0	63.38009805	36.61990195	63.58724882	36.41275118	0				-521.0640509	0.1199805858	NaN	
520.9040509	94	5	1	1	0.1199805858	84.84369857	15.15589505	0.0004063798622				0	63.38009805	36.61990195	63.58724882	36.41275118	0				-520.9040509	0.1199805858	NaN	
520.7440509	94	5	1	1	0.1199805858	84.84369857	15.15589505	0.0004063798622				0	63.38009805	36.61990195	63.58724882	36.41275118	0				-520.7440509	0.1199805858	NaN	
520.5840509	94	5	1	1	0.1199805858	84.84369857	15.15589505	0.0004063798622				0	63.38009805	36.61990195	63.58724882	36.41275118	0				-520.5840509	0.1199805858	NaN	
520.4240509	94	5	1	1	0.1199805858	84.84369857	15.15589505	0.0004063798622				0	63.38009805	36.61990195	63.58724882	36.41275118	0				-520.4240509	0.1199805858	NaN	
520.2640509	94	5	1	1	0.1199805858	84.84369857	15.15589505	0.0004063798622				0	63.38009805	36.61990195	63.58724882	36.41275118	0				-520.2640509	0.1199805858	NaN	
520.1040509	94	5	1	1	0.1199805858	84.84369857	15.15589505	0.0004063798622				0	63.38009805	36.61990195	63.58724882	36.41275118	0				-520.1040509	0.1199805858	NaN	
519.9440509	94	5	1	1	0.1199805858	84.84369857	15.15589505	0.0004063798622				0	63.38009805	36.61990195	63.58724882	36.41275118	0				-519.9440509	0.1199805858	NaN	
519.7840509	94	5	1	1	0.1199805858	84.84369857	15.15589505	0.0004063798622				0	63.38009805	36.61990195	63.58724882	36.41275118	0				-519.7840509	0.1199805858	NaN	
519.6240509	94	5	1	1	0.1199805858	84.84369857	15.15589505	0.0004063798622				0	63.38009805	36.61990195	63.58724882	36.41275118	0				-519.6240509	0.1199805858	NaN	
519.4640509	94	5	1	1	0.1199805858	84.84369857	15.15589505	0.0004063798622				0	63.38009805	36.61990195	63.58724882	36.41275118	0				-519.4640509	0.1199805858	NaN	
519.3040509	94	5	1	1	0.1199805858	84.84369857	15.15589505	0.0004063798622				0	63.38009805	36.61990195	63.58724882	36.41275118	0				-519.3040509	0.1199805858	NaN	
519.1440509	94	5	1	1	0.1199805858	84.84369857	15.15589505	0.0004063798622				0	63.38009805	36.61990195	63.58724882	36.41275118	0				-519.1440509	0.1199805858	NaN	
518.9840509	94	5	1	1	0.1199805858	84.84369857	15.15589505	0.0004063798622				0	63.38009805	36.61990195	63.58724882	36.41275118	0				-518.9840509	0.1199805858	NaN	
518.8240509	94	5	1	1	0.1199805858	84.84369857	15.15589505	0.0004063798622				0	63.38009805	36.61990195	63.58724882	36.41275118	0				-518.8240509	0.1199805858	NaN	
518.6640509	94	5	1	1	0.1199805858	84.84369857	15.15589505	0.0004063798622				0	63.38009805	36.61990195	63.58724882	36.41275118	0				-518.6640509	0.1199805858	NaN	
518.5040509	94	5	1	1	0.1199805858	84.84369857	15.15589505	0.0004063798622				0	63.38009805	36.61990195	63.58724882	36.41275118	0				-518.5040509	0.1199805858	NaN	
518.3440509	94	5	1	1	0.1199805858	84.84369857	15.15589505	0.0004063798622				0	63.38009805	36.61990195	63.58724882	36.41275118	0				-518.3440509	0.1199805858	NaN	
518.1840509	94	5	1	1	0.1199805858	84.84369857	15.15589505	0.0004063798622				0	63.38009805	36.61990195	63.58724882	36.41275118	0				-518.1840509	0.1199805858	NaN	
518.0240509	94	5	1	1	0.1199805858	84.84369857	15.15589505	0.0004063798622				0	63.38009805	36.61990195	63.58724882	36.41275118	0				-518.0240509	0.1199805858	NaN	
517.8640509	94	5	1	1	0.1199805858	84.84369857	15.15589505	0.0004063798622				0	63.38009805	36.61990195	63.58724882	36.41275118	0				-517.8640509	0.1199805858	NaN	
517.7040509	94	5	1	1	0.1199805858	84.84369857	15.15589505	0.0004063798622				0	63.38009805	36.61990195	63.58724882	36.41275118	0				-517.7040509	0.1199805858	NaN	
517.5440509	94	5	1	1	0.1199805858	84.84369857	15.15589505	0.0004063798622				0	63.38009805	36.61990195	63.58724882	36.41275118	0				-517.5440509	0.1199805858	NaN	
517.3840509	94	5	1	1	0.1199805858	84.84369857	15.15589505	0.0004063798622				0	63.38009805	36.61990195	63.58724882	36.41275118	0				-517.3840509	0.1199805858	NaN	
517.2240509	94	5	1	1	0.1199805858	84.84369857	15.15589505	0.0004063798622				0	63.38009805	36.61990195	63.58724882	36.41275118	0				-517.2240509	0.1199805858	NaN	
517.0640509	94	5	1	1	0.1199805858	84.84369857	15.15589505	0.0004063798622				0	63.38009805	36.61990195	63.58724882	36.41275118	0				-517.0640509	0.1199805858	NaN	
516.9040509	94	5	1	1	0.1199805858	84.84369857	15.15589505	0.0004063798622				0	63.38009805	36.61990195	63.58724882	36.41275118	0				-516.9040509	0.1199805858	NaN	
516.7440509	94	5	1	1	0.1199805858	84.84369857	15.15589505	0.0004063798622				0	63.38009805	36.61990195	63.58724882	36.41275118	0				-516.7440509	0.1199805858	NaN	
516.5840509	94	5	1	1	0.1199805858	84.84369857	15.15589505	0.0004063798622				0	63.38009805	36.61990195	63.58724882	36.41275118	0				-516.5840509	0.1199805858	NaN	
516.4240509	94	5	1	1	0.1199805858	84.84369857	15.15589505	0.0004063798622				0	63.38009805	36.61990195	63.58724882	36.41275118	0				-516.4240509	0.1199805858	NaN	
516.2640509	94	5	1	1	0.1199805858	84.84369857	15.15589505	0.0004063798622				0	63.38009805	36.61990195	63.58724882	36.41275118	0				-516.2640509	0.1199805858	NaN	
516.1040509	94	5	1	1	0.1199805858	84.84369857	15.15589505	0.0004063798622				0	63.38009805	36.61990195	63.58724882	36.41275118	0				-516.1040509	0.1199805858	NaN	
515.9440509	94	5	1	1	0.1199805858	84.84369857	15.15589505	0.0004063798622				0	63.38009805	36.61990195	63.58724882	36.41275118	0				-515.9440509	0.1199805858	NaN	
515.7840509	94	5	1	1	0.1199805858	84.84369857	15.15589505	0.0004063798622				0	63.38009805	36.61990195	63.58724882	36.41275118	0				-515.7840509	0.1199805858	NaN	
515.6240509	94	5	1	1	0.1199805858	84.84369857	15.15589505	0.0004063798622				0	63.38009805	36.61990195	63.58724882	36.41275118	0				-515.6240509	0.1199805858	NaN	
515.4640509	94	5	1	1	0.1199805858	84.84369857	15.15589505	0.0004063798622				0	63.38009805	36.61990195	63.58724882	36.41275118	0				-515.4640509	0.1199805858	NaN	
515.3040509	94	5	1	1	0.1199805858	84.84369857	15.15589505	0.0004063798622				0	63.38009805	36.61990195	63.58724882	36.41275118	0				-515.3040509	0.1199805858	NaN	
515.1440509	94	5	1	1	0.1199805858	84.84369857	15.15589505	0.0004063798622				0	63.38009805	36.61990195	63.58724882	36.41275118	0				-515.1440509	0.1199805858	NaN	
514.9840509	94	5	1	1	0.1199805858	84.84369857	15.15589505	0.0004063798622				0	63.38009805	36.61990195	63.58724882	36.41275118	0				-514.9840509	0.1199805858	NaN	
514.8240509	94	5	1	1	0.1199805858	84.84369857	15.15589505	0.0004063798622				0	63.38009805	36.61990195	63.58724882	36.41275118	0				-514.8240509	0.1199805858	NaN	
514.6640509	94	5	1	1	0.1199805858	84.84369857	15.15589505	0.0004063798622				0	63.38009805	36.61990195	63.58724882	36.41275118	0				-514.6640509	0.1199805858	NaN	
514.5040509	94	5	1	1	0.1199805858	84.84369857	15.15589505	0.0004063798622				0	63.38009805	36.61990195	63.58724882	36.41275118	0				-514.5040509	0.1199805858	NaN	
514.3440509	94	5	1	1	0.1199805858	84.84369857	15.15589505	0.0004063798622				0	63.38009805	36.61990195	63.58724882	36.41275118	0				-514.3440509	0.1199805858	NaN	
514.1840509	94	5	1	1	0.1199805858	84.84369857	15.15589505	0.0004063798622				0	63.38009805	36.61990195	63.58724882	36.41275118	0				-514.1840509	0.1199805858	NaN	
514.0240509	94	5	1	1	0.1199805858	84.84369857	15.15589505	0.0004063798622				0	63.38009805	36.61990195	63.58724882	36.41275118	0				-514.0240509	0.1199805858	NaN	
513.8640509	94	5	1	1	0.1199805858	84.84369857	15.15589505	0.0004063798622				0	63.38009805	36.61990195	63.58724882	36.41275118	0				-513.8640509	0.1199805858	NaN	
513.7040509	94	5	1	1	0.1199805858	84.84369857	15.15589505	0.0004063798622				0	63.38009805	36.61990195	63.58724882	36.41275118	0				-513.7040509	0.1199805858	NaN	
513.5440509	94	5	1	1	0.1199805858	84.84369857	15.15589505	0.0004063798622				0	63.38009805	36.61990195	63.58724882	36.41275118	0				-513.5440509	0.1199805858	NaN	
513.3840509	94	5	1	1	0.1199805858	84.84369857	15.15589505	0.0004063798622				0	63.38009805	36.61990195	63.58724882	36.41275118	0				-513.3840509	0.1199805858	NaN	
513.2240509	94	5	1	1	0.1199805858	84.84369857	15.15589505	0.0004063798622				0	63.38009805	36.61990195	63.58724882	36.41275118	0				-513.2240509	0.1199805858	NaN	
513.0640509	94	5	1	1	0.1199805858	84.84369857	15.15589505	0.0004063798622				0	63.38009805	36.61990195	63.58724882	36.41275118	0				-513.0640509	0.1199805858	NaN	
512.9040509	94	5	1	1	0.1199805858	84.84369857	15.15589505	0.0004063798622				0	63.38009805	36.61990195	63.58724882	36.41275118	0				-512.9040509	0.1199805858	NaN	
512.7440509	94	5	1	1	0.1199805858	84.84369857	15.15589505	0.0004063798622				0	63.38009805	36.61990195	63.58724882	36.41275118	0				-512.7440509	0.1199805858	NaN	
512.5840509	94	5	1	1	0.1199805858	84.84369857	15.15589505	0.0004063798622				0	63.38009805	36.61990195	63.58724882	36.41275118	0				-512.5840509	0.1199805858	NaN	
512.4240509	94	5	1	1	0.1199805858	84.84369857	15.15589505	0.0004063798622				0	63.38009805	36.61990195	63.58724882	36.41275118	0				-512.4240509	0.1199805858	NaN	
512.2640509	94	5	1	1	0.1199805858	84.84369857	15.15589505	0.0004063798622				0	63.38009805	36.61990195	63.58724882	36.41275118	0				-512.2640509	0.1199805858	NaN	
512.1040509	94	5	1	1	0.1199805858	84.84369857	15.15589505	0.0004063798622				0	63.38009805	36.61990195	63.58724882	36.41275118	0				-512.1040509	0.1199805858	NaN	
511.9440509	94	5	1	1	0.1199805858	84.84369857	15.15589505	0.0004063798622				0	63.38009805	36.61990195	63.58724882	36.41275118	0				-511.9440509	0.1199805858	NaN	
511.7840509	94	5	1	1	0.1199805858	84.84369857	15.15589505	0.0004063798622				0	63.38009805	36.61990195	63.58724882	36.41275118	0				-511.7840509	0.1199805858	NaN	
511.6240509	94	5	1	1	0.1199805858	84.84369857	15.15589505	0.0004063798622				0	63.38009805	36.61990195	63.58724882	36.41275118	0				-511.6240509	0.1199805858	NaN	
511.4640509	94	5	1	1	0.1199805858	84.84369857	15.15589505	0.0004063798622				0	63.38009805	36.61990195	63.58724882	36.41275118	0				-511.4640509	0.1199805858	NaN	
511.3040509	94	5	1	1	0.1199805858	84.84369857	15.15589505	0.0004063798622				0	63.38009805	36.61990195	63.58724882	36.41275118	0				-511.3040509	0.1199805858	NaN	
511.1440509	94	5	1	1	0.1199805858	84.84369857	15.15589505	0.0004063798622				0	63.38009805	36.61990195	63.58724882	36.41275118	0				-511.1440509	0.1199805858	NaN	
510.9840509	94	5	1	1	0.1199805858	84.84369857	15.15589505	0.0004063798622				0	63.38009805	36.61990195	63.58724882	36.41275118	0				-510.9840509	0.1199805858	NaN	
510.8240509	94	5	1	1	0.1199805858	84.84369857	15.15589505	0.0004063798622				0	63.38009805	36.61990195	63.58724882	36.41275118	0				-510.8240509	0.1199805858	NaN	
510.6640509	94	5	1	1	0.1199805858	84.84369857	15.15589505	0.0004063798622				0	63.38009805	36.61990195	63.58724882	36.41275118	0				-510.6640509	0.1199805858	NaN	
510.5040509	94	5	1	1	0.1199805858	84.84369857	15.15589505	0.0004063798622				0	63.38009805	36.61990195	63.58724882	36.41275118	0				-510.5040509	0.1199805858	NaN	
510.3440509	94	5	1	1	0.1199805858	84.84369857	15.15589505	0.0004063798622				0	63.38009805	36.61990195	63.58724882	36.41275118	0				-510.3440509	0.1199805858	NaN	
510.1840509	94	5	1	1	0.1199805858	84.84369857	15.15589505	0.0004063798622				0	63.38009805	36.61990195	63.58724882	36.41275118	0				-510.1840509	0.1199805858	NaN	
510.0240509	94	5	1	1	0.1199805858	84.84369857	15.15589505	0.0004063798622				0	63.38009805	36.61990195	63.58724882	36.41275118	0				-510.0240509	0.1199805858	NaN	
509.8640509	94	5	1	1	0.1199805858	84.84369857	15.15589505	0.0004063798622				0	63.38009805	36.61990195	63.58724882	36.41275118	0				-509.8640509	0.1199805858	NaN	
509.7040509	94	5	1	1	0.1199805858	84.84369857	15.15589505	0.0004063798622				0	63.38009805	36.61990195	63.58724882	36.41275118	0				-509.7040509	0.1199805858	NaN	
509.5440509	94	5	1	1	0.1199805858	84.84369857	15.15589505	0.0004063798622				0	63.38009805	36.61990195	63.58724882	36.41275118	0				-509.5440509	0.1199805858	NaN	
509.3840509	94	5	1	1	0.1199805858	84.84369857	15.15589505	0.0004063798622				0	63.38009805	36.61990195	63.58724882	36.41275118	0				-509.3840509	0.1199805858	NaN	
509.2240509	94	5	1	1	0.1199805858	84.84369857	15.15589505	0.0004063798622				0	63.38009805	36.61990195	63.58724882	36.41275118	0				-509.2240509	0.1199805858	NaN	
509.0640509	94	5	1	1	0.1199805858	84.84369857	15.15589505	0.0004063798622				0	63.38009805	36.61990195	63.58724882	36.41275118	0				-509.0640509	0.1199805858	NaN	
508.9040509	94	5	1	1	0.1199805858	84.84369857	15.15589505	0.0004063798622				0	63.38009805	36.61990195	63.58724882	36.41275118	0				-508.9040509	0.1199805858	NaN	
508.7440509	94	5	1	1	0.1199805858	84.84369857	15.15589505	0.0004063798622				0	63.38009805	36.61990195	63.58724882	36.41275118	0				-508.7440509	0.1199805858	NaN	
508.5840509	94	5	1	1	0.1199805858	84.84369857	15.15589505	0.0004063798622				0	63.38009805	36.61990195	63.58724882	36.41275118	0				-508.5840509	0.1199805858	NaN	
508.4240509	94	5	1	1	0.1199805858	84.84369857	15.15589505	0.0004063798622				0	63.38009805	36.61990195	63.58724882	36.41275118	0				-508.4240509	0.1199805858	NaN	
508.2640509	94	5	1	1	0.1199805858	84.84369857	15.15589505	0.0004063798622				0	63.38009805	36.61990195	63.58724882	36.41275118	0				-508.2640509	0.1199805858	NaN	
508.1040509	94	5	1	1	0.1199805858	84.84369857	15.15589505	0.0004063798622				0	63.38009805	36.61990195	63.58724882	36.41275118	0				-508.1040509	0.1199805858	NaN	
507.9440509	94	5	1	1	0.1199805858	84.84369857	15.15589505	0.0004063798622				0	63.38009805	36.61990195	63.58724882	36.41275118	0				-507.9440509	0.1199805858	NaN	
507.7840509	94	5	1	1	0.1199805858	84.84369857	15.15589505	0.0004063798622				0	63.38009805	36.61990195	63.58724882	36.41275118	0				-507.7840509	0.1199805858	NaN	
507.6240509	94	5	1	1	0.1199805858	84.84369857	15.15589505	0.0004063798622				0	63.38009805	36.61990195	63.58724882	36.41275118	0				-507.6240509	0.1199805858	NaN	
507.4640509	94	5	1	1	0.1199805858	84.84369857	15.15589505	0.0004063798622				0	63.38009805	36.61990195	63.58724882	36.41275118	0				-507.4640509	0.1199805858	NaN	
507.3040509	94	5	1	1	0.1199805858	84.84369857	15.15589505	0.0004063798622				0	63.38009805	36.61990195	63.58724882	36.41275118	0				-507.3040509	0.1199805858	NaN	
507.1440509	94	5	1	1	0.1199805858	84.84369857	15.15589505	0.0004063798622				0	63.38009805	36.61990195	63.58724882	36.41275118	0				-507.1440509	0.1199805858	NaN	
506.9840509	94	5	1	1	0.1199805858	84.84369857	15.15589505	0.0004063798622				0	63.38009805	36.61990195	63.58724882	36.41275118	0				-506.9840509	0.1199805858	NaN	
506.8240509	94	5	1	1	0.1199805858	84.84369857	15.15589505	0.0004063798622				0	63.38009805	36.61990195	63.58724882	36.41275118	0				-506.8240509	0.1199805858	NaN	
506.6640509	94	5	1	1	0.1199805858	84.84369857	15.15589505	0.0004063798622				0	63.38009805	36.61990195	63.58724882	36.41275118	0				-506.6640509	0.1199805858	NaN	
506.5040509	94	5	1	1	0.1199805858	84.84369857	15.15589505	0.0004063798622				0	63.38009805	36.61990195	63.58724882	36.41275118	0				-506.5040509	0.1199805858	NaN	
506.3440509	94	5	1	1	0.1199805858	84.84369857	15.15589505	0.0004063798622				0	63.38009805	36.61990195	63.58724882	36.41275118	0				-506.3440509	0.1199805858	NaN	
506.1840509	94	5	1	1	0.1199805858	84.84369857	15.15589505	0.0004063798622				0	63.38009805	36.61990195	63.58724882	36.41275118	0				-506.1840509	0.1199805858	NaN	
506.0240509	94	5	1	1	0.1199805858	84.84369857	15.15589505	0.0004063798622				0	63.38009805	36.61990195	63.58724882	36.41275118	0				-506.0240509	0.1199805858	NaN	
505.8640509	94	5	1	1	0.1199805858	84.84369857	15.15589505	0.0004063798622				0	63.38009805	36.61990195	63.58724882	36.41275118	0				-505.8640509	0.1199805858	NaN	
505.7040509	94	5	1	1	0.1199805858	84.84369857	15.15589505	0.0004063798622				0	63.38009805	36.61990195	63.58724882	36.41275118	0				-505.7040509	0.1199805858	NaN	
505.5440509	94	5	1	1	0.1199805858	84.84369857	15.15589505	0.0004063798622				0	63.38009805	36.61990195	63.58724882	36.41275118	0				-505.5440509	0.1199805858	NaN	
505.3840509	94	5	1	1	0.1199805858	84.84369857	15.15589505	0.0004063798622				0	63.38009805	36.61990195	63.58724882	36.41275118	0				-505.3840509	0.1199805858	NaN	
505.2240509	94	5	1	1	0.1199805858	84.84369857	15.15589505	0.0004063798622				0	63.38009805	36.61990195	63.58724882	36.41275118	0				-505.2240509	0.1199805858	NaN	
505.0640509	94	5	1	1	0.1199805858	84.84369857	15.15589505	0.0004063798622				0	63.38009805	36.61990195	63.58724882	36.41275118	0				-505.0640509	0.1199805858	NaN	
504.9040509	94	5	1	1	0.1199805858	84.84369857	15.15589505	0.0004063798622				0	63.38009805	36.61990195	63.58724882	36.41275118	0				-504.9040509	0.1199805858	NaN	
504.7440509	94	5	1	1	0.1199805858	84.84369857	15.15589505	0.0004063798622				0	63.38009805	36.61990195	63.58724882	36.41275118	0				-504.7440509	0.1199805858	NaN	
504.5840509	94	5	1	1	0.1199805858	84.84369857	15.15589505	0.0004063798622				0	63.38009805	36.61990195	63.58724882	36.41275118	0				-504.5840509	0.1199805858	NaN	
504.4240509	94	5	1	1	0.1199805858	84.84369857	15.15589505	0.0004063798622				0	63.38009805	36.61990195	63.58724882	36.41275118	0				-504.4240509	0.1199805858	NaN	
504.2640509	94	5	1	1	0.1199805858	84.84369857	15.15589505	0.0004063798622				0	63.38009805	36.61990195	63.58724882	36.41275118	0				-504.2640509	0.1199805858	NaN	
504.1040509	94	5	1	1	0.1199805858	84.84369857	15.15589505	0.0004063798622				0	63.38009805	36.61990195	63.58724882	36.41275118	0				-504.1040509	0.1199805858	NaN	
503.9440509	94	5	1	1	0.1199805858	84.84369857	15.15589505	0.0004063798622				0	63.38009805	36.61990195	63.58724882	36.41275118	0				-503.9440509	0.1199805858	NaN	
503.7840509	94	5	1	1	0.1199805858	84.84369857	15.15589505	0.0004063798622				0	63.38009805	36.61990195	63.58724882	36.41275118	0				-503.7840509	0.1199805858	NaN	
503.6240509	94	5	1	1	0.1199805858	84.84369857	15.15589505	0.0004063798622				0	63.38009805	36.61990195	63.58724882	36.41275118	0				-503.6240509	0.1199805858	NaN	
503.4640509	94	5	1	1	0.1199805858	84.84369857	15.15589505	0.0004063798622				0	63.38009805	36.61990195	63.58724882	36.41275118	0				-503.4640509	0.1199805858	NaN	
503.3040509	94	5	1	1	0.1199805858	84.84369857	15.15589505	0.0004063798622				0	63.38009805	36.61990195	63.58724882	36.41275118	0				-503.3040509	0.1199805858	NaN	
503.1440509	94	5	1	1	0.1199805858	84.84369857	15.15589505	0.0004063798622				0	63.38009805	36.61990195	63.58724882	36.41275118	0				-503.1440509	0.1199805858	NaN	
502.9840509	94	5	1	1	0.1199805858	84.84369857	15.15589505	0.0004063798622				0	63.38009805	36.61990195	63.58724882	36.41275118	0				-502.9840509	0.1199805858	NaN	
502.8240509	94	5	1	1	0.1199805858	84.84369857	15.15589505	0.0004063798622				0	63.38009805	36.61990195	63.58724882	36.41275118	0				-502.8240509	0.1199805858	NaN	
502.6640509	94	5	1	1	0.1199805858	84.84369857	15.15589505	0.0004063798622				0	63.38009805	36.61990195	63.58724882	36.41275118	0				-502.6640509	0.1199805858	NaN	
502.5040509	94	5	1	1	0.1199805858	84.84369857	15.15589505	0.0004063798622				0	63.38009805	36.61990195	63.58724882	36.41275118	0				-502.5040509	0.1199805858	NaN	
502.3440509	94	5	1	1	0.1199805858	84.84369857	15.15589505	0.0004063798622				0	63.38009805	36.61990195	63.58724882	36.41275118	0				-502.3440509	0.1199805858	NaN	
502.1840509	94	5	1	1	0.1199805858	84.84369857	15.15589505	0.0004063798622				0	63.38009805	36.61990195	63.58724882	36.41275118	0				-502.1840509	0.1199805858	NaN	
502.0240509	94	5	1	1	0.1199805858	84.84369857	15.15589505	0.0004063798622				0	63.38009805	36.61990195	63.58724882	36.41275118	0				-502.0240509	0.1199805858	NaN	
501.8640509	94	5	1	1	0.1199805858	84.84369857	15.15589505	0.0004063798622				0	63.38009805	36.61990195	63.58724882	36.41275118	0				-501.8640509	0.1199805858	NaN	
501.7040509	94	5	1	1	0.1199805858	84.84369857	15.15589505	0.0004063798622				0	63.38009805	36.61990195	63.58724882	36.41275118	0				-501.7040509	0.1199805858	NaN	
501.5440509	94	5	1	1	0.1199805858	84.84369857	15.15589505	0.0004063798622				0	63.38009805	36.61990195	63.58724882	36.41275118	0				-501.5440509	0.1199805858	NaN	
501.3840509	94	5	1	1	0.1199805858	84.84369857	15.15589505	0.0004063798622				0	63.38009805	36.61990195	63.58724882	36.41275118	0				-501.3840509	0.1199805858	NaN	
501.2240509	94	5	1	1	0.1199805858	84.84369857	15.15589505	0.0004063798622				0	63.38009805	36.61990195	63.58724882	36.41275118	0				-501.2240509	0.1199805858	NaN	
501.0640509	94	5	1	1	0.1199805858	84.84369857	15.15589505	0.0004063798622				0	63.38009805	36.61990195	63.58724882	36.41275118	0				-501.0640509	0.1199805858	NaN	
500.9040509	94	5	1	1	0.1199805858	84.84369857	15.15589505	0.0004063798622				0	63.38009805	36.61990195	63.58724882	36.41275118	0				-500.9040509	0.1199805858	NaN	
500.7440509	94	5	1	1	0.1199805858	84.84369857	15.15589505	0.0004063798622				0	63.38009805	36.61990195	63.58724882	36.41275118	0				-500.7440509	0.1199805858	NaN	
500.5840509	94	5	1	1	0.1199805858	84.84369857	15.15589505	0.0004063798622				0	63.38009805	36.61990195	63.58724882	36.41275118	0				-500.5840509	0.1199805858	NaN	
500.4240509	94	5	1	1	0.1199805858	84.84369857	15.15589505	0.0004063798622				0	63.38009805	36.61990195	63.58724882	36.41275118	0				-500.4240509	0.1199805858	NaN	
500.2640509	94	5	1	1	0.1199805858	84.84369857	15.15589505	0.0004063798622				0	63.38009805	36.61990195	63.58724882	36.41275118	0				-500.2640509	0.1199805858	NaN	
500.1040509	94	5	1	1	0.1199805858	84.84369857	15.15589505	0.0004063798622				0	63.38009805	36.61990195	63.58724882	36.41275118	0				-500.1040509	0.1199805858	NaN	
499.9440509	94	5	1	1	0.1199805858	84.84369857	15.15589505	0.0004063798622				0	63.38009805	36.61990195	63.58724882	36.41275118	0				-499.9440509	0.1199805858	NaN	
499.7840509	94	5	1	1	0.1199805858	84.84369857	15.15589505	0.0004063798622				0	63.38009805	36.61990195	63.58724882	36.41275118	0				-499.7840509	0.1199805858	NaN	
499.6240509	94	5	1	1	0.1199805858	84.84369857	15.15589505	0.0004063798622				0	63.38009805	36.61990195	63.58724882	36.41275118	0				-499.6240509	0.1199805858	NaN	
499.4640509	94	5	1	1	0.1199805858	84.84369857	15.15589505	0.0004063798622				0	63.38009805	36.61990195	63.58724882	36.41275118	0				-499.4640509	0.1199805858	NaN	
499.3040509	94	5	1	1	0.1199805858	84.84369857	15.15589505	0.0004063798622				0	63.38009805	36.61990195	63.58724882	36.41275118	0				-499.3040509	0.1199805858	NaN	
499.1440509	94	5	1	1	0.1199805858	84.84369857	15.15589505	0.0004063798622				0	63.38009805	36.61990195	63.58724882	36.41275118	0				-499.1440509	0.1199805858	NaN	
498.9840509	94	5	1	1	0.1199805858	84.84369857	15.15589505	0.0004063798622				0	63.38009805	36.61990195	63.58724882	36.41275118	0				-498.9840509	0.1199805858	NaN	
498.8240509	94	5	1	1	0.1199805858	84.84369857	15.15589505	0.0004063798622				0	63.38009805	36.61990195	63.58724882	36.41275118	0				-498.8240509	0.1199805858	NaN	
498.6640509	94	5	1	1	0.1199805858	84.84369857	15.15589505	0.0004063798622				0	63.38009805	36.61990195	63.58724882	36.41275118	0				-498.6640509	0.1199805858	NaN	
498.5040509	94	5	1	1	0.1199805858	84.84369857	15.15589505	0.0004063798622				0	63.38009805	36.61990195	63.58724882	36.41275118	0				-498.5040509	0.1199805858	NaN	
498.3440509	94	5	1	1	0.1199805858	84.84369857	15.15589505	0.0004063798622				0	63.38009805	36.61990195	63.58724882	36.41275118	0				-498.3440509	0.1199805858	NaN	
498.1840509	94	5	1	1	0.1199805858	84.84369857	15.15589505	0.0004063798622				0	63.38009805	36.61990195	63.58724882	36.41275118	0				-498.1840509	0.1199805858	NaN	
498.0240509	94	5	1	1	0.1199805858	84.84369857	15.15589505	0.0004063798622				0	63.38009805	36.61990195	63.58724882	36.41275118	0				-498.0240509	0.1199805858	NaN	
497.8640509	94	5	1	1	0.1199805858	84.84369857	15.15589505	0.0004063798622				0	63.38009805	36.61990195	63.58724882	36.41275118	0				-497.8640509	0.1199805858	NaN	
497.7040509	94	5	1	1	0.1199805858	84.84369857	15.15589505	0.0004063798622				0	63.38009805	36.61990195	63.58724882	36.41275118	0				-497.7040509	0.1199805858	NaN	
497.5440509	94	5	1	1	0.1199805858	84.84369857	15.15589505	0.0004063798622				0	63.38009805	36.61990195	63.58724882	36.41275118	0				-497.5440509	0.1199805858	NaN	
497.3840509	94	5	1	1	0.1199805858	84.84369857	15.15589505	0.0004063798622				0	63.38009805	36.61990195	63.58724882	36.41275118	0				-497.3840509	0.1199805858	NaN	
497.2240509	94	5	1	1	0.1199805858	84.84369857	15.15589505	0.0004063798622				0	63.38009805	36.61990195	63.58724882	36.41275118	0				-497.2240509	0.1199805858	NaN	
497.0640509	94	5	1	1	0.1199805858	84.84369857	15.15589505	0.0004063798622				0	63.38009805	36.61990195	63.58724882	36.41275118	0				-497.0640509	0.1199805858	NaN	
496.9040509	94	5	1	1	0.1199805858	84.84369857	15.15589505	0.0004063798622				0	63.38009805	36.61990195	63.58724882	36.41275118	0				-496.9040509	0.1199805858	NaN	
496.7440509	94	5	1	1	0.1199805858	84.84369857	15.15589505	0.0004063798622				0	63.38009805	36.61990195	63.58724882	36.41275118	0				-496.7440509	0.1199805858	NaN	
496.5840509	94	5	1	1	0.1199805858	84.84369857	15.15589505	0.0004063798622				0	63.38009805	36.61990195	63.58724882	36.41275118	0				-496.5840509	0.1199805858	NaN	
496.4240509	94	5	1	1	0.1199805858	84.84369857	15.15589505	0.0004063798622				0	63.38009805	36.61990195	63.58724882	36.41275118	0				-496.4240509	0.1199805858	NaN	
496.2640509	94	5	1	1	0.1199805858	84.84369857	15.15589505	0.0004063798622				0	63.38009805	36.61990195	63.58724882	36.41275118	0				-496.2640509	0.1199805858	NaN	
496.1040509	94	5	1	1	0.1199805858	84.84369857	15.15589505	0.0004063798622				0	63.38009805	36.61990195	63.58724882	36.41275118	0				-496.1040509	0.1199805858	NaN	
495.9440509	94	5	1	1	0.1199805858	84.84369857	15.15589505	0.0004063798622				0	63.38009805	36.61990195	63.58724882	36.41275118	0				-495.9440509	0.1199805858	NaN	
495.7840509	94	5	1	1	0.1199805858	84.84369857	15.15589505	0.0004063798622				0	63.38009805	36.61990195	63.58724882	36.41275118	0				-495.7840509	0.1199805858	NaN	
495.6240509	94	5	1	1	0.1199805858	84.84369857	15.15589505	0.0004063798622				0	63.38009805	36.61990195	63.58724882	36.41275118	0				-495.6240509	0.1199805858	NaN	
495.4640509	94	5	1	1	0.1199805858	84.84369857	15.15589505	0.0004063798622				0	63.38009805	36.61990195	63.58724882	36.41275118	0				-495.4640509	0.1199805858	NaN	
495.3040509	94	5	1	1	0.1199805858	84.84369857	15.15589505	0.0004063798622				0	63.38009805	36.61990195	63.58724882	36.41275118	0				-495.3040509	0.1199805858	NaN	
495.1440509	94	5	1	1	0.1199805858	84.84369857	15.15589505	0.0004063798622				0	63.38009805	36.61990195	63.58724882	36.41275118	0				-495.1440509	0.1199805858	NaN	
494.9840509	94	5	1	1	0.1199805858	84.84369857	15.15589505	0.0004063798622				0	63.38009805	36.61990195	63.58724882	36.41275118	0				-494.9840509	0.1199805858	NaN	
494.8240509	94	5	1	1	0.1199805858	84.84369857	15.15589505	0.0004063798622				0	63.38009805	36.61990195	63.58724882	36.41275118	0				-494.8240509	0.1199805858	NaN	
494.6640509	94	5	1	1	0.1199805858	84.84369857	15.15589505	0.0004063798622				0	63.38009805	36.61990195	63.58724882	36.41275118	0				-494.6640509	0.1199805858	NaN	
494.5040509	94	5	1	1	0.1199805858	84.84369857	15.15589505	0.0004063798622				0	63.38009805	36.61990195	63.58724882	36.41275118	0				-494.5040509	0.1199805858	NaN	
494.3440509	94	5	1	1	0.1199805858	84.84369857	15.15589505	0.0004063798622				0	63.38009805	36.61990195	63.58724882	36.41275118	0				-494.3440509	0.1199805858	NaN	
494.1840509	94	5	1	1	0.1199805858	84.84369857	15.15589505	0.0004063798622				0	63.38009805	36.61990195	63.58724882	36.41275118	0				-494.1840509	0.1199805858	NaN	
494.0240509	94	5	1	1	0.1199805858	84.84369857	15.15589505	0.0004063798622				0	63.38009805	36.61990195	63.58724882	36.41275118	0				-494.0240509	0.1199805858	NaN	
493.8640509	94	5	1	1	0.1199805858	84.84369857	15.15589505	0.0004063798622				0	63.38009805	36.61990195	63.58724882	36.41275118	0				-493.8640509	0.1199805858	NaN	
493.7040509	94	5	1	1	0.1199805858	84.84369857	15.15589505	0.0004063798622				0	63.38009805	36.61990195	63.58724882	36.41275118	0				-493.7040509	0.1199805858	NaN	
493.5440509	94	5	1	1	0.1199805858	84.84369857	15.15589505	0.0004063798622				0	63.38009805	36.61990195	63.58724882	36.41275118	0				-493.5440509	0.1199805858	NaN	
493.3840509	94	5	1	1	0.1199805858	84.84369857	15.15589505	0.0004063798622				0	63.38009805	36.61990195	63.58724882	36.41275118	0				-493.3840509	0.1199805858	NaN	
493.2240509	94	5	1	1	0.1199805858	84.84369857	15.15589505	0.0004063798622				0	63.38009805	36.61990195	63.58724882	36.41275118	0				-493.2240509	0.1199805858	NaN	
493.0640509	94	5	1	1	0.1199805858	84.84369857	15.15589505	0.0004063798622				0	63.38009805	36.61990195	63.58724882	36.41275118	0				-493.0640509	0.1199805858	NaN	
492.9040509	94	5	1	1	0.1199805858	84.84369857	15.15589505	0.0004063798622				0	63.38009805	36.61990195	63.58724882	36.41275118	0				-492.9040509	0.1199805858	NaN	
492.7440509	94	5	1	1	0.1199805858	84.84369857	15.15589505	0.0004063798622				0	63.38009805	36.61990195	63.58724882	36.41275118	0				-492.7440509	0.1199805858	NaN	
492.5840509	94	5	1	1	0.1199805858	84.84369857	15.15589505	0.0004063798622				0	63.38009805	36.61990195	63.58724882	36.41275118	0				-492.5840509	0.1199805858	NaN	
492.4240509	94	5	1	1	0.1199805858	84.84369857	15.15589505	0.0004063798622				0	63.38009805	36.61990195	63.58724882	36.41275118	0				-492.4240509	0.1199805858	NaN	
492.2640509	94	5	1	1	0.1199805858	84.84369857	15.15589505	0.0004063798622				0	63.38009805	36.61990195	63.58724882	36.41275118	0				-492.2640509	0.1199805858	NaN	
492.1040509	94	5	1	1	0.1199805858	84.84369857	15.15589505	0.0004063798622				0	63.38009805	36.61990195	63.58724882	36.41275118	0				-492.1040509	0.1199805858	NaN	
491.9440509	94	5	1	1	0.1199805858	84.84369857	15.15589505	0.0004063798622				0	63.38009805	36.61990195	63.58724882	36.41275118	0				-491.9440509	0.1199805858	NaN	
491.7840509	94	5	1	1	0.1199805858	84.84369857	15.15589505	0.0004063798622				0	63.38009805	36.61990195	63.58724882	36.41275118	0				-491.7840509	0.1199805858	NaN	
491.6240509	94	5	1	1	0.1199805858	84.84369857	15.15589505	0.0004063798622				0	63.38009805	36.61990195	63.58724882	36.41275118	0				-491.6240509	0.1199805858	NaN	
491.4640509	94	5	1	1	0.1199805858	84.84369857	15.15589505	0.0004063798622				0	63.38009805	36.61990195	63.58724882	36.41275118	0				-491.4640509	0.1199805858	NaN	
491.3040509	94	5	1	1	0.1199805858	84.84369857	15.15589505	0.0004063798622				0	63.38009805	36.61990195	63.58724882	36.41275118	0				-491.3040509	0.1199805858	NaN	
491.1440509	94	5	1	1	0.1199805858	84.84369857	15.15589505	0.0004063798622				0	63.38009805	36.61990195	63.58724882	36.41275118	0				-491.1440509	0.1199805858	NaN	
490.9840509	94	5	1	1	0.1199805858	84.84369857	15.15589505	0.0004063798622				0	63.38009805	36.61990195	63.58724882	36.41275118	0				-490.9840509	0.1199805858	NaN	
490.8240509	94	5	1	1	0.1199805858	84.84369857	15.15589505	0.0004063798622				0	63.38009805	36.61990195	63.58724882	36.41275118	0				-490.8240509	0.1199805858	NaN	
490.6640509	94	5	1	1	0.1199805858	84.84369857	15.15589505	0.0004063798622				0	63.38009805	36.61990195	63.58724882	36.41275118	0				-490.6640509	0.1199805858	NaN	
490.5040509	94	5	1	1	0.1199805858	84.84369857	15.15589505	0.0004063798622				0	63.38009805	36.61990195	63.58724882	36.41275118	0				-490.5040509	0.1199805858	NaN	
490.3440509	94	5	1	1	0.1199805858	84.84369857	15.15589505	0.0004063798622				0	63.38009805	36.61990195	63.58724882	36.41275118	0				-490.3440509	0.1199805858	NaN	
490.1840509	94	5	1	1	0.1199805858	84.84369857	15.15589505	0.0004063798622				0	63.38009805	36.61990195	63.58724882	36.41275118	0				-490.1840509	0.1199805858	NaN	
490.0240509	94	5	1	1	0.1199805858	84.84369857	15.15589505	0.0004063798622				0	63.38009805	36.61990195	63.58724882	36.41275118	0				-490.0240509	0.1199805858	NaN	
489.8640509	94	5	1	1	0.1199805858	84.84369857	15.15589505	0.0004063798622				0	63.38009805	36.61990195	63.58724882	36.41275118	0				-489.8640509	0.1199805858	NaN	
489.7040509	94	5	1	1	0.1199805858	84.84369857	15.15589505	0.0004063798622				0	63.38009805	36.61990195	63.58724882	36.41275118	0				-489.7040509	0.1199805858	NaN	
489.5440509	94	5	1	1	0.1199805858	84.84369857	15.15589505	0.0004063798622				0	63.38009805	36.61990195	63.58724882	36.41275118	0				-489.5440509	0.1199805858	NaN	
489.3840509	94	5	1	1	0.1199805858	84.84369857	15.15589505	0.0004063798622				0	63.38009805	36.61990195	63.58724882	36.41275118	0				-489.3840509	0.1199805858	NaN	
489.2240509	94	5	1	1	0.1199805858	84.84369857	15.15589505	0.0004063798622				0	63.38009805	36.61990195	63.58724882	36.41275118	0				-489.2240509	0.1199805858	NaN	
489.0640509	94	5	1	1	0.1199805858	84.84369857	15.15589505	0.0004063798622				0	63.38009805	36.61990195	63.58724882	36.41275118	0				-489.0640509	0.1199805858	NaN	
488.9040509	94	5	1	1	0.1199805858	84.84369857	15.15589505	0.0004063798622				0	63.38009805	36.61990195	63.58724882	36.41275118	0				-488.9040509	0.1199805858	NaN	
488.7440509	94	5	1	1	0.1199805858	84.84369857	15.15589505	0.0004063798622				0	63.38009805	36.61990195	63.58724882	36.41275118	0				-488.7440509	0.1199805858	NaN	
488.5840509	94	5	1	1	0.1199805858	84.84369857	15.15589505	0.0004063798622				0	63.38009805	36.61990195	63.58724882	36.41275118	0				-488.5840509	0.1199805858	NaN	
488.4240509	94	5	1	1	0.1199805858	84.84369857	15.15589505	0.0004063798622				0	63.38009805	36.61990195	63.58724882	36.41275118	0				-488.4240509	0.1199805858	NaN	
488.2640509	94	5	1	1	0.1199805858	84.84369857	15.15589505	0.0004063798622				0	63.38009805	36.61990195	63.58724882	36.41275118	0				-488.2640509	0.1199805858	NaN	
488.1040509	94	5	1	1	0.1199805858	84.84369857	15.15589505	0.0004063798622				0	63.38009805	36.61990195	63.58724882	36.41275118	0				-488.1040509	0.1199805858	NaN	
487.9440509	94	5	1	1	0.1199805858	84.84369857	15.15589505	0.0004063798622				0	63.38009805	36.61990195	63.58724882	36.41275118	0				-487.9440509	0.1199805858	NaN	
487.7840509	94	5	1	1	0.1199805858	84.84369857	15.15589505	0.0004063798622				0	63.38009805	36.61990195	63.58724882	36.41275118	0				-487.7840509	0.1199805858	NaN	
487.6240509	94	5	1	1	0.1199805858	84.84369857	15.15589505	0.0004063798622				0	63.38009805	36.61990195	63.58724882	36.41275118	0				-487.6240509	0.1199805858	NaN	
487.4640509	94	5	1	1	0.1199805858	84.84369857	15.15589505	0.0004063798622				0	63.38009805	36.61990195	63.58724882	36.41275118	0				-487.4640509	0.1199805858	NaN	
487.3040509	94	5	1	1	0.1199805858	84.84369857	15.15589505	0.0004063798622				0	63.38009805	36.61990195	63.58724882	36.41275118	0				-487.3040509	0.1199805858	NaN	
487.1440509	94	5	1	1	0.1199805858	84.84369857	15.15589505	0.0004063798622				0	63.38009805	36.61990195	63.58724882	36.41275118	0				-487.1440509	0.1199805858	NaN	
486.9840509	94	5	1	1	0.1199805858	84.84369857	15.15589505	0.0004063798622				0	63.38009805	36.61990195	63.58724882	36.41275118	0				-486.9840509	0.1199805858	NaN	
486.8240509	94	5	1	1	0.1199805858	84.84369857	15.15589505	0.0004063798622				0	63.38009805	36.61990195	63.58724882	36.41275118	0				-486.8240509	0.1199805858	NaN	
486.6640509	94	5	1	1	0.1199805858	84.84369857	15.15589505	0.0004063798622				0	63.38009805	36.61990195	63.58724882	36.41275118	0				-486.6640509	0.1199805858	NaN	
486.5040509	94	5	1	1	0.1199805858	84.84369857	15.15589505	0.0004063798622				0	63.38009805	36.61990195	63.58724882	36.41275118	0				-486.5040509	0.1199805858	NaN	
486.3440509	94	5	1	1	0.1199805858	84.84369857	15.15589505	0.0004063798622				0	63.38009805	36.61990195	63.58724882	36.41275118	0				-486.3440509	0.1199805858	NaN	
486.1840509	94	5	1	1	0.1199805858	84.84369857	15.15589505	0.0004063798622				0	63.38009805	36.61990195	63.58724882	36.41275118	0				-486.1840509	0.1199805858	NaN	
486.0240509	94	5	1	1	0.1199805858	84.84369857	15.15589505	0.0004063798622				0	63.38009805	36.61990195	63.58724882	36.41275118	0				-486.0240509	0.1199805858	NaN	
485.8640509	94	5	1	1	0.1199805858	84.84369857	15.15589505	0.0004063798622				0	63.38009805	36.61990195	63.58724882	36.41275118	0				-485.8640509	0.1199805858	NaN	
485.7040509	94	5	1	1	0.1199805858	84.84369857	15.15589505	0.0004063798622				0	63.38009805	36.61990195	63.58724882	36.41275118	0				-485.7040509	0.1199805858	NaN	
485.5440509	94	5	1	1	0.1199805858	84.84369857	15.15589505	0.0004063798622				0	63.38009805	36.61990195	63.58724882	36.41275118	0				-485.5440509	0.1199805858	NaN	
485.3840509	94	5	1	1	0.1199805858	84.84369857	15.15589505	0.0004063798622				0	63.38009805	36.61990195	63.58724882	36.41275118	0				-485.3840509	0.1199805858	NaN	
485.2240509	94	5	1	1	0.1199805858	84.84369857	15.15589505	0.0004063798622				0	63.38009805	36.61990195	63.58724882	36.41275118	0				-485.2240509	0.1199805858	NaN	
485.0640509	94	5	1	1	0.1199805858	84.84369857	15.15589505	0.0004063798622				0	63.38009805	36.61990195	63.58724882	36.41275118	0				-485.0640509	0.1199805858	NaN	
484.9040509	94	5	1	1	0.1199805858	84.84369857	15.15589505	0.0004063798622				0	63.38009805	36.61990195	63.58724882	36.41275118	0				-484.9040509	0.1199805858	NaN	
484.7440509	94	5	1	1	0.1199805858	84.84369857	15.15589505	0.0004063798622				0	63.38009805	36.61990195	63.58724882	36.41275118	0				-484.7440509	0.1199805858	NaN	
484.5840509	94	5	1	1	0.1199805858	84.84369857	15.15589505	0.0004063798622				0	63.38009805	36.61990195	63.58724882	36.41275118	0				-484.5840509	0.1199805858	NaN	
484.4240509	94	5	1	1	0.1199805858	84.84369857	15.15589505	0.0004063798622				0	63.38009805	36.61990195	63.58724882	36.41275118	0				-484.4240509	0.1199805858	NaN	
484.2640509	94	5	1	1	0.1199805858	84.84369857	15.15589505	0.0004063798622				0	63.38009805	36.61990195	63.58724882	36.41275118	0				-484.2640509	0.1199805858	NaN	
484.1040509	94	5	1	1	0.1199805858	84.84369857	15.15589505	0.0004063798622				0	63.38009805	36.61990195	63.58724882	36.41275118	0				-484.1040509	0.1199805858	NaN	
483.9440509	94	5	1	1	0.1199805858	84.84369857	15.15589505	0.0004063798622				0	63.38009805	36.61990195	63.58724882	36.41275118	0				-483.9440509	0.1199805858	NaN	
483.7840509	94	5	1	1	0.1199805858	84.84369857	15.15589505	0.0004063798622				0	63.38009805	36.61990195	63.58724882	36.41275118	0				-483.7840509	0.1199805858	NaN	
483.6240509	94	5	1	1	0.1199805858	84.84369857	15.15589505	0.0004063798622				0	63.38009805	36.61990195	63.58724882	36.41275118	0				-483.6240509	0.1199805858	NaN	
483.4640509	94	5	1	1	0.1199805858	84.84369857	15.15589505	0.0004063798622				0	63.38009805	36.61990195	63.58724882	36.41275118	0				-483.4640509	0.1199805858	NaN	
483.3040509	94	5	1	1	0.1199805858	84.84369857	15.15589505	0.0004063798622				0	63.38009805	36.61990195	63.58724882	36.41275118	0				-483.3040509	0.1199805858	NaN	
483.1440509	94	5	1	1	0.1199805858	84.84369857	15.15589505	0.0004063798622				0	63.38009805	36.61990195	63.58724882	36.41275118	0				-483.1440509	0.1199805858	NaN	
482.9840509	94	5	1	1	0.1199805858	84.84369857	15.15589505	0.0004063798622				0	63.38009805	36.61990195	63.58724882	36.41275118	0				-482.9840509	0.1199805858	NaN	
482.8240509	94	5	1	1	0.1199805858	84.84369857	15.15589505	0.0004063798622				0	63.38009805	36.61990195	63.58724882	36.41275118	0				-482.8240509	0.1199805858	NaN	
482.6640509	94	5	1	1	0.1199805858	84.84369857	15.15589505	0.0004063798622				0	63.38009805	36.61990195	63.58724882	36.41275118	0				-482.6640509	0.1199805858	NaN	
482.5040509	94	5	1	1	0.1199805858	84.84369857	15.15589505	0.0004063798622				0	63.38009805	36.61990195	63.58724882	36.41275118	0				-482.5040509	0.1199805858	NaN	
482.3440509	94	5	1	1	0.1199805858	84.84369857	15.15589505	0.0004063798622				0	63.38009805	36.61990195	63.58724882	36.41275118	0				-482.3440509	0.1199805858	NaN	
482.1840509	94	5	1	1	0.1199805858	84.84369857	15.15589505	0.0004063798622				0	63.38009805	36.61990195	63.58724882	36.41275118	0				-482.1840509	0.1199805858	NaN	
482.0240509	94	5	1	1	0.1199805858	84.84369857	15.15589505	0.0004063798622				0	63.38009805	36.61990195	63.58724882	36.41275118	0				-482.0240509	0.1199805858	NaN	
481.8640509	94	5	1	1	0.1199805858	84.84369857	15.15589505	0.0004063798622				0	63.38009805	36.61990195	63.58724882	36.41275118	0				-481.8640509	0.1199805858	NaN	
481.7040509	94	5	1	1	0.1199805858	84.84369857	15.15589505	0.0004063798622				0	63.38009805	36.61990195	63.58724882	36.41275118	0				-481.7040509	0.1199805858	NaN	
481.5440509	94	5	1	1	0.1199805858	84.84369857	15.15589505	0.0004063798622				0	63.38009805	36.61990195	63.58724882	36.41275118	0				-481.5440509	0.1199805858	NaN	
481.3840509	94	5	1	1	0.1199805858	84.84369857	15.15589505	0.0004063798622				0	63.38009805	36.61990195	63.58724882	36.41275118	0				-481.3840509	0.1199805858	NaN	
481.2240509	94	5	1	1	0.1199805858	84.84369857	15.15589505	0.0004063798622				0	63.38009805	36.61990195	63.58724882	36.41275118	0				-481.2240509	0.1199805858	NaN	
481.0640509	94	5	1	1	0.1199805858	84.84369857	15.15589505	0.0004063798622				0	63.38009805	36.61990195	63.58724882	36.41275118	0				-481.0640509	0.1199805858	NaN	
480.9040509	94	5	1	1	0.1199805858	84.84369857	15.15589505	0.0004063798622				0	63.38009805	36.61990195	63.58724882	36.41275118	0				-480.9040509	0.1199805858	NaN	
480.7440509	94	5	1	1	0.1199805858	84.84369857	15.15589505	0.0004063798622				0	63.38009805	36.61990195	63.58724882	36.41275118	0				-480.7440509	0.1199805858	NaN	
480.5840509	94	5	1	1	0.1199805858	84.84369857	15.15589505	0.0004063798622				0	63.38009805	36.61990195	63.58724882	36.41275118	0				-480.5840509	0.1199805858	NaN	
480.4240509	94	5	1	1	0.1199805858	84.84369857	15.15589505	0.0004063798622				0	63.38009805	36.61990195	63.58724882	36.41275118	0				-480.4240509	0.1199805858	NaN	
480.2640509	94	5	1	1	0.1199805858	84.84369857	15.15589505	0.0004063798622				0	63.38009805	36.61990195	63.58724882	36.41275118	0				-480.2640509	0.1199805858	NaN	
480.1040509	94	5	1	1	0.1199805858	84.84369857	15.15589505	0.0004063798622				0	63.38009805	36.61990195	63.58724882	36.41275118	0				-480.1040509	0.1199805858	NaN	
479.9440509	94	5	1	1	0.1199805858	84.84369857	15.15589505	0.0004063798622				0	63.38009805	36.61990195	63.58724882	36.41275118	0				-479.9440509	0.1199805858	NaN	
479.7840509	94	5	1	1	0.1199805858	84.84369857	15.15589505	0.0004063798622				0	63.38009805	36.61990195	63.58724882	36.41275118	0				-479.7840509	0.1199805858	NaN	
479.6240509	94	5	1	1	0.1199805858	84.84369857	15.15589505	0.0004063798622				0	63.38009805	36.61990195	63.58724882	36.41275118	0				-479.6240509	0.1199805858	NaN	
479.4640509	94	5	1	1	0.1199805858	84.84369857	15.15589505	0.0004063798622				0	63.38009805	36.61990195	63.58724882	36.41275118	0				-479.4640509	0.1199805858	NaN	
479.3040509	94	5	1	1	0.1199805858	84.84369857	15.15589505	0.0004063798622				0	63.38009805	36.61990195	63.58724882	36.41275118	0				-479.3040509	0.1199805858	NaN	
479.1440509	94	5	1	1	0.1199805858	84.84369857	15.15589505	0.0004063798622				0	63.38009805	36.61990195	63.58724882	36.41275118	0				-479.1440509	0.1199805858	NaN	
478.9840509	94	5	1	1	0.1199805858	84.84369857	15.15589505	0.0004063798622				0	63.38009805	36.61990195	63.58724882	36.41275118	0				-478.9840509	0.1199805858	NaN	
478.8240509	94	5	1	1	0.1199805858	84.84369857	15.15589505	0.0004063798622				0	63.38009805	36.61990195	63.58724882	36.41275118	0				-478.8240509	0.1199805858	NaN	
478.6640509	94	5	1	1	0.1199805858	84.84369857	15.15589505	0.0004063798622				0	63.38009805	36.61990195	63.58724882	36.41275118	0				-478.6640509	0.1199805858	NaN	
478.5040509	94	5	1	1	0.1199805858	84.84369857	15.15589505	0.0004063798622				0	63.38009805	36.61990195	63.58724882	36.41275118	0				-478.5040509	0.1199805858	NaN	
478.3440509	94	5	1	1	0.1199805858	84.84369857	15.15589505	0.0004063798622				0	63.38009805	36.61990195	63.58724882	36.41275118	0				-478.3440509	0.1199805858	NaN	
478.1840509	94	5	1	1	0.1199805858	84.84369857	15.15589505	0.0004063798622				0	63.38009805	36.61990195	63.58724882	36.41275118	0				-478.1840509	0.1199805858	NaN	
478.0240509	94	5	1	1	0.1199805858	84.84369857	15.15589505	0.0004063798622				0	63.38009805	36.61990195	63.58724882	36.41275118	0				-478.0240509	0.1199805858	NaN	
477.8640509	94	5	1	1	0.1199805858	84.84369857	15.15589505	0.0004063798622				0	63.38009805	36.61990195	63.58724882	36.41275118	0				-477.8640509	0.1199805858	NaN	
477.7040509	94	5	1	1	0.1199805858	84.84369857	15.15589505	0.0004063798622				0	63.38009805	36.61990195	63.58724882	36.41275118	0				-477.7040509	0.1199805858	NaN	
477.5440509	94	5	1	1	0.1199805858	84.84369857	15.15589505	0.0004063798622				0	63.38009805	36.61990195	63.58724882	36.41275118	0				-477.5440509	0.1199805858	NaN	
477.3840509	94	5	1	1	0.1199805858	84.84369857	15.15589505	0.0004063798622				0	63.38009805	36.61990195	63.58724882	36.41275118	0				-477.3840509	0.1199805858	NaN	
477.2240509	94	5	1	1	0.1199805858	84.84369857	15.15589505	0.0004063798622				0	63.38009805	36.61990195	63.58724882	36.41275118	0				-477.2240509	0.1199805858	NaN	
477.0640509	94	5	1	1	0.1199805858	84.84369857	15.15589505	0.0004063798622				0	63.38009805	36.61990195	63.58724882	36.41275118	0				-477.0640509	0.1199805858	NaN	
476.9040509	94	5	1	1	0.1199805858	84.84369857	15.15589505	0.0004063798622				0	63.38009805	36.61990195	63.58724882	36.41275118	0				-476.9040509	0.1199805858	NaN	
476.7440509	94	5	1	1	0.1199805858	84.84369857	15.15589505	0.0004063798622				0	63.38009805	36.61990195	63.58724882	36.41275118	0				-476.7440509	0.1199805858	NaN	
476.5840509	94	5	1	1	0.1199805858	84.84369857	15.15589505	0.0004063798622				0	63.38009805	36.61990195	63.58724882	36.41275118	0				-476.5840509	0.1199805858	NaN	
476.4240509	94	5	1	1	0.1199805858	84.84369857	15.15589505	0.0004063798622				0	63.38009805	36.61990195	63.58724882	36.41275118	0				-476.4240509	0.1199805858	NaN	
476.2640509	94	5	1	1	0.1199805858	84.84369857	15.15589505	0.0004063798622				0	63.38009805	36.61990195	63.58724882	36.41275118	0				-476.2640509	0.1199805858	NaN	
476.1040509	94	5	1	1	0.1199805858	84.84369857	15.15589505	0.0004063798622				0	63.38009805	36.61990195	63.58724882	36.41275118	0				-476.1040509	0.1199805858	NaN	
475.9440509	94	5	1	1	0.1199805858	84.84369857	15.15589505	0.0004063798622				0	63.38009805	36.61990195	63.58724882	36.41275118	0				-475.9440509	0.1199805858	NaN	
475.7840509	94	5	1	1	0.1199805858	84.84369857	15.15589505	0.0004063798622				0	63.38009805	36.61990195	63.58724882	36.41275118	0				-475.7840509	0.1199805858	NaN	
475.6240509	94	5	1	1	0.1199805858	84.84369857	15.15589505	0.0004063798622				0	63.38009805	36.61990195	63.58724882	36.41275118	0				-475.6240509	0.1199805858	NaN	
475.4640509	94	5	1	1	0.1199805858	84.84369857	15.15589505	0.0004063798622				0	63.38009805	36.61990195	63.58724882	36.41275118	0				-475.4640509	0.1199805858	NaN	
475.3040509	94	5	1	1	0.1199805858	84.84369857	15.15589505	0.0004063798622				0	63.38009805	36.61990195	63.58724882	36.41275118	0				-475.3040509	0.1199805858	NaN	
475.1440509	94	5	1	1	0.1199805858	84.84369857	15.15589505	0.0004063798622				0	63.38009805	36.61990195	63.58724882	36.41275118	0				-475.1440509	0.1199805858	NaN	
474.9840509	94	5	1	1	0.1199805858	84.84369857	15.15589505	0.0004063798622				0	63.38009805	36.61990195	63.58724882	36.41275118	0				-474.9840509	0.1199805858	NaN	
474.8240509	94	5	1	1	0.1199805858	84.84369857	15.15589505	0.0004063798622				0	63.38009805	36.61990195	63.58724882	36.41275118	0				-474.8240509	0.1199805858	NaN	
474.6640509	94	5	1	1	0.1199805858	84.84369857	15.15589505	0.0004063798622				0	63.38009805	36.61990195	63.58724882	36.41275118	0				-474.6640509	0.1199805858	NaN	
474.5040509	94	5	1	1	0.1199805858	84.84369857	15.15589505	0.0004063798622				0	63.38009805	36.61990195	63.58724882	36.41275118	0				-474.5040509	0.1199805858	NaN	
474.3440509	94	5	1	1	0.1199805858	84.84369857	15.15589505	0.0004063798622				0	63.38009805	36.61990195	63.58724882	36.41275118	0				-474.3440509	0.1199805858	NaN	
474.1840509	94	5	1	1	0.1199805858	84.84369857	15.15589505	0.0004063798622				0	63.38009805	36.61990195	63.58724882	36.41275118	0				-474.1840509	0.1199805858	NaN	
474.0240509	94	5	1	1	0.1199805858	84.84369857	15.15589505	0.0004063798622				0	63.38009805	36.61990195	63.58724882	36.41275118	0				-474.0240509	0.1199805858	NaN	
473.8640509	94	5	1	1	0.1199805858	84.84369857	15.15589505	0.0004063798622				0	63.38009805	36.61990195	63.58724882	36.41275118	0				-473.8640509	0.1199805858	NaN	
473.7040509	94	5	1	1	0.1199805858	84.84369857	15.15589505	0.0004063798622				0	63.38009805	36.61990195	63.58724882	36.41275118	0				-473.7040509	0.1199805858	NaN	
473.5440509	94	5	1	1	0.1199805858	84.84369857	15.15589505	0.0004063798622				0	63.38009805	36.61990195	63.58724882	36.41275118	0				-473.5440509	0.1199805858	NaN	
473.3840509	94	5	1	1	0.1199805858	84.84369857	15.15589505	0.0004063798622				0	63.38009805	36.61990195	63.58724882	36.41275118	0				-473.3840509	0.1199805858	NaN	
473.2240509	94	5	1	1	0.1199805858	84.84369857	15.15589505	0.0004063798622				0	63.38009805	36.61990195	63.58724882	36.41275118	0				-473.2240509	0.1199805858	NaN	
473.0640509	94	5	1	1	0.1199805858	84.84369857	15.15589505	0.0004063798622				0	63.38009805	36.61990195	63.58724882	36.41275118	0				-473.0640509	0.1199805858	NaN	
472.9040509	94	5	1	1	0.1199805858	84.84369857	15.15589505	0.0004063798622				0	63.38009805	36.61990195	63.58724882	36.41275118	0				-472.9040509	0.1199805858	NaN	
472.7440509	94	5	1	1	0.1199805858	84.84369857	15.15589505	0.0004063798622				0	63.38009805	36.61990195	63.58724882	36.41275118	0				-472.7440509	0.1199805858	NaN	
472.5840509	94	5	1	1	0.1199805858	84.84369857	15.15589505	0.0004063798622				0	63.38009805	36.61990195	63.58724882	36.41275118	0				-472.5840509	0.1199805858	NaN	
472.4240509	94	5	1	1	0.1199805858	84.84369857	15.15589505	0.0004063798622				0	63.38009805	36.61990195	63.58724882	36.41275118	0				-472.4240509	0.1199805858	NaN	
472.2640509	94	5	1	1	0.1199805858	84.84369857	15.15589505	0.0004063798622				0	63.38009805	36.61990195	63.58724882	36.41275118	0				-472.2640509	0.1199805858	NaN	
472.1040509	94	5	1	1	0.1199805858	84.84369857	15.15589505	0.0004063798622				0	63.38009805	36.61990195	63.58724882	36.41275118	0				-472.1040509	0.1199805858	NaN	
471.9440509	94	5	1	1	0.1199805858	84.84369857	15.15589505	0.0004063798622				0	63.38009805	36.61990195	63.58724882	36.41275118	0				-471.9440509	0.1199805858	NaN	
471.7840509	94	5	1	1	0.1199805858	84.84369857	15.15589505	0.0004063798622				0	63.38009805	36.61990195	63.58724882	36.41275118	0				-471.7840509	0.1199805858	NaN	
471.6240509	94	5	1	1	0.1199805858	84.84369857	15.15589505	0.0004063798622				0	63.38009805	36.61990195	63.58724882	36.41275118	0				-471.6240509	0.1199805858	NaN	
471.4640509	94	5	1	1	0.1199805858	84.84369857	15.15589505	0.0004063798622				0	63.38009805	36.61990195	63.58724882	36.41275118	0				-471.4640509	0.1199805858	NaN	
471.3040509	94	5	1	1	0.1199805858	84.84369857	15.15589505	0.0004063798622				0	63.38009805	36.61990195	63.58724882	36.41275118	0				-471.3040509	0.1199805858	NaN	
471.1440509	94	5	1	1	0.1199805858	84.84369857	15.15589505	0.0004063798622				0	63.38009805	36.61990195	63.58724882	36.41275118	0				-471.1440509	0.1199805858	NaN	
470.9840509	94	5	1	1	0.1199805858	84.84369857	15.15589505	0.0004063798622				0	63.38009805	36.61990195	63.58724882	36.41275118	0				-470.9840509	0.1199805858	NaN	
470.8240509	94	5	1	1	0.1199805858	84.84369857	15.15589505	0.0004063798622				0	63.38009805	36.61990195	63.58724882	36.41275118	0				-470.8240509	0.1199805858	NaN	
470.6640509	94	5	1	1	0.1199805858	84.84369857	15.15589505	0.0004063798622				0	63.38009805	36.61990195	63.58724882	36.41275118	0				-470.6640509	0.1199805858	NaN	
470.5040509	94	5	1	1	0.1199805858	84.84369857	15.15589505	0.0004063798622				0	63.38009805	36.61990195	63.58724882	36.41275118	0				-470.5040509	0.1199805858	NaN	
470.3440509	94	5	1	1	0.1199805858	84.84369857	15.15589505	0.0004063798622				0	63.38009805	36.61990195	63.58724882	36.41275118	0				-470.3440509	0.1199805858	NaN	
470.1840509	94	5	1	1	0.1199805858	84.84369857	15.15589505	0.0004063798622				0	63.38009805	36.61990195	63.58724882	36.41275118	0				-470.1840509	0.1199805858	NaN	
470.0240509	94	5	1	1	0.1199805858	84.84369857	15.15589505	0.0004063798622				0	63.38009805	36.61990195	63.58724882	36.41275118	0				-470.0240509	0.1199805858	NaN	
469.8640509	94	5	1	1	0.1199805858	84.84369857	15.15589505	0.0004063798622				0	63.38009805	36.61990195	63.58724882	36.41275118	0				-469.8640509	0.1199805858	NaN	
469.7040509	94	5	1	1	0.1199805858	84.84369857	15.15589505	0.0004063798622				0	63.38009805	36.61990195	63.58724882	36.41275118	0				-469.7040509	0.1199805858	NaN	
469.5440509	94	5	1	1	0.1199805858	84.84369857	15.15589505	0.0004063798622				0	63.38009805	36.61990195	63.58724882	36.41275118	0				-469.5440509	0.1199805858	NaN	
469.3840509	94	5	1	1	0.1199805858	84.84369857	15.15589505	0.0004063798622				0	63.38009805	36.61990195	63.58724882	36.41275118	0				-469.3840509	0.1199805858	NaN	
469.2240509	94	5	1	1	0.1199805858	84.84369857	15.15589505	0.0004063798622				0	63.38009805	36.61990195	63.58724882	36.41275118	0				-469.2240509	0.1199805858	NaN	
469.0640509	94	5	1	1	0.1199805858	84.84369857	15.15589505	0.0004063798622				0	63.38009805	36.61990195	63.58724882	36.41275118	0				-469.0640509	0.1199805858	NaN	
468.9040509	94	5	1	1	0.1199805858	84.84369857	15.15589505	0.0004063798622				0	63.38009805	36.61990195	63.58724882	36.41275118	0				-468.9040509	0.1199805858	NaN	
468.7440509	94	5	1	1	0.1199805858	84.84369857	15.15589505	0.0004063798622				0	63.38009805	36.61990195	63.58724882	36.41275118	0				-468.7440509	0.1199805858	NaN	
468.5840509	94	5	1	1	0.1199805858	84.84369857	15.15589505	0.0004063798622				0	63.38009805	36.61990195	63.58724882	36.41275118	0				-468.5840509	0.1199805858	NaN	
468.4240509	94	5	1	1	0.1199805858	84.84369857	15.15589505	0.0004063798622				0	63.38009805	36.61990195	63.58724882	36.41275118	0				-468.4240509	0.1199805858	NaN	
468.2640509	94	5	1	1	0.1199805858	84.84369857	15.15589505	0.0004063798622				0	63.38009805	36.61990195	63.58724882	36.41275118	0				-468.2640509	0.1199805858	NaN	
468.1040509	94	5	1	1	0.1199805858	84.84369857	15.15589505	0.0004063798622				0	63.38009805	36.61990195	63.58724882	36.41275118	0				-468.1040509	0.1199805858	NaN	
467.9440509	94	5	1	1	0.1199805858	84.84369857	15.15589505	0.0004063798622				0	63.38009805	36.61990195	63.58724882	36.41275118	0				-467.9440509	0.1199805858	NaN	
467.7840509	94	5	1	1	0.1199805858	84.84369857	15.15589505	0.0004063798622				0	63.38009805	36.61990195	63.58724882	36.41275118	0				-467.7840509	0.1199805858	NaN	
467.6240509	94	5	1	1	0.1199805858	84.84369857	15.15589505	0.0004063798622				0	63.38009805	36.61990195	63.58724882	36.41275118	0				-467.6240509	0.1199805858	NaN	
467.4640509	94	5	1	1	0.1199805858	84.84369857	15.15589505	0.0004063798622				0	63.38009805	36.61990195	63.58724882	36.41275118	0				-467.4640509	0.1199805858	NaN	
467.3040509	94	5	1	1	0.1199805858	84.84369857	15.15589505	0.0004063798622				0	63.38009805	36.61990195	63.58724882	36.41275118	0				-467.3040509	0.1199805858	NaN	
467.1440509	94	5	1	1	0.1199805858	84.84369857	15.15589505	0.0004063798622				0	63.38009805	36.61990195	63.58724882	36.41275118	0				-467.1440509	0.1199805858	NaN	
466.9840509	94	5	1	1	0.1199805858	84.84369857	15.15589505	0.0004063798622				0	63.38009805	36.61990195	63.58724882	36.41275118	0				-466.9840509	0.1199805858	NaN	
466.8240509	94	5	1	1	0.1199805858	84.84369857	15.15589505	0.0004063798622				0	63.38009805	36.61990195	63.58724882	36.41275118	0				-466.8240509	0.1199805858	NaN	
466.6640509	94	5	1	1	0.1199805858	84.84369857	15.15589505	0.0004063798622				0	63.38009805	36.61990195	63.58724882	36.41275118	0				-466.6640509	0.1199805858	NaN	
466.5040509	94	5	1	1	0.1199805858	84.84369857	15.15589505	0.0004063798622				0	63.38009805	36.61990195	63.58724882	36.41275118	0				-466.5040509	0.1199805858	NaN	
466.3440509	94	5	1	1	0.1199805858	84.84369857	15.15589505	0.0004063798622				0	63.38009805	36.61990195	63.58724882	36.41275118	0				-466.3440509	0.1199805858	NaN	
466.1840509	94	5	1	1	0.1199805858	84.84369857	15.15589505	0.0004063798622				0	63.38009805	36.61990195	63.58724882	36.41275118	0				-466.1840509	0.1199805858	NaN	
466.0240509	94	5	1	1	0.1199805858	84.84369857	15.15589505	0.0004063798622				0	63.38009805	36.61990195	63.58724882	36.41275118	0				-466.0240509	0.1199805858	NaN	
465.8640509	94	5	1	1	0.1199805858	84.84369857	15.15589505	0.0004063798622				0	63.38009805	36.61990195	63.58724882	36.41275118	0				-465.8640509	0.1199805858	NaN	
465.7040509	94	5	1	1	0.1199805858	84.84369857	15.15589505	0.0004063798622				0	63.38009805	36.61990195	63.58724882	36.41275118	0				-465.7040509	0.1199805858	NaN	
465.5440509	94	5	1	1	0.1199805858	84.84369857	15.15589505	0.0004063798622				0	63.38009805	36.61990195	63.58724882	36.41275118	0				-465.5440509	0.1199805858	NaN	
465.3840509	94	5	1	1	0.1199805858	84.84369857	15.15589505	0.0004063798622				0	63.38009805	36.61990195	63.58724882	36.41275118	0				-465.3840509	0.1199805858	NaN	
465.2240509	94	5	1	1	0.1199805858	84.84369857	15.15589505	0.0004063798622				0	63.38009805	36.61990195	63.58724882	36.41275118	0				-465.2240509	0.1199805858	NaN	
465.0640509	94	5	1	1	0.1199805858	84.84369857	15.15589505	0.0004063798622				0	63.38009805	36.61990195	63.58724882	36.41275118	0				-465.0640509	0.1199805858	NaN	
464.9040509	94	5	1	1	0.1199805858	84.84369857	15.15589505	0.0004063798622				0	63.38009805	36.61990195	63.58724882	36.41275118	0				-464.9040509	0.1199805858	NaN	
464.7440509	94	5	1	1	0.1199805858	84.84369857	15.15589505	0.0004063798622				0	63.38009805	36.61990195	63.58724882	36.41275118	0				-464.7440509	0.1199805858	NaN	
464.5840509	94	5	1	1	0.1199805858	84.84369857	15.15589505	0.0004063798622				0	63.38009805	36.61990195	63.58724882	36.41275118	0				-464.5840509	0.1199805858	NaN	
464.4240509	94	5	1	1	0.1199805858	84.84369857	15.15589505	0.0004063798622				0	63.38009805	36.61990195	63.58724882	36.41275118	0				-464.4240509	0.1199805858	NaN	
464.2640509	94	5	1	1	0.1199805858	84.84369857	15.15589505	0.0004063798622				0	63.38009805	36.61990195	63.58724882	36.41275118	0				-464.2640509	0.1199805858	NaN	
464.1040509	94	5	1	1	0.1199805858	84.84369857	15.15589505	0.0004063798622				0	63.38009805	36.61990195	63.58724882	36.41275118	0				-464.1040509	0.1199805858	NaN	
463.9440509	94	5	1	1	0.1199805858	84.84369857	15.15589505	0.0004063798622				0	63.38009805	36.61990195	63.58724882	36.41275118	0				-463.9440509	0.1199805858	NaN	
463.7840509	94	5	1	1	0.1199805858	84.84369857	15.15589505	0.0004063798622				0	63.38009805	36.61990195	63.58724882	36.41275118	0				-463.7840509	0.1199805858	NaN	
463.6240509	94	5	1	1	0.1199805858	84.84369857	15.15589505	0.0004063798622				0	63.38009805	36.61990195	63.58724882	36.41275118	0				-463.6240509	0.1199805858	NaN	
463.4640509	94	5	1	1	0.1199805858	84.84369857	15.15589505	0.0004063798622				0	63.38009805	36.61990195	63.58724882	36.41275118	0				-463.4640509	0.1199805858	NaN	
463.3040509	94	5	1	1	0.1199805858	84.84369857	15.15589505	0.0004063798622				0	63.38009805	36.61990195	63.58724882	36.41275118	0				-463.3040509	0.1199805858	NaN	
463.1440509	94	5	1	1	0.1199805858	84.84369857	15.15589505	0.0004063798622				0	63.38009805	36.61990195	63.58724882	36.41275118	0				-463.1440509	0.1199805858	NaN	
462.9840509	94	5	1	1	0.1199805858	84.84369857	15.15589505	0.0004063798622				0	63.38009805	36.61990195	63.58724882	36.41275118	0				-462.9840509	0.1199805858	NaN	
462.8240509	94	5	1	1	0.1199805858	84.84369857	15.15589505	0.0004063798622				0	63.38009805	36.61990195	63.58724882	36.41275118	0				-462.8240509	0.1199805858	NaN	
462.6640509	94	5	1	1	0.1199805858	84.84369857	15.15589505	0.0004063798622				0	63.38009805	36.61990195	63.58724882	36.41275118	0				-462.6640509	0.1199805858	NaN	
462.5040509	94	5	1	1	0.1199805858	84.84369857	15.15589505	0.0004063798622				0	63.38009805	36.61990195	63.58724882	36.41275118	0				-462.5040509	0.1199805858	NaN	
462.3440509	94	5	1	1	0.1199805858	84.84369857	15.15589505	0.0004063798622				0	63.38009805	36.61990195	63.58724882	36.41275118	0				-462.3440509	0.1199805858	NaN	
462.1840509	94	5	1	1	0.1199805858	84.84369857	15.15589505	0.0004063798622				0	63.38009805	36.61990195	63.58724882	36.41275118	0				-462.1840509	0.1199805858	NaN	
462.0240509	94	5	1	1	0.1199805858	84.84369857	15.15589505	0.0004063798622				0	63.38009805	36.61990195	63.58724882	36.41275118	0				-462.0240509	0.1199805858	NaN	
461.8640509	94	5	1	1	0.1199805858	84.84369857	15.15589505	0.0004063798622				0	63.38009805	36.61990195	63.58724882	36.41275118	0				-461.8640509	0.1199805858	NaN	
461.7040509	94	5	1	1	0.1199805858	84.84369857	15.15589505	0.0004063798622				0	63.38009805	36.61990195	63.58724882	36.41275118	0				-461.7040509	0.1199805858	NaN	
461.5440509	94	5	1	1	0.1199805858	84.84369857	15.15589505	0.0004063798622				0	63.38009805	36.61990195	63.58724882	36.41275118	0				-461.5440509	0.1199805858	NaN	
461.3840509	94	5	1	1	0.1199805858	84.84369857	15.15589505	0.0004063798622				0	63.38009805	36.61990195	63.58724882	36.41275118	0				-461.3840509	0.1199805858	NaN	
461.2240509	94	5	1	1	0.1199805858	84.84369857	15.15589505	0.0004063798622				0	63.38009805	36.61990195	63.58724882	36.41275118	0				-461.2240509	0.1199805858	NaN	
461.0640509	94	5	1	1	0.1199805858	84.84369857	15.15589505	0.0004063798622				0	63.38009805	36.61990195	63.58724882	36.41275118	0				-461.0640509	0.1199805858	NaN	
460.9040509	94	5	1	1	0.1199805858	84.84369857	15.15589505	0.0004063798622				0	63.38009805	36.61990195	63.58724882	36.41275118	0				-460.9040509	0.1199805858	NaN	
460.7440509	94	5	1	1	0.1199805858	84.84369857	15.15589505	0.0004063798622				0	63.38009805	36.61990195	63.58724882	36.41275118	0				-460.7440509	0.1199805858	NaN	
460.5840509	94	5	1	1	0.1199805858	84.84369857	15.15589505	0.0004063798622				0	63.38009805	36.61990195	63.58724882	36.41275118	0				-460.5840509	0.1199805858	NaN	
460.4240509	94	5	1	1	0.1199805858	84.84369857	15.15589505	0.0004063798622				0	63.38009805	36.61990195	63.58724882	36.41275118	0				-460.4240509	0.1199805858	NaN	
460.2640509	94	5	1	1	0.1199805858	84.84369857	15.15589505	0.0004063798622				0	63.38009805	36.61990195	63.58724882	36.41275118	0				-460.2640509	0.1199805858	NaN	
460.1040509	94	5	1	1	0.1199805858	84.84369857	15.15589505	0.0004063798622				0	63.38009805	36.61990195	63.58724882	36.41275118	0				-460.1040509	0.1199805858	NaN	
459.9440509	94	5	1	1	0.1199805858	84.84369857	15.15589505	0.0004063798622				0	63.38009805	36.61990195	63.58724882	36.41275118	0				-459.9440509	0.1199805858	NaN	
459.7840509	94	5	1	1	0.1199805858	84.84369857	15.15589505	0.0004063798622				0	63.38009805	36.61990195	63.58724882	36.41275118	0				-459.7840509	0.1199805858	NaN	
459.6240509	94	5	1	1	0.1199805858	84.84369857	15.15589505	0.0004063798622				0	63.38009805	36.61990195	63.58724882	36.41275118	0				-459.6240509	0.1199805858	NaN	
459.4640509	94	5	1	1	0.1199805858	84.84369857	15.15589505	0.0004063798622				0	63.38009805	36.61990195	63.58724882	36.41275118	0				-459.4640509	0.1199805858	NaN	
459.3040509	94	5	1	1	0.1199805858	84.84369857	15.15589505	0.0004063798622				0	63.38009805	36.61990195	63.58724882	36.41275118	0				-459.3040509	0.1199805858	NaN	
459.1440509	94	5	1	1	0.1199805858	84.84369857	15.15589505	0.0004063798622				0	63.38009805	36.61990195	63.58724882	36.41275118	0				-459.1440509	0.1199805858	NaN	
458.9840509	94	5	1	1	0.1199805858	84.84369857	15.15589505	0.0004063798622				0	63.38009805	36.61990195	63.58724882	36.41275118	0				-458.9840509	0.1199805858	NaN	
458.8240509	94	5	1	1	0.1199805858	84.84369857	15.15589505	0.0004063798622				0	63.38009805	36.61990195	63.58724882	36.41275118	0				-458.8240509	0.1199805858	NaN	
458.6640509	94	5	1	1	0.1199805858	84.84369857	15.15589505	0.0004063798622				0	63.38009805	36.61990195	63.58724882	36.41275118	0				-458.6640509	0.1199805858	NaN	
458.5040509	94	5	1	1	0.1199805858	84.84369857	15.15589505	0.0004063798622				0	63.38009805	36.61990195	63.58724882	36.41275118	0				-458.5040509	0.1199805858	NaN	
458.3440509	94	5	1	1	0.1199805858	84.84369857	15.15589505	0.0004063798622				0	63.38009805	36.61990195	63.58724882	36.41275118	0				-458.3440509	0.1199805858	NaN	
458.1840509	94	5	1	1	0.1199805858	84.84369857	15.15589505	0.0004063798622				0	63.38009805	36.61990195	63.58724882	36.41275118	0				-458.1840509	0.1199805858	NaN	
458.0240509	94	5	1	1	0.1199805858	84.84369857	15.15589505	0.0004063798622				0	63.38009805	36.61990195	63.58724882	36.41275118	0				-458.0240509	0.1199805858	NaN	
457.8640509	94	5	1	1	0.1199805858	84.84369857	15.15589505	0.0004063798622				0	63.38009805	36.61990195	63.58724882	36.41275118	0				-457.8640509	0.1199805858	NaN	
457.7040509	94	5	1	1	0.1199805858	84.84369857	15.15589505	0.0004063798622				0	63.38009805	36.61990195	63.58724882	36.41275118	0				-457.7040509	0.1199805858	NaN	
457.5440509	94	5	1	1	0.1199805858	84.84369857	15.15589505	0.0004063798622				0	63.38009805	36.61990195	63.58724882	36.41275118	0				-457.5440509	0.1199805858	NaN	
457.3840509	94	5	1	1	0.1199805858	84.84369857	15.15589505	0.0004063798622				0	63.38009805	36.61990195	63.58724882	36.41275118	0				-457.3840509	0.1199805858	NaN	
457.2240509	94	5	1	1	0.1199805858	84.84369857	15.15589505	0.0004063798622				0	63.38009805	36.61990195	63.58724882	36.41275118	0				-457.2240509	0.1199805858	NaN	
457.0640509	94	5	1	1	0.1199805858	84.84369857	15.15589505	0.0004063798622				0	63.38009805	36.61990195	63.58724882	36.41275118	0				-457.0640509	0.1199805858	NaN	
456.9040509	94	5	1	1	0.1199805858	84.84369857	15.15589505	0.0004063798622				0	63.38009805	36.61990195	63.58724882	36.41275118	0				-456.9040509	0.1199805858	NaN	
456.7440509	94	5	1	1	0.1199805858	84.84369857	15.15589505	0.0004063798622				0	63.38009805	36.61990195	63.58724882	36.41275118	0				-456.7440509	0.1199805858	NaN	
456.5840509	94	5	1	1	0.1199805858	84.84369857	15.15589505	0.0004063798622				0	63.38009805	36.61990195	63.58724882	36.41275118	0				-456.5840509	0.1199805858	NaN	
456.4240509	94	5	1	1	0.1199805858	84.84369857	15.15589505	0.0004063798622				0	63.38009805	36.61990195	63.58724882	36.41275118	0				-456.4240509	0.1199805858	NaN	
456.2640509	94	5	1	1	0.1199805858	84.84369857	15.15589505	0.0004063798622				0	63.38009805	36.61990195	63.58724882	36.41275118	0				-456.2640509	0.1199805858	NaN	
456.1040509	94	5	1	1	0.1199805858	84.84369857	15.15589505	0.0004063798622				0	63.38009805	36.61990195	63.58724882	36.41275118	0				-456.1040509	0.1199805858	NaN	
455.9440509	94	5	1	1	0.1199805858	84.84369857	15.15589505	0.0004063798622				0	63.38009805	36.61990195	63.58724882	36.41275118	0				-455.9440509	0.1199805858	NaN	
455.7840509	94	5	1	1	0.1199805858	84.84369857	15.15589505	0.0004063798622				0	63.38009805	36.61990195	63.58724882	36.41275118	0				-455.7840509	0.1199805858	NaN	
455.6240509	94	5	1	1	0.1199805858	84.84369857	15.15589505	0.0004063798622				0	63.38009805	36.61990195	63.58724882	36.41275118	0				-455.6240509	0.1199805858	NaN	
455.4640509	94	5	1	1	0.1199805858	84.84369857	15.15589505	0.0004063798622				0	63.38009805	36.61990195	63.58724882	36.41275118	0				-455.4640509	0.1199805858	NaN	
455.3040509	94	5	1	1	0.1199805858	84.84369857	15.15589505	0.0004063798622				0	63.38009805	36.61990195	63.58724882	36.41275118	0				-455.3040509	0.1199805858	NaN	
455.1440509	94	5	1	1	0.1199805858	84.84369857	15.15589505	0.0004063798622				0	63.38009805	36.61990195	63.58724882	36.41275118	0				-455.1440509	0.1199805858	NaN	
454.9840509	94	5	1	1	0.1199805858	84.84369857	15.15589505	0.0004063798622				0	63.38009805	36.61990195	63.58724882	36.41275118	0				-454.9840509	0.1199805858	NaN	
454.8240509	94	5	1	1	0.1199805858	84.84369857	15.15589505	0.0004063798622				0	63.38009805	36.61990195	63.58724882	36.41275118	0				-454.8240509	0.1199805858	NaN	
454.6640509	94	5	1	1	0.1199805858	84.84369857	15.15589505	0.0004063798622				0	63.38009805	36.61990195	63.58724882	36.41275118	0				-454.6640509	0.1199805858	NaN	
454.5040509	94	5	1	1	0.1199805858	84.84369857	15.15589505	0.0004063798622				0	63.38009805	36.61990195	63.58724882	36.41275118	0				-454.5040509	0.1199805858	NaN	
454.3440509	94	5	1	1	0.1199805858	84.84369857	15.15589505	0.0004063798622				0	63.38009805	36.61990195	63.58724882	36.41275118	0				-454.3440509	0.1199805858	NaN	
454.1840509	94	5	1	1	0.1199805858	84.84369857	15.15589505	0.0004063798622				0	63.38009805	36.61990195	63.58724882	36.41275118	0				-454.1840509	0.1199805858	NaN	
454.0240509	94	5	1	1	0.1199805858	84.84369857	15.15589505	0.0004063798622				0	63.38009805	36.61990195	63.58724882	36.41275118	0				-454.0240509	0.1199805858	NaN	
453.8640509	94	5	1	1	0.1199805858	84.84369857	15.15589505	0.0004063798622				0	63.38009805	36.61990195	63.58724882	36.41275118	0				-453.8640509	0.1199805858	NaN	
453.7040509	94	5	1	1	0.1199805858	84.84369857	15.15589505	0.0004063798622				0	63.38009805	36.61990195	63.58724882	36.41275118	0				-453.7040509	0.1199805858	NaN	
453.5440509	94	5	1	1	0.1199805858	84.84369857	15.15589505	0.0004063798622				0	63.38009805	36.61990195	63.58724882	36.41275118	0				-453.5440509	0.1199805858	NaN	
453.3840509	94	5	1	1	0.1199805858	84.84369857	15.15589505	0.0004063798622				0	63.38009805	36.61990195	63.58724882	36.41275118	0				-453.3840509	0.1199805858	NaN	
453.2240509	94	5	1	1	0.1199805858	84.84369857	15.15589505	0.0004063798622				0	63.38009805	36.61990195	63.58724882	36.41275118	0				-453.2240509	0.1199805858	NaN	
453.0640509	94	5	1	1	0.1199805858	84.84369857	15.15589505	0.0004063798622				0	63.38009805	36.61990195	63.58724882	36.41275118	0				-453.0640509	0.1199805858	NaN	
452.9040509	94	5	1	1	0.1199805858	84.84369857	15.15589505	0.0004063798622				0	63.38009805	36.61990195	63.58724882	36.41275118	0				-452.9040509	0.1199805858	NaN	
452.7440509	94	5	1	1	0.1199805858	84.84369857	15.15589505	0.0004063798622				0	63.38009805	36.61990195	63.58724882	36.41275118	0				-452.7440509	0.1199805858	NaN	
452.5840509	94	5	1	1	0.1199805858	84.84369857	15.15589505	0.0004063798622				0	63.38009805	36.61990195	63.58724882	36.41275118	0				-452.5840509	0.1199805858	NaN	
452.4240509	94	5	1	1	0.1199805858	84.84369857	15.15589505	0.0004063798622				0	63.38009805	36.61990195	63.58724882	36.41275118	0				-452.4240509	0.1199805858	NaN	
452.2640509	94	5	1	1	0.1199805858	84.84369857	15.15589505	0.0004063798622				0	63.38009805	36.61990195	63.58724882	36.41275118	0				-452.2640509	0.1199805858	NaN	
452.1040509	94	5	1	1	0.1199805858	84.84369857	15.15589505	0.0004063798622				0	63.38009805	36.61990195	63.58724882	36.41275118	0				-452.1040509	0.1199805858	NaN	
451.9440509	94	5	1	1	0.1199805858	84.84369857	15.15589505	0.0004063798622				0	63.38009805	36.61990195	63.58724882	36.41275118	0				-451.9440509	0.1199805858	NaN	
451.7840509	94	5	1	1	0.1199805858	84.84369857	15.15589505	0.0004063798622				0	63.38009805	36.61990195	63.58724882	36.41275118	0				-451.7840509	0.1199805858	NaN	
451.6240509	94	5	1	1	0.1199805858	84.84369857	15.15589505	0.0004063798622				0	63.38009805	36.61990195	63.58724882	36.41275118	0				-451.6240509	0.1199805858	NaN	
451.4640509	94	5	1	1	0.1199805858	84.84369857	15.15589505	0.0004063798622				0	63.38009805	36.61990195	63.58724882	36.41275118	0				-451.4640509	0.1199805858	NaN	
451.3040509	94	5	1	1	0.1199805858	84.84369857	15.15589505	0.0004063798622				0	63.38009805	36.61990195	63.58724882	36.41275118	0				-451.3040509	0.1199805858	NaN	
451.1440509	94	5	1	1	0.1199805858	84.84369857	15.15589505	0.0004063798622				0	63.38009805	36.61990195	63.58724882	36.41275118	0				-451.1440509	0.1199805858	NaN	
450.9840509	94	5	1	1	0.1199805858	84.84369857	15.15589505	0.0004063798622				0	63.38009805	36.61990195	63.58724882	36.41275118	0				-450.9840509	0.1199805858	NaN	
450.8240509	94	5	1	1	0.1199805858	84.84369857	15.15589505	0.0004063798622				0	63.38009805	36.61990195	63.58724882	36.41275118	0				-450.8240509	0.1199805858	NaN	
450.6640509	94	5	1	1	0.1199805858	84.84369857	15.15589505	0.0004063798622				0	63.38009805	36.61990195	63.58724882	36.41275118	0				-450.6640509	0.1199805858	NaN	
450.5040509	94	5	1	1	0.1199805858	84.84369857	15.15589505	0.0004063798622				0	63.38009805	36.61990195	63.58724882	36.41275118	0				-450.5040509	0.1199805858	NaN	
450.3440509	94	5	1	1	0.1199805858	84.84369857	15.15589505	0.0004063798622				0	63.38009805	36.61990195	63.58724882	36.41275118	0				-450.3440509	0.1199805858	NaN	
450.1840509	94	5	1	1	0.1199805858	84.84369857	15.15589505	0.0004063798622				0	63.38009805	36.61990195	63.58724882	36.41275118	0				-450.1840509	0.1199805858	NaN	
450.0240509	94	5	1	1	0.1199805858	84.84369857	15.15589505	0.0004063798622				0	63.38009805	36.61990195	63.58724882	36.41275118	0				-450.0240509	0.1199805858	NaN	
449.8640509	94	5	1	1	0.1199805858	84.84369857	15.15589505	0.0004063798622				0	63.38009805	36.61990195	63.58724882	36.41275118	0				-449.8640509	0.1199805858	NaN	
449.7040509	94	5	1	1	0.1199805858	84.84369857	15.15589505	0.0004063798622				0	63.38009805	36.61990195	63.58724882	36.41275118	0				-449.7040509	0.1199805858	NaN	
449.5440509	94	5	1	1	0.1199805858	84.84369857	15.15589505	0.0004063798622				0	63.38009805	36.61990195	63.58724882	36.41275118	0				-449.5440509	0.1199805858	NaN	
449.3840509	94	5	1	1	0.1199805858	84.84369857	15.15589505	0.0004063798622				0	63.38009805	36.61990195	63.58724882	36.41275118	0				-449.3840509	0.1199805858	NaN	
449.2240509	94	5	1	1	0.1199805858	84.84369857	15.15589505	0.0004063798622				0	63.38009805	36.61990195	63.58724882	36.41275118	0				-449.2240509	0.1199805858	NaN	
449.0640509	94	5	1	1	0.1199805858	84.84369857	15.15589505	0.0004063798622				0	63.38009805	36.61990195	63.58724882	36.41275118	0				-449.0640509	0.1199805858	NaN	
448.9040509	94	5	1	1	0.1199805858	84.84369857	15.15589505	0.0004063798622				0	63.38009805	36.61990195	63.58724882	36.41275118	0				-448.9040509	0.1199805858	NaN	
448.7440509	94	5	1	1	0.1199805858	84.84369857	15.15589505	0.0004063798622				0	63.38009805	36.61990195	63.58724882	36.41275118	0				-448.7440509	0.1199805858	NaN	
448.5840509	94	5	1	1	0.1199805858	84.84369857	15.15589505	0.0004063798622				0	63.38009805	36.61990195	63.58724882	36.41275118	0				-448.5840509	0.1199805858	NaN	
448.4240509	94	5	1	1	0.1199805858	84.84369857	15.15589505	0.0004063798622				0	63.38009805	36.61990195	63.58724882	36.41275118	0				-448.4240509	0.1199805858	NaN	
448.2640509	94	5	1	1	0.1199805858	84.84369857	15.15589505	0.0004063798622				0	63.38009805	36.61990195	63.58724882	36.41275118	0				-448.2640509	0.1199805858	NaN	
448.1040509	94	5	1	1	0.1199805858	84.84369857	15.15589505	0.0004063798622				0	63.38009805	36.61990195	63.58724882	36.41275118	0				-448.1040509	0.1199805858	NaN	
447.9440509	94	5	1	1	0.1199805858	84.84369857	15.15589505	0.0004063798622				0	63.38009805	36.61990195	63.58724882	36.41275118	0				-447.9440509	0.1199805858	NaN	
447.7840509	94	5	1	1	0.1199805858	84.84369857	15.15589505	0.0004063798622				0	63.38009805	36.61990195	63.58724882	36.41275118	0				-447.7840509	0.1199805858	NaN	
447.6240509	94	5	1	1	0.1199805858	84.84369857	15.15589505	0.0004063798622				0	63.38009805	36.61990195	63.58724882	36.41275118	0				-447.6240509	0.1199805858	NaN	
447.4640509	94	5	1	1	0.1199805858	84.84369857	15.15589505	0.0004063798622				0	63.38009805	36.61990195	63.58724882	36.41275118	0				-447.4640509	0.1199805858	NaN	
447.3040509	94	5	1	1	0.1199805858	84.84369857	15.15589505	0.0004063798622				0	63.38009805	36.61990195	63.58724882	36.41275118	0				-447.3040509	0.1199805858	NaN	
447.1440509	94	5	1	1	0.1199805858	84.84369857	15.15589505	0.0004063798622				0	63.38009805	36.61990195	63.58724882	36.41275118	0				-447.1440509	0.1199805858	NaN	
446.9840509	94	5	1	1	0.1199805858	84.84369857	15.15589505	0.0004063798622				0	63.38009805	36.61990195	63.58724882	36.41275118	0				-446.9840509	0.1199805858	NaN	
446.8240509	94	5	1	1	0.1199805858	84.84369857	15.15589505	0.0004063798622				0	63.38009805	36.61990195	63.58724882	36.41275118	0				-446.8240509	0.1199805858	NaN	
446.6640509	94	5	1	1	0.1199805858	84.84369857	15.15589505	0.0004063798622				0	63.38009805	36.61990195	63.58724882	36.41275118	0				-446.6640509	0.1199805858	NaN	
446.5040509	94	5	1	1	0.1199805858	84.84369857	15.15589505	0.0004063798622				0	63.38009805	36.61990195	63.58724882	36.41275118	0				-446.5040509	0.1199805858	NaN	
446.3440509	94	5	1	1	0.1199805858	84.84369857	15.15589505	0.0004063798622				0	63.38009805	36.61990195	63.58724882	36.41275118	0				-446.3440509	0.1199805858	NaN	
446.1840509	94	5	1	1	0.1199805858	84.84369857	15.15589505	0.0004063798622				0	63.38009805	36.61990195	63.58724882	36.41275118	0				-446.1840509	0.1199805858	NaN	
446.0240509	94	5	1	1	0.1199805858	84.84369857	15.15589505	0.0004063798622				0	63.38009805	36.61990195	63.58724882	36.41275118	0				-446.0240509	0.1199805858	NaN	
445.8640509	94	5	1	1	0.1199805858	84.84369857	15.15589505	0.0004063798622				0	63.38009805	36.61990195	63.58724882	36.41275118	0				-445.8640509	0.1199805858	NaN	
445.7040509	94	5	1	1	0.1199805858	84.84369857	15.15589505	0.0004063798622				0	63.38009805	36.61990195	63.58724882	36.41275118	0				-445.7040509	0.1199805858	NaN	
445.5440509	94	5	1	1	0.1199805858	84.84369857	15.15589505	0.0004063798622				0	63.38009805	36.61990195	63.58724882	36.41275118	0				-445.5440509	0.1199805858	NaN	
445.3840509	94	5	1	1	0.1199805858	84.84369857	15.15589505	0.0004063798622				0	63.38009805	36.61990195	63.58724882	36.41275118	0				-445.3840509	0.1199805858	NaN	
445.2240509	94	5	1	1	0.1199805858	84.84369857	15.15589505	0.0004063798622				0	63.38009805	36.61990195	63.58724882	36.41275118	0				-445.2240509	0.1199805858	NaN	
445.0640509	94	5	1	1	0.1199805858	84.84369857	15.15589505	0.0004063798622				0	63.38009805	36.61990195	63.58724882	36.41275118	0				-445.0640509	0.1199805858	NaN	
444.9040509	94	5	1	1	0.1199805858	84.84369857	15.15589505	0.0004063798622				0	63.38009805	36.61990195	63.58724882	36.41275118	0				-444.9040509	0.1199805858	NaN	
444.7440509	94	5	1	1	0.1199805858	84.84369857	15.15589505	0.0004063798622				0	63.38009805	36.61990195	63.58724882	36.41275118	0				-444.7440509	0.1199805858	NaN	
444.5840509	94	5	1	1	0.1199805858	84.84369857	15.15589505	0.0004063798622				0	63.38009805	36.61990195	63.58724882	36.41275118	0				-444.5840509	0.1199805858	NaN	
444.4240509	94	5	1	1	0.1199805858	84.84369857	15.15589505	0.0004063798622				0	63.38009805	36.61990195	63.58724882	36.41275118	0				-444.4240509	0.1199805858	NaN	
444.2640509	94	5	1	1	0.1199805858	84.84369857	15.15589505	0.0004063798622				0	63.38009805	36.61990195	63.58724882	36.41275118	0				-444.2640509	0.1199805858	NaN	
444.1040509	94	5	1	1	0.1199805858	84.84369857	15.15589505	0.0004063798622				0	63.38009805	36.61990195	63.58724882	36.41275118	0				-444.1040509	0.1199805858	NaN	
443.9440509	94	5	1	1	0.1199805858	84.84369857	15.15589505	0.0004063798622				0	63.38009805	36.61990195	63.58724882	36.41275118	0				-443.9440509	0.1199805858	NaN	
443.7840509	94	5	1	1	0.1199805858	84.84369857	15.15589505	0.0004063798622				0	63.38009805	36.61990195	63.58724882	36.41275118	0				-443.7840509	0.1199805858	NaN	
443.6240509	94	5	1	1	0.1199805858	84.84369857	15.15589505	0.0004063798622				0	63.38009805	36.61990195	63.58724882	36.41275118	0				-443.6240509	0.1199805858	NaN	
443.4640509	94	5	1	1	0.1199805858	84.84369857	15.15589505	0.0004063798622				0	63.38009805	36.61990195	63.58724882	36.41275118	0				-443.4640509	0.1199805858	NaN	
443.3040509	94	5	1	1	0.1199805858	84.84369857	15.15589505	0.0004063798622				0	63.38009805	36.61990195	63.58724882	36.41275118	0				-443.3040509	0.1199805858	NaN	
443.1440509	94	5	1	1	0.1199805858	84.84369857	15.15589505	0.0004063798622				0	63.38009805	36.61990195	63.58724882	36.41275118	0				-443.1440509	0.1199805858	NaN	
442.9840509	94	5	1	1	0.1199805858	84.84369857	15.15589505	0.0004063798622				0	63.38009805	36.61990195	63.58724882	36.41275118	0				-442.9840509	0.1199805858	NaN	
442.8240509	94	5	1	1	0.1199805858	84.84369857	15.15589505	0.0004063798622				0	63.38009805	36.61990195	63.58724882	36.41275118	0				-442.8240509	0.1199805858	NaN	
442.6640509	94	5	1	1	0.1199805858	84.84369857	15.15589505	0.0004063798622				0	63.38009805	36.61990195	63.58724882	36.41275118	0				-442.6640509	0.1199805858	NaN	
442.5040509	94	5	1	1	0.1199805858	84.84369857	15.15589505	0.0004063798622				0	63.38009805	36.61990195	63.58724882	36.41275118	0				-442.5040509	0.1199805858	NaN	
442.3440509	94	5	1	1	0.1199805858	84.84369857	15.15589505	0.0004063798622				0	63.38009805	36.61990195	63.58724882	36.41275118	0				-442.3440509	0.1199805858	NaN	
442.1840509	94	5	1	1	0.1199805858	84.84369857	15.15589505	0.0004063798622				0	63.38009805	36.61990195	63.58724882	36.41275118	0				-442.1840509	0.1199805858	NaN	
442.0240509	94	5	1	1	0.1199805858	84.84369857	15.15589505	0.0004063798622				0	63.38009805	36.61990195	63.58724882	36.41275118	0				-442.0240509	0.1199805858	NaN	
441.8640509	94	5	1	1	0.1199805858	84.84369857	15.15589505	0.0004063798622				0	63.38009805	36.61990195	63.58724882	36.41275118	0				-441.8640509	0.1199805858	NaN	
441.7040509	94	5	1	1	0.1199805858	84.84369857	15.15589505	0.0004063798622				0	63.38009805	36.61990195	63.58724882	36.41275118	0				-441.7040509	0.1199805858	NaN	
441.5440509	94	5	1	1	0.1199805858	84.84369857	15.15589505	0.0004063798622				0	63.38009805	36.61990195	63.58724882	36.41275118	0				-441.5440509	0.1199805858	NaN	
441.3840509	94	5	1	1	0.1199805858	84.84369857	15.15589505	0.0004063798622				0	63.38009805	36.61990195	63.58724882	36.41275118	0				-441.3840509	0.1199805858	NaN	
441.2240509	94	5	1	1	0.1199805858	84.84369857	15.15589505	0.0004063798622				0	63.38009805	36.61990195	63.58724882	36.41275118	0				-441.2240509	0.1199805858	NaN	
441.0640509	94	5	1	1	0.1199805858	84.84369857	15.15589505	0.0004063798622				0	63.38009805	36.61990195	63.58724882	36.41275118	0				-441.0640509	0.1199805858	NaN	
440.9040509	94	5	1	1	0.1199805858	84.84369857	15.15589505	0.0004063798622				0	63.38009805	36.61990195	63.58724882	36.41275118	0				-440.9040509	0.1199805858	NaN	
440.7440509	94	5	1	1	0.1199805858	84.84369857	15.15589505	0.0004063798622				0	63.38009805	36.61990195	63.58724882	36.41275118	0				-440.7440509	0.1199805858	NaN	
440.5840509	94	5	1	1	0.1199805858	84.84369857	15.15589505	0.0004063798622				0	63.38009805	36.61990195	63.58724882	36.41275118	0				-440.5840509	0.1199805858	NaN	
440.4240509	94	5	1	1	0.1199805858	84.84369857	15.15589505	0.0004063798622				0	63.38009805	36.61990195	63.58724882	36.41275118	0				-440.4240509	0.1199805858	NaN	
440.2640509	94	5	1	1	0.1199805858	84.84369857	15.15589505	0.0004063798622				0	63.38009805	36.61990195	63.58724882	36.41275118	0				-440.2640509	0.1199805858	NaN	
440.1040509	94	5	1	1	0.1199805858	84.84369857	15.15589505	0.0004063798622				0	63.38009805	36.61990195	63.58724882	36.41275118	0				-440.1040509	0.1199805858	NaN	
439.9440509	94	5	1	1	0.1199805858	84.84369857	15.15589505	0.0004063798622				0	63.38009805	36.61990195	63.58724882	36.41275118	0				-439.9440509	0.1199805858	NaN	
439.7840509	94	5	1	1	0.1199805858	84.84369857	15.15589505	0.0004063798622				0	63.38009805	36.61990195	63.58724882	36.41275118	0				-439.7840509	0.1199805858	NaN	
439.6240509	94	5	1	1	0.1199805858	84.84369857	15.15589505	0.0004063798622				0	63.38009805	36.61990195	63.58724882	36.41275118	0				-439.6240509	0.1199805858	NaN	
439.4640509	94	5	1	1	0.1199805858	84.84369857	15.15589505	0.0004063798622				0	63.38009805	36.61990195	63.58724882	36.41275118	0				-439.4640509	0.1199805858	NaN	
439.3040509	94	5	1	1	0.1199805858	84.84369857	15.15589505	0.0004063798622				0	63.38009805	36.61990195	63.58724882	36.41275118	0				-439.3040509	0.1199805858	NaN	
439.1440509	94	5	1	1	0.1199805858	84.84369857	15.15589505	0.0004063798622				0	63.38009805	36.61990195	63.58724882	36.41275118	0				-439.1440509	0.1199805858	NaN	
438.9840509	94	5	1	1	0.1199805858	84.84369857	15.15589505	0.0004063798622				0	63.38009805	36.61990195	63.58724882	36.41275118	0				-438.9840509	0.1199805858	NaN	
438.8240509	94	5	1	1	0.1199805858	84.84369857	15.15589505	0.0004063798622				0	63.38009805	36.61990195	63.58724882	36.41275118	0				-438.8240509	0.1199805858	NaN	
438.6640509	94	5	1	1	0.1199805858	84.84369857	15.15589505	0.0004063798622				0	63.38009805	36.61990195	63.58724882	36.41275118	0				-438.6640509	0.1199805858	NaN	
438.5040509	94	5	1	1	0.1199805858	84.84369857	15.15589505	0.0004063798622				0	63.38009805	36.61990195	63.58724882	36.41275118	0				-438.5040509	0.1199805858	NaN	
438.3440509	94	5	1	1	0.1199805858	84.84369857	15.15589505	0.0004063798622				0	63.38009805	36.61990195	63.58724882	36.41275118	0				-438.3440509	0.1199805858	NaN	
438.1840509	94	5	1	1	0.1199805858	84.84369857	15.15589505	0.0004063798622				0	63.38009805	36.61990195	63.58724882	36.41275118	0				-438.1840509	0.1199805858	NaN	
438.0240509	94	5	1	1	0.1199805858	84.84369857	15.15589505	0.0004063798622				0	63.38009805	36.61990195	63.58724882	36.41275118	0				-438.0240509	0.1199805858	NaN	
437.8640509	94	5	1	1	0.1199805858	84.84369857	15.15589505	0.0004063798622				0	63.38009805	36.61990195	63.58724882	36.41275118	0				-437.8640509	0.1199805858	NaN	
437.7040509	94	5	1	1	0.1199805858	84.84369857	15.15589505	0.0004063798622				0	63.38009805	36.61990195	63.58724882	36.41275118	0				-437.7040509	0.1199805858	NaN	
437.5440509	94	5	1	1	0.1199805858	84.84369857	15.15589505	0.0004063798622				0	63.38009805	36.61990195	63.58724882	36.41275118	0				-437.5440509	0.1199805858	NaN	
437.3840509	94	5	1	1	0.1199805858	84.84369857	15.15589505	0.0004063798622				0	63.38009805	36.61990195	63.58724882	36.41275118	0				-437.3840509	0.1199805858	NaN	
437.2240509	94	5	1	1	0.1199805858	84.84369857	15.15589505	0.0004063798622				0	63.38009805	36.61990195	63.58724882	36.41275118	0				-437.2240509	0.1199805858	NaN	
437.0640509	94	5	1	1	0.1199805858	84.84369857	15.15589505	0.0004063798622				0	63.38009805	36.61990195	63.58724882	36.41275118	0				-437.0640509	0.1199805858	NaN	
436.9040509	94	5	1	1	0.1199805858	84.84369857	15.15589505	0.0004063798622				0	63.38009805	36.61990195	63.58724882	36.41275118	0				-436.9040509	0.1199805858	NaN	
436.7440509	94	5	1	1	0.1199805858	84.84369857	15.15589505	0.0004063798622				0	63.38009805	36.61990195	63.58724882	36.41275118	0				-436.7440509	0.1199805858	NaN	
436.5840509	94	5	1	1	0.1199805858	84.84369857	15.15589505	0.0004063798622				0	63.38009805	36.61990195	63.58724882	36.41275118	0				-436.5840509	0.1199805858	NaN	
436.4240509	94	5	1	1	0.1199805858	84.84369857	15.15589505	0.0004063798622				0	63.38009805	36.61990195	63.58724882	36.41275118	0				-436.4240509	0.1199805858	NaN	
436.2640509	94	5	1	1	0.1199805858	84.84369857	15.15589505	0.0004063798622				0	63.38009805	36.61990195	63.58724882	36.41275118	0				-436.2640509	0.1199805858	NaN	
436.1040509	94	5	1	1	0.1199805858	84.84369857	15.15589505	0.0004063798622				0	63.38009805	36.61990195	63.58724882	36.41275118	0				-436.1040509	0.1199805858	NaN	
435.9440509	94	5	1	1	0.1199805858	84.84369857	15.15589505	0.0004063798622				0	63.38009805	36.61990195	63.58724882	36.41275118	0				-435.9440509	0.1199805858	NaN	
435.7840509	94	5	1	1	0.1199805858	84.84369857	15.15589505	0.0004063798622				0	63.38009805	36.61990195	63.58724882	36.41275118	0				-435.7840509	0.1199805858	NaN	
435.6240509	94	5	1	1	0.1199805858	84.84369857	15.15589505	0.0004063798622				0	63.38009805	36.61990195	63.58724882	36.41275118	0				-435.6240509	0.1199805858	NaN	
435.4640509	94	5	1	1	0.1199805858	84.84369857	15.15589505	0.0004063798622				0	63.38009805	36.61990195	63.58724882	36.41275118	0				-435.4640509	0.1199805858	NaN	
435.3040509	94	5	1	1	0.1199805858	84.84369857	15.15589505	0.0004063798622				0	63.38009805	36.61990195	63.58724882	36.41275118	0				-435.3040509	0.1199805858	NaN	
435.1440509	94	5	1	1	0.1199805858	84.84369857	15.15589505	0.0004063798622				0	63.38009805	36.61990195	63.58724882	36.41275118	0				-435.1440509	0.1199805858	NaN	
434.9840509	94	5	1	1	0.1199805858	84.84369857	15.15589505	0.0004063798622				0	63.38009805	36.61990195	63.58724882	36.41275118	0				-434.9840509	0.1199805858	NaN	
434.8240509	94	5	1	1	0.1199805858	84.84369857	15.15589505	0.0004063798622				0	63.38009805	36.61990195	63.58724882	36.41275118	0				-434.8240509	0.1199805858	NaN	
434.6640509	94	5	1	1	0.1199805858	84.84369857	15.15589505	0.0004063798622				0	63.38009805	36.61990195	63.58724882	36.41275118	0				-434.6640509	0.1199805858	NaN	
434.5040509	94	5	1	1	0.1199805858	84.84369857	15.15589505	0.0004063798622				0	63.38009805	36.61990195	63.58724882	36.41275118	0				-434.5040509	0.1199805858	NaN	
434.3440509	94	5	1	1	0.1199805858	84.84369857	15.15589505	0.0004063798622				0	63.38009805	36.61990195	63.58724882	36.41275118	0				-434.3440509	0.1199805858	NaN	
434.1840509	94	5	1	1	0.1199805858	84.84369857	15.15589505	0.0004063798622				0	63.38009805	36.61990195	63.58724882	36.41275118	0				-434.1840509	0.1199805858	NaN	
434.0240509	94	5	1	1	0.1199805858	84.84369857	15.15589505	0.0004063798622				0	63.38009805	36.61990195	63.58724882	36.41275118	0				-434.0240509	0.1199805858	NaN	
433.8640509	94	5	1	1	0.1199805858	84.84369857	15.15589505	0.0004063798622				0	63.38009805	36.61990195	63.58724882	36.41275118	0				-433.8640509	0.1199805858	NaN	
433.7040509	94	5	1	1	0.1199805858	84.84369857	15.15589505	0.0004063798622				0	63.38009805	36.61990195	63.58724882	36.41275118	0				-433.7040509	0.1199805858	NaN	
433.5440509	94	5	1	1	0.1199805858	84.84369857	15.15589505	0.0004063798622				0	63.38009805	36.61990195	63.58724882	36.41275118	0				-433.5440509	0.1199805858	NaN	
433.3840509	94	5	1	1	0.1199805858	84.84369857	15.15589505	0.0004063798622				0	63.38009805	36.61990195	63.58724882	36.41275118	0				-433.3840509	0.1199805858	NaN	
433.2240509	94	5	1	1	0.1199805858	84.84369857	15.15589505	0.0004063798622				0	63.38009805	36.61990195	63.58724882	36.41275118	0				-433.2240509	0.1199805858	NaN	
433.0640509	94	5	1	1	0.1199805858	84.84369857	15.15589505	0.0004063798622				0	63.38009805	36.61990195	63.58724882	36.41275118	0				-433.0640509	0.1199805858	NaN	
432.9040509	94	5	1	1	0.1199805858	84.84369857	15.15589505	0.0004063798622				0	63.38009805	36.61990195	63.58724882	36.41275118	0				-432.9040509	0.1199805858	NaN	
432.7440509	94	5	1	1	0.1199805858	84.84369857	15.15589505	0.0004063798622				0	63.38009805	36.61990195	63.58724882	36.41275118	0				-432.7440509	0.1199805858	NaN	
432.5840509	94	5	1	1	0.1199805858	84.84369857	15.15589505	0.0004063798622				0	63.38009805	36.61990195	63.58724882	36.41275118	0				-432.5840509	0.1199805858	NaN	
432.4240509	94	5	1	1	0.1199805858	84.84369857	15.15589505	0.0004063798622				0	63.38009805	36.61990195	63.58724882	36.41275118	0				-432.4240509	0.1199805858	NaN	
432.2640509	94	5	1	1	0.1199805858	84.84369857	15.15589505	0.0004063798622				0	63.38009805	36.61990195	63.58724882	36.41275118	0				-432.2640509	0.1199805858	NaN	
432.1040509	94	5	1	1	0.1199805858	84.84369857	15.15589505	0.0004063798622				0	63.38009805	36.61990195	63.58724882	36.41275118	0				-432.1040509	0.1199805858	NaN	
431.9440509	94	5	1	1	0.1199805858	84.84369857	15.15589505	0.0004063798622				0	63.38009805	36.61990195	63.58724882	36.41275118	0				-431.9440509	0.1199805858	NaN	
431.7840509	94	5	1	1	0.1199805858	84.84369857	15.15589505	0.0004063798622				0	63.38009805	36.61990195	63.58724882	36.41275118	0				-431.7840509	0.1199805858	NaN	
431.6240509	94	5	1	1	0.1199805858	84.84369857	15.15589505	0.0004063798622				0	63.38009805	36.61990195	63.58724882	36.41275118	0				-431.6240509	0.1199805858	NaN	
431.4640509	94	5	1	1	0.1199805858	84.84369857	15.15589505	0.0004063798622				0	63.38009805	36.61990195	63.58724882	36.41275118	0				-431.4640509	0.1199805858	NaN	
431.3040509	94	5	1	1	0.1199805858	84.84369857	15.15589505	0.0004063798622				0	63.38009805	36.61990195	63.58724882	36.41275118	0				-431.3040509	0.1199805858	NaN	
431.1440509	94	5	1	1	0.1199805858	84.84369857	15.15589505	0.0004063798622				0	63.38009805	36.61990195	63.58724882	36.41275118	0				-431.1440509	0.1199805858	NaN	
430.9840509	94	5	1	1	0.1199805858	84.84369857	15.15589505	0.0004063798622				0	63.38009805	36.61990195	63.58724882	36.41275118	0				-430.9840509	0.1199805858	NaN	
430.8240509	94	5	1	1	0.1199805858	84.84369857	15.15589505	0.0004063798622				0	63.38009805	36.61990195	63.58724882	36.41275118	0				-430.8240509	0.1199805858	NaN	
430.6640509	94	5	1	1	0.1199805858	84.84369857	15.15589505	0.0004063798622				0	63.38009805	36.61990195	63.58724882	36.41275118	0				-430.6640509	0.1199805858	NaN	
430.5040509	94	5	1	1	0.1199805858	84.84369857	15.15589505	0.0004063798622				0	63.38009805	36.61990195	63.58724882	36.41275118	0				-430.5040509	0.1199805858	NaN	
430.3440509	94	5	1	1	0.1199805858	84.84369857	15.15589505	0.0004063798622				0	63.38009805	36.61990195	63.58724882	36.41275118	0				-430.3440509	0.1199805858	NaN	
430.1840509	94	5	1	1	0.1199805858	84.84369857	15.15589505	0.0004063798622				0	63.38009805	36.61990195	63.58724882	36.41275118	0				-430.1840509	0.1199805858	NaN	
430.0240509	94	5	1	1	0.1199805858	84.84369857	15.15589505	0.0004063798622				0	63.38009805	36.61990195	63.58724882	36.41275118	0				-430.0240509	0.1199805858	NaN	
429.8640509	94	5	1	1	0.1199805858	84.84369857	15.15589505	0.0004063798622				0	63.38009805	36.61990195	63.58724882	36.41275118	0				-429.8640509	0.1199805858	NaN	
429.7040509	94	5	1	1	0.1199805858	84.84369857	15.15589505	0.0004063798622				0	63.38009805	36.61990195	63.58724882	36.41275118	0				-429.7040509	0.1199805858	NaN	
429.5440509	94	5	1	1	0.1199805858	84.84369857	15.15589505	0.0004063798622				0	63.38009805	36.61990195	63.58724882	36.41275118	0				-429.5440509	0.1199805858	NaN	
429.3840509	94	5	1	1	0.1199805858	84.84369857	15.15589505	0.0004063798622				0	63.38009805	36.61990195	63.58724882	36.41275118	0				-429.3840509	0.1199805858	NaN	
429.2240509	94	5	1	1	0.1199805858	84.84369857	15.15589505	0.0004063798622				0	63.38009805	36.61990195	63.58724882	36.41275118	0				-429.2240509	0.1199805858	NaN	
429.0640509	94	5	1	1	0.1199805858	84.84369857	15.15589505	0.0004063798622				0	63.38009805	36.61990195	63.58724882	36.41275118	0				-429.0640509	0.1199805858	NaN	
428.9040509	94	5	1	1	0.1199805858	84.84369857	15.15589505	0.0004063798622				0	63.38009805	36.61990195	63.58724882	36.41275118	0				-428.9040509	0.1199805858	NaN	
428.7440509	94	5	1	1	0.1199805858	84.84369857	15.15589505	0.0004063798622				0	63.38009805	36.61990195	63.58724882	36.41275118	0				-428.7440509	0.1199805858	NaN	
428.5840509	94	5	1	1	0.1199805858	84.84369857	15.15589505	0.0004063798622				0	63.38009805	36.61990195	63.58724882	36.41275118	0				-428.5840509	0.1199805858	NaN	
428.4240509	94	5	1	1	0.1199805858	84.84369857	15.15589505	0.0004063798622				0	63.38009805	36.61990195	63.58724882	36.41275118	0				-428.4240509	0.1199805858	NaN	
428.2640509	94	5	1	1	0.1199805858	84.84369857	15.15589505	0.0004063798622				0	63.38009805	36.61990195	63.58724882	36.41275118	0				-428.2640509	0.1199805858	NaN	
428.1040509	94	5	1	1	0.1199805858	84.84369857	15.15589505	0.0004063798622				0	63.38009805	36.61990195	63.58724882	36.41275118	0				-428.1040509	0.1199805858	NaN	
427.9440509	94	5	1	1	0.1199805858	84.84369857	15.15589505	0.0004063798622				0	63.38009805	36.61990195	63.58724882	36.41275118	0				-427.9440509	0.1199805858	NaN	
427.7840509	94	5	1	1	0.1199805858	84.84369857	15.15589505	0.0004063798622				0	63.38009805	36.61990195	63.58724882	36.41275118	0				-427.7840509	0.1199805858	NaN	
427.6240509	94	5	1	1	0.1199805858	84.84369857	15.15589505	0.0004063798622				0	63.38009805	36.61990195	63.58724882	36.41275118	0				-427.6240509	0.1199805858	NaN	
427.4640509	94	5	1	1	0.1199805858	84.84369857	15.15589505	0.0004063798622				0	63.38009805	36.61990195	63.58724882	36.41275118	0				-427.4640509	0.1199805858	NaN	
427.3040509	94	5	1	1	0.1199805858	84.84369857	15.15589505	0.0004063798622				0	63.38009805	36.61990195	63.58724882	36.41275118	0				-427.3040509	0.1199805858	NaN	
427.1440509	94	5	1	1	0.1199805858	84.84369857	15.15589505	0.0004063798622				0	63.38009805	36.61990195	63.58724882	36.41275118	0				-427.1440509	0.1199805858	NaN	
426.9840509	94	5	1	1	0.1199805858	84.84369857	15.15589505	0.0004063798622				0	63.38009805	36.61990195	63.58724882	36.41275118	0				-426.9840509	0.1199805858	NaN	
426.8240509	94	5	1	1	0.1199805858	84.84369857	15.15589505	0.0004063798622				0	63.38009805	36.61990195	63.58724882	36.41275118	0				-426.8240509	0.1199805858	NaN	
426.6640509	94	5	1	1	0.1199805858	84.84369857	15.15589505	0.0004063798622				0	63.38009805	36.61990195	63.58724882	36.41275118	0				-426.6640509	0.1199805858	NaN	
426.5040509	94	5	1	1	0.1199805858	84.84369857	15.15589505	0.0004063798622				0	63.38009805	36.61990195	63.58724882	36.41275118	0				-426.5040509	0.1199805858	NaN	
426.3440509	94	5	1	1	0.1199805858	84.84369857	15.15589505	0.0004063798622				0	63.38009805	36.61990195	63.58724882	36.41275118	0				-426.3440509	0.1199805858	NaN	
426.1840509	94	5	1	1	0.1199805858	84.84369857	15.15589505	0.0004063798622				0	63.38009805	36.61990195	63.58724882	36.41275118	0				-426.1840509	0.1199805858	NaN	
426.0240509	94	5	1	1	0.1199805858	84.84369857	15.15589505	0.0004063798622				0	63.38009805	36.61990195	63.58724882	36.41275118	0				-426.0240509	0.1199805858	NaN	
425.8640509	94	5	1	1	0.1199805858	84.84369857	15.15589505	0.0004063798622				0	63.38009805	36.61990195	63.58724882	36.41275118	0				-425.8640509	0.1199805858	NaN	
425.7040509	94	5	1	1	0.1199805858	84.84369857	15.15589505	0.0004063798622				0	63.38009805	36.61990195	63.58724882	36.41275118	0				-425.7040509	0.1199805858	NaN	
425.5440509	94	5	1	1	0.1199805858	84.84369857	15.15589505	0.0004063798622				0	63.38009805	36.61990195	63.58724882	36.41275118	0				-425.5440509	0.1199805858	NaN	
425.3840509	94	5	1	1	0.1199805858	84.84369857	15.15589505	0.0004063798622				0	63.38009805	36.61990195	63.58724882	36.41275118	0				-425.3840509	0.1199805858	NaN	
425.2240509	94	5	1	1	0.1199805858	84.84369857	15.15589505	0.0004063798622				0	63.38009805	36.61990195	63.58724882	36.41275118	0				-425.2240509	0.1199805858	NaN	
425.0640509	94	5	1	1	0.1199805858	84.84369857	15.15589505	0.0004063798622				0	63.38009805	36.61990195	63.58724882	36.41275118	0				-425.0640509	0.1199805858	NaN	
424.9040509	94	5	1	1	0.1199805858	84.84369857	15.15589505	0.0004063798622				0	63.38009805	36.61990195	63.58724882	36.41275118	0				-424.9040509	0.1199805858	NaN	
424.7440509	94	5	1	1	0.1199805858	84.84369857	15.15589505	0.0004063798622				0	63.38009805	36.61990195	63.58724882	36.41275118	0				-424.7440509	0.1199805858	NaN	
424.5840509	94	5	1	1	0.1199805858	84.84369857	15.15589505	0.0004063798622				0	63.38009805	36.61990195	63.58724882	36.41275118	0				-424.5840509	0.1199805858	NaN	
424.4240509	94	5	1	1	0.1199805858	84.84369857	15.15589505	0.0004063798622				0	63.38009805	36.61990195	63.58724882	36.41275118	0				-424.4240509	0.1199805858	NaN	
424.2640509	94	5	1	1	0.1199805858	84.84369857	15.15589505	0.0004063798622				0	63.38009805	36.61990195	63.58724882	36.41275118	0				-424.2640509	0.1199805858	NaN	
424.1040509	94	5	1	1	0.1199805858	84.84369857	15.15589505	0.0004063798622				0	63.38009805	36.61990195	63.58724882	36.41275118	0				-424.1040509	0.1199805858	NaN	
423.9440509	94	5	1	1	0.1199805858	84.84369857	15.15589505	0.0004063798622				0	63.38009805	36.61990195	63.58724882	36.41275118	0				-423.9440509	0.1199805858	NaN	
423.7840509	94	5	1	1	0.1199805858	84.84369857	15.15589505	0.0004063798622				0	63.38009805	36.61990195	63.58724882	36.41275118	0				-423.7840509	0.1199805858	NaN	
423.6240509	94	5	1	1	0.1199805858	84.84369857	15.15589505	0.0004063798622				0	63.38009805	36.61990195	63.58724882	36.41275118	0				-423.6240509	0.1199805858	NaN	
423.4640509	94	5	1	1	0.1199805858	84.84369857	15.15589505	0.0004063798622				0	63.38009805	36.61990195	63.58724882	36.41275118	0				-423.4640509	0.1199805858	NaN	
423.3040509	94	5	1	1	0.1199805858	84.84369857	15.15589505	0.0004063798622				0	63.38009805	36.61990195	63.58724882	36.41275118	0				-423.3040509	0.1199805858	NaN	
423.1440509	94	5	1	1	0.1199805858	84.84369857	15.15589505	0.0004063798622				0	63.38009805	36.61990195	63.58724882	36.41275118	0				-423.1440509	0.1199805858	NaN	
422.9840509	94	5	1	1	0.1199805858	84.84369857	15.15589505	0.0004063798622				0	63.38009805	36.61990195	63.58724882	36.41275118	0				-422.9840509	0.1199805858	NaN	
422.8240509	94	5	1	1	0.1199805858	84.84369857	15.15589505	0.0004063798622				0	63.38009805	36.61990195	63.58724882	36.41275118	0				-422.8240509	0.1199805858	NaN	
422.6640509	94	5	1	1	0.1199805858	84.84369857	15.15589505	0.0004063798622				0	63.38009805	36.61990195	63.58724882	36.41275118	0				-422.6640509	0.1199805858	NaN	
422.5040509	94	5	1	1	0.1199805858	84.84369857	15.15589505	0.0004063798622				0	63.38009805	36.61990195	63.58724882	36.41275118	0				-422.5040509	0.1199805858	NaN	
422.3440509	94	5	1	1	0.1199805858	84.84369857	15.15589505	0.0004063798622				0	63.38009805	36.61990195	63.58724882	36.41275118	0				-422.3440509	0.1199805858	NaN	
422.1840509	94	5	1	1	0.1199805858	84.84369857	15.15589505	0.0004063798622				0	63.38009805	36.61990195	63.58724882	36.41275118	0				-422.1840509	0.1199805858	NaN	
422.0240509	94	5	1	1	0.1199805858	84.84369857	15.15589505	0.0004063798622				0	63.38009805	36.61990195	63.58724882	36.41275118	0				-422.0240509	0.1199805858	NaN	
421.8640509	94	5	1	1	0.1199805858	84.84369857	15.15589505	0.0004063798622				0	63.38009805	36.61990195	63.58724882	36.41275118	0				-421.8640509	0.1199805858	NaN	
421.7040509	94	5	1	1	0.1199805858	84.84369857	15.15589505	0.0004063798622				0	63.38009805	36.61990195	63.58724882	36.41275118	0				-421.7040509	0.1199805858	NaN	
421.5440509	94	5	1	1	0.1199805858	84.84369857	15.15589505	0.0004063798622				0	63.38009805	36.61990195	63.58724882	36.41275118	0				-421.5440509	0.1199805858	NaN	
421.3840509	94	5	1	1	0.1199805858	84.84369857	15.15589505	0.0004063798622				0	63.38009805	36.61990195	63.58724882	36.41275118	0				-421.3840509	0.1199805858	NaN	
421.2240509	94	5	1	1	0.1199805858	84.84369857	15.15589505	0.0004063798622				0	63.38009805	36.61990195	63.58724882	36.41275118	0				-421.2240509	0.1199805858	NaN	
421.0640509	94	5	1	1	0.1199805858	84.84369857	15.15589505	0.0004063798622				0	63.38009805	36.61990195	63.58724882	36.41275118	0				-421.0640509	0.1199805858	NaN	
420.9040509	94	5	1	1	0.1199805858	84.84369857	15.15589505	0.0004063798622				0	63.38009805	36.61990195	63.58724882	36.41275118	0				-420.9040509	0.1199805858	NaN	
420.7440509	94	5	1	1	0.1199805858	84.84369857	15.15589505	0.0004063798622				0	63.38009805	36.61990195	63.58724882	36.41275118	0				-420.7440509	0.1199805858	NaN	
420.5840509	94	5	1	1	0.1199805858	84.84369857	15.15589505	0.0004063798622				0	63.38009805	36.61990195	63.58724882	36.41275118	0				-420.5840509	0.1199805858	NaN	
420.4240509	94	5	1	1	0.1199805858	84.84369857	15.15589505	0.0004063798622				0	63.38009805	36.61990195	63.58724882	36.41275118	0				-420.4240509	0.1199805858	NaN	
420.2640509	94	5	1	1	0.1199805858	84.84369857	15.15589505	0.0004063798622				0	63.38009805	36.61990195	63.58724882	36.41275118	0				-420.2640509	0.1199805858	NaN	
420.1040509	94	5	1	1	0.1199805858	84.84369857	15.15589505	0.0004063798622				0	63.38009805	36.61990195	63.58724882	36.41275118	0				-420.1040509	0.1199805858	NaN	
419.9440509	94	5	1	1	0.1199805858	84.84369857	15.15589505	0.0004063798622				0	63.38009805	36.61990195	63.58724882	36.41275118	0				-419.9440509	0.1199805858	NaN	
419.7840509	94	5	1	1	0.1199805858	84.84369857	15.15589505	0.0004063798622				0	63.38009805	36.61990195	63.58724882	36.41275118	0				-419.7840509	0.1199805858	NaN	
419.6240509	94	5	1	1	0.1199805858	84.84369857	15.15589505	0.0004063798622				0	63.38009805	36.61990195	63.58724882	36.41275118	0				-419.6240509	0.1199805858	NaN	
419.4640509	94	5	1	1	0.1199805858	84.84369857	15.15589505	0.0004063798622				0	63.38009805	36.61990195	63.58724882	36.41275118	0				-419.4640509	0.1199805858	NaN	
419.3040509	94	5	1	1	0.1199805858	84.84369857	15.15589505	0.0004063798622				0	63.38009805	36.61990195	63.58724882	36.41275118	0				-419.3040509	0.1199805858	NaN	
419.1440509	94	5	1	1	0.1199805858	84.84369857	15.15589505	0.0004063798622				0	63.38009805	36.61990195	63.58724882	36.41275118	0				-419.1440509	0.1199805858	NaN	
418.9840509	94	5	1	1	0.1199805858	84.84369857	15.15589505	0.0004063798622				0	63.38009805	36.61990195	63.58724882	36.41275118	0				-418.9840509	0.1199805858	NaN	
418.8240509	94	5	1	1	0.1199805858	84.84369857	15.15589505	0.0004063798622				0	63.38009805	36.61990195	63.58724882	36.41275118	0				-418.8240509	0.1199805858	NaN	
418.6640509	94	5	1	1	0.1199805858	84.84369857	15.15589505	0.0004063798622				0	63.38009805	36.61990195	63.58724882	36.41275118	0				-418.6640509	0.1199805858	NaN	
418.5040509	94	5	1	1	0.1199805858	84.84369857	15.15589505	0.0004063798622				0	63.38009805	36.61990195	63.58724882	36.41275118	0				-418.5040509	0.1199805858	NaN	
418.3440509	94	5	1	1	0.1199805858	84.84369857	15.15589505	0.0004063798622				0	63.38009805	36.61990195	63.58724882	36.41275118	0				-418.3440509	0.1199805858	NaN	
418.1840509	94	5	1	1	0.1199805858	84.84369857	15.15589505	0.0004063798622				0	63.38009805	36.61990195	63.58724882	36.41275118	0				-418.1840509	0.1199805858	NaN	
418.0240509	94	5	1	1	0.1199805858	84.84369857	15.15589505	0.0004063798622				0	63.38009805	36.61990195	63.58724882	36.41275118	0				-418.0240509	0.1199805858	NaN	
417.8640509	94	5	1	1	0.1199805858	84.84369857	15.15589505	0.0004063798622				0	63.38009805	36.61990195	63.58724882	36.41275118	0				-417.8640509	0.1199805858	NaN	
417.7040509	94	5	1	1	0.1199805858	84.84369857	15.15589505	0.0004063798622				0	63.38009805	36.61990195	63.58724882	36.41275118	0				-417.7040509	0.1199805858	NaN	
417.5440509	94	5	1	1	0.1199805858	84.84369857	15.15589505	0.0004063798622				0	63.38009805	36.61990195	63.58724882	36.41275118	0				-417.5440509	0.1199805858	NaN	
417.3840509	94	5	1	1	0.1199805858	84.84369857	15.15589505	0.0004063798622				0	63.38009805	36.61990195	63.58724882	36.41275118	0				-417.3840509	0.1199805858	NaN	
417.2240509	94	5	1	1	0.1199805858	84.84369857	15.15589505	0.0004063798622				0	63.38009805	36.61990195	63.58724882	36.41275118	0				-417.2240509	0.1199805858	NaN	
417.0640509	94	5	1	1	0.1199805858	84.84369857	15.15589505	0.0004063798622				0	63.38009805	36.61990195	63.58724882	36.41275118	0				-417.0640509	0.1199805858	NaN	
416.9040509	94	5	1	1	0.1199805858	84.84369857	15.15589505	0.0004063798622				0	63.38009805	36.61990195	63.58724882	36.41275118	0				-416.9040509	0.1199805858	NaN	
416.7440509	94	5	1	1	0.1199805858	84.84369857	15.15589505	0.0004063798622				0	63.38009805	36.61990195	63.58724882	36.41275118	0				-416.7440509	0.1199805858	NaN	
416.5840509	94	5	1	1	0.1199805858	84.84369857	15.15589505	0.0004063798622				0	63.38009805	36.61990195	63.58724882	36.41275118	0				-416.5840509	0.1199805858	NaN	
416.4240509	94	5	1	1	0.1199805858	84.84369857	15.15589505	0.0004063798622				0	63.38009805	36.61990195	63.58724882	36.41275118	0				-416.4240509	0.1199805858	NaN	
416.2640509	94	5	1	1	0.1199805858	84.84369857	15.15589505	0.0004063798622				0	63.38009805	36.61990195	63.58724882	36.41275118	0				-416.2640509	0.1199805858	NaN	
416.1040509	94	5	1	1	0.1199805858	84.84369857	15.15589505	0.0004063798622				0	63.38009805	36.61990195	63.58724882	36.41275118	0				-416.1040509	0.1199805858	NaN	
415.9440509	94	5	1	1	0.1199805858	84.84369857	15.15589505	0.0004063798622				0	63.38009805	36.61990195	63.58724882	36.41275118	0				-415.9440509	0.1199805858	NaN	
415.7840509	94	5	1	1	0.1199805858	84.84369857	15.15589505	0.0004063798622				0	63.38009805	36.61990195	63.58724882	36.41275118	0				-415.7840509	0.1199805858	NaN	
415.6240509	94	5	1	1	0.1199805858	84.84369857	15.15589505	0.0004063798622				0	63.38009805	36.61990195	63.58724882	36.41275118	0				-415.6240509	0.1199805858	NaN	
415.4640509	94	5	1	1	0.1199805858	84.84369857	15.15589505	0.0004063798622				0	63.38009805	36.61990195	63.58724882	36.41275118	0				-415.4640509	0.1199805858	NaN	
415.3040509	94	5	1	1	0.1199805858	84.84369857	15.15589505	0.0004063798622				0	63.38009805	36.61990195	63.58724882	36.41275118	0				-415.3040509	0.1199805858	NaN	
415.1440509	94	5	1	1	0.1199805858	84.84369857	15.15589505	0.0004063798622				0	63.38009805	36.61990195	63.58724882	36.41275118	0				-415.1440509	0.1199805858	NaN	
414.9840509	94	5	1	1	0.1199805858	84.84369857	15.15589505	0.0004063798622				0	63.38009805	36.61990195	63.58724882	36.41275118	0				-414.9840509	0.1199805858	NaN	
414.8240509	94	5	1	1	0.1199805858	84.84369857	15.15589505	0.0004063798622				0	63.38009805	36.61990195	63.58724882	36.41275118	0				-414.8240509	0.1199805858	NaN	
414.6640509	94	5	1	1	0.1199805858	84.84369857	15.15589505	0.0004063798622				0	63.38009805	36.61990195	63.58724882	36.41275118	0				-414.6640509	0.1199805858	NaN	
414.5040509	94	5	1	1	0.1199805858	84.84369857	15.15589505	0.0004063798622				0	63.38009805	36.61990195	63.58724882	36.41275118	0				-414.5040509	0.1199805858	NaN	
414.3440509	94	5	1	1	0.1199805858	84.84369857	15.15589505	0.0004063798622				0	63.38009805	36.61990195	63.58724882	36.41275118	0				-414.3440509	0.1199805858	NaN	
414.1840509	94	5	1	1	0.1199805858	84.84369857	15.15589505	0.0004063798622				0	63.38009805	36.61990195	63.58724882	36.41275118	0				-414.1840509	0.1199805858	NaN	
414.0240509	94	5	1	1	0.1199805858	84.84369857	15.15589505	0.0004063798622				0	63.38009805	36.61990195	63.58724882	36.41275118	0				-414.0240509	0.1199805858	NaN	
413.8640509	94	5	1	1	0.1199805858	84.84369857	15.15589505	0.0004063798622				0	63.38009805	36.61990195	63.58724882	36.41275118	0				-413.8640509	0.1199805858	NaN	
413.7040509	94	5	1	1	0.1199805858	84.84369857	15.15589505	0.0004063798622				0	63.38009805	36.61990195	63.58724882	36.41275118	0				-413.7040509	0.1199805858	NaN	
413.5440509	94	5	1	1	0.1199805858	84.84369857	15.15589505	0.0004063798622				0	63.38009805	36.61990195	63.58724882	36.41275118	0				-413.5440509	0.1199805858	NaN	
413.3840509	94	5	1	1	0.1199805858	84.84369857	15.15589505	0.0004063798622				0	63.38009805	36.61990195	63.58724882	36.41275118	0				-413.3840509	0.1199805858	NaN	
413.2240509	94	5	1	1	0.1199805858	84.84369857	15.15589505	0.0004063798622				0	63.38009805	36.61990195	63.58724882	36.41275118	0				-413.2240509	0.1199805858	NaN	
413.0640509	94	5	1	1	0.1199805858	84.84369857	15.15589505	0.0004063798622				0	63.38009805	36.61990195	63.58724882	36.41275118	0				-413.0640509	0.1199805858	NaN	
412.9040509	94	5	1	1	0.1199805858	84.84369857	15.15589505	0.0004063798622				0	63.38009805	36.61990195	63.58724882	36.41275118	0				-412.9040509	0.1199805858	NaN	
412.7440509	94	5	1	1	0.1199805858	84.84369857	15.15589505	0.0004063798622				0	63.38009805	36.61990195	63.58724882	36.41275118	0				-412.7440509	0.1199805858	NaN	
412.5840509	94	5	1	1	0.1199805858	84.84369857	15.15589505	0.0004063798622				0	63.38009805	36.61990195	63.58724882	36.41275118	0				-412.5840509	0.1199805858	NaN	
412.4240509	94	5	1	1	0.1199805858	84.84369857	15.15589505	0.0004063798622				0	63.38009805	36.61990195	63.58724882	36.41275118	0				-412.4240509	0.1199805858	NaN	
412.2640509	94	5	1	1	0.1199805858	84.84369857	15.15589505	0.0004063798622				0	63.38009805	36.61990195	63.58724882	36.41275118	0				-412.2640509	0.1199805858	NaN	
412.1040509	94	5	1	1	0.1199805858	84.84369857	15.15589505	0.0004063798622				0	63.38009805	36.61990195	63.58724882	36.41275118	0				-412.1040509	0.1199805858	NaN	
411.9440509	94	5	1	1	0.1199805858	84.84369857	15.15589505	0.0004063798622				0	63.38009805	36.61990195	63.58724882	36.41275118	0				-411.9440509	0.1199805858	NaN	
411.7840509	94	5	1	1	0.1199805858	84.84369857	15.15589505	0.0004063798622				0	63.38009805	36.61990195	63.58724882	36.41275118	0				-411.7840509	0.1199805858	NaN	
411.6240509	94	5	1	1	0.1199805858	84.84369857	15.15589505	0.0004063798622				0	63.38009805	36.61990195	63.58724882	36.41275118	0				-411.6240509	0.1199805858	NaN	
411.4640509	94	5	1	1	0.1199805858	84.84369857	15.15589505	0.0004063798622				0	63.38009805	36.61990195	63.58724882	36.41275118	0				-411.4640509	0.1199805858	NaN	
411.3040509	94	5	1	1	0.1199805858	84.84369857	15.15589505	0.0004063798622				0	63.38009805	36.61990195	63.58724882	36.41275118	0				-411.3040509	0.1199805858	NaN	
411.1440509	94	5	1	1	0.1199805858	84.84369857	15.15589505	0.0004063798622				0	63.38009805	36.61990195	63.58724882	36.41275118	0				-411.1440509	0.1199805858	NaN	
410.9840509	94	5	1	1	0.1199805858	84.84369857	15.15589505	0.0004063798622				0	63.38009805	36.61990195	63.58724882	36.41275118	0				-410.9840509	0.1199805858	NaN	
410.8240509	94	5	1	1	0.1199805858	84.84369857	15.15589505	0.0004063798622				0	63.38009805	36.61990195	63.58724882	36.41275118	0				-410.8240509	0.1199805858	NaN	
410.6640509	94	5	1	1	0.1199805858	84.84369857	15.15589505	0.0004063798622				0	63.38009805	36.61990195	63.58724882	36.41275118	0				-410.6640509	0.1199805858	NaN	
410.5040509	94	5	1	1	0.1199805858	84.84369857	15.15589505	0.0004063798622				0	63.38009805	36.61990195	63.58724882	36.41275118	0				-410.5040509	0.1199805858	NaN	
410.3440509	94	5	1	1	0.1199805858	84.84369857	15.15589505	0.0004063798622				0	63.38009805	36.61990195	63.58724882	36.41275118	0				-410.3440509	0.1199805858	NaN	
410.1840509	94	5	1	1	0.1199805858	84.84369857	15.15589505	0.0004063798622				0	63.38009805	36.61990195	63.58724882	36.41275118	0				-410.1840509	0.1199805858	NaN	
410.0240509	94	5	1	1	0.1199805858	84.84369857	15.15589505	0.0004063798622				0	63.38009805	36.61990195	63.58724882	36.41275118	0				-410.0240509	0.1199805858	NaN	
409.8640509	94	5	1	1	0.1199805858	84.84369857	15.15589505	0.0004063798622				0	63.38009805	36.61990195	63.58724882	36.41275118	0				-409.8640509	0.1199805858	NaN	
409.7040509	94	5	1	1	0.1199805858	84.84369857	15.15589505	0.0004063798622				0	63.38009805	36.61990195	63.58724882	36.41275118	0				-409.7040509	0.1199805858	NaN	
409.5440509	94	5	1	1	0.1199805858	84.84369857	15.15589505	0.0004063798622				0	63.38009805	36.61990195	63.58724882	36.41275118	0				-409.5440509	0.1199805858	NaN	
409.3840509	94	5	1	1	0.1199805858	84.84369857	15.15589505	0.0004063798622				0	63.38009805	36.61990195	63.58724882	36.41275118	0				-409.3840509	0.1199805858	NaN	
409.2240509	94	5	1	1	0.1199805858	84.84369857	15.15589505	0.0004063798622				0	63.38009805	36.61990195	63.58724882	36.41275118	0				-409.2240509	0.1199805858	NaN	
409.0640509	94	5	1	1	0.1199805858	84.84369857	15.15589505	0.0004063798622				0	63.38009805	36.61990195	63.58724882	36.41275118	0				-409.0640509	0.1199805858	NaN	
408.9040509	94	5	1	1	0.1199805858	84.84369857	15.15589505	0.0004063798622				0	63.38009805	36.61990195	63.58724882	36.41275118	0				-408.9040509	0.1199805858	NaN	
408.7440509	94	5	1	1	0.1199805858	84.84369857	15.15589505	0.0004063798622				0	63.38009805	36.61990195	63.58724882	36.41275118	0				-408.7440509	0.1199805858	NaN	
408.5840509	94	5	1	1	0.1199805858	84.84369857	15.15589505	0.0004063798622				0	63.38009805	36.61990195	63.58724882	36.41275118	0				-408.5840509	0.1199805858	NaN	
408.4240509	94	5	1	1	0.1199805858	84.84369857	15.15589505	0.0004063798622				0	63.38009805	36.61990195	63.58724882	36.41275118	0				-408.4240509	0.1199805858	NaN	
408.2640509	94	5	1	1	0.1199805858	84.84369857	15.15589505	0.0004063798622				0	63.38009805	36.61990195	63.58724882	36.41275118	0				-408.2640509	0.1199805858	NaN	
408.1040509	94	5	1	1	0.1199805858	84.84369857	15.15589505	0.0004063798622				0	63.38009805	36.61990195	63.58724882	36.41275118	0				-408.1040509	0.1199805858	NaN	
407.9440509	94	5	1	1	0.1199805858	84.84369857	15.15589505	0.0004063798622				0	63.38009805	36.61990195	63.58724882	36.41275118	0				-407.9440509	0.1199805858	NaN	
407.7840509	94	5	1	1	0.1199805858	84.84369857	15.15589505	0.0004063798622				0	63.38009805	36.61990195	63.58724882	36.41275118	0				-407.7840509	0.1199805858	NaN	
407.6240509	94	5	1	1	0.1199805858	84.84369857	15.15589505	0.0004063798622				0	63.38009805	36.61990195	63.58724882	36.41275118	0				-407.6240509	0.1199805858	NaN	
407.4640509	94	5	1	1	0.1199805858	84.84369857	15.15589505	0.0004063798622				0	63.38009805	36.61990195	63.58724882	36.41275118	0				-407.4640509	0.1199805858	NaN	
407.3040509	94	5	1	1	0.1199805858	84.84369857	15.15589505	0.0004063798622				0	63.38009805	36.61990195	63.58724882	36.41275118	0				-407.3040509	0.1199805858	NaN	
407.1440509	94	5	1	1	0.1199805858	84.84369857	15.15589505	0.0004063798622				0	63.38009805	36.61990195	63.58724882	36.41275118	0				-407.1440509	0.1199805858	NaN	
406.9840509	94	5	1	1	0.1199805858	84.84369857	15.15589505	0.0004063798622				0	63.38009805	36.61990195	63.58724882	36.41275118	0				-406.9840509	0.1199805858	NaN	
406.8240509	94	5	1	1	0.1199805858	84.84369857	15.15589505	0.0004063798622				0	63.38009805	36.61990195	63.58724882	36.41275118	0				-406.8240509	0.1199805858	NaN	
406.6640509	94	5	1	1	0.1199805858	84.84369857	15.15589505	0.0004063798622				0	63.38009805	36.61990195	63.58724882	36.41275118	0				-406.6640509	0.1199805858	NaN	
406.5040509	94	5	1	1	0.1199805858	84.84369857	15.15589505	0.0004063798622				0	63.38009805	36.61990195	63.58724882	36.41275118	0				-406.5040509	0.1199805858	NaN	
406.3440509	94	5	1	1	0.1199805858	84.84369857	15.15589505	0.0004063798622				0	63.38009805	36.61990195	63.58724882	36.41275118	0				-406.3440509	0.1199805858	NaN	
406.1840509	94	5	1	1	0.1199805858	84.84369857	15.15589505	0.0004063798622				0	63.38009805	36.61990195	63.58724882	36.41275118	0				-406.1840509	0.1199805858	NaN	
406.0240509	94	5	1	1	0.1199805858	84.84369857	15.15589505	0.0004063798622				0	63.38009805	36.61990195	63.58724882	36.41275118	0				-406.0240509	0.1199805858	NaN	
405.8640509	94	5	1	1	0.1199805858	84.84369857	15.15589505	0.0004063798622				0	63.38009805	36.61990195	63.58724882	36.41275118	0				-405.8640509	0.1199805858	NaN	
405.7040509	94	5	1	1	0.1199805858	84.84369857	15.15589505	0.0004063798622				0	63.38009805	36.61990195	63.58724882	36.41275118	0				-405.7040509	0.1199805858	NaN	
405.5440509	94	5	1	1	0.1199805858	84.84369857	15.15589505	0.0004063798622				0	63.38009805	36.61990195	63.58724882	36.41275118	0				-405.5440509	0.1199805858	NaN	
405.3840509	94	5	1	1	0.1199805858	84.84369857	15.15589505	0.0004063798622				0	63.38009805	36.61990195	63.58724882	36.41275118	0				-405.3840509	0.1199805858	NaN	
405.2240509	94	5	1	1	0.1199805858	84.84369857	15.15589505	0.0004063798622				0	63.38009805	36.61990195	63.58724882	36.41275118	0				-405.2240509	0.1199805858	NaN	
405.0640509	94	5	1	1	0.1199805858	84.84369857	15.15589505	0.0004063798622				0	63.38009805	36.61990195	63.58724882	36.41275118	0				-405.0640509	0.1199805858	NaN	
404.9040509	94	5	1	1	0.1199805858	84.84369857	15.15589505	0.0004063798622				0	63.38009805	36.61990195	63.58724882	36.41275118	0				-404.9040509	0.1199805858	NaN	
404.7440509	94	5	1	1	0.1199805858	84.84369857	15.15589505	0.0004063798622				0	63.38009805	36.61990195	63.58724882	36.41275118	0				-404.7440509	0.1199805858	NaN	
404.5840509	94	5	1	1	0.1199805858	84.84369857	15.15589505	0.0004063798622				0	63.38009805	36.61990195	63.58724882	36.41275118	0				-404.5840509	0.1199805858	NaN	
404.4240509	94	5	1	1	0.1199805858	84.84369857	15.15589505	0.0004063798622				0	63.38009805	36.61990195	63.58724882	36.41275118	0				-404.4240509	0.1199805858	NaN	
404.2640509	94	5	1	1	0.1199805858	84.84369857	15.15589505	0.0004063798622				0	63.38009805	36.61990195	63.58724882	36.41275118	0				-404.2640509	0.1199805858	NaN	
404.1040509	94	5	1	1	0.1199805858	84.84369857	15.15589505	0.0004063798622				0	63.38009805	36.61990195	63.58724882	36.41275118	0				-404.1040509	0.1199805858	NaN	
403.9440509	94	5	1	1	0.1199805858	84.84369857	15.15589505	0.0004063798622				0	63.38009805	36.61990195	63.58724882	36.41275118	0				-403.9440509	0.1199805858	NaN	
403.7840509	94	5	1	1	0.1199805858	84.84369857	15.15589505	0.0004063798622				0	63.38009805	36.61990195	63.58724882	36.41275118	0				-403.7840509	0.1199805858	NaN	
403.6240509	94	5	1	1	0.1199805858	84.84369857	15.15589505	0.0004063798622				0	63.38009805	36.61990195	63.58724882	36.41275118	0				-403.6240509	0.1199805858	NaN	
403.4640509	94	5	1	1	0.1199805858	84.84369857	15.15589505	0.0004063798622				0	63.38009805	36.61990195	63.58724882	36.41275118	0				-403.4640509	0.1199805858	NaN	
403.3040509	94	5	1	1	0.1199805858	84.84369857	15.15589505	0.0004063798622				0	63.38009805	36.61990195	63.58724882	36.41275118	0				-403.3040509	0.1199805858	NaN	
403.1440509	94	5	1	1	0.1199805858	84.84369857	15.15589505	0.0004063798622				0	63.38009805	36.61990195	63.58724882	36.41275118	0				-403.1440509	0.1199805858	NaN	
402.9840509	94	5	1	1	0.1199805858	84.84369857	15.15589505	0.0004063798622				0	63.38009805	36.61990195	63.58724882	36.41275118	0				-402.9840509	0.1199805858	NaN	
402.8240509	94	5	1	1	0.1199805858	84.84369857	15.15589505	0.0004063798622				0	63.38009805	36.61990195	63.58724882	36.41275118	0				-402.8240509	0.1199805858	NaN	
402.6640509	94	5	1	1	0.1199805858	84.84369857	15.15589505	0.0004063798622				0	63.38009805	36.61990195	63.58724882	36.41275118	0				-402.6640509	0.1199805858	NaN	
402.5040509	94	5	1	1	0.1199805858	84.84369857	15.15589505	0.0004063798622				0	63.38009805	36.61990195	63.58724882	36.41275118	0				-402.5040509	0.1199805858	NaN	
402.3440509	94	5	1	1	0.1199805858	84.84369857	15.15589505	0.0004063798622				0	63.38009805	36.61990195	63.58724882	36.41275118	0				-402.3440509	0.1199805858	NaN	
402.1840509	94	5	1	1	0.1199805858	84.84369857	15.15589505	0.0004063798622				0	63.38009805	36.61990195	63.58724882	36.41275118	0				-402.1840509	0.1199805858	NaN	
402.0240509	94	5	1	1	0.1199805858	84.84369857	15.15589505	0.0004063798622				0	63.38009805	36.61990195	63.58724882	36.41275118	0				-402.0240509	0.1199805858	NaN	
401.8640509	94	5	1	1	0.1199805858	84.84369857	15.15589505	0.0004063798622				0	63.38009805	36.61990195	63.58724882	36.41275118	0				-401.8640509	0.1199805858	NaN	
401.7040509	94	5	1	1	0.1199805858	84.84369857	15.15589505	0.0004063798622				0	63.38009805	36.61990195	63.58724882	36.41275118	0				-401.7040509	0.1199805858	NaN	
401.5440509	94	5	1	1	0.1199805858	84.84369857	15.15589505	0.0004063798622				0	63.38009805	36.61990195	63.58724882	36.41275118	0				-401.5440509	0.1199805858	NaN	
401.3840509	94	5	1	1	0.1199805858	84.84369857	15.15589505	0.0004063798622				0	63.38009805	36.61990195	63.58724882	36.41275118	0				-401.3840509	0.1199805858	NaN	
401.2240509	94	5	1	1	0.1199805858	84.84369857	15.15589505	0.0004063798622				0	63.38009805	36.61990195	63.58724882	36.41275118	0				-401.2240509	0.1199805858	NaN	
401.0640509	94	5	1	1	0.1199805858	84.84369857	15.15589505	0.0004063798622				0	63.38009805	36.61990195	63.58724882	36.41275118	0				-401.0640509	0.1199805858	NaN	
400.9040509	94	5	1	1	0.1199805858	84.84369857	15.15589505	0.0004063798622				0	63.38009805	36.61990195	63.58724882	36.41275118	0				-400.9040509	0.1199805858	NaN	
400.7440509	94	5	1	1	0.1199805858	84.84369857	15.15589505	0.0004063798622				0	63.38009805	36.61990195	63.58724882	36.41275118	0				-400.7440509	0.1199805858	NaN	
400.5840509	94	5	1	1	0.1199805858	84.84369857	15.15589505	0.0004063798622				0	63.38009805	36.61990195	63.58724882	36.41275118	0				-400.5840509	0.1199805858	NaN	
400.4240509	94	5	1	1	0.1199805858	84.84369857	15.15589505	0.0004063798622				0	63.38009805	36.61990195	63.58724882	36.41275118	0				-400.4240509	0.1199805858	NaN	
400.2640509	94	5	1	1	0.1199805858	84.84369857	15.15589505	0.0004063798622				0	63.38009805	36.61990195	63.58724882	36.41275118	0				-400.2640509	0.1199805858	NaN	
400.1040509	94	5	1	1	0.1199805858	84.84369857	15.15589505	0.0004063798622				0	63.38009805	36.61990195	63.58724882	36.41275118	0				-400.1040509	0.1199805858	NaN	
399.9440509	94	5	1	1	0.1199805858	84.84369857	15.15589505	0.0004063798622				0	63.38009805	36.61990195	63.58724882	36.41275118	0				-399.9440509	0.1199805858	NaN	
399.7840509	94	5	1	1	0.1199805858	84.84369857	15.15589505	0.0004063798622				0	63.38009805	36.61990195	63.58724882	36.41275118	0				-399.7840509	0.1199805858	NaN	
399.6240509	94	5	1	1	0.1199805858	84.84369857	15.15589505	0.0004063798622				0	63.38009805	36.61990195	63.58724882	36.41275118	0				-399.6240509	0.1199805858	NaN	
399.4640509	94	5	1	1	0.1199805858	84.84369857	15.15589505	0.0004063798622				0	63.38009805	36.61990195	63.58724882	36.41275118	0				-399.4640509	0.1199805858	NaN	
399.3040509	94	5	1	1	0.1199805858	84.84369857	15.15589505	0.0004063798622				0	63.38009805	36.61990195	63.58724882	36.41275118	0				-399.3040509	0.1199805858	NaN	
399.1440509	94	5	1	1	0.1199805858	84.84369857	15.15589505	0.0004063798622				0	63.38009805	36.61990195	63.58724882	36.41275118	0				-399.1440509	0.1199805858	NaN	
398.9840509	94	5	1	1	0.1199805858	84.84369857	15.15589505	0.0004063798622				0	63.38009805	36.61990195	63.58724882	36.41275118	0				-398.9840509	0.1199805858	NaN	
398.8240509	94	5	1	1	0.1199805858	84.84369857	15.15589505	0.0004063798622				0	63.38009805	36.61990195	63.58724882	36.41275118	0				-398.8240509	0.1199805858	NaN	
398.6640509	94	5	1	1	0.1199805858	84.84369857	15.15589505	0.0004063798622				0	63.38009805	36.61990195	63.58724882	36.41275118	0				-398.6640509	0.1199805858	NaN	
398.5040509	94	5	1	1	0.1199805858	84.84369857	15.15589505	0.0004063798622				0	63.38009805	36.61990195	63.58724882	36.41275118	0				-398.5040509	0.1199805858	NaN	
398.3440509	94	5	1	1	0.1199805858	84.84369857	15.15589505	0.0004063798622				0	63.38009805	36.61990195	63.58724882	36.41275118	0				-398.3440509	0.1199805858	NaN	
398.1840509	94	5	1	1	0.1199805858	84.84369857	15.15589505	0.0004063798622				0	63.38009805	36.61990195	63.58724882	36.41275118	0				-398.1840509	0.1199805858	NaN	
398.0240509	94	5	1	1	0.1199805858	84.84369857	15.15589505	0.0004063798622				0	63.38009805	36.61990195	63.58724882	36.41275118	0				-398.0240509	0.1199805858	NaN	
397.8640509	94	5	1	1	0.1199805858	84.84369857	15.15589505	0.0004063798622				0	63.38009805	36.61990195	63.58724882	36.41275118	0				-397.8640509	0.1199805858	NaN	
397.7040509	94	5	1	1	0.1199805858	84.84369857	15.15589505	0.0004063798622				0	63.38009805	36.61990195	63.58724882	36.41275118	0				-397.7040509	0.1199805858	NaN	
397.5440509	94	5	1	1	0.1199805858	84.84369857	15.15589505	0.0004063798622				0	63.38009805	36.61990195	63.58724882	36.41275118	0				-397.5440509	0.1199805858	NaN	
397.3840509	94	5	1	1	0.1199805858	84.84369857	15.15589505	0.0004063798622				0	63.38009805	36.61990195	63.58724882	36.41275118	0				-397.3840509	0.1199805858	NaN	
397.2240509	94	5	1	1	0.1199805858	84.84369857	15.15589505	0.0004063798622				0	63.38009805	36.61990195	63.58724882	36.41275118	0				-397.2240509	0.1199805858	NaN	
397.0640509	94	5	1	1	0.1199805858	84.84369857	15.15589505	0.0004063798622				0	63.38009805	36.61990195	63.58724882	36.41275118	0				-397.0640509	0.1199805858	NaN	
396.9040509	94	5	1	1	0.1199805858	84.84369857	15.15589505	0.0004063798622				0	63.38009805	36.61990195	63.58724882	36.41275118	0				-396.9040509	0.1199805858	NaN	
396.7440509	94	5	1	1	0.1199805858	84.84369857	15.15589505	0.0004063798622				0	63.38009805	36.61990195	63.58724882	36.41275118	0				-396.7440509	0.1199805858	NaN	
396.5840509	94	5	1	1	0.1199805858	84.84369857	15.15589505	0.0004063798622				0	63.38009805	36.61990195	63.58724882	36.41275118	0				-396.5840509	0.1199805858	NaN	
396.4240509	94	5	1	1	0.1199805858	84.84369857	15.15589505	0.0004063798622				0	63.38009805	36.61990195	63.58724882	36.41275118	0				-396.4240509	0.1199805858	NaN	
396.2640509	94	5	1	1	0.1199805858	84.84369857	15.15589505	0.0004063798622				0	63.38009805	36.61990195	63.58724882	36.41275118	0				-396.2640509	0.1199805858	NaN	
396.1040509	94	5	1	1	0.1199805858	84.84369857	15.15589505	0.0004063798622				0	63.38009805	36.61990195	63.58724882	36.41275118	0				-396.1040509	0.1199805858	NaN	
395.9440509	94	5	1	1	0.1199805858	84.84369857	15.15589505	0.0004063798622				0	63.38009805	36.61990195	63.58724882	36.41275118	0				-395.9440509	0.1199805858	NaN	
395.7840509	94	5	1	1	0.1199805858	84.84369857	15.15589505	0.0004063798622				0	63.38009805	36.61990195	63.58724882	36.41275118	0				-395.7840509	0.1199805858	NaN	
395.6240509	94	5	1	1	0.1199805858	84.84369857	15.15589505	0.0004063798622				0	63.38009805	36.61990195	63.58724882	36.41275118	0				-395.6240509	0.1199805858	NaN	
395.4640509	94	5	1	1	0.1199805858	84.84369857	15.15589505	0.0004063798622				0	63.38009805	36.61990195	63.58724882	36.41275118	0				-395.4640509	0.1199805858	NaN	
395.3040509	94	5	1	1	0.1199805858	84.84369857	15.15589505	0.0004063798622				0	63.38009805	36.61990195	63.58724882	36.41275118	0				-395.3040509	0.1199805858	NaN	
395.1440509	94	5	1	1	0.1199805858	84.84369857	15.15589505	0.0004063798622				0	63.38009805	36.61990195	63.58724882	36.41275118	0				-395.1440509	0.1199805858	NaN	
394.9840509	94	5	1	1	0.1199805858	84.84369857	15.15589505	0.0004063798622				0	63.38009805	36.61990195	63.58724882	36.41275118	0				-394.9840509	0.1199805858	NaN	
394.8240509	94	5	1	1	0.1199805858	84.84369857	15.15589505	0.0004063798622				0	63.38009805	36.61990195	63.58724882	36.41275118	0				-394.8240509	0.1199805858	NaN	
394.6640509	94	5	1	1	0.1199805858	84.84369857	15.15589505	0.0004063798622				0	63.38009805	36.61990195	63.58724882	36.41275118	0				-394.6640509	0.1199805858	NaN	
394.5040509	94	5	1	1	0.1199805858	84.84369857	15.15589505	0.0004063798622				0	63.38009805	36.61990195	63.58724882	36.41275118	0				-394.5040509	0.1199805858	NaN	
394.3440509	94	5	1	1	0.1199805858	84.84369857	15.15589505	0.0004063798622				0	63.38009805	36.61990195	63.58724882	36.41275118	0				-394.3440509	0.1199805858	NaN	
394.1840509	94	5	1	1	0.1199805858	84.84369857	15.15589505	0.0004063798622				0	63.38009805	36.61990195	63.58724882	36.41275118	0				-394.1840509	0.1199805858	NaN	
394.0240509	94	5	1	1	0.1199805858	84.84369857	15.15589505	0.0004063798622				0	63.38009805	36.61990195	63.58724882	36.41275118	0				-394.0240509	0.1199805858	NaN	
393.8640509	94	5	1	1	0.1199805858	84.84369857	15.15589505	0.0004063798622				0	63.38009805	36.61990195	63.58724882	36.41275118	0				-393.8640509	0.1199805858	NaN	
393.7040509	94	5	1	1	0.1199805858	84.84369857	15.15589505	0.0004063798622				0	63.38009805	36.61990195	63.58724882	36.41275118	0				-393.7040509	0.1199805858	NaN	
393.5440509	94	5	1	1	0.1199805858	84.84369857	15.15589505	0.0004063798622				0	63.38009805	36.61990195	63.58724882	36.41275118	0				-393.5440509	0.1199805858	NaN	
393.3840509	94	5	1	1	0.1199805858	84.84369857	15.15589505	0.0004063798622				0	63.38009805	36.61990195	63.58724882	36.41275118	0				-393.3840509	0.1199805858	NaN	
393.2240509	94	5	1	1	0.1199805858	84.84369857	15.15589505	0.0004063798622				0	63.38009805	36.61990195	63.58724882	36.41275118	0				-393.2240509	0.1199805858	NaN	
393.0640509	94	5	1	1	0.1199805858	84.84369857	15.15589505	0.0004063798622				0	63.38009805	36.61990195	63.58724882	36.41275118	0				-393.0640509	0.1199805858	NaN	
392.9040509	94	5	1	1	0.1199805858	84.84369857	15.15589505	0.0004063798622				0	63.38009805	36.61990195	63.58724882	36.41275118	0				-392.9040509	0.1199805858	NaN	
392.7440509	94	5	1	1	0.1199805858	84.84369857	15.15589505	0.0004063798622				0	63.38009805	36.61990195	63.58724882	36.41275118	0				-392.7440509	0.1199805858	NaN	
392.5840509	94	5	1	1	0.1199805858	84.84369857	15.15589505	0.0004063798622				0	63.38009805	36.61990195	63.58724882	36.41275118	0				-392.5840509	0.1199805858	NaN	
392.4240509	94	5	1	1	0.1199805858	84.84369857	15.15589505	0.0004063798622				0	63.38009805	36.61990195	63.58724882	36.41275118	0				-392.4240509	0.1199805858	NaN	
392.2640509	94	5	1	1	0.1199805858	84.84369857	15.15589505	0.0004063798622				0	63.38009805	36.61990195	63.58724882	36.41275118	0				-392.2640509	0.1199805858	NaN	
392.1040509	94	5	1	1	0.1199805858	84.84369857	15.15589505	0.0004063798622				0	63.38009805	36.61990195	63.58724882	36.41275118	0				-392.1040509	0.1199805858	NaN	
391.9440509	94	5	1	1	0.1199805858	84.84369857	15.15589505	0.0004063798622				0	63.38009805	36.61990195	63.58724882	36.41275118	0				-391.9440509	0.1199805858	NaN	
391.7840509	94	5	1	1	0.1199805858	84.84369857	15.15589505	0.0004063798622				0	63.38009805	36.61990195	63.58724882	36.41275118	0				-391.7840509	0.1199805858	NaN	
391.6240509	94	5	1	1	0.1199805858	84.84369857	15.15589505	0.0004063798622				0	63.38009805	36.61990195	63.58724882	36.41275118	0				-391.6240509	0.1199805858	NaN	
391.4640509	94	5	1	1	0.1199805858	84.84369857	15.15589505	0.0004063798622				0	63.38009805	36.61990195	63.58724882	36.41275118	0				-391.4640509	0.1199805858	NaN	
391.3040509	94	5	1	1	0.1199805858	84.84369857	15.15589505	0.0004063798622				0	63.38009805	36.61990195	63.58724882	36.41275118	0				-391.3040509	0.1199805858	NaN	
391.1440509	94	5	1	1	0.1199805858	84.84369857	15.15589505	0.0004063798622				0	63.38009805	36.61990195	63.58724882	36.41275118	0				-391.1440509	0.1199805858	NaN	
390.9840509	94	5	1	1	0.1199805858	84.84369857	15.15589505	0.0004063798622				0	63.38009805	36.61990195	63.58724882	36.41275118	0				-390.9840509	0.1199805858	NaN	
390.8240509	94	5	1	1	0.1199805858	84.84369857	15.15589505	0.0004063798622				0	63.38009805	36.61990195	63.58724882	36.41275118	0				-390.8240509	0.1199805858	NaN	
390.6640509	94	5	1	1	0.1199805858	84.84369857	15.15589505	0.0004063798622				0	63.38009805	36.61990195	63.58724882	36.41275118	0				-390.6640509	0.1199805858	NaN	
390.5040509	94	5	1	1	0.1199805858	84.84369857	15.15589505	0.0004063798622				0	63.38009805	36.61990195	63.58724882	36.41275118	0				-390.5040509	0.1199805858	NaN	
390.3440509	94	5	1	1	0.1199805858	84.84369857	15.15589505	0.0004063798622				0	63.38009805	36.61990195	63.58724882	36.41275118	0				-390.3440509	0.1199805858	NaN	
390.1840509	94	5	1	1	0.1199805858	84.84369857	15.15589505	0.0004063798622				0	63.38009805	36.61990195	63.58724882	36.41275118	0				-390.1840509	0.1199805858	NaN	
390.0240509	94	5	1	1	0.1199805858	84.84369857	15.15589505	0.0004063798622				0	63.38009805	36.61990195	63.58724882	36.41275118	0				-390.0240509	0.1199805858	NaN	
389.8640509	94	5	1	1	0.1199805858	84.84369857	15.15589505	0.0004063798622				0	63.38009805	36.61990195	63.58724882	36.41275118	0				-389.8640509	0.1199805858	NaN	
389.7040509	94	5	1	1	0.1199805858	84.84369857	15.15589505	0.0004063798622				0	63.38009805	36.61990195	63.58724882	36.41275118	0				-389.7040509	0.1199805858	NaN	
389.5440509	94	5	1	1	0.1199805858	84.84369857	15.15589505	0.0004063798622				0	63.38009805	36.61990195	63.58724882	36.41275118	0				-389.5440509	0.1199805858	NaN	
389.3840509	94	5	1	1	0.1199805858	84.84369857	15.15589505	0.0004063798622				0	63.38009805	36.61990195	63.58724882	36.41275118	0				-389.3840509	0.1199805858	NaN	
389.2240509	94	5	1	1	0.1199805858	84.84369857	15.15589505	0.0004063798622				0	63.38009805	36.61990195	63.58724882	36.41275118	0				-389.2240509	0.1199805858	NaN	
389.0640509	94	5	1	1	0.1199805858	84.84369857	15.15589505	0.0004063798622				0	63.38009805	36.61990195	63.58724882	36.41275118	0				-389.0640509	0.1199805858	NaN	
388.9040509	94	5	1	1	0.1199805858	84.84369857	15.15589505	0.0004063798622				0	63.38009805	36.61990195	63.58724882	36.41275118	0				-388.9040509	0.1199805858	NaN	
388.7440509	94	5	1	1	0.1199805858	84.84369857	15.15589505	0.0004063798622				0	63.38009805	36.61990195	63.58724882	36.41275118	0				-388.7440509	0.1199805858	NaN	
388.5840509	94	5	1	1	0.1199805858	84.84369857	15.15589505	0.0004063798622				0	63.38009805	36.61990195	63.58724882	36.41275118	0				-388.5840509	0.1199805858	NaN	
388.4240509	94	5	1	1	0.1199805858	84.84369857	15.15589505	0.0004063798622				0	63.38009805	36.61990195	63.58724882	36.41275118	0				-388.4240509	0.1199805858	NaN	
388.2640509	94	5	1	1	0.1199805858	84.84369857	15.15589505	0.0004063798622				0	63.38009805	36.61990195	63.58724882	36.41275118	0				-388.2640509	0.1199805858	NaN	
388.1040509	94	5	1	1	0.1199805858	84.84369857	15.15589505	0.0004063798622				0	63.38009805	36.61990195	63.58724882	36.41275118	0				-388.1040509	0.1199805858	NaN	
387.9440509	94	5	1	1	0.1199805858	84.84369857	15.15589505	0.0004063798622				0	63.38009805	36.61990195	63.58724882	36.41275118	0				-387.9440509	0.1199805858	NaN	
387.7840509	94	5	1	1	0.1199805858	84.84369857	15.15589505	0.0004063798622				0	63.38009805	36.61990195	63.58724882	36.41275118	0				-387.7840509	0.1199805858	NaN	
387.6240509	94	5	1	1	0.1199805858	84.84369857	15.15589505	0.0004063798622				0	63.38009805	36.61990195	63.58724882	36.41275118	0				-387.6240509	0.1199805858	NaN	
387.4640509	94	5	1	1	0.1199805858	84.84369857	15.15589505	0.0004063798622				0	63.38009805	36.61990195	63.58724882	36.41275118	0				-387.4640509	0.1199805858	NaN	
387.3040509	94	5	1	1	0.1199805858	84.84369857	15.15589505	0.0004063798622				0	63.38009805	36.61990195	63.58724882	36.41275118	0				-387.3040509	0.1199805858	NaN	
387.1440509	94	5	1	1	0.1199805858	84.84369857	15.15589505	0.0004063798622				0	63.38009805	36.61990195	63.58724882	36.41275118	0				-387.1440509	0.1199805858	NaN	
386.9840509	94	5	1	1	0.1199805858	84.84369857	15.15589505	0.0004063798622				0	63.38009805	36.61990195	63.58724882	36.41275118	0				-386.9840509	0.1199805858	NaN	
386.8240509	94	5	1	1	0.1199805858	84.84369857	15.15589505	0.0004063798622				0	63.38009805	36.61990195	63.58724882	36.41275118	0				-386.8240509	0.1199805858	NaN	
386.6640509	94	5	1	1	0.1199805858	84.84369857	15.15589505	0.0004063798622				0	63.38009805	36.61990195	63.58724882	36.41275118	0				-386.6640509	0.1199805858	NaN	
386.5040509	94	5	1	1	0.1199805858	84.84369857	15.15589505	0.0004063798622				0	63.38009805	36.61990195	63.58724882	36.41275118	0				-386.5040509	0.1199805858	NaN	
386.3440509	94	5	1	1	0.1199805858	84.84369857	15.15589505	0.0004063798622				0	63.38009805	36.61990195	63.58724882	36.41275118	0				-386.3440509	0.1199805858	NaN	
386.1840509	94	5	1	1	0.1199805858	84.84369857	15.15589505	0.0004063798622				0	63.38009805	36.61990195	63.58724882	36.41275118	0				-386.1840509	0.1199805858	NaN	
386.0240509	94	5	1	1	0.1199805858	84.84369857	15.15589505	0.0004063798622				0	63.38009805	36.61990195	63.58724882	36.41275118	0				-386.0240509	0.1199805858	NaN	
385.8640509	94	5	1	1	0.1199805858	84.84369857	15.15589505	0.0004063798622				0	63.38009805	36.61990195	63.58724882	36.41275118	0				-385.8640509	0.1199805858	NaN	
385.7040509	94	5	1	1	0.1199805858	84.84369857	15.15589505	0.0004063798622				0	63.38009805	36.61990195	63.58724882	36.41275118	0				-385.7040509	0.1199805858	NaN	
385.5440509	94	5	1	1	0.1199805858	84.84369857	15.15589505	0.0004063798622				0	63.38009805	36.61990195	63.58724882	36.41275118	0				-385.5440509	0.1199805858	NaN	
385.3840509	94	5	1	1	0.1199805858	84.84369857	15.15589505	0.0004063798622				0	63.38009805	36.61990195	63.58724882	36.41275118	0				-385.3840509	0.1199805858	NaN	
385.2240509	94	5	1	1	0.1199805858	84.84369857	15.15589505	0.0004063798622				0	63.38009805	36.61990195	63.58724882	36.41275118	0				-385.2240509	0.1199805858	NaN	
385.0640509	94	5	1	1	0.1199805858	84.84369857	15.15589505	0.0004063798622				0	63.38009805	36.61990195	63.58724882	36.41275118	0				-385.0640509	0.1199805858	NaN	
384.9040509	94	5	1	1	0.1199805858	84.84369857	15.15589505	0.0004063798622				0	63.38009805	36.61990195	63.58724882	36.41275118	0				-384.9040509	0.1199805858	NaN	
384.7440509	94	5	1	1	0.1199805858	84.84369857	15.15589505	0.0004063798622				0	63.38009805	36.61990195	63.58724882	36.41275118	0				-384.7440509	0.1199805858	NaN	
384.5840509	94	5	1	1	0.1199805858	84.84369857	15.15589505	0.0004063798622				0	63.38009805	36.61990195	63.58724882	36.41275118	0				-384.5840509	0.1199805858	NaN	
384.4240509	94	5	1	1	0.1199805858	84.84369857	15.15589505	0.0004063798622				0	63.38009805	36.61990195	63.58724882	36.41275118	0				-384.4240509	0.1199805858	NaN	
384.2640509	94	5	1	1	0.1199805858	84.84369857	15.15589505	0.0004063798622				0	63.38009805	36.61990195	63.58724882	36.41275118	0				-384.2640509	0.1199805858	NaN	
384.1040509	94	5	1	1	0.1199805858	84.84369857	15.15589505	0.0004063798622				0	63.38009805	36.61990195	63.58724882	36.41275118	0				-384.1040509	0.1199805858	NaN	
383.9440509	94	5	1	1	0.1199805858	84.84369857	15.15589505	0.0004063798622				0	63.38009805	36.61990195	63.58724882	36.41275118	0				-383.9440509	0.1199805858	NaN	
383.7840509	94	5	1	1	0.1199805858	84.84369857	15.15589505	0.0004063798622				0	63.38009805	36.61990195	63.58724882	36.41275118	0				-383.7840509	0.1199805858	NaN	
383.6240509	94	5	1	1	0.1199805858	84.84369857	15.15589505	0.0004063798622				0	63.38009805	36.61990195	63.58724882	36.41275118	0				-383.6240509	0.1199805858	NaN	
383.4640509	94	5	1	1	0.1199805858	84.84369857	15.15589505	0.0004063798622				0	63.38009805	36.61990195	63.58724882	36.41275118	0				-383.4640509	0.1199805858	NaN	
383.3040509	94	5	1	1	0.1199805858	84.84369857	15.15589505	0.0004063798622				0	63.38009805	36.61990195	63.58724882	36.41275118	0				-383.3040509	0.1199805858	NaN	
383.1440509	94	5	1	1	0.1199805858	84.84369857	15.15589505	0.0004063798622				0	63.38009805	36.61990195	63.58724882	36.41275118	0				-383.1440509	0.1199805858	NaN	
382.9840509	94	5	1	1	0.1199805858	84.84369857	15.15589505	0.0004063798622				0	63.38009805	36.61990195	63.58724882	36.41275118	0				-382.9840509	0.1199805858	NaN	
382.8240509	94	5	1	1	0.1199805858	84.84369857	15.15589505	0.0004063798622				0	63.38009805	36.61990195	63.58724882	36.41275118	0				-382.8240509	0.1199805858	NaN	
382.6640509	94	5	1	1	0.1199805858	84.84369857	15.15589505	0.0004063798622				0	63.38009805	36.61990195	63.58724882	36.41275118	0				-382.6640509	0.1199805858	NaN	
382.5040509	94	5	1	1	0.1199805858	84.84369857	15.15589505	0.0004063798622				0	63.38009805	36.61990195	63.58724882	36.41275118	0				-382.5040509	0.1199805858	NaN	
382.3440509	94	5	1	1	0.1199805858	84.84369857	15.15589505	0.0004063798622				0	63.38009805	36.61990195	63.58724882	36.41275118	0				-382.3440509	0.1199805858	NaN	
382.1840509	94	5	1	1	0.1199805858	84.84369857	15.15589505	0.0004063798622				0	63.38009805	36.61990195	63.58724882	36.41275118	0				-382.1840509	0.1199805858	NaN	
382.0240509	94	5	1	1	0.1199805858	84.84369857	15.15589505	0.0004063798622				0	63.38009805	36.61990195	63.58724882	36.41275118	0				-382.0240509	0.1199805858	NaN	
381.8640509	94	5	1	1	0.1199805858	84.84369857	15.15589505	0.0004063798622				0	63.38009805	36.61990195	63.58724882	36.41275118	0				-381.8640509	0.1199805858	NaN	
381.7040509	94	5	1	1	0.1199805858	84.84369857	15.15589505	0.0004063798622				0	63.38009805	36.61990195	63.58724882	36.41275118	0				-381.7040509	0.1199805858	NaN	
381.5440509	94	5	1	1	0.1199805858	84.84369857	15.15589505	0.0004063798622				0	63.38009805	36.61990195	63.58724882	36.41275118	0				-381.5440509	0.1199805858	NaN	
381.3840509	94	5	1	1	0.1199805858	84.84369857	15.15589505	0.0004063798622				0	63.38009805	36.61990195	63.58724882	36.41275118	0				-381.3840509	0.1199805858	NaN	
381.2240509	94	5	1	1	0.1199805858	84.84369857	15.15589505	0.0004063798622				0	63.38009805	36.61990195	63.58724882	36.41275118	0				-381.2240509	0.1199805858	NaN	
381.0640509	94	5	1	1	0.1199805858	84.84369857	15.15589505	0.0004063798622				0	63.38009805	36.61990195	63.58724882	36.41275118	0				-381.0640509	0.1199805858	NaN	
380.9040509	94	5	1	1	0.1199805858	84.84369857	15.15589505	0.0004063798622				0	63.38009805	36.61990195	63.58724882	36.41275118	0				-380.9040509	0.1199805858	NaN	
380.7440509	94	5	1	1	0.1199805858	84.84369857	15.15589505	0.0004063798622				0	63.38009805	36.61990195	63.58724882	36.41275118	0				-380.7440509	0.1199805858	NaN	
380.5840509	94	5	1	1	0.1199805858	84.84369857	15.15589505	0.0004063798622				0	63.38009805	36.61990195	63.58724882	36.41275118	0				-380.5840509	0.1199805858	NaN	
380.4240509	94	5	1	1	0.1199805858	84.84369857	15.15589505	0.0004063798622				0	63.38009805	36.61990195	63.58724882	36.41275118	0				-380.4240509	0.1199805858	NaN	
380.2640509	94	5	1	1	0.1199805858	84.84369857	15.15589505	0.0004063798622				0	63.38009805	36.61990195	63.58724882	36.41275118	0				-380.2640509	0.1199805858	NaN	
380.1040509	94	5	1	1	0.1199805858	84.84369857	15.15589505	0.0004063798622				0	63.38009805	36.61990195	63.58724882	36.41275118	0				-380.1040509	0.1199805858	NaN	
379.9440509	94	5	1	1	0.1199805858	84.84369857	15.15589505	0.0004063798622				0	63.38009805	36.61990195	63.58724882	36.41275118	0				-379.9440509	0.1199805858	NaN	
379.7840509	94	5	1	1	0.1199805858	84.84369857	15.15589505	0.0004063798622				0	63.38009805	36.61990195	63.58724882	36.41275118	0				-379.7840509	0.1199805858	NaN	
379.6240509	94	5	1	1	0.1199805858	84.84369857	15.15589505	0.0004063798622				0	63.38009805	36.61990195	63.58724882	36.41275118	0				-379.6240509	0.1199805858	NaN	
379.4640509	94	5	1	1	0.1199805858	84.84369857	15.15589505	0.0004063798622				0	63.38009805	36.61990195	63.58724882	36.41275118	0				-379.4640509	0.1199805858	NaN	
379.3040509	94	5	1	1	0.1199805858	84.84369857	15.15589505	0.0004063798622				0	63.38009805	36.61990195	63.58724882	36.41275118	0				-379.3040509	0.1199805858	NaN	
379.1440509	94	5	1	1	0.1199805858	84.84369857	15.15589505	0.0004063798622				0	63.38009805	36.61990195	63.58724882	36.41275118	0				-379.1440509	0.1199805858	NaN	
378.9840509	94	5	1	1	0.1199805858	84.84369857	15.15589505	0.0004063798622				0	63.38009805	36.61990195	63.58724882	36.41275118	0				-378.9840509	0.1199805858	NaN	
378.8240509	94	5	1	1	0.1199805858	84.84369857	15.15589505	0.0004063798622				0	63.38009805	36.61990195	63.58724882	36.41275118	0				-378.8240509	0.1199805858	NaN	
378.6640509	94	5	1	1	0.1199805858	84.84369857	15.15589505	0.0004063798622				0	63.38009805	36.61990195	63.58724882	36.41275118	0				-378.6640509	0.1199805858	NaN	
378.5040509	94	5	1	1	0.1199805858	84.84369857	15.15589505	0.0004063798622				0	63.38009805	36.61990195	63.58724882	36.41275118	0				-378.5040509	0.1199805858	NaN	
378.3440509	94	5	1	1	0.1199805858	84.84369857	15.15589505	0.0004063798622				0	63.38009805	36.61990195	63.58724882	36.41275118	0				-378.3440509	0.1199805858	NaN	
378.1840509	94	5	1	1	0.1199805858	84.84369857	15.15589505	0.0004063798622				0	63.38009805	36.61990195	63.58724882	36.41275118	0				-378.1840509	0.1199805858	NaN	
378.0240509	94	5	1	1	0.1199805858	84.84369857	15.15589505	0.0004063798622				0	63.38009805	36.61990195	63.58724882	36.41275118	0				-378.0240509	0.1199805858	NaN	
377.8640509	94	5	1	1	0.1199805858	84.84369857	15.15589505	0.0004063798622				0	63.38009805	36.61990195	63.58724882	36.41275118	0				-377.8640509	0.1199805858	NaN	
377.7040509	94	5	1	1	0.1199805858	84.84369857	15.15589505	0.0004063798622				0	63.38009805	36.61990195	63.58724882	36.41275118	0				-377.7040509	0.1199805858	NaN	
377.5440509	94	5	1	1	0.1199805858	84.84369857	15.15589505	0.0004063798622				0	63.38009805	36.61990195	63.58724882	36.41275118	0				-377.5440509	0.1199805858	NaN	
377.3840509	94	5	1	1	0.1199805858	84.84369857	15.15589505	0.0004063798622				0	63.38009805	36.61990195	63.58724882	36.41275118	0				-377.3840509	0.1199805858	NaN	
377.2240509	94	5	1	1	0.1199805858	84.84369857	15.15589505	0.0004063798622				0	63.38009805	36.61990195	63.58724882	36.41275118	0				-377.2240509	0.1199805858	NaN	
377.0640509	94	5	1	1	0.1199805858	84.84369857	15.15589505	0.0004063798622				0	63.38009805	36.61990195	63.58724882	36.41275118	0				-377.0640509	0.1199805858	NaN	
376.9040509	94	5	1	1	0.1199805858	84.84369857	15.15589505	0.0004063798622				0	63.38009805	36.61990195	63.58724882	36.41275118	0				-376.9040509	0.1199805858	NaN	
376.7440509	94	5	1	1	0.1199805858	84.84369857	15.15589505	0.0004063798622				0	63.38009805	36.61990195	63.58724882	36.41275118	0				-376.7440509	0.1199805858	NaN	
376.5840509	94	5	1	1	0.1199805858	84.84369857	15.15589505	0.0004063798622				0	63.38009805	36.61990195	63.58724882	36.41275118	0				-376.5840509	0.1199805858	NaN	
376.4240509	94	5	1	1	0.1199805858	84.84369857	15.15589505	0.0004063798622				0	63.38009805	36.61990195	63.58724882	36.41275118	0				-376.4240509	0.1199805858	NaN	
376.2640509	94	5	1	1	0.1199805858	84.84369857	15.15589505	0.0004063798622				0	63.38009805	36.61990195	63.58724882	36.41275118	0				-376.2640509	0.1199805858	NaN	
376.1040509	94	5	1	1	0.1199805858	84.84369857	15.15589505	0.0004063798622				0	63.38009805	36.61990195	63.58724882	36.41275118	0				-376.1040509	0.1199805858	NaN	
375.9440509	94	5	1	1	0.1199805858	84.84369857	15.15589505	0.0004063798622				0	63.38009805	36.61990195	63.58724882	36.41275118	0				-375.9440509	0.1199805858	NaN	
375.7840509	94	5	1	1	0.1199805858	84.84369857	15.15589505	0.0004063798622				0	63.38009805	36.61990195	63.58724882	36.41275118	0				-375.7840509	0.1199805858	NaN	
375.6240509	94	5	1	1	0.1199805858	84.84369857	15.15589505	0.0004063798622				0	63.38009805	36.61990195	63.58724882	36.41275118	0				-375.6240509	0.1199805858	NaN	
375.4640509	94	5	1	1	0.1199805858	84.84369857	15.15589505	0.0004063798622				0	63.38009805	36.61990195	63.58724882	36.41275118	0				-375.4640509	0.1199805858	NaN	
375.3040509	94	5	1	1	0.1199805858	84.84369857	15.15589505	0.0004063798622				0	63.38009805	36.61990195	63.58724882	36.41275118	0				-375.3040509	0.1199805858	NaN	
375.1440509	94	5	1	1	0.1199805858	84.84369857	15.15589505	0.0004063798622				0	63.38009805	36.61990195	63.58724882	36.41275118	0				-375.1440509	0.1199805858	NaN	
374.9840509	94	5	1	1	0.1199805858	84.84369857	15.15589505	0.0004063798622				0	63.38009805	36.61990195	63.58724882	36.41275118	0				-374.9840509	0.1199805858	NaN	
374.8240509	94	5	1	1	0.1199805858	84.84369857	15.15589505	0.0004063798622				0	63.38009805	36.61990195	63.58724882	36.41275118	0				-374.8240509	0.1199805858	NaN	
374.6640509	94	5	1	1	0.1199805858	84.84369857	15.15589505	0.0004063798622				0	63.38009805	36.61990195	63.58724882	36.41275118	0				-374.6640509	0.1199805858	NaN	
374.5040509	94	5	1	1	0.1199805858	84.84369857	15.15589505	0.0004063798622				0	63.38009805	36.61990195	63.58724882	36.41275118	0				-374.5040509	0.1199805858	NaN	
374.3440509	94	5	1	1	0.1199805858	84.84369857	15.15589505	0.0004063798622				0	63.38009805	36.61990195	63.58724882	36.41275118	0				-374.3440509	0.1199805858	NaN	
374.1840509	94	5	1	1	0.1199805858	84.84369857	15.15589505	0.0004063798622				0	63.38009805	36.61990195	63.58724882	36.41275118	0				-374.1840509	0.1199805858	NaN	
374.0240509	94	5	1	1	0.1199805858	84.84369857	15.15589505	0.0004063798622				0	63.38009805	36.61990195	63.58724882	36.41275118	0				-374.0240509	0.1199805858	NaN	
373.8640509	94	5	1	1	0.1199805858	84.84369857	15.15589505	0.0004063798622				0	63.38009805	36.61990195	63.58724882	36.41275118	0				-373.8640509	0.1199805858	NaN	
373.7040509	94	5	1	1	0.1199805858	84.84369857	15.15589505	0.0004063798622				0	63.38009805	36.61990195	63.58724882	36.41275118	0				-373.7040509	0.1199805858	NaN	
373.5440509	94	5	1	1	0.1199805858	84.84369857	15.15589505	0.0004063798622				0	63.38009805	36.61990195	63.58724882	36.41275118	0				-373.5440509	0.1199805858	NaN	
373.3840509	94	5	1	1	0.1199805858	84.84369857	15.15589505	0.0004063798622				0	63.38009805	36.61990195	63.58724882	36.41275118	0				-373.3840509	0.1199805858	NaN	
373.2240509	94	5	1	1	0.1199805858	84.84369857	15.15589505	0.0004063798622				0	63.38009805	36.61990195	63.58724882	36.41275118	0				-373.2240509	0.1199805858	NaN	
373.0640509	94	5	1	1	0.1199805858	84.84369857	15.15589505	0.0004063798622				0	63.38009805	36.61990195	63.58724882	36.41275118	0				-373.0640509	0.1199805858	NaN	
372.9040509	94	5	1	1	0.1199805858	84.84369857	15.15589505	0.0004063798622				0	63.38009805	36.61990195	63.58724882	36.41275118	0				-372.9040509	0.1199805858	NaN	
372.7440509	94	5	1	1	0.1199805858	84.84369857	15.15589505	0.0004063798622				0	63.38009805	36.61990195	63.58724882	36.41275118	0				-372.7440509	0.1199805858	NaN	
372.5840509	94	5	1	1	0.1199805858	84.84369857	15.15589505	0.0004063798622				0	63.38009805	36.61990195	63.58724882	36.41275118	0				-372.5840509	0.1199805858	NaN	
372.4240509	94	5	1	1	0.1199805858	84.84369857	15.15589505	0.0004063798622				0	63.38009805	36.61990195	63.58724882	36.41275118	0				-372.4240509	0.1199805858	NaN	
372.2640509	94	5	1	1	0.1199805858	84.84369857	15.15589505	0.0004063798622				0	63.38009805	36.61990195	63.58724882	36.41275118	0				-372.2640509	0.1199805858	NaN	
372.1040509	94	5	1	1	0.1199805858	84.84369857	15.15589505	0.0004063798622				0	63.38009805	36.61990195	63.58724882	36.41275118	0				-372.1040509	0.1199805858	NaN	
371.9440509	94	5	1	1	0.1199805858	84.84369857	15.15589505	0.0004063798622				0	63.38009805	36.61990195	63.58724882	36.41275118	0				-371.9440509	0.1199805858	NaN	
371.7840509	94	5	1	1	0.1199805858	84.84369857	15.15589505	0.0004063798622				0	63.38009805	36.61990195	63.58724882	36.41275118	0				-371.7840509	0.1199805858	NaN	
371.6240509	94	5	1	1	0.1199805858	84.84369857	15.15589505	0.0004063798622				0	63.38009805	36.61990195	63.58724882	36.41275118	0				-371.6240509	0.1199805858	NaN	
371.4640509	94	5	1	1	0.1199805858	84.84369857	15.15589505	0.0004063798622				0	63.38009805	36.61990195	63.58724882	36.41275118	0				-371.4640509	0.1199805858	NaN	
371.3040509	94	5	1	1	0.1199805858	84.84369857	15.15589505	0.0004063798622				0	63.38009805	36.61990195	63.58724882	36.41275118	0				-371.3040509	0.1199805858	NaN	
371.1440509	94	5	1	1	0.1199805858	84.84369857	15.15589505	0.0004063798622				0	63.38009805	36.61990195	63.58724882	36.41275118	0				-371.1440509	0.1199805858	NaN	
370.9840509	94	5	1	1	0.1199805858	84.84369857	15.15589505	0.0004063798622				0	63.38009805	36.61990195	63.58724882	36.41275118	0				-370.9840509	0.1199805858	NaN	
370.8240509	94	5	1	1	0.1199805858	84.84369857	15.15589505	0.0004063798622				0	63.38009805	36.61990195	63.58724882	36.41275118	0				-370.8240509	0.1199805858	NaN	
370.6640509	94	5	1	1	0.1199805858	84.84369857	15.15589505	0.0004063798622				0	63.38009805	36.61990195	63.58724882	36.41275118	0				-370.6640509	0.1199805858	NaN	
370.5040509	94	5	1	1	0.1199805858	84.84369857	15.15589505	0.0004063798622				0	63.38009805	36.61990195	63.58724882	36.41275118	0				-370.5040509	0.1199805858	NaN	
370.3440509	94	5	1	1	0.1199805858	84.84369857	15.15589505	0.0004063798622				0	63.38009805	36.61990195	63.58724882	36.41275118	0				-370.3440509	0.1199805858	NaN	
370.1840509	94	5	1	1	0.1199805858	84.84369857	15.15589505	0.0004063798622				0	63.38009805	36.61990195	63.58724882	36.41275118	0				-370.1840509	0.1199805858	NaN	
370.0240509	94	5	1	1	0.1199805858	84.84369857	15.15589505	0.0004063798622				0	63.38009805	36.61990195	63.58724882	36.41275118	0				-370.0240509	0.1199805858	NaN	
369.8640509	94	5	1	1	0.1199805858	84.84369857	15.15589505	0.0004063798622				0	63.38009805	36.61990195	63.58724882	36.41275118	0				-369.8640509	0.1199805858	NaN	
369.7040509	94	5	1	1	0.1199805858	84.84369857	15.15589505	0.0004063798622				0	63.38009805	36.61990195	63.58724882	36.41275118	0				-369.7040509	0.1199805858	NaN	
369.5440509	94	5	1	1	0.1199805858	84.84369857	15.15589505	0.0004063798622				0	63.38009805	36.61990195	63.58724882	36.41275118	0				-369.5440509	0.1199805858	NaN	
369.3840509	94	5	1	1	0.1199805858	84.84369857	15.15589505	0.0004063798622				0	63.38009805	36.61990195	63.58724882	36.41275118	0				-369.3840509	0.1199805858	NaN	
369.2240509	94	5	1	1	0.1199805858	84.84369857	15.15589505	0.0004063798622				0	63.38009805	36.61990195	63.58724882	36.41275118	0				-369.2240509	0.1199805858	NaN	
369.0640509	94	5	1	1	0.1199805858	84.84369857	15.15589505	0.0004063798622				0	63.38009805	36.61990195	63.58724882	36.41275118	0				-369.0640509	0.1199805858	NaN	
368.9040509	94	5	1	1	0.1199805858	84.84369857	15.15589505	0.0004063798622				0	63.38009805	36.61990195	63.58724882	36.41275118	0				-368.9040509	0.1199805858	NaN	
368.7440509	94	5	1	1	0.1199805858	84.84369857	15.15589505	0.0004063798622				0	63.38009805	36.61990195	63.58724882	36.41275118	0				-368.7440509	0.1199805858	NaN	
368.5840509	94	5	1	1	0.1199805858	84.84369857	15.15589505	0.0004063798622				0	63.38009805	36.61990195	63.58724882	36.41275118	0				-368.5840509	0.1199805858	NaN	
368.4240509	94	5	1	1	0.1199805858	84.84369857	15.15589505	0.0004063798622				0	63.38009805	36.61990195	63.58724882	36.41275118	0				-368.4240509	0.1199805858	NaN	
368.2640509	94	5	1	1	0.1199805858	84.84369857	15.15589505	0.0004063798622				0	63.38009805	36.61990195	63.58724882	36.41275118	0				-368.2640509	0.1199805858	NaN	
368.1040509	94	5	1	1	0.1199805858	84.84369857	15.15589505	0.0004063798622				0	63.38009805	36.61990195	63.58724882	36.41275118	0				-368.1040509	0.1199805858	NaN	
367.9440509	94	5	1	1	0.1199805858	84.84369857	15.15589505	0.0004063798622				0	63.38009805	36.61990195	63.58724882	36.41275118	0				-367.9440509	0.1199805858	NaN	
367.7840509	94	5	1	1	0.1199805858	84.84369857	15.15589505	0.0004063798622				0	63.38009805	36.61990195	63.58724882	36.41275118	0				-367.7840509	0.1199805858	NaN	
367.6240509	94	5	1	1	0.1199805858	84.84369857	15.15589505	0.0004063798622				0	63.38009805	36.61990195	63.58724882	36.41275118	0				-367.6240509	0.1199805858	NaN	
367.4640509	94	5	1	1	0.1199805858	84.84369857	15.15589505	0.0004063798622				0	63.38009805	36.61990195	63.58724882	36.41275118	0				-367.4640509	0.1199805858	NaN	
367.3040509	94	5	1	1	0.1199805858	84.84369857	15.15589505	0.0004063798622				0	63.38009805	36.61990195	63.58724882	36.41275118	0				-367.3040509	0.1199805858	NaN	
367.1440509	94	5	1	1	0.1199805858	84.84369857	15.15589505	0.0004063798622				0	63.38009805	36.61990195	63.58724882	36.41275118	0				-367.1440509	0.1199805858	NaN	
366.9840509	94	5	1	1	0.1199805858	84.84369857	15.15589505	0.0004063798622				0	63.38009805	36.61990195	63.58724882	36.41275118	0				-366.9840509	0.1199805858	NaN	
366.8240509	94	5	1	1	0.1199805858	84.84369857	15.15589505	0.0004063798622				0	63.38009805	36.61990195	63.58724882	36.41275118	0				-366.8240509	0.1199805858	NaN	
366.6640509	94	5	1	1	0.1199805858	84.84369857	15.15589505	0.0004063798622				0	63.38009805	36.61990195	63.58724882	36.41275118	0				-366.6640509	0.1199805858	NaN	
366.5040509	94	5	1	1	0.1199805858	84.84369857	15.15589505	0.0004063798622				0	63.38009805	36.61990195	63.58724882	36.41275118	0				-366.5040509	0.1199805858	NaN	
366.3440509	94	5	1	1	0.1199805858	84.84369857	15.15589505	0.0004063798622				0	63.38009805	36.61990195	63.58724882	36.41275118	0				-366.3440509	0.1199805858	NaN	
366.1840509	94	5	1	1	0.1199805858	84.84369857	15.15589505	0.0004063798622				0	63.38009805	36.61990195	63.58724882	36.41275118	0				-366.1840509	0.1199805858	NaN	
366.0240509	94	5	1	1	0.1199805858	84.84369857	15.15589505	0.0004063798622				0	63.38009805	36.61990195	63.58724882	36.41275118	0				-366.0240509	0.1199805858	NaN	
365.8640509	94	5	1	1	0.1199805858	84.84369857	15.15589505	0.0004063798622				0	63.38009805	36.61990195	63.58724882	36.41275118	0				-365.8640509	0.1199805858	NaN	
365.7040509	94	5	1	1	0.1199805858	84.84369857	15.15589505	0.0004063798622				0	63.38009805	36.61990195	63.58724882	36.41275118	0				-365.7040509	0.1199805858	NaN	
365.5440509	94	5	1	1	0.1199805858	84.84369857	15.15589505	0.0004063798622				0	63.38009805	36.61990195	63.58724882	36.41275118	0				-365.5440509	0.1199805858	NaN	
365.3840509	94	5	1	1	0.1199805858	84.84369857	15.15589505	0.0004063798622				0	63.38009805	36.61990195	63.58724882	36.41275118	0				-365.3840509	0.1199805858	NaN	
365.2240509	94	5	1	1	0.1199805858	84.84369857	15.15589505	0.0004063798622				0	63.38009805	36.61990195	63.58724882	36.41275118	0				-365.2240509	0.1199805858	NaN	
365.0640509	94	5	1	1	0.1199805858	84.84369857	15.15589505	0.0004063798622				0	63.38009805	36.61990195	63.58724882	36.41275118	0				-365.0640509	0.1199805858	NaN	
364.9040509	94	5	1	1	0.1199805858	84.84369857	15.15589505	0.0004063798622				0	63.38009805	36.61990195	63.58724882	36.41275118	0				-364.9040509	0.1199805858	NaN	
364.7440509	94	5	1	1	0.1199805858	84.84369857	15.15589505	0.0004063798622				0	63.38009805	36.61990195	63.58724882	36.41275118	0				-364.7440509	0.1199805858	NaN	
364.5840509	94	5	1	1	0.1199805858	84.84369857	15.15589505	0.0004063798622				0	63.38009805	36.61990195	63.58724882	36.41275118	0				-364.5840509	0.1199805858	NaN	
364.4240509	94	5	1	1	0.1199805858	84.84369857	15.15589505	0.0004063798622				0	63.38009805	36.61990195	63.58724882	36.41275118	0				-364.4240509	0.1199805858	NaN	
364.2640509	94	5	1	1	0.1199805858	84.84369857	15.15589505	0.0004063798622				0	63.38009805	36.61990195	63.58724882	36.41275118	0				-364.2640509	0.1199805858	NaN	
364.1040509	94	5	1	1	0.1199805858	84.84369857	15.15589505	0.0004063798622				0	63.38009805	36.61990195	63.58724882	36.41275118	0				-364.1040509	0.1199805858	NaN	
363.9440509	94	5	1	1	0.1199805858	84.84369857	15.15589505	0.0004063798622				0	63.38009805	36.61990195	63.58724882	36.41275118	0				-363.9440509	0.1199805858	NaN	
363.7840509	94	5	1	1	0.1199805858	84.84369857	15.15589505	0.0004063798622				0	63.38009805	36.61990195	63.58724882	36.41275118	0				-363.7840509	0.1199805858	NaN	
363.6240509	94	5	1	1	0.1199805858	84.84369857	15.15589505	0.0004063798622				0	63.38009805	36.61990195	63.58724882	36.41275118	0				-363.6240509	0.1199805858	NaN	
363.4640509	94	5	1	1	0.1199805858	84.84369857	15.15589505	0.0004063798622				0	63.38009805	36.61990195	63.58724882	36.41275118	0				-363.4640509	0.1199805858	NaN	
363.3040509	94	5	1	1	0.1199805858	84.84369857	15.15589505	0.0004063798622				0	63.38009805	36.61990195	63.58724882	36.41275118	0				-363.3040509	0.1199805858	NaN	
363.1440509	94	5	1	1	0.1199805858	84.84369857	15.15589505	0.0004063798622				0	63.38009805	36.61990195	63.58724882	36.41275118	0				-363.1440509	0.1199805858	NaN	
362.9840509	94	5	1	1	0.1199805858	84.84369857	15.15589505	0.0004063798622				0	63.38009805	36.61990195	63.58724882	36.41275118	0				-362.9840509	0.1199805858	NaN	
362.8240509	94	5	1	1	0.1199805858	84.84369857	15.15589505	0.0004063798622				0	63.38009805	36.61990195	63.58724882	36.41275118	0				-362.8240509	0.1199805858	NaN	
362.6640509	94	5	1	1	0.1199805858	84.84369857	15.15589505	0.0004063798622				0	63.38009805	36.61990195	63.58724882	36.41275118	0				-362.6640509	0.1199805858	NaN	
362.5040509	94	5	1	1	0.1199805858	84.84369857	15.15589505	0.0004063798622				0	63.38009805	36.61990195	63.58724882	36.41275118	0				-362.5040509	0.1199805858	NaN	
362.3440509	94	5	1	1	0.1199805858	84.84369857	15.15589505	0.0004063798622				0	63.38009805	36.61990195	63.58724882	36.41275118	0				-362.3440509	0.1199805858	NaN	
362.1840509	94	5	1	1	0.1199805858	84.84369857	15.15589505	0.0004063798622				0	63.38009805	36.61990195	63.58724882	36.41275118	0				-362.1840509	0.1199805858	NaN	
362.0240509	94	5	1	1	0.1199805858	84.84369857	15.15589505	0.0004063798622				0	63.38009805	36.61990195	63.58724882	36.41275118	0				-362.0240509	0.1199805858	NaN	
361.8640509	94	5	1	1	0.1199805858	84.84369857	15.15589505	0.0004063798622				0	63.38009805	36.61990195	63.58724882	36.41275118	0				-361.8640509	0.1199805858	NaN	
361.7040509	94	5	1	1	0.1199805858	84.84369857	15.15589505	0.0004063798622				0	63.38009805	36.61990195	63.58724882	36.41275118	0				-361.7040509	0.1199805858	NaN	
361.5440509	94	5	1	1	0.1199805858	84.84369857	15.15589505	0.0004063798622				0	63.38009805	36.61990195	63.58724882	36.41275118	0				-361.5440509	0.1199805858	NaN	
361.3840509	94	5	1	1	0.1199805858	84.84369857	15.15589505	0.0004063798622				0	63.38009805	36.61990195	63.58724882	36.41275118	0				-361.3840509	0.1199805858	NaN	
361.2240509	94	5	1	1	0.1199805858	84.84369857	15.15589505	0.0004063798622				0	63.38009805	36.61990195	63.58724882	36.41275118	0				-361.2240509	0.1199805858	NaN	
361.0640509	94	5	1	1	0.1199805858	84.84369857	15.15589505	0.0004063798622				0	63.38009805	36.61990195	63.58724882	36.41275118	0				-361.0640509	0.1199805858	NaN	
360.9040509	94	5	1	1	0.1199805858	84.84369857	15.15589505	0.0004063798622				0	63.38009805	36.61990195	63.58724882	36.41275118	0				-360.9040509	0.1199805858	NaN	
360.7440509	94	5	1	1	0.1199805858	84.84369857	15.15589505	0.0004063798622				0	63.38009805	36.61990195	63.58724882	36.41275118	0				-360.7440509	0.1199805858	NaN	
360.5840509	94	5	1	1	0.1199805858	84.84369857	15.15589505	0.0004063798622				0	63.38009805	36.61990195	63.58724882	36.41275118	0				-360.5840509	0.1199805858	NaN	
360.4240509	94	5	1	1	0.1199805858	84.84369857	15.15589505	0.0004063798622				0	63.38009805	36.61990195	63.58724882	36.41275118	0				-360.4240509	0.1199805858	NaN	
360.2640509	94	5	1	1	0.1199805858	84.84369857	15.15589505	0.0004063798622				0	63.38009805	36.61990195	63.58724882	36.41275118	0				-360.2640509	0.1199805858	NaN	
360.1040509	94	5	1	1	0.1199805858	84.84369857	15.15589505	0.0004063798622				0	63.38009805	36.61990195	63.58724882	36.41275118	0				-360.1040509	0.1199805858	NaN	
359.9440509	94	5	1	1	0.1199805858	84.84369857	15.15589505	0.0004063798622				0	63.38009805	36.61990195	63.58724882	36.41275118	0				-359.9440509	0.1199805858	NaN	
359.7840509	94	5	1	1	0.1199805858	84.84369857	15.15589505	0.0004063798622				0	63.38009805	36.61990195	63.58724882	36.41275118	0				-359.7840509	0.1199805858	NaN	
359.6240509	94	5	1	1	0.1199805858	84.84369857	15.15589505	0.0004063798622				0	63.38009805	36.61990195	63.58724882	36.41275118	0				-359.6240509	0.1199805858	NaN	
359.4640509	94	5	1	1	0.1199805858	84.84369857	15.15589505	0.0004063798622				0	63.38009805	36.61990195	63.58724882	36.41275118	0				-359.4640509	0.1199805858	NaN	
359.3040509	94	5	1	1	0.1199805858	84.84369857	15.15589505	0.0004063798622				0	63.38009805	36.61990195	63.58724882	36.41275118	0				-359.3040509	0.1199805858	NaN	
359.1440509	94	5	1	1	0.1199805858	84.84369857	15.15589505	0.0004063798622				0	63.38009805	36.61990195	63.58724882	36.41275118	0				-359.1440509	0.1199805858	NaN	
358.9840509	94	5	1	1	0.1199805858	84.84369857	15.15589505	0.0004063798622				0	63.38009805	36.61990195	63.58724882	36.41275118	0				-358.9840509	0.1199805858	NaN	
358.8240509	94	5	1	1	0.1199805858	84.84369857	15.15589505	0.0004063798622				0	63.38009805	36.61990195	63.58724882	36.41275118	0				-358.8240509	0.1199805858	NaN	
358.6640509	94	5	1	1	0.1199805858	84.84369857	15.15589505	0.0004063798622				0	63.38009805	36.61990195	63.58724882	36.41275118	0				-358.6640509	0.1199805858	NaN	
358.5040509	94	5	1	1	0.1199805858	84.84369857	15.15589505	0.0004063798622				0	63.38009805	36.61990195	63.58724882	36.41275118	0				-358.5040509	0.1199805858	NaN	
358.3440509	94	5	1	1	0.1199805858	84.84369857	15.15589505	0.0004063798622				0	63.38009805	36.61990195	63.58724882	36.41275118	0				-358.3440509	0.1199805858	NaN	
358.1840509	94	5	1	1	0.1199805858	84.84369857	15.15589505	0.0004063798622				0	63.38009805	36.61990195	63.58724882	36.41275118	0				-358.1840509	0.1199805858	NaN	
358.0240509	94	5	1	1	0.1199805858	84.84369857	15.15589505	0.0004063798622				0	63.38009805	36.61990195	63.58724882	36.41275118	0				-358.0240509	0.1199805858	NaN	
357.8640509	94	5	1	1	0.1199805858	84.84369857	15.15589505	0.0004063798622				0	63.38009805	36.61990195	63.58724882	36.41275118	0				-357.8640509	0.1199805858	NaN	
357.7040509	94	5	1	1	0.1199805858	84.84369857	15.15589505	0.0004063798622				0	63.38009805	36.61990195	63.58724882	36.41275118	0				-357.7040509	0.1199805858	NaN	
357.5440509	94	5	1	1	0.1199805858	84.84369857	15.15589505	0.0004063798622				0	63.38009805	36.61990195	63.58724882	36.41275118	0				-357.5440509	0.1199805858	NaN	
357.3840509	94	5	1	1	0.1199805858	84.84369857	15.15589505	0.0004063798622				0	63.38009805	36.61990195	63.58724882	36.41275118	0				-357.3840509	0.1199805858	NaN	
357.2240509	94	5	1	1	0.1199805858	84.84369857	15.15589505	0.0004063798622				0	63.38009805	36.61990195	63.58724882	36.41275118	0				-357.2240509	0.1199805858	NaN	
357.0640509	94	5	1	1	0.1199805858	84.84369857	15.15589505	0.0004063798622				0	63.38009805	36.61990195	63.58724882	36.41275118	0				-357.0640509	0.1199805858	NaN	
356.9040509	94	5	1	1	0.1199805858	84.84369857	15.15589505	0.0004063798622				0	63.38009805	36.61990195	63.58724882	36.41275118	0				-356.9040509	0.1199805858	NaN	
356.7440509	94	5	1	1	0.1199805858	84.84369857	15.15589505	0.0004063798622				0	63.38009805	36.61990195	63.58724882	36.41275118	0				-356.7440509	0.1199805858	NaN	
356.5840509	94	5	1	1	0.1199805858	84.84369857	15.15589505	0.0004063798622				0	63.38009805	36.61990195	63.58724882	36.41275118	0				-356.5840509	0.1199805858	NaN	
356.4240509	94	5	1	1	0.1199805858	84.84369857	15.15589505	0.0004063798622				0	63.38009805	36.61990195	63.58724882	36.41275118	0				-356.4240509	0.1199805858	NaN	
356.2640509	94	5	1	1	0.1199805858	84.84369857	15.15589505	0.0004063798622				0	63.38009805	36.61990195	63.58724882	36.41275118	0				-356.2640509	0.1199805858	NaN	
356.1040509	94	5	1	1	0.1199805858	84.84369857	15.15589505	0.0004063798622				0	63.38009805	36.61990195	63.58724882	36.41275118	0				-356.1040509	0.1199805858	NaN	
355.9440509	94	5	1	1	0.1199805858	84.84369857	15.15589505	0.0004063798622				0	63.38009805	36.61990195	63.58724882	36.41275118	0				-355.9440509	0.1199805858	NaN	
355.7840509	94	5	1	1	0.1199805858	84.84369857	15.15589505	0.0004063798622				0	63.38009805	36.61990195	63.58724882	36.41275118	0				-355.7840509	0.1199805858	NaN	
355.6240509	94	5	1	1	0.1199805858	84.84369857	15.15589505	0.0004063798622				0	63.38009805	36.61990195	63.58724882	36.41275118	0				-355.6240509	0.1199805858	NaN	
355.4640509	94	5	1	1	0.1199805858	84.84369857	15.15589505	0.0004063798622				0	63.38009805	36.61990195	63.58724882	36.41275118	0				-355.4640509	0.1199805858	NaN	
355.3040509	94	5	1	1	0.1199805858	84.84369857	15.15589505	0.0004063798622				0	63.38009805	36.61990195	63.58724882	36.41275118	0				-355.3040509	0.1199805858	NaN	
355.1440509	94	5	1	1	0.1199805858	84.84369857	15.15589505	0.0004063798622				0	63.38009805	36.61990195	63.58724882	36.41275118	0				-355.1440509	0.1199805858	NaN	
354.9840509	94	5	1	1	0.1199805858	84.84369857	15.15589505	0.0004063798622				0	63.38009805	36.61990195	63.58724882	36.41275118	0				-354.9840509	0.1199805858	NaN	
354.8240509	94	5	1	1	0.1199805858	84.84369857	15.15589505	0.0004063798622				0	63.38009805	36.61990195	63.58724882	36.41275118	0				-354.8240509	0.1199805858	NaN	
354.6640509	94	5	1	1	0.1199805858	84.84369857	15.15589505	0.0004063798622				0	63.38009805	36.61990195	63.58724882	36.41275118	0				-354.6640509	0.1199805858	NaN	
354.5040509	94	5	1	1	0.1199805858	84.84369857	15.15589505	0.0004063798622				0	63.38009805	36.61990195	63.58724882	36.41275118	0				-354.5040509	0.1199805858	NaN	
354.3440509	94	5	1	1	0.1199805858	84.84369857	15.15589505	0.0004063798622				0	63.38009805	36.61990195	63.58724882	36.41275118	0				-354.3440509	0.1199805858	NaN	
354.1840509	94	5	1	1	0.1199805858	84.84369857	15.15589505	0.0004063798622				0	63.38009805	36.61990195	63.58724882	36.41275118	0				-354.1840509	0.1199805858	NaN	
354.0240509	94	5	1	1	0.1199805858	84.84369857	15.15589505	0.0004063798622				0	63.38009805	36.61990195	63.58724882	36.41275118	0				-354.0240509	0.1199805858	NaN	
353.8640509	94	5	1	1	0.1199805858	84.84369857	15.15589505	0.0004063798622				0	63.38009805	36.61990195	63.58724882	36.41275118	0				-353.8640509	0.1199805858	NaN	
353.7040509	94	5	1	1	0.1199805858	84.84369857	15.15589505	0.0004063798622				0	63.38009805	36.61990195	63.58724882	36.41275118	0				-353.7040509	0.1199805858	NaN	
353.5440509	94	5	1	1	0.1199805858	84.84369857	15.15589505	0.0004063798622				0	63.38009805	36.61990195	63.58724882	36.41275118	0				-353.5440509	0.1199805858	NaN	
353.3840509	94	5	1	1	0.1199805858	84.84369857	15.15589505	0.0004063798622				0	63.38009805	36.61990195	63.58724882	36.41275118	0				-353.3840509	0.1199805858	NaN	
353.2240509	94	5	1	1	0.1199805858	84.84369857	15.15589505	0.0004063798622				0	63.38009805	36.61990195	63.58724882	36.41275118	0				-353.2240509	0.1199805858	NaN	
353.0640509	94	5	1	1	0.1199805858	84.84369857	15.15589505	0.0004063798622				0	63.38009805	36.61990195	63.58724882	36.41275118	0				-353.0640509	0.1199805858	NaN	
352.9040509	94	5	1	1	0.1199805858	84.84369857	15.15589505	0.0004063798622				0	63.38009805	36.61990195	63.58724882	36.41275118	0				-352.9040509	0.1199805858	NaN	
352.7440509	94	5	1	1	0.1199805858	84.84369857	15.15589505	0.0004063798622				0	63.38009805	36.61990195	63.58724882	36.41275118	0				-352.7440509	0.1199805858	NaN	
352.5840509	94	5	1	1	0.1199805858	84.84369857	15.15589505	0.0004063798622				0	63.38009805	36.61990195	63.58724882	36.41275118	0				-352.5840509	0.1199805858	NaN	
352.4240509	94	5	1	1	0.1199805858	84.84369857	15.15589505	0.0004063798622				0	63.38009805	36.61990195	63.58724882	36.41275118	0				-352.4240509	0.1199805858	NaN	
352.2640509	94	5	1	1	0.1199805858	84.84369857	15.15589505	0.0004063798622				0	63.38009805	36.61990195	63.58724882	36.41275118	0				-352.2640509	0.1199805858	NaN	
352.1040509	94	5	1	1	0.1199805858	84.84369857	15.15589505	0.0004063798622				0	63.38009805	36.61990195	63.58724882	36.41275118	0				-352.1040509	0.1199805858	NaN	
351.9440509	94	5	1	1	0.1199805858	84.84369857	15.15589505	0.0004063798622				0	63.38009805	36.61990195	63.58724882	36.41275118	0				-351.9440509	0.1199805858	NaN	
351.7840509	94	5	1	1	0.1199805858	84.84369857	15.15589505	0.0004063798622				0	63.38009805	36.61990195	63.58724882	36.41275118	0				-351.7840509	0.1199805858	NaN	
351.6240509	94	5	1	1	0.1199805858	84.84369857	15.15589505	0.0004063798622				0	63.38009805	36.61990195	63.58724882	36.41275118	0				-351.6240509	0.1199805858	NaN	
351.4640509	94	5	1	1	0.1199805858	84.84369857	15.15589505	0.0004063798622				0	63.38009805	36.61990195	63.58724882	36.41275118	0				-351.4640509	0.1199805858	NaN	
351.3040509	94	5	1	1	0.1199805858	84.84369857	15.15589505	0.0004063798622				0	63.38009805	36.61990195	63.58724882	36.41275118	0				-351.3040509	0.1199805858	NaN	
351.1440509	94	5	1	1	0.1199805858	84.84369857	15.15589505	0.0004063798622				0	63.38009805	36.61990195	63.58724882	36.41275118	0				-351.1440509	0.1199805858	NaN	
350.9840509	94	5	1	1	0.1199805858	84.84369857	15.15589505	0.0004063798622				0	63.38009805	36.61990195	63.58724882	36.41275118	0				-350.9840509	0.1199805858	NaN	
350.8240509	94	5	1	1	0.1199805858	84.84369857	15.15589505	0.0004063798622				0	63.38009805	36.61990195	63.58724882	36.41275118	0				-350.8240509	0.1199805858	NaN	
350.6640509	94	5	1	1	0.1199805858	84.84369857	15.15589505	0.0004063798622				0	63.38009805	36.61990195	63.58724882	36.41275118	0				-350.6640509	0.1199805858	NaN	
350.5040509	94	5	1	1	0.1199805858	84.84369857	15.15589505	0.0004063798622				0	63.38009805	36.61990195	63.58724882	36.41275118	0				-350.5040509	0.1199805858	NaN	
350.3440509	94	5	1	1	0.1199805858	84.84369857	15.15589505	0.0004063798622				0	63.38009805	36.61990195	63.58724882	36.41275118	0				-350.3440509	0.1199805858	NaN	
350.1840509	94	5	1	1	0.1199805858	84.84369857	15.15589505	0.0004063798622				0	63.38009805	36.61990195	63.58724882	36.41275118	0				-350.1840509	0.1199805858	NaN	
350.0240509	94	5	1	1	0.1199805858	84.84369857	15.15589505	0.0004063798622				0	63.38009805	36.61990195	63.58724882	36.41275118	0				-350.0240509	0.1199805858	NaN	
349.8640509	94	5	1	1	0.1199805858	84.84369857	15.15589505	0.0004063798622				0	63.38009805	36.61990195	63.58724882	36.41275118	0				-349.8640509	0.1199805858	NaN	
349.7040509	94	5	1	1	0.1199805858	84.84369857	15.15589505	0.0004063798622				0	63.38009805	36.61990195	63.58724882	36.41275118	0				-349.7040509	0.1199805858	NaN	
349.5440509	94	5	1	1	0.1199805858	84.84369857	15.15589505	0.0004063798622				0	63.38009805	36.61990195	63.58724882	36.41275118	0				-349.5440509	0.1199805858	NaN	
349.3840509	94	5	1	1	0.1199805858	84.84369857	15.15589505	0.0004063798622				0	63.38009805	36.61990195	63.58724882	36.41275118	0				-349.3840509	0.1199805858	NaN	
349.2240509	94	5	1	1	0.1199805858	84.84369857	15.15589505	0.0004063798622				0	63.38009805	36.61990195	63.58724882	36.41275118	0				-349.2240509	0.1199805858	NaN	
349.0640509	94	5	1	1	0.1199805858	84.84369857	15.15589505	0.0004063798622				0	63.38009805	36.61990195	63.58724882	36.41275118	0				-349.0640509	0.1199805858	NaN	
348.9040509	94	5	1	1	0.1199805858	84.84369857	15.15589505	0.0004063798622				0	63.38009805	36.61990195	63.58724882	36.41275118	0				-348.9040509	0.1199805858	NaN	
348.7440509	94	5	1	1	0.1199805858	84.84369857	15.15589505	0.0004063798622				0	63.38009805	36.61990195	63.58724882	36.41275118	0				-348.7440509	0.1199805858	NaN	
348.5840509	94	5	1	1	0.1199805858	84.84369857	15.15589505	0.0004063798622				0	63.38009805	36.61990195	63.58724882	36.41275118	0				-348.5840509	0.1199805858	NaN	
348.4240509	94	5	1	1	0.1199805858	84.84369857	15.15589505	0.0004063798622				0	63.38009805	36.61990195	63.58724882	36.41275118	0				-348.4240509	0.1199805858	NaN	
348.2640509	94	5	1	1	0.1199805858	84.84369857	15.15589505	0.0004063798622				0	63.38009805	36.61990195	63.58724882	36.41275118	0				-348.2640509	0.1199805858	NaN	
348.1040509	94	5	1	1	0.1199805858	84.84369857	15.15589505	0.0004063798622				0	63.38009805	36.61990195	63.58724882	36.41275118	0				-348.1040509	0.1199805858	NaN	
347.9440509	94	5	1	1	0.1199805858	84.84369857	15.15589505	0.0004063798622				0	63.38009805	36.61990195	63.58724882	36.41275118	0				-347.9440509	0.1199805858	NaN	
347.7840509	94	5	1	1	0.1199805858	84.84369857	15.15589505	0.0004063798622				0	63.38009805	36.61990195	63.58724882	36.41275118	0				-347.7840509	0.1199805858	NaN	
347.6240509	94	5	1	1	0.1199805858	84.84369857	15.15589505	0.0004063798622				0	63.38009805	36.61990195	63.58724882	36.41275118	0				-347.6240509	0.1199805858	NaN	
347.4640509	94	5	1	1	0.1199805858	84.84369857	15.15589505	0.0004063798622				0	63.38009805	36.61990195	63.58724882	36.41275118	0				-347.4640509	0.1199805858	NaN	
347.3040509	94	5	1	1	0.1199805858	84.84369857	15.15589505	0.0004063798622				0	63.38009805	36.61990195	63.58724882	36.41275118	0				-347.3040509	0.1199805858	NaN	
347.1440509	94	5	1	1	0.1199805858	84.84369857	15.15589505	0.0004063798622				0	63.38009805	36.61990195	63.58724882	36.41275118	0				-347.1440509	0.1199805858	NaN	
346.9840509	94	5	1	1	0.1199805858	84.84369857	15.15589505	0.0004063798622				0	63.38009805	36.61990195	63.58724882	36.41275118	0				-346.9840509	0.1199805858	NaN	
346.8240509	94	5	1	1	0.1199805858	84.84369857	15.15589505	0.0004063798622				0	63.38009805	36.61990195	63.58724882	36.41275118	0				-346.8240509	0.1199805858	NaN	
346.6640509	94	5	1	1	0.1199805858	84.84369857	15.15589505	0.0004063798622				0	63.38009805	36.61990195	63.58724882	36.41275118	0				-346.6640509	0.1199805858	NaN	
346.5040509	94	5	1	1	0.1199805858	84.84369857	15.15589505	0.0004063798622				0	63.38009805	36.61990195	63.58724882	36.41275118	0				-346.5040509	0.1199805858	NaN	
346.3440509	94	5	1	1	0.1199805858	84.84369857	15.15589505	0.0004063798622				0	63.38009805	36.61990195	63.58724882	36.41275118	0				-346.3440509	0.1199805858	NaN	
346.1840509	94	5	1	1	0.1199805858	84.84369857	15.15589505	0.0004063798622				0	63.38009805	36.61990195	63.58724882	36.41275118	0				-346.1840509	0.1199805858	NaN	
346.0240509	94	5	1	1	0.1199805858	84.84369857	15.15589505	0.0004063798622				0	63.38009805	36.61990195	63.58724882	36.41275118	0				-346.0240509	0.1199805858	NaN	
345.8640509	94	5	1	1	0.1199805858	84.84369857	15.15589505	0.0004063798622				0	63.38009805	36.61990195	63.58724882	36.41275118	0				-345.8640509	0.1199805858	NaN	
345.7040509	94	5	1	1	0.1199805858	84.84369857	15.15589505	0.0004063798622				0	63.38009805	36.61990195	63.58724882	36.41275118	0				-345.7040509	0.1199805858	NaN	
345.5440509	94	5	1	1	0.1199805858	84.84369857	15.15589505	0.0004063798622				0	63.38009805	36.61990195	63.58724882	36.41275118	0				-345.5440509	0.1199805858	NaN	
345.3840509	94	5	1	1	0.1199805858	84.84369857	15.15589505	0.0004063798622				0	63.38009805	36.61990195	63.58724882	36.41275118	0				-345.3840509	0.1199805858	NaN	
345.2240509	94	5	1	1	0.1199805858	84.84369857	15.15589505	0.0004063798622				0	63.38009805	36.61990195	63.58724882	36.41275118	0				-345.2240509	0.1199805858	NaN	
345.0640509	94	5	1	1	0.1199805858	84.84369857	15.15589505	0.0004063798622				0	63.38009805	36.61990195	63.58724882	36.41275118	0				-345.0640509	0.1199805858	NaN	
344.9040509	94	5	1	1	0.1199805858	84.84369857	15.15589505	0.0004063798622				0	63.38009805	36.61990195	63.58724882	36.41275118	0				-344.9040509	0.1199805858	NaN	
344.7440509	94	5	1	1	0.1199805858	84.84369857	15.15589505	0.0004063798622				0	63.38009805	36.61990195	63.58724882	36.41275118	0				-344.7440509	0.1199805858	NaN	
344.5840509	94	5	1	1	0.1199805858	84.84369857	15.15589505	0.0004063798622				0	63.38009805	36.61990195	63.58724882	36.41275118	0				-344.5840509	0.1199805858	NaN	
344.4240509	94	5	1	1	0.1199805858	84.84369857	15.15589505	0.0004063798622				0	63.38009805	36.61990195	63.58724882	36.41275118	0				-344.4240509	0.1199805858	NaN	
344.2640509	94	5	1	1	0.1199805858	84.84369857	15.15589505	0.0004063798622				0	63.38009805	36.61990195	63.58724882	36.41275118	0				-344.2640509	0.1199805858	NaN	
344.1040509	94	5	1	1	0.1199805858	84.84369857	15.15589505	0.0004063798622				0	63.38009805	36.61990195	63.58724882	36.41275118	0				-344.1040509	0.1199805858	NaN	
343.9440509	94	5	1	1	0.1199805858	84.84369857	15.15589505	0.0004063798622				0	63.38009805	36.61990195	63.58724882	36.41275118	0				-343.9440509	0.1199805858	NaN	
343.7840509	94	5	1	1	0.1199805858	84.84369857	15.15589505	0.0004063798622				0	63.38009805	36.61990195	63.58724882	36.41275118	0				-343.7840509	0.1199805858	NaN	
343.6240509	94	5	1	1	0.1199805858	84.84369857	15.15589505	0.0004063798622				0	63.38009805	36.61990195	63.58724882	36.41275118	0				-343.6240509	0.1199805858	NaN	
343.4640509	94	5	1	1	0.1199805858	84.84369857	15.15589505	0.0004063798622				0	63.38009805	36.61990195	63.58724882	36.41275118	0				-343.4640509	0.1199805858	NaN	
343.3040509	94	5	1	1	0.1199805858	84.84369857	15.15589505	0.0004063798622				0	63.38009805	36.61990195	63.58724882	36.41275118	0				-343.3040509	0.1199805858	NaN	
343.1440509	94	5	1	1	0.1199805858	84.84369857	15.15589505	0.0004063798622				0	63.38009805	36.61990195	63.58724882	36.41275118	0				-343.1440509	0.1199805858	NaN	
342.9840509	94	5	1	1	0.1199805858	84.84369857	15.15589505	0.0004063798622				0	63.38009805	36.61990195	63.58724882	36.41275118	0				-342.9840509	0.1199805858	NaN	
342.8240509	94	5	1	1	0.1199805858	84.84369857	15.15589505	0.0004063798622				0	63.38009805	36.61990195	63.58724882	36.41275118	0				-342.8240509	0.1199805858	NaN	
342.6640509	94	5	1	1	0.1199805858	84.84369857	15.15589505	0.0004063798622				0	63.38009805	36.61990195	63.58724882	36.41275118	0				-342.6640509	0.1199805858	NaN	
342.5040509	94	5	1	1	0.1199805858	84.84369857	15.15589505	0.0004063798622				0	63.38009805	36.61990195	63.58724882	36.41275118	0				-342.5040509	0.1199805858	NaN	
342.3440509	94	5	1	1	0.1199805858	84.84369857	15.15589505	0.0004063798622				0	63.38009805	36.61990195	63.58724882	36.41275118	0				-342.3440509	0.1199805858	NaN	
342.1840509	94	5	1	1	0.1199805858	84.84369857	15.15589505	0.0004063798622				0	63.38009805	36.61990195	63.58724882	36.41275118	0				-342.1840509	0.1199805858	NaN	
342.0240509	94	5	1	1	0.1199805858	84.84369857	15.15589505	0.0004063798622				0	63.38009805	36.61990195	63.58724882	36.41275118	0				-342.0240509	0.1199805858	NaN	
341.8640509	94	5	1	1	0.1199805858	84.84369857	15.15589505	0.0004063798622				0	63.38009805	36.61990195	63.58724882	36.41275118	0				-341.8640509	0.1199805858	NaN	
341.7040509	94	5	1	1	0.1199805858	84.84369857	15.15589505	0.0004063798622				0	63.38009805	36.61990195	63.58724882	36.41275118	0				-341.7040509	0.1199805858	NaN	
341.5440509	94	5	1	1	0.1199805858	84.84369857	15.15589505	0.0004063798622				0	63.38009805	36.61990195	63.58724882	36.41275118	0				-341.5440509	0.1199805858	NaN	
341.3840509	94	5	1	1	0.1199805858	84.84369857	15.15589505	0.0004063798622				0	63.38009805	36.61990195	63.58724882	36.41275118	0				-341.3840509	0.1199805858	NaN	
341.2240509	94	5	1	1	0.1199805858	84.84369857	15.15589505	0.0004063798622				0	63.38009805	36.61990195	63.58724882	36.41275118	0				-341.2240509	0.1199805858	NaN	
341.0640509	94	5	1	1	0.1199805858	84.84369857	15.15589505	0.0004063798622				0	63.38009805	36.61990195	63.58724882	36.41275118	0				-341.0640509	0.1199805858	NaN	
340.9040509	94	5	1	1	0.1199805858	84.84369857	15.15589505	0.0004063798622				0	63.38009805	36.61990195	63.58724882	36.41275118	0				-340.9040509	0.1199805858	NaN	
340.7440509	94	5	1	1	0.1199805858	84.84369857	15.15589505	0.0004063798622				0	63.38009805	36.61990195	63.58724882	36.41275118	0				-340.7440509	0.1199805858	NaN	
340.5840509	94	5	1	1	0.1199805858	84.84369857	15.15589505	0.0004063798622				0	63.38009805	36.61990195	63.58724882	36.41275118	0				-340.5840509	0.1199805858	NaN	
340.4240509	94	5	1	1	0.1199805858	84.84369857	15.15589505	0.0004063798622				0	63.38009805	36.61990195	63.58724882	36.41275118	0				-340.4240509	0.1199805858	NaN	
340.2640509	94	5	1	1	0.1199805858	84.84369857	15.15589505	0.0004063798622				0	63.38009805	36.61990195	63.58724882	36.41275118	0				-340.2640509	0.1199805858	NaN	
340.1040509	94	5	1	1	0.1199805858	84.84369857	15.15589505	0.0004063798622				0	63.38009805	36.61990195	63.58724882	36.41275118	0				-340.1040509	0.1199805858	NaN	
339.9440509	94	5	1	1	0.1199805858	84.84369857	15.15589505	0.0004063798622				0	63.38009805	36.61990195	63.58724882	36.41275118	0				-339.9440509	0.1199805858	NaN	
339.7840509	94	5	1	1	0.1199805858	84.84369857	15.15589505	0.0004063798622				0	63.38009805	36.61990195	63.58724882	36.41275118	0				-339.7840509	0.1199805858	NaN	
339.6240509	94	5	1	1	0.1199805858	84.84369857	15.15589505	0.0004063798622				0	63.38009805	36.61990195	63.58724882	36.41275118	0				-339.6240509	0.1199805858	NaN	
339.4640509	94	5	1	1	0.1199805858	84.84369857	15.15589505	0.0004063798622				0	63.38009805	36.61990195	63.58724882	36.41275118	0				-339.4640509	0.1199805858	NaN	
339.3040509	94	5	1	1	0.1199805858	84.84369857	15.15589505	0.0004063798622				0	63.38009805	36.61990195	63.58724882	36.41275118	0				-339.3040509	0.1199805858	NaN	
339.1440509	94	5	1	1	0.1199805858	84.84369857	15.15589505	0.0004063798622				0	63.38009805	36.61990195	63.58724882	36.41275118	0				-339.1440509	0.1199805858	NaN	
338.9840509	94	5	1	1	0.1199805858	84.84369857	15.15589505	0.0004063798622				0	63.38009805	36.61990195	63.58724882	36.41275118	0				-338.9840509	0.1199805858	NaN	
338.8240509	94	5	1	1	0.1199805858	84.84369857	15.15589505	0.0004063798622				0	63.38009805	36.61990195	63.58724882	36.41275118	0				-338.8240509	0.1199805858	NaN	
338.6640509	94	5	1	1	0.1199805858	84.84369857	15.15589505	0.0004063798622				0	63.38009805	36.61990195	63.58724882	36.41275118	0				-338.6640509	0.1199805858	NaN	
338.5040509	94	5	1	1	0.1199805858	84.84369857	15.15589505	0.0004063798622				0	63.38009805	36.61990195	63.58724882	36.41275118	0				-338.5040509	0.1199805858	NaN	
338.3440509	94	5	1	1	0.1199805858	84.84369857	15.15589505	0.0004063798622				0	63.38009805	36.61990195	63.58724882	36.41275118	0				-338.3440509	0.1199805858	NaN	
338.1840509	94	5	1	1	0.1199805858	84.84369857	15.15589505	0.0004063798622				0	63.38009805	36.61990195	63.58724882	36.41275118	0				-338.1840509	0.1199805858	NaN	
338.0240509	94	5	1	1	0.1199805858	84.84369857	15.15589505	0.0004063798622				0	63.38009805	36.61990195	63.58724882	36.41275118	0				-338.0240509	0.1199805858	NaN	
337.8640509	94	5	1	1	0.1199805858	84.84369857	15.15589505	0.0004063798622				0	63.38009805	36.61990195	63.58724882	36.41275118	0				-337.8640509	0.1199805858	NaN	
337.7040509	94	5	1	1	0.1199805858	84.84369857	15.15589505	0.0004063798622				0	63.38009805	36.61990195	63.58724882	36.41275118	0				-337.7040509	0.1199805858	NaN	
337.5440509	94	5	1	1	0.1199805858	84.84369857	15.15589505	0.0004063798622				0	63.38009805	36.61990195	63.58724882	36.41275118	0				-337.5440509	0.1199805858	NaN	
337.3840509	94	5	1	1	0.1199805858	84.84369857	15.15589505	0.0004063798622				0	63.38009805	36.61990195	63.58724882	36.41275118	0				-337.3840509	0.1199805858	NaN	
337.2240509	94	5	1	1	0.1199805858	84.84369857	15.15589505	0.0004063798622				0	63.38009805	36.61990195	63.58724882	36.41275118	0				-337.2240509	0.1199805858	NaN	
337.0640509	94	5	1	1	0.1199805858	84.84369857	15.15589505	0.0004063798622				0	63.38009805	36.61990195	63.58724882	36.41275118	0				-337.0640509	0.1199805858	NaN	
336.9040509	94	5	1	1	0.1199805858	84.84369857	15.15589505	0.0004063798622				0	63.38009805	36.61990195	63.58724882	36.41275118	0				-336.9040509	0.1199805858	NaN	
336.7440509	94	5	1	1	0.1199805858	84.84369857	15.15589505	0.0004063798622				0	63.38009805	36.61990195	63.58724882	36.41275118	0				-336.7440509	0.1199805858	NaN	
336.5840509	94	5	1	1	0.1199805858	84.84369857	15.15589505	0.0004063798622				0	63.38009805	36.61990195	63.58724882	36.41275118	0				-336.5840509	0.1199805858	NaN	
336.4240509	94	5	1	1	0.1199805858	84.84369857	15.15589505	0.0004063798622				0	63.38009805	36.61990195	63.58724882	36.41275118	0				-336.4240509	0.1199805858	NaN	
336.2640509	94	5	1	1	0.1199805858	84.84369857	15.15589505	0.0004063798622				0	63.38009805	36.61990195	63.58724882	36.41275118	0				-336.2640509	0.1199805858	NaN	
336.1040509	94	5	1	1	0.1199805858	84.84369857	15.15589505	0.0004063798622				0	63.38009805	36.61990195	63.58724882	36.41275118	0				-336.1040509	0.1199805858	NaN	
335.9440509	94	5	1	1	0.1199805858	84.84369857	15.15589505	0.0004063798622				0	63.38009805	36.61990195	63.58724882	36.41275118	0				-335.9440509	0.1199805858	NaN	
335.7840509	94	5	1	1	0.1199805858	84.84369857	15.15589505	0.0004063798622				0	63.38009805	36.61990195	63.58724882	36.41275118	0				-335.7840509	0.1199805858	NaN	
335.6240509	94	5	1	1	0.1199805858	84.84369857	15.15589505	0.0004063798622				0	63.38009805	36.61990195	63.58724882	36.41275118	0				-335.6240509	0.1199805858	NaN	
335.4640509	94	5	1	1	0.1199805858	84.84369857	15.15589505	0.0004063798622				0	63.38009805	36.61990195	63.58724882	36.41275118	0				-335.4640509	0.1199805858	NaN	
335.3040509	94	5	1	1	0.1199805858	84.84369857	15.15589505	0.0004063798622				0	63.38009805	36.61990195	63.58724882	36.41275118	0				-335.3040509	0.1199805858	NaN	
335.1440509	94	5	1	1	0.1199805858	84.84369857	15.15589505	0.0004063798622				0	63.38009805	36.61990195	63.58724882	36.41275118	0				-335.1440509	0.1199805858	NaN	
334.9840509	94	5	1	1	0.1199805858	84.84369857	15.15589505	0.0004063798622				0	63.38009805	36.61990195	63.58724882	36.41275118	0				-334.9840509	0.1199805858	NaN	
334.8240509	94	5	1	1	0.1199805858	84.84369857	15.15589505	0.0004063798622				0	63.38009805	36.61990195	63.58724882	36.41275118	0				-334.8240509	0.1199805858	NaN	
334.6640509	94	5	1	1	0.1199805858	84.84369857	15.15589505	0.0004063798622				0	63.38009805	36.61990195	63.58724882	36.41275118	0				-334.6640509	0.1199805858	NaN	
334.5040509	94	5	1	1	0.1199805858	84.84369857	15.15589505	0.0004063798622				0	63.38009805	36.61990195	63.58724882	36.41275118	0				-334.5040509	0.1199805858	NaN	
334.3440509	94	5	1	1	0.1199805858	84.84369857	15.15589505	0.0004063798622				0	63.38009805	36.61990195	63.58724882	36.41275118	0				-334.3440509	0.1199805858	NaN	
334.1840509	94	5	1	1	0.1199805858	84.84369857	15.15589505	0.0004063798622				0	63.38009805	36.61990195	63.58724882	36.41275118	0				-334.1840509	0.1199805858	NaN	
334.0240509	94	5	1	1	0.1199805858	84.84369857	15.15589505	0.0004063798622				0	63.38009805	36.61990195	63.58724882	36.41275118	0				-334.0240509	0.1199805858	NaN	
333.8640509	94	5	1	1	0.1199805858	84.84369857	15.15589505	0.0004063798622				0	63.38009805	36.61990195	63.58724882	36.41275118	0				-333.8640509	0.1199805858	NaN	
333.7040509	94	5	1	1	0.1199805858	84.84369857	15.15589505	0.0004063798622				0	63.38009805	36.61990195	63.58724882	36.41275118	0				-333.7040509	0.1199805858	NaN	
333.5440509	94	5	1	1	0.1199805858	84.84369857	15.15589505	0.0004063798622				0	63.38009805	36.61990195	63.58724882	36.41275118	0				-333.5440509	0.1199805858	NaN	
333.3840509	94	5	1	1	0.1199805858	84.84369857	15.15589505	0.0004063798622				0	63.38009805	36.61990195	63.58724882	36.41275118	0				-333.3840509	0.1199805858	NaN	
333.2240509	94	5	1	1	0.1199805858	84.84369857	15.15589505	0.0004063798622				0	63.38009805	36.61990195	63.58724882	36.41275118	0				-333.2240509	0.1199805858	NaN	
333.0640509	94	5	1	1	0.1199805858	84.84369857	15.15589505	0.0004063798622				0	63.38009805	36.61990195	63.58724882	36.41275118	0				-333.0640509	0.1199805858	NaN	
332.9040509	94	5	1	1	0.1199805858	84.84369857	15.15589505	0.0004063798622				0	63.38009805	36.61990195	63.58724882	36.41275118	0				-332.9040509	0.1199805858	NaN	
332.7440509	94	5	1	1	0.1199805858	84.84369857	15.15589505	0.0004063798622				0	63.38009805	36.61990195	63.58724882	36.41275118	0				-332.7440509	0.1199805858	NaN	
332.5840509	94	5	1	1	0.1199805858	84.84369857	15.15589505	0.0004063798622				0	63.38009805	36.61990195	63.58724882	36.41275118	0				-332.5840509	0.1199805858	NaN	
332.4240509	94	5	1	1	0.1199805858	84.84369857	15.15589505	0.0004063798622				0	63.38009805	36.61990195	63.58724882	36.41275118	0				-332.4240509	0.1199805858	NaN	
332.2640509	94	5	1	1	0.1199805858	84.84369857	15.15589505	0.0004063798622				0	63.38009805	36.61990195	63.58724882	36.41275118	0				-332.2640509	0.1199805858	NaN	
332.1040509	94	5	1	1	0.1199805858	84.84369857	15.15589505	0.0004063798622				0	63.38009805	36.61990195	63.58724882	36.41275118	0				-332.1040509	0.1199805858	NaN	
331.9440509	94	5	1	1	0.1199805858	84.84369857	15.15589505	0.0004063798622				0	63.38009805	36.61990195	63.58724882	36.41275118	0				-331.9440509	0.1199805858	NaN	
331.7840509	94	5	1	1	0.1199805858	84.84369857	15.15589505	0.0004063798622				0	63.38009805	36.61990195	63.58724882	36.41275118	0				-331.7840509	0.1199805858	NaN	
331.6240509	94	5	1	1	0.1199805858	84.84369857	15.15589505	0.0004063798622				0	63.38009805	36.61990195	63.58724882	36.41275118	0				-331.6240509	0.1199805858	NaN	
331.4640509	94	5	1	1	0.1199805858	84.84369857	15.15589505	0.0004063798622				0	63.38009805	36.61990195	63.58724882	36.41275118	0				-331.4640509	0.1199805858	NaN	
331.3040509	94	5	1	1	0.1199805858	84.84369857	15.15589505	0.0004063798622				0	63.38009805	36.61990195	63.58724882	36.41275118	0				-331.3040509	0.1199805858	NaN	
331.1440509	94	5	1	1	0.1199805858	84.84369857	15.15589505	0.0004063798622				0	63.38009805	36.61990195	63.58724882	36.41275118	0				-331.1440509	0.1199805858	NaN	
330.9840509	94	5	1	1	0.1199805858	84.84369857	15.15589505	0.0004063798622				0	63.38009805	36.61990195	63.58724882	36.41275118	0				-330.9840509	0.1199805858	NaN	
330.8240509	94	5	1	1	0.1199805858	84.84369857	15.15589505	0.0004063798622				0	63.38009805	36.61990195	63.58724882	36.41275118	0				-330.8240509	0.1199805858	NaN	
330.6640509	94	5	1	1	0.1199805858	84.84369857	15.15589505	0.0004063798622				0	63.38009805	36.61990195	63.58724882	36.41275118	0				-330.6640509	0.1199805858	NaN	
330.5040509	94	5	1	1	0.1199805858	84.84369857	15.15589505	0.0004063798622				0	63.38009805	36.61990195	63.58724882	36.41275118	0				-330.5040509	0.1199805858	NaN	
330.3440509	94	5	1	1	0.1199805858	84.84369857	15.15589505	0.0004063798622				0	63.38009805	36.61990195	63.58724882	36.41275118	0				-330.3440509	0.1199805858	NaN	
330.1840509	94	5	1	1	0.1199805858	84.84369857	15.15589505	0.0004063798622				0	63.38009805	36.61990195	63.58724882	36.41275118	0				-330.1840509	0.1199805858	NaN	
330.0240509	94	5	1	1	0.1199805858	84.84369857	15.15589505	0.0004063798622				0	63.38009805	36.61990195	63.58724882	36.41275118	0				-330.0240509	0.1199805858	NaN	
329.8640509	94	5	1	1	0.1199805858	84.84369857	15.15589505	0.0004063798622				0	63.38009805	36.61990195	63.58724882	36.41275118	0				-329.8640509	0.1199805858	NaN	
329.7040509	94	5	1	1	0.1199805858	84.84369857	15.15589505	0.0004063798622				0	63.38009805	36.61990195	63.58724882	36.41275118	0				-329.7040509	0.1199805858	NaN	
329.5440509	94	5	1	1	0.1199805858	84.84369857	15.15589505	0.0004063798622				0	63.38009805	36.61990195	63.58724882	36.41275118	0				-329.5440509	0.1199805858	NaN	
329.3840509	94	5	1	1	0.1199805858	84.84369857	15.15589505	0.0004063798622				0	63.38009805	36.61990195	63.58724882	36.41275118	0				-329.3840509	0.1199805858	NaN	
329.2240509	94	5	1	1	0.1199805858	84.84369857	15.15589505	0.0004063798622				0	63.38009805	36.61990195	63.58724882	36.41275118	0				-329.2240509	0.1199805858	NaN	
329.0640509	94	5	1	1	0.1199805858	84.84369857	15.15589505	0.0004063798622				0	63.38009805	36.61990195	63.58724882	36.41275118	0				-329.0640509	0.1199805858	NaN	
328.9040509	94	5	1	1	0.1199805858	84.84369857	15.15589505	0.0004063798622				0	63.38009805	36.61990195	63.58724882	36.41275118	0				-328.9040509	0.1199805858	NaN	
328.7440509	94	5	1	1	0.1199805858	84.84369857	15.15589505	0.0004063798622				0	63.38009805	36.61990195	63.58724882	36.41275118	0				-328.7440509	0.1199805858	NaN	
328.5840509	94	5	1	1	0.1199805858	84.84369857	15.15589505	0.0004063798622				0	63.38009805	36.61990195	63.58724882	36.41275118	0				-328.5840509	0.1199805858	NaN	
328.4240509	94	5	1	1	0.1199805858	84.84369857	15.15589505	0.0004063798622				0	63.38009805	36.61990195	63.58724882	36.41275118	0				-328.4240509	0.1199805858	NaN	
328.2640509	94	5	1	1	0.1199805858	84.84369857	15.15589505	0.0004063798622				0	63.38009805	36.61990195	63.58724882	36.41275118	0				-328.2640509	0.1199805858	NaN	
328.1040509	94	5	1	1	0.1199805858	84.84369857	15.15589505	0.0004063798622				0	63.38009805	36.61990195	63.58724882	36.41275118	0				-328.1040509	0.1199805858	NaN	
327.9440509	94	5	1	1	0.1199805858	84.84369857	15.15589505	0.0004063798622				0	63.38009805	36.61990195	63.58724882	36.41275118	0				-327.9440509	0.1199805858	NaN	
327.7840509	94	5	1	1	0.1199805858	84.84369857	15.15589505	0.0004063798622				0	63.38009805	36.61990195	63.58724882	36.41275118	0				-327.7840509	0.1199805858	NaN	
327.6240509	94	5	1	1	0.1199805858	84.84369857	15.15589505	0.0004063798622				0	63.38009805	36.61990195	63.58724882	36.41275118	0				-327.6240509	0.1199805858	NaN	
327.4640509	94	5	1	1	0.1199805858	84.84369857	15.15589505	0.0004063798622				0	63.38009805	36.61990195	63.58724882	36.41275118	0				-327.4640509	0.1199805858	NaN	
327.3040509	94	5	1	1	0.1199805858	84.84369857	15.15589505	0.0004063798622				0	63.38009805	36.61990195	63.58724882	36.41275118	0				-327.3040509	0.1199805858	NaN	
327.1440509	94	5	1	1	0.1199805858	84.84369857	15.15589505	0.0004063798622				0	63.38009805	36.61990195	63.58724882	36.41275118	0				-327.1440509	0.1199805858	NaN	
326.9840509	94	5	1	1	0.1199805858	84.84369857	15.15589505	0.0004063798622				0	63.38009805	36.61990195	63.58724882	36.41275118	0				-326.9840509	0.1199805858	NaN	
326.8240509	94	5	1	1	0.1199805858	84.84369857	15.15589505	0.0004063798622				0	63.38009805	36.61990195	63.58724882	36.41275118	0				-326.8240509	0.1199805858	NaN	
326.6640509	94	5	1	1	0.1199805858	84.84369857	15.15589505	0.0004063798622				0	63.38009805	36.61990195	63.58724882	36.41275118	0				-326.6640509	0.1199805858	NaN	
326.5040509	94	5	1	1	0.1199805858	84.84369857	15.15589505	0.0004063798622				0	63.38009805	36.61990195	63.58724882	36.41275118	0				-326.5040509	0.1199805858	NaN	
326.3440509	94	5	1	1	0.1199805858	84.84369857	15.15589505	0.0004063798622				0	63.38009805	36.61990195	63.58724882	36.41275118	0				-326.3440509	0.1199805858	NaN	
326.1840509	94	5	1	1	0.1199805858	84.84369857	15.15589505	0.0004063798622				0	63.38009805	36.61990195	63.58724882	36.41275118	0				-326.1840509	0.1199805858	NaN	
326.0240509	94	5	1	1	0.1199805858	84.84369857	15.15589505	0.0004063798622				0	63.38009805	36.61990195	63.58724882	36.41275118	0				-326.0240509	0.1199805858	NaN	
325.8640509	94	5	1	1	0.1199805858	84.84369857	15.15589505	0.0004063798622				0	63.38009805	36.61990195	63.58724882	36.41275118	0				-325.8640509	0.1199805858	NaN	
325.7040509	94	5	1	1	0.1199805858	84.84369857	15.15589505	0.0004063798622				0	63.38009805	36.61990195	63.58724882	36.41275118	0				-325.7040509	0.1199805858	NaN	
325.5440509	94	5	1	1	0.1199805858	84.84369857	15.15589505	0.0004063798622				0	63.38009805	36.61990195	63.58724882	36.41275118	0				-325.5440509	0.1199805858	NaN	
325.3840509	94	5	1	1	0.1199805858	84.84369857	15.15589505	0.0004063798622				0	63.38009805	36.61990195	63.58724882	36.41275118	0				-325.3840509	0.1199805858	NaN	
325.2240509	94	5	1	1	0.1199805858	84.84369857	15.15589505	0.0004063798622				0	63.38009805	36.61990195	63.58724882	36.41275118	0				-325.2240509	0.1199805858	NaN	
325.0640509	94	5	1	1	0.1199805858	84.84369857	15.15589505	0.0004063798622				0	63.38009805	36.61990195	63.58724882	36.41275118	0				-325.0640509	0.1199805858	NaN	
324.9040509	94	5	1	1	0.1199805858	84.84369857	15.15589505	0.0004063798622				0	63.38009805	36.61990195	63.58724882	36.41275118	0				-324.9040509	0.1199805858	NaN	
324.7440509	94	5	1	1	0.1199805858	84.84369857	15.15589505	0.0004063798622				0	63.38009805	36.61990195	63.58724882	36.41275118	0				-324.7440509	0.1199805858	NaN	
324.5840509	94	5	1	1	0.1199805858	84.84369857	15.15589505	0.0004063798622				0	63.38009805	36.61990195	63.58724882	36.41275118	0				-324.5840509	0.1199805858	NaN	
324.4240509	94	5	1	1	0.1199805858	84.84369857	15.15589505	0.0004063798622				0	63.38009805	36.61990195	63.58724882	36.41275118	0				-324.4240509	0.1199805858	NaN	
324.2640509	94	5	1	1	0.1199805858	84.84369857	15.15589505	0.0004063798622				0	63.38009805	36.61990195	63.58724882	36.41275118	0				-324.2640509	0.1199805858	NaN	
324.1040509	94	5	1	1	0.1199805858	84.84369857	15.15589505	0.0004063798622				0	63.38009805	36.61990195	63.58724882	36.41275118	0				-324.1040509	0.1199805858	NaN	
323.9440509	94	5	1	1	0.1199805858	84.84369857	15.15589505	0.0004063798622				0	63.38009805	36.61990195	63.58724882	36.41275118	0				-323.9440509	0.1199805858	NaN	
323.7840509	94	5	1	1	0.1199805858	84.84369857	15.15589505	0.0004063798622				0	63.38009805	36.61990195	63.58724882	36.41275118	0				-323.7840509	0.1199805858	NaN	
323.6240509	94	5	1	1	0.1199805858	84.84369857	15.15589505	0.0004063798622				0	63.38009805	36.61990195	63.58724882	36.41275118	0				-323.6240509	0.1199805858	NaN	
323.4640509	94	5	1	1	0.1199805858	84.84369857	15.15589505	0.0004063798622				0	63.38009805	36.61990195	63.58724882	36.41275118	0				-323.4640509	0.1199805858	NaN	
323.3040509	94	5	1	1	0.1199805858	84.84369857	15.15589505	0.0004063798622				0	63.38009805	36.61990195	63.58724882	36.41275118	0				-323.3040509	0.1199805858	NaN	
323.1440509	94	5	1	1	0.1199805858	84.84369857	15.15589505	0.0004063798622				0	63.38009805	36.61990195	63.58724882	36.41275118	0				-323.1440509	0.1199805858	NaN	
322.9840509	94	5	1	1	0.1199805858	84.84369857	15.15589505	0.0004063798622				0	63.38009805	36.61990195	63.58724882	36.41275118	0				-322.9840509	0.1199805858	NaN	
322.8240509	94	5	1	1	0.1199805858	84.84369857	15.15589505	0.0004063798622				0	63.38009805	36.61990195	63.58724882	36.41275118	0				-322.8240509	0.1199805858	NaN	
322.6640509	94	5	1	1	0.1199805858	84.84369857	15.15589505	0.0004063798622				0	63.38009805	36.61990195	63.58724882	36.41275118	0				-322.6640509	0.1199805858	NaN	
322.5040509	94	5	1	1	0.1199805858	84.84369857	15.15589505	0.0004063798622				0	63.38009805	36.61990195	63.58724882	36.41275118	0				-322.5040509	0.1199805858	NaN	
322.3440509	94	5	1	1	0.1199805858	84.84369857	15.15589505	0.0004063798622				0	63.38009805	36.61990195	63.58724882	36.41275118	0				-322.3440509	0.1199805858	NaN	
322.1840509	94	5	1	1	0.1199805858	84.84369857	15.15589505	0.0004063798622				0	63.38009805	36.61990195	63.58724882	36.41275118	0				-322.1840509	0.1199805858	NaN	
322.0240509	94	5	1	1	0.1199805858	84.84369857	15.15589505	0.0004063798622				0	63.38009805	36.61990195	63.58724882	36.41275118	0				-322.0240509	0.1199805858	NaN	
321.8640509	94	5	1	1	0.1199805858	84.84369857	15.15589505	0.0004063798622				0	63.38009805	36.61990195	63.58724882	36.41275118	0				-321.8640509	0.1199805858	NaN	
321.7040509	94	5	1	1	0.1199805858	84.84369857	15.15589505	0.0004063798622				0	63.38009805	36.61990195	63.58724882	36.41275118	0				-321.7040509	0.1199805858	NaN	
321.5440509	94	5	1	1	0.1199805858	84.84369857	15.15589505	0.0004063798622				0	63.38009805	36.61990195	63.58724882	36.41275118	0				-321.5440509	0.1199805858	NaN	
321.3840509	94	5	1	1	0.1199805858	84.84369857	15.15589505	0.0004063798622				0	63.38009805	36.61990195	63.58724882	36.41275118	0				-321.3840509	0.1199805858	NaN	
321.2240509	94	5	1	1	0.1199805858	84.84369857	15.15589505	0.0004063798622				0	63.38009805	36.61990195	63.58724882	36.41275118	0				-321.2240509	0.1199805858	NaN	
321.0640509	94	5	1	1	0.1199805858	84.84369857	15.15589505	0.0004063798622				0	63.38009805	36.61990195	63.58724882	36.41275118	0				-321.0640509	0.1199805858	NaN	
320.9040509	94	5	1	1	0.1199805858	84.84369857	15.15589505	0.0004063798622				0	63.38009805	36.61990195	63.58724882	36.41275118	0				-320.9040509	0.1199805858	NaN	
320.7440509	94	5	1	1	0.1199805858	84.84369857	15.15589505	0.0004063798622				0	63.38009805	36.61990195	63.58724882	36.41275118	0				-320.7440509	0.1199805858	NaN	
320.5840509	94	5	1	1	0.1199805858	84.84369857	15.15589505	0.0004063798622				0	63.38009805	36.61990195	63.58724882	36.41275118	0				-320.5840509	0.1199805858	NaN	
320.4240509	94	5	1	1	0.1199805858	84.84369857	15.15589505	0.0004063798622				0	63.38009805	36.61990195	63.58724882	36.41275118	0				-320.4240509	0.1199805858	NaN	
320.2640509	94	5	1	1	0.1199805858	84.84369857	15.15589505	0.0004063798622				0	63.38009805	36.61990195	63.58724882	36.41275118	0				-320.2640509	0.1199805858	NaN	
320.1040509	94	5	1	1	0.1199805858	84.84369857	15.15589505	0.0004063798622				0	63.38009805	36.61990195	63.58724882	36.41275118	0				-320.1040509	0.1199805858	NaN	
319.9440509	94	5	1	1	0.1199805858	84.84369857	15.15589505	0.0004063798622				0	63.38009805	36.61990195	63.58724882	36.41275118	0				-319.9440509	0.1199805858	NaN	
319.7840509	94	5	1	1	0.1199805858	84.84369857	15.15589505	0.0004063798622				0	63.38009805	36.61990195	63.58724882	36.41275118	0				-319.7840509	0.1199805858	NaN	
319.6240509	94	5	1	1	0.1199805858	84.84369857	15.15589505	0.0004063798622				0	63.38009805	36.61990195	63.58724882	36.41275118	0				-319.6240509	0.1199805858	NaN	
319.4640509	94	5	1	1	0.1199805858	84.84369857	15.15589505	0.0004063798622				0	63.38009805	36.61990195	63.58724882	36.41275118	0				-319.4640509	0.1199805858	NaN	
319.3040509	94	5	1	1	0.1199805858	84.84369857	15.15589505	0.0004063798622				0	63.38009805	36.61990195	63.58724882	36.41275118	0				-319.3040509	0.1199805858	NaN	
319.1440509	94	5	1	1	0.1199805858	84.84369857	15.15589505	0.0004063798622				0	63.38009805	36.61990195	63.58724882	36.41275118	0				-319.1440509	0.1199805858	NaN	
318.9840509	94	5	1	1	0.1199805858	84.84369857	15.15589505	0.0004063798622				0	63.38009805	36.61990195	63.58724882	36.41275118	0				-318.9840509	0.1199805858	NaN	
318.8240509	94	5	1	1	0.1199805858	84.84369857	15.15589505	0.0004063798622				0	63.38009805	36.61990195	63.58724882	36.41275118	0				-318.8240509	0.1199805858	NaN	
318.6640509	94	5	1	1	0.1199805858	84.84369857	15.15589505	0.0004063798622				0	63.38009805	36.61990195	63.58724882	36.41275118	0				-318.6640509	0.1199805858	NaN	
318.5040509	94	5	1	1	0.1199805858	84.84369857	15.15589505	0.0004063798622				0	63.38009805	36.61990195	63.58724882	36.41275118	0				-318.5040509	0.1199805858	NaN	
318.3440509	94	5	1	1	0.1199805858	84.84369857	15.15589505	0.0004063798622				0	63.38009805	36.61990195	63.58724882	36.41275118	0				-318.3440509	0.1199805858	NaN	
318.1840509	94	5	1	1	0.1199805858	84.84369857	15.15589505	0.0004063798622				0	63.38009805	36.61990195	63.58724882	36.41275118	0				-318.1840509	0.1199805858	NaN	
318.0240509	94	5	1	1	0.1199805858	84.84369857	15.15589505	0.0004063798622				0	63.38009805	36.61990195	63.58724882	36.41275118	0				-318.0240509	0.1199805858	NaN	
317.8640509	94	5	1	1	0.1199805858	84.84369857	15.15589505	0.0004063798622				0	63.38009805	36.61990195	63.58724882	36.41275118	0				-317.8640509	0.1199805858	NaN	
317.7040509	94	5	1	1	0.1199805858	84.84369857	15.15589505	0.0004063798622				0	63.38009805	36.61990195	63.58724882	36.41275118	0				-317.7040509	0.1199805858	NaN	
317.5440509	94	5	1	1	0.1199805858	84.84369857	15.15589505	0.0004063798622				0	63.38009805	36.61990195	63.58724882	36.41275118	0				-317.5440509	0.1199805858	NaN	
317.3840509	94	5	1	1	0.1199805858	84.84369857	15.15589505	0.0004063798622				0	63.38009805	36.61990195	63.58724882	36.41275118	0				-317.3840509	0.1199805858	NaN	
317.2240509	94	5	1	1	0.1199805858	84.84369857	15.15589505	0.0004063798622				0	63.38009805	36.61990195	63.58724882	36.41275118	0				-317.2240509	0.1199805858	NaN	
317.0640509	94	5	1	1	0.1199805858	84.84369857	15.15589505	0.0004063798622				0	63.38009805	36.61990195	63.58724882	36.41275118	0				-317.0640509	0.1199805858	NaN	
316.9040509	94	5	1	1	0.1199805858	84.84369857	15.15589505	0.0004063798622				0	63.38009805	36.61990195	63.58724882	36.41275118	0				-316.9040509	0.1199805858	NaN	
316.7440509	94	5	1	1	0.1199805858	84.84369857	15.15589505	0.0004063798622				0	63.38009805	36.61990195	63.58724882	36.41275118	0				-316.7440509	0.1199805858	NaN	
316.5840509	94	5	1	1	0.1199805858	84.84369857	15.15589505	0.0004063798622				0	63.38009805	36.61990195	63.58724882	36.41275118	0				-316.5840509	0.1199805858	NaN	
316.4240509	94	5	1	1	0.1199805858	84.84369857	15.15589505	0.0004063798622				0	63.38009805	36.61990195	63.58724882	36.41275118	0				-316.4240509	0.1199805858	NaN	
316.2640509	94	5	1	1	0.1199805858	84.84369857	15.15589505	0.0004063798622				0	63.38009805	36.61990195	63.58724882	36.41275118	0				-316.2640509	0.1199805858	NaN	
316.1040509	94	5	1	1	0.1199805858	84.84369857	15.15589505	0.0004063798622				0	63.38009805	36.61990195	63.58724882	36.41275118	0				-316.1040509	0.1199805858	NaN	
315.9440509	94	5	1	1	0.1199805858	84.84369857	15.15589505	0.0004063798622				0	63.38009805	36.61990195	63.58724882	36.41275118	0				-315.9440509	0.1199805858	NaN	
315.7840509	94	5	1	1	0.1199805858	84.84369857	15.15589505	0.0004063798622				0	63.38009805	36.61990195	63.58724882	36.41275118	0				-315.7840509	0.1199805858	NaN	
315.6240509	94	5	1	1	0.1199805858	84.84369857	15.15589505	0.0004063798622				0	63.38009805	36.61990195	63.58724882	36.41275118	0				-315.6240509	0.1199805858	NaN	
315.4640509	94	5	1	1	0.1199805858	84.84369857	15.15589505	0.0004063798622				0	63.38009805	36.61990195	63.58724882	36.41275118	0				-315.4640509	0.1199805858	NaN	
315.3040509	94	5	1	1	0.1199805858	84.84369857	15.15589505	0.0004063798622				0	63.38009805	36.61990195	63.58724882	36.41275118	0				-315.3040509	0.1199805858	NaN	
315.1440509	94	5	1	1	0.1199805858	84.84369857	15.15589505	0.0004063798622				0	63.38009805	36.61990195	63.58724882	36.41275118	0				-315.1440509	0.1199805858	NaN	
314.9840509	94	5	1	1	0.1199805858	84.84369857	15.15589505	0.0004063798622				0	63.38009805	36.61990195	63.58724882	36.41275118	0				-314.9840509	0.1199805858	NaN	
314.8240509	94	5	1	1	0.1199805858	84.84369857	15.15589505	0.0004063798622				0	63.38009805	36.61990195	63.58724882	36.41275118	0				-314.8240509	0.1199805858	NaN	
314.6640509	94	5	1	1	0.1199805858	84.84369857	15.15589505	0.0004063798622				0	63.38009805	36.61990195	63.58724882	36.41275118	0				-314.6640509	0.1199805858	NaN	
314.5040509	94	5	1	1	0.1199805858	84.84369857	15.15589505	0.0004063798622				0	63.38009805	36.61990195	63.58724882	36.41275118	0				-314.5040509	0.1199805858	NaN	
314.3440509	94	5	1	1	0.1199805858	84.84369857	15.15589505	0.0004063798622				0	63.38009805	36.61990195	63.58724882	36.41275118	0				-314.3440509	0.1199805858	NaN	
314.1840509	94	5	1	1	0.1199805858	84.84369857	15.15589505	0.0004063798622				0	63.38009805	36.61990195	63.58724882	36.41275118	0				-314.1840509	0.1199805858	NaN	
314.0240509	94	5	1	1	0.1199805858	84.84369857	15.15589505	0.0004063798622				0	63.38009805	36.61990195	63.58724882	36.41275118	0				-314.0240509	0.1199805858	NaN	
313.8640509	94	5	1	1	0.1199805858	84.84369857	15.15589505	0.0004063798622				0	63.38009805	36.61990195	63.58724882	36.41275118	0				-313.8640509	0.1199805858	NaN	
313.7040509	94	5	1	1	0.1199805858	84.84369857	15.15589505	0.0004063798622				0	63.38009805	36.61990195	63.58724882	36.41275118	0				-313.7040509	0.1199805858	NaN	
313.5440509	94	5	1	1	0.1199805858	84.84369857	15.15589505	0.0004063798622				0	63.38009805	36.61990195	63.58724882	36.41275118	0				-313.5440509	0.1199805858	NaN	
313.3840509	94	5	1	1	0.1199805858	84.84369857	15.15589505	0.0004063798622				0	63.38009805	36.61990195	63.58724882	36.41275118	0				-313.3840509	0.1199805858	NaN	
313.2240509	94	5	1	1	0.1199805858	84.84369857	15.15589505	0.0004063798622				0	63.38009805	36.61990195	63.58724882	36.41275118	0				-313.2240509	0.1199805858	NaN	
313.0640509	94	5	1	1	0.1199805858	84.84369857	15.15589505	0.0004063798622				0	63.38009805	36.61990195	63.58724882	36.41275118	0				-313.0640509	0.1199805858	NaN	
312.9040509	94	5	1	1	0.1199805858	84.84369857	15.15589505	0.0004063798622				0	63.38009805	36.61990195	63.58724882	36.41275118	0				-312.9040509	0.1199805858	NaN	
312.7440509	94	5	1	1	0.1199805858	84.84369857	15.15589505	0.0004063798622				0	63.38009805	36.61990195	63.58724882	36.41275118	0				-312.7440509	0.1199805858	NaN	
312.5840509	94	5	1	1	0.1199805858	84.84369857	15.15589505	0.0004063798622				0	63.38009805	36.61990195	63.58724882	36.41275118	0				-312.5840509	0.1199805858	NaN	
312.4240509	94	5	1	1	0.1199805858	84.84369857	15.15589505	0.0004063798622				0	63.38009805	36.61990195	63.58724882	36.41275118	0				-312.4240509	0.1199805858	NaN	
312.2640509	94	5	1	1	0.1199805858	84.84369857	15.15589505	0.0004063798622				0	63.38009805	36.61990195	63.58724882	36.41275118	0				-312.2640509	0.1199805858	NaN	
312.1040509	94	5	1	1	0.1199805858	84.84369857	15.15589505	0.0004063798622				0	63.38009805	36.61990195	63.58724882	36.41275118	0				-312.1040509	0.1199805858	NaN	
311.9440509	94	5	1	1	0.1199805858	84.84369857	15.15589505	0.0004063798622				0	63.38009805	36.61990195	63.58724882	36.41275118	0				-311.9440509	0.1199805858	NaN	
311.7840509	94	5	1	1	0.1199805858	84.84369857	15.15589505	0.0004063798622				0	63.38009805	36.61990195	63.58724882	36.41275118	0				-311.7840509	0.1199805858	NaN	
311.6240509	94	5	1	1	0.1199805858	84.84369857	15.15589505	0.0004063798622				0	63.38009805	36.61990195	63.58724882	36.41275118	0				-311.6240509	0.1199805858	NaN	
311.4640509	94	5	1	1	0.1199805858	84.84369857	15.15589505	0.0004063798622				0	63.38009805	36.61990195	63.58724882	36.41275118	0				-311.4640509	0.1199805858	NaN	
311.3040509	94	5	1	1	0.1199805858	84.84369857	15.15589505	0.0004063798622				0	63.38009805	36.61990195	63.58724882	36.41275118	0				-311.3040509	0.1199805858	NaN	
311.1440509	94	5	1	1	0.1199805858	84.84369857	15.15589505	0.0004063798622				0	63.38009805	36.61990195	63.58724882	36.41275118	0				-311.1440509	0.1199805858	NaN	
310.9840509	94	5	1	1	0.1199805858	84.84369857	15.15589505	0.0004063798622				0	63.38009805	36.61990195	63.58724882	36.41275118	0				-310.9840509	0.1199805858	NaN	
310.8240509	94	5	1	1	0.1199805858	84.84369857	15.15589505	0.0004063798622				0	63.38009805	36.61990195	63.58724882	36.41275118	0				-310.8240509	0.1199805858	NaN	
310.6640509	94	5	1	1	0.1199805858	84.84369857	15.15589505	0.0004063798622				0	63.38009805	36.61990195	63.58724882	36.41275118	0				-310.6640509	0.1199805858	NaN	
310.5040509	94	5	1	1	0.1199805858	84.84369857	15.15589505	0.0004063798622				0	63.38009805	36.61990195	63.58724882	36.41275118	0				-310.5040509	0.1199805858	NaN	
310.3440509	94	5	1	1	0.1199805858	84.84369857	15.15589505	0.0004063798622				0	63.38009805	36.61990195	63.58724882	36.41275118	0				-310.3440509	0.1199805858	NaN	
310.1840509	94	5	1	1	0.1199805858	84.84369857	15.15589505	0.0004063798622				0	63.38009805	36.61990195	63.58724882	36.41275118	0				-310.1840509	0.1199805858	NaN	
310.0240509	94	5	1	1	0.1199805858	84.84369857	15.15589505	0.0004063798622				0	63.38009805	36.61990195	63.58724882	36.41275118	0				-310.0240509	0.1199805858	NaN	
309.8640509	94	5	1	1	0.1199805858	84.84369857	15.15589505	0.0004063798622				0	63.38009805	36.61990195	63.58724882	36.41275118	0				-309.8640509	0.1199805858	NaN	
309.7040509	94	5	1	1	0.1199805858	84.84369857	15.15589505	0.0004063798622				0	63.38009805	36.61990195	63.58724882	36.41275118	0				-309.7040509	0.1199805858	NaN	
309.5440509	94	5	1	1	0.1199805858	84.84369857	15.15589505	0.0004063798622				0	63.38009805	36.61990195	63.58724882	36.41275118	0				-309.5440509	0.1199805858	NaN	
309.3840509	94	5	1	1	0.1199805858	84.84369857	15.15589505	0.0004063798622				0	63.38009805	36.61990195	63.58724882	36.41275118	0				-309.3840509	0.1199805858	NaN	
309.2240509	94	5	1	1	0.1199805858	84.84369857	15.15589505	0.0004063798622				0	63.38009805	36.61990195	63.58724882	36.41275118	0				-309.2240509	0.1199805858	NaN	
309.0640509	94	5	1	1	0.1199805858	84.84369857	15.15589505	0.0004063798622				0	63.38009805	36.61990195	63.58724882	36.41275118	0				-309.0640509	0.1199805858	NaN	
308.9040509	94	5	1	1	0.1199805858	84.84369857	15.15589505	0.0004063798622				0	63.38009805	36.61990195	63.58724882	36.41275118	0				-308.9040509	0.1199805858	NaN	
308.7440509	94	5	1	1	0.1199805858	84.84369857	15.15589505	0.0004063798622				0	63.38009805	36.61990195	63.58724882	36.41275118	0				-308.7440509	0.1199805858	NaN	
308.5840509	94	5	1	1	0.1199805858	84.84369857	15.15589505	0.0004063798622				0	63.38009805	36.61990195	63.58724882	36.41275118	0				-308.5840509	0.1199805858	NaN	
308.4240509	94	5	1	1	0.1199805858	84.84369857	15.15589505	0.0004063798622				0	63.38009805	36.61990195	63.58724882	36.41275118	0				-308.4240509	0.1199805858	NaN	
308.2640509	94	5	1	1	0.1199805858	84.84369857	15.15589505	0.0004063798622				0	63.38009805	36.61990195	63.58724882	36.41275118	0				-308.2640509	0.1199805858	NaN	
308.1040509	94	5	1	1	0.1199805858	84.84369857	15.15589505	0.0004063798622				0	63.38009805	36.61990195	63.58724882	36.41275118	0				-308.1040509	0.1199805858	NaN	
307.9440509	94	5	1	1	0.1199805858	84.84369857	15.15589505	0.0004063798622				0	63.38009805	36.61990195	63.58724882	36.41275118	0				-307.9440509	0.1199805858	NaN	
307.7840509	94	5	1	1	0.1199805858	84.84369857	15.15589505	0.0004063798622				0	63.38009805	36.61990195	63.58724882	36.41275118	0				-307.7840509	0.1199805858	NaN	
307.6240509	94	5	1	1	0.1199805858	84.84369857	15.15589505	0.0004063798622				0	63.38009805	36.61990195	63.58724882	36.41275118	0				-307.6240509	0.1199805858	NaN	
307.4640509	94	5	1	1	0.1199805858	84.84369857	15.15589505	0.0004063798622				0	63.38009805	36.61990195	63.58724882	36.41275118	0				-307.4640509	0.1199805858	NaN	
307.3040509	94	5	1	1	0.1199805858	84.84369857	15.15589505	0.0004063798622				0	63.38009805	36.61990195	63.58724882	36.41275118	0				-307.3040509	0.1199805858	NaN	
307.1440509	94	5	1	1	0.1199805858	84.84369857	15.15589505	0.0004063798622				0	63.38009805	36.61990195	63.58724882	36.41275118	0				-307.1440509	0.1199805858	NaN	
306.9840509	94	5	1	1	0.1199805858	84.84369857	15.15589505	0.0004063798622				0	63.38009805	36.61990195	63.58724882	36.41275118	0				-306.9840509	0.1199805858	NaN	
306.8240509	94	5	1	1	0.1199805858	84.84369857	15.15589505	0.0004063798622				0	63.38009805	36.61990195	63.58724882	36.41275118	0				-306.8240509	0.1199805858	NaN	
306.6640509	94	5	1	1	0.1199805858	84.84369857	15.15589505	0.0004063798622				0	63.38009805	36.61990195	63.58724882	36.41275118	0				-306.6640509	0.1199805858	NaN	
306.5040509	94	5	1	1	0.1199805858	84.84369857	15.15589505	0.0004063798622				0	63.38009805	36.61990195	63.58724882	36.41275118	0				-306.5040509	0.1199805858	NaN	
306.3440509	94	5	1	1	0.1199805858	84.84369857	15.15589505	0.0004063798622				0	63.38009805	36.61990195	63.58724882	36.41275118	0				-306.3440509	0.1199805858	NaN	
306.1840509	94	5	1	1	0.1199805858	84.84369857	15.15589505	0.0004063798622				0	63.38009805	36.61990195	63.58724882	36.41275118	0				-306.1840509	0.1199805858	NaN	
306.0240509	94	5	1	1	0.1199805858	84.84369857	15.15589505	0.0004063798622				0	63.38009805	36.61990195	63.58724882	36.41275118	0				-306.0240509	0.1199805858	NaN	
305.8640509	94	5	1	1	0.1199805858	84.84369857	15.15589505	0.0004063798622				0	63.38009805	36.61990195	63.58724882	36.41275118	0				-305.8640509	0.1199805858	NaN	
305.7040509	94	5	1	1	0.1199805858	84.84369857	15.15589505	0.0004063798622				0	63.38009805	36.61990195	63.58724882	36.41275118	0				-305.7040509	0.1199805858	NaN	
305.5440509	94	5	1	1	0.1199805858	84.84369857	15.15589505	0.0004063798622				0	63.38009805	36.61990195	63.58724882	36.41275118	0				-305.5440509	0.1199805858	NaN	
305.3840509	94	5	1	1	0.1199805858	84.84369857	15.15589505	0.0004063798622				0	63.38009805	36.61990195	63.58724882	36.41275118	0				-305.3840509	0.1199805858	NaN	
305.2240509	94	5	1	1	0.1199805858	84.84369857	15.15589505	0.0004063798622				0	63.38009805	36.61990195	63.58724882	36.41275118	0				-305.2240509	0.1199805858	NaN	
305.0640509	94	5	1	1	0.1199805858	84.84369857	15.15589505	0.0004063798622				0	63.38009805	36.61990195	63.58724882	36.41275118	0				-305.0640509	0.1199805858	NaN	
304.9040509	94	5	1	1	0.1199805858	84.84369857	15.15589505	0.0004063798622				0	63.38009805	36.61990195	63.58724882	36.41275118	0				-304.9040509	0.1199805858	NaN	
304.7440509	94	5	1	1	0.1199805858	84.84369857	15.15589505	0.0004063798622				0	63.38009805	36.61990195	63.58724882	36.41275118	0				-304.7440509	0.1199805858	NaN	
304.5840509	94	5	1	1	0.1199805858	84.84369857	15.15589505	0.0004063798622				0	63.38009805	36.61990195	63.58724882	36.41275118	0				-304.5840509	0.1199805858	NaN	
304.4240509	94	5	1	1	0.1199805858	84.84369857	15.15589505	0.0004063798622				0	63.38009805	36.61990195	63.58724882	36.41275118	0				-304.4240509	0.1199805858	NaN	
304.2640509	94	5	1	1	0.1199805858	84.84369857	15.15589505	0.0004063798622				0	63.38009805	36.61990195	63.58724882	36.41275118	0				-304.2640509	0.1199805858	NaN	
304.1040509	94	5	1	1	0.1199805858	84.84369857	15.15589505	0.0004063798622				0	63.38009805	36.61990195	63.58724882	36.41275118	0				-304.1040509	0.1199805858	NaN	
303.9440509	94	5	1	1	0.1199805858	84.84369857	15.15589505	0.0004063798622				0	63.38009805	36.61990195	63.58724882	36.41275118	0				-303.9440509	0.1199805858	NaN	
303.7840509	94	5	1	1	0.1199805858	84.84369857	15.15589505	0.0004063798622				0	63.38009805	36.61990195	63.58724882	36.41275118	0				-303.7840509	0.1199805858	NaN	
303.6240509	94	5	1	1	0.1199805858	84.84369857	15.15589505	0.0004063798622				0	63.38009805	36.61990195	63.58724882	36.41275118	0				-303.6240509	0.1199805858	NaN	
303.4640509	94	5	1	1	0.1199805858	84.84369857	15.15589505	0.0004063798622				0	63.38009805	36.61990195	63.58724882	36.41275118	0				-303.4640509	0.1199805858	NaN	
303.3040509	94	5	1	1	0.1199805858	84.84369857	15.15589505	0.0004063798622				0	63.38009805	36.61990195	63.58724882	36.41275118	0				-303.3040509	0.1199805858	NaN	
303.1440509	94	5	1	1	0.1199805858	84.84369857	15.15589505	0.0004063798622				0	63.38009805	36.61990195	63.58724882	36.41275118	0				-303.1440509	0.1199805858	NaN	
302.9840509	94	5	1	1	0.1199805858	84.84369857	15.15589505	0.0004063798622				0	63.38009805	36.61990195	63.58724882	36.41275118	0				-302.9840509	0.1199805858	NaN	
302.8240509	94	5	1	1	0.1199805858	84.84369857	15.15589505	0.0004063798622				0	63.38009805	36.61990195	63.58724882	36.41275118	0				-302.8240509	0.1199805858	NaN	
302.6640509	94	5	1	1	0.1199805858	84.84369857	15.15589505	0.0004063798622				0	63.38009805	36.61990195	63.58724882	36.41275118	0				-302.6640509	0.1199805858	NaN	
302.5040509	94	5	1	1	0.1199805858	84.84369857	15.15589505	0.0004063798622				0	63.38009805	36.61990195	63.58724882	36.41275118	0				-302.5040509	0.1199805858	NaN	
302.3440509	94	5	1	1	0.1199805858	84.84369857	15.15589505	0.0004063798622				0	63.38009805	36.61990195	63.58724882	36.41275118	0				-302.3440509	0.1199805858	NaN	
302.1840509	94	5	1	1	0.1199805858	84.84369857	15.15589505	0.0004063798622				0	63.38009805	36.61990195	63.58724882	36.41275118	0				-302.1840509	0.1199805858	NaN	
302.0240509	94	5	1	1	0.1199805858	84.84369857	15.15589505	0.0004063798622				0	63.38009805	36.61990195	63.58724882	36.41275118	0				-302.0240509	0.1199805858	NaN	
301.8640509	94	5	1	1	0.1199805858	84.84369857	15.15589505	0.0004063798622				0	63.38009805	36.61990195	63.58724882	36.41275118	0				-301.8640509	0.1199805858	NaN	
301.7040509	94	5	1	1	0.1199805858	84.84369857	15.15589505	0.0004063798622				0	63.38009805	36.61990195	63.58724882	36.41275118	0				-301.7040509	0.1199805858	NaN	
301.5440509	94	5	1	1	0.1199805858	84.84369857	15.15589505	0.0004063798622				0	63.38009805	36.61990195	63.58724882	36.41275118	0				-301.5440509	0.1199805858	NaN	
301.3840509	94	5	1	1	0.1199805858	84.84369857	15.15589505	0.0004063798622				0	63.38009805	36.61990195	63.58724882	36.41275118	0				-301.3840509	0.1199805858	NaN	
301.2240509	94	5	1	1	0.1199805858	84.84369857	15.15589505	0.0004063798622				0	63.38009805	36.61990195	63.58724882	36.41275118	0				-301.2240509	0.1199805858	NaN	
301.0640509	94	5	1	1	0.1199805858	84.84369857	15.15589505	0.0004063798622				0	63.38009805	36.61990195	63.58724882	36.41275118	0				-301.0640509	0.1199805858	NaN	
300.9040509	94	5	1	1	0.1199805858	84.84369857	15.15589505	0.0004063798622				0	63.38009805	36.61990195	63.58724882	36.41275118	0				-300.9040509	0.1199805858	NaN	
300.7440509	94	5	1	1	0.1199805858	84.84369857	15.15589505	0.0004063798622				0	63.38009805	36.61990195	63.58724882	36.41275118	0				-300.7440509	0.1199805858	NaN	
300.5840509	94	5	1	1	0.1199805858	84.84369857	15.15589505	0.0004063798622				0	63.38009805	36.61990195	63.58724882	36.41275118	0				-300.5840509	0.1199805858	NaN	
300.4240509	94	5	1	1	0.1199805858	84.84369857	15.15589505	0.0004063798622				0	63.38009805	36.61990195	63.58724882	36.41275118	0				-300.4240509	0.1199805858	NaN	
300.2640509	94	5	1	1	0.1199805858	84.84369857	15.15589505	0.0004063798622				0	63.38009805	36.61990195	63.58724882	36.41275118	0				-300.2640509	0.1199805858	NaN	
300.1040509	94	5	1	1	0.1199805858	84.84369857	15.15589505	0.0004063798622				0	63.38009805	36.61990195	63.58724882	36.41275118	0				-300.1040509	0.1199805858	NaN	
300	94	5	1	1	0.1199805858	84.84369857	15.15589505	0.0004063798622				0	63.38009805	36.61990195	63.58724882	36.41275118	0				-300	0.1199805858	NaN	
