T	w(AL)	w(MG)	w(SI)	fs	fw(@FCC_A1)	w(AL@FCC_A1)	w(MG@FCC_A1)	w(SI@FCC_A1)	w(AL@LIQUID#1)	w(MG@LIQUID#1)	w(SI@LIQUID#1)	w(AL@LIQUID#2)	w(MG@LIQUID#2)	w(SI@LIQUID#2)	w(AL@LIQUID#3)	w(MG@LIQUID#3)	w(SI@LIQUID#3)	dwdT_L(AL@LIQUID#1)	dwdT_L(MG@LIQUID#1)	dwdT_L(SI@LIQUID#1)	dwdT_L(AL@LIQUID#2)	dwdT_L(MG@LIQUID#2)	dwdT_L(SI@LIQUID#2)	dwdT_L(AL@LIQUID#3)	dwdT_L(MG@LIQUID#3)	dwdT_L(SI@LIQUID#3)	-T	fw(@FCC_A1)_1	-T//fw(@FCC_A1)	
K	%	%	%	mole/mole	kg/kg	%	%	%	%	%	%	%	%	%	%	%	%	SI	SI	SI	SI	SI	SI	SI	SI	SI				
899.0747566	94	1	5	0	0	99.19342213	0.2424085558	0.5641693103	94	1	5							0.001699859024	-0.0002479645794	-0.001451894444							-899.0747566	0	15.2034653009614	
899.0647566	94	1	5	0.0003276599788	0.0003273534754	99.19321449	0.2424470248	0.5643384806	93.99830024	1.000247968	5.001451796							0	0	0							-899.0647566	0.0003273534754	45.8925715611596	
899.0447566	94	1	5	0.0009821986306	0.0006541036387	99.19279927	0.2425238818	0.5646768468	93.9949005	1.000743894	5.004355608							0	0	0							-899.0447566	0.0006541036387	61.2374209145237	
899.0047566	94	1	5	0.002288907872	0.001306690808	99.19196891	0.2426774939	0.5653535924	93.98810156	1.001735636	5.010162808							0	0	0							-899.0047566	0.001306690808	61.363358416172	
898.9247566	94	1	5	0.004893046601	0.002607490562	99.19030859	0.2429842279	0.5667071815	93.974505	1.003718796	5.021776205							0	0	0							-898.9247566	0.002607490562	61.6403032197445	
898.7647566	94	1	5	0.01006449018	0.005191562772	99.18698968	0.2435956069	0.5694147169	93.94731719	1.007683832	5.044998977							0	0	0							-898.7647566	0.005191562772	62.2451885339754	
898.4447566	94	1	5	0.02025018704	0.0102798206	99.18035882	0.2448098271	0.574831357	93.89296357	1.015607513	5.091428921							0	0	0							-898.4447566	0.0102798206	63.4876538280256	
897.8047566	94	1	5	0.04003903074	0.02017918543	99.16712416	0.2472051385	0.5856707041	93.78434233	1.031432726	5.184224946							0	0	0							-897.8047566	0.02017918543	65.9176717935363	
896.5247566	94	1	5	0.07743167779	0.03891569147	99.14076061	0.251865873	0.6073735184	93.56744524	1.062999537	5.36955522							0	0	0							-896.5247566	0.03891569147	71.034247946969	
893.9647566	94	1	5	0.144505418	0.07263267394	99.08843701	0.2606880897	0.6508748987	93.13503357	1.125837674	5.739128751							0	0	0							-893.9647566	0.07263267394	-652.506569950899	
891.4047566	94	1	5	0.2027380146	0.06799819875	99.03661524	0.2688828214	0.6945019381	92.70445863	1.188360455	6.107180912							0	0	0							-891.4047566	0.06799819875	-590.653434551785	
888.8447566	94	1	5	0.2537386284	0.06389895269	98.98526102	0.2764807769	0.7382582034	92.27572663	1.250606006	6.473667359							0	0	0							-888.8447566	0.06389895269	-665.063149247846	
886.2847566	94	1	5	0.2987521366	0.06024799476	98.93434234	0.2835100508	0.7821476098	91.84883946	1.312607011	6.838553528							0	0	0							-886.2847566	0.06024799476	-744.044928735228	
883.7247566	94	1	5	0.3387560825	0.0569762311	98.88382914	0.2899965302	0.8261743312	91.42379496	1.374391745	7.201813298							0	0	0							-883.7247566	0.0569762311	-827.63440714851	
881.1647566	94	1	5	0.3745283746	0.05402810077	98.83369305	0.2959642143	0.8703427349	91.00058722	1.435984883	7.563427892							0	0	0							-881.1647566	0.05402810077	-915.875270360565	
878.6047566	94	1	5	0.4066954794	0.05135841576	98.78390719	0.3014354713	0.9146573344	90.57920689	1.497408133	7.923384974							0	0	0							-878.6047566	0.05135841576	-1008.81509967077	
876.0447566	94	1	5	0.435767347	0.04893004564	98.734446	0.3064312476	0.9591227523	90.15964137	1.55868075	8.281677877							0	0	0							-876.0447566	0.04893004564	-1106.50513734114	
873.4847566	94	1	5	0.4621631339	0.04671219604	98.68528507	0.3109712385	1.003743692	89.7418751	1.61981994	8.638304957							0	0	0							-873.4847566	0.04671219604	-1209.00020691762	
870.9247566	94	1	5	0.4862304244	0.04467911048	98.63640105	0.3150740308	1.048524918	89.32588978	1.680841196	8.993269022							0	0	0							-870.9247566	0.04467911048	-1316.35866346479	
868.3647566	94	1	5	0.508259787	0.04280907903	98.58777154	0.3187572218	1.093471234	88.91166459	1.741758568	9.346576844							0	0	0							-868.3647566	0.04280907903	-1428.64231686611	
865.8047566	94	1	5	0.5284959299	0.04108367221	98.539375	0.32203752	1.138587478	88.49917639	1.802584887	9.698238727							0	0	0							-865.8047566	0.04108367221	-1545.91640948497	
863.2447566	94	1	5	0.5471463475	0.03948714284	98.49119066	0.3249308308	1.183878505	88.08839993	1.863331948	10.04826813							0	0	0							-863.2447566	0.03948714284	-1668.24957621275	
860.6847566	94	1	5	0.5643880884	0.03800595416	98.44319848	0.3274523305	1.229349185	87.67930802	1.924010668	10.39668131							0	0	0							-860.6847566	0.03800595416	-1795.71379507641	
858.1247566	94	1	5	0.5803731052	0.03662840432	98.39537907	0.3296165294	1.275004398	87.27187171	1.984631213	10.74349708							0	0	0							-858.1247566	0.03662840432	-1928.38442977561	
855.5647566	94	1	5	0.5952325188	0.03534432503	98.34771365	0.3314373281	1.320849024	86.86606044	2.045203106	11.08873645							0	0	0							-855.5647566	0.03534432503	-2066.34022039602	
853.0047566	94	1	5	0.6090800455	0.03414483773	98.30018398	0.3329280655	1.36688795	86.46184219	2.10573532	11.43242249							0	0	0							-853.0047566	0.03414483773	-2209.66330193572	
850.4447566	94	1	5	0.6220147716	0.03302215495	98.25277238	0.3341015617	1.41312606	86.05918363	2.166236357	11.77458002							0	0	0							-850.4447566	0.03302215495	-2358.4393230577	
847.8847566	94	1	5	0.634123417	0.03196941738	98.2054616	0.3349701562	1.459568241	85.6580502	2.226714315	12.11523548							0	0	0							-847.8847566	0.03196941738	-2512.75748167044	
845.3247566	94	1	5	0.6454821915	0.03098055928	98.15823488	0.3355457412	1.506219379	85.25840631	2.28717694	12.45441675							0	0	0							-845.3247566	0.03098055928	-2672.71062857758	
842.7647566	94	1	5	0.6561583294	0.03005019675	98.11107585	0.3358397921	1.553084363	84.86021535	2.347631681	12.79215297							0	0	0							-842.7647566	0.03005019675	-2838.39538921118	
840.2047566	94	1	5	0.6662113629	0.02917353436	98.06396852	0.3358633942	1.600168081	84.46343987	2.408085729	13.12847441							0	0	0							-840.2047566	0.02917353436	-3009.91240353941	
837.6447566	94	1	5	0.6756941866	0.02834628683	98.01689731	0.3356272672	1.647475427	84.06804161	2.468546056	13.46341234							0	0	0							-837.6447566	0.02834628683	-3187.36642776524	
835.0847566	94	1	5	0.6846539505	0.02756461282	97.96984691	0.3351417874	1.6950113	83.67398162	2.529019444	13.79699894							0	0	0							-835.0847566	0.02756461282	-3370.86658008967	
832.5247566	94	1	5	0.6931328131	0.0268250589	97.92280239	0.3344170072	1.742780605	83.28122032	2.589512513	14.12926716							0	0	0							-832.5247566	0.0268250589	-3560.5266095606	
829.9647566	94	1	5	0.7011685806	0.02612451175	97.87574907	0.3334626733	1.790788259	82.88971757	2.650031749	14.46025068							0	0	0							-829.9647566	0.02612451175	-3756.46512633342	
827.4047566	94	1	5	0.7087952495	0.02546015732	97.82867257	0.3322882437	1.839039187	82.49943272	2.71058352	14.78998376							0	0	0							-827.4047566	0.02546015732	-3958.80599691397	
824.8447566	94	1	5	0.7160434716	0.02482944575	97.78155877	0.3309029019	1.88753833	82.11032466	2.771174101	15.11850124							0	0	0							-824.8447566	0.02482944575	-4169.44854312087	
822.2847566	94	1	5	0.7229410799	0.02423053355	97.73439261	0.3293156459	1.93629174	81.72234502	2.831810957	15.44584402							0	0	0							-822.2847566	0.02423053355	-4382.94647565299	
819.7247566	94	1	5	0.7295129166	0.02365991376	97.68716284	0.3275350214	1.985302142	81.33546585	2.892497844	15.77203631							0	0	0							-819.7247566	0.02365991376	-4603.80514655043	
817.1647566	94	1	5	0.7357819048	0.02311702922	97.63985478	0.3255695219	2.034575693	80.94963793	2.953241938	16.09712013							0	0	0							-817.1647566	0.02311702922	-4834.75682332963	
814.6047566	94	1	5	0.7417687899	0.02259968547	97.59245522	0.3234273618	2.084117418	80.56481879	3.014049286	16.42113192							0	0	0							-814.6047566	0.02259968547	-5071.18362700876	
812.0447566	94	1	5	0.7474924907	0.02210627063	97.5449511	0.32111654	2.133932365	80.18096571	3.074925904	16.74410839							0	0	0							-812.0447566	0.02210627063	-5314.88220084224	
809.4847566	94	1	5	0.7529702948	0.02163530787	97.49732954	0.3186448487	2.184025612	79.79803571	3.135877791	17.06608649							0	0	0							-809.4847566	0.02163530787	-5566.03367167614	
806.9247566	94	1	5	0.7582180292	0.02118543959	97.44957785	0.3160198816	2.234402272	79.41598562	3.196910941	17.38710344							0	0	0							-806.9247566	0.02118543959	-5824.81917965275	
804.3647566	94	1	5	0.7632502108	0.02075541595	97.40168347	0.313249042	2.285067491	79.03477204	3.258031351	17.7071966							0	0	0							-804.3647566	0.02075541595	-6091.43162490559	
801.8047566	94	1	5	0.7680801776	0.02034408453	97.353634	0.3103395496	2.336026454	78.6543514	3.319245026	18.02640358							0	0	0							-801.8047566	0.02034408453	-6366.07499168111	
799.2447566	94	1	5	0.7727202054	0.01995038109	97.30541717	0.307298447	2.387284388	78.27467991	3.380557993	18.3447621							0	0	0							-799.2447566	0.01995038109	-6648.96576511957	
796.6847566	94	1	5	0.777181611	0.01957332148	97.25702083	0.3041326059	2.438846562	77.89571364	3.441976304	18.66231006							0	0	0							-796.6847566	0.01957332148	-6940.33360551831	
794.1247566	94	1	5	0.781474843	0.01921199429	97.20843297	0.3008487326	2.490718295	77.51740845	3.503506044	18.97908551							0	0	0							-794.1247566	0.01921199429	-7240.42253366619	
791.5647566	94	1	5	0.7856095633	0.01886555442	97.15964167	0.2974533732	2.542904954	77.13972005	3.56515334	19.29512661							0	0	0							-791.5647566	0.01886555442	-7549.49289229656	
789.0047566	94	1	5	0.7895947191	0.01853321728	97.11063512	0.2939529183	2.59541196	76.76260394	3.626924367	19.6104717							0	0	0							-789.0047566	0.01853321728	-7867.82183763574	
786.4447566	94	1	5	0.7934386074	0.01821425355	97.0614016	0.2903536073	2.648244788	76.38601545	3.688825355	19.9251592							0	0	0							-786.4447566	0.01821425355	-8195.70588356051	
783.8847566	94	1	5	0.797148933	0.01790798459	97.01192949	0.2866615329	2.701408975	76.0099097	3.750862594	20.23922771							0	0	0							-783.8847566	0.01790798459	-8533.46245024374	
781.3247566	94	1	5	0.8007328596	0.01761377819	96.96220724	0.2828826445	2.75491012	75.6342416	3.813042445	20.55271595							0	0	0							-781.3247566	0.01761377819	-8881.43149626488	
778.7647566	94	1	5	0.8041970566	0.01733104482	96.91222336	0.2790227516	2.808753886	75.25896585	3.875371341	20.86566281							0	0	0							-778.7647566	0.01733104482	-9239.97859534249	
776.2047566	94	1	5	0.8075477409	0.01705923423	96.86196647	0.2750875274	2.862946006	74.8840369	3.937855799	21.1781073							0	0	0							-776.2047566	0.01705923423	-9609.49702538479	
773.6447566	94	1	5	0.8107907143	0.01679783236	96.8114252	0.2710825114	2.917492287	74.50940893	4.000502424	21.49008865							0	0	0							-773.6447566	0.01679783236	-9990.41002545832	
771.0847566	94	1	5	0.8139313973	0.01654635853	96.76058828	0.2670131125	2.97239861	74.13503585	4.063317919	21.80164623							0	0	0							-771.0847566	0.01654635853	-10383.1748491674	
768.5247566	94	1	5	0.8169748604	0.01630436295	96.70944445	0.2628846112	3.027670936	73.76087128	4.126309088	22.11281963							0	0	0							-768.5247566	0.01630436295	-10788.2869186087	
765.9647566	94	1	5	0.8199258511	0.01607142443	96.65798253	0.258702162	3.08331531	73.38686849	4.189482848	22.42364866							0	0	0							-765.9647566	0.01607142443	-11206.2816300274	
763.4047566	94	1	5	0.82278882	0.01584714823	96.60619134	0.2544707959	3.139337864	73.0129804	4.252846231	22.73417337							0	0	0							-763.4047566	0.01584714823	-11637.740966263	
760.8447566	94	1	5	0.8255679429	0.01563116425	96.55405976	0.2501954218	3.195744821	72.63915956	4.316406399	23.04443405							0	0	0							-760.8447566	0.01563116425	-12083.2980981393	
758.2847566	94	1	5	0.8282671421	0.01542312523	96.50157667	0.2458808289	3.252542498	72.26535807	4.380170646	23.35447129							0	0	0							-758.2847566	0.01542312523	-12543.6419918801	
755.7247566	94	1	5	0.8308901054	0.0152227052	96.448731	0.2415316882	3.309737315	71.8915276	4.444146412	23.66432599							0	0	0							-755.7247566	0.0152227052	-13019.5259821703	
753.1647566	94	1	5	0.8334403034	0.01502959805	96.39551165	0.2371525539	3.367335791	71.51761933	4.508341285	23.97403938							0	0	0							-753.1647566	0.01502959805	-13511.7738233112	
750.6047566	94	1	5	0.8359210049	0.01484351619	96.34190758	0.2327478649	3.425344559	71.14358391	4.572763017	24.28365307							0	0	0							-750.6047566	0.01484351619	-14021.2888007332	
748.0447566	94	1	5	0.8383352923	0.01466418937	96.28790769	0.2283219466	3.483770362	70.76937142	4.637419532	24.59320905							0	0	0							-748.0447566	0.01466418937	-14549.0630780751	
745.4847566	94	1	5	0.8406860739	0.01449136355	96.23350093	0.2238790113	3.542620063	70.3949313	4.70231893	24.90274977							0	0	0							-745.4847566	0.01449136355	-15096.1889144868	
742.9247566	94	1	5	0.8429760969	0.01432479991	96.17867619	0.2194231602	3.601900647	70.02021237	4.767469509	25.21231812							0	0	0							-742.9247566	0.01432479991	-15663.8738590285	
740.3647566	94	1	5	0.8452079578	0.01416427395	96.12342238	0.2149583837	3.661619233	69.64516271	4.832879765	25.52195753							0	0	0							-740.3647566	0.01416427395	-16253.4513309436	
737.8047566	94	1	5	0.8473841134	0.01400957457	96.06772837	0.2104885632	3.72178307	69.26972963	4.898558411	25.83171196							0	0	0							-737.8047566	0.01400957457	-16866.4020228108	
735.2447566	94	1	5	0.8495068898	0.01386050339	96.01158298	0.2060174711	3.782399553	68.89385963	4.964514385	26.14162598							0	0	0							-735.2447566	0.01386050339	-17504.3729005136	
732.6847566	94	1	5	0.8515784915	0.01371687396	95.954975	0.2015487725	3.843476223	68.51749834	5.030756867	26.4517448							0	0	0							-732.6847566	0.01371687396	-18169.2001798839	
730.1247566	94	1	5	0.8536010089	0.01357851117	95.8978932	0.1970860255	3.905020777	68.1405904	5.097295289	26.76211431							0	0	0							-730.1247566	0.01357851117	-18862.938797282	
727.5647566	94	1	5	0.8555764263	0.01344525062	95.84032624	0.192632682	3.967041075	67.76307949	5.164139353	27.07278115							0	0	0							-727.5647566	0.01344525062	-19587.8929561911	
725.0047566	94	1	5	0.8575066285	0.01331693809	95.78226277	0.1881920886	4.029545145	67.38490817	5.231299043	27.38379279							0	0	0							-725.0047566	0.01331693809	-20346.6574676928	
722.4447566	94	1	5	0.8593934072	0.01319342905	95.72369132	0.1837674873	4.092541197	67.00601785	5.298784644	27.6951975							0	0	0							-722.4447566	0.01319342905	-21142.16259031	
719.8847566	94	1	5	0.861238467	0.0130745882	95.66460036	0.1793620159	4.156037626	66.6263487	5.366606758	28.00704454							0	0	0							-719.8847566	0.0130745882	-21977.730939035	
717.3247566	94	1	5	0.8630434308	0.01296028908	95.60497827	0.1749787087	4.220043024	66.24583956	5.434776323	28.31938412							0	0	0							-717.3247566	0.01296028908	-22857.1430506732	
714.7647566	94	1	5	0.8648098449	0.01285041368	95.54481331	0.1706204973	4.284566192	65.86442785	5.503304632	28.63226752							0	0	0							-714.7647566	0.01285041368	-23784.7204353336	
712.2047566	94	1	5	0.8665391836	0.01274485214	95.48409364	0.166290211	4.349616145	65.48204948	5.572203354	28.94574717							0	0	0							-712.2047566	0.01274485214	-24765.4236422035	
709.6447566	94	1	5	0.868232854	0.01264350243	95.42280729	0.1619905774	4.41520213	65.09863874	5.641484557	29.2598767							0	0	0							-709.6447566	0.01264350243	-25804.9707507521	
707.0847566	94	1	5	0.8698921997	0.01254627009	95.36094214	0.157724223	4.481333634	64.71412819	5.711160731	29.57471108							0	0	0							-707.0847566	0.01254627009	-26909.9938673002	
704.5247566	94	1	5	0.8715185048	0.01245306803	95.29848593	0.153493674	4.548020397	64.32844854	5.781244814	29.89030665							0	0	0							-704.5247566	0.01245306803	-28088.2198347638	
701.9647566	94	1	5	0.8731129976	0.01236381629	95.23542621	0.1493013561	4.61527243	63.94152852	5.851750217	30.20672126							0	0	0							-701.9647566	0.01236381629	-29348.7091778427	
699.4047566	94	1	5	0.8746768537	0.01227844192	95.17175038	0.1451495962	4.683100024	63.55329478	5.922690858	30.52401436							0	0	0							-699.4047566	0.01227844192	-30702.155770471	
696.8447566	94	1	5	0.8762111995	0.01219687882	95.1074456	0.141040622	4.751513774	63.16367168	5.994081186	30.84224713							0	0	0							-696.8447566	0.01219687882	-32161.2656802806	
694.2847566	94	1	5	0.8777171147	0.01211906765	95.04249885	0.1369765632	4.820524587	62.7725812	6.065936222	31.16148257							0	0	0							-694.2847566	0.01211906765	-33741.2567626508	
691.7247566	94	1	5	0.8791956354	0.01204495576	94.97689684	0.1329594517	4.890143712	62.37994273	6.138271587	31.48178568							0	0	0							-691.7247566	0.01204495576	-35460.4953299689	
689.1647566	94	1	5	0.8806477568	0.01197449711	94.91062603	0.1289912225	4.96038275	61.98567292	6.211103551	31.80322353							0	0	0							-689.1647566	0.01197449711	-37341.3742946117	
686.6047566	94	1	5	0.8820744353	0.01190765233	94.8436726	0.1250737144	5.031253683	61.58968544	6.284449063	32.12586549							0	0	0							-686.6047566	0.01190765233	-39411.4659110559	
684.0447566	94	1	5	0.8834765909	0.01184438869	94.77602244	0.1212086704	5.102768894	61.19189085	6.358325806	32.44978335							0	0	0							-684.0447566	0.01184438869	-41705.0949123678	
681.4847566	94	1	5	0.8848551098	0.01178468017	94.70766106	0.1173977385	5.174941198	60.79219629	6.43275224	32.77505147							0	0	0							-681.4847566	0.01178468017	-44265.5626694618	
678.9247566	94	1	5	0.886210846	0.01172850757	94.63857366	0.1136424725	5.247783864	60.39050531	6.507747657	33.10174704							0	0	0							-678.9247566	0.01172850757	-47148.2728241029	
676.3647566	94	1	5	0.8875446235	0.01167585863	94.56874502	0.1099443327	5.321310649	59.98671753	6.583332238	33.42995023							0	0	0							-676.3647566	0.01167585863	-50425.2651187387	
673.8047566	94	1	5	0.8888572382	0.01162672819	94.49815948	0.1063046868	5.395535835	59.58072843	6.659527118	33.75974445							0	0	0							-673.8047566	0.01162672819	-54191.852422064	
671.2447566	94	1	5	0.8901494598	0.01158111821	94.42680093	0.1027248104	5.47047426	59.17242898	6.73635445	34.09121657							0	0	0							-671.2447566	0.01158111821	-58577.1552537629	
668.6847566	94	1	5	0.8914220329	0.01153903834	94.35465276	0.09920588835	5.546141353	58.76170534	6.813837477	34.42445718							0	0	0							-668.6847566	0.01153903834	-63761.0270171052	
666.1247566	94	1	5	0.8926756798	0.01150050663	94.28169779	0.09574901507	5.622553192	58.34843848	6.892000612	34.7595609							0	0	0							-666.1247566	0.01150050663	-70000.4519014732	
663.5647566	94	1	5	0.8939111009	0.01146554911	94.20791826	0.0923551959	5.699726541	57.93250377	6.970869534	35.0966267							0	0	0							-663.5647566	0.01146554911	-78194.458082312	
661.0047566	94	1	5	0.8951289952	0.01143455435	94.13329771	0.08902536098	5.777676927	57.51377578	7.05047057	35.43575365							0	0	0							-661.0047566	0.01143455435	-88130.1858323442	
658.4447566	94	1	5	0.8963300247	0.01140704051	94.05781322	0.08576031854	5.85642646	57.09210639	7.130834024	35.77705958							0	0	0							-658.4447566	0.01140704051	-100425.901830841	
655.8847566	94	1	5	0.8975148191	0.01138308252	93.9814467	0.08256082061	5.935992478	56.66735695	7.211988908	36.12065415							0	0	0							-655.8847566	0.01138308252	-117698.311194502	
653.3247566	94	1	5	0.8986840089	0.01136289874	93.90417739	0.07942752571	6.016395087	56.23937553	7.293967005	36.46665747							0	0	0							-653.3247566	0.01136289874	-143360.708073004	
650.7647566	94	1	5	0.8998382109	0.01134656536	93.82598359	0.07636100837	6.097655402	55.80800192	7.376801951	36.81519613							0	0	0							-650.7647566	0.01134656536	-185053.704111276	
648.2047566	94	1	5	0.9009780295	0.01133417089	93.7468426	0.07336176034	6.179795643	55.37306691	7.460529386	37.16640371							0	0	0							-648.2047566	0.01133417089	-266227.246800612	
645.6447566	94	1	5	0.9021040581	0.01132581724	93.66673059	0.07043019178	6.26283922	54.93439144	7.54518713	37.52042143							0	0	0							-645.6447566	0.01132581724	-508543.230742686	
643.0847566	94	1	5	0.9032168807	0.01132162093	93.58562252	0.06756663253	6.34681085	54.4917858	7.630815373	37.87739883							0	0	0							-643.0847566	0.01132162093	28017544.5564299	
640.5247566	94	1	5	0.9043170732	0.01132171443	93.503492	0.0647713334	6.431736671	54.04504857	7.717456894	38.23749454							0	0	0							-640.5247566	0.01132171443	26837807.7253249	
637.9647566	94	1	5	0.905405205	0.01132624786	93.42031116	0.0620444675	6.517644377	53.59396556	7.805157301	38.60087714							0	0	0							-637.9647566	0.01132624786	470323.088838685	
635.4047566	94	1	5	0.9064818407	0.01133539076	93.3360505	0.05938613165	6.604563373	53.13830856	7.893965297	38.96772614							0	0	0							-635.4047566	0.01133539076	241820.832892643	
632.8447566	94	1	5	0.9075475416	0.01134933436	93.25067872	0.05679634775	6.692524936	52.67783397	7.983932988	39.33823304							0	0	0							-632.8447566	0.01134933436	163012.516813993	
630.2847566	94	1	5	0.9086028676	0.01136829406	93.16416252	0.05427506428	6.781562416	52.21228122	8.07511622	39.71260256							0	0	0							-630.2847566	0.01136829406	122149.436522939	
627.7247566	94	1	5	0.9096483789	0.01139251241	93.0764664	0.05182215774	6.871711445	51.741371	8.167574968	40.09105403							0	0	0							-627.7247566	0.01139251241	96884.8702797379	
625.1647566	94	1	5	0.9106846382	0.0114222625	92.98755238	0.0494374342	6.963010185	51.26480328	8.261373777	40.47382294							0	0	0							-625.1647566	0.0114222625	79621.6204680319	
622.6047566	94	1	5	0.9117122128	0.01145785203	92.89737976	0.04712063082	7.055499613	50.782255	8.356582254	40.86116274							0	0	0							-622.6047566	0.01145785203	67031.1821315351	
620.0447566	94	1	5	0.912731677	0.01149962794	92.80590475	0.04487141742	7.149223832	50.29337747	8.453275646	41.25334689							0	0	0							-620.0447566	0.01149962794	57415.2772241507	
617.4847566	94	1	5	0.9137436147	0.01154798204	92.71308015	0.04268939807	7.244230452	49.79779336	8.551535493	41.65067114							0	0	0							-617.4847566	0.01154798204	49813.4873199922	
614.9247566	94	1	5	0.9147486225	0.01160335757	92.61885489	0.04057411266	7.340571002	49.29509329	8.651450384	42.05345632							0	0	0							-614.9247566	0.01160335757	43640.715332055	
612.3647566	94	1	5	0.9157473126	0.01166625708	92.52317353	0.03852503851	7.43830143	48.78483178	8.753116829	42.46205139							0	0	0							-612.3647566	0.01166625708	38519.7056877961	
609.8047566	94	1	5	0.9167403172	0.01173725187	92.42597573	0.03654159196	7.537482674	48.26652262	8.85664028	42.8768371							0	0	0							-609.8047566	0.01173725187	34196.1179293833	
607.2447566	94	1	5	0.9177282923	0.01181699335	92.32719554	0.03462312994	7.638181327	47.73963346	8.962136319	43.29823023							0	0	0							-607.2447566	0.01181699335	30492.1723042987	
604.6847566	94	1	5	0.918711923	0.01190622688	92.22676063	0.03276895149	7.740470423	47.20357938	9.069732056	43.72668857							0	0	0							-604.6847566	0.01190622688	27279.842078423	
602.1247566	94	1	5	0.9196919289	0.01200580861	92.12459133	0.03097829926	7.84443037	46.65771537	9.179567783	44.16271684							0	0	0							-602.1247566	0.01200580861	24464.6055447758	
599.5647566	94	1	5	0.9206690714	0.01211672621	92.02059959	0.02925036091	7.950150047	46.10132734	9.291798941	44.60687372							0	0	0							-599.5647566	0.01211672621	21975.1729954585	
597.0047566	94	1	5	0.9216441613	0.01224012463	91.9146876	0.02758427045	8.057728128	45.53362134	9.406598477	45.05978018							0	0	0							-597.0047566	0.01224012463	19756.7865227469	
594.4447566	94	1	5	0.9226180687	0.01237733827	91.80674622	0.02597910938	8.16727467	44.95371059	9.524159686	45.52212973							0	0	0							-594.4447566	0.01237733827	17766.724349466	
591.8847566	94	1	5	0.9235917346	0.01252993158	91.69665305	0.02443390767	8.278913046	44.3605997	9.644699669	45.99470063							0	0	0							-591.8847566	0.01252993158	15971.1627807132	
589.3247566	94	1	5	0.924566185	0.0126997517	91.58427005	0.02294764455	8.392782303	43.75316526	9.768463601	46.47837114							0	0	0							-589.3247566	0.0126997517	14343.239745868	
586.7647566	94	1	5	0.9255425481	0.01288898791	91.46944053	0.02151924753	8.509040219	43.13013229	9.895729828	46.97413788							0	0	0							-586.7647566	0.01288898791	12860.733888002	
584.2047566	94	1	5	0.9265220772	0.0131002857	91.35198593	0.0201475972	8.627866472	42.49004323	10.02681674	47.48314004							0	0	0							-584.2047566	0.0131002857	11505.746247033	
581.6447566	94	1	5	0.9275061766	0.01333681774	91.2317006	0.01883151974	8.749467878	41.83122145	10.1620907	48.00668785							0	0	0							-581.6447566	0.01333681774	10264.0284279564	
579.0847566	94	1	5	0.9284964378	0.01360248425	91.10834636	0.01756978978	8.874083847	41.15172206	10.30197686	48.54630108							0	0	0							-579.0847566	0.01360248425	9122.82773970239	
576.5247566	94	1	5	0.9294946856	0.01390211349	90.98164482	0.01636112669	9.001994053	40.44926945	10.44697274	49.10375781							0	0	0							-576.5247566	0.01390211349	8071.83470926433	
573.9647566	94	1	5	0.9305030392	0.01424178509	90.85126744	0.01520419034	9.133528369	39.72117496	10.5976662	49.68115883							0	0	0							-573.9647566	0.01424178509	7121.64649387238	
571.4047566	94	1	5	0.9315238802	0.01462666897	90.71681936	0.01409757248	9.269083063	38.96420661	10.75476642	50.28102698							0	0	0							-571.4047566	0.01462666897	6244.13396681594	
568.8447566	94	1	5	0.9325602167	0.0150699494	90.57783209	0.01303979821	9.409128116	38.17449087	10.91912051	50.90638863							0	0	0							-568.8447566	0.0150699494	5410.68503202766	
566.2847566	94	1	5	0.9336156307	0.01558309858	90.43372345	0.01202929293	9.554247256	37.34723888	11.09177733	51.56098379							0	0	0							-566.2847566	0.01558309858	4656.18007797844	
563.7247566	94	1	5	0.9346945301	0.01618300665	90.28377144	0.01106437393	9.705164183	36.47647499	11.27404626	52.24947874							0	0	0							-563.7247566	0.01618300665	3964.24558651308	
561.1647566	94	1	5	0.9358024684	0.01689302454	90.12706011	0.01014321514	9.86279667	35.55458122	11.46759731	52.97782147							0	0	0							-561.1647566	0.01689302454	3329.97734540392	
558.6047566	94	1	5	0.9369466314	0.01774674513	89.96239996	0.009263792298	10.02833625	34.57161295	11.67461125	53.75377581							0	0	0							-558.6047566	0.01774674513	2754.14304328591	
556.0447566	94	1	5	0.9381364834	0.0187892707	89.7882049	0.008423806993	10.2033713	33.51417305	11.89803412	54.58779283							0	0	0							-556.0447566	0.0187892707	2233.75267646015	
553.4847566	94	1	5	0.9393852564	0.02009862997	89.60228668	0.007620541795	10.39009277	32.36376837	12.14190328	55.49432835							0	0	0							-553.4847566	0.02009862997	104692.784103986	
550.9247566	94	1	5	0.9406088899	0.02012265005	89.39931614	0.006854630418	10.59382923	31.45174554	12.26856805	56.27968641							0	0	0							-550.9247566	0.02012265005	105809.224297047	
548.3647566	94	1	5	0.9420051462	0.02340640679	89.18450801	0.006117400739	10.80937459	30.0680408	12.56246736	57.36949184							0	0	0							-548.3647566	0.02340640679	808.493528677218	
545.8047566	94	1	5	0.9435470804	0.02647058778	88.94197868	0.005408199585	11.05261312	28.46723895	12.90389794	58.62886311							0	0	0							-545.8047566	0.02647058778	1000.69968073177	
545.1647566	94	1	5	0.9439607536	0.007294869455	88.87607191	0.005233650342	11.11869444	28.02332609	12.99868347	58.97799044							0	0	0							-545.1647566	0.007294869455	-81.8181751893546	
544.8447566	94	1	5	0.9441728574	0.003767854929	88.84216498	0.005146673856	11.15268835	27.79330295	13.04782634	59.15887072							0	0	0							-544.8447566	0.003767854929	-56.0731986373235	
544.7647566	94	1	5	0.9442243663	0.0009184785925	88.83411928	0.005125419155	11.1607553	27.73718683	13.0598169	59.20299627							0	0	0							-544.7647566	0.0009184785925	-30.6119488443141	
544.7447566	94	1	5	0.9442398918	0.0002770974587	88.83143081	0.005119529596	11.16344966	27.72025313	13.0634353	59.21631157							0	0	0							-544.7447566	0.0002770974587	-56.7916659392102	
544.7347566	94	1	5	0.9442465385	0.0001186630643	88.83035419	0.005116817149	11.16452899	27.71294685	13.06499213	59.22206102							0	0	0							-544.7347566	0.0001186630643	-55902.7153914332	
544.7247566	94	1	5	0.9442531745	0.0001184843834	88.82927715	0.005114105206	11.16560874	27.70564058	13.06654823	59.22781119							0	0	0							-544.7247566	0.0001184843834	-50351.7339279899	
544.7147566	94	1	5	0.9442597966	0.0001182521181	88.82819957	0.005111393688	11.16668903	27.69833504	13.06810326	59.2335617							0	0	0							-544.7147566	0.0001182521181	-38451.9206921529	
544.7047566	94	1	5	0.9442663267	0.0001166209467	88.82712201	0.005108683758	11.16776931	27.69106077	13.06964624	59.23929299							0	0	0							-544.7047566	0.0001166209467	-7748.62854274872	
544.6947566	94	1	5	0.9442727928	0.0001154932084	88.82604442	0.005105975136	11.1688496	27.68380701	13.07118115	59.24501184							0	0	0							-544.6947566	0.0001154932084	-12642.1480038607	
544.6847566	94	1	5	0.9442795072	0.0001199416498	88.82496462	0.005103263187	11.16993212	27.6764529	13.07275141	59.25079568							0	0	0							-544.6847566	0.0001199416498	285173.20142429	
544.6747566	94	1	5	0.9442859679	0.000115423067	88.82388567	0.005100555244	11.17101378	27.66920227	13.07428338	59.25651436							0	0	0							-544.6747566	0.000115423067	46832.6192220485	
544.6647566	94	1	5	0.9442924404	0.0001156483568	88.82280664	0.005097848015	11.17209551	27.66194973	13.07581556	59.26223471							0	0	0							-544.6647566	0.0001156483568	42463.6053800979	
544.6547566	94	1	5	0.9442991766	0.0001203736206	88.8217248	0.005095136469	11.17318007	27.65457528	13.07739069	59.26803404							0	0	0							-544.6547566	0.0001203736206	76867.5627971052	
544.6447566	94	1	5	0.9443059191	0.0001205004063	88.82064162	0.005092424506	11.17426596	27.64719175	13.07896784	59.27384041							0	0	0							-544.6447566	0.0001205004063	116695.04838758	
544.6347566	94	1	5	0.9443126648	0.0001205727287	88.81955773	0.005089712659	11.17535256	27.63980156	13.08054655	59.2796519							0	0	0							-544.6347566	0.0001205727287	124962.363059844	
544.6247566	94	1	5	0.9443194425	0.0001211592	88.81847236	0.005086999663	11.17644064	27.63237729	13.08213647	59.28548624							0	0	0							-544.6247566	0.0001211592	70345.0478541718	
544.6147566	94	1	5	0.9443262263	0.000121281906	88.8173863	0.005084286694	11.17752942	27.62494217	13.08372949	59.29132834							0	0	0							-544.6147566	0.000121281906	78021.816941233	
544.6047566	94	1	5	0.9443330167	0.0001214166645	88.8162994	0.005081573619	11.17861903	27.61749529	13.08532586	59.29717885							0	0	0							-544.6047566	0.0001214166645	73214.6192613982	
544.5947566	94	1	5	0.9443398141	0.0001215551787	88.81521165	0.005078860419	11.17970949	27.61003626	13.08692572	59.30303802							0	0	0							-544.5947566	0.0001215551787	71269.0040192396	
544.5847566	94	1	5	0.9443466186	0.0001216973887	88.81412304	0.005076147078	11.18080081	27.60256472	13.08852918	59.3089061							0	0	0							-544.5847566	0.0001216973887	69456.3944881683	
544.5747566	94	1	5	0.9443534304	0.0001218432202	88.81303357	0.005073433579	11.18189299	27.59508029	13.09013639	59.31478331							0	0	0							-544.5747566	0.0001218432202	67772.4515504636	
544.5647566	94	1	5	0.9443602498	0.0001219925781	88.81194322	0.005070719905	11.18298606	27.58758263	13.09174746	59.32066991							0	0	0							-544.5647566	0.0001219925781	66209.7693765289	
544.5547566	94	1	5	0.9443670768	0.0001221453684	88.81085199	0.005068006041	11.18408001	27.5800714	13.09336251	59.32656609							0	0	0							-544.5547566	0.0001221453684	64760.0442405224	
544.5447566	94	1	5	0.9443739118	0.000122301482	88.80975985	0.005065291971	11.18517486	27.57254626	13.09498165	59.33247209							0	0	0							-544.5447566	0.000122301482	64245.6754322472	
544.5347566	94	1	5	0.9443807545	0.0001224566788	88.80866682	0.005062577701	11.1862706	27.56500768	13.09660471	59.33838761							0	0	0							-544.5347566	0.0001224566788	63289.321410022	
544.5247566	94	1	5	0.9443876055	0.000122617706	88.80757288	0.005059863201	11.18736726	27.55745473	13.09823203	59.34431325							0	0	0							-544.5247566	0.000122617706	-431265.1161346	
544.5147566	94	1	5	0.9443944539	0.0001225884289	88.80648144	0.005057154091	11.1884614	27.55000816	13.09982111	59.35017073							0	0	0							-544.5147566	0.0001225884289	-329955.326966753	
544.5047566	94	1	5	0.9444012568	0.000121787772	88.80538804	0.005054443566	11.18955751	27.542532	13.10141941	59.35604859							0	0	0							-544.5047566	0.000121787772	266371.212060096	
544.4947566	94	1	5	0.944408061	0.0001218273631	88.80429479	0.005051734558	11.19065348	27.53507979	13.10300848	59.36191173							0	0	0							-544.4947566	0.0001218273631	247599.22301715	
544.4847566	94	1	5	0.944414972	0.0001237534242	88.80319602	0.005049017569	11.19175496	27.52744122	13.10466242	59.36789636							0	0	0							-544.4847566	0.0001237534242	-50184.9974000951	
544.4747566	94	1	5	0.9444217975	0.0001222373595	88.80210121	0.005046308076	11.19285248	27.51995025	13.10626388	59.37378587							0	0	0							-544.4747566	0.0001222373595	87072.4633056455	
544.4647566	94	1	5	0.9444286292	0.0001223634959	88.80100515	0.005043598248	11.19395125	27.51245077	13.10786719	59.37968204							0	0	0							-544.4647566	0.0001223634959	87492.4358015293	
544.4547566	94	1	5	0.9444353791	0.0001209138616	88.79991233	0.005040895313	11.19504677	27.5050956	13.10941878	59.38548562							0	0	0							-544.4547566	0.0001209138616	-115165.546677848	
544.4447566	94	1	5	0.9444422189	0.0001225382855	88.79881453	0.005038185563	11.19614729	27.49758544	13.11102396	59.39139059							0	0	0							-544.4447566	0.0001225382855	-30735.7937341714	
544.4347566	94	1	5	0.9444490126	0.0001217290315	88.79771872	0.005035480346	11.1972458	27.49016317	13.11259749	59.39723934							0	0	0							-544.4347566	0.0001217290315	-71182.1754865385	
544.4247566	94	1	5	0.9444558672	0.0001228329052	88.79661929	0.00503277033	11.19834794	27.48262532	13.11421092	59.40316377							0	0	0							-544.4247566	0.0001228329052	28605.3640427173	
544.4147566	94	1	5	0.9444626142	0.0001209219034	88.79552493	0.005030070196	11.199445	27.47529586	13.11575016	59.40895399							0	0	0							-544.4147566	0.0001209219034	-10275.6221853362	
544.4047566	94	1	5	0.9444693155	0.0001201156567	88.79443188	0.005027374089	11.20054075	27.4680537	13.11725754	59.41468876							0	0	0							-544.4047566	0.0001201156567	118657.28270173	
544.3947566	94	1	5	0.9444760512	0.0001207483761	88.79333783	0.005024677185	11.20163749	27.46077658	13.11877675	59.42044668							0	0	0							-544.3947566	0.0001207483761	54809.1350014556	
544.3847566	94	1	5	0.9444827948	0.0001209036946	88.79224181	0.005021978953	11.20273621	27.4534723	13.12030424	59.42622346							0	0	0							-544.3847566	0.0001209036946	83176.6356589258	
544.3747566	94	1	5	0.9444894934	0.0001201118798	88.79114767	0.005019285027	11.20383305	27.44624957	13.1218024	59.43194804							0	0	0							-544.3747566	0.0001201118798	-137204.696585032	
544.3647566	94	1	5	0.9444961875	0.0001200442419	88.79005299	0.005016591799	11.20493042	27.43903684	13.12329606	59.4376671							0	0	0							-544.3647566	0.0001200442419	-172296.335460573	
544.3547566	94	1	5	0.9445029102	0.0001205731745	88.78895622	0.005013896468	11.20602988	27.43176987	13.12480795	59.44342218							0	0	0							-544.3547566	0.0001205731745	16540.4109159007	
544.3447566	94	1	5	0.9445097959	0.0001235102303	88.78785023	0.005011187134	11.20713859	27.42419083	13.12642858	59.44938059							0	0	0							-544.3447566	0.0001235102303	4505.81915983266	
544.3347566	94	1	5	0.9445167874	0.0001254246547	88.78673943	0.005008469889	11.2082521	27.41640953	13.12812029	59.45547018							0	0	0							-544.3347566	0.0001254246547	111513.741381412	
544.3247566	94	1	5	0.9445236613	0.000123330155	88.78563653	0.005005766705	11.20935771	27.40891661	13.12971022	59.46137317							0	0	0							-544.3247566	0.000123330155	30598.6303237818	
544.3147566	94	1	5	0.9445306114	0.0001247141086	88.78453001	0.00500305965	11.21046693	27.40134492	13.13132637	59.46732871							0	0	0							-544.3147566	0.0001247141086	21311.9650426584	
544.3047566	94	1	5	0.9445374221	0.0001222254593	88.78342932	0.005000363582	11.21157031	27.39400049	13.132862	59.47313751							0	0	0							-544.3047566	0.0001222254593	41579.2848637819	
544.2947566	94	1	5	0.9445443431	0.0001242213426	88.78232014	0.004997654436	11.21268221	27.38635994	13.13450088	59.47913918							0	0	0							-544.2947566	0.0001242213426	6101.08815210746	
544.2847566	94	1	5	0.944551344	0.0001256719124	88.781206	0.004994939513	11.21379906	27.37860526	13.13617811	59.48521662							0	0	0							-544.2847566	0.0001256719124	94242.9920724128	
544.2747566	94	1	5	0.9445582513	0.0001240071086	88.78009684	0.00499223269	11.21491093	27.3709901	13.13780667	59.49120323							0	0	0							-544.2747566	0.0001240071086	208781.157240123	
544.2647566	94	1	5	0.9445651605	0.000124056514	88.77898655	0.00498952594	11.21602392	27.36337799	13.13943288	59.49718913							0	0	0							-544.2647566	0.000124056514	655394.878433	
544.2547566	94	1	5	0.9445720696	0.000124069436	88.77788021	0.004986826637	11.21713297	27.35590842	13.14100862	59.50308296							0	0	0							-544.2547566	0.000124069436	786543.850830484	
544.2447566	94	1	5	0.9445789325	0.0001232547194	88.77677029	0.004984124034	11.21824559	27.34838206	13.14260248	59.50901546							0	0	0							-544.2447566	0.0001232547194	59279.7214942322	
544.2347566	94	1	5	0.9445858136	0.0001235979346	88.77565951	0.004981420776	11.21935907	27.34082253	13.14420755	59.51496993							0	0	0							-544.2347566	0.0001235979346	135464.173797037	
544.2247566	94	1	5	0.9445926659	0.0001230963206	88.77454971	0.004978720587	11.22047157	27.33332178	13.14579112	59.5208871							0	0	0							-544.2247566	0.0001230963206	-101017.502189977	
544.2147566	94	1	5	0.944599557	0.0001238081739	88.77343743	0.004976017474	11.22158655	27.32574643	13.14740009	59.52685349							0	0	0							-544.2147566	0.0001238081739	-68829.2083877114	
544.2047566	94	1	5	0.944606433	0.0001235511066	88.77232538	0.004973316068	11.22270131	27.31819909	13.14899841	59.5328025							0	0	0							-544.2047566	0.0001235511066	-50371.8278076747	
544.1947566	94	1	5	0.9446133805	0.0001248521403	88.77120921	0.004970609201	11.22382018	27.31052478	13.15064032	59.5388349							0	0	0							-544.1947566	0.0001248521403	153392.257838113	
544.1847566	94	1	5	0.9446203306	0.000124914494	88.77009261	0.004967902699	11.22493949	27.30284551	13.15228331	59.54487118							0	0	0							-544.1847566	0.000124914494	450774.210538654	
544.1747566	94	1	5	0.9446272734	0.0001247990979	88.76897666	0.004965198563	11.22605814	27.29520687	13.15391126	59.55088187							0	0	0							-544.1747566	0.0001247990979	-72841.2945986058	
544.1647566	94	1	5	0.9446342037	0.0001245898239	88.76785972	0.004962494443	11.22717779	27.2875648	13.15553934	59.55689585							0	0	0							-544.1647566	0.0001245898239	-56428.6260869378	
544.1547566	94	1	5	0.9446411242	0.00012443106	88.76674272	0.004959791523	11.22829749	27.27993847	13.15716111	59.56290042							0	0	0							-544.1547566	0.00012443106	-56643.95588013	
544.1447566	94	1	5	0.9446479766	0.0001232198613	88.76562866	0.004957095117	11.22941424	27.27244676	13.15873474	59.5688185							0	0	0							-544.1447566	0.0001232198613	-14662.738160322	
544.1347566	94	1	5	0.9446550138	0.0001265582964	88.764505	0.004954384069	11.23054062	27.26463293	13.1604202	59.57494687							0	0	0							-544.1347566	0.0001265582964	-16539.6328449737	
544.1247566	94	1	5	0.9446619416	0.0001246080206	88.76338638	0.004951682028	11.23166193	27.25698989	13.16204561	59.5809645							0	0	0							-544.1247566	0.0001246080206	35871.1065840275	
544.1147566	94	1	5	0.9446688881	0.0001249589811	88.76226579	0.004948978659	11.23278523	27.24931969	13.16367923	59.58700108							0	0	0							-544.1147566	0.0001249589811	69954.4448499295	
544.1047566	94	1	5	0.9446757942	0.0001242478059	88.76114667	0.004946279105	11.23390705	27.24172207	13.16528661	59.59299132							0	0	0							-544.1047566	0.0001242478059	108625.431897008	
544.0947566	94	1	5	0.9446827056	0.0001243597766	88.76002661	0.004943579481	11.23502981	27.23411592	13.16689604	59.59898805							0	0	0							-544.0947566	0.0001243597766	85121.0797704662	
544.0847566	94	1	5	0.9446897357	0.0001265113165	88.75890042	0.004940871148	11.23615871	27.22631744	13.16857171	59.60511084							0	0	0							-544.0847566	0.0001265113165	-23397.0467544199	
544.0747566	94	1	5	0.944696726	0.0001258095377	88.75777603	0.004938166473	11.23728581	27.21857638	13.17022696	59.61119666							0	0	0							-544.0747566	0.0001258095377	100505.20148333	
544.0647566	94	1	5	0.9447037223	0.000125934401	88.75665049	0.004935461574	11.23841404	27.21082674	13.17188411	59.61728915							0	0	0							-544.0647566	0.000125934401	138120.491982807	
544.0547566	94	1	5	0.9447107211	0.0001259946051	88.75552427	0.004932756901	11.23954297	27.20307315	13.17354177	59.62338508							0	0	0							-544.0547566	0.0001259946051	139983.631140999	
544.0447566	94	1	5	0.9447177249	0.000126101364	88.75439724	0.00493005227	11.24067271	27.19531198	13.17520118	59.62948684							0	0	0							-544.0447566	0.000126101364	92261.0300573004	
544.0347566	94	1	5	0.9447247339	0.0001262114856	88.75326939	0.004927347678	11.24180326	27.18754295	13.17686246	59.6355946							0	0	0							-544.0347566	0.0001262114856	202678.386118119	
544.0247566	94	1	5	0.9447317443	0.0001262524244	88.75214092	0.00492464341	11.24293444	27.17977197	13.17852353	59.6417045							0	0	0							-544.0247566	0.0001262524244	202391.95605114	
544.0147566	94	1	5	0.9447387595	0.000126354733	88.75101164	0.004921939196	11.24406642	27.17199377	13.18018623	59.64781999							0	0	0							-544.0147566	0.000126354733	97991.566312677	
544.0047566	94	1	5	0.9447457795	0.0001264565262	88.74988156	0.004919235051	11.2451992	27.16420836	13.18185056	59.65394107							0	0	0							-544.0047566	0.0001264565262	97836.1427991987	
543.9947566	94	1	5	0.9447528043	0.0001265591634	88.74875069	0.004916530969	11.24633278	27.15641567	13.18351655	59.66006778							0	0	0							-543.9947566	0.0001265591634	97236.699145504	
543.9847566	94	1	5	0.9447598339	0.0001266622115	88.74761902	0.00491382695	11.24746716	27.14861565	13.1851842	59.66620015							0	0	0							-543.9847566	0.0001266622115	97330.9897210441	
543.9747566	94	1	5	0.9447668683	0.0001267646514	88.74648655	0.004911122995	11.24860233	27.14080834	13.1868535	59.67233816							0	0	0							-543.9747566	0.0001267646514	105572.578150766	
543.9647566	94	1	5	0.9447738214	0.0001253161324	88.74535682	0.004908424637	11.24973476	27.13310497	13.18848593	59.6784091							0	0	0							-543.9647566	0.0001253161324	-56612.8696680665	
543.9547566	94	1	5	0.9447808742	0.0001271267589	88.74422179	0.004905719802	11.25087249	27.12527155	13.19016213	59.68456632							0	0	0							-543.9547566	0.0001271267589	-32175.3621697892	
543.9447566	94	1	5	0.9447879021	0.0001266957538	88.74308798	0.004903017769	11.252009	27.11747825	13.19182391	59.69069785							0	0	0							-543.9447566	0.0001266957538	-337501.703028079	
543.9347566	94	1	5	0.9447949563	0.0001271865181	88.74195223	0.004900314017	11.25314745	27.10964208	13.19349964	59.69685828							0	0	0							-543.9347566	0.0001271865181	30295.1114958613	
543.9247566	94	1	5	0.9448020251	0.000127464903	88.74081527	0.004897609578	11.25428712	27.10178165	13.19518298	59.70303537							0	0	0							-543.9247566	0.000127464903	-173553.794513773	
543.9147566	94	1	5	0.9448090863	0.0001273464444	88.73967823	0.004894906327	11.25542686	27.0939363	13.19686022	59.70920348							0	0	0							-543.9147566	0.0001273464444	-90785.1505722428	
543.9047566	94	1	5	0.9448162461	0.0001291391589	88.73853605	0.004892196266	11.25657175	27.08594442	13.19858735	59.71546823							0	0	0							-543.9047566	0.0001291391589	-140806.564255561	
543.8947566	94	1	5	0.9448233135	0.0001274889709	88.737398	0.004889493698	11.25771251	27.07808925	13.20026651	59.72164424							0	0	0							-543.8947566	0.0001274889709	-52744.9672038697	
543.8847566	94	1	5	0.9448304929	0.0001295268144	88.73625269	0.004886781483	11.25886053	27.07003913	13.2020119	59.72794896							0	0	0							-543.8847566	0.0001295268144	-418858.952435305	
543.8747566	94	1	5	0.9448375611	0.0001275367331	88.73511373	0.004884079855	11.26000219	27.06218069	13.20369065	59.73412866							0	0	0							-543.8747566	0.0001275367331	30204.7411681614	
543.8647566	94	1	5	0.9448446533	0.0001279862183	88.73397209	0.004881376163	11.26114653	27.05428625	13.20538032	59.74033343							0	0	0							-543.8647566	0.0001279862183	26182.4800566458	
543.8547566	94	1	5	0.9448515599	0.0001246526381	88.73283943	0.004878688231	11.26228188	27.04670491	13.20696058	59.74633452							0	0	0							-543.8547566	0.0001246526381	5556021.7998598	
543.8447566	94	1	5	0.9448586501	0.0001279826186	88.7316962	0.004875985582	11.26342781	27.0388293	13.20864127	59.75252943							0	0	0							-543.8447566	0.0001279826186	3003.02058825596	
543.8347566	94	1	5	0.9448657397	0.0001279878346	88.73055336	0.004873284068	11.26457335	27.03095388	13.21032166	59.75872446							0	0	0							-543.8347566	0.0001279878346	8773.6444715279	
543.8247566	94	1	5	0.9448728335	0.0001280790251	88.72940975	0.004870582689	11.26571967	27.02307285	13.21200308	59.76492407							0	0	0							-543.8247566	0.0001280790251	133219.753199363	
543.8147566	94	1	5	0.9448799299	0.0001281455155	88.72826549	0.004867881653	11.26686662	27.01519027	13.21368414	59.77112558							0	0	0							-543.8147566	0.0001281455155	144883.899890388	
543.8047566	94	1	5	0.9448870295	0.0001282175023	88.72712056	0.00486518092	11.26801425	27.00730566	13.21536499	59.77732935							0	0	0							-543.8047566	0.0001282175023	123411.636964408	
543.7947566	94	1	5	0.9448941545	0.0001286928844	88.72597318	0.004862477685	11.26916434	26.99936267	13.2170651	59.78357223							0	0	0							-543.7947566	0.0001286928844	21035.7100109386	
543.7847566	94	1	5	0.944901278	0.0001286829326	88.72482549	0.004859775104	11.27031474	26.99142077	13.21876409	59.78981514							0	0	0							-543.7847566	0.0001286829326	19204.2628933408	
543.7747566	94	1	5	0.9449083845	0.000128391882	88.72367796	0.004857074176	11.27146496	26.98350412	13.22045343	59.79604245							0	0	0							-543.7747566	0.000128391882	-51740.6608634852	
543.7647566	94	1	5	0.944915547	0.00012942094	88.72252695	0.004854369148	11.27261868	26.9754978	13.22217279	59.80232941							0	0	0							-543.7647566	0.00012942094	-48093.038764163	
543.7547566	94	1	5	0.9449226889	0.0001290651025	88.72137666	0.004851666468	11.27377168	26.96752754	13.2238789	59.80859356							0	0	0							-543.7547566	0.0001290651025	143971.366173267	
543.7447566	94	1	5	0.9449298359	0.0001291754877	88.72022543	0.004848963753	11.27492561	26.95954957	13.2255867	59.81486373							0	0	0							-543.7447566	0.0001291754877	100083.381934793	
543.7347566	94	1	5	0.9449369126	0.0001279189746	88.7190767	0.00484626648	11.27607703	26.95167447	13.22725796	59.82106757							0	0	0							-543.7347566	0.0001279189746	-106391.845262075	
543.7247566	94	1	5	0.9449440683	0.0001293653361	88.71792357	0.00484356375	11.27723287	26.9436839	13.22896807	59.82734803							0	0	0							-543.7247566	0.0001293653361	24786.5481155982	
543.7147566	94	1	5	0.9449512421	0.0001297096711	88.71677	0.004840861407	11.27838913	26.93568765	13.23067946	59.83363288							0	0	0							-543.7147566	0.0001297096711	24079.6420819758	
543.7047566	94	1	5	0.9449584577	0.0001304809135	88.71561605	0.004838159772	11.27954579	26.92769657	13.23238818	59.83991525							0	0	0							-543.7047566	0.0001304809135	192404.194010408	
543.6947566	94	1	5	0.9449656239	0.0001296048785	88.71446267	0.004835460125	11.28070187	26.91973186	13.23408711	59.84618103							0	0	0							-543.6947566	0.0001296048785	66983.4073944225	
543.6847566	94	1	5	0.9449728191	0.0001301473893	88.71330668	0.00483275867	11.28186056	26.91173856	13.23579424	59.8524672							0	0	0							-543.6847566	0.0001301473893	95281.138634461	
543.6747566	94	1	5	0.9449799711	0.0001293824622	88.71215202	0.004830060258	11.28301792	26.90379034	13.23748525	59.85872441							0	0	0							-543.6747566	0.0001293824622	70183.8790986451	
543.6647566	94	1	5	0.9449871461	0.0001298147429	88.71099496	0.004827359612	11.28417768	26.89579208	13.23919246	59.86501546							0	0	0							-543.6647566	0.0001298147429	58269.748417822	
543.6547566	94	1	5	0.9449943281	0.0001299578078	88.70983766	0.004824659726	11.28533768	26.88779681	13.24089789	59.8713053							0	0	0							-543.6547566	0.0001299578078	70317.5242123424	
543.6447566	94	1	5	0.9450015169	0.000130099187	88.70867827	0.004821958091	11.28649977	26.8797613	13.24261613	59.87762257							0	0	0							-543.6447566	0.000130099187	70731.762522295	
543.6347566	94	1	5	0.9450087043	0.0001300900458	88.70751941	0.004819258338	11.28766133	26.87174926	13.24432561	59.88392513							0	0	0							-543.6347566	0.0001300900458	69031.0104530474	
543.6247566	94	1	5	0.9450158641	0.0001296076087	88.70636166	0.004816561909	11.28882177	26.86379812	13.24601305	59.89018883							0	0	0							-543.6247566	0.0001296076087	-28383.0335161511	
543.6147566	94	1	5	0.9450231384	0.0001316978952	88.70519444	0.004813851825	11.28999171	26.85556556	13.24779655	59.89663789							0	0	0							-543.6147566	0.0001316978952	-25536.473439298	
543.6047566	94	1	5	0.9450303793	0.0001311099283	88.70403022	0.004811147685	11.29115863	26.84744013	13.24954235	59.90301752							0	0	0							-543.6047566	0.0001311099283	-199194.31401173	
543.5947566	94	1	5	0.9450376166	0.0001310631325	88.70286556	0.004808444156	11.292326	26.83931734	13.25128635	59.90939631							0	0	0							-543.5947566	0.0001310631325	-177120.042991906	
543.5847566	94	1	5	0.9450448464	0.0001309431565	88.70170073	0.004805741814	11.29349353	26.83121087	13.25302375	59.91576539							0	0	0							-543.5847566	0.0001309431565	-78415.9317409887	
543.5747566	94	1	5	0.9450519775	0.0001291738393	88.70054021	0.004803048031	11.29465674	26.82327216	13.25470218	59.92202566							0	0	0							-543.5747566	0.0001291738393	-26328.116766266	
543.5647566	94	1	5	0.9450592504	0.0001317579526	88.69937224	0.004800343125	11.29582742	26.81509199	13.25646335	59.92844466							0	0	0							-543.5647566	0.0001317579526	-28886.5348635368	
543.5547566	94	1	5	0.9450664988	0.0001313322437	88.69820393	0.004797640123	11.29699843	26.8069584	13.25820674	59.93483486							0	0	0							-543.5547566	0.0001313322437	113526.554644058	
543.5447566	94	1	5	0.9450737563	0.0001315144304	88.69703509	0.004794937093	11.29816997	26.79880659	13.2599559	59.94123751							0	0	0							-543.5447566	0.0001315144304	50697.7539616172	
543.5347566	94	1	5	0.9450810249	0.0001317334422	88.69586507	0.004792233549	11.2993427	26.79063558	13.26171075	59.94765367							0	0	0							-543.5347566	0.0001317334422	45510.594779528	
543.5247566	94	1	5	0.9450883048	0.000131953898	88.69469387	0.00478952951	11.3005166	26.78244593	13.26347108	59.954083							0	0	0							-543.5247566	0.000131953898	48965.0358564221	
543.5147566	94	1	5	0.9450955942	0.0001321458253	88.69352159	0.004786825135	11.30169158	26.77424086	13.26523578	59.96052336							0	0	0							-543.5147566	0.0001321458253	49399.5478046788	
543.5047566	94	1	5	0.9451028946	0.0001323615229	88.69234819	0.004784120372	11.30286769	26.76601963	13.26700509	59.96697529							0	0	0							-543.5047566	0.0001323615229	62432.7457159268	
543.4947566	94	1	5	0.9451102016	0.0001324991049	88.6911739	0.004781415563	11.30404469	26.75778881	13.26877675	59.97343444							0	0	0							-543.4947566	0.0001324991049	76720.8881465655	
543.4847566	94	1	5	0.9451175145	0.0001326235268	88.68999869	0.004778710697	11.3052226	26.74954847	13.27055073	59.97990079							0	0	0							-543.4847566	0.0001326235268	77834.6812715424	
543.4747566	94	1	5	0.9451248337	0.0001327566466	88.68882255	0.004776005787	11.30640144	26.74129917	13.27232683	59.98637401							0	0	0							-543.4747566	0.0001327566466	79218.8650728027	
543.4647566	94	1	5	0.9451321587	0.0001328772282	88.68764554	0.004773300898	11.30758116	26.73304208	13.27410463	59.99285329							0	0	0							-543.4647566	0.0001328772282	87063.3102563364	
543.4547566	94	1	5	0.9451394887	0.0001329873171	88.68646767	0.004770596077	11.30876173	26.72477824	13.27588377	59.99933799							0	0	0							-543.4547566	0.0001329873171	93078.5735193282	
543.4447566	94	1	5	0.9451468235	0.000133092339	88.68528897	0.00476789134	11.30994314	26.71650799	13.27766415	60.00582787							0	0	0							-543.4447566	0.000133092339	100595.502776654	
543.4347566	94	1	5	0.9451541626	0.0001331871698	88.68410945	0.004765186739	11.31112537	26.70823237	13.27944539	60.01232225							0	0	0							-543.4347566	0.0001331871698	109445.346377509	
543.4247566	94	1	5	0.9451615055	0.0001332755345	88.68292913	0.004762482301	11.31230839	26.69995196	13.28122729	60.01882075							0	0	0							-543.4247566	0.0001332755345	116913.803166223	
543.4147566	94	1	5	0.9451688521	0.0001333585674	88.68174802	0.004759778048	11.3134922	26.69166724	13.28300969	60.02532308							0	0	0							-543.4147566	0.0001333585674	125782.992291923	
543.4047566	94	1	5	0.9451760859	0.0001313294528	88.68057539	0.00475708818	11.31466752	26.68365138	13.28469919	60.03164943							0	0	0							-543.4047566	0.0001313294528	54075.8432277976	
543.3947566	94	1	5	0.9451833302	0.0001315376979	88.67939999	0.004754396576	11.31584561	26.6756127	13.28639464	60.03799266							0	0	0							-543.3947566	0.0001315376979	59025.9763956885	
543.3847566	94	1	5	0.9451905818	0.0001316871233	88.67822326	0.004751704262	11.31702503	26.66755113	13.28809701	60.04435186							0	0	0							-543.3847566	0.0001316871233	92338.2565440021	
543.3747566	94	1	5	0.9451977975	0.0001310517055	88.67704892	0.004749016918	11.31820206	26.65957539	13.28976919	60.05065542							0	0	0							-543.3747566	0.0001310517055	87830.847890208	
543.3647566	94	1	5	0.9452050328	0.0001314271609	88.67587182	0.004746327071	11.31938185	26.65154892	13.29145748	60.0569936							0	0	0							-543.3647566	0.0001314271609	27849.9619590778	
543.3547566	94	1	5	0.9452122862	0.0001317723732	88.67469273	0.004743635376	11.32056363	26.64347557	13.293161	60.06336343							0	0	0							-543.3547566	0.0001317723732	26721.5267300513	
543.3447566	94	1	5	0.9452195616	0.0001321888355	88.67351141	0.004740941461	11.32174765	26.63534822	13.29488217	60.06976962							0	0	0							-543.3447566	0.0001321888355	23100.2056452443	
543.3347566	94	1	5	0.9452268609	0.0001326411147	88.6723278	0.004738245229	11.32293396	26.62716472	13.29662171	60.07621356							0	0	0							-543.3347566	0.0001326411147	21452.5671179198	
543.3247566	94	1	5	0.9452341858	0.0001331229995	88.67114185	0.004735546603	11.3241226	26.6189236	13.29838015	60.08269625							0	0	0							-543.3247566	0.0001331229995	20294.4808111859	
543.3147566	94	1	5	0.9452415374	0.0001336276549	88.66995355	0.004732845536	11.3253136	26.61062399	13.30015774	60.08921826							0	0	0							-543.3147566	0.0001336276549	19511.5627291018	
543.3047566	94	1	5	0.9452489167	0.0001341485467	88.66876287	0.00473014201	11.32650699	26.60226564	13.30195458	60.09577978							0	0	0							-543.3047566	0.0001341485467	18999.3119124694	
543.2947566	94	1	5	0.9452563243	0.0001346805595	88.6675698	0.004727436025	11.32770276	26.5938487	13.30377058	60.10238071							0	0	0							-543.2947566	0.0001346805595	23688.7420191254	
543.2847566	94	1	5	0.9452635689	0.0001317352553	88.66638957	0.004724751284	11.32888568	26.58583363	13.30544838	60.10871799							0	0	0							-543.2847566	0.0001317352553	22454.8536645819	
543.2747566	94	1	5	0.9452708441	0.0001323094678	88.66520471	0.004722062075	11.33007323	26.5777448	13.30714939	60.11510581							0	0	0							-543.2747566	0.0001323094678	18590.8710154827	
543.2647566	94	1	5	0.9452781463	0.0001328187953	88.66401713	0.004719369855	11.3312635	26.56958593	13.30887353	60.12154054							0	0	0							-543.2647566	0.0001328187953	19927.3039384655	
543.2547566	94	1	5	0.9452854748	0.0001333135394	88.66282708	0.004716674995	11.33245625	26.56136404	13.3106184	60.12801756							0	0	0							-543.2547566	0.0001333135394	18417.7000190428	
543.2447566	94	1	5	0.9452928363	0.0001339317803	88.6616341	0.004713976823	11.33365192	26.55306671	13.31238821	60.13454508							0	0	0							-543.2447566	0.0001339317803	14897.4260488233	
543.2347566	94	1	5	0.9453002379	0.0001346808692	88.66043783	0.004711274713	11.3348509	26.54468128	13.31418729	60.14113144							0	0	0							-543.2347566	0.0001346808692	14115.7320377802	
543.2247566	94	1	5	0.9453076757	0.0001353562473	88.65923868	0.004708569302	11.33605276	26.53621971	13.31601156	60.14776873							0	0	0							-543.2247566	0.0001353562473	14671.3326296348	
543.2147566	94	1	5	0.9453151502	0.0001360443078	88.65803663	0.004705860604	11.33725751	26.52768304	13.31786062	60.15445634							0	0	0							-543.2147566	0.0001360443078	14502.3510940656	
543.2047566	94	1	5	0.9453226617	0.0001367353469	88.65683172	0.004703148687	11.33846513	26.51907284	13.31973392	60.16119325							0	0	0							-543.2047566	0.0001367353469	14511.755196103	
543.1947566	94	1	5	0.9453302099	0.0001374225225	88.65562401	0.004700433645	11.33967556	26.51039118	13.32163071	60.16797811							0	0	0							-543.1947566	0.0001374225225	14697.5925049259	
543.1847566	94	1	5	0.9453377941	0.0001380963748	88.65441356	0.00469771561	11.34088872	26.50164091	13.32355001	60.17480909							0	0	0							-543.1847566	0.0001380963748	21659.8285851401	
543.1747566	94	1	5	0.9453452383	0.000135565749	88.65321263	0.004695014048	11.34209236	26.49320444	13.32536106	60.1814345							0	0	0							-543.1747566	0.000135565749	57567.3734911082	
543.1647566	94	1	5	0.9453526918	0.0001357545038	88.65200991	0.00469231173	11.34329778	26.48475487	13.32717513	60.18807001							0	0	0							-543.1647566	0.0001357545038	67350.750336907	
543.1547566	94	1	5	0.9453601514	0.0001358840173	88.65080624	0.004689609349	11.34450416	26.47629594	13.32899138	60.19471269							0	0	0							-543.1547566	0.0001358840173	79168.3051181821	
543.1447566	94	1	5	0.9453676167	0.0001360074248	88.64960161	0.004686906939	11.34571148	26.4678283	13.33080958	60.20136212							0	0	0							-543.1447566	0.0001360074248	79867.9451635047	
543.1347566	94	1	5	0.9453750881	0.0001361345404	88.64839603	0.004684204476	11.34691977	26.45935158	13.33262987	60.20801855							0	0	0							-543.1347566	0.0001361345404	79039.7170926275	
543.1247566	94	1	5	0.9453825653	0.0001362604732	88.64718948	0.004681501969	11.34812901	26.45086591	13.33445219	60.2146819							0	0	0							-543.1247566	0.0001362604732	245259.691707777	
543.1147566	94	1	5	0.9453900293	0.0001360398321	88.64598312	0.004678801159	11.34933808	26.44240448	13.33626526	60.22133026							0	0	0							-543.1147566	0.0001360398321	245956.858871386	
543.1047566	94	1	5	0.9453974993	0.0001361661975	88.64477566	0.004676100219	11.35054824	26.43393425	13.33808022	60.22798552							0	0	0							-543.1047566	0.0001361661975	83003.538566997	
543.0947566	94	1	5	0.9454049747	0.0001362817503	88.64356727	0.004673399278	11.35175933	26.4254559	13.33989694	60.23464717							0	0	0							-543.0947566	0.0001362817503	86350.3634082265	
543.0847566	94	1	5	0.9454124553	0.0001363978143	88.64235794	0.004670698332	11.35297136	26.41696937	13.34171541	60.24131522							0	0	0							-543.0847566	0.0001363978143	85965.9202531196	
543.0747566	94	1	5	0.9454199413	0.000136514403	88.64114768	0.00466799738	11.35418433	26.40847464	13.34353566	60.2479897							0	0	0							-543.0747566	0.000136514403	85575.6152353711	
543.0647566	94	1	5	0.9454274328	0.0001366315282	88.63993647	0.004665296419	11.35539824	26.39997165	13.3453577	60.25467066							0	0	0							-543.0647566	0.0001366315282	85182.6125260206	
543.0547566	94	1	5	0.9454349296	0.0001367491952	88.63872431	0.004662595447	11.35661309	26.39146036	13.34718153	60.26135811							0	0	0							-543.0547566	0.0001367491952	84791.6007394821	
543.0447566	94	1	5	0.9454424319	0.0001368674031	88.63751121	0.004659894462	11.3578289	26.38294074	13.34900718	60.26805208							0	0	0							-543.0447566	0.0001368674031	84399.5100287406	
543.0347566	94	1	5	0.9454499397	0.000136986166	88.63629715	0.004657193461	11.35904565	26.37441274	13.35083465	60.27475261							0	0	0							-543.0347566	0.000136986166	84410.1913242178	
543.0247566	94	1	5	0.9454574529	0.0001371043442	88.63508217	0.004654492486	11.36026334	26.36587639	13.35266394	60.28145968							0	0	0							-543.0247566	0.0001371043442	73402.7844097374	
543.0147566	94	1	5	0.9454649748	0.0001372808637	88.63386606	0.004651791218	11.36148215	26.35732701	13.35449661	60.28817638							0	0	0							-543.0147566	0.0001372808637	72765.5616136775	
543.0047566	94	1	5	0.9454725021	0.0001374003728	88.632649	0.004649089939	11.36270191	26.34876918	13.35633114	60.29489968							0	0	0							-543.0047566	0.0001374003728	82901.780419686	
542.9947566	94	1	5	0.9454800351	0.0001375221559	88.63143096	0.004646388597	11.36392265	26.34020276	13.35816755	60.3016297							0	0	0							-542.9947566	0.0001375221559	82201.9149299135	
542.9847566	94	1	5	0.9454875737	0.0001376436767	88.63021198	0.004643687272	11.36514433	26.33162775	13.36000583	60.30836642							0	0	0							-542.9847566	0.0001376436767	83585.5301201012	
542.9747566	94	1	5	0.9454951178	0.0001377615433	88.62899206	0.00464098595	11.36636696	26.32304439	13.36184594	60.31510968							0	0	0							-542.9747566	0.0001377615433	82145.9826064961	
542.9647566	94	1	5	0.9455026677	0.0001378877096	88.62777111	0.004638284512	11.36759061	26.31445215	13.36368798	60.32185987							0	0	0							-542.9647566	0.0001378877096	81636.6893862365	
542.9547566	94	1	5	0.945510223	0.0001380069247	88.62654923	0.004635583111	11.36881518	26.30585146	13.36553188	60.32861666							0	0	0							-542.9547566	0.0001380069247	82822.5448017594	
542.9447566	94	1	5	0.9455177841	0.0001381292709	88.62532638	0.004632881677	11.37004073	26.29724213	13.36737767	60.33538021							0	0	0							-542.9447566	0.0001381292709	81725.0215834564	
542.9347566	94	1	5	0.9455253507	0.0001382516478	88.62410256	0.004630180216	11.37126726	26.28862414	13.36922534	60.34215051							0	0	0							-542.9347566	0.0001382516478	81666.7429527472	
542.9247566	94	1	5	0.9455329231	0.0001383741688	88.62287777	0.004627478729	11.37249475	26.2799975	13.37107492	60.34892759							0	0	0							-542.9247566	0.0001383741688	81156.5028146616	
542.9147566	94	1	5	0.9455405011	0.0001384981014	88.62165199	0.004624777187	11.37372323	26.2713621	13.3729264	60.3557115							0	0	0							-542.9147566	0.0001384981014	80879.3943133787	
542.9047566	94	1	5	0.9455480849	0.0001386214533	88.62042523	0.004622075611	11.3749527	26.26271799	13.37477979	60.36250222							0	0	0							-542.9047566	0.0001386214533	80965.3367619435	
542.8947566	94	1	5	0.9455556744	0.0001387451215	88.61919748	0.004619373999	11.37618314	26.25406513	13.37663509	60.36929978							0	0	0							-542.8947566	0.0001387451215	80767.3788056744	
542.8847566	94	1	5	0.9455632696	0.0001388690787	88.61796875	0.004616672348	11.37741457	26.24540351	13.37849231	60.37610418							0	0	0							-542.8847566	0.0001388690787	80583.3318042816	
542.8747566	94	1	5	0.9455708705	0.0001389933124	88.61673904	0.004613970658	11.37864699	26.2367331	13.38035145	60.38291545							0	0	0							-542.8747566	0.0001389933124	80402.2497725938	
542.8647566	94	1	5	0.9455784771	0.0001391178286	88.61550834	0.004611268929	11.3798804	26.2280539	13.38221251	60.38973359							0	0	0							-542.8647566	0.0001391178286	89762.1426831305	
542.8547566	94	1	5	0.9455860125	0.0001378327396	88.61428099	0.004608573983	11.38111044	26.2194975	13.38403084	60.39647166							0	0	0							-542.8547566	0.0001378327396	-75860.9898634374	
542.8447566	94	1	5	0.9455936317	0.0001393862253	88.61304804	0.004605871955	11.38234609	26.21079949	13.385896	60.40330451							0	0	0							-542.8447566	0.0001393862253	89260.190175723	
542.8347566	94	1	5	0.9456012557	0.0001394916223	88.61181437	0.004603170108	11.38358246	26.20209386	13.38776284	60.4101433							0	0	0							-542.8347566	0.0001394916223	87896.2101819349	
542.8247566	94	1	5	0.9456088854	0.0001396172987	88.6105797	0.004600468217	11.38481983	26.19337934	13.38963162	60.41698904							0	0	0							-542.8247566	0.0001396172987	79476.8152818728	
542.8147566	94	1	5	0.9456165209	0.0001397432687	88.60934403	0.004597766279	11.3860582	26.18465591	13.39150235	60.42384174							0	0	0							-542.8147566	0.0001397432687	79294.733752552	
542.8047566	94	1	5	0.9456241623	0.0001398695229	88.60810737	0.004595064294	11.38729757	26.17592355	13.39337504	60.43070142							0	0	0							-542.8047566	0.0001398695229	95466.6980079829	
542.7947566	94	1	5	0.945631757	0.0001390352522	88.60687301	0.004592367252	11.38853462	26.16727518	13.39521833	60.43750648							0	0	0							-542.7947566	0.0001390352522	-73155.979193929	
542.7847566	94	1	5	0.9456394118	0.0001401548237	88.60563389	0.004589664805	11.38977644	26.15852292	13.39709536	60.44438172							0	0	0							-542.7847566	0.0001401548237	98608.5292595541	
542.7747566	94	1	5	0.9456470707	0.0001402490264	88.60439421	0.004586962678	11.39101882	26.14976372	13.39897391	60.45126237							0	0	0							-542.7747566	0.0001402490264	94386.7981976475	
542.7647566	94	1	5	0.9456547355	0.0001403764676	88.60315353	0.004584260497	11.39226221	26.1409955	13.40085443	60.45815007							0	0	0							-542.7647566	0.0001403764676	74784.571632091	
542.7547566	94	1	5	0.9456624069	0.0001405179168	88.6019118	0.004581558232	11.39350665	26.13221789	13.40273703	60.46504508							0	0	0							-542.7547566	0.0001405179168	80720.3617346083	
542.7447566	94	1	5	0.9456700833	0.0001406306453	88.60066911	0.004578855961	11.39475204	26.12343168	13.40462149	60.47194683							0	0	0							-542.7447566	0.0001406306453	99163.3417878521	
542.7347566	94	1	5	0.9456776953	0.0001394686117	88.5994294	0.004576159874	11.39599444	26.1147558	13.40646753	60.47877667							0	0	0							-542.7347566	0.0001394686117	42622.3478316984	
542.7247566	94	1	5	0.9456853281	0.0001398692422	88.59818763	0.004573462293	11.3972389	26.10604608	13.4083238	60.48563011							0	0	0							-542.7247566	0.0001398692422	-120620.779451723	
542.7147566	94	1	5	0.9456929504	0.0001396980979	88.59694583	0.004570766133	11.39848341	26.09735479	13.41017281	60.49247241							0	0	0							-542.7147566	0.0001396980979	-82964.2829292629	
542.7047566	94	1	5	0.9457005661	0.0001395956864	88.59570368	0.004568071014	11.39972824	26.0886758	13.41201655	60.49930766							0	0	0							-542.7047566	0.0001395956864	-2092091.33339276	
542.6947566	94	1	5	0.9457081869	0.0001397076961	88.59446055	0.004565375902	11.40097408	26.07998923	13.41386175	60.50614902							0	0	0							-542.6947566	0.0001397076961	76464.1516485943	
542.6847566	94	1	5	0.9457158333	0.0001401977007	88.59321526	0.004562678983	11.40222206	26.07126009	13.41572027	60.51301964							0	0	0							-542.6847566	0.0001401977007	35304.7926613766	
542.6747566	94	1	5	0.9457234914	0.0001404331937	88.59196868	0.004559981526	11.40347134	26.06251177	13.41758423	60.519904							0	0	0							-542.6747566	0.0001404331937	50335.1968061299	
542.6647566	94	1	5	0.9457311582	0.0001406108937	88.59072094	0.004557283787	11.40472178	26.0537497	13.41945176	60.52679854							0	0	0							-542.6647566	0.0001406108937	56625.5919109229	
542.6547566	94	1	5	0.9457388335	0.0001407864177	88.58947204	0.004554585771	11.40597338	26.04497413	13.42132277	60.5337031							0	0	0							-542.6547566	0.0001407864177	224333.852437157	
542.6447566	94	1	5	0.9457465097	0.0001408247491	88.5882224	0.004551888145	11.40722571	26.03619774	13.42319298	60.54060929							0	0	0							-542.6447566	0.0001408247491	216209.98306294	
542.6347566	94	1	5	0.9457541903	0.0001409223883	88.58697183	0.004549190605	11.40847898	26.02741502	13.42506422	60.54752076							0	0	0							-542.6347566	0.0001409223883	10076592.547805	
542.6247566	94	1	5	0.9457618642	0.0001408227639	88.58572094	0.00454649412	11.40973256	26.01864422	13.42693036	60.55442542							0	0	0							-542.6247566	0.0001408227639	-136053.43130905	
542.6147566	94	1	5	0.9457695613	0.0001412657258	88.58446801	0.004543796037	11.4109882	26.00983551	13.42880817	60.56135633							0	0	0							-542.6147566	0.0001412657258	-109003.247074851	
542.6047566	94	1	5	0.9457772472	0.0001410823526	88.58321508	0.004541099444	11.41224382	26.00104618	13.43067838	60.56827544							0	0	0							-542.6047566	0.0001410823526	268199.993753962	
542.5947566	94	1	5	0.9457849357	0.0001411474271	88.58196127	0.004538403079	11.41350033	25.99225365	13.43254856	60.5751978							0	0	0							-542.5947566	0.0001411474271	136728.009103478	
542.5847566	94	1	5	0.9457926468	0.0001415847763	88.58070545	0.004535705158	11.41475884	25.9834237	13.43443024	60.58214606							0	0	0							-542.5847566	0.0001415847763	-164120.31100519	
542.5747566	94	1	5	0.9458003527	0.0001415088132	88.57944929	0.004533008207	11.4160177	25.97460328	13.43630765	60.58908907							0	0	0							-542.5747566	0.0001415088132	-970614.482283023	
542.5647566	94	1	5	0.9458080628	0.000141606011	88.57819217	0.004530311337	11.41727752	25.96577664	13.43818604	60.59603733							0	0	0							-542.5647566	0.000141606011	85417.1158626777	
542.5547566	94	1	5	0.9458157864	0.0001418726441	88.57693357	0.004527613743	11.41853881	25.95692828	13.44007063	60.60300108							0	0	0							-542.5547566	0.0001418726441	47823.5542434481	
542.5447566	94	1	5	0.9458234316	0.0001404546799	88.57567885	0.004524923625	11.41979622	25.94821238	13.44190957	60.60987805							0	0	0							-542.5447566	0.0001404546799	-101922.029135526	
542.5347566	94	1	5	0.9458311637	0.0001420705497	88.57441817	0.004522226094	11.42105961	25.93935181	13.44379593	60.61685225							0	0	0							-542.5347566	0.0001420705497	33270.1512907934	
542.5247566	94	1	5	0.9458389092	0.0001423357029	88.57315623	0.004519527985	11.42232424	25.93046912	13.44568879	60.62384208							0	0	0							-542.5247566	0.0001423357029	37714.0460684282	
542.5147566	94	1	5	0.945846654	0.000142343803	88.57189367	0.004516830426	11.4235895	25.92158828	13.44757995	60.63083177							0	0	0							-542.5147566	0.000142343803	41024.1760311663	
542.5047566	94	1	5	0.9458544038	0.0001424578953	88.57063009	0.004514132875	11.42485578	25.91269971	13.44947257	60.63782772							0	0	0							-542.5047566	0.0001424578953	94973.935328406	
542.4947566	94	1	5	0.945862158	0.0001425566007	88.56936556	0.004511435419	11.426123	25.90380482	13.45136622	60.64482896							0	0	0							-542.4947566	0.0001425566007	86518.0401437743	
542.4847566	94	1	5	0.9458699197	0.0001427164434	88.56809989	0.004508737757	11.42739137	25.89489798	13.45326276	60.65183926							0	0	0							-542.4847566	0.0001427164434	247490.047144142	
542.4747566	94	1	5	0.9458776668	0.0001424677677	88.56683438	0.00450604188	11.42865958	25.88601639	13.45514972	60.65883389							0	0	0							-542.4747566	0.0001424677677	-34023.2359236004	
542.4647566	94	1	5	0.9458853617	0.0001415286951	88.56557115	0.004503351109	11.42992549	25.87722311	13.45700587	60.66577102							0	0	0							-542.4647566	0.0001415286951	-41930.5041100894	
542.4547566	94	1	5	0.9458931351	0.0001429925215	88.56430249	0.004500653708	11.43119686	25.86829962	13.45890452	60.67279586							0	0	0							-542.4547566	0.0001429925215	49428.8973701704	
542.4447566	94	1	5	0.9459009174	0.0001431751882	88.5630328	0.004497956117	11.43246925	25.85936163	13.46080707	60.67983129							0	0	0							-542.4447566	0.0001431751882	81452.6614777054	
542.4347566	94	1	5	0.9459087041	0.0001432787185	88.56176215	0.004495258606	11.43374259	25.85041683	13.4627108	60.68687238							0	0	0							-542.4347566	0.0001432787185	106361.155881208	
542.4247566	94	1	5	0.9459164237	0.000142064497	88.56049474	0.004492567569	11.4350127	25.84158487	13.46457556	60.69383958							0	0	0							-542.4247566	0.000142064497	-1419994.33954315	
542.4147566	94	1	5	0.945924209	0.000143292804	88.55922256	0.004489871021	11.43628757	25.83264455	13.46647539	60.70088005							0	0	0							-542.4147566	0.000143292804	59674.3307579786	
542.4047566	94	1	5	0.9459320014	0.0001434442541	88.55794943	0.004487174414	11.4375634	25.82369266	13.46837812	60.70792922							0	0	0							-542.4047566	0.0001434442541	79403.2976092165	
542.3947566	94	1	5	0.9459397377	0.0001424331473	88.55667889	0.004484483301	11.43883663	25.81483495	13.47024816	60.71491689							0	0	0							-542.3947566	0.0001424331473	-54978.6249504334	
542.3847566	94	1	5	0.9459475486	0.0001438269327	88.55540309	0.004481785894	11.44011513	25.80585406	13.47215824	60.7219877							0	0	0							-542.3847566	0.0001438269327	-175003.894659252	
542.3747566	94	1	5	0.9459553552	0.000143767119	88.55412702	0.004479089471	11.44139389	25.79688068	13.47406482	60.7290545							0	0	0							-542.3747566	0.000143767119	-404267.431452457	
542.3647566	94	1	5	0.9459631595	0.0001437465365	88.55285035	0.004476393711	11.44267326	25.78791179	13.47596875	60.73611946							0	0	0							-542.3647566	0.0001437465365	-824142.289093205	
542.3547566	94	1	5	0.9459709659	0.0001438067788	88.55157282	0.004473698224	11.44395348	25.77894009	13.47787248	60.74318743							0	0	0							-542.3547566	0.0001438067788	171945.025842686	
542.3447566	94	1	5	0.9459786737	0.0001420091636	88.55030039	0.004471012048	11.44522859	25.7701334	13.47971985	60.75014675							0	0	0							-542.3447566	0.0001420091636	91137.7663453283	
542.3347566	94	1	5	0.9459864659	0.0001435854336	88.54902198	0.004468318618	11.4465097	25.76118754	13.48161247	60.75719998							0	0	0							-542.3347566	0.0001435854336	12480.7509217668	
542.3247566	94	1	5	0.945994293	0.0001442492243	88.54774101	0.004465622672	11.44779337	25.75218376	13.48352351	60.76429273							0	0	0							-542.3247566	0.0001442492243	28917.7194328512	
542.3147566	94	1	5	0.9460021345	0.0001445357754	88.54645856	0.004462925968	11.44907852	25.74315655	13.48544131	60.77140214							0	0	0							-542.3147566	0.0001445357754	32968.9664280668	
542.3047566	94	1	5	0.9460099925	0.0001448606378	88.54517443	0.004460228285	11.45036534	25.73410263	13.48736692	60.77853045							0	0	0							-542.3047566	0.0001448606378	80699.311125477	
542.2947566	94	1	5	0.9460178549	0.0001449641522	88.54388936	0.004457530698	11.45165311	25.72504189	13.4892937	60.78566441							0	0	0							-542.2947566	0.0001449641522	187842.47567683	
542.2847566	94	1	5	0.9460257186	0.0001450082597	88.54260348	0.004454833475	11.45294168	25.71597976	13.49121979	60.79280045							0	0	0							-542.2847566	0.0001450082597	270153.529589944	
542.2747566	94	1	5	0.9460335645	0.0001447008842	88.54131793	0.004452138319	11.45422993	25.70694783	13.49313464	60.79991752							0	0	0							-542.2747566	0.0001447008842	169337.795034896	
542.2647566	94	1	5	0.9460414183	0.000144867139	88.54003112	0.004449442897	11.45551943	25.69790369	13.49505239	60.80704392							0	0	0							-542.2647566	0.000144867139	50516.9937313229	
542.2547566	94	1	5	0.9460492874	0.0001451709282	88.53874269	0.004446746584	11.45681057	25.68883479	13.49697726	60.81418795							0	0	0							-542.2547566	0.0001451709282	35593.3861065052	
542.2447566	94	1	5	0.9460571697	0.0001454346661	88.53745277	0.004444049589	11.45810318	25.6797447	13.49890808	60.82134722							0	0	0							-542.2447566	0.0001454346661	54023.4163951722	
542.2347566	94	1	5	0.9460649943	0.0001443929025	88.53616558	0.004441358252	11.45939306	25.67075047	13.50080579	60.82844374							0	0	0							-542.2347566	0.0001443929025	-69421.6184961812	
542.2247566	94	1	5	0.9460728904	0.0001457318832	88.53487323	0.004438660886	11.46068811	25.66163924	13.50274125	60.83561951							0	0	0							-542.2247566	0.0001457318832	-144762.537037255	
542.2147566	94	1	5	0.9460807203	0.0001445318903	88.53358429	0.004435970045	11.46197974	25.65263748	13.5046392	60.84272332							0	0	0							-542.2147566	0.0001445318903	48895.5366666311	
542.2047566	94	1	5	0.9460885643	0.0001448140741	88.53229358	0.004433278298	11.46327314	25.64361343	13.50654329	60.84984327							0	0	0							-542.2047566	0.0001448140741	40149.717904837	
542.1947566	94	1	5	0.9460964196	0.0001450416103	88.5310015	0.004430586043	11.46456792	25.63457143	13.50845225	60.85697632							0	0	0							-542.1947566	0.0001450416103	46388.8505154902	
542.1847566	94	1	5	0.9461042848	0.0001452473912	88.5297081	0.004427893384	11.465864	25.62551345	13.5103654	60.86412115							0	0	0							-542.1847566	0.0001452473912	50396.0943946205	
542.1747566	94	1	5	0.9461121593	0.0001454394166	88.52841344	0.004425200385	11.46716136	25.61644074	13.51228232	60.87127694							0	0	0							-542.1747566	0.0001454394166	55590.9039400126	
542.1647566	94	1	5	0.9461200418	0.0001456097501	88.52711758	0.004422507152	11.46845992	25.60735525	13.51420236	60.87844239							0	0	0							-542.1647566	0.0001456097501	61450.5007169053	
542.1547566	94	1	5	0.9461279317	0.0001457660802	88.52582055	0.00441981375	11.46975964	25.59825826	13.51612509	60.88561665							0	0	0							-542.1547566	0.0001457660802	66931.4250975076	
542.1447566	94	1	5	0.9461358282	0.0001459096477	88.5245224	0.00441712024	11.47106048	25.58915092	13.51805011	60.89279897							0	0	0							-542.1447566	0.0001459096477	72840.2778749086	
542.1347566	94	1	5	0.9461437306	0.0001460416266	88.52322316	0.004414426678	11.47236242	25.58003427	13.51997708	60.89998866							0	0	0							-542.1347566	0.0001460416266	79297.8719229987	
542.1247566	94	1	5	0.9461516385	0.0001461627847	88.52192286	0.004411733116	11.47366541	25.57090927	13.52190567	60.90718506							0	0	0							-542.1247566	0.0001461627847	86705.5276614231	
542.1147566	94	1	5	0.9461595512	0.0001462732732	88.52062153	0.004409039604	11.47496943	25.5617769	13.52383555	60.91438755							0	0	0							-542.1147566	0.0001462732732	95015.7087066685	
542.1047566	94	1	5	0.9461674682	0.0001463741488	88.51931921	0.004406346189	11.47627445	25.55263801	13.52576645	60.92159555							0	0	0							-542.1047566	0.0001463741488	104790.898117715	
542.0947566	94	1	5	0.9461753889	0.0001464651443	88.51801592	0.004403652919	11.47758043	25.54349347	13.52769805	60.92880847							0	0	0							-542.0947566	0.0001464651443	116998.66565961	
542.0847566	94	1	5	0.9461833129	0.0001465462288	88.51671169	0.00440095984	11.47888735	25.53434419	13.52963008	60.93602574							0	0	0							-542.0847566	0.0001465462288	131737.448602694	
542.0747566	94	1	5	0.9461912395	0.0001466180738	88.51540654	0.004398266998	11.48019519	25.52519096	13.53156224	60.9432468							0	0	0							-542.0747566	0.0001466180738	119033.427414818	
542.0647566	94	1	5	0.9461991713	0.0001467334643	88.51410035	0.00439557418	11.48150408	25.51602995	13.53349582	60.95047424							0	0	0							-542.0647566	0.0001467334643	88120.7872770627	
542.0547566	94	1	5	0.9462071079	0.0001468451555	88.51279311	0.004392881408	11.48281401	25.50686145	13.53543072	60.95770784							0	0	0							-542.0547566	0.0001468451555	98026.2376879484	
542.0447566	94	1	5	0.9462150485	0.0001469401661	88.51148489	0.004390188765	11.48412492	25.49768695	13.53736644	60.96494661							0	0	0							-542.0447566	0.0001469401661	97808.2816870284	
542.0347566	94	1	5	0.946222994	0.0001470525172	88.51017563	0.004387496164	11.48543688	25.48850492	13.53930349	60.97219159							0	0	0							-542.0347566	0.0001470525172	90113.254548518	
542.0247566	94	1	5	0.9462309442	0.0001471621744	88.50886533	0.00438480362	11.48674987	25.47931559	13.54124179	60.97944262							0	0	0							-542.0247566	0.0001471621744	92194.1825334095	
542.0147566	94	1	5	0.946238899	0.0001472695007	88.507554	0.004382111146	11.48806389	25.47011917	13.54318128	60.98669955							0	0	0							-542.0147566	0.0001472695007	94277.2867222565	
542.0047566	94	1	5	0.9462468584	0.0001473743714	88.50624165	0.004379418753	11.48937893	25.46091588	13.54512186	60.99396225							0	0	0							-542.0047566	0.0001473743714	96132.1384739227	
541.9947566	94	1	5	0.9462548221	0.0001474775744	88.50492828	0.004376726449	11.490695	25.45170588	13.5470635	61.00123062							0	0	0							-541.9947566	0.0001474775744	97919.8042042613	
541.9847566	94	1	5	0.9462627901	0.0001475786639	88.50361389	0.004374034246	11.49201207	25.44248933	13.54900613	61.00850454							0	0	0							-541.9847566	0.0001475786639	100012.6247529	
541.9747566	94	1	5	0.9462707623	0.0001476775957	88.5022985	0.004371342153	11.49333015	25.43326645	13.55094968	61.01578387							0	0	0							-541.9747566	0.0001476775957	102208.262206308	
541.9647566	94	1	5	0.9462787385	0.0001477743895	88.50098211	0.004368650181	11.49464924	25.42403741	13.55289409	61.02306851							0	0	0							-541.9647566	0.0001477743895	104488.71636505	
541.9547566	94	1	5	0.9462867187	0.0001478690514	88.49966473	0.004365958342	11.49596932	25.4148024	13.55483929	61.03035831							0	0	0							-541.9547566	0.0001478690514	106868.516275887	
541.9447566	94	1	5	0.9462947027	0.0001479615838	88.49834635	0.004363266645	11.49729038	25.40556162	13.55678522	61.03765316							0	0	0							-541.9447566	0.0001479615838	109366.293748553	
541.9347566	94	1	5	0.9463026903	0.0001480519733	88.49702699	0.004360575101	11.49861244	25.39631524	13.55873182	61.04495293							0	0	0							-541.9347566	0.0001480519733	101576.065890166	
541.9247566	94	1	5	0.9463107255	0.0001489553032	88.49570397	0.00435787977	11.49993815	25.38699181	13.56070273	61.05230546							0	0	0							-541.9247566	0.0001489553032	105100.995352038	
541.9147566	94	1	5	0.9463187642	0.0001490428575	88.49438008	0.004355184675	11.50126473	25.37766279	13.56267438	61.05966283							0	0	0							-541.9147566	0.0001490428575	108506.952368235	
541.9047566	94	1	5	0.946326807	0.0001491407784	88.49305518	0.004352489696	11.50259233	25.36832757	13.56464687	61.06702556							0	0	0							-541.9047566	0.0001491407784	102945.423196169	
541.8947566	94	1	5	0.9463348538	0.0001492371596	88.49172927	0.004349794843	11.50392094	25.35898628	13.56662017	61.07439355							0	0	0							-541.8947566	0.0001492371596	104617.102608728	
541.8847566	94	1	5	0.9463429045	0.0001493319773	88.49040234	0.004347100123	11.50525056	25.34963905	13.56859423	61.08176671							0	0	0							-541.8847566	0.0001493319773	106363.847957736	
541.8747566	94	1	5	0.946350959	0.0001494252198	88.48907442	0.004344405544	11.50658118	25.34028604	13.570569	61.08914497							0	0	0							-541.8747566	0.0001494252198	108288.098205855	
541.8647566	94	1	5	0.9463590172	0.0001495167033	88.48774549	0.004341711114	11.5079128	25.33092738	13.57254442	61.0965282							0	0	0							-541.8647566	0.0001495167033	110278.7850977	
541.8547566	94	1	5	0.9463670791	0.0001496066059	88.48641557	0.004339016842	11.50924541	25.32156321	13.57452046	61.10391633							0	0	0							-541.8547566	0.0001496066059	111230.748639454	
541.8347566	94	1	5	0.9471035935	0.01366906199	88.61602098	0.004501968595	11.37947705				15.28977238	17.20600941	67.50421821	41.45965893	7.362444571	51.1778965				0	0	0	0	0	0	-541.8347566	0.01366906199	-446.284450521068	
541.8147566	94	1	5	0.9471163078	0.0002392375238	88.61432364	0.004497744648	11.38117861				15.27789621	17.20772822	67.51437557	41.46934122	7.356811932	51.17384684				0	0	0	0	0	0	-541.8147566	0.0002392375238	170.374183451328	
541.7747566	94	1	5	0.9471417216	0.0004783078764	88.61092929	0.004489307649	11.38458141				15.25420051	17.21114543	67.53465406	41.48865304	7.345570297	51.16577666				0	0	0	0	0	0	-541.7747566	0.0004783078764	167.373559588742	
541.6947566	94	1	5	0.9471924889	0.0009559454127	88.60414184	0.004472477142	11.39138569				15.2070341	17.21789874	67.57506716	41.52706704	7.323180962	51.149752				0	0	0	0	0	0	-541.6947566	0.0009559454127	167.608045111201	
541.5347566	94	1	5	0.9472937846	0.001909225179	88.59057192	0.004438989446	11.40498909				15.11358886	17.23108594	67.6553252	41.60306842	7.278773029	51.11815855				0	0	0	0	0	0	-541.5347566	0.001909225179	168.07588548993	
541.2147566	94	1	5	0.9474954259	0.003807855971	88.56345196	0.004372702358	11.43217534				14.93015303	17.25622064	67.81362632	41.75185541	7.191402096	51.0567425				0	0	0	0	0	0	-541.2147566	0.003807855971	169.00891081065	
540.5747566	94	1	5	0.9478949651	0.007574022393	88.50929046	0.004242841793	11.48646669				14.57638561	17.30181512	68.12179927	42.03724291	7.022155447	50.94060165				0	0	0	0	0	0	-540.5747566	0.007574022393	170.859772823911	
539.2947566	94	1	5	0.9486795006	0.01498650385	88.40127314	0.003993664544	11.59473319				13.9162551	17.37629199	68.70745291	42.56400287	6.703645688	50.73235145				0	0	0	0	0	0	-539.2947566	0.01498650385	174.498899265143	
536.7347566	94	1	5	0.9501936562	0.029366571	88.1863978	0.003535098045	11.8100671				12.75398526	17.47088095	69.77513379	43.47111811	6.133939442	50.39494245				0	0	0	0	0	0	-536.7347566	0.029366571	-5003.55102462627	
534.1747566	94	1	5	0.9516365981	0.02883455087	87.97295109	0.003125298161	12.02392361				11.75833724	17.51022353	70.73143923	44.2239611	5.636360475	50.13967843				0	0	0	0	0	0	-534.1747566	0.02883455087	-5140.96860490097	
531.6147566	94	1	5	0.9530149154	0.02836331195	87.76079821	0.002759509559	12.23644228				10.89231569	17.50862041	71.5990639	44.85659196	5.196026554	49.94738149				0	0	0	0	0	0	-531.6147566	0.02836331195	-5822.46802029233	
529.0547566	94	1	5	0.954334425	0.02794813546	87.54981092	0.002433392113	12.44775569				10.13013326	17.47586599	72.39400075	45.39253969	4.802484307	49.804976				0	0	0	0	0	0	-529.0547566	0.02794813546	-6635.36048828976	
526.4947566	94	1	5	0.9556002772	0.0275848116	87.33986731	0.002142991839	12.6579897				9.452988682	17.41896052	73.1280508	45.84884814	4.448041144	49.70311071				0	0	0	0	0	0	-526.4947566	0.0275848116	-7622.59578900872	
523.9347566	94	1	5	0.9568170463	0.02726964609	87.13085148	0.001884712002	12.8672638				8.846702923	17.34306896	73.81022812	46.23831527	4.126833558	49.63485118				0	0	0	0	0	0	-523.9347566	0.02726964609	-7941.78208091238	
522.6547566	94	1	5	0.9574072661	0.01359911258	87.02665681	0.001766584055	12.9715766				8.56660326	17.29926217	74.13413456	46.41116086	3.977218571	49.61162057				0	0	0	0	0	0	-522.6547566	0.01359911258	-93.8967655873217	
522.0147566	94	1	5	0.957698062	0.006792670523	86.97463192	0.001710103987	13.02365797				8.431792259	17.27607648	74.29213127	46.49258119	3.904938246	49.60248056				0	0	0	0	0	0	-522.0147566	0.006792670523	-94.1285445216151	
521.6947566	94	1	5	0.9578424083	0.003394865727	86.94863687	0.001682489745	13.04968064				8.365637966	17.2641833	74.37017874	46.53209335	3.869405062	49.59850159				0	0	0	0	0	0	-521.6947566	0.003394865727	-51.1133948506304	
521.6547566	94	1	5	0.9578603989	0.0004245607926	86.94538829	0.001679066886	13.05293264				8.357426165	17.26268297	74.37989086	46.53697726	3.864991372	49.59803137				0	0	0	0	0	0	-521.6547566	0.0004245607926	-88.8276120034304	
521.6347566	94	1	5	0.9578693902	0.0002122771238	86.94376407	0.001677357853	13.05455858				8.353325018	17.26193168	74.3847433	46.53941465	3.86278684	49.59779851				0	0	0	0	0	0	-521.6347566	0.0002122771238	-94.2151798824033	
521.6247566	94	1	5	0.9578738849	0.0001061380281	86.94295197	0.001676503936	13.05537153				8.351275632	17.26155576	74.38716861	46.54063221	3.861685153	49.59768264				0	0	0	0	0	0	-521.6247566	0.0001061380281	-454.528612524349	
521.6047566	94	1	5	0.9578769012	7.123492287E-05	86.94293704	0.00167562573	13.05538733				8.346157346	17.26261675	74.3912259							0	0	0				-521.6047566	7.123492287E-05	-3102.89138787118	
521.5847566	94	1	5	0.9578796764	6.554547381E-05	86.94298666	0.001674781046	13.05533855				8.34100501	17.2637483	74.39524669							0	0	0				-521.5847566	6.554547381E-05	-3909.35311207589	
521.5447566	94	1	5	0.9578852155	0.0001308323573	86.94308785	0.001673093506	13.05523906				8.330719908	17.26600706	74.40327304							0	0	0				-521.5447566	0.0001308323573	613.944641777605	
521.4647566	94	1	5	0.9578962474	0.0002606061159	86.94329815	0.001669725779	13.05503213				8.310227653	17.27050742	74.41926493							0	0	0				-521.4647566	0.0002606061159	618.986668218522	
521.3047566	94	1	5	0.9579181282	0.0005170229088	86.94375017	0.001663019487	13.05458681				8.269551308	17.27944042	74.45100827							0	0	0				-521.3047566	0.0005170229088	629.126006159217	
520.9847566	94	1	5	0.9579611748	0.001017675658	86.94477704	0.001649721387	13.05357324				8.189403937	17.29704149	74.51355457							0	0	0				-520.9847566	0.001017675658	649.793050396118	
520.3447566	94	1	5	0.9580445373	0.001972802923	86.94730041	0.001623566778	13.05107602				8.033723138	17.33122932	74.63504754							0	0	0				-520.3447566	0.001972802923	692.720711124789	
519.0647566	94	1	5	0.9582012714	0.003716491337	86.95407056	0.001572907156	13.04435654				7.739322317	17.39587505	74.86480263							0	0	0				-519.0647566	0.003716491337	785.183568492947	
516.5047566	94	1	5	0.9584808736	0.006654628736	86.97349062	0.00147742776	13.02503196				7.208515989	17.51240376	75.27908026							0	0	0				-516.5047566	0.006654628736	-4654.41680156427	
513.9447566	94	1	5	0.9587241809	0.005829532807	86.99930067	0.001388651153	12.99931068				6.740645545	17.61508336	75.6442711							0	0	0				-513.9447566	0.005829532807	-2544.74487277651	
512.6647566	94	1	5	0.9588347302	0.002664225621	87.01419563	0.001346471847	12.9844579				6.526207519	17.66213568	75.8116568							0	0	0				-512.6647566	0.002664225621	-443.952388860961	
512.0247566	94	1	5	0.9588875699	0.001276829161	87.02208439	0.001325892307	12.97658972				6.423296662	17.68471435	75.89198899							0	0	0				-512.0247566	0.001276829161	-17832.1428282415	
511.3847566	94	1	5	0.9589388945	0.001241800435	87.03024845	0.001305638827	12.96844591				6.323074494	17.70670089	75.97022462							0	0	0				-511.3847566	0.001241800435	-17339.5910444596	
511.0647566	94	1	5	0.9589640131	0.0006084993632	87.03443004	0.001295631558	12.96427432				6.273931789	17.71748118	76.00858703							0	0	0				-511.0647566	0.0006084993632	-38806.3647319323	
510.7447566	94	1	5	0.9589887805	0.0006003566261	87.03867596	0.001285702344	12.96003833				6.225415039	17.72812359	76.04646137							0	0	0				-510.7447566	0.0006003566261	-38284.5713639946	
510.5847566	94	1	5	0.9590010354	0.0002972340701	87.04082265	0.001280766711	12.95789659				6.201386777	17.73339419	76.06521903							0	0	0				-510.5847566	0.0002972340701	-80920.2662622137	
510.4247566	94	1	5	0.9590132057	0.0002952694651	87.04298488	0.001275850191	12.95573927				6.177509667	17.73863149	76.08385884							0	0	0				-510.4247566	0.0002952694651	-80383.9408394532	
510.3447566	94	1	5	0.9590192595	0.0001469167049	87.04407179	0.001273399071	12.95465481				6.165627237	17.7412378	76.09313496							0	0	0				-510.3447566	0.0001469167049	-541.897563503608	
510.3047566	94	1	5	0.9590222786	7.328023869E-05	87.04461669	0.001272175287	12.95411113				6.159699964	17.74253789	76.09776215							0	0	0				-510.3047566	7.328023869E-05	-544.530900847825	
510.2847566	94	1	5	0.9590237862	3.659573907E-05	87.0448895	0.001271563838	12.95383894				6.1567398	17.74318717	76.10007303							0	0	0				-510.2847566	3.659573907E-05	-665469.897207036	
510.2647566	94	1	5	0.9590252925	3.656570968E-05	87.04516254	0.001270952684	12.9535665				6.153781948	17.74383594	76.10238211							0	0	0				-510.2647566	3.656570968E-05	-664923.622660059	
510.2547566	94	1	5	0.9590260452	1.827179236E-05	87.04529915	0.001270647218	12.9534302				6.152303888	17.74416013	76.10353598							0	0	0				-510.2547566	1.827179236E-05	-546.629780001154	
510.2447566	94	1	5	0.9590267975	1.826430012E-05	87.04543583	0.001270341825	12.95329383				6.150826404	17.7444842	76.10468939							0	0	0				-510.2447566	1.826430012E-05	-546.804712760741	
510.2047566	94	1	5	0.9590298041	7.298886415E-05	87.04598308	0.001269120982	12.9527478				6.144922232	17.74577918	76.10929859							0	0	0				-510.2047566	7.298886415E-05	-3113.78018769313	
510.1847566	94	1	5	0.9590313059	3.646169208E-05	87.04625703	0.00126851099	12.95247445				6.141973605	17.74642588	76.11160051							0	0	0				-510.1847566	3.646169208E-05	320163.457710886	
510.1447566	94	1	5	0.9590343044	7.280113551E-05	87.04680573	0.001267291918	12.95192698				6.136083206	17.74771785	76.11619895							0	0	0				-510.1447566	7.280113551E-05	1101.95203086279	
510.0647566	94	1	5	0.959040286	0.0001452397482	87.04790594	0.001264857289	12.95082921				6.124329856	17.75029572	76.12537442							0	0	0				-510.0647566	0.0001452397482	1107.15110276155	
509.9047566	94	1	5	0.9590521882	0.0002890411731	87.05011755	0.00126000203	12.94862245				6.100932206	17.75542741	76.14364039							0	0	0				-509.9047566	0.0002890411731	1118.24971384412	
509.5847566	94	1	5	0.9590757522	0.0005724042975	87.05458502	0.001250347094	12.94416463				6.054567487	17.76559578	76.17983673							0	0	0				-509.5847566	0.0005724042975	1140.75690072089	
508.9447566	94	1	5	0.9591219434	0.001122695892	87.0636927	0.001231256296	12.93507604				5.963516609	17.78556217	76.25092122							0	0	0				-508.9447566	0.001122695892	1186.98988234572	
507.6647566	94	1	5	0.9592107735	0.002161456925	87.08256715	0.001193926231	12.91623893				5.787801294	17.82408558	76.38811312							0	0	0				-507.6647566	0.002161456925	1284.53523507939	
505.1047566	94	1	5	0.9593755947	0.004019136884	87.12272671	0.001122494862	12.8761508				5.459585976	17.89600756	76.64440646							0	0	0				-505.1047566	0.004019136884	-9360.83633541505	
502.5447566	94	1	5	0.959525523	0.003670666666	87.1657519	0.0010550814	12.83319302				5.158564937	17.96193597	76.8794991							0	0	0				-502.5447566	0.003670666666	-7985.40770345744	
499.9847566	94	1	5	0.9596626978	0.003370739432	87.21129012	0.0009913902061	12.78771849				4.881051158	18.02268239	77.09626645							0	0	0				-499.9847566	0.003370739432	-9216.9122241769	
497.4247566	94	1	5	0.9597888284	0.003109778055	87.25905929	0.0009311725113	12.74000953				4.624074697	18.07890086	77.29702444							0	0	0				-497.4247566	0.003109778055	-10533.7534609134	
494.8647566	94	1	5	0.959905302	0.00288058271	87.30883009	0.0008742141135	12.69029569				4.385206339	18.13112655	77.48366711							0	0	0				-494.8647566	0.00288058271	-11935.6621470252	
492.3047566	94	1	5	0.9600132599	0.002677634788	87.36041343	0.0008203269143	12.63876624				4.162432532	18.17980323	77.65776424							0	0	0				-492.3047566	0.002677634788	-13422.4592320415	
489.7447566	94	1	5	0.9601136526	0.002496632051	87.41365147	0.0007693429608	12.58557918				3.954064653	18.22530319	77.82063216							0	0	0				-489.7447566	0.002496632051	-14994.0907832943	
487.1847566	94	1	5	0.9602072802	0.002334170859	87.46841105	0.0007211101728	12.53086784				3.758671874	18.26794201	77.97338612							0	0	0				-487.1847566	0.002334170859	-16650.4363679714	
484.6247566	94	1	5	0.9602948225	0.002187519588	87.52457861	0.0006754891953	12.4747459				3.575030598	18.30798962	78.11697978							0	0	0				-484.6247566	0.002187519588	-18391.6799060114	
482.0647566	94	1	5	0.9603768621	0.002054465282	87.58205663	0.0006323511087	12.41731101				3.402085764	18.34567888	78.25223536							0	0	0				-482.0647566	0.002054465282	-20217.678025975	
479.5047566	94	1	5	0.960453902	0.00193318759	87.64076043	0.0005915756335	12.358648				3.238920843	18.38121198	78.37986718							0	0	0				-479.5047566	0.00193318759	-22129.4535252985	
476.9447566	94	1	5	0.9605263799	0.001822191054	87.70061642	0.0005530499081	12.29883053				3.084734245	18.4147661	78.50049965							0	0	0				-476.9447566	0.001822191054	-24127.1386295002	
474.3847566	94	1	5	0.9605946786	0.001720215566	87.76155987	0.0005166673565	12.23792346				2.938820586	18.44649707	78.61468234							0	0	0				-474.3847566	0.001720215566	-26210.6020887035	
471.8247566	94	1	5	0.9606591353	0.00162620408	87.82353355	0.0004823269306	12.17598412				2.80055564	18.47654283	78.72290153							0	0	0				-471.8247566	0.00162620408	-28380.744486893	
469.2647566	94	1	5	0.9607200481	0.001539260303	87.88648665	0.0004499324848	12.11306342				2.66938413	18.5050261	78.82558977							0	0	0				-469.2647566	0.001539260303	-30638.2219135066	
466.7047566	94	1	5	0.9607776824	0.001458619158	87.95037379	0.0004193922803	12.04920681				2.544809754	18.53205661	78.92313364							0	0	0				-466.7047566	0.001458619158	-32983.797624014	
464.1447566	94	1	5	0.960832275	0.001383623543	88.01515429	0.0003906185874	11.98445509				2.426386957	18.5577329	79.01588015							0	0	0				-464.1447566	0.001383623543	-35418.3495288551	
461.5847566	94	1	5	0.9608840385	0.001313705881	88.08079147	0.000363527365	11.918845				2.313714098	18.5821438	79.1041421							0	0	0				-461.5847566	0.001313705881	-37942.8757411381	
459.0247566	94	1	5	0.9609331644	0.001248373328	88.14725219	0.0003380379993	11.85240977				2.206427737	18.60536975	79.18820252							0	0	0				-459.0247566	0.001248373328	-40558.5006040387	
456.4647566	94	1	5	0.9609798258	0.001187195832	88.21450633	0.0003140730877	11.7851796				2.104197823	18.62748376	79.26831841							0	0	0				-456.4647566	0.001187195832	-43266.4828850121	
453.9047566	94	1	5	0.9610241796	0.001129796415	88.28252645	0.0002915582602	11.71718199				2.00672363	18.64855242	79.34472395							0	0	0				-453.9047566	0.001129796415	-46068.2224242544	
451.3447566	94	1	5	0.9610663688	0.001075843208	88.35128747	0.0002704220278	11.6484421				1.913730282	18.66863658	79.41763313							0	0	0				-451.3447566	0.001075843208	-48965.2696930851	
448.7847566	94	1	5	0.9611065237	0.001025042886	88.42076639	0.0002505956545	11.57898302				1.824965794	18.68779205	79.48724216							0	0	0				-448.7847566	0.001025042886	-51959.3335950604	
446.2247566	94	1	5	0.9611447636	0.0009771352143	88.49094203	0.000232013046	11.50882596				1.740198519	18.70607011	79.55373137							0	0	0				-446.2247566	0.0009771352143	-55052.2924440941	
443.6647566	94	1	5	0.9611811983	0.0009318885039	88.56179485	0.0002146106526	11.43799054				1.659214943	18.72351808	79.61726698							0	0	0				-443.6647566	0.0009318885039	-58246.2044190108	
441.1047566	94	1	5	0.9612159284	0.0008890957922	88.63330679	0.0001983273838	11.36649488				1.581817777	18.74017966	79.67800256							0	0	0				-441.1047566	0.0008890957922	-61543.3171424045	
438.5447566	94	1	5	0.961249047	0.0008485716243	88.70546108	0.0001831045301	11.29435581				1.507824291	18.75609534	79.73608037							0	0	0				-438.5447566	0.0008485716243	-64946.0817812001	
435.9847566	94	1	5	0.9612806402	0.0008101493262	88.77824213	0.0001688856932	11.22158899				1.437064855	18.77130271	79.79163244							0	0	0				-435.9847566	0.0008101493262	-68457.1651616547	
433.4247566	94	1	5	0.9613107875	0.0007736786816	88.85163538	0.00015561672	11.148209				1.369381666	18.78583674	79.84478159							0	0	0				-433.4247566	0.0007736786816	-72079.463576012	
430.8647566	94	1	5	0.961339563	0.0007390239471	88.92562725	0.0001432456423	11.0742295				1.30462762	18.79973004	79.89564234							0	0	0				-430.8647566	0.0007390239471	-75816.1183367423	
428.3047566	94	1	5	0.9613670356	0.0007060621477	89.00020501	0.0001317226182	10.99966327				1.242665318	18.81301307	79.94432161							0	0	0				-428.3047566	0.0007060621477	-79670.5318861364	
425.7447566	94	1	5	0.9613932694	0.0006746816083	89.07535669	0.0001209998769	10.92452231				1.183366188	18.82571431	79.9909195							0	0	0				-425.7447566	0.0006746816083	-83646.3847207723	
423.1847566	94	1	5	0.9614183244	0.0006447806828	89.15107104	0.0001110316654	10.84881793				1.126609699	18.8378605	80.0355298							0	0	0				-423.1847566	0.0006447806828	-87747.6548186108	
420.6247566	94	1	5	0.9614422567	0.000616266652	89.22733745	0.0001017741957	10.77256078				1.072282665	18.84947672	80.07824062							0	0	0				-420.6247566	0.000616266652	-91978.6371189567	
418.0647566	94	1	5	0.9614651188	0.0005890547624	89.30414587	9.318559416E-05	10.69576095				1.020278622	18.86058656	80.11913482							0	0	0				-418.0647566	0.0005890547624	-96343.9655980436	
415.5047566	94	1	5	0.9614869601	0.0005630673877	89.3814868	8.522585076E-05	10.61842797				0.9704972694	18.87121226	80.15829047							0	0	0				-415.5047566	0.0005630673877	-100848.637793778	
412.9447566	94	1	5	0.961507827	0.0005382332933	89.45935122	7.78567692E-05	10.54057092				0.922843968	18.88137479	80.19578124							0	0	0				-412.9447566	0.0005382332933	-105498.038112986	
410.3847566	94	1	5	0.9615277631	0.0005144869893	89.53773053	7.104191742E-05	10.46219843				0.8772292904	18.89109397	80.23167674							0	0	0				-410.3847566	0.0005144869893	-110297.966933304	
407.8247566	94	1	5	0.9615468097	0.0004917681614	89.61661655	6.474657822E-05	10.38331871				0.8335686129	18.90038855	80.26604284							0	0	0				-407.8247566	0.0004917681614	-115254.669723886	
405.2647566	94	1	5	0.9615650056	0.0004700211666	89.69600144	5.893770012E-05	10.30393962				0.7917817483	18.90927628	80.29894197							0	0	0				-405.2647566	0.0004700211666	-120374.86923743	
402.7047566	94	1	5	0.9615823877	0.0004491945874	89.77587772	5.358384828E-05	10.2240687				0.7517926132	18.91777403	80.33043336							0	0	0				-402.7047566	0.0004491945874	-125665.800932358	
400.1447566	94	1	5	0.9615989906	0.000429240835	89.85623818	4.865515564E-05	10.14371316				0.7135289257	18.92589779	80.36057328							0	0	0				-400.1447566	0.000429240835	-131135.249652093	
397.5847566	94	1	5	0.9616148476	0.0004101157962	89.93707592	4.412327396E-05	10.06287996				0.6769219313	18.93366278	80.38941528							0	0	0				-397.5847566	0.0004101157962	-136791.590937413	
395.0247566	94	1	5	0.9616299897	0.0003917785181	90.01838426	3.996132515E-05	9.981575775				0.641906153	18.9410835	80.41701035							0	0	0				-395.0247566	0.0003917785181	-142643.837225444	
392.4647566	94	1	5	0.961644447	0.0003741909265	90.10015677	3.614385261E-05	9.899807091				0.6084191636	18.94817375	80.44340708							0	0	0				-392.4647566	0.0003741909265	-148701.685365369	
389.9047566	94	1	5	0.9616582476	0.0003573175727	90.18238719	3.264677276E-05	9.817580165				0.576401378	18.95494671	80.46865191							0	0	0				-389.9047566	0.0003573175727	-154975.567438724	
387.3447566	94	1	5	0.9616714185	0.0003411254062	90.26506948	2.944732686E-05	9.734901074				0.5457958628	18.96141496	80.49278918							0	0	0				-387.3447566	0.0003411254062	-161476.712237639	
384.7847566	94	1	5	0.9616839855	0.0003255835707	90.34819775	2.652403297E-05	9.651775728				0.5165481628	18.96759053	80.51586131							0	0	0				-384.7847566	0.0003255835707	-168217.206290964	
382.2247566	94	1	5	0.961695973	0.0003106632191	90.43176625	2.385663836E-05	9.568209889				0.4886061409	18.97348494	80.53790892							0	0	0				-382.2247566	0.0003106632191	-175210.061159918	
379.6647566	94	1	5	0.9617074046	0.0002963373469	90.51576939	2.142607217E-05	9.484209186				0.4619198323	18.9791092	80.55897096							0	0	0				-379.6647566	0.0002963373469	-182468.042744803	
377.1047566	94	1	5	0.9617183027	0.0002825804638	90.60020155	1.921439778E-05	9.399779237				0.4364413096	18.98447381	80.57908488							0	0	0				-377.1047566	0.0002825804638	-190008.971504917	
374.5447566	94	1	5	0.9617286886	0.0002693691833	90.68505745	1.720476926E-05	9.314925343				0.4121245597	18.98958899	80.59828645							0	0	0				-374.5447566	0.0002693691833	-197848.755424567	
371.9847566	94	1	5	0.961738583	0.0002566809897	90.7703318	1.53813826E-05	9.229652823				0.3889253695	18.9944645	80.61661013							0	0	0				-371.9847566	0.0002566809897	-206002.577598754	
369.4247566	94	1	5	0.9617480056	0.0002444948658	90.85601934	1.372943167E-05	9.143966927				0.3668012212	18.99910968	80.63408909							0	0	0				-369.4247566	0.0002444948658	-214490.545007976	
366.8647566	94	1	5	0.9617569752	0.0002327910104	90.94211492	1.223506377E-05	9.057872845				0.3457111956	19.00353355	80.65075525							0	0	0				-366.8647566	0.0002327910104	-223333.116749086	
364.3047566	94	1	5	0.96176551	0.0002215507443	91.02861339	1.088533597E-05	8.971375722				0.3256158833	19.00774476	80.66663935							0	0	0				-364.3047566	0.0002215507443	-232562.092039804	
361.7447566	94	1	5	0.9617736275	0.0002107572721	91.1155097	9.668172197E-06	8.884480635				0.3064772925	19.01175157	80.68177113							0	0	0				-361.7447566	0.0002107572721	-242179.221066261	
359.1847566	94	1	5	0.9617813444	0.0002003920482	91.20279859	8.572321157E-06	8.797192838				0.2882588104	19.01556208	80.69617911							0	0	0				-359.1847566	0.0002003920482	-252215.870540544	
356.6247566	94	1	5	0.9617886769	0.0001904403729	91.29047513	7.587315907E-06	8.709517286				0.2709250779	19.01918404	80.70989088							0	0	0				-356.6247566	0.0001904403729	-262717.393493043	
354.0647566	94	1	5	0.9617956405	0.0001808871532	91.37853425	6.703432883E-06	8.621459051				0.2544419609	19.02262492	80.72293312							0	0	0				-354.0647566	0.0001808871532	-273691.818633807	
351.5047566	94	1	5	0.9618022501	0.000171717492	91.46697088	5.911653244E-06	8.533023212				0.2387764912	19.02589207	80.73533144							0	0	0				-351.5047566	0.000171717492	-285197.074180222	
348.9447566	94	1	5	0.9618085201	0.0001629193017	91.55578006	5.203624528E-06	8.444214732				0.2238967716	19.02899233	80.7471109							0	0	0				-348.9447566	0.0001629193017	-297260.211594713	
346.3847566	94	1	5	0.9618144646	0.0001544786968	91.64495645	4.571623267E-06	8.355038977				0.2097719835	19.03193236	80.75829566							0	0	0				-346.3847566	0.0001544786968	-309904.285296421	
343.8247566	94	1	5	0.9618200969	0.0001463836363	91.73449495	4.008520311E-06	8.265501045				0.1963723002	19.03471873	80.76890897							0	0	0				-343.8247566	0.0001463836363	-323184.182777457	
341.2647566	94	1	5	0.96182543	0.0001386222963	91.82439031	3.507745167E-06	8.175606177				0.183668853	19.03735773	80.77897342							0	0	0				-341.2647566	0.0001386222963	-337141.154904247	
338.7047566	94	1	5	0.9618304764	0.0001311834415	91.91463726	3.063252676E-06	8.085359678				0.17163369	19.03985544	80.78851087							0	0	0				-338.7047566	0.0001311834415	-351825.99397586	
336.1447566	94	1	5	0.9618352481	0.0001240563116	92.0052304	2.669490633E-06	7.994766932				0.1602397392	19.04221775	80.79754251							0	0	0				-336.1447566	0.0001240563116	-367292.60202677	
333.5847566	94	1	5	0.961839757	0.0001172305862	92.09616427	2.321368623E-06	7.90383341				0.1494607733	19.04445034	80.80608888							0	0	0				-333.5847566	0.0001172305862	-383599.7364174	
331.0247566	94	1	5	0.9618440141	0.0001106963521	92.1874333	2.014228059E-06	7.812564684				0.1392713775	19.04655873	80.8141699							0	0	0				-331.0247566	0.0001106963521	-400811.530292513	
328.4647566	94	1	5	0.9618480305	0.0001044440738	92.27903182	1.743813455E-06	7.720966439				0.1296469204	19.04854823	80.82180484							0	0	0				-328.4647566	0.0001044440738	-418998.056488258	
325.9047566	94	1	5	0.9618518167	9.846456547E-05	92.37095401	1.506244916E-06	7.629044481				0.1205635258	19.05042403	80.82901245							0	0	0				-325.9047566	9.846456547E-05	-438235.962269056	
323.3447566	94	1	5	0.9618553829	9.274896563E-05	92.46319395	1.297991854E-06	7.536804753				0.1119980479	19.0521911	80.83581086							0	0	0				-323.3447566	9.274896563E-05	-458609.18130952	
320.7847566	94	1	5	0.961858739	8.728871321E-05	92.55574554	1.115847927E-06	7.444253344				0.1039280477	19.05385428	80.84221767							0	0	0				-320.7847566	8.728871321E-05	-480209.72925204	
318.2247566	94	1	5	0.9618618944	8.207552576E-05	92.64860254	9.569071854E-07	7.351396505				0.09633177142	19.05541827	80.84824996							0	0	0				-318.2247566	8.207552576E-05	-503138.60979795	
315.6647566	94	1	5	0.9618648585	7.710137918E-05	92.74175853	8.185414228E-07	7.258240656				0.08918813046	19.05688758	80.85392429							0	0	0				-315.6647566	7.710137918E-05	-527506.826433322	
313.1047566	94	1	5	0.9618676402	7.235848908E-05	92.8352069	6.98378704E-07	7.164792406				0.08247668305	19.05826661	80.85925671							0	0	0				-313.1047566	7.235848908E-05	-553436.530783311	
310.5447566	94	1	5	0.961870248	6.783929362E-05	92.92894084	5.942830643E-07	7.071058563				0.07617761718	19.05955959	80.86426279							0	0	0				-310.5447566	6.783929362E-05	-581062.31795541	
307.9847566	94	1	5	0.9618726904	6.353643773E-05	93.02295335	5.043353491E-07	6.977046148				0.07027173491	19.06077065	80.86895762							0	0	0				-307.9847566	6.353643773E-05	-610532.693527146	
305.4247566	94	1	5	0.9618749753	5.944275865E-05	93.11723716	4.268151732E-07	6.882762408				0.06474043781	19.06190374	80.87335582							0	0	0				-305.4247566	5.944275865E-05	-642011.741181633	
302.8647566	94	1	5	0.9618771106	5.555127275E-05	93.2117848	3.601839723E-07	6.788214836				0.05956571348	19.06296271	80.87747158							0	0	0				-302.8647566	5.555127275E-05	-675681.014933461	
300.3047566	94	1	5	0.9618791038	5.18551635E-05	93.30658852	3.030691161E-07	6.693411181				0.05473012312	19.06395127	80.8813186							0	0	0				-300.3047566	5.18551635E-05	-641514.929326735	
300	94	1	5	0.961879332	5.938635345E-06	93.31789113	2.968447798E-07	6.682108572				0.05417625486	19.06406442	80.88175933							0	0	0				-300	5.938635345E-06	628240.554619168	
