T	w(CU)	w(FE)	w(TI)	fs	fw(@BCC_A2#1)	fw(@BCC_A2#2)	w(CU@BCC_A2#1)	w(FE@BCC_A2#1)	w(TI@BCC_A2#1)	w(CU@BCC_A2#2)	w(FE@BCC_A2#2)	w(TI@BCC_A2#2)	w(CU@LIQUID)	w(FE@LIQUID)	w(TI@LIQUID)	dwdT_L(CU@LIQUID)	dwdT_L(FE@LIQUID)	dwdT_L(TI@LIQUID)	-T	fs_1	-T//fs	-T_1	fw(@BCC_A2#1)_1	fw(@BCC_A2#2)_1	-T//fw(@BCC_A2)	
K	%	%	%	mole/mole	kg/kg	kg/kg	%	%	%	%	%	%	%	%	%	SI	SI	SI								
1739.970072	9	5	86	0	0		3.845509682	1.874576565	94.27991375				9	5	86	-0.0003516415902	-0.0002132177456	0.0005648593358	-1739.970072	0	143.883131006034	-1739.970072	0			
1739.960072	9	5	86	6.947755666E-05	6.826448414E-05		3.845678924	1.874679119	94.27964196				9.000351523	5.000213121	85.99943536	0	0	0	-1739.960072	6.947755666E-05	143.979611459927	-1739.960072	6.826448414E-05			
1739.940072	9	5	86	0.0002082931865	0.0001364133335		3.84601741	1.874884244	94.27909835				9.001054649	5.000639463	85.99830589	0	0	0	-1739.940072	0.0002082931865	144.072844965117	-1739.940072	0.0001364133335			
1739.900072	9	5	86	0.0004859426587	0.0002728821904		3.846694354	1.875294512	94.27801113				9.002461375	5.001492433	85.99604619	0	0	0	-1739.900072	0.0004859426587	144.107065002132	-1739.900072	0.0002728821904			
1739.820072	9	5	86	0.001040773705	0.0005454549635		3.848048153	1.8761151	94.27583675				9.005273978	5.003197855	85.99152817	0	0	0	-1739.820072	0.001040773705	144.251992601787	-1739.820072	0.0005454549635			
1739.660072	9	5	86	0.002148962492	0.001089972562		3.850756213	1.877756638	94.27148715				9.010898	5.006607951	85.98249405	0	0	0	-1739.660072	0.002148962492	144.504650098018	-1739.660072	0.001089972562			
1739.340072	9	5	86	0.004359611953	0.002176709888		3.856169803	1.88104026	94.26278994				9.022141259	5.013425181	85.96443356	0	0	0	-1739.340072	0.004359611953	145.004670450031	-1739.340072	0.002176709888			
1738.700072	9	5	86	0.008758124188	0.004340535449		3.866990391	1.887610459	94.24539915				9.044608689	5.027047795	85.92834352	0	0	0	-1738.700072	0.008758124188	146.009373038485	-1738.700072	0.004340535449			
1737.420072	9	5	86	0.01746499905	0.008629983505		3.888605201	1.900762703	94.2106321				9.089467532	5.054245605	85.85628686	0	0	0	-1737.420072	0.01746499905	148.105811859934	-1737.420072	0.008629983505			
1734.860072	9	5	86	0.03450330703	0.01703956225		3.931726435	1.92711588	94.14115768				9.178877026	5.108454442	85.71266853	0	0	0	-1734.860072	0.03450330703	152.614805032032	-1734.860072	0.01703956225			
1732.300072	9	5	86	0.05102915826	0.01681600125		3.9747059	1.953534766	94.07175933				9.267886658	5.162414335	85.56969901	0	0	0	-1732.300072	0.05102915826	157.320228323989	-1732.300072	0.01681600125			
1729.740072	9	5	86	0.06706324212	0.01659706522		4.017540916	1.980019036	94.00244005				9.356497166	5.216123545	85.42737929	0	0	0	-1729.740072	0.06706324212	162.111529348949	-1729.740072	0.01659706522			
1727.180072	9	5	86	0.08262638798	0.01638385108		4.060231958	2.006570129	93.93319791				9.444715248	5.269583648	85.2857011	0	0	0	-1727.180072	0.08262638798	166.984792914892	-1727.180072	0.01638385108			
1724.620072	9	5	86	0.09773800672	0.0161758381		4.102778544	2.033188943	93.86403251				9.5325458	5.322795165	85.14465903	0	0	0	-1724.620072	0.09773800672	171.941856930014	-1724.620072	0.0161758381			
1722.060072	9	5	86	0.1124164885	0.01597284219		4.145180171	2.059876392	93.79494344				9.619993654	5.375758611	85.00424774	0	0	0	-1722.060072	0.1124164885	176.98304781497	-1722.060072	0.01597284219			
1719.500072	9	5	86	0.1266792705	0.0157746912		4.187436327	2.086633411	93.72593026				9.707063598	5.428474507	84.8644619	0	0	0	-1719.500072	0.1266792705	182.108667445003	-1719.500072	0.0157746912			
1716.940072	9	5	86	0.1405428968	0.01558122037		4.229546491	2.113460959	93.65699255				9.793760374	5.48094338	84.72529625	0	0	0	-1716.940072	0.1405428968	187.319011693626	-1716.940072	0.01558122037			
1714.380072	9	5	86	0.1540230733	0.01539227248		4.271510129	2.140360013	93.58812986				9.880088682	5.53316576	84.58674556	0	0	0	-1714.380072	0.1540230733	192.614372162063	-1714.380072	0.01539227248			
1711.820072	9	5	86	0.167134719	0.01520769731		4.313326697	2.167331575	93.51934173				9.966053179	5.585142182	84.44880464	0	0	0	-1711.820072	0.167134719	197.995027231383	-1711.820072	0.01520769731			
1709.260072	9	5	86	0.1798920145	0.01502735137		4.354995639	2.194376666	93.4506277				10.05165848	5.636873181	84.31146834	0	0	0	-1709.260072	0.1798920145	203.461248226284	-1709.260072	0.01502735137			
1706.700072	9	5	86	0.1923084454	0.01485109745		4.396516386	2.221496331	93.38198728				10.13690917	5.688359298	84.17473153	0	0	0	-1706.700072	0.1923084454	209.013300026319	-1706.700072	0.01485109745			
1704.140072	9	5	86	0.2043968441	0.01467880434		4.437888357	2.248691637	93.31342001				10.22180978	5.739601073	84.03858915	0	0	0	-1704.140072	0.2043968441	214.651435735407	-1704.140072	0.01467880434			
1701.580072	9	5	86	0.216169428	0.01451034644		4.479110959	2.275963674	93.24492537				10.30636482	5.790599051	83.90303613	0	0	0	-1701.580072	0.216169428	220.375899962112	-1701.580072	0.01451034644			
1699.020072	9	5	86	0.2276378353	0.01434560354		4.520183584	2.303313553	93.17650286				10.39057874	5.841353775	83.76806748	0	0	0	-1699.020072	0.2276378353	226.186930539589	-1699.020072	0.01434560354			
1696.460072	9	5	86	0.238813158	0.01418446048		4.561105613	2.330742409	93.10815198				10.474456	5.891865794	83.6336782	0	0	0	-1696.460072	0.238813158	232.084756748983	-1696.460072	0.01418446048			
1693.900072	9	5	86	0.2497059732	0.01402680691		4.60187641	2.358251402	93.03987219				10.55800099	5.942135652	83.49986336	0	0	0	-1693.900072	0.2497059732	238.069595174641	-1693.900072	0.01402680691			
1691.340072	9	5	86	0.2603263722	0.01387253706		4.642495326	2.385841715	92.97166296				10.64121807	5.992163897	83.36661803	0	0	0	-1691.340072	0.2603263722	244.141653619869	-1691.340072	0.01387253706			
1688.780072	9	5	86	0.2706839874	0.01372154946		4.682961697	2.413514552	92.90352375				10.7241116	6.041951078	83.23393733	0	0	0	-1688.780072	0.2706839874	250.301136251133	-1688.780072	0.01372154946			
1686.220072	9	5	86	0.2807880173	0.01357374679		4.723274844	2.441271146	92.83545401				10.80668587	6.091497739	83.1018164	0	0	0	-1686.220072	0.2807880173	256.54823129187	-1686.220072	0.01357374679			
1683.660072	9	5	86	0.290647251	0.0134290356		4.763434072	2.469112751	92.76745318				10.88894516	6.140804429	82.97025041	0	0	0	-1683.660072	0.290647251	262.88311989387	-1683.660072	0.0134290356			
1681.100072	9	5	86	0.3002700894	0.01328732619		4.803438668	2.497040648	92.69952068				10.97089375	6.189871693	82.83923456	0	0	0	-1681.100072	0.3002700894	269.305975440241	-1681.100072	0.01328732619			
1678.540072	9	5	86	0.3096645667	0.01314853238		4.843287905	2.525056144	92.63165595				11.05253585	6.238700074	82.70876408	0	0	0	-1678.540072	0.3096645667	275.816955377318	-1678.540072	0.01314853238			
1675.980072	9	5	86	0.3188383696	0.01301257134		4.882981038	2.553160571	92.56385839				11.13387566	6.287290116	82.57883422	0	0	0	-1675.980072	0.3188383696	282.416214192121	-1675.980072	0.01301257134			
1673.420072	9	5	86	0.3277988553	0.01287936347		4.922517302	2.581355286	92.49612741				11.21491738	6.33564236	82.44944026	0	0	0	-1673.420072	0.3277988553	289.103896012223	-1673.420072	0.01287936347			
1670.860072	9	5	86	0.3365530689	0.01274883222		4.961895916	2.609641675	92.42846241				11.29566515	6.383757344	82.32057751	0	0	0	-1670.860072	0.3365530689	295.880126823469	-1670.860072	0.01274883222			
1668.300072	9	5	86	0.3451077597	0.01262090392		5.001116079	2.63802115	92.36086277				11.37612312	6.431635605	82.19224128	0	0	0	-1668.300072	0.3451077597	302.745030758651	-1668.300072	0.01262090392			
1665.740072	9	5	86	0.3534693956	0.0124955077		5.040176971	2.666495151	92.29332788				11.45629539	6.479277677	82.06442693	0	0	0	-1665.740072	0.3534693956	309.698721168783	-1665.740072	0.0124955077			
1663.180072	9	5	86	0.361644178	0.01237257534		5.079077752	2.695065147	92.2258571				11.53618607	6.52668409	81.93712984	0	0	0	-1663.180072	0.361644178	316.741291673914	-1663.180072	0.01237257534			
1660.620072	9	5	86	0.369638055	0.01225204114		5.117817562	2.723732634	92.1584498				11.61579923	6.573855372	81.81034539	0	0	0	-1660.620072	0.369638055	323.872833102078	-1660.620072	0.01225204114			
1658.060072	9	5	86	0.3774567337	0.0121338418		5.156395519	2.752499138	92.09110534				11.69513894	6.620792046	81.68406901	0	0	0	-1658.060072	0.3774567337	331.093427994818	-1658.060072	0.0121338418			
1655.500072	9	5	86	0.3851056922	0.01201791634		5.194810719	2.781366216	92.02382307				11.77420923	6.667494633	81.55829614	0	0	0	-1655.500072	0.3851056922	338.40313749053	-1655.500072	0.01201791634			
1652.940072	9	5	86	0.3925901911	0.01190420598		5.233062235	2.810335454	91.95660231				11.85301413	6.713963649	81.43302222	0	0	0	-1652.940072	0.3925901911	345.802020561263	-1652.940072	0.01190420598			
1650.380072	9	5	86	0.3999152833	0.01179265404		5.271149119	2.839408468	91.88944241				11.93155766	6.760199604	81.30824273	0	0	0	-1650.380072	0.3999152833	353.290120130994	-1650.380072	0.01179265404			
1647.820072	9	5	86	0.4070858248	0.01168320586		5.309070399	2.868586909	91.82234269				12.00984382	6.806203005	81.18395318	0	0	0	-1647.820072	0.4070858248	360.86746655533	-1647.820072	0.01168320586			
1645.260072	9	5	86	0.4141064833	0.01157580871		5.346825075	2.897872456	91.75530247				12.08787658	6.851974355	81.06014906	0	0	0	-1645.260072	0.4141064833	368.534082397349	-1645.260072	0.01157580871			
1642.700072	9	5	86	0.4209817476	0.01147041171		5.384412127	2.927266825	91.68832105				12.16565993	6.897514148	80.93682592	0	0	0	-1642.700072	0.4209817476	376.289977309118	-1642.700072	0.01147041171			
1640.140072	9	5	86	0.4277159355	0.01136696574		5.421830506	2.956771761	91.62139773				12.24319783	6.942822877	80.8139793	0	0	0	-1640.140072	0.4277159355	384.135143769314	-1640.140072	0.01136696574			
1637.580072	9	5	86	0.4343132023	0.01126542337		5.459079138	2.986389048	91.55453181				12.32049422	6.987901027	80.69160475	0	0	0	-1637.580072	0.4343132023	392.069565142319	-1637.580072	0.01126542337			
1635.020072	9	5	86	0.4407775476	0.01116573881		5.496156919	3.016120501	91.48772258				12.39755306	7.032749075	80.56969787	0	0	0	-1635.020072	0.4407775476	400.093215198309	-1635.020072	0.01116573881			
1632.460072	9	5	86	0.4471128229	0.01106786782		5.53306272	3.045967973	91.42096931				12.47437828	7.077367495	80.44825423	0	0	0	-1632.460072	0.4471128229	408.206052262136	-1632.460072	0.01106786782			
1629.900072	9	5	86	0.4533227379	0.01097176764		5.569795382	3.075933353	91.35427127				12.5509738	7.121756752	80.32726945	0	0	0	-1629.900072	0.4533227379	416.408014760471	-1629.900072	0.01097176764			
1627.340072	9	5	86	0.4594108674	0.01087739697		5.606353716	3.106018567	91.28762772				12.62734355	7.165917305	80.20673914	0	0	0	-1627.340072	0.4594108674	424.699033776851	-1627.340072	0.01087739697			
1624.780072	9	5	86	0.4653806566	0.01078471587		5.642736503	3.13622558	91.22103792				12.70349145	7.209849605	80.08665894	0	0	0	-1624.780072	0.4653806566	433.079036320948	-1624.780072	0.01078471587			
1622.220072	9	5	86	0.4712354272	0.01069368573		5.678942492	3.166556394	91.15450111				12.7794214	7.253554096	79.9670245	0	0	0	-1622.220072	0.4712354272	441.547918388532	-1622.220072	0.01069368573			
1619.660072	9	5	86	0.4769783829	0.0106042692		5.714970401	3.197013053	91.08801655				12.85513732	7.297031215	79.84783146	0	0	0	-1619.660072	0.4769783829	450.105570182537	-1619.660072	0.0106042692			
1617.100072	9	5	86	0.4826126142	0.01051643016		5.750818913	3.22759764	91.02158345				12.93064311	7.340281388	79.7290755	0	0	0	-1617.100072	0.4826126142	458.75186614961	-1617.100072	0.01051643016			
1614.540072	9	5	86	0.4881411036	0.01043013367		5.786486679	3.258312281	90.95520104				13.00594267	7.383305035	79.61075229	0	0	0	-1614.540072	0.4881411036	467.486666344171	-1614.540072	0.01043013367			
1611.980072	9	5	86	0.4935667299	0.0103453459		5.821972315	3.289159145	90.88886854				13.08103991	7.426102567	79.49285752	0	0	0	-1611.980072	0.4935667299	476.309819688633	-1611.980072	0.0103453459			
1609.420072	9	5	86	0.4988922728	0.01026203414		5.857274398	3.320140442	90.82258516				13.15593873	7.468674385	79.37538689	0	0	0	-1609.420072	0.4988922728	485.22114961548	-1609.420072	0.01026203414			
1606.860072	9	5	86	0.5041204171	0.01018016668		5.892391471	3.35125843	90.7563501				13.23064303	7.51102088	79.25833609	0	0	0	-1606.860072	0.5041204171	494.220474721074	-1606.860072	0.01018016668			
1604.300072	9	5	86	0.5092537564	0.01009971287		5.927322039	3.38251541	90.69016255				13.30515672	7.553142435	79.14170085	0	0	0	-1604.300072	0.5092537564	503.307599268328	-1604.300072	0.01009971287			
1601.740072	9	5	86	0.5142947971	0.01002064299		5.962064566	3.413913732	90.6240217				13.37948371	7.595039422	79.02547687	0	0	0	-1601.740072	0.5142947971	512.482294918501	-1601.740072	0.01002064299			
1599.180072	9	5	86	0.5192459621	0.009942928277		5.996617479	3.445455793	90.55792673				13.45362791	7.636712202	78.90965989	0	0	0	-1599.180072	0.5192459621	521.74433234965	-1599.180072	0.009942928277			
1596.620072	9	5	86	0.5241095938	0.009866540864		6.03097916	3.477144039	90.4918768				13.52759325	7.678161127	78.79424563	0	0	0	-1596.620072	0.5241095938	531.093462647165	-1596.620072	0.009866540864			
1594.060072	9	5	86	0.5288879578	0.009791453753		6.065147953	3.508980966	90.42587108				13.60138364	7.719386536	78.67922983	0	0	0	-1594.060072	0.5288879578	540.529412978148	-1594.060072	0.009791453753			
1591.500072	9	5	86	0.5335832457	0.009717640791		6.099122155	3.540969122	90.35990872				13.67500301	7.760388757	78.56460823	0	0	0	-1591.500072	0.5335832457	550.051906337068	-1591.500072	0.009717640791			
1588.940072	9	5	86	0.5381975781	0.00964507663		6.132900019	3.573111109	90.29398887				13.74845532	7.801168106	78.45037658	0	0	0	-1588.940072	0.5381975781	559.660628152255	-1588.940072	0.00964507663			
1586.380072	9	5	86	0.5427330077	0.009573736708		6.166479754	3.605409582	90.22811066				13.8217445	7.841724888	78.33653061	0	0	0	-1586.380072	0.5427330077	569.355264750584	-1586.380072	0.009573736708			
1583.820072	9	5	86	0.5471915214	0.00950359722		6.199859521	3.637867251	90.16227323				13.89487451	7.882059395	78.22306609	0	0	0	-1583.820072	0.5471915214	579.135485306431	-1583.820072	0.00950359722			
1581.260072	9	5	86	0.5515750434	0.009434635086		6.233037431	3.670486884	90.09647568				13.96784934	7.922171905	78.10997876	0	0	0	-1581.260072	0.5515750434	589.000915946288	-1581.260072	0.009434635086			
1578.700072	9	5	86	0.5558854375	0.009366827941		6.266011548	3.703271308	90.03071714				14.04067295	7.962062683	77.99726437	0	0	0	-1578.700072	0.5558854375	598.951180524143	-1578.700072	0.009366827941			
1576.140072	9	5	86	0.5601245093	0.009300154097		6.298779882	3.736223407	89.96499671				14.11334935	8.001731981	77.88491867	0	0	0	-1576.140072	0.5601245093	608.985879727479	-1576.140072	0.009300154097			
1573.580072	9	5	86	0.5642940086	0.00923459253		6.331340392	3.769346131	89.89931348				14.18588255	8.041180037	77.77293742	0	0	0	-1573.580072	0.5642940086	619.104606684849	-1573.580072	0.00923459253			
1571.020072	9	5	86	0.5683956312	0.009170122855		6.363690985	3.802642489	89.83366653				14.25827657	8.080407073	77.66131636	0	0	0	-1571.020072	0.5683956312	629.306922580656	-1571.020072	0.009170122855			
1568.460072	9	5	86	0.5724310214	0.009106725307		6.395829508	3.836115556	89.76805494				14.33053546	8.119413297	77.55005124	0	0	0	-1568.460072	0.5724310214	639.592351427726	-1568.460072	0.009106725307			
1565.900072	9	5	86	0.5764017737	0.009044380721		6.427753756	3.869768476	89.70247777				14.40266328	8.158198902	77.43913782	0	0	0	-1565.900072	0.5764017737	649.960426396589	-1565.900072	0.009044380721			
1563.340072	9	5	86	0.5803094345	0.008983070519		6.459461462	3.903604457	89.63693408				14.47466412	8.196764063	77.32857182	0	0	0	-1563.340072	0.5803094345	660.41064526162	-1563.340072	0.008983070519			
1560.780072	9	5	86	0.5841555042	0.008922776679		6.4909503	3.937626779	89.57142292				14.54654207	8.235108941	77.21834898	0	0	0	-1560.780072	0.5841555042	670.942483204644	-1560.780072	0.008922776679			
1558.220072	9	5	86	0.5879414386	0.008863481732		6.522217883	3.971838796	89.50594332				14.61830127	8.27323368	77.10846505	0	0	0	-1558.220072	0.5879414386	681.555374673022	-1558.220072	0.008863481732			
1555.660072	9	5	86	0.591668651	0.008805168743		6.55326176	4.006243932	89.44049431				14.68994586	8.311138404	76.99891574	0	0	0	-1555.660072	0.591668651	692.248768456313	-1555.660072	0.008805168743			
1553.100072	9	5	86	0.5953385129	0.008747821286		6.584079414	4.04084569	89.3750749				14.76148001	8.348823222	76.88969677	0	0	0	-1553.100072	0.5953385129	703.022071981215	-1553.100072	0.008747821286			
1550.540072	9	5	86	0.5989523565	0.008691423444		6.614668262	4.075647649	89.30968409				14.83290793	8.386288224	76.78080385	0	0	0	-1550.540072	0.5989523565	713.874635921219	-1550.540072	0.008691423444			
1547.980072	9	5	86	0.6025114755	0.008635959784		6.645025653	4.110653468	89.24432088				14.90423383	8.423533481	76.67223269	0	0	0	-1547.980072	0.6025114755	724.805841618467	-1547.980072	0.008635959784			
1545.420072	9	5	86	0.6060171265	0.008581415347		6.675148863	4.145866891	89.17898425				14.97546198	8.460559043	76.56397898	0	0	0	-1545.420072	0.6060171265	735.815013843753	-1545.420072	0.008581415347			
1542.860072	9	5	86	0.6094705306	0.008527775637		6.705035098	4.181291742	89.11367316				15.04659666	8.497364942	76.45603839	0	0	0	-1542.860072	0.6094705306	746.90146056505	-1542.860072	0.008527775637			
1540.300072	9	5	86	0.6128728743	0.008475026608		6.734681487	4.216931937	89.04838658				15.1176422	8.533951188	76.34840661	0	0	0	-1540.300072	0.6128728743	758.064445696368	-1540.300072	0.008475026608			
1537.740072	9	5	86	0.6162253112	0.008423154649		6.764085084	4.252791477	88.98312344				15.18860294	8.570317772	76.24107929	0	0	0	-1537.740072	0.6162253112	769.303215476487	-1537.740072	0.008423154649			
1535.180072	9	5	86	0.6195289626	0.00837214658		6.793242863	4.288874459	88.91788268				15.25948326	8.60646466	76.13405208	0	0	0	-1535.180072	0.6195289626	780.617004769636	-1535.180072	0.00837214658			
1532.620072	9	5	86	0.622784919	0.008321989636		6.822151718	4.32518507	88.85266321				15.3302876	8.642391799	76.0273206	0	0	0	-1532.620072	0.622784919	792.004996398186	-1532.620072	0.008321989636			
1530.060072	9	5	86	0.625994241	0.008272671455		6.850808459	4.361727597	88.78746394				15.40102042	8.678099109	75.92088047	0	0	0	-1530.060072	0.625994241	803.466353424733	-1530.060072	0.008272671455			
1527.500072	9	5	86	0.6291579604	0.008224180079		6.879209812	4.398506427	88.72228376				15.47168622	8.71358649	75.81472729	0	0	0	-1527.500072	0.6291579604	815.000224055729	-1527.500072	0.008224180079			
1524.940072	9	5	86	0.632277081	0.008176503933		6.907352412	4.43552605	88.65712154				15.54228955	8.748853816	75.70885664	0	0	0	-1524.940072	0.632277081	826.605675374258	-1524.940072	0.008176503933			
1522.380072	9	5	86	0.6353525801	0.008129631823		6.935232807	4.472791059	88.59197613				15.61283498	8.783900934	75.60326408	0	0	0	-1522.380072	0.6353525801	838.281793294721	-1522.380072	0.008129631823			
1519.820072	9	5	86	0.6383854085	0.008083552927		6.962847449	4.510306159	88.52684639				15.68332717	8.818727667	75.49794516	0	0	0	-1519.820072	0.6383854085	850.027638148338	-1519.820072	0.008083552927			
1517.260072	9	5	86	0.6413764922	0.008038256788		6.990192699	4.548076167	88.46173113				15.75377079	8.853333812	75.39289539	0	0	0	-1517.260072	0.6413764922	861.842188924228	-1517.260072	0.008038256788			
1514.700072	9	5	86	0.6443267328	0.007993733304		7.017264816	4.586106013	88.39662917				15.82417058	8.887719137	75.28811028	0	0	0	-1514.700072	0.6443267328	873.724406889635	-1514.700072	0.007993733304			
1512.140072	9	5	86	0.6472370086	0.007949972724		7.044059959	4.624400747	88.33153929				15.89453132	8.921883381	75.1835853	0	0	0	-1512.140072	0.6472370086	885.67321784991	-1512.140072	0.007949972724			
1509.580072	9	5	86	0.6501081751	0.007906965644		7.070574185	4.662965542	88.26646027				15.96485785	8.955826256	75.0793159	0	0	0	-1509.580072	0.6501081751	897.687561358049	-1509.580072	0.007906965644			
1507.020072	9	5	86	0.6529410657	0.007864702991		7.096803444	4.701805696	88.20139086				16.03515506	8.989547442	74.9752975	0	0	0	-1507.020072	0.6529410657	909.766272955146	-1507.020072	0.007864702991			
1504.460072	9	5	86	0.6557364929	0.007823176032		7.122743575	4.740926636	88.13632979				16.10542792	9.023046588	74.8715255	0	0	0	-1504.460072	0.6557364929	921.908154422944	-1504.460072	0.007823176032			
1501.900072	9	5	86	0.6584952485	0.007782376358		7.148390307	4.780333924	88.07127577				16.17568143	9.056323314	74.76799526	0	0	0	-1501.900072	0.6584952485	934.11200807551	-1501.900072	0.007782376358			
1499.340072	9	5	86	0.6612181045	0.007742295882		7.173739252	4.820033258	88.00622749				16.24592068	9.089377202	74.66470212	0	0	0	-1499.340072	0.6612181045	946.376603030355	-1499.340072	0.007742295882			
1496.780072	9	5	86	0.6639058135	0.007702926837		7.198785903	4.860030479	87.94118362				16.31615081	9.122207805	74.56164138	0	0	0	-1496.780072	0.6639058135	958.700606347459	-1496.780072	0.007702926837			
1494.220072	9	5	86	0.6665591099	0.00766426177		7.223525632	4.900331573	87.87614279				16.38637704	9.154814637	74.45880832	0	0	0	-1494.220072	0.6665591099	971.082667530164	-1494.220072	0.00766426177			
1491.660072	9	5	86	0.6691787098	0.00762629354		7.247953687	4.940942676	87.81110364				16.45660466	9.187197178	74.35619817	0	0	0	-1491.660072	0.6691787098	983.521438698772	-1491.660072	0.00762629354			
1489.100072	9	5	86	0.671765312	0.007589015311		7.272065183	4.98187008	87.74606474				16.52683902	9.219354871	74.25380611	0	0	0	-1489.100072	0.671765312	996.015463066483	-1489.100072	0.007589015311			
1486.540072	9	5	86	0.6743195985	0.007552420552		7.295855106	5.023120236	87.68102466				16.59708556	9.251287119	74.15162732	0	0	0	-1486.540072	0.6743195985	1008.56327446649	-1486.540072	0.007552420552			
1483.980072	9	5	86	0.6768422349	0.007516503039		7.319318305	5.06469976	87.61598194				16.66734981	9.282993287	74.0496569	0	0	0	-1483.980072	0.6768422349	1021.16337125933	-1483.980072	0.007516503039			
1481.420072	9	5	86	0.679333871	0.007481256842		7.342449489	5.106615436	87.55093507				16.73763737	9.314472697	73.94788994	0	0	0	-1481.420072	0.679333871	1033.81412533599	-1481.420072	0.007481256842			
1478.860072	9	5	86	0.6817951416	0.007446676334		7.365243224	5.148874225	87.48588255				16.80795392	9.34572463	73.84632145	0	0	0	-1478.860072	0.6817951416	1046.51394091849	-1478.860072	0.007446676334			
1476.300072	9	5	86	0.6842266663	0.007412756182		7.387693927	5.191483268	87.42082281				16.87830525	9.376748324	73.74494642	0	0	0	-1476.300072	0.6842266663	1059.26117826534	-1476.300072	0.007412756182			
1473.740072	9	5	86	0.6866290506	0.007379491352		7.409795865	5.23444989	87.35575425				16.94869724	9.40754297	73.64375979	0	0	0	-1473.740072	0.6866290506	1072.05409102582	-1473.740072	0.007379491352			
1471.180072	9	5	86	0.689002886	0.007346877102		7.431543147	5.277781608	87.29067524				17.01913585	9.438107714	73.54275644	0	0	0	-1471.180072	0.689002886	1084.89084690384	-1471.180072	0.007346877102			
1468.620072	9	5	86	0.6913487509	0.007314908989		7.452929725	5.32148614	87.22558413				17.08962716	9.468441653	73.44193119	0	0	0	-1468.620072	0.6913487509	1097.76966920701	-1468.620072	0.007314908989			
1466.060072	9	5	86	0.6936672101	0.007283582863		7.473949385	5.365571402	87.16047921				17.16017735	9.498543835	73.34127882	0	0	0	-1466.060072	0.6936672101	1110.68865343849	-1466.060072	0.007283582863			
1463.500072	9	5	86	0.6959588164	0.007252894869		7.494595743	5.410045526	87.09535873				17.23079271	9.528413255	73.24079404	0	0	0	-1463.500072	0.6959588164	1123.64579999318	-1463.500072	0.007252894869			
1460.940072	9	5	86	0.69822411	0.007222841452		7.514862242	5.454916856	87.0302209				17.30147964	9.558048857	73.1404715	0	0	0	-1460.940072	0.69822411	1136.63913077701	-1460.940072	0.007222841452			
1458.380072	9	5	86	0.7004636195	0.007193419352		7.53474215	5.500193962	86.96506389				17.37224467	9.587449527	73.0403058	0	0	0	-1458.380072	0.7004636195	1149.66655169706	-1458.380072	0.007193419352			
1455.820072	9	5	86	0.7026778619	0.00716462561		7.554228548	5.545885643	86.89988581				17.44309444	9.616614097	72.94029146	0	0	0	-1455.820072	0.7026778619	1162.72590712742	-1455.820072	0.00716462561			
1453.260072	9	5	86	0.7048673433	0.007136457569		7.573314331	5.592000938	86.83468473				17.51403572	9.645541337	72.84042294	0	0	0	-1453.260072	0.7048673433	1175.8149810348	-1453.260072	0.007136457569			
1450.700072	9	5	86	0.7070325589	0.007108912876		7.591992203	5.638549129	86.76945867				17.58507543	9.67422996	72.74069461	0	0	0	-1450.700072	0.7070325589	1188.93148113668	-1450.700072	0.007108912876			
1448.140072	9	5	86	0.7091739937	0.007081989485		7.610254667	5.685539752	86.70420558				17.65622061	9.702678612	72.64110078	0	0	0	-1448.140072	0.7091739937	1202.07306795172	-1448.140072	0.007081989485			
1445.580072	9	5	86	0.7112921224	0.007055685663		7.628094026	5.732982604	86.63892337				17.72747844	9.730885874	72.54163569	0	0	0	-1445.580072	0.7112921224	1215.23731000212	-1445.580072	0.007055685663			
1443.020072	9	5	86	0.7133874102	0.007029999988		7.645502374	5.78088775	86.57360988				17.79885627	9.758850262	72.44229347	0	0	0	-1443.020072	0.7133874102	1228.42168560848	-1443.020072	0.007029999988			
1440.460072	9	5	86	0.7154603127	0.007004931361		7.662471592	5.829265534	86.50826287				17.87036159	9.786570218	72.3430682	0	0	0	-1440.460072	0.7154603127	1241.62359261267	-1440.460072	0.007004931361			
1437.900072	9	5	86	0.7175112766	0.006980479004		7.67899334	5.878126585	86.44288007				17.94200205	9.814044113	72.24395383	0	0	0	-1437.900072	0.7175112766	1254.8403512321	-1437.900072	0.006980479004			
1435.340072	9	5	86	0.7195407396	0.00695664247		7.695059057	5.927481829	86.37745911				18.0137855	9.841270243	72.14494426	0	0	0	-1435.340072	0.7195407396	1268.06921824097	-1435.340072	0.00695664247			
1432.780072	9	5	86	0.721549131	0.006933421646		7.710659951	5.977342495	86.31199755				18.08571991	9.868246823	72.04603326	0	0	0	-1432.780072	0.721549131	1281.30739111347	-1432.780072	0.006933421646			
1430.220072	9	5	86	0.7235368716	0.006910816761		7.725786994	6.027720125	86.24649288				18.15781349	9.89497199	71.94721452	0	0	0	-1430.220072	0.7235368716	1294.55189343884	-1430.220072	0.006910816761			
1427.660072	9	5	86	0.7255043746	0.006888828391		7.740430916	6.078626587	86.1809425				18.23007459	9.921443793	71.84848161	0	0	0	-1427.660072	0.7255043746	1307.79964054891	-1427.660072	0.006888828391			
1425.100072	9	5	86	0.7274520453	0.006867457472		7.754582204	6.130074081	86.11534372				18.3025118	9.947660195	71.749828	0	0	0	-1425.100072	0.7274520453	1321.04762254937	-1425.100072	0.006867457472			
1422.540072	9	5	86	0.7293802814	0.006846705299		7.768231088	6.182075153	86.04969376				18.37513389	9.973619068	71.65124704	0	0	0	-1422.540072	0.7293802814	1334.29260375905	-1422.540072	0.006846705299			
1419.980072	9	5	86	0.7312894736	0.006826573542		7.781367543	6.234642701	85.98398976				18.44794985	9.999318188	71.55273196	0	0	0	-1419.980072	0.7312894736	1347.5311785931	-1419.980072	0.006826573542			
1417.420072	9	5	86	0.7331800057	0.006807064254		7.79398128	6.28778999	85.91822873				18.5209689	10.02475523	71.45427587	0	0	0	-1417.420072	0.7331800057	1360.75993476973	-1417.420072	0.006807064254			
1414.860072	9	5	86	0.7350522547	0.006788179879		7.806061738	6.341530662	85.8524076				18.59420048	10.04992778	71.35587174	0	0	0	-1414.860072	0.7350522547	1373.97538098623	-1414.860072	0.006788179879			
1412.300072	9	5	86	0.7369065911	0.006769923263		7.817598083	6.395878745	85.78652317				18.66765427	10.0748333	71.25751243	0	0	0	-1412.300072	0.7369065911	1387.17386878299	-1412.300072	0.006769923263			
1409.740072	9	5	86	0.7387433792	0.006752297667		7.8285792	6.450848668	85.72057213				18.74134024	10.09946915	71.15919062	0	0	0	-1409.740072	0.7387433792	1400.35158079564	-1409.740072	0.006752297667			
1407.180072	9	5	86	0.7405629774	0.006735306778		7.838993686	6.50645527	85.65455104				18.81526857	10.12383257	71.06089887	0	0	0	-1407.180072	0.7405629774	1413.50467761375	-1407.180072	0.006735306778			
1404.620072	9	5	86	0.7423657381	0.006718954723		7.848829848	6.562713813	85.58845634				18.88944974	10.14792068	70.96262958	0	0	0	-1404.620072	0.7423657381	1426.62909166479	-1404.620072	0.006718954723			
1402.060072	9	5	86	0.7441520085	0.006703246081		7.858075695	6.619639996	85.52228431				18.96389453	10.17173048	70.86437499	0	0	0	-1402.060072	0.7441520085	1439.72068878597	-1402.060072	0.006703246081			
1399.500072	9	5	86	0.7459221301	0.006688185898		7.866718935	6.677249964	85.4560311				19.03861399	10.19525884	70.76612717	0	0	0	-1399.500072	0.7459221301	1452.77524732134	-1399.500072	0.006688185898			
1396.940072	9	5	86	0.7476764395	0.006673779702		7.874746968	6.735560323	85.38969271				19.1136195	10.21850249	70.66787801	0	0	0	-1396.940072	0.7476764395	1465.78834697225	-1396.940072	0.006673779702			
1394.380072	9	5	86	0.7494152682	0.006660033523		7.882146884	6.794588151	85.32326497				19.18892276	10.24145802	70.56961922	0	0	0	-1394.380072	0.7494152682	1478.75547108183	-1394.380072	0.006660033523			
1391.820072	9	5	86	0.7511389431	0.006646953903		7.888905455	6.854351013	85.25674353				19.26453579	10.26412187	70.47134234	0	0	0	-1391.820072	0.7511389431	1491.67183781822	-1391.820072	0.006646953903			
1389.260072	9	5	86	0.7528477867	0.006634547921		7.895009136	6.914866972	85.19012389				19.34047101	10.28649032	70.37303867	0	0	0	-1389.260072	0.7528477867	1504.53264805281	-1389.260072	0.006634547921			
1386.700072	9	5	86	0.754542117	0.006622823206		7.900444059	6.976154603	85.12340134				19.41674116	10.3085595	70.27469935	0	0	0	-1386.700072	0.754542117	1517.33294867888	-1386.700072	0.006622823206			
1384.140072	9	5	86	0.756222248	0.006611787965		7.905196027	7.038233004	85.05657097				19.49335938	10.33032536	70.17631526	0	0	0	-1384.140072	0.756222248	1530.06758885902	-1384.140072	0.006611787965			
1381.580072	9	5	86	0.7578884897	0.006601450993		7.909250519	7.10112181	84.98962767				19.57033923	10.35178369	70.07787707	0	0	0	-1381.580072	0.7578884897	1542.73124959831	-1381.580072	0.006601450993			
1379.020072	9	5	86	0.7595411485	0.006591821707		7.912592681	7.164841207	84.92256611				19.64769468	10.37293009	69.97937523	0	0	0	-1379.020072	0.7595411485	1555.31839546106	-1379.020072	0.006591821707			
1376.460072	9	5	86	0.7611805273	0.00658291016		7.91520733	7.229411943	84.85538073				19.72544012	10.39375995	69.88079993	0	0	0	-1376.460072	0.7611805273	1567.82350378328	-1376.460072	0.00658291016			
1373.900072	9	5	86	0.7628069254	0.006574727069		7.917078949	7.294855337	84.78806571				19.80359044	10.41426848	69.78214108	0	0	0	-1373.900072	0.7628069254	1580.24077345139	-1373.900072	0.006574727069			
1371.340072	9	5	86	0.7644206392	0.006567283843		7.918191694	7.361193297	84.72061501				19.88216096	10.43445067	69.68338837	0	0	0	-1371.340072	0.7644206392	1592.56407310722	-1371.340072	0.006567283843			
1368.780072	9	5	86	0.7660219622	0.006560592603		7.91852939	7.428448326	84.65302228				19.96116755	10.45430129	69.58453116	0	0	0	-1368.780072	0.7660219622	1604.78732161657	-1368.780072	0.006560592603			
1366.220072	9	5	86	0.7676111849	0.006554666219		7.918075537	7.496643535	84.58528093				20.04062656	10.47381489	69.48555855	0	0	0	-1366.220072	0.7676111849	1616.90418895262	-1366.220072	0.006554666219			
1363.660072	9	5	86	0.7691885954	0.00654951833		7.916813314	7.565802654	84.51738403				20.12055493	10.49298576	69.38645931	0	0	0	-1363.660072	0.7691885954	1628.90809760826	-1363.660072	0.00654951833			
1361.100072	9	5	86	0.7707544793	0.006545163374		7.914725582	7.635950037	84.44932438				20.20097015	10.51180795	69.2872219	0	0	0	-1361.100072	0.7707544793	1640.79230965324	-1361.100072	0.006545163374			
1358.540072	9	5	86	0.7723091201	0.006541616633		7.911794895	7.707110673	84.38109443				20.28189031	10.53027524	69.18783445	0	0	0	-1358.540072	0.7723091201	1652.5540986376	-1358.540072	0.006541616633			
1355.980072	9	5	86	0.7738527914	0.006538861499		7.908002395	7.779310421	84.31268718				20.36333373	10.54838104	69.08828523	0	0	0	-1355.980072	0.7738527914	1664.17708982287	-1355.980072	0.006538861499			
1353.420072	9	5	86	0.7753857898	0.006537019779		7.903332495	7.852575055	84.24409245				20.44532069	10.56611875	68.98856056	0	0	0	-1353.420072	0.7753857898	1675.65323545591	-1353.420072	0.006537019779			
1350.860072	9	5	86	0.776908387	0.006536011666		7.897766012	7.926931677	84.17530231				20.52787093	10.58348121	68.88864785	0	0	0	-1350.860072	0.776908387	1686.98301996655	-1350.860072	0.006536011666			
1348.300072	9	5	86	0.7784208612	0.006535889642		7.891284641	8.002407804	84.10630756				20.61100536	10.60046103	68.78853361	0	0	0	-1348.300072	0.7784208612	1698.1545593708	-1348.300072	0.006535889642			
1345.740072	9	5	86	0.779923489	0.006536673721		7.883869841	8.0790316	84.03709856				20.6947456	10.61705045	68.68820395	0	0	0	-1345.740072	0.779923489	1709.1597897422	-1345.740072	0.006536673721			
1343.180072	9	5	86	0.7814165463	0.006538385045		7.875502858	8.156831875	83.96766527				20.77911411	10.63324139	68.5876445	0	0	0	-1343.180072	0.7814165463	1719.99054965173	-1343.180072	0.006538385045			
1340.620072	9	5	86	0.7829003076	0.006541045821		7.86616474	8.235838078	83.89799718				20.86413415	10.64902539	68.48684046	0	0	0	-1340.620072	0.7829003076	1730.63856345434	-1340.620072	0.006541045821			
1338.060072	9	5	86	0.7843750469	0.006544679379		7.855836374	8.31608029	83.82808334				20.94982986	10.66439357	68.38577657	0	0	0	-1338.060072	0.7843750469	1741.09523216704	-1338.060072	0.006544679379			
1335.500072	9	5	86	0.7858410374	0.006549310211		7.844498507	8.39758921	83.75791228				21.0362263	10.67933666	68.28443703	0	0	0	-1335.500072	0.7858410374	1751.35179204837	-1335.500072	0.006549310211			
1332.940072	9	5	86	0.7872985521	0.006554964011		7.832131784	8.480396143	83.68747207				21.12334948	10.69384496	68.18280556	0	0	0	-1332.940072	0.7872985521	1761.39933292908	-1332.940072	0.006554964011			
1330.380072	9	5	86	0.7887478635	0.006561667714		7.818716785	8.564532982	83.61675023				21.2112264	10.7079083	68.0808653	0	0	0	-1330.380072	0.7887478635	1771.2288540453	-1330.380072	0.006561667714			
1327.820072	9	5	86	0.7901892441	0.006569449539		7.804234067	8.650032179	83.54573375				21.29988511	10.72151604	67.97859885	0	0	0	-1327.820072	0.7901892441	1780.83103539038	-1327.820072	0.006569449539			
1325.260072	9	5	86	0.7916229665	0.006578339024		7.788664209	8.736926721	83.47440907				21.38935478	10.73465701	67.87598821	0	0	0	-1325.260072	0.7916229665	1790.19642049066	-1325.260072	0.006578339024			
1322.700072	9	5	86	0.7930493036	0.00658836707		7.771987863	8.825250094	83.40276204				21.4796657	10.74731954	67.77301476	0	0	0	-1322.700072	0.7930493036	1799.31561900964	-1322.700072	0.00658836707			
1320.140072	9	5	86	0.7944685284	0.006599565976		7.754185811	8.915036247	83.33077794				21.5708494	10.75949137	67.66965923	0	0	0	-1320.140072	0.7944685284	1808.17887031715	-1320.140072	0.006599565976			
1317.580072	9	5	86	0.7958809149	0.006611969944		7.735239032	9.006319534	83.25844143				21.66293863	10.77115967	67.5659017	0	0	0	-1317.580072	0.7958809149	1816.77625201066	-1317.580072	0.006611969944			
1315.020072	9	5	86	0.7972867376	0.006625613244		7.715128756	9.099134682	83.18573656				21.7559675	10.78231098	67.46172152	0	0	0	-1315.020072	0.7972867376	1825.09813216813	-1315.020072	0.006625613244			
1312.460072	9	5	86	0.7986862717	0.006640533039		7.693836548	9.19351671	83.11264674				21.84997149	10.79293117	67.35709734	0	0	0	-1312.460072	0.7986862717	1833.13454763651	-1312.460072	0.006640533039			
1309.900072	9	5	86	0.8000797936	0.006656767559		7.671344384	9.28950087	83.03915475				21.94498751	10.80300546	67.25200703	0	0	0	-1309.900072	0.8000797936	1840.87541137064	-1309.900072	0.006656767559			
1307.340072	9	5	86	0.8014675808	0.006674356582		7.647634738	9.387122567	82.96524269				22.04105402	10.8125183	67.14642769	0	0	0	-1307.340072	0.8014675808	1848.31078847261	-1307.340072	0.006674356582			
1304.780072	9	5	86	0.802849912	0.006693341458		7.622690674	9.486417274	82.89089205				22.13821104	10.82145339	67.04033557	0	0	0	-1304.780072	0.802849912	1855.43072091619	-1304.780072	0.006693341458			
1302.220072	9	5	86	0.8042270673	0.006713764991		7.596496884	9.587419549	82.81608357				22.23650027	10.82979365	66.93370608	0	0	0	-1302.220072	0.8042270673	1857.51011640894	-1302.220072	0.006713764991			
1299.660072	9	5	86	0.8056062931	0.006769888215		7.569073355	9.690479117	82.74044753				22.33647423	10.83755922	66.82596654	0	0	0	-1299.660072	0.8056062931	1864.01520342006	-1299.660072	0.006769888215			
1297.100072	9	5	86	0.8069739239	0.006759225374		7.540328865	9.795008823	82.66466231				22.43716431	10.84465254	66.71818314	0	0	0	-1297.100072	0.8069739239	1874.85592504414	-1297.100072	0.006759225374			
1294.540072	9	5	86	0.8083371836	0.006784043812		7.510289519	9.9013517	82.58835878				22.53912023	10.8510949	66.60978486	0	0	0	-1294.540072	0.8083371836	1880.64124067691	-1294.540072	0.006784043812			
1291.980072	9	5	86	0.8096964115	0.006810723657		7.478943627	10.00954263	82.51151374				22.64239397	10.85686505	66.50074098	0	0	0	-1291.980072	0.8096964115	1886.03046152427	-1291.980072	0.006810723657			
1289.420072	9	5	86	0.8110518903	0.006839054738		7.446280041	10.11961481	82.43410515				22.74703635	10.86194114	66.39102251	0	0	0	-1289.420072	0.8110518903	1891.04970637862	-1289.420072	0.006839054738			
1286.860072	9	5	86	0.8124039113	0.006869122409		7.412289082	10.23160091	82.35611001				22.85310084	10.86630025	66.28059892	0	0	0	-1286.860072	0.8124039113	1895.68547545294	-1286.860072	0.006869122409			
1284.300072	9	5	86	0.8137527677	0.006900983102		7.376962629	10.34553264	82.27750473				22.96064321	10.86991831	66.16943848	0	0	0	-1284.300072	0.8137527677	1899.9289669842	-1284.300072	0.006900983102			
1281.740072	9	5	86	0.815098755	0.006934694053		7.340294266	10.46144051	82.19826523				23.06972162	10.87277005	66.05750833	0	0	0	-1281.740072	0.815098755	1903.77199958569	-1281.740072	0.006934694053			
1279.180072	9	5	86	0.8164421703	0.006970313827		7.302279427	10.57935362	82.11836695				23.18039673	10.87482891	65.94477437	0	0	0	-1279.180072	0.8164421703	1907.20689579272	-1279.180072	0.006970313827			
1276.620072	9	5	86	0.8177833129	0.007007902149		7.262915547	10.69929949	82.03778497				23.29273175	10.87606699	65.83120126	0	0	0	-1276.620072	0.8177833129	1910.22666103361	-1276.620072	0.007007902149			
1274.060072	9	5	86	0.8191224834	0.007047519751		7.222202222	10.82130378	81.956494				23.40679259	10.87645499	65.71675242	0	0	0	-1274.060072	0.8191224834	1912.82507666146	-1274.060072	0.007047519751			
1271.500072	9	5	86	0.8204599842	0.007089228185		7.180141352	10.94539011	81.87446853				23.52264797	10.87596213	65.6013899	0	0	0	-1271.500072	0.8204599842	1914.99666172231	-1271.500072	0.007089228185			
1268.940072	9	5	86	0.8217961187	0.007133089613		7.136737305	11.07157976	81.79168293				23.64036947	10.87455608	65.48507445	0	0	0	-1268.940072	0.8217961187	1916.73705055457	-1268.940072	0.007133089613			
1266.380072	9	5	86	0.8231311913	0.007179166552		7.091997056	11.19989143	81.70811151				23.76003167	10.87220289	65.36776544	0	0	0	-1266.380072	0.8231311913	1918.04294615261	-1266.380072	0.007179166552			
1263.820072	9	5	86	0.8244655067	0.007227521584		7.045930338	11.33034097	81.62372869				23.88171223	10.86886694	65.24942083	0	0	0	-1263.820072	0.8244655067	1918.91206312168	-1263.820072	0.007227521584			
1261.260072	9	5	86	0.82579937	0.007278217021		6.998549781	11.4629411	81.53850912				24.00549203	10.8645108	65.12999717	0	0	0	-1261.260072	0.82579937	1919.34342837709	-1261.260072	0.007278217021			
1258.700072	9	5	86	0.8271330856	0.007331314521		6.949871037	11.59770114	81.45242783				24.13145519	10.85909522	65.00944959	0	0	0	-1258.700072	0.8271330856	1919.33760170904	-1258.700072	0.007331314521			
1256.140072	9	5	86	0.828466957	0.007386874649		6.899912906	11.7346267	81.36546039				24.25968922	10.85257903	64.88773175	0	0	0	-1256.140072	0.828466957	1918.89631591025	-1256.140072	0.007386874649			
1253.580072	9	5	86	0.8298012862	0.007444956383		6.848697438	11.87371943	81.27758313				24.3902851	10.84491905	64.76479584	0	0	0	-1253.580072	0.8298012862	1918.02325838526	-1253.580072	0.007444956383			
1251.020072	9	5	86	0.8311363724	0.007505616554		6.796250029	12.01497667	81.1887733				24.52333733	10.83607004	64.64059264	0	0	0	-1251.020072	0.8311363724	1916.72369434989	-1251.020072	0.007505616554			
1248.460072	9	5	86	0.8324725119	0.007568909219		6.742599497	12.15839123	81.09900927				24.65894399	10.82598458	64.51507143	0	0	0	-1248.460072	0.8324725119	1915.00479595201	-1248.460072	0.007568909219			
1245.900072	9	5	86	0.8338099963	0.007634884953		6.687778138	12.30395104	81.00827082				24.79720685	10.81461308	64.38818007	0	0	0	-1245.900072	0.8338099963	1912.87567806192	-1245.900072	0.007634884953			
1243.340072	9	5	86	0.8351491123	0.007703590067		6.631821763	12.45163891	80.91653932				24.93823134	10.80190363	64.25986504	0	0	0	-1243.340072	0.8351491123	1910.34741562904	-1243.340072	0.007703590067			
1240.780072	9	5	86	0.8364901398	0.007775065732		6.574769715	12.60143226	80.82379802				25.08212663	10.78780197	64.1300714	0	0	0	-1240.780072	0.8364901398	1907.43355545226	-1240.780072	0.007775065732			
1238.220072	9	5	86	0.8378333509	0.007849347006		6.51666486	12.75330283	80.73003231				25.22900562	10.77225146	63.99874293	0	0	0	-1238.220072	0.8378333509	1904.14975149428	-1238.220072	0.007849347006			
1235.660072	9	5	86	0.8391790084	0.007926461759		6.457553555	12.90721644	80.63523				25.3789849	10.75519298	63.86582213	0	0	0	-1235.660072	0.8391790084	1900.51410385542	-1235.660072	0.007926461759			
1233.100072	9	5	86	0.8405273642	0.008006429489		6.397485592	13.06313278	80.53938163				25.53218473	10.73656494	63.73125033	0	0	0	-1233.100072	0.8405273642	1896.54726752403	-1233.100072	0.008006429489			
1230.540072	9	5	86	0.8418786575	0.008089260012		6.336514112	13.22100514	80.44248075				25.68872897	10.71630322	63.59496781	0	0	0	-1230.540072	0.8418786575	1892.27261711556	-1230.540072	0.008089260012			
1227.980072	9	5	86	0.8432331128	0.008174952029		6.274695503	13.38078022	80.34452427				25.84874495	10.69434117	63.45691387	0	0	0	-1227.980072	0.8432331128	1887.71618849249	-1227.980072	0.008174952029			
1225.420072	9	5	86	0.844590938	0.008263491553		6.212089265	13.54239797	80.24551276				26.01236331	10.67060965	63.31702704	0	0	0	-1225.420072	0.844590938	1882.9066793045	-1225.420072	0.008263491553			
1222.860072	9	5	86	0.8459523222	0.008354850194		6.148757855	13.70579137	80.14545078				26.17971784	10.64503698	63.17524518	0	0	0	-1222.860072	0.8459523222	1877.8814722686	-1222.860072	0.008354850194			
1220.300072	9	5	86	0.8473174248	0.008448934438		6.084766248	13.87088675	80.044347				26.35094417	10.61754924	63.0315066	0	0	0	-1220.300072	0.8473174248	1872.66492784707	-1220.300072	0.008448934438			
1217.740072	9	5	86	0.8486864048	0.00854582348		6.020182793	14.03760178	79.94221543				26.52618339	10.58806964	62.88574697	0	0	0	-1217.740072	0.8486864048	1867.29450973679	-1217.740072	0.00854582348			
1215.180072	9	5	86	0.8500593713	0.00864529563		5.955077412	14.20584816	79.83907443				26.70557598	10.55651962	62.7379044	0	0	0	-1215.180072	0.8500593713	1861.82188411262	-1215.180072	0.00864529563			
1212.620072	9	5	86	0.8514364114	0.008747289569		5.889522432	14.37552961	79.73494796				26.889265	10.52281834	62.58791666	0	0	0	-1212.620072	0.8514364114	1856.28641543598	-1212.620072	0.008747289569			
1210.060072	9	5	86	0.8528175787	0.00885167363		5.823592068	14.54654228	79.62986565				27.07739468	10.48688308	62.43572225	0	0	0	-1210.060072	0.8528175787	1850.73598793486	-1210.060072	0.00885167363			
1207.500072	9	5	86	0.8542028908	0.008958288174		5.757362171	14.71877464	79.52386319				27.27010975	10.44862941	62.28126084	0	0	0	-1207.500072	0.8542028908	1845.22195147731	-1207.500072	0.008958288174			
1204.940072	9	5	86	0.8555923249	0.009066942745		5.690909966	14.89210741	79.41698263				27.46755472	10.40797154	62.12447374	0	0	0	-1204.940072	0.8555923249	1839.79940972438	-1204.940072	0.009066942745			
1202.380072	9	5	86	0.8569858147	0.009177413143		5.624313784	15.0664135	79.30927272				27.66987294	10.36482266	61.96530441	0	0	0	-1202.380072	0.8569858147	1834.52691521122	-1202.380072	0.009177413143			
1199.820072	9	5	86	0.8583832463	0.009289438399		5.557652785	15.24155799	79.20078922				27.87720565	10.31909532	61.80369903	0	0	0	-1199.820072	0.8583832463	1829.46720715991	-1199.820072	0.009289438399			
1197.260072	9	5	86	0.8597844539	0.009402717721		5.491006694	15.41739809	79.09159521				28.08969083	10.270702	61.63960717	0	0	0	-1197.260072	0.8597844539	1824.68686991128	-1197.260072	0.009402717721			
1194.700072	9	5	86	0.8611892162	0.00951690744		5.42445552	15.59378314	78.98176134				28.30746187	10.21955563	61.47298249	0	0	0	-1194.700072	0.8611892162	1820.25650908757	-1194.700072	0.00951690744			
1192.140072	9	5	86	0.8625972519	0.009631618057		5.358079291	15.7705546	78.87136611				28.53064617	10.16557028	61.30378356	0	0	0	-1192.140072	0.8625972519	1816.25113731443	-1192.140072	0.009631618057			
1189.580072	9	5	86	0.8640082157	0.00974641147		5.291957786	15.94754614	78.76049608				28.75936344	10.10866189	61.13197467	0	0	0	-1189.580072	0.8640082157	1812.75018358445	-1189.580072	0.00974641147			
1187.020072	9	5	86	0.8654216941	0.00986079851		5.226170268	16.12458369	78.64924604				28.993724	10.04874917	60.95752683	0	0	0	-1187.020072	0.8654216941	1809.83748508688	-1187.020072	0.00986079851			
1184.460072	9	5	86	0.8668372019	0.009974237951		5.160795225	16.30148559	78.53771919				29.23382673	9.98575455	60.78041872	0	0	0	-1184.460072	0.8668372019	1807.60165001275	-1184.460072	0.009974237951			
1181.900072	9	5	86	0.8682541781	0.01008613104		5.095910102	16.47806273	78.42602716				29.47975699	9.9196052	60.60063781	0	0	0	-1181.900072	0.8682541781	1806.13643018278	-1181.900072	0.01008613104			
1179.340072	9	5	86	0.8696719827	0.01019582697		5.031591046	16.65411887	78.31429008				29.73158432	9.850234243	60.41818144	0	0	0	-1179.340072	0.8696719827	1805.54015701548	-1179.340072	0.01019582697			
1176.780072	9	5	86	0.8710898946	0.01030261936		4.967912641	16.82945091	78.20263645				29.98936	9.777581988	60.23305801	0	0	0	-1176.780072	0.8710898946	1805.91604595555	-1176.780072	0.01030261936			
1174.220072	9	5	86	0.8725071093	0.010405751		4.904947651	17.00384934	78.09120301				30.25311454	9.701597263	60.04528819	0	0	0	-1174.220072	0.8725071093	1807.37312239045	-1174.220072	0.010405751			
1171.660072	9	5	86	0.873922737	0.0105044091		4.842766716	17.17709887	77.98013442				30.522855	9.622238883	59.85490611	0	0	0	-1171.660072	0.873922737	1810.0253513572	-1171.660072	0.0105044091			
1169.100072	9	5	86	0.8753358036	0.01059774159		4.781438101	17.34897901	77.86958289				30.79856241	9.539477073	59.66196052	0	0	0	-1169.100072	0.8753358036	1813.99152383609	-1169.100072	0.01059774159			
1166.540072	9	5	86	0.8767452512	0.01068485683		4.7210274	17.51926496	77.75970764				31.08018912	9.453294968	59.46651591	0	0	0	-1166.540072	0.8767452512	1819.39581895774	-1166.540072	0.01068485683			
1163.980072	9	5	86	0.8781499407	0.01076483396		4.661597229	17.68772862	77.65067415				31.36765632	9.363690106	59.26865357	0	0	0	-1163.980072	0.8781499407	1826.36724034449	-1163.980072	0.01076483396			
1161.420072	9	5	86	0.8795486559	0.01083673594		4.603206923	17.85413971	77.54265337				31.6608517	9.270675859	59.06847244	0	0	0	-1161.420072	0.8795486559	1835.17215600432	-1161.420072	0.01083673594			
1158.860072	9	5	86	0.8809399096	0.01089830464		4.54590774	18.01827686	77.4358154				31.95961418	9.174291465	58.86609435	0	0	0	-1158.860072	0.8809399096	1845.80066151867	-1158.860072	0.01089830464			
1156.300072	9	5	86	0.8823225731	0.01095139998		4.489755921	18.1799025	77.33034158				32.26377804	9.074575462	58.6616465	0	0	0	-1156.300072	0.8823225731	1859.98922726208	-1156.300072	0.01095139998			
1153.740072	9	5	86	0.8836927274	0.01097351494		4.434778758	18.33869871	77.22652253				32.57254701	8.971787701	58.45566529	0	0	0	-1153.740072	0.8836927274	1874.55580550572	-1153.740072	0.01097351494			
1151.180072	9	5	86	0.8850539453	0.01102394094		4.381058992	18.49462225	77.12431875				32.88679184	8.865638456	58.2475697	0	0	0	-1151.180072	0.8850539453	1889.74214021711	-1151.180072	0.01102394094			
1148.620072	9	5	86	0.8864022155	0.01104180568		4.328615033	18.64736379	77.02402118				33.20564497	8.756424858	58.03793017	0	0	0	-1148.620072	0.8864022155	1909.06843234344	-1148.620072	0.01104180568			
1146.060072	9	5	86	0.8877360373	0.01104643799		4.277479641	18.79671445	76.9258059				33.52876599	8.644276836	57.82695717	0	0	0	-1146.060072	0.8877360373	1930.98224872135	-1146.060072	0.01104643799			
1143.500072	9	5	86	0.8890539077	0.01103723361		4.227680016	18.94247631	76.82984368				33.85577826	8.529344662	57.61487708	0	0	0	-1143.500072	0.8890539077	1955.62893817233	-1143.500072	0.01103723361			
1140.940072	9	5	86	0.8903543528	0.01101381484		4.179237985	19.08446332	76.7362987				34.18627198	8.411797564	57.40193045	0	0	0	-1140.940072	0.8903543528	1983.14190125725	-1140.940072	0.01101381484			
1138.380072	9	5	86	0.8916359448	0.01097594226		4.13216988	19.22250305	76.64532707				34.519807	8.291822654	57.18837034	0	0	0	-1138.380072	0.8916359448	2013.66793667462	-1138.380072	0.01097594226			
1135.820072	9	5	86	0.8928972987	0.01092339145		4.086485912	19.3564398	76.55707428				34.85591541	8.169624322	56.97446027	0	0	0	-1135.820072	0.8928972987	2047.35939300497	-1135.820072	0.01092339145			
1133.260072	9	5	86	0.8941370985	0.01085616081		4.042190306	19.48613611	76.47167358				35.19410729	8.045421754	56.76047096	0	0	0	-1133.260072	0.8941370985	2084.35724588425	-1133.260072	0.01085616081			
1130.700072	9	5	86	0.895354114	0.01077442919		3.999281414	19.61147391	76.38924468				35.53387604	7.919446521	56.54667743	0	0	0	-1130.700072	0.895354114	2124.79571210159	-1130.700072	0.01077442919			
1128.140072	9	5	86	0.8965472164	0.01067854532		3.957751856	19.73235558	76.30989257				35.87470402	7.791939965	56.33335602	0	0	0	-1128.140072	0.8965472164	2168.80247194245	-1128.140072	0.01067854532			
1125.580072	9	5	86	0.8977153901	0.01056901603		3.917588732	19.84870467	76.23370659				36.2160684	7.663150381	56.12078122	0	0	0	-1125.580072	0.8977153901	2216.49831177903	-1125.580072	0.01056901603			
1123.020072	9	5	86	0.8988577433	0.01044649859		3.878773908	19.96046628	76.16075981				36.55744724	7.533330073	55.90922269	0	0	0	-1123.020072	0.8988577433	2267.99607961635	-1123.020072	0.01044649859			
1120.460072	9	5	86	0.8999735153	0.0103117839		3.841284381	20.06760699	76.09110863				36.89832533	7.402732393	55.69894227	0	0	0	-1120.460072	0.8999735153	2323.40007584457	-1120.460072	0.0103117839			
1117.900072	9	5	86	0.9010620817	0.01016577719		3.805092693	20.17011447	76.02479284				37.23819981	7.271608844	55.49019135	0	0	0	-1117.900072	0.9010620817	2382.80564605831	-1117.900072	0.01016577719			
1115.340072	9	5	86	0.9021229562	0.0100094761		3.770167397	20.26799679	75.96183582				37.57658522	7.140206338	55.28320844	0	0	0	-1115.340072	0.9021229562	2446.29925738296	-1115.340072	0.0100094761			
1112.780072	9	5	86	0.90315579	0.009843947236		3.736473566	20.36128129	75.90224514				37.91301813	7.008764683	55.07821718	0	0	0	-1112.780072	0.90315579	2513.95842423464	-1112.780072	0.009843947236			
1110.220072	9	5	86	0.9041603685	0.009670302194		3.703973308	20.45001333	75.84601336				38.24706098	6.877514342	54.87542468	0	0	0	-1110.220072	0.9041603685	2585.85155156031	-1110.220072	0.009670302194			
1107.660072	9	5	86	0.9051366062	0.009489674224		3.672626302	20.53425473	75.79311897				38.57830519	6.746674537	54.67502027	0	0	0	-1107.660072	0.9051366062	2662.03809874547	-1107.660072	0.009489674224			
1105.100072	9	5	86	0.9060845394	0.009303196265		3.642390316	20.61408207	75.74352761				38.90637358	6.616451685	54.47717473	0	0	0	-1105.100072	0.9060845394	2742.56952962469	-1105.100072	0.009303196265			
1102.540072	9	5	86	0.9070043173	0.00911198115		3.613221719	20.68958496	75.69719332				39.23092198	6.487038209	54.28203981	0	0	0	-1102.540072	0.9070043173	2827.48941266333	-1102.540072	0.00911198115			
1099.980072	9	5	86	0.9078961924	0.008917104468		3.585076137	20.76086334	75.65406052				39.55164013	6.358611699	54.08974818	0	0	0	-1099.980072	0.9078961924	2916.83419143526	-1099.980072	0.008917104468			
1097.420072	9	5	86	0.9087605097	0.008719590246		3.557908148	20.82802922	75.61406263				39.86825194	6.231334385	53.90041368	0	0	0	-1097.420072	0.9087605097	3010.63358955618	-1097.420072	0.008719590246			
1094.860072	9	5	86	0.9095976961	0.008520399856		3.53167284	20.89119943	75.57712773				40.18051518	6.105352954	53.71413187	0	0	0	-1094.860072	0.9095976961	3108.91153148984	-1094.860072	0.008520399856			
1092.300072	9	5	86	0.9104082491	0.00832042382		3.506325377	20.95049771	75.54317691				40.48822063	5.980798615	53.53098076	0	0	0	-1092.300072	0.9104082491	3211.68662107954	-1092.300072	0.00832042382			
1089.740072	9	5	86	0.9111927264	0.0081204764		3.481821513	21.00605222	75.51212627				40.79119085	5.857787399	53.35102175	0	0	0	-1089.740072	0.9111927264	3318.97330846942	-1089.740072	0.0081204764			
1087.180072	9	5	86	0.9119517351	0.007921292758		3.458117857	21.05799405	75.4838881				41.08927864	5.736420649	53.17430072	0	0	0	-1087.180072	0.9119517351	3430.78201091023	-1087.180072	0.007921292758			
1084.620072	9	5	86	0.9126859225	0.007723528292		3.435172096	21.10645593	75.45837198				41.38236516	5.616785669	53.00084917	0	0	0	-1084.620072	0.9126859225	3547.12002211531	-1084.620072	0.007723528292			
1082.060072	9	5	86	0.9133959666	0.007527759812		3.412943173	21.15157111	75.43548572				41.67035808	5.498956478	52.83068545	0	0	0	-1082.060072	0.9133959666	3667.99263051188	-1082.060072	0.007527759812			
1079.500072	9	5	86	0.9140825681	0.00733448817		3.391391427	21.19347234	75.41513623				41.95318938	5.382994656	52.66381596	0	0	0	-1079.500072	0.9140825681	3793.40268425923	-1079.500072	0.00733448817			
1076.940072	9	5	86	0.914746443	0.007144142021		3.370478698	21.23229101	75.3972303				42.23081336	5.268950227	52.50023641	0	0	0	-1076.940072	0.914746443	3923.35199159643	-1076.940072	0.007144142021			
1074.380072	9	5	86	0.9153883159	0.006957082371		3.350168397	21.2681564	75.38167521				42.50320447	5.156862579	52.33993295	0	0	0	-1074.380072	0.9153883159	4057.58725874768	-1074.380072	0.006957082371			
1071.820072	9	5	86	0.9160089884	0.006774267698		3.330431526	21.30117458	75.3683939				42.77035516	5.046756236	52.1828886	0	0	0	-1071.820072	0.9160089884	4196.41651805863	-1071.820072	0.006774267698			
1069.260072	9	5	86	0.9166090971	0.00659447841		3.31122785	21.33149153	75.35728062				43.03227045	4.938659082	52.02907047	0	0	0	-1069.260072	0.9166090971	4340.03042899613	-1069.260072	0.00659447841			
1066.700072	9	5	86	0.9171893701	0.006418798968		3.292526328	21.35922607	75.3482476				43.28897685	4.832582533	51.87844062	0	0	0	-1066.700072	0.9171893701	4488.15988582432	-1066.700072	0.006418798968			
1064.140072	9	5	86	0.9177505172	0.006247283189		3.274296922	21.38449418	75.3412089				43.54050991	4.728532328	51.73095776	0	0	0	-1064.140072	0.9177505172	4640.83378148108	-1064.140072	0.006247283189			
1061.580072	9	5	86	0.9182932353	0.006080031721		3.256511186	21.40740779	75.33608103				43.78691602	4.626507902	51.58657608	0	0	0	-1061.580072	0.9182932353	4798.05499187667	-1061.580072	0.006080031721			
1059.020072	9	5	86	0.9188182061	0.005917110295		3.239142234	21.42807463	75.33278313				44.02825089	4.526503111	51.44524599	0	0	0	-1059.020072	0.9188182061	4959.82689644254	-1059.020072	0.005917110295			
1056.460072	9	5	86	0.9193260943	0.00575855298		3.222164694	21.44659818	75.33123712				44.26457821	4.428506916	51.30691488	0	0	0	-1056.460072	0.9193260943	5126.15624519773	-1056.460072	0.00575855298			
1053.900072	9	5	86	0.9198175457	0.005604366635		3.20555465	21.4630776	75.33136776				44.49596833	4.33250402	51.17152765	0	0	0	-1053.900072	0.9198175457	5297.04963443337	-1053.900072	0.005604366635			
1051.340072	9	5	86	0.9202931869	0.005454534834		3.189289587	21.47760774	75.33310267				44.72249721	4.238475444	51.03902734	0	0	0	-1051.340072	0.9202931869	5472.51646967546	-1051.340072	0.005454534834			
1048.780072	9	5	86	0.9207536237	0.005309021434		3.173348333	21.49027924	75.33637243				44.94424533	4.146399053	50.90935562	0	0	0	-1048.780072	0.9207536237	5652.56751341524	-1048.780072	0.005309021434			
1046.220072	9	5	86	0.9211994415	0.005167773765		3.157710989	21.50117856	75.34111046				45.16129679	4.056250038	50.78245317	0	0	0	-1046.220072	0.9211994415	5837.21567650316	-1046.220072	0.005167773765			
1043.660072	9	5	86	0.9216312043	0.005030725484		3.142358872	21.51038808	75.34725305				45.37373856	3.968001338	50.6582601	0	0	0	-1043.660072	0.9216312043	6026.4779251139	-1043.660072	0.005030725484			
1041.100072	9	5	86	0.9220494551	0.004897799088		3.127274451	21.51798623	75.35473932				45.58165969	3.88162403	50.53671628	0	0	0	-1041.100072	0.9220494551	6220.37041057688	-1041.100072	0.004897799088			
1038.540072	9	5	86	0.9224547161	0.004768908134		3.112441284	21.52404762	75.3635111				45.78515075	3.797087669	50.41776158	0	0	0	-1038.540072	0.9224547161	6418.91219403137	-1038.540072	0.004768908134			
1035.980072	9	5	86	0.9228474888	0.004643959167		3.097843958	21.52864315	75.37351289				45.98430323	3.714360597	50.30133617	0	0	0	-1035.980072	0.9228474888	6622.12659053506	-1035.980072	0.004643959167			
1033.420072	9	5	86	0.9232282543	0.004522853398		3.083468029	21.53184018	75.38469179				46.17920911	3.633410208	50.18738068	0	0	0	-1033.420072	0.9232282543	6830.03994614477	-1033.420072	0.004522853398			
1030.860072	9	5	86	0.9235974738	0.004405488153		3.069299971	21.53370265	75.39699738				46.36996041	3.554203192	50.07583639	0	0	0	-1030.860072	0.9235974738	7042.67733145643	-1030.860072	0.004405488153			
1028.300072	9	5	86	0.9239555895	0.004291758113		3.055327114	21.53429124	75.41038165				46.55664888	3.476705738	49.96664538	0	0	0	-1028.300072	0.9239555895	7260.06737364458	-1028.300072	0.004291758113			
1025.740072	9	5	86	0.9243030247	0.004181556364		3.041537598	21.53366353	75.42479887				46.73936565	3.400883721	49.85975062	0	0	0	-1025.740072	0.9243030247	7482.24486928032	-1025.740072	0.004181556364			
1023.180072	9	5	86	0.9246401845	0.004074775315		3.027920321	21.53187411	75.44020557				46.91820101	3.326702861	49.75509613	0	0	0	-1023.180072	0.9246401845	7709.24611014889	-1023.180072	0.004074775315			
1020.620072	9	5	86	0.9249674565	0.003971307416		3.014464895	21.52897476	75.45656034				47.09324417	3.254128859	49.65262697	0	0	0	-1020.620072	0.9249674565	7941.10369712806	-1020.620072	0.003971307416			
1018.060072	9	5	86	0.9252852119	0.003871045805		3.001161597	21.52501456	75.47382385				47.2645831	3.183127517	49.55228938	0	0	0	-1018.060072	0.9252852119	8177.86069057362	-1018.060072	0.003871045805			
1015.500072	9	5	86	0.9255938051	0.003773884821		2.988001335	21.52004002	75.49195865				47.43230437	3.113664842	49.45403079	0	0	0	-1015.500072	0.9255938051	8419.56200273065	-1015.500072	0.003773884821			
1012.940072	9	5	86	0.9258935754	0.003679720423		2.974975598	21.51409525	75.51092915				47.59649303	3.045707128	49.35779984	0	0	0	-1012.940072	0.9258935754	8666.24825636119	-1012.940072	0.003679720423			
1010.380072	9	5	86	0.9261848472	0.003588450537		2.962076431	21.50722204	75.53070153				47.75723253	2.979221038	49.26354643	0	0	0	-1010.380072	0.9261848472	8917.96876555558	-1010.380072	0.003588450537			
1007.820072	9	5	86	0.9264679306	0.003499975317		2.949296391	21.49946001	75.5512436				47.91460462	2.914173658	49.17122173	0	0	0	-1007.820072	0.9264679306	9174.77865805186	-1007.820072	0.003499975317			
1005.260072	9	5	86	0.9267431219	0.00341419736		2.936628519	21.49084671	75.57252478				48.06868929	2.850532554	49.08077816	0	0	0	-1005.260072	0.9267431219	9436.72983469213	-1005.260072	0.00341419736			
1002.700072	9	5	86	0.9270107047	0.003331021863		2.924066306	21.48141771	75.59451598				48.21956478	2.788265811	48.99216941	0	0	0	-1002.700072	0.9270107047	9703.87556027462	-1002.700072	0.003331021863			
1000.140072	9	5	86	0.9272709501	0.003250356735		2.911603671	21.47120677	75.61718956				48.36730748	2.727342072	48.90535045	0	0	0	-1000.140072	0.9272709501	9976.27751968822	-1000.140072	0.003250356735			
997.5800721	9	5	86	0.9275241173	0.003172112673		2.899234927	21.46024586	75.64051921				48.51199197	2.66773056	48.82027747	0	0	0	-997.5800721	0.9275241173	10253.9998444543	-997.5800721	0.003172112673			
995.0200721	9	5	86	0.9277704542	0.003096203213		2.886954759	21.4485653	75.66447994				48.65369101	2.609401103	48.73690789	0	0	0	-995.0200721	0.9277704542	10537.1045493316	-995.0200721	0.003096203213			
992.4600721	9	5	86	0.9280101981	0.00302254474		2.874758201	21.43619384	75.68904796				48.79247549	2.552324149	48.65520036	0	0	0	-992.4600721	0.9280101981	10825.6616440208	-992.4600721	0.00302254474			
989.9000721	9	5	86	0.9282435758	0.002951056497		2.862640614	21.42315874	75.71420065				48.92841452	2.496470775	48.5751147	0	0	0	-989.9000721	0.9282435758	11119.741486218	-989.9000721	0.002951056497			
987.3400721	9	5	86	0.9284708046	0.002881660554		2.850597664	21.40948585	75.73991649				49.06157539	2.441812701	48.49661191	0	0	0	-987.3400721	0.9284708046	11419.4198514122	-987.3400721	0.002881660554			
984.7800721	9	5	86	0.9286920922	0.002814281781		2.838625307	21.39519969	75.766175				49.1920236	2.388322284	48.41965411	0	0	0	-984.7800721	0.9286920922	11724.7717883907	-984.7800721	0.002814281781			
982.2200721	9	5	86	0.9289076378	0.002748847797		2.826719765	21.38032353	75.79295671				49.31982292	2.335972527	48.34420455	0	0	0	-982.2200721	0.9289076378	12035.8760140991	-982.2200721	0.002748847797			
979.6600721	9	5	86	0.9291176319	0.002685288917		2.814877514	21.36487943	75.82024306				49.44503538	2.284737073	48.27022755	0	0	0	-979.6600721	0.9291176319	12352.8224398539	-979.6600721	0.002685288917			
977.1000721	9	5	86	0.929322257	0.002623538087		2.803095268	21.34888832	75.84801641				49.56772131	2.234590202	48.19768849	0	0	0	-977.1000721	0.929322257	12675.6963286624	-977.1000721	0.002623538087			
974.5400721	9	5	86	0.929521688	0.002563530815		2.791369962	21.33237009	75.87625995				49.68793939	2.185506825	48.12655378	0	0	0	-974.5400721	0.929521688	13004.5807392434	-974.5400721	0.002563530815			
971.9800721	9	5	86	0.9297160927	0.002505205097		2.779698741	21.31534357	75.90495769				49.8057467	2.137462477	48.05679082	0	0	0	-971.9800721	0.9297160927	13339.5762153815	-971.9800721	0.002505205097			
969.4200721	9	5	86	0.9299056316	0.002448501345		2.768078947	21.29782667	75.93409438				49.92119872	2.090433308	47.98836798	0	0	0	-969.4200721	0.9299056316	13680.7777832651	-969.4200721	0.002448501345			
966.8600721	9	5	86	0.930090459	0.002393362304		2.756508104	21.27983637	75.96365552				50.03434937	2.044396074	47.92125456	0	0	0	-966.8600721	0.930090459	14028.2843565587	-966.8600721	0.002393362304			
964.3000721	9	5	86	0.9302707226	0.002339732974		2.744983911	21.2613888	75.99362729				50.14525109	1.999328124	47.85542078	0	0	0	-964.3000721	0.9302707226	14382.2042703823	-964.3000721	0.002339732974			
961.7400721	9	5	86	0.9304465643	0.002287560535		2.733504232	21.24249926	76.02399651				50.25395486	1.95520739	47.79083775	0	0	0	-961.7400721	0.9304465643	14742.6384098609	-961.7400721	0.002287560535			
959.1800721	9	5	86	0.9306181203	0.002236794262		2.722067081	21.22318228	76.05475063				50.3605102	1.912012378	47.72747742	0	0	0	-959.1800721	0.9306181203	15109.7010156147	-959.1800721	0.002236794262			
956.6200721	9	5	86	0.9307855213	0.00218738545		2.710670617	21.20345167	76.08587771				50.46496529	1.869722148	47.66531256	0	0	0	-956.6200721	0.9307855213	15483.5117043978	-956.6200721	0.00218738545			
954.0600721	9	5	86	0.9309488928	0.002139287338		2.699313138	21.18332052	76.11736634				50.56736694	1.828316311	47.60431675	0	0	0	-954.0600721	0.9309488928	15864.1898753178	-954.0600721	0.002139287338			
951.5000721	9	5	86	0.9311083554	0.002092455029		2.687993066	21.16280127	76.14920567				50.66776065	1.787775008	47.54446434	0	0	0	-951.5000721	0.9311083554	16251.852349754	-951.5000721	0.002092455029			
948.9400721	9	5	86	0.9312640251	0.002046845421		2.676708945	21.14190572	76.18138533				50.76619067	1.748078901	47.48573043	0	0	0	-948.9400721	0.9312640251	16646.627563316	-948.9400721	0.002046845421			
946.3800721	9	5	86	0.9314160133	0.00200241713		2.665459434	21.12064509	76.21389547				50.8627	1.709209159	47.42809084	0	0	0	-946.3800721	0.9314160133	17048.6487884901	-946.3800721	0.00200241713			
943.8200721	9	5	86	0.9315644272	0.001959130425		2.654243297	21.09903003	76.24672668				50.95733047	1.671147445	47.37152208	0	0	0	-943.8200721	0.9315644272	17458.0553518049	-943.8200721	0.001959130425			
941.2600721	9	5	86	0.9317093698	0.001916947156		2.643059399	21.07707063	76.27986998				51.05012274	1.633875902	47.31600136	0	0	0	-941.2600721	0.9317093698	17874.9829129672	-941.2600721	0.001916947156			
938.7000721	9	5	86	0.9318509404	0.001875830857		2.631906711	21.05477645	76.31331684				51.14111634	1.597377141	47.26150652	0	0	0	-938.7000721	0.9318509404	18299.5702209294	-938.7000721	0.001875830857			
936.1400721	9	5	86	0.9319892345	0.001835746011		2.620784274	21.03215663	76.34705909				51.23034974	1.56163423	47.20801603	0	0	0	-936.1400721	0.9319892345	18731.9825590946	-936.1400721	0.001835746011			
933.5800721	9	5	86	0.9321243439	0.001796659006		2.609691225	21.00921982	76.38108896				51.31786035	1.526630677	47.15550897	0	0	0	-933.5800721	0.9321243439	19172.3722319671	-933.5800721	0.001796659006			
931.0200721	9	5	86	0.9322563572	0.00175853739		2.59862678	20.98597419	76.41539903				51.40368456	1.492350421	47.10396501	0	0	0	-931.0200721	0.9322563572	19620.8835165347	-931.0200721	0.00175853739			
928.4600721	9	5	86	0.9323853598	0.001721349989		2.58759023	20.96242753	76.44998224				51.48785778	1.45877782	47.0533644	0	0	0	-928.4600721	0.9323853598	20077.6943365379	-928.4600721	0.001721349989			
925.9000721	9	5	86	0.9325114338	0.001685066851		2.576580939	20.9385872	76.48483186				51.57041446	1.425897634	47.0036879	0	0	0	-925.9000721	0.9325114338	20542.9783854932	-925.9000721	0.001685066851			
923.3400721	9	5	86	0.9326346585	0.001649659195		2.565598339	20.9144602	76.51994146				51.65138813	1.393695021	46.95491685	0	0	0	-923.3400721	0.9326346585	21016.8972626045	-923.3400721	0.001649659195			
920.7800721	9	5	86	0.9327551104	0.001615099361		2.554641924	20.89005315	76.55530492				51.73081141	1.362155518	46.90703307	0	0	0	-920.7800721	0.9327551104	21499.6289005942	-920.7800721	0.001615099361			
918.2200721	9	5	86	0.9328728633	0.001581360868		2.543711256	20.8653723	76.59091644				51.80871607	1.331265035	46.8600189	0	0	0	-918.2200721	0.9328728633	21991.3702265137	-918.2200721	0.001581360868			
915.6600721	9	5	86	0.9329879883	0.001548417941		2.532805943	20.84042362	76.62677044				51.88513305	1.301009843	46.81385711	0	0	0	-915.6600721	0.9329879883	22492.328047016	-915.6600721	0.001548417941			
913.1000721	9	5	86	0.933100554	0.001516246112		2.521925653	20.81521272	76.66286163				51.96009246	1.27137656	46.76853098	0	0	0	-913.1000721	0.933100554	23002.6773954909	-913.1000721	0.001516246112			
910.5400721	9	5	86	0.9332106269	0.001484821745		2.511070104	20.78974494	76.69918496				52.03362365	1.242352146	46.7240242	0	0	0	-910.5400721	0.9332106269	23522.6325759458	-910.5400721	0.001484821745			
907.9800721	9	5	86	0.9333182709	0.001454122104		2.500239064	20.76402529	76.73573565				52.10575519	1.213923888	46.68032093	0	0	0	-907.9800721	0.9333182709	24052.3979404254	-907.9800721	0.001454122104			
905.4200721	9	5	86	0.9334235481	0.001424125319		2.489432348	20.73805854	76.77250912				52.17651491	1.186079394	46.6374057	0	0	0	-905.4200721	0.9334235481	24592.2014184324	-905.4200721	0.001424125319			
902.8600721	9	5	86	0.9335265181	0.001394810342		2.478649814	20.71184916	76.80950103				52.24592995	1.15880658	46.59526347	0	0	0	-902.8600721	0.9335265181	25142.2681994343	-902.8600721	0.001394810342			
900.3000721	9	5	86	0.9336272389	0.001366156916		2.467891362	20.6854014	76.84670724				52.31402675	1.132093663	46.55387959	0	0	0	-900.3000721	0.9336272389	25717.5468228978	-900.3000721	0.001366156916			
897.7400721	9	5	86	0.9337256572	0.001336663301		2.4570733	20.65897117	76.88395553				52.38075716	1.10595782	46.51328502	0	0	0	-897.7400721	0.9337256572	26288.059099868	-897.7400721	0.001336663301			
895.1800721	9	5	86	0.9338220464	0.0013107701		2.446362498	20.63205992	76.92157758				52.44629478	1.080329973	46.47337525	0	0	0	-895.1800721	0.9338220464	26856.0085190374	-895.1800721	0.0013107701			
892.6200721	9	5	86	0.9339163492	0.001283993777		2.43567623	20.6049197	76.95940407				52.51058995	1.055228251	46.4341818	0	0	0	-892.6200721	0.9339163492	27449.4709704363	-892.6200721	0.001283993777			
890.0600721	9	5	86	0.9340086154	0.001257794016		2.425013765	20.57755642	76.99742982				52.57366595	1.030642217	46.39569183	0	0	0	-890.0600721	0.9340086154	28054.5445055204	-890.0600721	0.001257794016			
887.5000721	9	5	86	0.9340988941	0.001232166036		2.414375214	20.54997313	77.03565166				52.63554612	1.006561445	46.35789244	0	0	0	-887.5000721	0.9340988941	28671.3842648859	-887.5000721	0.001232166036			
884.9400721	9	5	86	0.9341872328	0.001207092578		2.40376065	20.52217285	77.0740665				52.69625318	0.9829757812	46.32077104	0	0	0	-884.9400721	0.9341872328	29300.2975619757	-884.9400721	0.001207092578			
882.3800721	9	5	86	0.9342736774	0.001182558088		2.393170178	20.49415843	77.1126714				52.75580931	0.9598753111	46.28431538	0	0	0	-882.3800721	0.9342736774	29941.5718837797	-882.3800721	0.001182558088			
879.8200721	9	5	86	0.9343582725	0.00115854758		2.382603927	20.4659325	77.15146357				52.81423616	0.9372503571	46.24851348	0	0	0	-879.8200721	0.9343582725	30595.4910975308	-879.8200721	0.00115854758			
877.2600721	9	5	86	0.9344410613	0.001135046606		2.372062055	20.43749755	77.19044039				52.87155487	0.9150914687	46.21335366	0	0	0	-877.2600721	0.9344410613	31262.3851132046	-877.2600721	0.001135046606			
874.7000721	9	5	86	0.9345220856	0.001112041232		2.361544746	20.40885589	77.22959937				52.92778606	0.893389417	46.17882453	0	0	0	-874.7000721	0.9345220856	31942.5561136158	-874.7000721	0.001112041232			
872.1400721	9	5	86	0.9346013861	0.001089518016		2.351052204	20.38000966	77.26893814				52.98294988	0.8721351871	46.14491493	0	0	0	-872.1400721	0.9346013861	32636.3179943646	-872.1400721	0.001089518016			
869.5800721	9	5	86	0.9346790022	0.001067463989		2.340584661	20.35096086	77.30845448				53.03706603	0.8513199728	46.11161399	0	0	0	-869.5800721	0.9346790022	33344.0550095257	-869.5800721	0.001067463989			
867.0200721	9	5	86	0.934754972	0.001045866638		2.330142368	20.32171132	77.34814631				53.09015373	0.8309351697	46.0789111	0	0	0	-867.0200721	0.934754972	34066.0729511591	-867.0200721	0.001045866638			
864.4600721	9	5	86	0.9348293328	0.001024713883		2.319725597	20.29226275	77.38801166				53.14223177	0.8109723699	46.04679586	0	0	0	-864.4600721	0.9348293328	34802.7609831589	-864.4600721	0.001024713883			
861.9000721	9	5	86	0.9349021204	0.001003994063		2.309334642	20.26261669	77.42804867				53.19331852	0.7914233558	46.01525813	0	0	0	-861.9000721	0.9349021204	35554.5308310197	-861.9000721	0.001003994063			
859.3400721	9	5	86	0.9349733698	0.0009836959188		2.298969813	20.23277457	77.46825562				53.24343192	0.7722800948	45.98428799	0	0	0	-859.3400721	0.9349733698	36321.6876919079	-859.3400721	0.0009836959188			
856.7800721	9	5	86	0.9350431151	0.000963808576		2.288631442	20.20273768	77.50863088				53.29258952	0.7535347337	45.95387574	0	0	0	-856.7800721	0.9350431151	37104.6651663144	-856.7800721	0.000963808576			
854.2200721	9	5	86	0.9351113892	0.0009443216472		2.278319888	20.17250714	77.54917297				53.34080848	0.7351795931	45.92401192	0	0	0	-854.2200721	0.9351113892	37903.900491337	-854.2200721	0.0009443216472			
851.6600721	9	5	86	0.9351782242	0.0009252247459		2.268035504	20.14208404	77.58988046				53.3881056	0.7172071645	45.89468724	0	0	0	-851.6600721	0.9351782242	38719.8182749128	-851.6600721	0.0009252247459			
849.1000721	9	5	86	0.9352436512	0.0009065081865		2.257778672	20.11146929	77.63075204				53.43449728	0.699610103	45.86589261	0	0	0	-849.1000721	0.9352436512	39552.8082609309	-849.1000721	0.0009065081865			
846.5400721	9	5	86	0.9353077007	0.0008881624904		2.247549787	20.08066372	77.6717865				53.47999961	0.6823812236	45.83761917	0	0	0	-846.5400721	0.9353077007	40403.3636144319	-846.5400721	0.0008881624904			
843.9800721	9	5	86	0.935370402	0.0008701784941		2.237349264	20.04966801	77.71298273				53.52462829	0.6655134965	45.80985821	0	0	0	-843.9800721	0.935370402	41272.0031232336	-843.9800721	0.0008701784941			
841.4200721	9	5	86	0.9354317838	0.0008525473374		2.227177527	20.01848276	77.75433972				53.56839872	0.6490000426	45.78260123	0	0	0	-841.4200721	0.9354317838	42159.1268286282	-841.4200721	0.0008525473374			
838.8600721	9	5	86	0.9354918741	0.0008352604516		2.217035019	19.98710845	77.79585653				53.61132597	0.6328341295	45.75583991	0	0	0	-838.8600721	0.9354918741	43065.2661833536	-838.8600721	0.0008352604516			
836.3000721	9	5	86	0.9355507	0.0008183095484		2.206922193	19.95554547	77.83753234				53.65342476	0.6170091673	45.72956607	0	0	0	-836.3000721	0.9355507	43990.9889920902	-836.3000721	0.0008183095484			
833.7400721	9	5	86	0.9356082879	0.0008016866092		2.196839517	19.9237941	77.87936639				53.69470956	0.6015187044	45.70377174	0	0	0	-833.7400721	0.9356082879	44936.7517169782	-833.7400721	0.0008016866092			
831.1800721	9	5	86	0.9356646637	0.0007853838747		2.186787472	19.89185453	77.921358				53.7351945	0.5863564239	45.67844907	0	0	0	-831.1800721	0.9356646637	45903.1707244332	-831.1800721	0.0007853838747			
828.6200721	9	5	86	0.9357198523	0.0007693938352		2.176766551	19.85972685	77.9635066				53.77489345	0.5715161398	45.65359041	0	0	0	-828.6200721	0.9357198523	46890.8497546091	-828.6200721	0.0007693938352			
826.0600721	9	5	86	0.9357738782	0.0007537092213		2.166777258	19.82741107	78.00581167				53.81381998	0.5569917934	45.62918823	0	0	0	-826.0600721	0.9357738782	47900.3202111968	-826.0600721	0.0007537092213			
823.5000721	9	5	86	0.9358267652	0.0007383230212		2.156820152	19.79490638	78.04827347				53.85198739	0.5427774497	45.60523516	0	0	0	-823.5000721	0.9358267652	48932.2284951467	-823.5000721	0.0007383230212			
820.9400721	9	5	86	0.9358785365	0.0007232283659		2.14689568	19.76221404	78.09089028				53.88940874	0.528867294	45.58172397	0	0	0	-820.9400721	0.9358785365	49987.170791445	-820.9400721	0.0007232283659			
818.3800721	9	5	86	0.9359292148	0.0007084186807		2.137004422	19.72933307	78.13366251				53.9260968	0.5152556289	45.55864757	0	0	0	-818.3800721	0.9359292148	51065.8893176752	-818.3800721	0.0007084186807			
815.8200721	9	5	86	0.935978822	0.0006938875706		2.127146929	19.69626313	78.17658994				53.96206412	0.5019368707	45.53599901	0	0	0	-815.8200721	0.935978822	52169.0048085834	-815.8200721	0.0006938875706			
813.2600721	9	5	86	0.9360273798	0.0006796288394		2.117323764	19.66300379	78.21967244				53.99732298	0.4889055469	45.51377147	0	0	0	-813.2600721	0.9360273798	53297.1996398326	-813.2600721	0.0006796288394			
810.7000721	9	5	86	0.9360749091	0.0006656364822		2.107535499	19.62955456	78.26290994				54.03188545	0.4761562927	45.49195825	0	0	0	-810.7000721	0.9360749091	54451.3491828393	-810.7000721	0.0006656364822			
808.1400721	9	5	86	0.9361214303	0.0006519046789		2.097782718	19.59591484	78.30630244				54.06576336	0.4636838483	45.47055279	0	0	0	-808.1400721	0.9361214303	55632.1013300655	-808.1400721	0.0006519046789			
805.5800721	9	5	86	0.9361669635	0.0006384277871		2.088066014	19.56208397	78.34985002				54.09896831	0.4514830562	45.44954864	0	0	0	-805.5800721	0.9361669635	56840.2079142364	-805.5800721	0.0006384277871			
803.0200721	9	5	86	0.9362115282	0.0006252003356		2.078385993	19.5280612	78.39355281				54.13151169	0.4395488585	45.42893945	0	0	0	-803.0200721	0.9362115282	58076.5844703803	-803.0200721	0.0006252003356			
800.4600721	9	5	86	0.9362551434	0.0006122170188		2.06874327	19.49384573	78.437411				54.16340469	0.4278762943	45.40871902	0	0	0	-800.4600721	0.9362551434	59342.0776025538	-800.4600721	0.0006122170188			
797.9000721	9	5	86	0.9362978277	0.0005994726899		2.059138469	19.45943666	78.48142487				54.19465827	0.416460497	45.38888123	0	0	0	-797.9000721	0.9362978277	60637.4417218602	-797.9000721	0.0005994726899			
795.3400721	9	5	86	0.9363395994	0.0005869623562		2.049572227	19.42483303	78.52559474				54.22528322	0.4052966921	45.36942008	0	0	0	-795.3400721	0.9363395994	61963.703576393	-795.3400721	0.0005869623562			
792.7800721	9	5	86	0.9363804761	0.0005746811727		2.040045191	19.3900338	78.56992101				54.25529012	0.3943801948	45.35032968	0	0	0	-792.7800721	0.9363804761	63321.7758400843	-792.7800721	0.0005746811727			
790.2200721	9	5	86	0.9364204753	0.0005626244375		2.030558017	19.35503785	78.61440413				54.28468936	0.3837064074	45.33160423	0	0	0	-790.2200721	0.9364204753	64712.4934113915	-790.2200721	0.0005626244375			
787.6600721	9	5	86	0.936459614	0.0005507875863		2.021111372	19.31984402	78.65904461				54.31349114	0.3732708176	45.31323804	0	0	0	-787.6600721	0.936459614	66137.1397201989	-787.6600721	0.0005507875863			
785.1000721	9	5	86	0.9364979086	0.0005391661881		2.011705936	19.28445104	78.70384302				54.34170551	0.3630689958	45.2952255	0	0	0	-785.1000721	0.9364979086	67596.7268651291	-785.1000721	0.0005391661881			
782.5400721	9	5	86	0.9365353754	0.0005277559399		2.002342397	19.2488576	78.74880001				54.36934231	0.3530965934	45.2775611	0	0	0	-782.5400721	0.9365353754	69092.0680841266	-782.5400721	0.0005277559399			
779.9800721	9	5	86	0.9365720304	0.0005165526626		1.993021455	19.21306229	78.79391625				54.39641123	0.343349341	45.26023943	0	0	0	-779.9800721	0.9365720304	70624.4802337164	-779.9800721	0.0005165526626			
777.4200721	9	5	86	0.936607889	0.0005055522967		1.983743822	19.17706366	78.83919252				54.42292179	0.3338230456	45.24325517	0	0	0	-777.4200721	0.936607889	72195.2473108909	-777.4200721	0.0005055522967			
774.8600721	9	5	86	0.9366429664	0.0004947508978		1.974510219	19.14086017	78.88462962				54.44888335	0.3245135896	45.22660306	0	0	0	-774.8600721	0.9366429664	73805.4438098365	-774.8600721	0.0004947508978			
772.3000721	9	5	86	0.9366772775	0.0004841446332		1.965321382	19.10445021	78.93022841				54.47430512	0.3154169285	45.21027795	0	0	0	-772.3000721	0.9366772775	75456.4080961732	-772.3000721	0.0004841446332			
769.7400721	9	5	86	0.9367108368	0.0004737297774		1.956178057	19.06783211	78.97598983				54.49919614	0.3065290893	45.19427477	0	0	0	-769.7400721	0.9367108368	77149.3099641573	-769.7400721	0.0004737297774			
767.1800721	9	5	86	0.9367436587	0.0004635027088		1.947081001	19.03100413	79.02191487				54.52356532	0.2978461688	45.17858851	0	0	0	-767.1800721	0.9367436587	78904.8157644664	-767.1800721	0.0004635027088			
766.5400721	9	5	86	0.9367517468	0.0001142784152		1.944816302	19.02175589	79.03342781				54.52957429	0.2957069175	45.1747188	0	0	0	-766.5400721	0.9367517468	79369.4172663536	-766.5400721	0.0001142784152			
766.2200721	9	5	86	0.9367557725	5.6881551E-05		1.943685607	19.01712451	79.03918988				54.53256562	0.2946419825	45.1727924	0	0	0	-766.2200721	0.9367557725	79598.840579298	-766.2200721	5.6881551E-05			
766.0600721	9	5	86	0.9367577812	2.838403068E-05		1.943121056	19.01480567	79.04207328				54.53405836	0.2941106222	45.17183102	0	0	0	-766.0600721	0.9367577812	79762.9644225486	-766.0600721	2.838403068E-05			
766.0400721	9	5	86	0.9367580319	3.542084873E-06		1.943050035	19.01451749	79.04243247				54.53424464	0.2940443196	45.17171104	0	0	0	-766.0400721	0.9367580319	80140.5544767409	-766.0400721	3.542084873E-06			
766.0300721	9	5	86	0.9367581564	1.756340214E-06		1.943015165	19.01437099	79.04261384				54.53433719	0.294011133	45.17165168	0	0	0	-766.0300721	0.9367581564	77898.2418313321	-766.0300721	1.756340214E-06			
766.0100721	9	5	86	0.9367618832	2.130505848E-06	5.375015912E-05	1.942318222	19.0164388	79.04124298	36.12346147	0.4167363882	63.45980214	54.53543913	0.2939648879	45.17059598	0	0	0	-766.0100721	0.9367618832	10052.5531368583	-766.0100721	2.130505848E-06	5.375015912E-05	-0.0752215380828836	
765.9900721	9	5	86	0.9367635325	2.969136425E-06	2.162804758E-05	1.94199582	19.01709698	79.04090721	36.12525418	0.4166100105	63.45813581	54.53599348	0.293906642	45.17009988	0	0	0	-765.9900721	0.9367635325	12106.5460237187	-765.9900721	2.969136425E-06	2.162804758E-05	0.483548890982335	
765.9500721	9	5	86	0.9367668474	5.957757931E-06	4.348772385E-05	1.941348104	19.01842488	79.04022702	36.12885644	0.4163569196	63.45478664	54.53710693	0.2937902621	45.16910281	0	0	0	-765.9500721	0.9367668474	12065.5162382675	-765.9500721	5.957757931E-06	4.348772385E-05	0.136710573818664	
765.8700721	9	5	86	0.9367734792	1.190820019E-05	8.701856883E-05	1.940053134	19.02108065	79.03886622	36.13606274	0.4158510378	63.44808622	54.53933386	0.2935576085	45.16710853	0	0	0	-765.8700721	0.9367734792	12060.6670944525	-765.8700721	1.190820019E-05	8.701856883E-05	0.136544916972521	
765.7100721	9	5	86	0.9367867508	2.378811295E-05	0.0001742140493	1.937465037	19.02639214	79.03614283	36.15047658	0.4148408149	63.4346826	54.54378794	0.2930927226	45.16311934	0	0	0	-765.7100721	0.9367867508	12049.5969176069	-765.7100721	2.378811295E-05	0.0001742140493	0.135469742663786	
765.3900721	9	5	86	0.9368133352	4.725467837E-05	0.0003494520809	1.932296165	19.03701502	79.03068882	36.1793299	0.4128252675	63.40784483	54.55269513	0.2921647408	45.15514013	0	0	0	-765.3900721	0.9368133352	12028.5322505013	-765.3900721	4.725467837E-05	0.0003494520809	0.133628291599785	
764.7500721	9	5	86	0.9368666184	9.409600565E-05	0.0007014908131	1.921987676	19.05826045	79.01975187	36.23712529	0.4088146118	63.3540601	54.57050988	0.290315573	45.13917455	0	0	0	-764.7500721	0.9368666184	11994.1243887161	-764.7500721	9.409600565E-05	0.0007014908131	0.131997199538272	
763.4700721	9	5	86	0.936973645	0.0001865364615	0.00141337364	1.901486741	19.10075289	78.99776037	36.35307692	0.4008745853	63.2460485	54.60613965	0.2866445581	45.10721579	0	0	0	-763.4700721	0.936973645	11924.6598341745	-763.4700721	0.0001865364615	0.00141337364	0.127806805958208	
760.9100721	9	5	86	0.9371896046	0.0003665302343	0.002869389417	1.860944412	19.18575516	78.95330043	36.58647333	0.3853158611	63.0282108	54.67740844	0.2794109519	45.04318061	0	0	0	-760.9100721	0.9371896046	11802.3077622623	-760.9100721	0.0003665302343	0.002869389417	-0.156593532802799	
758.3500721	9	5	86	0.9374074753	0.0003581845069	0.002919587958	1.821005504	19.27080468	78.90818982	36.82194594	0.3701788182	62.80787524	54.74870505	0.272320239	44.97897471	0	0	0	-758.3500721	0.9374074753	11696.0576468078	-758.3500721	0.0003581845069	0.002919587958	-0.161347226664528	
755.7900721	9	5	86	0.9376273778	0.0003500123648	0.00297189504	1.781656961	19.35593937	78.86240367	37.05961525	0.3554552249	62.58492953	54.82005129	0.265370538	44.91457817	0	0	0	-755.7900721	0.9376273778	11585.3945077708	-755.7900721	0.0003500123648	0.00297189504	-0.151698487510912	
753.2300721	9	5	86	0.937849432	0.0003420127759	0.003026321699	1.742888141	19.44119033	78.81592153	37.29959739	0.3411372065	62.35926541	54.89146744	0.258559884	44.84997267	0	0	0	-753.2300721	0.937849432	11470.3575687163	-753.2300721	0.0003420127759	0.003026321699	-0.142569617768511	
750.6700721	9	5	86	0.9380737691	0.0003341805027	0.003083089512	1.704687935	19.52659265	78.76871941	37.5420172	0.3272170279	62.13076577	54.96297571	0.2518863577	44.78513793	0	0	0	-750.6700721	0.9380737691	11350.7635788461	-750.6700721	0.0003341805027	0.003083089512	-0.133742511566852	
748.1100721	9	5	86	0.938300529	0.0003265123734	0.00314238223	1.667045462	19.61218293	78.7207716	37.78700572	0.3136871319	61.89930715	55.03459944	0.2453480546	44.72005251	0	0	0	-748.1100721	0.938300529	11226.502587586	-748.1100721	0.0003265123734	0.00314238223	-0.125278201024522	
745.5500721	9	5	86	0.9385298618	0.0003190053779	0.00320440117	1.629950052	19.69799938	78.67205057	38.03470071	0.3005401309	61.66475916	55.10636319	0.2389430847	44.65469372	0	0	0	-745.5500721	0.9385298618	11097.4676483979	-745.5500721	0.0003190053779	0.00320440117	-0.11717179992525	
742.9900721	9	5	86	0.9387619279	0.0003116566481	0.003269367485	1.59339123	19.78408201	78.62252676	38.28524726	0.2877687981	61.42698395	55.17829291	0.2326695724	44.58903752	0	0	0	-742.9900721	0.9387619279	10963.5587419554	-742.9900721	0.0003116566481	0.003269367485	-0.109417883632285	
740.4300721	9	5	86	0.9389968996	0.0003044634618	0.003337524714	1.557358699	19.87047279	78.57216851	38.53879839	0.2753660603	61.18583555	55.25041598	0.2265256569	44.52305836	0	0	0	-740.4300721	0.9389968996	10824.6681728259	-740.4300721	0.0003044634618	0.003337524714	-0.102010444593716	
737.8700721	9	5	86	0.939234962	0.0002974232437	0.003409141742	1.521842321	19.95721589	78.52094179	38.79551581	0.2633249901	60.94115919	55.32276142	0.2205094919	44.45672908	0	0	0	-737.8700721	0.939234962	10680.6821029304	-737.8700721	0.0002974232437	0.003409141742	-0.0949429754196878	
735.3100721	9	5	86	0.9394763149	0.0002905335682	0.003484516227	1.486832099	20.04435788	78.46881002	39.05557073	0.2516387995	60.69279047	55.39536002	0.2146192458	44.39002074	0	0	0	-735.3100721	0.9394763149	10531.4917064141	-735.3100721	0.0002905335682	0.003484516227	-0.0882085206431881	
732.7500721	9	5	86	0.9397211735	0.0002837921636	0.003563978602	1.452318158	20.131948	78.41573384	39.31914468	0.240300832	60.44055449	55.46824447	0.208853102	44.32290243	0	0	0	-732.7500721	0.9397211735	10376.9857336344	-732.7500721	0.0002837921636	0.003563978602	-0.0817997307355948	
730.1900721	9	5	86	0.9399697711	0.0002771969177	0.003647896746	1.418290725	20.2200384	78.36167087	39.58643057	0.2293045567	60.18426487	55.54144964	0.2032092587	44.2553411	0	0	0	-730.1900721	0.9399697711	10216.8406718161	-730.1900721	0.0002771969177	0.003647896746	-0.076111091820965	
727.6300721	9	5	86	0.9402223708	0.0002706551472	0.003736924979	1.384740108	20.30868453	78.30657537	39.85763379	0.2186435618	59.92372265	55.61501272	0.1976859291	44.18730135	0	0	0	-727.6300721	0.9402223708	10051.1481247652	-727.6300721	0.0002706551472	0.003736924979	-0.0703421024147946	
725.0700721	9	5	86	0.9404792371	0.000264347175	0.003831038336	1.351656672	20.39794542	78.25039791	40.13297344	0.2083115478	59.65871502	55.68897353	0.1922813413	44.11874513	0	0	0	-725.0700721	0.9404792371	9880.13031501796	-725.0700721	0.000264347175	0.003831038336	-0.0640444032091614	
722.5100721	9	5	86	0.9407406628	0.000258271798	0.003930824656	1.31903021	20.48788719	78.1930826	40.41268778	0.1983022827	59.38900993	55.76337582	0.1869937677	44.04963042	0	0	0	-722.5100721	0.9407406628	9703.40333908522	-722.5100721	0.000258271798	0.003930824656	-0.0588524513769489	
719.9500721	9	5	86	0.9410069776	0.0002522451296	0.004037137274	1.286852351	20.5785714	78.13457625	40.69701997	0.1886097531	59.11437028	55.83826341	0.1818214096	43.97991518	0	0	0	-719.9500721	0.9410069776	9520.63869955026	-719.9500721	0.0002522451296	0.004037137274	-0.0543742151311604	
717.3900721	9	5	86	0.9412785444	0.0002463553382	0.004150611143	1.255112872	20.6700736	78.07481352	40.98624351	0.1792279215	58.83452856	55.91368683	0.1767625701	43.9095506	0	0	0	-717.3900721	0.9412785444	9331.76328106782	-717.3900721	0.0002463553382	0.004150611143	-0.0497356892122265	
714.8300721	9	5	86	0.9415557575	0.0002406029952	0.004271924664	1.22380211	20.76247204	78.01372585	41.28064877	0.1701508791	58.54920035	55.98969961	0.1718155392	43.83848485	0	0	0	-714.8300721	0.9415557575	9136.73752940463	-714.8300721	0.0002406029952	0.004271924664	-0.0453780745208233	
712.2700721	9	5	86	0.9418390514	0.00023498748	0.004401935096	1.192910314	20.85585124	77.95123844	41.58054918	0.1613727997	58.25807802	56.06635976	0.1669786227	43.76666161	0	0	0	-712.2700721	0.9418390514	8935.43885665891	-712.2700721	0.00023498748	0.004401935096	-0.0412788733065738	
709.7100721	9	5	86	0.942128907	0.0002295084882	0.004541625322	1.162427607	20.95030291	77.88726948	41.88628412	0.1528879343	57.96082794	56.1437304	0.1622501427	43.69401946	0	0	0	-709.7100721	0.942128907	8727.74187004309	-709.7100721	0.0002295084882	0.004541625322	-0.037429217260374	
707.1500721	9	5	86	0.9424258581	0.0002241660788	0.004692127614	1.132343938	21.04592681	77.82172925	42.19822211	0.1446906051	57.65708728	56.22188038	0.1576284374	43.62049119	0	0	0	-707.1500721	0.9424258581	8513.52366777496	-707.1500721	0.0002241660788	0.004692127614	-0.0338202374916594	
704.5900721	9	5	86	0.9427304997	0.0002189607337	0.004854752984	1.102649033	21.1428319	77.75451906	42.51676458	0.1367751993	57.34646022	56.3008851	0.1531118621	43.54600304	0	0	0	-704.5900721	0.9427304997	8292.66183457017	-704.5900721	0.0002189607337	0.004854752984	-0.0304430930334109	
702.0300721	9	5	86	0.9430434975	0.0002138934306	0.005031027688	1.073332331	21.24113767	77.68553	42.84235033	0.1291361629	57.02851351	56.38082744	0.1486987888	43.47047377	0	0	0	-702.0300721	0.9430434975	8065.03067228335	-702.0300721	0.0002138934306	0.005031027688	-0.0272889945757014	
699.4700721	9	5	86	0.9433656002	0.0002089657376	0.005222738997	1.044382916	21.34097559	77.61464149	43.17546073	0.1217679939	56.70277128	56.46179883	0.1443876073	43.39381356	0	0	0	-699.4700721	0.9433656002	7830.50548012513	-699.4700721	0.0002089657376	0.005222738997	-0.0243492231976446	
696.9100721	9	5	86	0.9436976532	0.0002041799316	0.005431993109	1.01578943	21.44249107	77.5417195	43.51662598	0.1146652358	56.36870879	56.5439006	0.1401767254	43.31592267	0	0	0	-696.9100721	0.9436976532	7588.96611623902	-696.9100721	0.0002041799316	0.005431993109	-0.0216151780056111	
694.3500721	9	5	86	0.9440406165	0.0001995391488	0.005661288568	0.9875399775	21.54584557	77.46661446	43.86643129	0.1078224809	56.02574623	56.62724553	0.1360645698	43.2366899	0	0	0	-694.3500721	0.9440406165	7340.28997018444	-694.3500721	0.0001995391488	0.005661288568	-0.0190782820575775	
691.7900721	9	5	86	0.9443955863	0.0001950475986	0.005913613784	0.9596219996	21.65121935	77.38915866	44.22553088	0.1012343154	55.6732348	56.71195978	0.1320495865	43.15599064	0	0	0	-691.7900721	0.9443955863	7084.35796112746	-691.7900721	0.0001950475986	0.005913613784	-0.0167301122952661	
689.2300721	9	5	86	0.944763822	0.0001907108017	0.006192568359	0.9320221313	21.7588147	77.30916317	44.59465133	0.09489538172	55.31045329	56.79818525	0.1281302422	43.07368451	0	0	0	-689.2300721	0.944763822	6821.05573321942	-689.2300721	0.0001907108017	0.006192568359	-0.0145624684776099	
686.6700721	9	5	86	0.9451467801	0.0001865359523	0.006502529581	0.9047260185	21.86885999	77.22641399	44.97461012	0.08880031846	54.93658956	56.88608245	0.1243050255	42.98961252	0	0	0	-686.6700721	0.9451467801	6550.2678339959	-686.6700721	0.0001865359523	0.006502529581	-0.0125671833060318	
684.1100721	9	5	86	0.9455461584	0.0001825323789	0.006848871939	0.877718094	21.98161471	77.14066719	45.36633105	0.08294376038	54.55072519	56.97583414	0.1205724479	42.90359341	0	0	0	-684.1100721	0.9455461584	6271.88492074878	-684.1100721	0.0001825323789	0.006848871939	-0.0107362749566301	
681.5500721	9	5	86	0.9459639511	0.0001787121794	0.007238266001	0.8509812929	22.09737575	77.05164295	45.77086511	0.07732032292	54.15181457	57.06764985	0.1169310463	42.81541911	0	0	0	-681.5500721	0.9459639511	5985.80360914009	-681.5500721	0.0001787121794	0.007238266001	-0.00906191897092344	
678.9900721	9	5	86	0.9464025234	0.0001750910998	0.00767909108	0.8244966908	22.2164855	76.95901781	46.18941713	0.07192458331	53.73865829	57.16177168	0.1133793849	42.72484893	0	0	0	-678.9900721	0.9464025234	5691.92293576589	-678.9900721	0.0001750910998	0.00767909108	-0.00753645537161575	
676.4300721	9	5	86	0.9468647085	0.0001716897739	0.00818201546	0.7982430336	22.33934225	76.86241472	46.62337998	0.0667510566	53.30986896	57.25848186	0.1099160586	42.63160208	0	0	0	-676.4300721	0.9468647085	5390.15034671073	-676.4300721	0.0001716897739	0.00818201546	-0.00615239252944692	
673.8700721	9	5	86	0.9473539407	0.0001685355082	0.008760829051	0.7721961189	22.46641391	76.76138997	47.07437949	0.06179416469	52.86382635	57.3581126	0.1065396972	42.53534771	0	0	0	-673.8700721	0.9473539407	5080.39916090756	-673.8700721	0.0001685355082	0.008760829051	-0.00490241051839054	
671.3100721	9	5	86	0.9478744376	0.0001656649101	0.009433666181	0.7463279652	22.59825627	76.65541577	47.5443341	0.05704819518	52.39861771	57.46105928	0.1032489702	42.43569175	0	0	0	-671.3100721	0.9478744376	4762.59206084378	-671.3100721	0.0001656649101	0.009433666181	-0.00377936310686567	
668.7500721	9	5	86	0.9484314588	0.0001631278627	0.0102248491	0.7206056759	22.73553796	76.54385636	48.0355361	0.05250724522	51.91195666	57.56779856	0.1000425948	42.33215884	0	0	0	-668.7500721	0.9484314588	4436.65951256542	-668.7500721	0.0001631278627	0.0102248491	-0.00277627815646776	
666.1900721	9	5	86	0.9490316798	0.0001609937182	0.01116775258	0.6949898464	22.87907524	76.42593492	48.55076449	0.04816514264	51.40107036	57.67891351	0.09691934573	42.22416714	0	0	0	-666.1900721	0.9490316798	4102.54301339713	-666.1900721	0.0001609937182	0.01116775258	-0.00188635708896061	
663.6300721	9	5	86	0.9496837516	0.0001593612953	0.01230941427	0.6694322701	23.02988184	76.30068589	49.09344631	0.04401533167	50.86253835	57.79512976	0.09387806974	42.11099217	0	0	0	-663.6300721	0.9496837516	3760.19331444376	-663.6300721	0.0001593612953	0.01230941427	-0.00110297238204809	
661.0700721	9	5	86	0.9503991678	0.0001583756982	0.01371826853	0.6438725299	23.18924278	76.16688469	49.66789443	0.04005070123	50.29205487	57.91736901	0.09091770718	41.99171328	0	0	0	-661.0700721	0.9503991678	3409.57263570551	-661.0700721	0.0001583756982	0.01371826853	-0.000419660497867899	
658.5100721	9	5	86	0.9511936676	0.0001582580644	0.01549778183	0.618232734	23.35882758	76.02293969	50.27967344	0.03626330473	49.68406325	58.04683134	0.08803732447	41.86513134	0	0	0	-658.5100721	0.9511936676	3050.65617197285	-658.5100721	0.0001582580644	0.01549778183	0.00016987239403064	
655.9500721	9	5	86	0.9520896316	0.0001593613557	0.01781196917	0.5924090022	23.54087262	75.86671838	50.93617772	0.03264396521	49.03117831	58.18512763	0.08523616619	41.7296362	0	0	0	-655.9500721	0.9520896316	2683.43321602718	-655.9500721	0.0001593613557	0.01781196917	0.000671764388445917	
653.3900721	9	5	86	0.953120458	0.0001622835443	0.02093696032	0.5662568767	23.73849178	75.69525134	51.64763082	0.02918145086	48.32318773	58.33450569	0.08251374309	41.58298056	0	0	0	-653.3900721	0.953120458	2307.91554911187	-653.3900721	0.0001622835443	0.02093696032	0.00109203380895331	
650.8300721	9	5	86	0.9543392889	0.000168120417	0.02537583217	0.5395643811	23.95624705	75.50418857	52.42890686	0.02586102342	47.54523212	58.49826576	0.07986999222	41.42186425	0	0	0	-650.8300721	0.9543392889	1924.17381855058	-650.8300721	0.000168120417	0.02537583217	0.00143656468298327	
648.2700721	9	5	86	0.9558386242	0.0001791098429	0.03215032314	0.5119970226	24.20130673	75.28669625	53.30320292	0.02266147909	46.6741356	58.68160484	0.0773055988	41.24108956	0	0	0	-648.2700721	0.9558386242	1532.47445257908	-648.2700721	0.0001791098429	0.03215032314	0.00171230930279441	
645.7100721	9	5	86	0.957802909	0.0002006586773	0.04369873578	0.4829683496	24.48615677	75.03087488	54.31062116	0.01954791884	45.66983092	58.89359547	0.07482273794	41.0315818	0	0	0	-645.7100721	0.957802909	1134.05064459393	-645.7100721	0.0002006586773	0.04369873578	0.00192439732585253	
643.1500721	9	5	86	0.9606962514	0.0002495970786	0.06762397911	0.4512561114	24.83658609	74.71215779	55.53340395	0.01644974015	44.45014631	59.15301795	0.07242724497	40.77455481	0	0	0	-643.1500721	0.9606962514	737.159981307298	-643.1500721	0.0002495970786	0.06762397911	0.0020755229962813	
640.5900721	9	5	86	0.966502592	0.0004209393415	0.1464202891	0.4132273629	25.32837933	74.2583933	57.2114182	0.01315668772	42.77542511	59.51519347	0.07013837507	40.41466816	0	0	0	-640.5900721	0.966502592	333.738929780393	-640.5900721	0.0004209393415	0.1464202891	-0.0218165427824969	
639.9500721	9	5	86	0.9686832104	0.0001672105252	0.06458292453	0.4012458158	25.50417774	74.09457644	57.79893108	0.01221538431	42.18885353	59.64428508	0.06959084917	40.28612407	0	0	0	-639.9500721	0.9686832104	247.15730682436	-639.9500721	0.0001672105252	0.06458292453	3.52903117777709E-05	
639.3100721	9	5	86	0.9725745574	0.0002994070071	0.1235240819	0.3864680023	25.73823292	73.87529908	58.57014878	0.01111839687	41.41873282	59.8159637	0.0690628707	40.11497343	0	0	0	-639.3100721	0.9725745574	125.164091462268	-639.3100721	0.0002994070071	0.1235240819	0.000968922537621469	
638.9900721	9	5	86	0.9761804343	0.0003053517759	0.1308599773	0.3764780263	25.90888625	73.71463572	59.12420719	0.01041708844	40.86537572	59.94104971	0.06881442846	39.99013586	0	0	0	-638.9900721	0.9761804343	67.0782953412119	-638.9900721	0.0003053517759	0.1308599773	0.00119362984473814	
638.8300721	9	5	86	0.9796341622	0.0003311840222	0.1444353638	0.3694854264	26.03513986	73.59537471	59.52948354	0.009945652344	40.4605708	60.03356723	0.06870117264	39.8977316	0	0	0	-638.8300721	0.9796341622	34.506635210775	-638.8300721	0.0003311840222	0.1444353638	0.0019904085342574	
638.7500721	9	5	86	0.9832474739	0.0004024735564	0.1768483977	0.3643297741	26.1321713	73.50349893	59.83823641	0.009608371138	40.15215522	60.10466768	0.06865334972	39.82667897	0	0	0	-638.7500721	0.9832474739	16.6809969395447	-638.7500721	0.0004024735564	0.1768483977	0.00215790568154617	
638.7300721	9	5	86	0.9846161062	0.0001849440801	0.08144359218	0.3625064093	26.16733865	73.47015494	59.94955255	0.009491186511	40.04095627	60.13043793	0.06864419602	39.80091787	0	0	0	-638.7300721	0.9846161062	12.1467572280743	-638.7300721	0.0001849440801	0.08144359218	0.00241387387825504	
638.7100721	9	5	86	0.9874763716	0.0004207661704	0.1854194101	0.3599718519	26.2170061	73.42302204	60.10621509	0.009330137385	39.88445478	60.16683493	0.06863874894	39.76452632	0	0	0	-638.7100721	0.9874763716	5.14145209931909	-638.7100721	0.0004207661704	0.1854194101	0.00226866673590734	
638.7000721	9	5	86	0.9920220929	0.0008217588251	0.3620900288	0.3577471628	26.26136446	73.38088837	60.24560121	0.009190530352	39.74520826	60.19934199	0.06864102789	39.73201698	0	0	0	-638.7000721	0.9920220929	2.72938275925485	-638.7000721	0.0008217588251	0.3620900288	0.00227894820764741	
638.6900721	9	5	86	0.9952431322	0.0009146315448	0.4028044791	0.3566626124	26.28279988	73.36053751	60.31330703	0.009122680146	39.67757029	60.21509382	0.06863733757	39.71626884	0	0	0	-638.6900721	0.9952431322	4.42156222836708	-638.6900721	0.0009146315448	0.4028044791	0.0127366985685841	
638.6800721	9	5	86	0.9971636923	0.000914824566	0.4028196292	0.3561870346	26.29189317	73.3519198	60.34242164	0.009092743711	39.64848562	60.22181089	0.06863046272	39.70955865	0	0	0	-638.6800721	0.9971636923	7.415546106717	-638.6800721	0.000914824566	0.4028196292	0.00605599498770433	
638.6700721	9	5	86	0.9983088377	0.0009148453458	0.4028264588	0.3559776895	26.29557219	73.34845012	60.35460708	0.009079305561	39.63631361	60.22456052	0.06862221543	39.70681726	0	0	0	-638.6700721	0.9983088377	12.4368622004894	-638.6700721	0.0009148453458	0.4028264588	-0.0120054000543936	
638.6600721	9	5	86	0.9989916367	0.0009147908302	0.4028294058	0.3558822145	26.29693209	73.34718569	60.35954111	0.009072909551	39.63138598	60.22561096	0.06861337353	39.70577567	0	0	0	-638.6600721	0.9989916367	20.8582934386791	-638.6600721	0.0009147908302	0.4028294058	-0.0652371648030186	
638.6500721	9	5	86	0.999398759	0.0009147040664	0.4028304637	0.3558371717	26.29726422	73.34689861	60.36126154	0.009069629446	39.62966883	60.22590831	0.06860426848	39.70548742	0	0	0	-638.6500721	0.999398759	21.3607880107355	-638.6500721	0.0009147040664	0.4028304637	-0.0820149744217639	
638.6400721	9	5	86	1	0.002265291783	0.9977347082	0.3558087096	26.29725836	73.34693293	60.36192505	0.009067374171	39.62900758							-638.6400721	1	16.6322655973069	-638.6400721	0.002265291783	0.9977347082	0.00227026068327203	
638.6300721	9	5	86	1	0.002265291783	0.9977347082	0.3558087096	26.29725836	73.34693293	60.36192505	0.009067374171	39.62900758							-638.6300721	1	NaN	-638.6300721	0.002265291783	0.9977347082	NaN	
638.6100721	9	5	86	1	0.002265291783	0.9977347082	0.3558087096	26.29725836	73.34693293	60.36192505	0.009067374171	39.62900758							-638.6100721	1	NaN	-638.6100721	0.002265291783	0.9977347082	NaN	
638.5700721	9	5	86	1	0.002265291783	0.9977347082	0.3558087096	26.29725836	73.34693293	60.36192505	0.009067374171	39.62900758							-638.5700721	1	NaN	-638.5700721	0.002265291783	0.9977347082	NaN	
638.4900721	9	5	86	1	0.002265291783	0.9977347082	0.3558087096	26.29725836	73.34693293	60.36192505	0.009067374171	39.62900758							-638.4900721	1	NaN	-638.4900721	0.002265291783	0.9977347082	NaN	
638.3300721	9	5	86	1	0.002265291783	0.9977347082	0.3558087096	26.29725836	73.34693293	60.36192505	0.009067374171	39.62900758							-638.3300721	1	NaN	-638.3300721	0.002265291783	0.9977347082	NaN	
638.0100721	9	5	86	1	0.002265291783	0.9977347082	0.3558087096	26.29725836	73.34693293	60.36192505	0.009067374171	39.62900758							-638.0100721	1	NaN	-638.0100721	0.002265291783	0.9977347082	NaN	
637.3700721	9	5	86	1	0.002265291783	0.9977347082	0.3558087096	26.29725836	73.34693293	60.36192505	0.009067374171	39.62900758							-637.3700721	1	NaN	-637.3700721	0.002265291783	0.9977347082	NaN	
636.0900721	9	5	86	1	0.002265291783	0.9977347082	0.3558087096	26.29725836	73.34693293	60.36192505	0.009067374171	39.62900758							-636.0900721	1	NaN	-636.0900721	0.002265291783	0.9977347082	NaN	
633.5300721	9	5	86	1	0.002265291783	0.9977347082	0.3558087096	26.29725836	73.34693293	60.36192505	0.009067374171	39.62900758							-633.5300721	1	NaN	-633.5300721	0.002265291783	0.9977347082	NaN	
628.4100721	9	5	86	1	0.002265291783	0.9977347082	0.3558087096	26.29725836	73.34693293	60.36192505	0.009067374171	39.62900758							-628.4100721	1	NaN	-628.4100721	0.002265291783	0.9977347082	NaN	
623.2900721	9	5	86	1	0.002265291783	0.9977347082	0.3558087096	26.29725836	73.34693293	60.36192505	0.009067374171	39.62900758							-623.2900721	1	NaN	-623.2900721	0.002265291783	0.9977347082	NaN	
618.1700721	9	5	86	1	0.002265291783	0.9977347082	0.3558087096	26.29725836	73.34693293	60.36192505	0.009067374171	39.62900758							-618.1700721	1	NaN	-618.1700721	0.002265291783	0.9977347082	NaN	
613.0500721	9	5	86	1	0.002265291783	0.9977347082	0.3558087096	26.29725836	73.34693293	60.36192505	0.009067374171	39.62900758							-613.0500721	1	NaN	-613.0500721	0.002265291783	0.9977347082	NaN	
607.9300721	9	5	86	1	0.002265291783	0.9977347082	0.3558087096	26.29725836	73.34693293	60.36192505	0.009067374171	39.62900758							-607.9300721	1	NaN	-607.9300721	0.002265291783	0.9977347082	NaN	
602.8100721	9	5	86	1	0.002265291783	0.9977347082	0.3558087096	26.29725836	73.34693293	60.36192505	0.009067374171	39.62900758							-602.8100721	1	NaN	-602.8100721	0.002265291783	0.9977347082	NaN	
597.6900721	9	5	86	1	0.002265291783	0.9977347082	0.3558087096	26.29725836	73.34693293	60.36192505	0.009067374171	39.62900758							-597.6900721	1	NaN	-597.6900721	0.002265291783	0.9977347082	NaN	
592.5700721	9	5	86	1	0.002265291783	0.9977347082	0.3558087096	26.29725836	73.34693293	60.36192505	0.009067374171	39.62900758							-592.5700721	1	NaN	-592.5700721	0.002265291783	0.9977347082	NaN	
587.4500721	9	5	86	1	0.002265291783	0.9977347082	0.3558087096	26.29725836	73.34693293	60.36192505	0.009067374171	39.62900758							-587.4500721	1	NaN	-587.4500721	0.002265291783	0.9977347082	NaN	
582.3300721	9	5	86	1	0.002265291783	0.9977347082	0.3558087096	26.29725836	73.34693293	60.36192505	0.009067374171	39.62900758							-582.3300721	1	NaN	-582.3300721	0.002265291783	0.9977347082	NaN	
577.2100721	9	5	86	1	0.002265291783	0.9977347082	0.3558087096	26.29725836	73.34693293	60.36192505	0.009067374171	39.62900758							-577.2100721	1	NaN	-577.2100721	0.002265291783	0.9977347082	NaN	
572.0900721	9	5	86	1	0.002265291783	0.9977347082	0.3558087096	26.29725836	73.34693293	60.36192505	0.009067374171	39.62900758							-572.0900721	1	NaN	-572.0900721	0.002265291783	0.9977347082	NaN	
566.9700721	9	5	86	1	0.002265291783	0.9977347082	0.3558087096	26.29725836	73.34693293	60.36192505	0.009067374171	39.62900758							-566.9700721	1	NaN	-566.9700721	0.002265291783	0.9977347082	NaN	
561.8500721	9	5	86	1	0.002265291783	0.9977347082	0.3558087096	26.29725836	73.34693293	60.36192505	0.009067374171	39.62900758							-561.8500721	1	NaN	-561.8500721	0.002265291783	0.9977347082	NaN	
556.7300721	9	5	86	1	0.002265291783	0.9977347082	0.3558087096	26.29725836	73.34693293	60.36192505	0.009067374171	39.62900758							-556.7300721	1	NaN	-556.7300721	0.002265291783	0.9977347082	NaN	
551.6100721	9	5	86	1	0.002265291783	0.9977347082	0.3558087096	26.29725836	73.34693293	60.36192505	0.009067374171	39.62900758							-551.6100721	1	NaN	-551.6100721	0.002265291783	0.9977347082	NaN	
546.4900721	9	5	86	1	0.002265291783	0.9977347082	0.3558087096	26.29725836	73.34693293	60.36192505	0.009067374171	39.62900758							-546.4900721	1	NaN	-546.4900721	0.002265291783	0.9977347082	NaN	
541.3700721	9	5	86	1	0.002265291783	0.9977347082	0.3558087096	26.29725836	73.34693293	60.36192505	0.009067374171	39.62900758							-541.3700721	1	NaN	-541.3700721	0.002265291783	0.9977347082	NaN	
536.2500721	9	5	86	1	0.002265291783	0.9977347082	0.3558087096	26.29725836	73.34693293	60.36192505	0.009067374171	39.62900758							-536.2500721	1	NaN	-536.2500721	0.002265291783	0.9977347082	NaN	
531.1300721	9	5	86	1	0.002265291783	0.9977347082	0.3558087096	26.29725836	73.34693293	60.36192505	0.009067374171	39.62900758							-531.1300721	1	NaN	-531.1300721	0.002265291783	0.9977347082	NaN	
526.0100721	9	5	86	1	0.002265291783	0.9977347082	0.3558087096	26.29725836	73.34693293	60.36192505	0.009067374171	39.62900758							-526.0100721	1	NaN	-526.0100721	0.002265291783	0.9977347082	NaN	
520.8900721	9	5	86	1	0.002265291783	0.9977347082	0.3558087096	26.29725836	73.34693293	60.36192505	0.009067374171	39.62900758							-520.8900721	1	NaN	-520.8900721	0.002265291783	0.9977347082	NaN	
515.7700721	9	5	86	1	0.002265291783	0.9977347082	0.3558087096	26.29725836	73.34693293	60.36192505	0.009067374171	39.62900758							-515.7700721	1	NaN	-515.7700721	0.002265291783	0.9977347082	NaN	
510.6500721	9	5	86	1	0.002265291783	0.9977347082	0.3558087096	26.29725836	73.34693293	60.36192505	0.009067374171	39.62900758							-510.6500721	1	NaN	-510.6500721	0.002265291783	0.9977347082	NaN	
505.5300721	9	5	86	1	0.002265291783	0.9977347082	0.3558087096	26.29725836	73.34693293	60.36192505	0.009067374171	39.62900758							-505.5300721	1	NaN	-505.5300721	0.002265291783	0.9977347082	NaN	
500.4100721	9	5	86	1	0.002265291783	0.9977347082	0.3558087096	26.29725836	73.34693293	60.36192505	0.009067374171	39.62900758							-500.4100721	1	NaN	-500.4100721	0.002265291783	0.9977347082	NaN	
495.2900721	9	5	86	1	0.002265291783	0.9977347082	0.3558087096	26.29725836	73.34693293	60.36192505	0.009067374171	39.62900758							-495.2900721	1	NaN	-495.2900721	0.002265291783	0.9977347082	NaN	
490.1700721	9	5	86	1	0.002265291783	0.9977347082	0.3558087096	26.29725836	73.34693293	60.36192505	0.009067374171	39.62900758							-490.1700721	1	NaN	-490.1700721	0.002265291783	0.9977347082	NaN	
485.0500721	9	5	86	1	0.002265291783	0.9977347082	0.3558087096	26.29725836	73.34693293	60.36192505	0.009067374171	39.62900758							-485.0500721	1	NaN	-485.0500721	0.002265291783	0.9977347082	NaN	
479.9300721	9	5	86	1	0.002265291783	0.9977347082	0.3558087096	26.29725836	73.34693293	60.36192505	0.009067374171	39.62900758							-479.9300721	1	NaN	-479.9300721	0.002265291783	0.9977347082	NaN	
474.8100721	9	5	86	1	0.002265291783	0.9977347082	0.3558087096	26.29725836	73.34693293	60.36192505	0.009067374171	39.62900758							-474.8100721	1	NaN	-474.8100721	0.002265291783	0.9977347082	NaN	
469.6900721	9	5	86	1	0.002265291783	0.9977347082	0.3558087096	26.29725836	73.34693293	60.36192505	0.009067374171	39.62900758							-469.6900721	1	NaN	-469.6900721	0.002265291783	0.9977347082	NaN	
464.5700721	9	5	86	1	0.002265291783	0.9977347082	0.3558087096	26.29725836	73.34693293	60.36192505	0.009067374171	39.62900758							-464.5700721	1	NaN	-464.5700721	0.002265291783	0.9977347082	NaN	
459.4500721	9	5	86	1	0.002265291783	0.9977347082	0.3558087096	26.29725836	73.34693293	60.36192505	0.009067374171	39.62900758							-459.4500721	1	NaN	-459.4500721	0.002265291783	0.9977347082	NaN	
454.3300721	9	5	86	1	0.002265291783	0.9977347082	0.3558087096	26.29725836	73.34693293	60.36192505	0.009067374171	39.62900758							-454.3300721	1	NaN	-454.3300721	0.002265291783	0.9977347082	NaN	
449.2100721	9	5	86	1	0.002265291783	0.9977347082	0.3558087096	26.29725836	73.34693293	60.36192505	0.009067374171	39.62900758							-449.2100721	1	NaN	-449.2100721	0.002265291783	0.9977347082	NaN	
444.0900721	9	5	86	1	0.002265291783	0.9977347082	0.3558087096	26.29725836	73.34693293	60.36192505	0.009067374171	39.62900758							-444.0900721	1	NaN	-444.0900721	0.002265291783	0.9977347082	NaN	
438.9700721	9	5	86	1	0.002265291783	0.9977347082	0.3558087096	26.29725836	73.34693293	60.36192505	0.009067374171	39.62900758							-438.9700721	1	NaN	-438.9700721	0.002265291783	0.9977347082	NaN	
433.8500721	9	5	86	1	0.002265291783	0.9977347082	0.3558087096	26.29725836	73.34693293	60.36192505	0.009067374171	39.62900758							-433.8500721	1	NaN	-433.8500721	0.002265291783	0.9977347082	NaN	
428.7300721	9	5	86	1	0.002265291783	0.9977347082	0.3558087096	26.29725836	73.34693293	60.36192505	0.009067374171	39.62900758							-428.7300721	1	NaN	-428.7300721	0.002265291783	0.9977347082	NaN	
423.6100721	9	5	86	1	0.002265291783	0.9977347082	0.3558087096	26.29725836	73.34693293	60.36192505	0.009067374171	39.62900758							-423.6100721	1	NaN	-423.6100721	0.002265291783	0.9977347082	NaN	
418.4900721	9	5	86	1	0.002265291783	0.9977347082	0.3558087096	26.29725836	73.34693293	60.36192505	0.009067374171	39.62900758							-418.4900721	1	NaN	-418.4900721	0.002265291783	0.9977347082	NaN	
413.3700721	9	5	86	1	0.002265291783	0.9977347082	0.3558087096	26.29725836	73.34693293	60.36192505	0.009067374171	39.62900758							-413.3700721	1	NaN	-413.3700721	0.002265291783	0.9977347082	NaN	
408.2500721	9	5	86	1	0.002265291783	0.9977347082	0.3558087096	26.29725836	73.34693293	60.36192505	0.009067374171	39.62900758							-408.2500721	1	NaN	-408.2500721	0.002265291783	0.9977347082	NaN	
403.1300721	9	5	86	1	0.002265291783	0.9977347082	0.3558087096	26.29725836	73.34693293	60.36192505	0.009067374171	39.62900758							-403.1300721	1	NaN	-403.1300721	0.002265291783	0.9977347082	NaN	
398.0100721	9	5	86	1	0.002265291783	0.9977347082	0.3558087096	26.29725836	73.34693293	60.36192505	0.009067374171	39.62900758							-398.0100721	1	NaN	-398.0100721	0.002265291783	0.9977347082	NaN	
392.8900721	9	5	86	1	0.002265291783	0.9977347082	0.3558087096	26.29725836	73.34693293	60.36192505	0.009067374171	39.62900758							-392.8900721	1	NaN	-392.8900721	0.002265291783	0.9977347082	NaN	
387.7700721	9	5	86	1	0.002265291783	0.9977347082	0.3558087096	26.29725836	73.34693293	60.36192505	0.009067374171	39.62900758							-387.7700721	1	NaN	-387.7700721	0.002265291783	0.9977347082	NaN	
382.6500721	9	5	86	1	0.002265291783	0.9977347082	0.3558087096	26.29725836	73.34693293	60.36192505	0.009067374171	39.62900758							-382.6500721	1	NaN	-382.6500721	0.002265291783	0.9977347082	NaN	
377.5300721	9	5	86	1	0.002265291783	0.9977347082	0.3558087096	26.29725836	73.34693293	60.36192505	0.009067374171	39.62900758							-377.5300721	1	NaN	-377.5300721	0.002265291783	0.9977347082	NaN	
372.4100721	9	5	86	1	0.002265291783	0.9977347082	0.3558087096	26.29725836	73.34693293	60.36192505	0.009067374171	39.62900758							-372.4100721	1	NaN	-372.4100721	0.002265291783	0.9977347082	NaN	
367.2900721	9	5	86	1	0.002265291783	0.9977347082	0.3558087096	26.29725836	73.34693293	60.36192505	0.009067374171	39.62900758							-367.2900721	1	NaN	-367.2900721	0.002265291783	0.9977347082	NaN	
362.1700721	9	5	86	1	0.002265291783	0.9977347082	0.3558087096	26.29725836	73.34693293	60.36192505	0.009067374171	39.62900758							-362.1700721	1	NaN	-362.1700721	0.002265291783	0.9977347082	NaN	
357.0500721	9	5	86	1	0.002265291783	0.9977347082	0.3558087096	26.29725836	73.34693293	60.36192505	0.009067374171	39.62900758							-357.0500721	1	NaN	-357.0500721	0.002265291783	0.9977347082	NaN	
351.9300721	9	5	86	1	0.002265291783	0.9977347082	0.3558087096	26.29725836	73.34693293	60.36192505	0.009067374171	39.62900758							-351.9300721	1	NaN	-351.9300721	0.002265291783	0.9977347082	NaN	
346.8100721	9	5	86	1	0.002265291783	0.9977347082	0.3558087096	26.29725836	73.34693293	60.36192505	0.009067374171	39.62900758							-346.8100721	1	NaN	-346.8100721	0.002265291783	0.9977347082	NaN	
341.6900721	9	5	86	1	0.002265291783	0.9977347082	0.3558087096	26.29725836	73.34693293	60.36192505	0.009067374171	39.62900758							-341.6900721	1	NaN	-341.6900721	0.002265291783	0.9977347082	NaN	
336.5700721	9	5	86	1	0.002265291783	0.9977347082	0.3558087096	26.29725836	73.34693293	60.36192505	0.009067374171	39.62900758							-336.5700721	1	NaN	-336.5700721	0.002265291783	0.9977347082	NaN	
331.4500721	9	5	86	1	0.002265291783	0.9977347082	0.3558087096	26.29725836	73.34693293	60.36192505	0.009067374171	39.62900758							-331.4500721	1	NaN	-331.4500721	0.002265291783	0.9977347082	NaN	
326.3300721	9	5	86	1	0.002265291783	0.9977347082	0.3558087096	26.29725836	73.34693293	60.36192505	0.009067374171	39.62900758							-326.3300721	1	NaN	-326.3300721	0.002265291783	0.9977347082	NaN	
321.2100721	9	5	86	1	0.002265291783	0.9977347082	0.3558087096	26.29725836	73.34693293	60.36192505	0.009067374171	39.62900758							-321.2100721	1	NaN	-321.2100721	0.002265291783	0.9977347082	NaN	
316.0900721	9	5	86	1	0.002265291783	0.9977347082	0.3558087096	26.29725836	73.34693293	60.36192505	0.009067374171	39.62900758							-316.0900721	1	NaN	-316.0900721	0.002265291783	0.9977347082	NaN	
310.9700721	9	5	86	1	0.002265291783	0.9977347082	0.3558087096	26.29725836	73.34693293	60.36192505	0.009067374171	39.62900758							-310.9700721	1	NaN	-310.9700721	0.002265291783	0.9977347082	NaN	
305.8500721	9	5	86	1	0.002265291783	0.9977347082	0.3558087096	26.29725836	73.34693293	60.36192505	0.009067374171	39.62900758							-305.8500721	1	NaN	-305.8500721	0.002265291783	0.9977347082	NaN	
300.7300721	9	5	86	1	0.002265291783	0.9977347082	0.3558087096	26.29725836	73.34693293	60.36192505	0.009067374171	39.62900758							-300.7300721	1	NaN	-300.7300721	0.002265291783	0.9977347082	NaN	
300	9	5	86	1	0.002265291783	0.9977347082	0.3558087096	26.29725836	73.34693293	60.36192505	0.009067374171	39.62900758							-300	1	NaN	-300	0.002265291783	0.9977347082	NaN	
