T	w(CU)	w(FE)	w(TI)	fs	fw(@BCC_A2#1)	fw(@BCC_A2#2)	w(CU@BCC_A2#1)	w(FE@BCC_A2#1)	w(TI@BCC_A2#1)	w(CU@BCC_A2#2)	w(FE@BCC_A2#2)	w(TI@BCC_A2#2)	w(CU@LIQUID)	w(FE@LIQUID)	w(TI@LIQUID)	dwdT_L(CU@LIQUID)	dwdT_L(FE@LIQUID)	dwdT_L(TI@LIQUID)	-T	fs_1	-T//fs	-T_1	fw(@BCC_A2#1)_1	fw(@BCC_A2#2)_1	-T//fw(@BCC_A2)	
K	%	%	%	mole/mole	kg/kg	kg/kg	%	%	%	%	%	%	%	%	%	SI	SI	SI								
1755.125712	4	8	88	0	0		1.748600687	3.038960371	95.21243894				4	8	88	-0.0001633182615	-0.0003598779695	0.000523196231	-1755.125712	0	135.990549588063	-1755.125712	0			
1755.115712	4	8	88	7.351311962E-05	7.257131986E-05		1.748683299	3.039139666	95.21217703				4.000163239	8.000359658	87.9994771	0	0	0	-1755.115712	7.351311962E-05	136.069731670095	-1755.115712	7.257131986E-05			
1755.095712	4	8	88	0.0002204111711	0.0001450379841		1.748848517	3.039498279	95.2116532				4.000489771	8.001079187	87.99843104	0	0	0	-1755.095712	0.0002204111711	136.137917639018	-1755.095712	0.0001450379841			
1755.055712	4	8	88	0.0005142780412	0.0002901882437		1.749178928	3.040215548	95.21060552				4.001143174	8.002518995	87.99633783	0	0	0	-1755.055712	0.0005142780412	136.159844366832	-1755.055712	0.0002901882437			
1754.975712	4	8	88	0.001101445501	0.0005799868639		1.749840102	3.04165039	95.20850951				4.002449455	8.005397457	87.99215309	0	0	0	-1754.975712	0.001101445501	136.310189596066	-1754.975712	0.0005799868639			
1754.815712	4	8	88	0.002274158831	0.00115895407		1.751161863	3.04452028	95.20431786				4.005061431	8.011153081	87.98378549	0	0	0	-1754.815712	0.002274158831	136.558695547213	-1754.815712	0.00115895407			
1754.495712	4	8	88	0.004613272348	0.002314372137		1.753804582	3.05026175	95.19593367				4.010283003	8.022659165	87.96705783	0	0	0	-1754.495712	0.004613272348	137.050861068777	-1754.495712	0.002314372137			
1753.855712	4	8	88	0.009266396258	0.004614669945		1.75908681	3.061751464	95.17916173				4.020716661	8.045650685	87.93363265	0	0	0	-1753.855712	0.009266396258	138.03966471022	-1753.855712	0.004614669945			
1752.575712	4	8	88	0.01847341527	0.009173595882		1.769638442	3.084758076	95.14560348				4.041546312	8.091551232	87.86690246	0	0	0	-1752.575712	0.01847341527	140.104372400449	-1752.575712	0.009173595882			
1750.015712	4	8	88	0.03647421455	0.01810597101		1.790688244	3.130881668	95.07843009				4.083051957	8.183025616	87.73392243	0	0	0	-1750.015712	0.03647421455	144.561116173385	-1750.015712	0.01810597101			
1747.455712	4	8	88	0.05390903636	0.01786218371		1.811668978	3.177154447	95.01117657				4.124361475	8.274066788	87.60157174	0	0	0	-1747.455712	0.05390903636	149.222959306403	-1747.455712	0.01786218371			
1744.895712	4	8	88	0.07080236722	0.01762428465		1.83257943	3.223576723	94.94384385				4.165476909	8.364674146	87.46984894	0	0	0	-1744.895712	0.07080236722	153.969398492015	-1744.895712	0.01762428465			
1742.335712	4	8	88	0.08717847551	0.01739325741		1.853419678	3.27015156	94.87642876				4.206402739	8.454852183	87.33874508	0	0	0	-1742.335712	0.08717847551	158.796925466619	-1742.335712	0.01739325741			
1739.775712	4	8	88	0.1030599696	0.01716854525		1.874189394	3.316881195	94.80892941				4.24714269	8.544603789	87.20825352	0	0	0	-1739.775712	0.1030599696	163.706903532143	-1739.775712	0.01716854525			
1737.215712	4	8	88	0.1184681957	0.01694991102		1.89488823	3.363767884	94.74134389				4.287700445	8.633931821	87.07836773	0	0	0	-1737.215712	0.1184681957	168.699424396673	-1737.215712	0.01694991102			
1734.655712	4	8	88	0.133423326	0.0167371322		1.915515825	3.410813917	94.67367026				4.32807965	8.722839119	86.94908123	0	0	0	-1734.655712	0.133423326	173.774556317627	-1734.655712	0.0167371322			
1732.095712	4	8	88	0.1479444361	0.01652999694		1.936071803	3.458021613	94.60590658				4.368283919	8.811328504	86.82038758	0	0	0	-1732.095712	0.1479444361	178.932353198562	-1732.095712	0.01652999694			
1729.535712	4	8	88	0.162049578	0.01632830375		1.956555774	3.505393325	94.5380509				4.408316833	8.899402775	86.69228039	0	0	0	-1729.535712	0.162049578	184.172854102525	-1729.535712	0.01632830375			
1726.975712	4	8	88	0.1757558461	0.0161318609		1.976967332	3.552931433	94.47010124				4.448181943	8.98706471	86.56475335	0	0	0	-1726.975712	0.1757558461	189.49608372588	-1726.975712	0.0161318609			
1724.415712	4	8	88	0.1890794393	0.01594048585		1.997306058	3.600638351	94.40205559				4.48788277	9.074317069	86.43780016	0	0	0	-1724.415712	0.1890794393	194.902050952318	-1724.415712	0.01594048585			
1721.855712	4	8	88	0.2020357176	0.01575400473		2.017571516	3.648516525	94.33391196				4.527422808	9.161162589	86.3114146	0	0	0	-1721.855712	0.2020357176	200.390748731376	-1721.855712	0.01575400473			
1719.295712	4	8	88	0.2146392552	0.0155722518		2.037763257	3.696568434	94.26566831				4.566805523	9.247603987	86.18559049	0	0	0	-1719.295712	0.2146392552	205.962156027137	-1719.295712	0.0155722518			
1716.735712	4	8	88	0.2269038888	0.01539506903		2.057880816	3.744796587	94.1973226				4.60603436	9.333643958	86.06032168	0	0	0	-1716.735712	0.2269038888	211.616234143676	-1716.735712	0.01539506903			
1714.175712	4	8	88	0.2388427636	0.01522230562		2.077923714	3.79320353	94.12887276				4.645112737	9.41928518	85.93560208	0	0	0	-1714.175712	0.2388427636	217.352928110584	-1714.175712	0.01522230562			
1711.615712	4	8	88	0.2504683747	0.01505381766		2.097891456	3.841791842	94.0603167				4.684044052	9.504530306	85.81142564	0	0	0	-1711.615712	0.2504683747	223.172170677546	-1711.615712	0.01505381766			
1709.055712	4	8	88	0.2617926063	0.01488946769		2.117783532	3.890564134	93.99165233				4.722831681	9.589381969	85.68778635	0	0	0	-1709.055712	0.2617926063	229.073871799835	-1709.055712	0.01488946769			
1706.495712	4	8	88	0.2728267685	0.0147291244		2.137599418	3.939523054	93.92287753				4.761478982	9.673842782	85.56467824	0	0	0	-1706.495712	0.2728267685	235.057929816985	-1706.495712	0.0147291244			
1703.935712	4	8	88	0.2835816301	0.01457266224		2.157338573	3.988671285	93.85399014				4.799989295	9.757915338	85.44209537	0	0	0	-1703.935712	0.2835816301	241.124225537167	-1703.935712	0.01457266224			
1701.375712	4	8	88	0.294067451	0.01441996119		2.177000442	4.038011546	93.78498801				4.838365943	9.841602206	85.32003185	0	0	0	-1701.375712	0.294067451	247.272619547782	-1701.375712	0.01441996119			
1698.815712	4	8	88	0.3042940109	0.01427090641		2.196584452	4.087546591	93.71586896				4.876612232	9.924905936	85.19848183	0	0	0	-1698.815712	0.3042940109	253.502959476441	-1698.815712	0.01427090641			
1696.255712	4	8	88	0.3142706368	0.01412538798		2.216090018	4.137279213	93.64663077				4.914731457	10.00782906	85.07743949	0	0	0	-1696.255712	0.3142706368	259.815073682898	-1696.255712	0.01412538798			
1693.695712	4	8	88	0.3240062285	0.01398330069		2.235516535	4.18721224	93.57727122				4.952726898	10.09037407	84.95689903	0	0	0	-1693.695712	0.3240062285	266.20877018046	-1693.695712	0.01398330069			
1691.135712	4	8	88	0.3335092826	0.01384454373		2.254863386	4.237348541	93.50778807				4.990601822	10.17254348	84.8368547	0	0	0	-1691.135712	0.3335092826	272.683843008805	-1691.135712	0.01384454373			
1688.575712	4	8	88	0.3427879143	0.01370902056		2.274129934	4.287691021	93.43817904				5.02835949	10.25433973	84.71730078	0	0	0	-1688.575712	0.3427879143	279.240065755227	-1688.575712	0.01370902056			
1686.015712	4	8	88	0.3518498788	0.01357663858		2.293315529	4.338242626	93.36844185				5.066003149	10.33576527	84.59823158	0	0	0	-1686.015712	0.3518498788	285.877192754831	-1686.015712	0.01357663858			
1683.455712	4	8	88	0.3607025903	0.01344730906		2.312419502	4.389006339	93.29857416				5.10353604	10.41682253	84.47964143	0	0	0	-1683.455712	0.3607025903	292.594962760713	-1683.455712	0.01344730906			
1680.895712	4	8	88	0.3693531405	0.01332094687		2.331441168	4.439985187	93.22857364				5.140961397	10.4975139	84.3615247	0	0	0	-1680.895712	0.3693531405	299.393093680644	-1680.895712	0.01332094687			
1678.335712	4	8	88	0.3778083156	0.01319747034		2.350379825	4.491182237	93.15843794				5.178282449	10.57784177	84.24387579	0	0	0	-1678.335712	0.3778083156	306.271284872073	-1678.335712	0.01319747034			
1675.775712	4	8	88	0.3860746124	0.01307680106		2.369234756	4.542600595	93.08816465				5.215502418	10.65780849	84.1266891	0	0	0	-1675.775712	0.3860746124	313.229210285459	-1675.775712	0.01307680106			
1673.215712	4	8	88	0.3941582536	0.01295886381		2.388005223	4.594243413	93.01775136				5.252624527	10.73741639	84.00995908	0	0	0	-1673.215712	0.3941582536	320.266533789247	-1673.215712	0.01295886381			
1670.655712	4	8	88	0.4020652012	0.01284358629		2.406690473	4.646113883	92.94719564				5.289651992	10.81666781	83.8936802	0	0	0	-1670.655712	0.4020652012	327.382896855351	-1670.655712	0.01284358629			
1668.095712	4	8	88	0.4098011706	0.01273089911		2.425289735	4.698215243	92.87649502				5.326588031	10.89556501	83.77784695	0	0	0	-1668.095712	0.4098011706	334.57791269785	-1668.095712	0.01273089911			
1665.535712	4	8	88	0.4173716427	0.01262073555		2.443802219	4.750550774	92.80564701				5.36343586	10.97411029	83.66245385	0	0	0	-1665.535712	0.4173716427	341.851177600564	-1665.535712	0.01262073555			
1662.975712	4	8	88	0.4247818758	0.01251303153		2.462227119	4.803123802	92.73464908				5.4001987	11.05230588	83.54749541	0	0	0	-1662.975712	0.4247818758	349.202274416682	-1662.975712	0.01251303153			
1660.415712	4	8	88	0.4320369162	0.01240772543		2.480563608	4.855937699	92.66349869				5.436879771	11.13015402	83.43296621	0	0	0	-1660.415712	0.4320369162	356.630761396075	-1660.415712	0.01240772543			
1657.855712	4	8	88	0.4391416092	0.01230475801		2.498810841	4.908995882	92.59219328				5.473482298	11.20765691	83.31886079	0	0	0	-1657.855712	0.4391416092	364.136164044861	-1657.855712	0.01230475801			
1655.295712	4	8	88	0.4461006088	0.01220407229		2.516967956	4.962301818	92.52073023				5.510009511	11.28481673	83.20517376	0	0	0	-1655.295712	0.4461006088	371.717994381961	-1655.295712	0.01220407229			
1652.735712	4	8	88	0.4529183867	0.01210561348		2.53503407	5.01585902	92.44910691				5.546464645	11.36163565	83.09189971	0	0	0	-1652.735712	0.4529183867	379.375752680051	-1652.735712	0.01210561348			
1650.175712	4	8	88	0.4595992409	0.01200932886		2.553008282	5.069671048	92.37732067				5.582850945	11.43811579	82.97903326	0	0	0	-1650.175712	0.4595992409	387.108898715364	-1650.175712	0.01200932886			
1647.615712	4	8	88	0.4661473047	0.01191516769		2.570889671	5.123741514	92.30536882				5.619171662	11.51425928	82.86656906	0	0	0	-1647.615712	0.4661473047	394.916879908	-1647.615712	0.01191516769			
1645.055712	4	8	88	0.4725665534	0.01182308117		2.588677294	5.178074079	92.23324863				5.655430056	11.59006821	82.75450173	0	0	0	-1645.055712	0.4725665534	402.799115792947	-1645.055712	0.01182308117			
1642.495712	4	8	88	0.4788608128	0.01173302231		2.606370192	5.232672455	92.16095735				5.691629402	11.66554465	82.64282594	0	0	0	-1642.495712	0.4788608128	410.755004909613	-1642.495712	0.01173302231			
1639.935712	4	8	88	0.485033765	0.01164494589		2.623967382	5.287540404	92.08849221				5.727772984	11.74069065	82.53153637	0	0	0	-1639.935712	0.485033765	418.783926645832	-1639.935712	0.01164494589			
1637.375712	4	8	88	0.4910889559	0.01155880836		2.641467863	5.342681743	92.01585039				5.7638641	11.81550822	82.42062768	0	0	0	-1637.375712	0.4910889559	426.885224295992	-1637.375712	0.01155880836			
1634.815712	4	8	88	0.4970298009	0.01147456781		2.658870611	5.398100341	91.94302905				5.799906063	11.88999938	82.31009456	0	0	0	-1634.815712	0.4970298009	435.058229446707	-1634.815712	0.01147456781			
1632.255712	4	8	88	0.5028595909	0.01139218387		2.676174583	5.453800119	91.8700253				5.835902202	11.96416608	82.19993172	0	0	0	-1632.255712	0.5028595909	443.302236489472	-1632.255712	0.01139218387			
1629.695712	4	8	88	0.5085814981	0.01131161768		2.693378712	5.509785054	91.79683623				5.871855864	12.03801029	82.09013385	0	0	0	-1629.695712	0.5085814981	451.616528929337	-1629.695712	0.01131161768			
1627.135712	4	8	88	0.5141985807	0.01123283181		2.710481913	5.566059181	91.72345891				5.907770414	12.11153393	81.98069566	0	0	0	-1627.135712	0.5141985807	460.000355028237	-1627.135712	0.01123283181			
1624.575712	4	8	88	0.5197137887	0.01115579023		2.727483074	5.622626587	91.64989034				5.943649237	12.1847389	81.87161186	0	0	0	-1624.575712	0.5197137887	468.45293286105	-1624.575712	0.01115579023			
1622.015712	4	8	88	0.525129968	0.01108045823		2.744381066	5.679491419	91.57612751				5.979495741	12.25762709	81.76287717	0	0	0	-1622.015712	0.525129968	476.973472053457	-1622.015712	0.01108045823			
1619.455712	4	8	88	0.5304498651	0.01100680239		2.761174735	5.736657881	91.50216738				6.015313356	12.33020034	81.6544863	0	0	0	-1619.455712	0.5304498651	485.561138017334	-1619.455712	0.01100680239			
1616.895712	4	8	88	0.5356761316	0.01093479053		2.777862903	5.794130235	91.42800686				6.051105534	12.40246048	81.54643399	0	0	0	-1616.895712	0.5356761316	494.215080717521	-1616.895712	0.01093479053			
1614.335712	4	8	88	0.5408113278	0.01086439167		2.794444371	5.851912804	91.35364282				6.086875756	12.47440931	81.43871493	0	0	0	-1614.335712	0.5408113278	502.934422889243	-1614.335712	0.01086439167			
1611.775712	4	8	88	0.545857927	0.01079557597		2.810917917	5.91000997	91.27907211				6.12262753	12.54604861	81.33132386	0	0	0	-1611.775712	0.545857927	511.718242009468	-1611.775712	0.01079557597			
1609.215712	4	8	88	0.5508183191	0.01072831472		2.827282293	5.968426177	91.20429153				6.15836439	12.61738012	81.22425549	0	0	0	-1609.215712	0.5508183191	520.56560477303	-1609.215712	0.01072831472			
1606.655712	4	8	88	0.5556948138	0.01066258029		2.84353623	6.02716593	91.12929784				6.194089903	12.68840556	81.11750453	0	0	0	-1606.655712	0.5556948138	529.47556055119	-1606.655712	0.01066258029			
1604.095712	4	8	88	0.560489644	0.01059834606		2.859678432	6.086233798	91.05408777				6.229807666	12.75912664	81.0110657	0	0	0	-1604.095712	0.560489644	538.447107360716	-1604.095712	0.01059834606			
1601.535712	4	8	88	0.5652049693	0.01053558644		2.875707582	6.145634414	90.978658				6.265521312	12.829545	80.90493369	0	0	0	-1601.535712	0.5652049693	547.479224024132	-1601.535712	0.01053558644			
1598.975712	4	8	88	0.5698428785	0.01047427682		2.891622336	6.205372473	90.90300519				6.301234506	12.89966229	80.7991032	0	0	0	-1598.975712	0.5698428785	556.570855947326	-1598.975712	0.01047427682			
1596.415712	4	8	88	0.574405393	0.01041439351		2.907421324	6.265452738	90.82712594				6.336950951	12.96948012	80.69356892	0	0	0	-1596.415712	0.574405393	565.720932688887	-1596.415712	0.01041439351			
1593.855712	4	8	88	0.5788944688	0.01035591375		2.923103155	6.325880036	90.75101681				6.37267439	13.03900007	80.58832554	0	0	0	-1593.855712	0.5788944688	574.928340315434	-1593.855712	0.01035591375			
1591.295712	4	8	88	0.583312	0.01029881565		2.938666408	6.386659263	90.67467433				6.408408605	13.10822368	80.48336772	0	0	0	-1591.295712	0.583312	584.191936161674	-1591.295712	0.01029881565			
1588.735712	4	8	88	0.5876598204	0.01024307821		2.954109639	6.447795381	90.59809498				6.444157418	13.17715246	80.37869012	0	0	0	-1588.735712	0.5876598204	593.510559639069	-1588.735712	0.01024307821			
1586.175712	4	8	88	0.5919397065	0.01018868123		2.969431378	6.50929342	90.5212752				6.479924699	13.24578792	80.27428738	0	0	0	-1586.175712	0.5919397065	602.883002519883	-1586.175712	0.01018868123			
1583.615712	4	8	88	0.5961533794	0.01013560534		2.984630128	6.571158482	90.44421139				6.515714361	13.31413149	80.17015415	0	0	0	-1583.615712	0.5961533794	612.308038131382	-1583.615712	0.01013560534			
1581.055712	4	8	88	0.6003025071	0.01008383195		2.999704365	6.633395735	90.3668999				6.551530366	13.3821846	80.06628503	0	0	0	-1581.055712	0.6003025071	621.784409916143	-1581.055712	0.01008383195			
1578.495712	4	8	88	0.6043887064	0.01003334322		3.014652542	6.696010422	90.28933704				6.587376724	13.44994865	79.96267463	0	0	0	-1578.495712	0.6043887064	631.310830657527	-1578.495712	0.01003334322			
1575.935712	4	8	88	0.608413545	0.009984122096		3.02947308	6.759007855	90.21151906				6.623257499	13.51742498	79.85931753	0	0	0	-1575.935712	0.608413545	640.885952312512	-1575.935712	0.009984122096			
1573.375712	4	8	88	0.6123785436	0.009936152211		3.044164378	6.822393419	90.1334422				6.659176807	13.58461491	79.75620829	0	0	0	-1573.375712	0.6123785436	650.508440815738	-1573.375712	0.009936152211			
1570.815712	4	8	88	0.6162851769	0.009889417925		3.058724803	6.88617257	90.05510263				6.695138822	13.65151972	79.65334146	0	0	0	-1570.815712	0.6162851769	660.1769110209	-1570.815712	0.009889417925			
1568.255712	4	8	88	0.6201348763	0.009843904282		3.073152699	6.950350842	89.97649646				6.731147774	13.71814067	79.55071156	0	0	0	-1568.255712	0.6201348763	669.889918824804	-1568.255712	0.009843904282			
1565.695712	4	8	88	0.6239290309	0.009799597		3.087446381	7.014933839	89.89761978				6.767207956	13.78447895	79.44831309	0	0	0	-1565.695712	0.6239290309	679.646046210243	-1565.695712	0.009799597			
1563.135712	4	8	88	0.627668989	0.009756482453		3.101604135	7.079927242	89.81846862				6.803323721	13.85053575	79.34614053	0	0	0	-1563.135712	0.627668989	689.443785112578	-1563.135712	0.009756482453			
1560.575712	4	8	88	0.6313560603	0.009714547663		3.11562422	7.145336808	89.73903897				6.83949949	13.91631219	79.24418832	0	0	0	-1560.575712	0.6313560603	699.281627935936	-1560.575712	0.009714547663			
1558.015712	4	8	88	0.6349915163	0.009673780275		3.129504868	7.211168368	89.65932676				6.87573975	13.98180936	79.14245089	0	0	0	-1558.015712	0.6349915163	709.158029802119	-1558.015712	0.009673780275			
1555.455712	4	8	88	0.6385765927	0.009634168552		3.143244282	7.277427833	89.57932789				6.91204906	14.04702831	79.04092263	0	0	0	-1555.455712	0.6385765927	719.071396756903	-1555.455712	0.009634168552			
1552.895712	4	8	88	0.6421124899	0.009595701362		3.156840637	7.344121187	89.49903818				6.948432051	14.11197004	78.9395979	0	0	0	-1552.895712	0.6421124899	729.020135221532	-1552.895712	0.009595701362			
1550.335712	4	8	88	0.6456003747	0.009558368158		3.170292081	7.411254497	89.41845342				6.984893429	14.17663553	78.83847104	0	0	0	-1550.335712	0.6456003747	739.002575579569	-1550.335712	0.009558368158			
1547.775712	4	8	88	0.6490413815	0.009522158981		3.183596732	7.478833902	89.33756937				7.021437979	14.24102568	78.73753634	0	0	0	-1547.775712	0.6490413815	749.017041813961	-1547.775712	0.009522158981			
1545.215712	4	8	88	0.6524366132	0.009487064434		3.196752681	7.546865626	89.25638169				7.058070568	14.30514136	78.63678807	0	0	0	-1545.215712	0.6524366132	759.061830944887	-1545.215712	0.009487064434			
1542.655712	4	8	88	0.6557871425	0.009453075685		3.209757991	7.615355966	89.17488604				7.094796148	14.3689834	78.53622046	0	0	0	-1542.655712	0.6557871425	769.135181834097	-1542.655712	0.009453075685			
1540.095712	4	8	88	0.659094013	0.009420184449		3.222610695	7.684311303	89.093078				7.131619756	14.43255256	78.43582768	0	0	0	-1540.095712	0.659094013	779.235333036572	-1540.095712	0.009420184449			
1537.535712	4	8	88	0.6623582399	0.009388382986		3.2353088	7.753738094	89.01095311				7.168546523	14.49584958	78.3356039	0	0	0	-1537.535712	0.6623582399	789.360464511414	-1537.535712	0.009388382986			
1534.975712	4	8	88	0.6655808115	0.009357664086		3.247850284	7.823642877	88.92850684				7.205581669	14.55887511	78.23554322	0	0	0	-1534.975712	0.6655808115	799.508727792873	-1534.975712	0.009357664086			
1532.415712	4	8	88	0.6687626896	0.00932802107		3.260233098	7.89403227	88.84573463				7.242730517	14.62162977	78.13563971	0	0	0	-1532.415712	0.6687626896	809.678255908842	-1532.415712	0.00932802107			
1529.855712	4	8	88	0.6719048108	0.009299447773		3.272455163	7.964912971	88.76263187				7.279998487	14.68411412	78.03588739	0	0	0	-1529.855712	0.6719048108	819.867121423338	-1529.855712	0.009299447773			
1527.295712	4	8	88	0.6750080872	0.009271938545		3.284514374	8.036291757	88.67919387				7.317391105	14.74632867	77.93628023	0	0	0	-1527.295712	0.6750080872	830.073402282816	-1527.295712	0.009271938545			
1524.735712	4	8	88	0.6780734071	0.009245488245		3.296408599	8.108175485	88.59541592				7.354914003	14.80827384	77.83681215	0	0	0	-1524.735712	0.6780734071	840.295121162874	-1524.735712	0.009245488245			
1522.175712	4	8	88	0.6811016361	0.009220092229		3.308135678	8.180571091	88.51129323				7.392572927	14.86995003	77.73747704	0	0	0	-1522.175712	0.6811016361	850.530265447508	-1522.175712	0.009220092229			
1519.615712	4	8	88	0.6840936176	0.009195746352		3.319693426	8.253485591	88.42682098				7.430373739	14.93135755	77.63826871	0	0	0	-1519.615712	0.6840936176	860.776803717726	-1519.615712	0.009195746352			
1517.055712	4	8	88	0.6870501737	0.00917244696		3.331079628	8.326926079	88.34199429				7.468322419	14.99249664	77.53918094	0	0	0	-1517.055712	0.6870501737	871.032666760264	-1517.055712	0.00917244696			
1514.495712	4	8	88	0.6899721058	0.009150190884		3.342292046	8.400899729	88.25680822				7.506425073	15.05336749	77.44020743	0	0	0	-1514.495712	0.6899721058	881.295752026832	-1514.495712	0.009150190884			
1511.935712	4	8	88	0.6928601954	0.009128975442		3.353328416	8.475413792	88.17125779				7.544687935	15.11397021	77.34134185	0	0	0	-1511.935712	0.6928601954	891.563964638878	-1511.935712	0.009128975442			
1509.375712	4	8	88	0.6957152044	0.009108798431		3.364186447	8.550475594	88.08533796				7.583117373	15.17430484	77.24257778	0	0	0	-1509.375712	0.6957152044	901.835113006833	-1509.375712	0.009108798431			
1506.815712	4	8	88	0.6985378765	0.009089658123		3.374863825	8.626092542	87.99904363				7.62171989	15.23437135	77.14390876	0	0	0	-1506.815712	0.6985378765	912.107034719667	-1506.815712	0.009089658123			
1504.255712	4	8	88	0.7013289367	0.009071553266		3.385358212	8.702272113	87.91236967				7.660502136	15.2941696	77.04532826	0	0	0	-1504.255712	0.7013289367	922.377513844867	-1504.255712	0.009071553266			
1501.695712	4	8	88	0.7040890931	0.009054483081		3.395667245	8.779021864	87.82531089				7.699470905	15.35369942	76.94682968	0	0	0	-1501.695712	0.7040890931	932.644288700778	-1501.695712	0.009054483081			
1499.135712	4	8	88	0.7068190364	0.009038447257		3.40578854	8.85634942	87.73786204				7.738633146	15.41296051	76.84840634	0	0	0	-1499.135712	0.7068190364	942.905149473797	-1499.135712	0.009038447257			
1496.575712	4	8	88	0.709519441	0.009023445954		3.415719691	8.934262482	87.65001783				7.777995966	15.47195251	76.75005152	0	0	0	-1496.575712	0.709519441	953.157753655643	-1496.575712	0.009023445954			
1494.015712	4	8	88	0.7121909656	0.009009479798		3.42545827	9.012768819	87.56177291				7.817566635	15.53067497	76.65175839	0	0	0	-1494.015712	0.7121909656	963.399788977791	-1494.015712	0.009009479798			
1491.455712	4	8	88	0.7148342533	0.00899654988		3.435001828	9.09187627	87.4731219				7.857352594	15.58912733	76.55352008	0	0	0	-1491.455712	0.7148342533	973.628969604198	-1491.455712	0.00899654988			
1488.895712	4	8	88	0.7174499322	0.008984657759		3.444347899	9.17159274	87.38405936				7.897361458	15.64730894	76.4553296	0	0	0	-1488.895712	0.7174499322	983.842885206569	-1488.895712	0.008984657759			
1486.335712	4	8	88	0.7200386163	0.008973805457		3.453493997	9.251926199	87.2945798				7.937601025	15.70521905	76.35717992	0	0	0	-1486.335712	0.7200386163	994.039164057093	-1486.335712	0.008973805457			
1483.775712	4	8	88	0.7226009052	0.008963995462		3.46243762	9.332884681	87.2046777				7.978079281	15.76285681	76.25906391	0	0	0	-1483.775712	0.7226009052	1004.21544416971	-1483.775712	0.008963995462			
1481.215712	4	8	88	0.7251373851	0.008955230726		3.471176248	9.414476279	87.11434747				8.018804407	15.82022125	76.16097434	0	0	0	-1481.215712	0.7251373851	1014.36925883201	-1481.215712	0.008955230726			
1478.655712	4	8	88	0.7276486291	0.008947514668		3.47970735	9.496709145	87.02358351				8.059784786	15.87731131	76.06290391	0	0	0	-1478.655712	0.7276486291	1024.49820501893	-1478.655712	0.008947514668			
1476.095712	4	8	88	0.7301351973	0.008940851169		3.488028377	9.579591484	86.93238014				8.101029008	15.93412578	75.96484522	0	0	0	-1476.095712	0.7301351973	1034.5998386778	-1476.095712	0.008940851169			
1473.535712	4	8	88	0.7325976376	0.008935244581		3.496136772	9.663131554	86.84073167				8.142545882	15.99066335	75.86679077	0	0	0	-1473.535712	0.7325976376	1044.6716733763	-1473.535712	0.008935244581			
1470.975712	4	8	88	0.7350364858	0.008930699719		3.504029966	9.747337663	86.74863237				8.184344439	16.04692257	75.76873299	0	0	0	-1470.975712	0.7350364858	1054.71123359259	-1470.975712	0.008930699719			
1468.415712	4	8	88	0.7374522661	0.00892722187		3.511705381	9.832218163	86.65607646				8.226433943	16.10290189	75.67066417	0	0	0	-1468.415712	0.7374522661	1064.71607887274	-1468.415712	0.00892722187			
1465.855712	4	8	88	0.7398454911	0.008924816789		3.519160432	9.917781447	86.56305812				8.268823896	16.15859957	75.57257653	0	0	0	-1465.855712	0.7398454911	1074.68370790313	-1465.855712	0.008924816789			
1463.295712	4	8	88	0.7422166627	0.0089234907		3.526392529	10.00403595	86.46957153				8.311524052	16.21401378	75.47446216	0	0	0	-1463.295712	0.7422166627	1084.61158079866	-1463.295712	0.0089234907			
1460.735712	4	8	88	0.744566272	0.008923250301		3.533399078	10.09099012	86.3756108				8.354544419	16.26914252	75.37631306	0	0	0	-1460.735712	0.744566272	1094.4972468217	-1460.735712	0.008923250301			
1458.175712	4	8	88	0.7468947996	0.008924102765		3.540177484	10.17865247	86.28117004				8.397895274	16.32398362	75.27812111	0	0	0	-1458.175712	0.7468947996	1104.33820770679	-1458.175712	0.008924102765			
1455.615712	4	8	88	0.7492027161	0.008926055739		3.546725154	10.26703151	86.18624334				8.44158717	16.37853477	75.17987806	0	0	0	-1455.615712	0.7492027161	1114.13193653446	-1455.615712	0.008926055739			
1453.055712	4	8	88	0.7514904823	0.008929117348		3.553039494	10.35613576	86.09082474				8.485630943	16.4327935	75.08157555	0	0	0	-1453.055712	0.7514904823	1123.87596988496	-1453.055712	0.008929117348			
1450.495712	4	8	88	0.7537585493	0.008933296194		3.55911792	10.44597379	85.99490829				8.530037729	16.48675715	74.98320512	0	0	0	-1450.495712	0.7537585493	1133.56783294164	-1450.495712	0.008933296194			
1447.935712	4	8	88	0.756007359	0.008938601363		3.56495785	10.53655414	85.89848801				8.574818969	16.54042288	74.88475815	0	0	0	-1447.935712	0.756007359	1143.20501282346	-1447.935712	0.008938601363			
1445.375712	4	8	88	0.7582373443	0.00894504242		3.570556718	10.62788537	85.80155791				8.619986423	16.59378767	74.78622591	0	0	0	-1445.375712	0.7582373443	1152.78508140746	-1445.375712	0.00894504242			
1442.815712	4	8	88	0.7604489291	0.008952629418		3.575911966	10.71997602	85.70411201				8.665552177	16.64684831	74.68759951	0	0	0	-1442.815712	0.7604489291	1162.30559027386	-1442.815712	0.008952629418			
1440.255712	4	8	88	0.7626425289	0.008961372891		3.581021052	10.81283464	85.6061443				8.711528662	16.69960137	74.58886997	0	0	0	-1440.255712	0.7626425289	1171.76409820835	-1440.255712	0.008961372891			
1437.695712	4	8	88	0.7648185507	0.008971283866		3.585881454	10.90646975	85.5076488				8.757928661	16.75204322	74.49002812	0	0	0	-1437.695712	0.7648185507	1181.15827290435	-1437.695712	0.008971283866			
1435.135712	4	8	88	0.7669773932	0.008982373857		3.590490671	11.00088982	85.40861951				8.804765321	16.80417	74.39106468	0	0	0	-1435.135712	0.7669773932	1190.48567404286	-1435.135712	0.008982373857			
1432.575712	4	8	88	0.7691194475	0.008994654865		3.594846222	11.09610332	85.30905046				8.852052172	16.85597763	74.2919702	0	0	0	-1432.575712	0.7691194475	1199.7439738843	-1432.575712	0.008994654865			
1430.015712	4	8	88	0.7712450965	0.009008139388		3.598945659	11.19211865	85.20893569				8.899803134	16.9074618	74.19273507	0	0	0	-1430.015712	0.7712450965	1208.93089303863	-1430.015712	0.009008139388			
1427.455712	4	8	88	0.7733547158	0.009022840415		3.60278656	11.28894418	85.10826926				8.948032536	16.95861791	74.09334955	0	0	0	-1427.455712	0.7733547158	1218.04415503279	-1427.455712	0.009022840415			
1424.895712	4	8	88	0.7754486733	0.009038771425		3.606366538	11.3865882	85.00704526				8.996755128	17.00944115	73.99380372	0	0	0	-1424.895712	0.7754486733	1227.08153064736	-1424.895712	0.009038771425			
1422.335712	4	8	88	0.7775273299	0.009055946397		3.609683244	11.48505893	84.90525783				9.045986098	17.05992642	73.89408748	0	0	0	-1422.335712	0.7775273299	1236.04084741385	-1422.335712	0.009055946397			
1419.775712	4	8	88	0.7795910391	0.009074379801		3.612734369	11.58436451	84.80290112				9.095741088	17.11006832	73.7941906	0	0	0	-1419.775712	0.7795910391	1244.91997990716	-1419.775712	0.009074379801			
1417.215712	4	8	88	0.7816401477	0.009094086602		3.615517647	11.684513	84.69996936				9.146036208	17.15986117	73.69410262	0	0	0	-1417.215712	0.7816401477	1253.71685880075	-1417.215712	0.009094086602			
1414.655712	4	8	88	0.7836749954	0.009115082261		3.618030861	11.78551233	84.59645681				9.196888057	17.209299	73.59381294	0	0	0	-1414.655712	0.7836749954	1262.42949232734	-1414.655712	0.009115082261			
1412.095712	4	8	88	0.7856959154	0.009137382732		3.620271847	11.88737035	84.4923578				9.248313738	17.2583755	73.49331076	0	0	0	-1412.095712	0.7856959154	1271.05597616111	-1412.095712	0.009137382732			
1409.535712	4	8	88	0.787703234	0.00916100446		3.622238493	11.99009476	84.38766675				9.300330876	17.30708403	73.39258509	0	0	0	-1409.535712	0.787703234	1279.59438871562	-1409.535712	0.00916100446			
1406.975712	4	8	88	0.7896972715	0.009185964384		3.623928749	12.09369312	84.28237813				9.352957642	17.35541762	73.29162474	0	0	0	-1406.975712	0.7896972715	1288.04292804613	-1406.975712	0.009185964384			
1404.415712	4	8	88	0.7916783414	0.009212279934		3.625340628	12.19817285	84.17648652				9.406212765	17.40336892	73.19041831	0	0	0	-1404.415712	0.7916783414	1296.39993342685	-1404.415712	0.009212279934			
1401.855712	4	8	88	0.7936467512	0.009239969022		3.626472209	12.3035412	84.06998659				9.460115561	17.45093021	73.08895422	0	0	0	-1401.855712	0.7936467512	1304.66376889132	-1401.855712	0.009239969022			
1399.295712	4	8	88	0.795602802	0.009269050049		3.627321644	12.40980525	83.96287311				9.514685949	17.49809339	72.98722066	0	0	0	-1399.295712	0.795602802	1312.83294544068	-1399.295712	0.009269050049			
1396.735712	4	8	88	0.7975467889	0.009299541895		3.627887157	12.51697187	83.85514098				9.569944474	17.54484994	72.88520559	0	0	0	-1396.735712	0.7975467889	1320.90595945714	-1396.735712	0.009299541895			
1394.175712	4	8	88	0.7994790011	0.009331463921		3.628167054	12.62504774	83.74678521				9.625912333	17.59119091	72.78289676	0	0	0	-1394.175712	0.7994790011	1328.8814931731	-1394.175712	0.009331463921			
1391.615712	4	8	88	0.8013997217	0.009364835957		3.628159725	12.73403931	83.63780096				9.682611396	17.63710692	72.68028168	0	0	0	-1391.615712	0.8013997217	1336.75841793783	-1391.615712	0.009364835957			
1389.055712	4	8	88	0.8033092278	0.009399678303		3.627863644	12.84395281	83.52818355				9.740064232	17.68258812	72.57734764	0	0	0	-1389.055712	0.8033092278	1344.53555211874	-1389.055712	0.009399678303			
1386.495712	4	8	88	0.805207791	0.009436011725		3.62727738	12.95479419	83.41792843				9.798294137	17.72762419	72.47408167	0	0	0	-1386.495712	0.805207791	1352.21194424754	-1386.495712	0.009436011725			
1383.935712	4	8	88	0.8070956767	0.00947385744		3.626399594	13.06656917	83.30703124				9.857325156	17.7722043	72.37047054	0	0	0	-1383.935712	0.8070956767	1359.78672414762	-1383.935712	0.00947385744			
1381.375712	4	8	88	0.808973145	0.009513237119		3.625229048	13.17928314	83.19548781				9.917182118	17.8163171	72.26650078	0	0	0	-1381.375712	0.808973145	1367.25918829754	-1381.375712	0.009513237119			
1378.815712	4	8	88	0.8108404498	0.009554172879		3.623764606	13.29294122	83.08329417				9.977890657	17.8599507	72.16215864	0	0	0	-1378.815712	0.8108404498	1374.62875044475	-1378.815712	0.009554172879			
1376.255712	4	8	88	0.8126978398	0.009596687265		3.62200524	13.40754823	82.97044653				10.03947725	17.90309263	72.05743012	0	0	0	-1376.255712	0.8126978398	1381.89495683251	-1376.255712	0.009596687265			
1373.695712	4	8	88	0.8145455576	0.009640803261		3.61995003	13.5231086	82.85694137				10.10196925	17.94572985	71.9523009	0	0	0	-1373.695712	0.8145455576	1389.05758528175	-1373.695712	0.009640803261			
1371.135712	4	8	88	0.8163838404	0.009686544264		3.61759817	13.63962647	82.74277536				10.16539489	17.9878487	71.84675641	0	0	0	-1371.135712	0.8163838404	1396.11643238098	-1371.135712	0.009686544264			
1368.575712	4	8	88	0.8182129197	0.009733934082		3.614948973	13.75710558	82.62794545				10.22978338	18.02943488	71.74078174	0	0	0	-1368.575712	0.8182129197	1403.07149345439	-1368.575712	0.009733934082			
1366.015712	4	8	88	0.8200330215	0.009782996924		3.61200187	13.87554927	82.51244886				10.29516487	18.07047341	71.63436172	0	0	0	-1366.015712	0.8200330215	1409.92304773294	-1366.015712	0.009782996924			
1363.455712	4	8	88	0.8218443658	0.009833757393		3.608756413	13.99496051	82.39628307				10.36157053	18.11094864	71.52748082	0	0	0	-1363.455712	0.8218443658	1416.67146150517	-1363.455712	0.009833757393			
1360.895712	4	8	88	0.8236471673	0.009886240476		3.605212284	14.11534184	82.27944588				10.42903259	18.1508442	71.42012321	0	0	0	-1360.895712	0.8236471673	1423.31719381085	-1360.895712	0.009886240476			
1358.335712	4	8	88	0.8254416349	0.009940471529		3.601369287	14.23669533	82.16193538				10.49758435	18.19014294	71.31227271	0	0	0	-1358.335712	0.8254416349	1429.86263757803	-1358.335712	0.009940471529			
1355.775712	4	8	88	0.8272279678	0.009996453874		3.597226938	14.35902272	82.04375034				10.56726009	18.22882686	71.20391304	0	0	0	-1355.775712	0.8272279678	1436.30505985902	-1355.775712	0.009996453874			
1353.215712	4	8	88	0.8290063725	0.01005428583		3.592786248	14.48232499	81.92488877				10.63809578	18.26687744	71.09502678	0	0	0	-1353.215712	0.8290063725	1442.6452525309	-1353.215712	0.01005428583			
1350.655712	4	8	88	0.8307770376	0.01011392633		3.588047083	14.60660287	81.80535005				10.71012812	18.30427503	70.98559685	0	0	0	-1350.655712	0.8307770376	1448.88770629458	-1350.655712	0.01011392633			
1348.095712	4	8	88	0.83254015	0.01017542541		3.583009878	14.73185652	81.6851336				10.78339524	18.3409992	70.87560556	0	0	0	-1348.095712	0.83254015	1455.03222249852	-1348.095712	0.01017542541			
1345.535712	4	8	88	0.8342958909	0.01023881028		3.577675209	14.85808555	81.56423924				10.8579366	18.37702859	70.76503481	0	0	0	-1345.535712	0.8342958909	1461.08045036232	-1345.535712	0.01023881028			
1342.975712	4	8	88	0.8360444356	0.01030410844		3.572043783	14.98528904	81.44266718				10.933793	18.4123409	70.65386609	0	0	0	-1342.975712	0.8360444356	1467.03433275697	-1342.975712	0.01030410844			
1340.415712	4	8	88	0.8377859534	0.0103713479		3.566116447	15.11346551	81.32041805				11.0110067	18.44691284	70.54208046	0	0	0	-1340.415712	0.8377859534	1472.89585421307	-1340.415712	0.0103713479			
1337.855712	4	8	88	0.839520608	0.01044055694		3.559894182	15.2426129	81.19749292				11.08962139	18.48072008	70.42965853	0	0	0	-1337.855712	0.839520608	1478.66729578112	-1337.855712	0.01044055694			
1335.295712	4	8	88	0.8412485568	0.01051176414		3.553378107	15.37272857	81.07389332				11.16968234	18.51373721	70.31658045	0	0	0	-1335.295712	0.8412485568	1484.35123077276	-1335.295712	0.01051176414			
1332.735712	4	8	88	0.8429699513	0.01058499845		3.546569472	15.50380928	80.94962124				11.25123638	18.54593772	70.2028259	0	0	0	-1332.735712	0.8429699513	1489.95018548452	-1332.735712	0.01058499845			
1330.175712	4	8	88	0.8446849372	0.01066028912		3.539469659	15.63585117	80.82467917				11.33433203	18.57729393	70.08837404	0	0	0	-1330.175712	0.8446849372	1495.46715496232	-1330.175712	0.01066028912			
1327.615712	4	8	88	0.8463936536	0.01073766576		3.53208018	15.76884974	80.69907008				11.41901952	18.60777695	69.97320353	0	0	0	-1327.615712	0.8463936536	1500.90529596566	-1327.615712	0.01073766576			
1325.055712	4	8	88	0.8480962338	0.01081715836		3.52440267	15.90279985	80.57279748				11.50535087	18.63735665	69.85729248	0	0	0	-1325.055712	0.8480962338	1506.26775635206	-1325.055712	0.01081715836			
1322.495712	4	8	88	0.8497928049	0.01089879728		3.516438889	16.03769574	80.44586537				11.59337999	18.66600158	69.74061843	0	0	0	-1322.495712	0.8497928049	1511.55806320083	-1322.495712	0.01089879728			
1319.935712	4	8	88	0.8514834877	0.01098261328		3.508190713	16.17353095	80.31827834				11.68316273	18.69367893	69.62315833	0	0	0	-1319.935712	0.8514834877	1516.77994917222	-1319.935712	0.01098261328			
1317.375712	4	8	88	0.8531683967	0.01106863757		3.499660134	16.31029836	80.19004151				11.77475698	18.72035451	69.50488852	0	0	0	-1317.375712	0.8531683967	1521.93726116367	-1317.375712	0.01106863757			
1314.815712	4	8	88	0.8548476402	0.01115690184		3.490849249	16.44799019	80.06116056				11.86822271	18.74599262	69.38578467	0	0	0	-1314.815712	0.8548476402	1527.03404873005	-1314.815712	0.01115690184			
1312.255712	4	8	88	0.8565213201	0.01124743829		3.48176026	16.58659795	79.93164179				11.96362214	18.77055606	69.2658218	0	0	0	-1312.255712	0.8565213201	1532.07460764353	-1312.255712	0.01124743829			
1309.695712	4	8	88	0.8581895319	0.01134027971		3.472395462	16.72611249	79.80149205				12.06101977	18.79400604	69.14497419	0	0	0	-1309.695712	0.8581895319	1537.06324972849	-1309.695712	0.01134027971			
1307.135712	4	8	88	0.859852365	0.01143545953		3.462757244	16.86652394	79.67071882				12.16048249	18.81630212	69.02321539	0	0	0	-1307.135712	0.859852365	1542.0045318411	-1307.135712	0.01143545953			
1304.575712	4	8	88	0.8615099022	0.01153301191		3.452848072	17.00782174	79.53933019				12.26207972	18.83740214	68.90051814	0	0	0	-1304.575712	0.8615099022	1546.90325221543	-1304.575712	0.01153301191			
1302.015712	4	8	88	0.86316222	0.0116329718		3.442670491	17.14999465	79.40733486				12.36588347	18.85726216	68.77685437	0	0	0	-1302.015712	0.86316222	1548.12217958544	-1302.015712	0.0116329718			
1299.455712	4	8	88	0.8648171388	0.01179061648		3.432265365	17.29347834	79.27425629				12.47247253	18.87592098	68.65160649	0	0	0	-1299.455712	0.8648171388	1553.00107035157	-1299.455712	0.01179061648			
1296.895712	4	8	88	0.8664591634	0.01184049002		3.421558359	17.43736607	79.14107557				12.58092507	18.89315615	68.52591877	0	0	0	-1296.895712	0.8664591634	1561.46682917904	-1296.895712	0.01184049002			
1294.335712	4	8	88	0.8680961226	0.01194763701		3.410590311	17.58209043	79.00731926				12.6918141	18.90900903	68.39917687	0	0	0	-1294.335712	0.8680961226	1566.25823974104	-1294.335712	0.01194763701			
1291.775712	4	8	88	0.8697281158	0.01205767001		3.399364329	17.72763948	78.87299619				12.80522722	18.92342676	68.27134602	0	0	0	-1291.775712	0.8697281158	1571.0129462225	-1291.775712	0.01205767001			
1289.215712	4	8	88	0.8713551813	0.01217025313		3.387883788	17.87399631	78.7381199				12.92125107	18.93635522	68.14239371	0	0	0	-1289.215712	0.8713551813	1575.75853245308	-1289.215712	0.01217025313			
1286.655712	4	8	88	0.8729773593	0.0122854863		3.376151197	18.02114648	78.60270233				13.03997624	18.94773809	68.01228567	0	0	0	-1286.655712	0.8729773593	1580.49600503425	-1286.655712	0.0122854863			
1284.095712	4	8	88	0.8745946852	0.01240342171		3.364169381	18.16907407	78.46675655				13.16149704	18.95751667	67.88098629	0	0	0	-1284.095712	0.8745946852	1585.23016339182	-1284.095712	0.01240342171			
1281.535712	4	8	88	0.8762071886	0.01252410984		3.35194117	18.31776257	78.33029626				13.28591163	18.96562978	67.74845859	0	0	0	-1281.535712	0.8762071886	1589.96607077831	-1281.535712	0.01252410984			
1278.975712	4	8	88	0.877814894	0.01264760354		3.339469387	18.46719485	78.19333576				13.41332221	18.97201362	67.61466417	0	0	0	-1278.975712	0.877814894	1594.70861984798	-1278.975712	0.01264760354			
1276.415712	4	8	88	0.8794178207	0.01277395861		3.326756842	18.61735315	78.05589001				13.54383529	18.97660166	67.47956305	0	0	0	-1276.415712	0.8794178207	1599.46277161167	-1276.415712	0.01277395861			
1273.855712	4	8	88	0.881015983	0.01290323341		3.313806308	18.76821917	77.91797452				13.67756184	18.97932454	67.34311362	0	0	0	-1273.855712	0.881015983	1604.23355719446	-1273.855712	0.01290323341			
1271.295712	4	8	88	0.8826093901	0.01303549008		3.30062053	18.91977401	77.77960546				13.81461759	18.98010992	67.20527249	0	0	0	-1271.295712	0.8826093901	1609.02572026849	-1271.295712	0.01303549008			
1268.735712	4	8	88	0.884198047	0.01317079553		3.287202315	19.07199905	77.64079864				13.9551233	18.97888229	67.06599441	0	0	0	-1268.735712	0.884198047	1613.84412238934	-1268.735712	0.01317079553			
1266.175712	4	8	88	0.8857819536	0.01330921698		3.273554088	19.22487262	77.50157329				14.099205	18.97556287	66.92523213	0	0	0	-1266.175712	0.8857819536	1618.69352847824	-1266.175712	0.01330921698			
1263.615712	4	8	88	0.887361106	0.01345082972		3.259678547	19.37837499	77.36194646				14.24699435	18.97006942	66.78293622	0	0	0	-1263.615712	0.887361106	1623.5783575767	-1263.615712	0.01345082972			
1261.055712	4	8	88	0.8889354961	0.01359571259		3.245578208	19.53248509	77.2219367				14.39862894	18.96231606	66.639055	0	0	0	-1261.055712	0.8889354961	1628.50307801705	-1261.055712	0.01359571259			
1258.495712	4	8	88	0.8905051121	0.01374394964		3.231255516	19.68718133	77.08156316				14.55425264	18.95221307	66.49353429	0	0	0	-1258.495712	0.8905051121	1633.4720044501	-1258.495712	0.01374394964			
1255.935712	4	8	88	0.8920699385	0.01389563051		3.216712836	19.84244159	76.94084558				14.71401601	18.9396667	66.3463173	0	0	0	-1255.935712	0.8920699385	1638.48918420297	-1255.935712	0.01389563051			
1253.375712	4	8	88	0.8936299568	0.01405085057		3.201952456	19.99824325	76.7998043				14.87807669	18.9245789	66.19734441	0	0	0	-1253.375712	0.8936299568	1643.55844652502	-1253.375712	0.01405085057			
1250.815712	4	8	88	0.8951851454	0.01420971262		3.186976569	20.15456318	76.65846025				15.04659985	18.90684715	66.04655299	0	0	0	-1250.815712	0.8951851454	1648.68360431428	-1250.815712	0.01420971262			
1248.255712	4	8	88	0.8967354799	0.01437232542		3.17178729	20.31137774	76.51683497				15.21975867	18.88636417	65.89387716	0	0	0	-1248.255712	0.8967354799	1653.86813383873	-1248.255712	0.01437232542			
1245.695712	4	8	88	0.8982809336	0.01453880536		3.156386647	20.46866275	76.3749506				15.39773483	18.8630176	65.73924757	0	0	0	-1245.695712	0.8982809336	1659.11543615169	-1245.695712	0.01453880536			
1243.135712	4	8	88	0.8998214773	0.01470927654		3.140776588	20.62639348	76.23282993				15.58071912	18.83668974	65.58259114	0	0	0	-1243.135712	0.8998214773	1664.4286668251	-1243.135712	0.01470927654			
1240.575712	4	8	88	0.9013570801	0.01488387107		3.124958984	20.78454461	76.0904964				15.76891198	18.80725723	65.42383079	0	0	0	-1240.575712	0.9013570801	1669.81079002361	-1240.575712	0.01488387107			
1238.015712	4	8	88	0.9028877091	0.01506272941		3.108935639	20.94309022	75.94797415				15.96252419	18.77459064	65.26288518	0	0	0	-1238.015712	0.9028877091	1675.26478552826	-1238.015712	0.01506272941			
1235.455712	4	8	88	0.9044133298	0.01524600055		3.0927083	21.10200367	75.80528803				16.16177749	18.73855416	65.09966835	0	0	0	-1235.455712	0.9044133298	1680.7933768139	-1235.455712	0.01524600055			
1232.895712	4	8	88	0.9059339063	0.01543384203		3.076278669	21.26125763	75.6624637				16.36690541	18.69900515	64.93408944	0	0	0	-1232.895712	0.9059339063	1686.39935684989	-1232.895712	0.01543384203			
1230.335712	4	8	88	0.9074494011	0.01562641987		3.059648423	21.42082389	75.51952769				16.57815398	18.6557937	64.76605233	0	0	0	-1230.335712	0.9074494011	1692.08564404772	-1230.335712	0.01562641987			
1227.775712	4	8	88	0.9089597752	0.0158239083		3.042819235	21.58067332	75.37650744				16.79578258	18.60876218	64.59545523	0	0	0	-1227.775712	0.9089597752	1697.85528906702	-1227.775712	0.0158239083			
1225.215712	4	8	88	0.9104649879	0.01602648912		3.025792797	21.74077572	75.23343149				17.02006488	18.55774474	64.42219038	0	0	0	-1225.215712	0.9104649879	1703.71164865758	-1225.215712	0.01602648912			
1222.655712	4	8	88	0.9119649966	0.01623435081		3.008570856	21.90109961	75.09032953				17.25128973	18.50256672	64.24614355	0	0	0	-1222.655712	0.9119649966	1709.65845420239	-1222.655712	0.01623435081			
1220.095712	4	8	88	0.9134597565	0.01644768714		2.991155245	22.06161212	74.94723264				17.48976216	18.44304415	64.06719369	0	0	0	-1220.095712	0.9134597565	1715.70040365509	-1220.095712	0.01644768714			
1217.535712	4	8	88	0.9149492194	0.01666669518		2.97354793	22.22227866	74.80417341				17.73580443	18.37898314	63.88521243	0	0	0	-1217.535712	0.9149492194	1721.84301457922	-1217.535712	0.01666669518			
1214.975712	4	8	88	0.9164333337	0.01689157272		2.955751055	22.38306268	74.66118627				17.98975706	18.31017922	63.70006372	0	0	0	-1214.975712	0.9164333337	1728.09301736643	-1214.975712	0.01689157272			
1212.415712	4	8	88	0.9179120426	0.01712251459		2.937767007	22.54392533	74.51830766				18.25197994	18.23641674	63.51160332	0	0	0	-1212.415712	0.9179120426	1734.45909664404	-1212.415712	0.01712251459			
1209.855712	4	8	88	0.9193852829	0.01735970804		2.919598475	22.70482503	74.37557649				18.52285338	18.15746822	63.3196784	0	0	0	-1209.855712	0.9193852829	1740.95209123681	-1209.855712	0.01735970804			
1207.295712	4	8	88	0.920852983	0.0176033266		2.901248534	22.86571701	74.23303446				18.8027792	18.07309366	63.12412714	0	0	0	-1207.295712	0.920852983	1747.58567412916	-1207.295712	0.0176033266			
1204.735712	4	8	88	0.9223150607	0.01785352215		2.88272073	23.0265527	74.09072657				19.09218167	17.98303998	62.92477835	0	0	0	-1204.735712	0.9223150607	1754.37707259856	-1204.735712	0.01785352215			
1202.175712	4	8	88	0.9237714202	0.01811041512		2.864019184	23.18727912	73.94870169				19.39150842	17.8870404	62.72145118	0	0	0	-1202.175712	0.9237714202	1761.34824973571	-1202.175712	0.01811041512			
1199.615712	4	8	88	0.9252219482	0.01837408144		2.845148709	23.34783803	73.80701326				19.7012311	17.78481395	62.51395495	0	0	0	-1199.615712	0.9252219482	1768.5267195181	-1199.615712	0.01837408144			
1197.055712	4	8	88	0.9266665099	0.01864453676		2.826114943	23.50816504	73.66572002				20.0218458	17.67606515	62.30208905	0	0	0	-1197.055712	0.9266665099	1775.94692041954	-1197.055712	0.01864453676			
1194.495712	4	8	88	0.9281049433	0.0189217164		2.806924506	23.66818851	73.52488698				20.3538731	17.56048378	62.08564312	0	0	0	-1194.495712	0.9281049433	1783.65203968169	-1194.495712	0.0189217164			
1191.935712	4	8	88	0.9295370528	0.01920545052		2.787585167	23.82782833	73.38458651				20.69785753	17.43774502	61.86439746	0	0	0	-1191.935712	0.9295370528	1791.69591303224	-1191.935712	0.01920545052			
1189.375712	4	8	88	0.9309626012	0.01949543345		2.768106047	23.98699442	73.24489953				21.05436633	17.30750992	61.63812375	0	0	0	-1189.375712	0.9309626012	1800.14532401324	-1189.375712	0.01949543345			
1186.815712	4	8	88	0.9323813006	0.01979118623		2.74849784	24.14558511	73.10591705				21.4239873	17.16942637	61.40658633	0	0	0	-1186.815712	0.9323813006	1809.16795749423	-1186.815712	0.01979118623			
1184.255712	4	8	88	0.9337926694	0.02009051751		2.728768396	24.30350106	72.96773054				21.80728467	17.02316045	61.16955488	0	0	0	-1184.255712	0.9337926694	1818.74004581759	-1184.255712	0.02009051751			
1181.695712	4	8	88	0.9351964769	0.0203963111		2.708937125	24.46060255	72.83046032				22.20493114	16.86830547	60.92676339	0	0	0	-1181.695712	0.9351964769	1828.94666390689	-1181.695712	0.0203963111			
1179.135712	4	8	88	0.9365921423	0.02070396981		2.689020532	24.61673622	72.69424325				22.61753054	16.70449043	60.67797904	0	0	0	-1179.135712	0.9365921423	1840.06467933445	-1179.135712	0.02070396981			
1176.575712	4	8	88	0.937979043	0.0210126864		2.669038286	24.77173278	72.55922893				23.04569906	16.53133741	60.42296353	0	0	0	-1176.575712	0.937979043	1852.2389306651	-1176.575712	0.0210126864			
1174.015712	4	8	88	0.93935643	0.02132024008		2.649013099	24.92539943	72.42558747				23.49003481	16.34847512	60.16149007	0	0	0	-1174.015712	0.93935643	1865.69610857915	-1174.015712	0.02132024008			
1171.455712	4	8	88	0.940723406	0.0216238188		2.628971071	25.0775169	72.29351203				23.95110087	16.15554783	59.8933513	0	0	0	-1171.455712	0.940723406	1880.71001636902	-1171.455712	0.0216238188			
1168.895712	4	8	88	0.9420789029	0.02191992203		2.608942017	25.22783648	72.1632215				24.42940389	15.95222689	59.61836922	0	0	0	-1168.895712	0.9420789029	1897.6093977592	-1168.895712	0.02191992203			
1166.335712	4	8	88	0.943421658	0.02220426513		2.588959746	25.37607726	72.03496299				24.92536762	15.7382251	59.33640728	0	0	0	-1166.335712	0.943421658	1916.78698654805	-1166.335712	0.02220426513			
1163.775712	4	8	88	0.944750191	0.02247169676		2.569062284	25.52192383	71.90901389				25.43930089	15.5133142	59.04738491	0	0	0	-1163.775712	0.944750191	1938.7085660898	-1163.775712	0.02247169676			
1161.215712	4	8	88	0.9460627837	0.02271614488		2.549291958	25.66502475	71.78568329				25.97136014	15.2773456	58.75129426	0	0	0	-1161.215712	0.9460627837	1963.92150259055	-1161.215712	0.02271614488			
1158.655712	4	8	88	0.9473574659	0.02293061252		2.529695318	25.80499246	71.66531223				26.52150711	15.03027397	58.44821892	0	0	0	-1158.655712	0.9473574659	1993.06303973092	-1158.655712	0.02293061252			
1156.095712	4	8	88	0.9486320096	0.02310724991		2.510322813	25.94140486	71.54827233				27.08946317	14.77218303	58.13835381	0	0	0	-1156.095712	0.9486320096	2028.47110543061	-1156.095712	0.02310724991			
1153.535712	4	8	88	0.9498820115	0.02320175703		2.491209239	26.07372937	71.43506139				27.67374062	14.50373722	57.82252216	0	0	0	-1153.535712	0.9498820115	2067.65466853324	-1153.535712	0.02320175703			
1150.975712	4	8	88	0.9511086846	0.0233128931		2.472448346	26.20165624	71.32589541				28.27527719	14.22451417	57.50020864	0	0	0	-1150.975712	0.9511086846	2111.75694611134	-1150.975712	0.0233128931			
1148.415712	4	8	88	0.9523071873	0.02332425877		2.454078868	26.32460844	71.22131269				28.89191254	13.93554631	57.17254115	0	0	0	-1148.415712	0.9523071873	2165.0726337167	-1148.415712	0.02332425877			
1145.855712	4	8	88	0.9534743325	0.02325988704		2.436150526	26.44212857	71.1217209				29.52193814	13.63771858	56.84034328	0	0	0	-1145.855712	0.9534743325	2226.91815673665	-1145.855712	0.02325988704			
1143.295712	4	8	88	0.9546073418	0.02312007309		2.418722372	26.55372615	71.02755148				30.16341075	13.33203218	56.50455707	0	0	0	-1143.295712	0.9546073418	2298.32568007369	-1143.295712	0.02312007309			
1140.735712	4	8	88	0.9557032743	0.02289529867		2.401840947	26.65897199	70.93918706				30.81392482	13.01975755	56.16631763	0	0	0	-1140.735712	0.9557032743	2380.70270654908	-1140.735712	0.02289529867			
1138.175712	4	8	88	0.9567594367	0.02258380202		2.385546136	26.75749515	70.85695872				31.47079013	12.70233742	55.82687245	0	0	0	-1138.175712	0.9567594367	2475.1971545444	-1138.175712	0.02258380202			
1135.615712	4	8	88	0.9577735073	0.02218688799		2.369868446	26.84900153	70.78113002				32.13110886	12.38134353	55.48754761	0	0	0	-1135.615712	0.9577735073	2582.93003295039	-1135.615712	0.02218688799			
1133.055712	4	8	88	0.9587436277	0.02170878292		2.35482755	26.93328691	70.71188554				32.79186904	12.05842661	55.14970435	0	0	0	-1133.055712	0.9587436277	2704.96024925274	-1133.055712	0.02170878292			
1130.495712	4	8	88	0.9596684871	0.02115684702		2.340431507	27.01024629	70.6493222				33.45005934	11.73525398	54.81468667	0	0	0	-1130.495712	0.9596684871	2842.23279703657	-1130.495712	0.02115684702			
1127.935712	4	8	88	0.9605473706	0.02054106769		2.326676771	27.07987664	70.59344659				34.10278268	11.41344678	54.48377053	0	0	0	-1127.935712	0.9605473706	2995.55306543001	-1127.935712	0.02054106769			
1125.375712	4	8	88	0.9613801673	0.01987329985		2.313548945	27.14227305	70.544178				34.74735715	11.09452304	54.15811981	0	0	0	-1125.375712	0.9613801673	3165.58416234976	-1125.375712	0.01987329985			
1122.815712	4	8	88	0.9621673341	0.01916625457		2.30102406	27.19761989	70.50135605				35.3813909	10.77985405	53.83875505	0	0	0	-1122.815712	0.9621673341	3352.78951448964	-1122.815712	0.01916625457			
1120.255712	4	8	88	0.9629098575	0.01843330174		2.289070798	27.24617397	70.46475524				36.00285363	10.47062347	53.52652291	0	0	0	-1120.255712	0.9629098575	3557.51174157647	-1120.255712	0.01843330174			
1117.695712	4	8	88	0.9636091343	0.01768628666		2.27765178	27.28825323	70.43409499				36.6100724	10.167825	53.2221026	0	0	0	-1117.695712	0.9636091343	3779.9656611215	-1117.695712	0.01768628666			
1115.135712	4	8	88	0.9642669039	0.01693643821		2.266726024	27.32421665	70.40905733				37.20175241	9.872249328	52.92599827	0	0	0	-1115.135712	0.9642669039	4020.20559502528	-1115.135712	0.01693643821			
1112.575712	4	8	88	0.9648851474	0.0161932478		2.25625061	27.35444925	70.38930014				37.7769524	9.584494706	52.63855289	0	0	0	-1112.575712	0.9648851474	4278.19510568437	-1112.575712	0.0161932478			
1110.015712	4	8	88	0.9654659999	0.01546447705		2.246182206	27.37934814	70.37446965				38.33505179	9.304982915	52.3599653	0	0	0	-1110.015712	0.9654659999	4553.81496627915	-1110.015712	0.01546447705			
1107.455712	4	8	88	0.9660116743	0.01475616837		2.236478286	27.39931094	70.36421078				38.87570983	9.033979961	52.09031021	0	0	0	-1107.455712	0.9660116743	4846.88159210656	-1107.455712	0.01475616837			
1104.895712	4	8	88	0.9665243988	0.01407277223		2.22709803	27.41472669	70.35817527				39.39882193	8.771618855	51.82955921	0	0	0	-1104.895712	0.9665243988	5157.16960470704	-1104.895712	0.01407277223			
1102.335712	4	8	88	0.9670063671	0.01341733615		2.218002944	27.42596936	70.3560277				39.90447649	8.517922466	51.57760104	0	0	0	-1102.335712	0.9670063671	5484.42467337168	-1102.335712	0.01341733615			
1099.775712	4	8	88	0.967459703	0.01279172958		2.209157232	27.43339325	70.35744951				40.3929149	8.272825004	51.3342601	0	0	0	-1099.775712	0.967459703	5828.37680438579	-1099.775712	0.01279172958			
1097.215712	4	8	88	0.9678864348	0.01219686663		2.20052799	27.43733041	70.3621416				40.86449595	8.036191341	51.09931271	0	0	0	-1097.215712	0.9678864348	6188.7506863567	-1097.215712	0.01219686663			
1094.655712	4	8	88	0.9682884799	0.01163291411		2.192085244	27.4380892	70.36982555				41.31966525	7.807833794	50.87250095	0	0	0	-1094.655712	0.9682884799	6565.27573659618	-1094.655712	0.01163291411			
1092.095712	4	8	88	0.9686676356	0.01109947415		2.183801893	27.43595409	70.38024401				41.75892965	7.587526283	50.65354407	0	0	0	-1092.095712	0.9686676356	6957.68998709681	-1092.095712	0.01109947415			
1089.535712	4	8	88	0.9690255765	0.01059573821		2.175653574	27.43118607	70.39316035				42.18283638	7.375016017	50.4421476	0	0	0	-1089.535712	0.9690255765	7365.74517179117	-1089.535712	0.01059573821			
1086.975712	4	8	88	0.9693638549	0.01012061257		2.167618498	27.42402362	70.40835788				42.59195638	7.170032938	50.23801068	0	0	0	-1086.975712	0.9693638549	7789.20791926869	-1086.975712	0.01012061257			
1084.415712	4	8	88	0.9696839049	0.009672817843		2.159677246	27.41468399	70.42563877				42.98687118	6.972297212	50.0408316	0	0	0	-1084.415712	0.9696839049	8227.86497053553	-1084.415712	0.009672817843			
1081.855712	4	8	88	0.9699870473	0.009250965932		2.151812575	27.40336463	70.4448228				43.36816291	6.781525072	49.85031202	0	0	0	-1081.855712	0.9699870473	8681.52095592685	-1081.855712	0.009250965932			
1079.295712	4	8	88	0.9702744967	0.008853618096		2.144009206	27.39024475	70.46574605				43.7364067	6.597433285	49.66616002	0	0	0	-1079.295712	0.9702744967	9149.99961564647	-1079.295712	0.008853618096			
1076.735712	4	8	88	0.9705473682	0.008479327775		2.136253638	27.3754868	70.48825957				44.09216512	6.419742512	49.48809237	0	0	0	-1076.735712	0.9705473682	9632.45744227431	-1076.735712	0.008479327775			
1074.175712	4	8	88	0.9708067194	0.008127526559		2.128538763	27.35920723	70.512254				44.43597892	6.24817148	49.3158496	0	0	0	-1074.175712	0.9708067194	10129.7004728354	-1074.175712	0.008127526559			
1071.615712	4	8	88	0.9710534424	0.007794798226		2.120848023	27.34157559	70.53757639				44.76837129	6.082469219	49.14915949	0	0	0	-1071.615712	0.9710534424	10641.9905952036	-1071.615712	0.007794798226			
1069.055712	4	8	88	0.9712884062	0.007481258015		2.113173152	27.32270949	70.56411736				45.08985826	5.92237495	48.98776679	0	0	0	-1069.055712	0.9712884062	11168.4551640364	-1069.055712	0.007481258015			
1066.495712	4	8	88	0.9715124005	0.007185406725		2.105506089	27.30271815	70.59177576				45.40092403	5.767642945	48.83143302	0	0	0	-1066.495712	0.9715124005	11709.1503872507	-1066.495712	0.007185406725			
1063.935712	4	8	88	0.9717261503	0.006906058541		2.097839768	27.28170062	70.62045961				45.70203062	5.618037922	48.67993146	0	0	0	-1063.935712	0.9717261503	12264.013315731	-1063.935712	0.006906058541			
1061.375712	4	8	88	0.971930321	0.006642101723		2.090168009	27.25974676	70.65008523				45.99361785	5.473335192	48.53304696	0	0	0	-1061.375712	0.971930321	12833.0003069637	-1061.375712	0.006642101723			
1058.815712	4	8	88	0.9721255242	0.006392497082		2.082485417	27.23693814	70.68057644				46.27610375	5.333320633	48.39057562	0	0	0	-1058.815712	0.9721255242	13416.0757114005	-1058.815712	0.006392497082			
1056.255712	4	8	88	0.9723123224	0.006156276385		2.074787296	27.21334888	70.71186382				46.54988508	5.197790517	48.2523244	0	0	0	-1056.255712	0.9723123224	14013.2203899403	-1056.255712	0.006156276385			
1053.695712	4	8	88	0.9724912335	0.005932539546		2.067069564	27.1890464	70.74388403				46.81533807	5.066551246	48.11811068	0	0	0	-1053.695712	0.9724912335	14624.432416158	-1053.695712	0.005932539546			
1051.135712	4	8	88	0.9726627347	0.005720451232		2.059328689	27.16409206	70.77657925				47.07281925	4.939419009	47.98776174	0	0	0	-1051.135712	0.9726627347	15249.7225294976	-1051.135712	0.005720451232			
1048.575712	4	8	88	0.9728272663	0.005519237135		2.051561625	27.13854176	70.80989662				47.32266633	4.816219404	47.86111426	0	0	0	-1048.575712	0.9728272663	15889.1142630936	-1048.575712	0.005519237135			
1046.015712	4	8	88	0.9729852349	0.005328180105		2.043765757	27.11244647	70.84378777				47.56519911	4.696787024	47.73801386	0	0	0	-1046.015712	0.9729852349	16542.6432438211	-1046.015712	0.005328180105			
1043.455712	4	8	88	0.9731370165	0.005146616266		2.035938853	27.08585274	70.87820841				47.80072039	4.580965036	47.61831457	0	0	0	-1043.455712	0.9731370165	17210.3583679334	-1043.455712	0.005146616266			
1040.895712	4	8	88	0.9732829591	0.004973931223		2.028079021	27.05880308	70.9131179				48.0295169	4.468604749	47.50187835	0	0	0	-1040.895712	0.9732829591	17892.3164973359	-1040.895712	0.004973931223			
1038.335712	4	8	88	0.9734233853	0.0048095564		2.020184673	27.03133636	70.94847896				48.25186019	4.359565193	47.38857462	0	0	0	-1038.335712	0.9734233853	18588.5835937046	-1038.335712	0.0048095564			
1035.775712	4	8	88	0.9735585944	0.004652965561		2.01225449	27.00348819	70.98425732				48.46800746	4.2537127	47.27827984	0	0	0	-1035.775712	0.9735585944	19299.2426277898	-1035.775712	0.004652965561			
1033.215712	4	8	88	0.9736888644	0.004503671532		2.004287392	26.97529115	71.02042145				48.67820243	4.150920506	47.17087706	0	0	0	-1033.215712	0.9736888644	20024.3969524539	-1033.215712	0.004503671532			
1030.655712	4	8	88	0.9738144537	0.004361223133		1.996282512	26.94677515	71.05694234				48.88267612	4.051068355	47.06625553	0	0	0	-1030.655712	0.9738144537	20764.148373353	-1030.655712	0.004361223133			
1028.095712	4	8	88	0.973935603	0.004225202326		1.988239175	26.9179676	71.09379322				49.08164756	3.954042138	46.96431031	0	0	0	-1028.095712	0.973935603	21518.594052288	-1028.095712	0.004225202326			
1025.535712	4	8	88	0.9740525367	0.004095221569		1.980156875	26.8888937	71.13094943				49.27532456	3.85973353	46.86494191	0	0	0	-1025.535712	0.9740525367	22287.8583174227	-1025.535712	0.004095221569			
1022.975712	4	8	88	0.9741654641	0.003970921378		1.972035255	26.85957659	71.16838816				49.46390434	3.768039661	46.768056	0	0	0	-1022.975712	0.9741654641	23072.0805215965	-1022.975712	0.003970921378			
1020.415712	4	8	88	0.9742745807	0.003851968073		1.963874097	26.83003755	71.20608835				49.64757419	3.678862798	46.67356301	0	0	0	-1020.415712	0.9742745807	23871.3918508167	-1020.415712	0.003851968073			
1017.855712	4	8	88	0.9743800694	0.003738051719		1.9556733	26.80029619	71.24403051				49.82651204	3.592110044	46.58137792	0	0	0	-1017.855712	0.9743800694	24685.9705435916	-1017.855712	0.003738051719			
1015.295712	4	8	88	0.9744821011	0.003628884221		1.947432873	26.77037052	71.28219661				50.00088701	3.507693059	46.49141993	0	0	0	-1015.295712	0.9744821011	25515.9527769233	-1015.295712	0.003628884221			
1012.735712	4	8	88	0.9745808364	0.003524197592		1.939152919	26.74027717	71.32056991				50.17085998	3.425527791	46.40361223	0	0	0	-1012.735712	0.9745808364	26361.4971312142	-1012.735712	0.003524197592			
1010.175712	4	8	88	0.9746764256	0.003423742354		1.930833628	26.71003145	71.35913492				50.33658401	3.345534234	46.31788175	0	0	0	-1010.175712	0.9746764256	27222.8277768585	-1010.175712	0.003423742354			
1007.615712	4	8	88	0.9747690098	0.003327286081		1.922475267	26.67964749	71.39787724				50.49820487	3.267636187	46.23415895	0	0	0	-1007.615712	0.9747690098	28100.0900332338	-1007.615712	0.003327286081			
1005.055712	4	8	88	0.9748587219	0.003234612067		1.914078169	26.64913831	71.43678352				50.6558614	3.191761039	46.15237756	0	0	0	-1005.055712	0.9748587219	28993.4886362488	-1005.055712	0.003234612067			
1002.495712	4	8	88	0.9749456866	0.003145518098		1.905642732	26.61851594	71.47584133				50.80968598	3.117839565	46.07247446	0	0	0	-1002.495712	0.9749456866	29903.2634136789	-1002.495712	0.003145518098			
999.9357121	4	8	88	0.9750300214	0.003059815334		1.897169403	26.58779146	71.51503913				50.95980483	3.045805728	45.99438944	0	0	0	-999.9357121	0.9750300214	30829.6053353568	-999.9357121	0.003059815334			
997.3757121	4	8	88	0.9751118371	0.00297732729		1.888658683	26.55697514	71.55436618				51.10633843	2.975596505	45.91806506	0	0	0	-997.3757121	0.9751118371	31772.7281631178	-997.3757121	0.00297732729			
994.8157121	4	8	88	0.9751912382	0.002897888891		1.880111112	26.52607642	71.59381246				51.24940181	2.907151716	45.84344647	0	0	0	-994.8157121	0.9751912382	32732.8987422926	-994.8157121	0.002897888891			
992.2557121	4	8	88	0.9752683232	0.00282134562		1.871527271	26.49510406	71.63336867				51.38910485	2.840413864	45.77048129	0	0	0	-992.2557121	0.9752683232	33710.3404151383	-992.2557121	0.00282134562			
989.6957121	4	8	88	0.9753431854	0.002747552723		1.862907773	26.46406611	71.67302612				51.52555259	2.775327987	45.69911943	0	0	0	-989.6957121	0.9753431854	34705.3102626988	-989.6957121	0.002747552723			
987.1357121	4	8	88	0.9754159128	0.002676374494		1.854253263	26.43297003	71.7127767				51.65884549	2.711841522	45.62931299	0	0	0	-987.1357121	0.9754159128	35718.0661079935	-987.1357121	0.002676374494			
984.5757121	4	8	88	0.9754865889	0.002607683608		1.845564411	26.40182271	71.75261288				51.78907968	2.649904172	45.56101615	0	0	0	-984.5757121	0.9754865889	36748.9322445654	-984.5757121	0.002607683608			
982.0157121	4	8	88	0.9755552924	0.002541360515		1.836841913	26.37063049	71.7925276				51.9163472	2.589467785	45.49418502	0	0	0	-982.0157121	0.9755552924	37798.1485457259	-982.0157121	0.002541360515			
979.4557121	4	8	88	0.9756220984	0.002477292883		1.828086482	26.33939924	71.83251428				52.04073621	2.530486238	45.42877755	0	0	0	-979.4557121	0.9756220984	38866.0026076944	-979.4557121	0.002477292883			
976.8957121	4	8	88	0.9756870777	0.002415375083		1.819298854	26.30813436	71.87256678				52.1623312	2.472915334	45.36475347	0	0	0	-976.8957121	0.9756870777	39952.8281040813	-976.8957121	0.002415375083			
974.3357121	4	8	88	0.9757502978	0.002355507717		1.810479777	26.27684086	71.91267937				52.2812132	2.416712694	45.30207411	0	0	0	-974.3357121	0.9757502978	41058.9257998361	-974.3357121	0.002355507717			
971.7757121	4	8	88	0.9758118226	0.002297597185		1.801630014	26.24552331	71.95284668				52.39745994	2.361837669	45.24070239	0	0	0	-971.7757121	0.9758118226	42184.6348501007	-971.7757121	0.002297597185			
969.2157121	4	8	88	0.975871713	0.002241555285		1.792750341	26.21418596	71.9930637				52.51114602	2.308251248	45.18060273	0	0	0	-969.2157121	0.975871713	43330.2879720917	-969.2157121	0.002241555285			
966.6557121	4	8	88	0.9759300268	0.002187298844		1.783841542	26.18283269	72.03332576				52.62234311	2.255915973	45.12174092	0	0	0	-966.6557121	0.9759300268	44496.2470665301	-966.6557121	0.002187298844			
964.0957121	4	8	88	0.9759868191	0.002134749378		1.774904411	26.1514671	72.07362849				52.73112003	2.204795865	45.0640841	0	0	0	-964.0957121	0.9759868191	45682.8762696986	-964.0957121	0.002134749378			
961.5357121	4	8	88	0.9760421423	0.002083832777		1.76593975	26.12009246	72.11396779				52.83754297	2.154856345	45.00760069	0	0	0	-961.5357121	0.9760421423	46890.5554621184	-961.5357121	0.002083832777			
958.9757121	4	8	88	0.9760960464	0.002034479019		1.756948365	26.08871179	72.15433984				52.94167555	2.106064168	44.95226028	0	0	0	-958.9757121	0.9760960464	48119.6378082114	-958.9757121	0.002034479019			
956.4157121	4	8	88	0.9761485791	0.0019866219		1.747931068	26.05732785	72.19474108				53.04357901	2.058387357	44.89803363	0	0	0	-956.4157121	0.9761485791	49370.469675934	-956.4157121	0.0019866219			
953.8557121	4	8	88	0.976199786	0.001940198782		1.738888675	26.02594315	72.23516817				53.14331228	2.01179514	44.84489258	0	0	0	-953.8557121	0.976199786	50643.5930272557	-953.8557121	0.001940198782			
951.2957121	4	8	88	0.9762497103	0.001895150374		1.729822004	25.99456001	72.27561799				53.24093212	1.966257891	44.79280999	0	0	0	-951.2957121	0.9762497103	51939.4260884103	-951.2957121	0.001895150374			
948.7357121	4	8	88	0.9762983936	0.001851420511		1.720731875	25.9631805	72.31608763				53.33649319	1.92174708	44.74175973	0	0	0	-948.7357121	0.9762983936	53258.3354445194	-948.7357121	0.001851420511			
946.1757121	4	8	88	0.9763458755	0.001808955958		1.711619109	25.93180653	72.35657437				53.4300482	1.878235216	44.69171658	0	0	0	-946.1757121	0.9763458755	54600.7240393605	-946.1757121	0.001808955958			
943.6157121	4	8	88	0.9763921941	0.00176770623		1.702484529	25.9004398	72.39707567				53.52164797	1.8356958	44.64265623	0	0	0	-943.6157121	0.9763921941	55967.1503368842	-943.6157121	0.00176770623			
941.0557121	4	8	88	0.9764373855	0.001727623424		1.693328955	25.86908188	72.43758916				53.6113415	1.794103281	44.59455522	0	0	0	-941.0557121	0.9764373855	57358.158520951	-941.0557121	0.001727623424			
938.4957121	4	8	88	0.9764814845	0.001688662057		1.684153209	25.83773414	72.47811265				53.6991761	1.75343301	44.54739089	0	0	0	-938.4957121	0.9764814845	58774.0578114535	-938.4957121	0.001688662057			
935.9357121	4	8	88	0.9765245245	0.001650778921		1.67495811	25.80639783	72.51864406				53.78519744	1.713661199	44.50114136	0	0	0	-935.9357121	0.9765245245	60215.5382128382	-935.9357121	0.001650778921			
933.3757121	4	8	88	0.9765665372	0.001613932949		1.665744475	25.77507404	72.55918149				53.86944961	1.674764883	44.4557855	0	0	0	-933.3757121	0.9765665372	61683.0432053637	-933.3757121	0.001613932949			
930.8157121	4	8	88	0.9766075534	0.001578085087		1.65651312	25.74376374	72.59972314				53.95197524	1.636721885	44.41130287	0	0	0	-930.8157121	0.9766075534	63177.0216109632	-930.8157121	0.001578085087			
928.2557121	4	8	88	0.9766476024	0.001543198174		1.647264856	25.71246777	72.64026737				54.03281551	1.599510775	44.36767372	0	0	0	-928.2557121	0.9766476024	64698.3242944254	-928.2557121	0.001543198174			
925.6957121	4	8	88	0.9766867122	0.001509236836		1.638000494	25.68118688	72.68081263				54.11201023	1.563110846	44.32487892	0	0	0	-925.6957121	0.9766867122	66247.2817299554	-925.6957121	0.001509236836			
923.1357121	4	8	88	0.9767249101	0.001476167441		1.628720841	25.64992166	72.7213575				54.18959792	1.527502074	44.2829	0	0	0	-923.1357121	0.9767249101	67824.4413929509	-923.1357121	0.001476167441			
920.5757121	4	8	88	0.976762222	0.001443957756		1.619426697	25.61867264	72.76190066				54.26561587	1.492665094	44.24171903	0	0	0	-920.5757121	0.976762222	69430.5988122007	-920.5757121	0.001443957756			
918.0157121	4	8	88	0.9767986729	0.001412577234		1.610118862	25.58744026	72.80244087				54.34010015	1.458581171	44.20131868	0	0	0	-918.0157121	0.9767986729	71066.3394446923	-918.0157121	0.001412577234			
915.4557121	4	8	88	0.9768342868	0.001381996679		1.600798128	25.55622486	72.84297702				54.4130857	1.425232172	44.16168213	0	0	0	-915.4557121	0.9768342868	72732.3483881336	-915.4557121	0.001381996679			
912.8957121	4	8	88	0.9768690868	0.001352188228		1.591465287	25.52502667	72.88350805				54.48460635	1.39260054	44.12279311	0	0	0	-912.8957121	0.9768690868	74429.2187884656	-912.8957121	0.001352188228			
910.3357121	4	8	88	0.9769030952	0.001323125279		1.582121121	25.49384587	72.92403301				54.5546949	1.360669273	44.08463582	0	0	0	-910.3357121	0.9769030952	76157.6563801633	-910.3357121	0.001323125279			
907.7757121	4	8	88	0.9769363334	0.001294782424		1.572766412	25.46268256	72.96455102				54.62338314	1.329421899	44.04719497	0	0	0	-907.7757121	0.9769363334	77918.3518694512	-907.7757121	0.001294782424			
905.2157121	4	8	88	0.9769688221	0.001267135489		1.563401939	25.43153675	73.00506131				54.69070186	1.298842455	44.01045569	0	0	0	-905.2157121	0.9769688221	79712.1310362186	-905.2157121	0.001267135489			
902.6557121	4	8	88	0.9770005811	0.001240161049		1.554028467	25.4004084	73.04556313				54.75668097	1.268915465	43.97440356	0	0	0	-902.6557121	0.9770005811	81539.7933591222	-902.6557121	0.001240161049			
900.0957121	4	8	88	0.9770316296	0.001213837015		1.544646761	25.36929744	73.0860558				54.82134949	1.239625923	43.93902459	0	0	0	-900.0957121	0.9770316296	83440.8353651193	-900.0957121	0.001213837015			
897.5357121	4	8	88	0.9770619588	0.001187074641		1.535223433	25.33837882	73.12639774				54.88467865	1.210984835	43.90433651	0	0	0	-897.5357121	0.9770619588	85336.0688735155	-897.5357121	0.001187074641			
894.9757121	4	8	88	0.9770916416	0.001163074444		1.525827658	25.30730175	73.1668706				54.94681049	1.18292635	43.87026316	0	0	0	-894.9757121	0.9770916416	87232.0827550125	-894.9757121	0.001163074444			
892.4157121	4	8	88	0.9771206675	0.001138576441		1.516425895	25.27624154	73.20733257				55.00771377	1.155462944	43.83682329	0	0	0	-892.4157121	0.9771206675	89203.0897486978	-892.4157121	0.001138576441			
889.8557121	4	8	88	0.977149053	0.001114647322		1.507018809	25.24519821	73.24778298				55.06741409	1.128581365	43.80400455	0	0	0	-889.8557121	0.977149053	91212.4078704107	-889.8557121	0.001114647322			
887.2957121	4	8	88	0.9771768141	0.00109127135		1.497607139	25.21417139	73.28822147				55.12593654	1.102268678	43.77179478	0	0	0	-887.2957121	0.9771768141	93260.6389109302	-887.2957121	0.00109127135			
884.7357121	4	8	88	0.9772039664	0.001068425649		1.488191391	25.18316226	73.32864635				55.18330526	1.076512452	43.74018229	0	0	0	-884.7357121	0.9772039664	95348.6399129242	-884.7357121	0.001068425649			
882.1757121	4	8	88	0.9772305249	0.001046109451		1.478772742	25.15216676	73.3690605				55.2395444	1.051300244	43.70915536	0	0	0	-882.1757121	0.9772305249	97477.3344904616	-882.1757121	0.001046109451			
879.6157121	4	8	88	0.9772565042	0.0010242914		1.4693516	25.12118734	73.40946106				55.29467673	1.026620322	43.67870295	0	0	0	-879.6157121	0.9772565042	99647.9905868783	-879.6157121	0.0010242914			
877.0557121	4	8	88	0.9772819182	0.001002961584		1.459928708	25.09022287	73.44984843				55.34872464	1.002461158	43.6488142	0	0	0	-877.0557121	0.9772819182	101861.775718885	-877.0557121	0.001002961584			
874.4957121	4	8	88	0.9773067805	0.0009821055061		1.450504759	25.05927285	73.49022239				55.40170996	0.9788115406	43.6194785	0	0	0	-874.4957121	0.9773067805	104119.406671377	-874.4957121	0.0009821055061			
871.9357121	4	8	88	0.9773311043	0.0009617092317		1.441080443	25.02833677	73.53058279				55.4536539	0.9556605612	43.59068554	0	0	0	-871.9357121	0.9773311043	106422.323821083	-871.9357121	0.0009617092317			
869.3757121	4	8	88	0.9773549022	0.0009417593767		1.431656439	24.99741408	73.57092949				55.50457715	0.9329976069	43.56242524	0	0	0	-869.3757121	0.9773549022	108771.382010447	-869.3757121	0.0009417593767			
866.8157121	4	8	88	0.9773781867	0.0009222430775		1.422233424	24.9665042	73.61126238				55.55449984	0.9108123471	43.53468782	0	0	0	-866.8157121	0.9773781867	111167.857723395	-866.8157121	0.0009222430775			
864.2557121	4	8	88	0.9774009696	0.0009031479664		1.412812066	24.93560653	73.6515814				55.60344159	0.8890947243	43.50746369	0	0	0	-864.2557121	0.9774009696	113613.032662789	-864.2557121	0.0009031479664			
861.6957121	4	8	88	0.9774232626	0.0008844621489		1.403393031	24.90472044	73.69188653				55.65142152	0.8678349444	43.48074353	0	0	0	-861.6957121	0.9774232626	116108.182207916	-861.6957121	0.0008844621489			
859.1357121	4	8	88	0.9774450768	0.0008661741821		1.393976974	24.87384527	73.73217776				55.69845828	0.8470234672	43.45451825	0	0	0	-859.1357121	0.9774450768	118654.585094517	-859.1357121	0.0008661741821			
856.5757121	4	8	88	0.9774664232	0.0008482730538		1.384564548	24.84298034	73.77245511				55.74457004	0.8266509977	43.42877896	0	0	0	-856.5757121	0.9774664232	121253.46211267	-856.5757121	0.0008482730538			
854.0157121	4	8	88	0.9774873123	0.000830748163		1.375156397	24.81212496	73.81271864				55.78977453	0.8067084777	43.403517	0	0	0	-854.0157121	0.9774873123	123906.343639427	-854.0157121	0.000830748163			
851.4557121	4	8	88	0.9775077544	0.0008135893012		1.36575316	24.78127841	73.85296843				55.83408903	0.7871870774	43.37872389	0	0	0	-851.4557121	0.9775077544	126614.665017691	-851.4557121	0.0008135893012			
848.8957121	4	8	88	0.9775277594	0.0007967866366		1.35635547	24.75043993	73.8932046				55.87753044	0.7680781879	43.35439137	0	0	0	-848.8957121	0.9775277594	129379.588900555	-848.8957121	0.0007967866366			
846.3357121	4	8	88	0.9775473371	0.0007803307707		1.346963959	24.71960876	73.93342728				55.9201152	0.7493734131	43.33051139	0	0	0	-846.3357121	0.9775473371	132203.148703855	-846.3357121	0.0007803307707			
843.7757121	4	8	88	0.9775664967	0.0007642124173		1.337579242	24.68878413	73.97363662				55.96185941	0.7310645638	43.30707602	0	0	0	-843.7757121	0.9775664967	135087.072240278	-843.7757121	0.0007642124173			
841.2157121	4	8	88	0.9775852474	0.0007484228526		1.328201935	24.65796527	74.01383279				56.00277879	0.7131436497	43.28407756	0	0	0	-841.2157121	0.9775852474	138032.268095686	-841.2157121	0.0007484228526			
838.6557121	4	8	88	0.9776035981	0.0007329535874		1.318832645	24.62715136	74.05401599				56.04288866	0.6956028731	43.26150846	0	0	0	-838.6557121	0.9776035981	141040.759563052	-838.6557121	0.0007329535874			
836.0957121	4	8	88	0.9776215574	0.0007177964328		1.309471975	24.59634159	74.09418644				56.08220403	0.6784346227	43.23936135	0	0	0	-836.0957121	0.9776215574	144114.766417572	-836.0957121	0.0007177964328			
833.5357121	4	8	88	0.9776391336	0.0007029434875		1.300120522	24.56553511	74.13434437				56.12073952	0.6616314672	43.21762901	0	0	0	-833.5357121	0.9776391336	147255.401792622	-833.5357121	0.0007029434875			
830.9757121	4	8	88	0.977656335	0.0006883871255		1.290778875	24.53473109	74.17449004				56.15850947	0.6451861502	43.19630438	0	0	0	-830.9757121	0.977656335	150464.364593834	-830.9757121	0.0006883871255			
828.4157121	4	8	88	0.9776731695	0.0006741199848		1.28144762	24.50392865	74.21462373				56.19552787	0.6290915837	43.17538055	0	0	0	-828.4157121	0.9776731695	153744.752452648	-828.4157121	0.0006741199848			
825.8557121	4	8	88	0.9776896447	0.0006601349561		1.272127333	24.47312694	74.25474573				56.23180841	0.6133408433	43.15485075	0	0	0	-825.8557121	0.9776896447	157097.542407042	-825.8557121	0.0006601349561			
823.2957121	4	8	88	0.9777057683	0.0006464251724		1.262818588	24.44232506	74.29485635				56.26736446	0.597927163	43.13470837	0	0	0	-823.2957121	0.9777057683	160524.890959256	-823.2957121	0.0006464251724			
820.7357121	4	8	88	0.9777215475	0.000632983999		1.25352195	24.41152213	74.33495592				56.30220915	0.5828439298	43.11494692	0	0	0	-820.7357121	0.9777215475	164029.397049547	-820.7357121	0.000632983999			
818.1757121	4	8	88	0.9777369895	0.0006198050244		1.24423798	24.38071724	74.37504478				56.33635527	0.5680846796	43.09556005	0	0	0	-818.1757121	0.9777369895	167612.984725826	-818.1757121	0.0006198050244			
815.6157121	4	8	88	0.9777521012	0.0006068820506		1.234967232	24.34990949	74.41512328				56.36981538	0.5536430919	43.07654153	0	0	0	-815.6157121	0.9777521012	171278.723794933	-815.6157121	0.0006068820506			
813.0557121	4	8	88	0.9777668893	0.0005942090847		1.225710254	24.31909795	74.4551918				56.40260175	0.539512986	43.05788526	0	0	0	-813.0557121	0.9777668893	175027.532280789	-813.0557121	0.0005942090847			
810.4957121	4	8	88	0.9777813606	0.0005817803312		1.216467588	24.2882817	74.49525071				56.43472642	0.5256883163	43.03958526	0	0	0	-810.4957121	0.9777813606	178862.991629651	-810.4957121	0.0005817803312			
807.9357121	4	8	88	0.9777955213	0.0005695901833		1.207239771	24.2574598	74.53530043				56.46620117	0.5121631684	43.02163566	0	0	0	-807.9357121	0.9777955213	182787.29611074	-807.9357121	0.0005695901833			
805.3757121	4	8	88	0.9778093779	0.000557633216		1.198027334	24.22663131	74.57534136				56.49703752	0.4989317552	43.00403073	0	0	0	-805.3757121	0.9778093779	186802.560072318	-805.3757121	0.000557633216			
802.8157121	4	8	88	0.9778229364	0.0005459041787		1.1888308	24.19579528	74.61537391				56.52724679	0.485988413	42.9867648	0	0	0	-802.8157121	0.9778229364	190912.709256052	-802.8157121	0.0005459041787			
800.2557121	4	8	88	0.9778362028	0.0005343979887		1.17965069	24.16495077	74.65539854				56.55684004	0.473327598	42.96983236	0	0	0	-800.2557121	0.9778362028	195120.05688176	-800.2557121	0.0005343979887			
797.6957121	4	8	88	0.9778491829	0.0005231097241		1.170487515	24.1340968	74.69541569				56.58582815	0.4609438825	42.95322796	0	0	0	-797.6957121	0.9778491829	199427.66968752	-797.6957121	0.0005231097241			
795.1357121	4	8	88	0.9778618824	0.0005120346182		1.161341784	24.10323241	74.73542581				56.61422176	0.4488319518	42.93694629	0	0	0	-795.1357121	0.9778618824	203837.195541913	-795.1357121	0.0005120346182			
792.5757121	4	8	88	0.977874307	0.0005011680531		1.152213998	24.07235663	74.77542937				56.6420313	0.4369866009	42.9209821	0	0	0	-792.5757121	0.977874307	208353.832020468	-792.5757121	0.0005011680531			
790.0157121	4	8	88	0.9778864619	0.0004905055542		1.143104653	24.04146848	74.81542686				56.66926702	0.4254027313	42.90533025	0	0	0	-790.0157121	0.9778864619	212981.111298594	-790.0157121	0.0004905055542			
787.4557121	4	8	88	0.9778983525	0.0004800427846		1.134014238	24.01056699	74.85541877				56.69593895	0.4140753478	42.8899857	0	0	0	-787.4557121	0.9778983525	217719.500796149	-787.4557121	0.0004800427846			
784.8957121	4	8	88	0.9779099841	0.0004697755403		1.124943238	23.97965117	74.89540559				56.72205695	0.4029995559	42.8749435	0	0	0	-784.8957121	0.9779099841	222574.937811529	-784.8957121	0.0004697755403			
782.3357121	4	8	88	0.9779213616	0.0004596997447		1.115892132	23.94872002	74.93538785				56.74763068	0.3921705587	42.86019876	0	0	0	-782.3357121	0.9779213616	227551.646785616	-782.3357121	0.0004596997447			
779.7757121	4	8	88	0.97793249	0.0004498114439		1.106861393	23.91777256	74.97536605				56.77266965	0.3815836544	42.8457467	0	0	0	-779.7757121	0.97793249	232651.317044204	-779.7757121	0.0004498114439			
777.2157121	4	8	88	0.9779433742	0.0004401068026		1.097851488	23.88680779	75.01534072				56.79718315	0.3712342337	42.83158262	0	0	0	-777.2157121	0.9779433742	237878.731448604	-777.2157121	0.0004401068026			
774.6557121	4	8	88	0.9779540189	0.000430582099		1.08886288	23.8558247	75.05531241				56.82118034	0.3611177769	42.81770188	0	0	0	-774.6557121	0.9779540189	243238.963887204	-774.6557121	0.000430582099			
772.0957121	4	8	88	0.9779644287	0.0004212337213		1.079896025	23.8248223	75.09528167				56.84467021	0.351229852	42.80409994	0	0	0	-772.0957121	0.9779644287	248736.349625871	-772.0957121	0.0004212337213			
769.5357121	4	8	88	0.9779746081	0.0004120581631		1.070951374	23.79379958	75.13524904				56.86766156	0.3415661117	42.79077233	0	0	0	-769.5357121	0.9779746081	254372.83099698	-769.5357121	0.0004120581631			
766.9757121	4	8	88	0.9779845617	0.0004030520198		1.062029372	23.76275553	75.1752151				56.89016307	0.332122292	42.77771464	0	0	0	-766.9757121	0.9779845617	260154.51743397	-766.9757121	0.0004030520198			
764.4157121	4	8	88	0.9779942937	0.000394211985		1.05313046	23.73168913	75.21518041				56.91218325	0.3228942091	42.76492254	0	0	0	-764.4157121	0.9779942937	266087.456859886	-764.4157121	0.000394211985			
761.8557121	4	8	88	0.9780038084	0.0003855348465		1.044255071	23.70059937	75.25514556				56.93373047	0.3138777578	42.75239177	0	0	0	-761.8557121	0.9780038084	272175.828271625	-761.8557121	0.0003855348465			
759.2957121	4	8	88	0.9780131099	0.0003770174834		1.035403636	23.66948524	75.29511113				56.95481294	0.3050689095	42.74011815	0	0	0	-759.2957121	0.9780131099	278423.518386626	-759.2957121	0.0003770174834			
756.7357121	4	8	88	0.9780222024	0.0003686568626		1.026576578	23.6383457	75.33507772				56.97543876	0.29646371	42.72809753	0	0	0	-756.7357121	0.9780222024	284836.547547663	-756.7357121	0.0003686568626			
754.1757121	4	8	88	0.9780310898	0.0003604500356		1.017774315	23.60717975	75.37504593				56.99561586	0.2880582776	42.71632586	0	0	0	-754.1757121	0.9780310898	291422.49903992	-754.1757121	0.0003604500356			
751.6157121	4	8	88	0.978039776	0.0003523941353		1.008997261	23.57598636	75.41501638				57.01535207	0.2798488013	42.70479913	0	0	0	-751.6157121	0.978039776	298184.667931009	-751.6157121	0.0003523941353			
749.0557121	4	8	88	0.9780482649	0.0003444863735		1.000245824	23.54476449	75.45498968				57.03465506	0.2718315394	42.69351341	0	0	0	-749.0557121	0.9780482649	305129.979156638	-749.0557121	0.0003444863735			
746.4957121	4	8	88	0.9780565602	0.0003367240377		0.991520407	23.51351313	75.49496646				57.05353238	0.264002817	42.6824648	0	0	0	-746.4957121	0.9780565602	312263.522382592	-746.4957121	0.0003367240377			
743.9357121	4	8	88	0.9780646657	0.0003291044888		0.982821407	23.48223124	75.53494736				57.07199148	0.2563590251	42.67164949	0	0	0	-743.9357121	0.9780646657	319595.229964165	-743.9357121	0.0003291044888			
741.3757121	4	8	88	0.9780725848	0.0003216251581		0.9741492168	23.45091778	75.574933				57.09003967	0.2488966186	42.66106371	0	0	0	-741.3757121	0.9780725848	327128.517888197	-741.3757121	0.0003216251581			
738.8157121	4	8	88	0.9780803213	0.0003142835451		0.9655042236	23.41957173	75.61492405				57.10768414	0.2416121147	42.65070374	0	0	0	-738.8157121	0.9780803213	334870.414049568	-738.8157121	0.0003142835451			
736.2557121	4	8	88	0.9780878785	0.0003070772148		0.9568868097	23.38819204	75.65492115				57.12493198	0.2345020919	42.64056592	0	0	0	-736.2557121	0.9780878785	342833.615540767	-736.2557121	0.0003070772148			
733.6957121	4	8	88	0.9780952598	0.0003000037958		0.9482973522	23.35677768	75.69492497				57.14179016	0.2275631878	42.63064665	0	0	0	-733.6957121	0.9780952598	351018.486583508	-733.6957121	0.0003000037958			
731.1357121	4	8	88	0.9781024687	0.0002930609776		0.9397362233	23.32532761	75.73493617				57.15826554	0.2207920984	42.62094236	0	0	0	-731.1357121	0.9781024687	359434.903595963	-731.1357121	0.0002930609776			
728.5757121	4	8	88	0.9781095084	0.0002862465089		0.9312037901	23.29384078	75.77495543				57.17436487	0.2141855763	42.61144955	0	0	0	-728.5757121	0.9781095084	368098.123624205	-728.5757121	0.0002862465089			
726.0157121	4	8	88	0.978116382	0.0002795581951		0.9227004149	23.26231616	75.81498343				57.19009481	0.2077404297	42.60216476	0	0	0	-726.0157121	0.978116382	377008.288532326	-726.0157121	0.0002795581951			
723.4557121	4	8	88	0.9781230929	0.0002729965223		0.9142264095	23.23075306	75.85502053				57.20546211	0.2014535225	42.59308437	0	0	0	-723.4557121	0.9781230929	386177.571810266	-723.4557121	0.0002729965223			
720.8957121	4	8	88	0.978129644	0.0002665541935		0.905782175	23.19915006	75.89506777				57.22047302	0.1953217679	42.58420521	0	0	0	-720.8957121	0.978129644	395616.939997892	-720.8957121	0.0002665541935			
718.3357121	4	8	88	0.9781360385	0.0002602317401		0.8973680562	23.16750611	75.93512584				57.23513389	0.1893421333	42.57552398	0	0	0	-718.3357121	0.9781360385	405330.535778009	-718.3357121	0.0002602317401			
715.7757121	4	8	88	0.9781422794	0.0002540271963		0.8889843958	23.13582016	75.97519544				57.24945097	0.1835116366	42.56703739	0	0	0	-715.7757121	0.9781422794	415337.903693709	-715.7757121	0.0002540271963			
713.2157121	4	8	88	0.9781483695	0.0002479386238		0.8806315318	23.10409117	76.0152773				57.26343043	0.177827345	42.55874222	0	0	0	-713.2157121	0.9781483695	425646.196055912	-713.2157121	0.0002479386238			
710.6557121	4	8	88	0.9781543118	0.0002419641301		0.8723097973	23.07231806	76.05537214				57.27707835	0.1722863744	42.55063527	0	0	0	-710.6557121	0.9781543118	436263.791969044	-710.6557121	0.0002419641301			
708.0957121	4	8	88	0.9781601091	0.000236101867		0.8640195207	23.04049979	76.09548069				57.29040072	0.1668858882	42.54271339	0	0	0	-708.0957121	0.9781601091	447205.735666341	-708.0957121	0.000236101867			
705.5357121	4	8	88	0.9781657642	0.0002303500293		0.8557610258	23.0086353	76.13560368				57.30340342	0.1616230961	42.53497348	0	0	0	-705.5357121	0.9781657642	458476.268803119	-705.5357121	0.0002303500293			
702.9757121	4	8	88	0.97817128	0.0002247068528		0.8475346319	22.97672352	76.17574185				57.31609228	0.1564952534	42.52741246	0	0	0	-702.9757121	0.97817128	470101.712739212	-702.9757121	0.0002247068528			
700.4157121	4	8	88	0.9781766589	0.0002191706132		0.8393406534	22.94476338	76.21589597				57.32847303	0.15149966	42.52002731	0	0	0	-700.4157121	0.9781766589	482090.152943261	-700.4157121	0.0002191706132			
697.8557121	4	8	88	0.9781819038	0.0002137396247		0.8311794004	22.91275382	76.25606678				57.34055131	0.1466336595	42.51281503	0	0	0	-697.8557121	0.9781819038	494448.954953598	-697.8557121	0.0002137396247			
695.2957121	4	8	88	0.9781870172	0.0002084122383		0.8230511783	22.88069376	76.29625506				57.35233269	0.1418946385	42.50577267	0	0	0	-695.2957121	0.9781870172	507201.382366155	-695.2957121	0.0002084122383			
692.7357121	4	8	88	0.9781920017	0.000203186841		0.814956288	22.84858214	76.33646157				57.36382266	0.1372800252	42.49889732	0	0	0	-692.7357121	0.9781920017	520353.801049	-692.7357121	0.000203186841			
690.1757121	4	8	88	0.9781968599	0.0001980618542		0.8068950261	22.81641788	76.3766871				57.37502663	0.1327872894	42.49218608	0	0	0	-690.1757121	0.9781968599	533934.306190475	-690.1757121	0.0001980618542			
687.6157121	4	8	88	0.9782015941	0.0001930357324		0.7988676847	22.78419988	76.41693243				57.38594994	0.1284139411	42.48563612	0	0	0	-687.6157121	0.9782015941	547954.176865859	-687.6157121	0.0001930357324			
685.0557121	4	8	88	0.9782062069	0.0001881069622		0.7908745514	22.75192708	76.45719836				57.39659786	0.1241575298	42.47924461	0	0	0	-685.0557121	0.9782062069	562428.138293277	-685.0557121	0.0001881069622			
682.4957121	4	8	88	0.9782107006	0.0001832740613		0.7829159098	22.71959839	76.4974857				57.40697556	0.1200156442	42.4730088	0	0	0	-682.4957121	0.9782107006	577380.878673986	-682.4957121	0.0001832740613			
679.9357121	4	8	88	0.9782150776	0.000178535577		0.7749920387	22.68721271	76.53779525				57.41708817	0.115985911	42.46692592	0	0	0	-679.9357121	0.9782150776	592820.647628968	-679.9357121	0.000178535577			
677.3757121	4	8	88	0.9782193403	0.0001738900852		0.7671032131	22.65476894	76.57812784				57.42694073	0.1120659946	42.46099328	0	0	0	-677.3757121	0.9782193403	608776.372901173	-677.3757121	0.0001738900852			
674.8157121	4	8	88	0.9782234909	0.0001693361898		0.7592497034	22.622266	76.6184843				57.43653822	0.1082535961	42.45520818	0	0	0	-674.8157121	0.9782234909	625270.430680772	-674.8157121	0.0001693361898			
672.2557121	4	8	88	0.9782275317	0.0001648725212		0.7514317761	22.58970277	76.65886545				57.44588556	0.1045464528	42.44956799	0	0	0	-672.2557121	0.9782275317	642503.731305875	-672.2557121	0.0001648725212			
671.6157121	4	8	88	0.9782285244	4.051125669E-05		0.7494831397	22.58155018	76.66896668				57.44818249	0.103635845	42.44818166	0	0	0	-671.6157121	0.9782285244	641082.584717558	-671.6157121	4.051125669E-05			
671.6057121	4	8	88	0.97822854	6.403917991E-07		0.7494526532	22.58142319	76.66912415				57.44821868	0.1036216684	42.44815965	0	0	0	-671.6057121	0.97822854	638152.511858955	-671.6057121	6.403917991E-07			
671.5857121	4	8	88	0.9782319733	1.328655048E-06	0.0001518581428	0.7491048633	22.58381907	76.66707607	47.49277458	0.05754914605	52.44967628	57.4498059	0.1035992272	42.44659487	0	0	0	-671.5857121	0.9782319733	9837.38661592807	-671.5857121	1.328655048E-06	0.0001518581428	-0.00358272587122291	
671.5657121	4	8	88	0.978233666	1.284546191E-06	7.418660931E-05	0.7489040104	22.58485806	76.66623793	47.49649185	0.05751280165	52.44599534	57.4506172	0.1035737671	42.44580904	0	0	0	-671.5657121	0.978233666	11793.5440069789	-671.5657121	1.284546191E-06	7.418660931E-05	0.500824965657629	
671.5257121	4	8	88	0.9782370704	2.607650684E-06	0.0001492080377	0.7485008305	22.58695102	76.66454815	47.50396456	0.05743996375	52.43859548	57.45224867	0.1035228892	42.44422844	0	0	0	-671.5257121	0.9782370704	11739.2493241647	-671.5257121	2.607650684E-06	0.0001492080377	0.0173663644723037	
671.4457121	4	8	88	0.9782438971	5.133815404E-06	0.0002993421307	0.7476945982	22.5911407	76.66116471	47.5189251	0.05729443906	52.42378046	57.45551427	0.1034211949	42.44106454	0	0	0	-671.4457121	0.9782438971	11703.8813377921	-671.4457121	5.133815404E-06	0.0002993421307	0.016877305900035	
671.2857121	4	8	88	0.9782576026	1.026042091E-05	0.000601255843	0.74608257	22.59953583	76.6543816	47.54890504	0.05700401949	52.39409094	57.4620566	0.103218052	42.43472534	0	0	0	-671.2857121	0.9782576026	11644.8898496744	-671.2857121	1.026042091E-05	0.000601255843	0.0168970462871331	
670.9657121	4	8	88	0.9782852223	2.049090595E-05	0.001212824489	0.7428602187	22.61638992	76.64074986	47.60911704	0.05642555545	52.33445741	57.47518503	0.1028127799	42.42200219	0	0	0	-670.9657121	0.9782852223	11526.9990023706	-670.9657121	2.049090595E-05	0.001212824489	0.0165657517965577	
670.3257121	4	8	88	0.9783413268	4.087155686E-05	0.002468401758	0.7364221082	22.65035833	76.61321956	47.73055608	0.0552781896	52.21416573	57.50162427	0.1020061555	42.39636958	0	0	0	-670.3257121	0.9783413268	11289.8719541787	-670.3257121	4.087155686E-05	0.002468401758	0.0159223847426741	
669.0457121	4	8	88	0.9784571912	8.132166509E-05	0.005117581947	0.7235699446	22.71938162	76.55704844	47.97764156	0.05302136968	51.96933707	57.55526057	0.1004086127	42.34433082	0	0	0	-669.0457121	0.9784571912	10814.3758573053	-669.0457121	8.132166509E-05	0.005117581947	0.0147107502762054	
666.4857121	4	8	88	0.9787053673	0.0001611760702	0.01104993	0.6979440897	22.862149	76.43990691	48.48993345	0.04865663789	51.46140991	57.66583622	0.09727582444	42.23688796	0	0	0	-666.4857121	0.9787053673	9926.61095036335	-666.4857121	0.0001611760702	0.01104993	0.000881025422647589	
663.9257121	4	8	88	0.9789747041	0.0001595200194	0.01216546995	0.6723826024	23.01205645	76.31556095	49.02924402	0.04448497101	50.92627101	57.78142059	0.09422513794	42.12435427	0	0	0	-663.9257121	0.9789747041	9108.40358227645	-663.9257121	0.0001595200194	0.01216546995	-0.00116824440699095	
661.3657121	4	8	88	0.9792698387	0.0001584502893	0.01353901604	0.6468266981	23.17035282	76.18282048	49.59976739	0.04049934163	50.35973326	57.90290922	0.09125548159	42.0058353	0	0	0	-661.3657121	0.9792698387	8270.30970481066	-661.3657121	0.0001584502893	0.01353901604	-0.000493643678131381	
658.8057121	4	8	88	0.9795970924	0.0001582176053	0.01526882053	0.6212008593	23.33865561	76.04014353	50.2068993	0.03669191672	49.75640878	58.03146448	0.08836590503	41.88016962	0	0	0	-658.8057121	0.9795970924	7412.33778314153	-658.8057121	0.0001582176053	0.01526882053	0.00010638204825108	
656.2457121	4	8	88	0.9799654108	0.0001591555008	0.01750996621	0.5954047995	23.51912307	75.88547213	50.85778184	0.03305369621	49.10916446	58.16864061	0.08555562867	41.74580376	0	0	0	-656.2457121	0.9799654108	6534.45754999608	-656.2457121	0.0001591555008	0.01750996621	0.000618084649379097	
653.6857121	4	8	88	0.9803880598	0.0001618246255	0.02052152708	0.5692998017	23.71474537	75.71595483	51.56224065	0.02957373935	48.40818561	58.31659558	0.0828241262	41.60058029	0	0	0	-653.6857121	0.9803880598	5636.68897100976	-653.6857121	0.0001618246255	0.02052152708	0.00104747825183556	
651.1257121	4	8	88	0.9808859698	0.0001672418214	0.0247706405	0.5426837334	23.92987404	75.52744222	52.33447584	0.02623782082	47.63928634	58.47847659	0.0801712734	41.44135214	0	0	0	-651.1257121	0.9808859698	4719.17416383064	-651.1257121	0.0001672418214	0.0247706405	0.00140045975259076	
648.5657121	4	8	88	0.9814951317	0.0001774536175	0.03119227969	0.5152407166	24.17128263	75.31347665	53.19642556	0.02302573336	46.78054871	58.65919321	0.07759764316	41.26320915	0	0	0	-648.5657121	0.9814951317	3782.493888337	-648.5657121	0.0001774536175	0.03119227969	0.00168280862054887	
646.0057121	4	8	88	0.982285923	0.0001972587366	0.04196669125	0.4864248148	24.45060351	75.06297168	54.18548054	0.01990480369	45.79461466	58.86719534	0.07510517574	41.05769948	0	0	0	-646.0057121	0.982285923	2829.06001774196	-646.0057121	0.0001972587366	0.04196669125	0.00190153114056788	
643.4457121	4	8	88	0.9834293893	0.0002412177678	0.06363252216	0.4551277111	24.79125202	74.75362027	55.37637987	0.01681089961	44.60680923	59.11953097	0.07269905117	40.80776998	0	0	0	-643.4457121	0.9834293893	1874.10841204135	-643.4457121	0.0002412177678	0.06363252216	0.00206196869597964	
640.8857121	4	8	88	0.9855893428	0.0003827511499	0.1291048461	0.4182482766	25.25801342	74.32373831	56.97435928	0.01356490071	43.01207581	59.46347764	0.07039560155	40.46612675	0	0	0	-640.8857121	0.9855893428	882.547331331498	-640.8857121	0.0003827511499	0.1291048461	0.000951707398793526	
639.6057121	4	8	88	0.9878539506	0.00039497414	0.1561083028	0.3938181333	25.6192629	73.98691896	58.1797437	0.01165515238	41.80860114	59.72872195	0.06930339728	40.20197465	0	0	0	-639.6057121	0.9878539506	426.31087188941	-639.6057121	0.00039497414	0.1561083028	-0.000545134231739717	
639.2857121	4	8	88	0.9887100224	0.0001682769552	0.07005737334	0.3858028187	25.7492648	73.86493238	58.60617947	0.01107068808	41.38274984	59.82405157	0.06904341268	40.10690502	0	0	0	-639.2857121	0.9887100224	313.234891077216	-639.2857121	0.0001682769552	0.07005737334	0.000471886627911416	
638.9657121	4	8	88	0.9903093266	0.0003282710497	0.1410087353	0.3755532344	25.9252473	73.69919946	59.17695036	0.01035381839	40.81269582	59.95303968	0.06879643121	39.97816389	0	0	0	-638.9657121	0.9903093266	149.180349285254	-638.9657121	0.0003282710497	0.1410087353	0.00214660924392477	
638.8057121	4	8	88	0.9919710013	0.0003909552113	0.1708435819	0.3681333421	26.06024391	73.57162275	59.60960112	0.009856343836	40.38054254	60.05196312	0.06868546149	39.87935142	0	0	0	-638.8057121	0.9919710013	72.49682477093	-638.8057121	0.0003909552113	0.1708435819	0.00200726259481157	
638.7657121	4	8	88	0.9926011803	0.000178054447	0.07821409982	0.3655417484	26.10904023	73.52541802	59.76485764	0.009686862937	40.2254555	60.08772	0.06866161237	39.84361839	0	0	0	-638.7657121	0.9926011803	52.9346708202617	-638.7657121	0.000178054447	0.07821409982	0.00125624699631334	
638.7257121	4	8	88	0.9938479166	0.0003815606549	0.168004174	0.3620346884	26.176516	73.46144931	59.97854286	0.009461056162	40.01199608	60.13716205	0.06864259594	39.79419535	0	0	0	-638.7257121	0.9938479166	24.6410219518894	-638.7257121	0.0003815606549	0.168004174	0.00213536558165767	
638.7157121	4	8	88	0.9943041785	0.0001678022499	0.07394909501	0.3608183098	26.20031537	73.43886632	60.05364108	0.009383683048	39.93697524	60.15460292	0.06863960439	39.77675747	0	0	0	-638.7157121	0.9943041785	18.3738830007825	-638.7157121	0.0001678022499	0.07394909501	0.00225302136888654	
638.7057121	4	8	88	0.9951528608	0.0003371705405	0.1486055203	0.3591891691	26.23252839	73.40828244	60.15504846	0.009280832924	39.83567071	60.17820913	0.06863877375	39.7531521	0	0	0	-638.7057121	0.9951528608	10.6420984428722	-638.7057121	0.0003371705405	0.1486055203	0.00226879441898296	
638.6857121	4	8	88	1	0.002265195579	0.9977348044	0.3566603835	26.28316642	73.3601732	60.3140243	0.009122921074	39.67685278							-638.6857121	1	4.12614517032681	-638.6857121	0.002265195579	0.9977348044	0.00227059067989103	
638.6657121	4	8	88	1	0.002265195579	0.9977348044	0.3566603835	26.28316642	73.3601732	60.3140243	0.009122921074	39.67685278							-638.6657121	1	NaN	-638.6657121	0.002265195579	0.9977348044	NaN	
638.6257121	4	8	88	1	0.002265195579	0.9977348044	0.3566603835	26.28316642	73.3601732	60.3140243	0.009122921074	39.67685278							-638.6257121	1	NaN	-638.6257121	0.002265195579	0.9977348044	NaN	
638.5457121	4	8	88	1	0.002265195579	0.9977348044	0.3566603835	26.28316642	73.3601732	60.3140243	0.009122921074	39.67685278							-638.5457121	1	NaN	-638.5457121	0.002265195579	0.9977348044	NaN	
638.3857121	4	8	88	1	0.002265195579	0.9977348044	0.3566603835	26.28316642	73.3601732	60.3140243	0.009122921074	39.67685278							-638.3857121	1	NaN	-638.3857121	0.002265195579	0.9977348044	NaN	
638.0657121	4	8	88	1	0.002265195579	0.9977348044	0.3566603835	26.28316642	73.3601732	60.3140243	0.009122921074	39.67685278							-638.0657121	1	NaN	-638.0657121	0.002265195579	0.9977348044	NaN	
637.4257121	4	8	88	1	0.002265195579	0.9977348044	0.3566603835	26.28316642	73.3601732	60.3140243	0.009122921074	39.67685278							-637.4257121	1	NaN	-637.4257121	0.002265195579	0.9977348044	NaN	
636.1457121	4	8	88	1	0.002265195579	0.9977348044	0.3566603835	26.28316642	73.3601732	60.3140243	0.009122921074	39.67685278							-636.1457121	1	NaN	-636.1457121	0.002265195579	0.9977348044	NaN	
633.5857121	4	8	88	1	0.002265195579	0.9977348044	0.3566603835	26.28316642	73.3601732	60.3140243	0.009122921074	39.67685278							-633.5857121	1	NaN	-633.5857121	0.002265195579	0.9977348044	NaN	
628.4657121	4	8	88	1	0.002265195579	0.9977348044	0.3566603835	26.28316642	73.3601732	60.3140243	0.009122921074	39.67685278							-628.4657121	1	NaN	-628.4657121	0.002265195579	0.9977348044	NaN	
623.3457121	4	8	88	1	0.002265195579	0.9977348044	0.3566603835	26.28316642	73.3601732	60.3140243	0.009122921074	39.67685278							-623.3457121	1	NaN	-623.3457121	0.002265195579	0.9977348044	NaN	
618.2257121	4	8	88	1	0.002265195579	0.9977348044	0.3566603835	26.28316642	73.3601732	60.3140243	0.009122921074	39.67685278							-618.2257121	1	NaN	-618.2257121	0.002265195579	0.9977348044	NaN	
613.1057121	4	8	88	1	0.002265195579	0.9977348044	0.3566603835	26.28316642	73.3601732	60.3140243	0.009122921074	39.67685278							-613.1057121	1	NaN	-613.1057121	0.002265195579	0.9977348044	NaN	
607.9857121	4	8	88	1	0.002265195579	0.9977348044	0.3566603835	26.28316642	73.3601732	60.3140243	0.009122921074	39.67685278							-607.9857121	1	NaN	-607.9857121	0.002265195579	0.9977348044	NaN	
602.8657121	4	8	88	1	0.002265195579	0.9977348044	0.3566603835	26.28316642	73.3601732	60.3140243	0.009122921074	39.67685278							-602.8657121	1	NaN	-602.8657121	0.002265195579	0.9977348044	NaN	
597.7457121	4	8	88	1	0.002265195579	0.9977348044	0.3566603835	26.28316642	73.3601732	60.3140243	0.009122921074	39.67685278							-597.7457121	1	NaN	-597.7457121	0.002265195579	0.9977348044	NaN	
592.6257121	4	8	88	1	0.002265195579	0.9977348044	0.3566603835	26.28316642	73.3601732	60.3140243	0.009122921074	39.67685278							-592.6257121	1	NaN	-592.6257121	0.002265195579	0.9977348044	NaN	
587.5057121	4	8	88	1	0.002265195579	0.9977348044	0.3566603835	26.28316642	73.3601732	60.3140243	0.009122921074	39.67685278							-587.5057121	1	NaN	-587.5057121	0.002265195579	0.9977348044	NaN	
582.3857121	4	8	88	1	0.002265195579	0.9977348044	0.3566603835	26.28316642	73.3601732	60.3140243	0.009122921074	39.67685278							-582.3857121	1	NaN	-582.3857121	0.002265195579	0.9977348044	NaN	
577.2657121	4	8	88	1	0.002265195579	0.9977348044	0.3566603835	26.28316642	73.3601732	60.3140243	0.009122921074	39.67685278							-577.2657121	1	NaN	-577.2657121	0.002265195579	0.9977348044	NaN	
572.1457121	4	8	88	1	0.002265195579	0.9977348044	0.3566603835	26.28316642	73.3601732	60.3140243	0.009122921074	39.67685278							-572.1457121	1	NaN	-572.1457121	0.002265195579	0.9977348044	NaN	
567.0257121	4	8	88	1	0.002265195579	0.9977348044	0.3566603835	26.28316642	73.3601732	60.3140243	0.009122921074	39.67685278							-567.0257121	1	NaN	-567.0257121	0.002265195579	0.9977348044	NaN	
561.9057121	4	8	88	1	0.002265195579	0.9977348044	0.3566603835	26.28316642	73.3601732	60.3140243	0.009122921074	39.67685278							-561.9057121	1	NaN	-561.9057121	0.002265195579	0.9977348044	NaN	
556.7857121	4	8	88	1	0.002265195579	0.9977348044	0.3566603835	26.28316642	73.3601732	60.3140243	0.009122921074	39.67685278							-556.7857121	1	NaN	-556.7857121	0.002265195579	0.9977348044	NaN	
551.6657121	4	8	88	1	0.002265195579	0.9977348044	0.3566603835	26.28316642	73.3601732	60.3140243	0.009122921074	39.67685278							-551.6657121	1	NaN	-551.6657121	0.002265195579	0.9977348044	NaN	
546.5457121	4	8	88	1	0.002265195579	0.9977348044	0.3566603835	26.28316642	73.3601732	60.3140243	0.009122921074	39.67685278							-546.5457121	1	NaN	-546.5457121	0.002265195579	0.9977348044	NaN	
541.4257121	4	8	88	1	0.002265195579	0.9977348044	0.3566603835	26.28316642	73.3601732	60.3140243	0.009122921074	39.67685278							-541.4257121	1	NaN	-541.4257121	0.002265195579	0.9977348044	NaN	
536.3057121	4	8	88	1	0.002265195579	0.9977348044	0.3566603835	26.28316642	73.3601732	60.3140243	0.009122921074	39.67685278							-536.3057121	1	NaN	-536.3057121	0.002265195579	0.9977348044	NaN	
531.1857121	4	8	88	1	0.002265195579	0.9977348044	0.3566603835	26.28316642	73.3601732	60.3140243	0.009122921074	39.67685278							-531.1857121	1	NaN	-531.1857121	0.002265195579	0.9977348044	NaN	
526.0657121	4	8	88	1	0.002265195579	0.9977348044	0.3566603835	26.28316642	73.3601732	60.3140243	0.009122921074	39.67685278							-526.0657121	1	NaN	-526.0657121	0.002265195579	0.9977348044	NaN	
520.9457121	4	8	88	1	0.002265195579	0.9977348044	0.3566603835	26.28316642	73.3601732	60.3140243	0.009122921074	39.67685278							-520.9457121	1	NaN	-520.9457121	0.002265195579	0.9977348044	NaN	
515.8257121	4	8	88	1	0.002265195579	0.9977348044	0.3566603835	26.28316642	73.3601732	60.3140243	0.009122921074	39.67685278							-515.8257121	1	NaN	-515.8257121	0.002265195579	0.9977348044	NaN	
510.7057121	4	8	88	1	0.002265195579	0.9977348044	0.3566603835	26.28316642	73.3601732	60.3140243	0.009122921074	39.67685278							-510.7057121	1	NaN	-510.7057121	0.002265195579	0.9977348044	NaN	
505.5857121	4	8	88	1	0.002265195579	0.9977348044	0.3566603835	26.28316642	73.3601732	60.3140243	0.009122921074	39.67685278							-505.5857121	1	NaN	-505.5857121	0.002265195579	0.9977348044	NaN	
500.4657121	4	8	88	1	0.002265195579	0.9977348044	0.3566603835	26.28316642	73.3601732	60.3140243	0.009122921074	39.67685278							-500.4657121	1	NaN	-500.4657121	0.002265195579	0.9977348044	NaN	
495.3457121	4	8	88	1	0.002265195579	0.9977348044	0.3566603835	26.28316642	73.3601732	60.3140243	0.009122921074	39.67685278							-495.3457121	1	NaN	-495.3457121	0.002265195579	0.9977348044	NaN	
490.2257121	4	8	88	1	0.002265195579	0.9977348044	0.3566603835	26.28316642	73.3601732	60.3140243	0.009122921074	39.67685278							-490.2257121	1	NaN	-490.2257121	0.002265195579	0.9977348044	NaN	
485.1057121	4	8	88	1	0.002265195579	0.9977348044	0.3566603835	26.28316642	73.3601732	60.3140243	0.009122921074	39.67685278							-485.1057121	1	NaN	-485.1057121	0.002265195579	0.9977348044	NaN	
479.9857121	4	8	88	1	0.002265195579	0.9977348044	0.3566603835	26.28316642	73.3601732	60.3140243	0.009122921074	39.67685278							-479.9857121	1	NaN	-479.9857121	0.002265195579	0.9977348044	NaN	
474.8657121	4	8	88	1	0.002265195579	0.9977348044	0.3566603835	26.28316642	73.3601732	60.3140243	0.009122921074	39.67685278							-474.8657121	1	NaN	-474.8657121	0.002265195579	0.9977348044	NaN	
469.7457121	4	8	88	1	0.002265195579	0.9977348044	0.3566603835	26.28316642	73.3601732	60.3140243	0.009122921074	39.67685278							-469.7457121	1	NaN	-469.7457121	0.002265195579	0.9977348044	NaN	
464.6257121	4	8	88	1	0.002265195579	0.9977348044	0.3566603835	26.28316642	73.3601732	60.3140243	0.009122921074	39.67685278							-464.6257121	1	NaN	-464.6257121	0.002265195579	0.9977348044	NaN	
459.5057121	4	8	88	1	0.002265195579	0.9977348044	0.3566603835	26.28316642	73.3601732	60.3140243	0.009122921074	39.67685278							-459.5057121	1	NaN	-459.5057121	0.002265195579	0.9977348044	NaN	
454.3857121	4	8	88	1	0.002265195579	0.9977348044	0.3566603835	26.28316642	73.3601732	60.3140243	0.009122921074	39.67685278							-454.3857121	1	NaN	-454.3857121	0.002265195579	0.9977348044	NaN	
449.2657121	4	8	88	1	0.002265195579	0.9977348044	0.3566603835	26.28316642	73.3601732	60.3140243	0.009122921074	39.67685278							-449.2657121	1	NaN	-449.2657121	0.002265195579	0.9977348044	NaN	
444.1457121	4	8	88	1	0.002265195579	0.9977348044	0.3566603835	26.28316642	73.3601732	60.3140243	0.009122921074	39.67685278							-444.1457121	1	NaN	-444.1457121	0.002265195579	0.9977348044	NaN	
439.0257121	4	8	88	1	0.002265195579	0.9977348044	0.3566603835	26.28316642	73.3601732	60.3140243	0.009122921074	39.67685278							-439.0257121	1	NaN	-439.0257121	0.002265195579	0.9977348044	NaN	
433.9057121	4	8	88	1	0.002265195579	0.9977348044	0.3566603835	26.28316642	73.3601732	60.3140243	0.009122921074	39.67685278							-433.9057121	1	NaN	-433.9057121	0.002265195579	0.9977348044	NaN	
428.7857121	4	8	88	1	0.002265195579	0.9977348044	0.3566603835	26.28316642	73.3601732	60.3140243	0.009122921074	39.67685278							-428.7857121	1	NaN	-428.7857121	0.002265195579	0.9977348044	NaN	
423.6657121	4	8	88	1	0.002265195579	0.9977348044	0.3566603835	26.28316642	73.3601732	60.3140243	0.009122921074	39.67685278							-423.6657121	1	NaN	-423.6657121	0.002265195579	0.9977348044	NaN	
418.5457121	4	8	88	1	0.002265195579	0.9977348044	0.3566603835	26.28316642	73.3601732	60.3140243	0.009122921074	39.67685278							-418.5457121	1	NaN	-418.5457121	0.002265195579	0.9977348044	NaN	
413.4257121	4	8	88	1	0.002265195579	0.9977348044	0.3566603835	26.28316642	73.3601732	60.3140243	0.009122921074	39.67685278							-413.4257121	1	NaN	-413.4257121	0.002265195579	0.9977348044	NaN	
408.3057121	4	8	88	1	0.002265195579	0.9977348044	0.3566603835	26.28316642	73.3601732	60.3140243	0.009122921074	39.67685278							-408.3057121	1	NaN	-408.3057121	0.002265195579	0.9977348044	NaN	
403.1857121	4	8	88	1	0.002265195579	0.9977348044	0.3566603835	26.28316642	73.3601732	60.3140243	0.009122921074	39.67685278							-403.1857121	1	NaN	-403.1857121	0.002265195579	0.9977348044	NaN	
398.0657121	4	8	88	1	0.002265195579	0.9977348044	0.3566603835	26.28316642	73.3601732	60.3140243	0.009122921074	39.67685278							-398.0657121	1	NaN	-398.0657121	0.002265195579	0.9977348044	NaN	
392.9457121	4	8	88	1	0.002265195579	0.9977348044	0.3566603835	26.28316642	73.3601732	60.3140243	0.009122921074	39.67685278							-392.9457121	1	NaN	-392.9457121	0.002265195579	0.9977348044	NaN	
387.8257121	4	8	88	1	0.002265195579	0.9977348044	0.3566603835	26.28316642	73.3601732	60.3140243	0.009122921074	39.67685278							-387.8257121	1	NaN	-387.8257121	0.002265195579	0.9977348044	NaN	
382.7057121	4	8	88	1	0.002265195579	0.9977348044	0.3566603835	26.28316642	73.3601732	60.3140243	0.009122921074	39.67685278							-382.7057121	1	NaN	-382.7057121	0.002265195579	0.9977348044	NaN	
377.5857121	4	8	88	1	0.002265195579	0.9977348044	0.3566603835	26.28316642	73.3601732	60.3140243	0.009122921074	39.67685278							-377.5857121	1	NaN	-377.5857121	0.002265195579	0.9977348044	NaN	
372.4657121	4	8	88	1	0.002265195579	0.9977348044	0.3566603835	26.28316642	73.3601732	60.3140243	0.009122921074	39.67685278							-372.4657121	1	NaN	-372.4657121	0.002265195579	0.9977348044	NaN	
367.3457121	4	8	88	1	0.002265195579	0.9977348044	0.3566603835	26.28316642	73.3601732	60.3140243	0.009122921074	39.67685278							-367.3457121	1	NaN	-367.3457121	0.002265195579	0.9977348044	NaN	
362.2257121	4	8	88	1	0.002265195579	0.9977348044	0.3566603835	26.28316642	73.3601732	60.3140243	0.009122921074	39.67685278							-362.2257121	1	NaN	-362.2257121	0.002265195579	0.9977348044	NaN	
357.1057121	4	8	88	1	0.002265195579	0.9977348044	0.3566603835	26.28316642	73.3601732	60.3140243	0.009122921074	39.67685278							-357.1057121	1	NaN	-357.1057121	0.002265195579	0.9977348044	NaN	
351.9857121	4	8	88	1	0.002265195579	0.9977348044	0.3566603835	26.28316642	73.3601732	60.3140243	0.009122921074	39.67685278							-351.9857121	1	NaN	-351.9857121	0.002265195579	0.9977348044	NaN	
346.8657121	4	8	88	1	0.002265195579	0.9977348044	0.3566603835	26.28316642	73.3601732	60.3140243	0.009122921074	39.67685278							-346.8657121	1	NaN	-346.8657121	0.002265195579	0.9977348044	NaN	
341.7457121	4	8	88	1	0.002265195579	0.9977348044	0.3566603835	26.28316642	73.3601732	60.3140243	0.009122921074	39.67685278							-341.7457121	1	NaN	-341.7457121	0.002265195579	0.9977348044	NaN	
336.6257121	4	8	88	1	0.002265195579	0.9977348044	0.3566603835	26.28316642	73.3601732	60.3140243	0.009122921074	39.67685278							-336.6257121	1	NaN	-336.6257121	0.002265195579	0.9977348044	NaN	
331.5057121	4	8	88	1	0.002265195579	0.9977348044	0.3566603835	26.28316642	73.3601732	60.3140243	0.009122921074	39.67685278							-331.5057121	1	NaN	-331.5057121	0.002265195579	0.9977348044	NaN	
326.3857121	4	8	88	1	0.002265195579	0.9977348044	0.3566603835	26.28316642	73.3601732	60.3140243	0.009122921074	39.67685278							-326.3857121	1	NaN	-326.3857121	0.002265195579	0.9977348044	NaN	
321.2657121	4	8	88	1	0.002265195579	0.9977348044	0.3566603835	26.28316642	73.3601732	60.3140243	0.009122921074	39.67685278							-321.2657121	1	NaN	-321.2657121	0.002265195579	0.9977348044	NaN	
316.1457121	4	8	88	1	0.002265195579	0.9977348044	0.3566603835	26.28316642	73.3601732	60.3140243	0.009122921074	39.67685278							-316.1457121	1	NaN	-316.1457121	0.002265195579	0.9977348044	NaN	
311.0257121	4	8	88	1	0.002265195579	0.9977348044	0.3566603835	26.28316642	73.3601732	60.3140243	0.009122921074	39.67685278							-311.0257121	1	NaN	-311.0257121	0.002265195579	0.9977348044	NaN	
305.9057121	4	8	88	1	0.002265195579	0.9977348044	0.3566603835	26.28316642	73.3601732	60.3140243	0.009122921074	39.67685278							-305.9057121	1	NaN	-305.9057121	0.002265195579	0.9977348044	NaN	
300.7857121	4	8	88	1	0.002265195579	0.9977348044	0.3566603835	26.28316642	73.3601732	60.3140243	0.009122921074	39.67685278							-300.7857121	1	NaN	-300.7857121	0.002265195579	0.9977348044	NaN	
300	4	8	88	1	0.002265195579	0.9977348044	0.3566603835	26.28316642	73.3601732	60.3140243	0.009122921074	39.67685278							-300	1	NaN	-300	0.002265195579	0.9977348044	NaN	
