T	w(CU)	w(FE)	w(TI)	fs	fw(@BCC_A2#1)	fw(@BCC_A2#2)	w(CU@BCC_A2#1)	w(FE@BCC_A2#1)	w(TI@BCC_A2#1)	w(CU@BCC_A2#2)	w(FE@BCC_A2#2)	w(TI@BCC_A2#2)	w(CU@LIQUID)	w(FE@LIQUID)	w(TI@LIQUID)	dwdT_L(CU@LIQUID)	dwdT_L(FE@LIQUID)	dwdT_L(TI@LIQUID)	-T	fs_1	-T//fs	-T_1	fw(@BCC_A2#1)_1	fw(@BCC_A2#2)_1	-T//fw(@BCC_A2)	
K	%	%	%	mole/mole	kg/kg	kg/kg	%	%	%	%	%	%	%	%	%	SI	SI	SI								
1755.142096	8	5	87	0	0		3.40148037	1.845445017	94.75307461				8	5	87	-0.0003399834937	-0.0002332267423	0.000573210236	-1755.142096	0	132.964270143447	-1755.142096	0			
1755.132096	8	5	87	7.518465558E-05	7.397518691E-05		3.401643557	1.845553382	94.75280306				8.000339866	5.000233119	86.99942701	0	0	0	-1755.132096	7.518465558E-05	133.047455862279	-1755.132096	7.397518691E-05			
1755.112096	8	5	87	0.0002254131189	0.0001478343687		3.401969894	1.845770121	94.75225999				8.001019677	5.000699469	86.99828085	0	0	0	-1755.112096	0.0002254131189	133.128409536284	-1755.112096	0.0001478343687			
1755.072096	8	5	87	0.0005258846314	0.0002957272328		3.402622541	1.846203619	94.75117384				8.002379764	5.001632489	86.99598775	0	0	0	-1755.072096	0.0005258846314	133.164089515446	-1755.072096	0.0002957272328			
1754.992096	8	5	87	0.001126286926	0.0005910987678		3.403927753	1.847070667	94.74900158				8.005099087	5.003497959	86.99140295	0	0	0	-1754.992096	0.001126286926	133.307749013662	-1754.992096	0.0005910987678			
1754.832096	8	5	87	0.002325371944	0.001181112415		3.406538631	1.848805141	94.74465623				8.010536511	5.00722809	86.9822354	0	0	0	-1754.832096	0.002325371944	133.559910700623	-1754.832096	0.001181112415			
1754.512096	8	5	87	0.004716842463	0.002358438985		3.411757974	1.852274647	94.73596738				8.02140643	5.014685162	86.96390841	0	0	0	-1754.512096	0.004716842463	134.059627333714	-1754.512096	0.002358438985			
1753.872096	8	5	87	0.009473144345	0.004701806137		3.422190421	1.859216702	94.71859288				8.043126602	5.029586539	86.92728686	0	0	0	-1753.872096	0.009473144345	135.064101581097	-1753.872096	0.004701806137			
1752.592096	8	5	87	0.01888045002	0.009343892851		3.443030364	1.873113011	94.68385662				8.086488636	5.059338199	86.85417317	0	0	0	-1752.592096	0.01888045002	137.162251164502	-1752.592096	0.009343892851			
1750.032096	8	5	87	0.03725716501	0.01843007373		3.484607163	1.900955922	94.61443692				8.172894504	5.118640648	86.70846485	0	0	0	-1750.032096	0.03725716501	141.676839047771	-1750.032096	0.01843007373			
1747.472096	8	5	87	0.05503862505	0.01817053028		3.526051233	1.928865533	94.54508323				8.258892222	5.177672507	86.56343527	0	0	0	-1747.472096	0.05503862505	146.389915106157	-1747.472096	0.01817053028			
1744.912096	8	5	87	0.07225077141	0.01791684007		3.567359905	1.956841316	94.47579878				8.34448266	5.236431719	86.41908562	0	0	0	-1744.912096	0.07225077141	151.195484126061	-1744.912096	0.01791684007			
1742.352096	8	5	87	0.0889194978	0.01767025072		3.608533757	1.984884774	94.40658147				8.429672899	5.294920196	86.2754069	0	0	0	-1742.352096	0.0889194978	156.089702290308	-1742.352096	0.01767025072			
1739.792096	8	5	87	0.1050688573	0.01743012001		3.649572376	2.012996786	94.33743084				8.514468126	5.353138594	86.13239328	0	0	0	-1739.792096	0.1050688573	161.074478717009	-1739.792096	0.01743012001			
1737.232096	8	5	87	0.1207215454	0.01719620213		3.690475327	2.041178249	94.26834642				8.59887345	5.411087566	85.99003898	0	0	0	-1737.232096	0.1207215454	166.150200263485	-1737.232096	0.01719620213			
1734.672096	8	5	87	0.1358989961	0.01696826753		3.73124217	2.06943008	94.19932775				8.682893927	5.468767771	85.8483383	0	0	0	-1734.672096	0.1358989961	171.317230581026	-1734.672096	0.01696826753			
1732.112096	8	5	87	0.1506214662	0.01674609738		3.77187245	2.097753221	94.13037433				8.766534556	5.526179875	85.70728557	0	0	0	-1732.112096	0.1506214662	176.575924930276	-1732.112096	0.01674609738			
1729.552096	8	5	87	0.1649081138	0.01652948351		3.812365703	2.126148633	94.06148566				8.849800286	5.583324549	85.56687516	0	0	0	-1729.552096	0.1649081138	181.926630844355	-1729.552096	0.01652948351			
1726.992096	8	5	87	0.1787770699	0.01631822775		3.852721451	2.1546173	93.99266125				8.932696013	5.640202466	85.42710152	0	0	0	-1726.992096	0.1787770699	187.369684245008	-1726.992096	0.01631822775			
1724.432096	8	5	87	0.1922455058	0.01611214136		3.892939207	2.183160231	93.92390056				9.015226582	5.696814306	85.28795911	0	0	0	-1724.432096	0.1922455058	192.905413812902	-1724.432096	0.01611214136			
1721.872096	8	5	87	0.2053296936	0.01591104446		3.933018469	2.211778452	93.85520308				9.097396792	5.753160748	85.14944246	0	0	0	-1721.872096	0.2053296936	198.534138641522	-1721.872096	0.01591104446			
1719.312096	8	5	87	0.2180450641	0.01571476555		3.972958724	2.240473017	93.78656826				9.179211395	5.809242478	85.01154613	0	0	0	-1719.312096	0.2180450641	204.256165450519	-1719.312096	0.01571476555			
1716.752096	8	5	87	0.230406259	0.01552314097		4.012759446	2.269244999	93.71799555				9.260675099	5.865060181	84.87426472	0	0	0	-1716.752096	0.230406259	210.07179367705	-1716.752096	0.01552314097			
1714.192096	8	5	87	0.2424271799	0.01533601454		4.052420097	2.298095496	93.64948441				9.341792566	5.920614546	84.73759289	0	0	0	-1714.192096	0.2424271799	215.981312037758	-1714.192096	0.01533601454			
1711.632096	8	5	87	0.2541210336	0.01515323706		4.091940124	2.327025628	93.58103425				9.42256842	5.975906262	84.60152532	0	0	0	-1711.632096	0.2541210336	221.985000166463	-1711.632096	0.01515323706			
1709.072096	8	5	87	0.2655003741	0.014974666		4.131318962	2.356036538	93.5126445				9.503007243	6.030936019	84.46605674	0	0	0	-1709.072096	0.2655003741	228.083125198317	-1709.072096	0.014974666			
1706.512096	8	5	87	0.276577142	0.01480016506		4.17055603	2.385129393	93.44431458				9.583113578	6.085704509	84.33118191	0	0	0	-1706.512096	0.276577142	234.275946829598	-1706.512096	0.01480016506			
1703.952096	8	5	87	0.2873627003	0.0146296039		4.209650736	2.414305386	93.37604388				9.662891932	6.140212423	84.19689564	0	0	0	-1703.952096	0.2873627003	240.563715054999	-1703.952096	0.0146296039			
1701.392096	8	5	87	0.2978678687	0.01446285778		4.248602471	2.44356573	93.3078318				9.742346775	6.194460452	84.06319277	0	0	0	-1701.392096	0.2978678687	246.946665941155	-1701.392096	0.01446285778			
1698.832096	8	5	87	0.308102955	0.01429980728		4.28741061	2.472911665	93.23967772				9.821482542	6.248449286	83.93006817	0	0	0	-1698.832096	0.308102955	253.425026871563	-1698.832096	0.01429980728			
1696.272096	8	5	87	0.3180777844	0.01414033803		4.326074515	2.502344457	93.17158103				9.900303635	6.302179615	83.79751675	0	0	0	-1696.272096	0.3180777844	259.999015473982	-1696.272096	0.01414033803			
1693.712096	8	5	87	0.3278017269	0.01398434042		4.364593532	2.531865393	93.10354107				9.978814425	6.355652127	83.66553345	0	0	0	-1693.712096	0.3278017269	266.668839907776	-1693.712096	0.01398434042			
1691.152096	8	5	87	0.3372837228	0.01383170938		4.40296699	2.56147579	93.03555722				10.05701925	6.40886751	83.53411324	0	0	0	-1691.152096	0.3372837228	273.434692714215	-1691.152096	0.01383170938			
1688.592096	8	5	87	0.346532307	0.01368234415		4.4411942	2.591176988	92.96762881				10.13492242	6.461826449	83.40325113	0	0	0	-1688.592096	0.346532307	280.296760800345	-1688.592096	0.01368234415			
1686.032096	8	5	87	0.3555556306	0.01353614805		4.479274459	2.620970354	92.89975519				10.21252822	6.514529626	83.27294215	0	0	0	-1686.032096	0.3555556306	287.255216489664	-1686.032096	0.01353614805			
1683.472096	8	5	87	0.3643614827	0.01339302829		4.517207044	2.650857282	92.83193567				10.2898409	6.566977721	83.14318138	0	0	0	-1683.472096	0.3643614827	294.310219638695	-1683.472096	0.01339302829			
1680.912096	8	5	87	0.3729573092	0.01325289577		4.554991215	2.680839191	92.76416959				10.36686469	6.619171412	83.0139639	0	0	0	-1680.912096	0.3729573092	301.461924163337	-1680.912096	0.01325289577			
1678.352096	8	5	87	0.3813502315	0.0131156649		4.592626214	2.71091753	92.69645626				10.44360379	6.671111373	82.88528484	0	0	0	-1678.352096	0.3813502315	308.710467992877	-1678.352096	0.0131156649			
1675.792096	8	5	87	0.3895470636	0.01298125346		4.630111263	2.741093775	92.62879496				10.52006238	6.722798276	82.75713934	0	0	0	-1675.792096	0.3895470636	316.055978814262	-1675.792096	0.01298125346			
1673.232096	8	5	87	0.3975543282	0.01284958237		4.667445566	2.77136943	92.561185				10.59624462	6.774232787	82.62952259	0	0	0	-1673.232096	0.3975543282	323.498571109297	-1673.232096	0.01284958237			
1670.672096	8	5	87	0.4053782719	0.01272057564		4.704628305	2.801746027	92.49362567				10.67215464	6.825415568	82.50242979	0	0	0	-1670.672096	0.4053782719	331.038350105506	-1670.672096	0.01272057564			
1668.112096	8	5	87	0.4130248792	0.01259416012		4.741658643	2.832225131	92.42611623				10.74779656	6.87634728	82.37585616	0	0	0	-1668.112096	0.4130248792	338.675405229633	-1668.112096	0.01259416012			
1665.552096	8	5	87	0.4204998862	0.01247026545		4.778535722	2.862808332	92.35865595				10.82317447	6.927028577	82.24979696	0	0	0	-1665.552096	0.4204998862	346.409813854353	-1665.552096	0.01247026545			
1662.992096	8	5	87	0.4278087928	0.0123488239		4.815258661	2.893497255	92.29124408				10.89829244	6.977460106	82.12424745	0	0	0	-1662.992096	0.4278087928	354.241643778201	-1662.992096	0.0123488239			
1660.432096	8	5	87	0.4349568747	0.01222977025		4.85182656	2.924293552	92.22387989				10.97315454	7.027642514	81.99920295	0	0	0	-1660.432096	0.4349568747	362.170946051209	-1660.432096	0.01222977025			
1657.872096	8	5	87	0.4419491945	0.01211304166		4.888238491	2.955198909	92.1565626				11.04776481	7.077576438	81.87465875	0	0	0	-1657.872096	0.4419491945	370.19776346268	-1657.872096	0.01211304166			
1655.312096	8	5	87	0.448790612	0.01199857762		4.924493508	2.986215045	92.08929145				11.12212727	7.127262511	81.75061022	0	0	0	-1655.312096	0.448790612	378.322123808959	-1655.312096	0.01199857762			
1652.752096	8	5	87	0.4554857943	0.01188631979		4.960590638	3.017343709	92.02206565				11.19624594	7.17670136	81.6270527	0	0	0	-1652.752096	0.4554857943	386.544035207034	-1652.752096	0.01188631979			
1650.192096	8	5	87	0.4620392251	0.01177621192		4.996528883	3.048586685	91.95488443				11.27012481	7.225893606	81.50398158	0	0	0	-1650.192096	0.4620392251	394.863500084518	-1650.192096	0.01177621192			
1647.632096	8	5	87	0.4684552132	0.01166819978		5.032307222	3.079945793	91.88774698				11.34376788	7.274839863	81.38139226	0	0	0	-1647.632096	0.4684552132	403.280505505517	-1647.632096	0.01166819978			
1645.072096	8	5	87	0.4747379011	0.01156223105		5.067924606	3.111422885	91.82065251				11.41717911	7.323540738	81.25928016	0	0	0	-1645.072096	0.4747379011	411.795022408368	-1645.072096	0.01156223105			
1642.512096	8	5	87	0.4808912726	0.01145825525		5.10337996	3.143019849	91.75360019				11.49036247	7.371996831	81.1376407	0	0	0	-1642.512096	0.4808912726	420.407007233361	-1642.512096	0.01145825525			
1639.952096	8	5	87	0.4869191604	0.01135622367		5.138672182	3.174738612	91.68658921				11.56332192	7.420208735	81.01646934	0	0	0	-1639.952096	0.4869191604	429.116401642152	-1639.952096	0.01135622367			
1637.392096	8	5	87	0.4928252529	0.01125608926		5.173800141	3.206581135	91.61961872				11.6360614	7.468177035	80.89576156	0	0	0	-1637.392096	0.4928252529	437.923131693707	-1637.392096	0.01125608926			
1634.832096	8	5	87	0.498613101	0.01115780663		5.208762679	3.238549418	91.5526879				11.70858486	7.515902307	80.77551283	0	0	0	-1634.832096	0.498613101	446.827115401286	-1634.832096	0.01115780663			
1632.272096	8	5	87	0.504286124	0.01106133189		5.243558605	3.2706455	91.4857959				11.78089622	7.56338512	80.65571866	0	0	0	-1632.272096	0.504286124	455.828245746544	-1632.272096	0.01106133189			
1629.712096	8	5	87	0.5098476161	0.01096662268		5.278186701	3.30287146	91.41894184				11.85299941	7.610626035	80.53637455	0	0	0	-1629.712096	0.5098476161	464.926402656673	-1629.712096	0.01096662268			
1627.152096	8	5	87	0.5153007514	0.01087363806		5.312645716	3.335229416	91.35212487				11.92489836	7.657625603	80.41747604	0	0	0	-1627.152096	0.5153007514	474.12146254303	-1627.152096	0.01087363806			
1624.592096	8	5	87	0.5206485895	0.01078233844		5.346934367	3.367721529	91.2853441				11.99659698	7.704384365	80.29901866	0	0	0	-1624.592096	0.5206485895	483.413262460562	-1624.592096	0.01078233844			
1622.032096	8	5	87	0.5258940808	0.01069268556		5.38105134	3.400350001	91.21859866				12.06809919	7.750902854	80.18099796	0	0	0	-1622.032096	0.5258940808	492.801632601082	-1622.032096	0.01069268556			
1619.472096	8	5	87	0.5310400708	0.01060464245		5.414995284	3.433117077	91.15188764				12.13940891	7.797181593	80.0634095	0	0	0	-1619.472096	0.5310400708	502.286395052861	-1619.472096	0.01060464245			
1616.912096	8	5	87	0.5360893049	0.01051817332		5.448764816	3.466025048	91.08521014				12.21053004	7.843221094	79.94624887	0	0	0	-1616.912096	0.5360893049	511.867353558582	-1616.912096	0.01051817332			
1614.352096	8	5	87	0.5410444325	0.01043324358		5.482358517	3.499076248	91.01856523				12.28146651	7.88902186	79.82951163	0	0	0	-1614.352096	0.5410444325	521.544282847636	-1614.352096	0.01043324358			
1611.792096	8	5	87	0.5459080115	0.01034981974		5.51577493	3.53227306	90.95195201				12.35222223	7.934584383	79.71319339	0	0	0	-1611.792096	0.5459080115	531.316938842101	-1611.792096	0.01034981974			
1609.232096	8	5	87	0.5506825118	0.01026786942		5.549012562	3.56561791	90.88536953				12.42280111	7.979909143	79.59728974	0	0	0	-1609.232096	0.5506825118	541.185084687421	-1609.232096	0.01026786942			
1606.672096	8	5	87	0.5553703189	0.01018736127		5.582069882	3.599113278	90.81881684				12.49320709	8.024996608	79.4817963	0	0	0	-1606.672096	0.5553703189	551.14843663528	-1606.672096	0.01018736127			
1604.112096	8	5	87	0.559973738	0.01010826496		5.614945318	3.632761689	90.75229299				12.56344409	8.069847237	79.36670868	0	0	0	-1604.112096	0.559973738	561.206689730805	-1604.112096	0.01010826496			
1601.552096	8	5	87	0.5644949968	0.0100305511		5.647637258	3.66656572	90.68579702				12.63351603	8.114461475	79.25202249	0	0	0	-1601.552096	0.5644949968	571.3595560007	-1601.552096	0.0100305511			
1598.992096	8	5	87	0.5689362486	0.009954191268		5.680144049	3.700528003	90.61932795				12.70342687	8.158839754	79.13773338	0	0	0	-1598.992096	0.5689362486	581.606689958124	-1598.992096	0.009954191268			
1596.432096	8	5	87	0.573299576	0.009879157927		5.712463994	3.734651218	90.55288479				12.77318054	8.202982495	79.02383697	0	0	0	-1596.432096	0.573299576	591.947734528828	-1596.432096	0.009879157927			
1593.872096	8	5	87	0.577586993	0.009805424407		5.744595355	3.768938105	90.48646654				12.842781	8.246890105	78.9103289	0	0	0	-1593.872096	0.577586993	602.382338475492	-1593.872096	0.009805424407			
1591.312096	8	5	87	0.5818004481	0.009732964888		5.776536346	3.803391456	90.4200722				12.91223222	8.290562977	78.79720481	0	0	0	-1591.312096	0.5818004481	612.910100893849	-1591.312096	0.009732964888			
1588.752096	8	5	87	0.585941827	0.009661754352		5.808285136	3.838014121	90.35370074				12.98153817	8.334001491	78.68446034	0	0	0	-1588.752096	0.585941827	623.530591409696	-1588.752096	0.009661754352			
1586.192096	8	5	87	0.5900129551	0.009591768567		5.839839848	3.872809011	90.28735114				13.05070284	8.377206012	78.57209115	0	0	0	-1586.192096	0.5900129551	634.243385616352	-1586.192096	0.009591768567			
1583.632096	8	5	87	0.5940155995	0.009522984058		5.871198554	3.907779095	90.22102235				13.11973024	8.420176891	78.46009287	0	0	0	-1583.632096	0.5940155995	645.048040203212	-1583.632096	0.009522984058			
1581.072096	8	5	87	0.5979514716	0.009455378082		5.902359278	3.942927403	90.15471332				13.18862438	8.462914463	78.34846115	0	0	0	-1581.072096	0.5979514716	655.944052403204	-1581.072096	0.009455378082			
1578.512096	8	5	87	0.6018222294	0.009388928601		5.933319992	3.978257032	90.08842298				13.2573893	8.505419049	78.23719165	0	0	0	-1578.512096	0.6018222294	666.930932580316	-1578.512096	0.009388928601			
1575.952096	8	5	87	0.605629479	0.009323614268		5.964078616	4.013771139	90.02215025				13.32602904	8.547690952	78.12628001	0	0	0	-1575.952096	0.605629479	678.00815110413	-1575.952096	0.009323614268			
1573.392096	8	5	87	0.6093747773	0.00925941439		5.994633014	4.049472952	89.95589403				13.39454767	8.58973046	78.01572187	0	0	0	-1573.392096	0.6093747773	689.175144708021	-1573.392096	0.00925941439			
1570.832096	8	5	87	0.6130596333	0.009196308923		6.024980999	4.085365764	89.88965324				13.46294929	8.631537844	77.90551287	0	0	0	-1570.832096	0.6130596333	700.431358418967	-1570.832096	0.009196308923			
1568.272096	8	5	87	0.6166855101	0.009134278446		6.055120322	4.12145294	89.82342674				13.53123799	8.673113358	77.79564865	0	0	0	-1568.272096	0.6166855101	711.77617771724	-1568.272096	0.009134278446			
1565.712096	8	5	87	0.6202538268	0.009073304133		6.08504868	4.157737916	89.7572134				13.59941791	8.714457237	77.68612485	0	0	0	-1565.712096	0.6202538268	723.208979491129	-1565.712096	0.009073304133			
1563.152096	8	5	87	0.6237659598	0.009013367754		6.114763709	4.194224202	89.69101209				13.6674932	8.755569699	77.5769371	0	0	0	-1563.152096	0.6237659598	734.729114887692	-1563.152096	0.009013367754			
1560.592096	8	5	87	0.6272232447	0.008954451638		6.144262981	4.230915383	89.62482164				13.73546805	8.796450942	77.46808101	0	0	0	-1560.592096	0.6272232447	746.335897787262	-1560.592096	0.008954451638			
1558.032096	8	5	87	0.6306269776	0.00889653867		6.173544008	4.267815123	89.55864087				13.80334665	8.837101147	77.3595522	0	0	0	-1558.032096	0.6306269776	758.028618128956	-1558.032096	0.00889653867			
1555.472096	8	5	87	0.6339784167	0.008839612269		6.202604236	4.304927165	89.4924686				13.87113325	8.877520472	77.25134628	0	0	0	-1555.472096	0.6339784167	769.806553422507	-1555.472096	0.008839612269			
1552.912096	8	5	87	0.6372787834	0.008783656375		6.231441045	4.342255334	89.42630362				13.9388321	8.917709058	77.14345884	0	0	0	-1552.912096	0.6372787834	781.668928014095	-1552.912096	0.008783656375			
1550.352096	8	5	87	0.6405292641	0.008728655432		6.260051747	4.379803538	89.36014472				14.00644749	8.957667021	77.03588548	0	0	0	-1550.352096	0.6405292641	793.61496321704	-1550.352096	0.008728655432			
1547.792096	8	5	87	0.6437310108	0.008674594381		6.288433583	4.417575773	89.29399064				14.07398376	8.99739446	76.92862178	0	0	0	-1547.792096	0.6437310108	805.643818625746	-1547.792096	0.008674594381			
1545.232096	8	5	87	0.6468851432	0.008621458639		6.316583724	4.455576123	89.22784015				14.14144526	9.036891448	76.82166329	0	0	0	-1545.232096	0.6468851432	817.75465215878	-1545.232096	0.008621458639			
1542.672096	8	5	87	0.6499927488	0.008569234089		6.344499265	4.493808763	89.16169197				14.20883639	9.076158037	76.71500557	0	0	0	-1542.672096	0.6499927488	829.946580703776	-1542.672096	0.008569234089			
1540.112096	8	5	87	0.6530548851	0.008517907074		6.372177228	4.532277962	89.09554481				14.27616158	9.115194256	76.60864416	0	0	0	-1540.112096	0.6530548851	842.218682267194	-1540.112096	0.008517907074			
1537.552096	8	5	87	0.6560725797	0.008467464376		6.399614554	4.570988084	89.02939736				14.3434253	9.15400011	76.50257459	0	0	0	-1537.552096	0.6560725797	854.570007848672	-1537.552096	0.008467464376			
1534.992096	8	5	87	0.6590468322	0.008417893214		6.426808106	4.609943594	88.9632483				14.41063207	9.192575577	76.39679236	0	0	0	-1534.992096	0.6590468322	866.999554474017	-1534.992096	0.008417893214			
1532.432096	8	5	87	0.6619786145	0.008369181229		6.453754667	4.649149055	88.89709628				14.47778643	9.230920613	76.29129295	0	0	0	-1532.432096	0.6619786145	879.50634396625	-1532.432096	0.008369181229			
1529.872096	8	5	87	0.664868872	0.008321316476		6.480450932	4.688609138	88.83093993				14.544893	9.269035144	76.18607186	0	0	0	-1529.872096	0.664868872	892.089299132743	-1529.872096	0.008321316476			
1527.312096	8	5	87	0.6677185247	0.008274287415		6.506893514	4.72832862	88.76477787				14.61195641	9.306919073	76.08112451	0	0	0	-1527.312096	0.6677185247	904.747319380221	-1527.312096	0.008274287415			
1524.752096	8	5	87	0.6705284678	0.008228082901		6.533078934	4.768312388	88.69860868				14.67898137	9.344572272	75.97644636	0	0	0	-1524.752096	0.6705284678	917.479282650064	-1524.752096	0.008228082901			
1522.192096	8	5	87	0.6732995727	0.008182692178		6.559003624	4.808565441	88.63243093				14.74597262	9.381994586	75.8720328	0	0	0	-1522.192096	0.6732995727	930.284056735252	-1522.192096	0.008182692178			
1519.632096	8	5	87	0.6760326875	0.008138104871		6.584663923	4.849092898	88.56624318				14.81293495	9.419185831	75.76787922	0	0	0	-1519.632096	0.6760326875	943.160414863389	-1519.632096	0.008138104871			
1517.072096	8	5	87	0.6787286384	0.008094310978		6.610056072	4.889899995	88.50004393				14.87987322	9.456145792	75.66398098	0	0	0	-1517.072096	0.6787286384	956.107079808741	-1517.072096	0.008094310978			
1514.512096	8	5	87	0.6813882299	0.008051300864		6.635176217	4.930992091	88.43383169				14.94679235	9.492874223	75.56033343	0	0	0	-1514.512096	0.6813882299	969.12283083495	-1514.512096	0.008051300864			
1511.952096	8	5	87	0.6840122455	0.008009065252		6.6600204	4.972374676	88.36760492				15.0136973	9.529370846	75.45693186	0	0	0	-1511.952096	0.6840122455	982.206298128679	-1511.952096	0.008009065252			
1509.392096	8	5	87	0.686601449	0.007967595223		6.684584562	5.014053364	88.30136207				15.0805931	9.56563535	75.35377155	0	0	0	-1509.392096	0.686601449	995.356101648605	-1509.392096	0.007967595223			
1506.832096	8	5	87	0.6891565844	0.007926882203		6.708864536	5.05603391	88.23510155				15.14748486	9.60166739	75.25084775	0	0	0	-1506.832096	0.6891565844	1008.57087067294	-1506.832096	0.007926882203			
1504.272096	8	5	87	0.691678377	0.007886917967		6.732856048	5.098322201	88.16882175				15.21437774	9.637466586	75.14815567	0	0	0	-1504.272096	0.691678377	1021.84910654262	-1504.272096	0.007886917967			
1501.712096	8	5	87	0.694167534	0.007847694627		6.75655471	5.14092427	88.10252102				15.28127697	9.673032522	75.04569051	0	0	0	-1501.712096	0.694167534	1035.18932684462	-1501.712096	0.007847694627			
1499.152096	8	5	87	0.6966247448	0.007809204628		6.77995602	5.183846294	88.03619769				15.34818786	9.708364745	74.94344739	0	0	0	-1499.152096	0.6966247448	1048.58997180814	-1499.152096	0.007809204628			
1496.592096	8	5	87	0.699050682	0.007771440751		6.80305536	5.227094603	87.96985004				15.4151158	9.743462762	74.84142144	0	0	0	-1496.592096	0.699050682	1062.04944292366	-1496.592096	0.007771440751			
1494.032096	8	5	87	0.7014460015	0.007734396102		6.825847987	5.270675679	87.90347633				15.48206624	9.778326043	74.73960772	0	0	0	-1494.032096	0.7014460015	1075.5660834694	-1494.032096	0.007734396102			
1491.472096	8	5	87	0.7038113435	0.007698064113		6.848329038	5.314596164	87.8370748				15.54904472	9.812954015	74.63800126	0	0	0	-1491.472096	0.7038113435	1089.1381541136	-1491.472096	0.007698064113			
1488.912096	8	5	87	0.7061473327	0.007662438539		6.870493522	5.358862864	87.77064361				15.61605689	9.847346064	74.53659705	0	0	0	-1488.912096	0.7061473327	1102.76393103145	-1488.912096	0.007662438539			
1486.352096	8	5	87	0.7084545788	0.007627513455		6.892336316	5.403482756	87.70418093				15.68310845	9.881501532	74.43539002	0	0	0	-1486.352096	0.7084545788	1116.44160865273	-1486.352096	0.007627513455			
1483.792096	8	5	87	0.7107336771	0.007593283254		6.913852164	5.448462986	87.63768485				15.7502052	9.915419717	74.33437508	0	0	0	-1483.792096	0.7107336771	1130.16928737092	-1483.792096	0.007593283254			
1481.232096	8	5	87	0.712985209	0.007559742645		6.935035673	5.493810883	87.57115344				15.81735307	9.94909987	74.23354706	0	0	0	-1481.232096	0.712985209	1143.94506252394	-1481.232096	0.007559742645			
1478.672096	8	5	87	0.7152097422	0.007526886657		6.95588131	5.539533958	87.50458473				15.88455803	9.982541194	74.13290077	0	0	0	-1478.672096	0.7152097422	1157.76696394141	-1478.672096	0.007526886657			
1476.112096	8	5	87	0.7174078314	0.00749471063		6.976383395	5.585639913	87.43797669				15.95182621	10.01574284	74.03243094	0	0	0	-1476.112096	0.7174078314	1171.63289707695	-1476.112096	0.00749471063			
1473.552096	8	5	87	0.7195800187	0.007463210221		6.996536103	5.632136643	87.37132725				16.01916381	10.04870392	73.93213227	0	0	0	-1473.552096	0.7195800187	1185.54076241727	-1473.552096	0.007463210221			
1470.992096	8	5	87	0.7217268338	0.007432381402		7.016333456	5.679032244	87.3046343				16.08657716	10.08142348	73.83199937	0	0	0	-1470.992096	0.7217268338	1199.48839317143	-1470.992096	0.007432381402			
1468.432096	8	5	87	0.7238487946	0.007402220461		7.035769321	5.726335021	87.23789566				16.15407269	10.1139005	73.73202681	0	0	0	-1468.432096	0.7238487946	1213.47358048406	-1468.432096	0.007402220461			
1465.872096	8	5	87	0.7259464073	0.007372724002		7.054837405	5.77405349	87.17110911				16.22165696	10.14613394	73.6322091	0	0	0	-1465.872096	0.7259464073	1227.49396986696	-1465.872096	0.007372724002			
1463.312096	8	5	87	0.7280201673	0.007343888947		7.073531252	5.822196386	87.10427236				16.28933665	10.17812268	73.53254067	0	0	0	-1463.312096	0.7280201673	1241.54714654843	-1463.312096	0.007343888947			
1460.752096	8	5	87	0.730070559	0.00731571254		7.09184424	5.87077267	87.03738309				16.35711858	10.20986553	73.4330159	0	0	0	-1460.752096	0.730070559	1255.63070689458	-1460.752096	0.00731571254			
1458.192096	8	5	87	0.7320980564	0.007288192344		7.109769574	5.919791535	86.97043889				16.42500968	10.24136125	73.33362907	0	0	0	-1458.192096	0.7320980564	1269.74214193019	-1458.192096	0.007288192344			
1455.632096	8	5	87	0.7341031233	0.007261326248		7.127300286	5.969262413	86.9034373				16.49301705	10.27260854	73.23437441	0	0	0	-1455.632096	0.7341031233	1283.87885183046	-1455.632096	0.007261326248			
1453.072096	8	5	87	0.7360862138	0.00723511247		7.144429227	6.019194983	86.83637579				16.56114792	10.30360602	73.13524606	0	0	0	-1453.072096	0.7360862138	1298.03807267389	-1453.072096	0.00723511247			
1450.512096	8	5	87	0.7380477727	0.00720954956		7.161149064	6.069599174	86.76925176				16.62940966	10.33435225	73.03623809	0	0	0	-1450.512096	0.7380477727	1312.21706311574	-1450.512096	0.00720954956			
1447.952096	8	5	87	0.7399882354	0.007184636399		7.177452278	6.12048518	86.70206254				16.69780982	10.36484571	72.93734447	0	0	0	-1447.952096	0.7399882354	1326.41302996361	-1447.952096	0.007184636399			
1445.392096	8	5	87	0.7419080285	0.007160372215		7.193331156	6.171863459	86.63480539				16.76635609	10.39508482	72.83855908	0	0	0	-1445.392096	0.7419080285	1340.62299024738	-1445.392096	0.007160372215			
1442.832096	8	5	87	0.7438075701	0.007136756575		7.208777791	6.223744748	86.56747746				16.83505636	10.42506792	72.73987573	0	0	0	-1442.832096	0.7438075701	1354.84389319592	-1442.832096	0.007136756575			
1440.272096	8	5	87	0.74568727	0.007113789399		7.223784073	6.276140067	86.50007586				16.90391865	10.45479325	72.6412881	0	0	0	-1440.272096	0.74568727	1369.07268763676	-1440.272096	0.007113789399			
1437.712096	8	5	87	0.7475475298	0.007091470964		7.23834169	6.329060726	86.43259758				16.97295121	10.48425898	72.54278981	0	0	0	-1437.712096	0.7475475298	1383.30613112735	-1437.712096	0.007091470964			
1435.152096	8	5	87	0.7493887436	0.007069801911		7.252442118	6.382518339	86.36503954				17.04216245	10.5134632	72.44437434	0	0	0	-1435.152096	0.7493887436	1397.54089764899	-1435.152096	0.007069801911			
1432.592096	8	5	87	0.7512112978	0.00704878325		7.266076622	6.436524826	86.29739855				17.111561	10.54240392	72.34603509	0	0	0	-1432.592096	0.7512112978	1411.77363601826	-1432.592096	0.00704878325			
1430.032096	8	5	87	0.7530155716	0.00702841637		7.279236247	6.491092425	86.22967133				17.18115567	10.57107902	72.24776531	0	0	0	-1430.032096	0.7530155716	1426.00073785601	-1430.032096	0.00702841637			
1427.472096	8	5	87	0.7548019374	0.007008703045		7.291911819	6.546233701	86.16185448				17.25095552	10.59948632	72.14955817	0	0	0	-1427.472096	0.7548019374	1440.21864267514	-1427.472096	0.007008703045			
1424.912096	8	5	87	0.7565707605	0.006989645447		7.304093935	6.601961555	86.09394451				17.32096979	10.62762352	72.05140669	0	0	0	-1424.912096	0.7565707605	1454.42362362443	-1424.912096	0.006989645447			
1422.352096	8	5	87	0.7583224	0.006971246153		7.315772965	6.658289231	86.0259378				17.391208	10.65548822	71.95330378	0	0	0	-1422.352096	0.7583224	1468.61183670666	-1422.352096	0.006971246153			
1419.792096	8	5	87	0.7600572084	0.006953508151		7.326939044	6.715230328	85.95783063				17.46167987	10.68307793	71.8552422	0	0	0	-1419.792096	0.7600572084	1482.77933442539	-1419.792096	0.006953508151			
1417.232096	8	5	87	0.7617755324	0.006936434861		7.337582067	6.772798809	85.88961912				17.5323954	10.71039001	71.75721459	0	0	0	-1417.232096	0.7617755324	1496.92203512208	-1417.232096	0.006936434861			
1414.672096	8	5	87	0.7634777126	0.006920030137		7.347691691	6.831009008	85.8212993				17.60336484	10.73742174	71.65921342	0	0	0	-1414.672096	0.7634777126	1511.03574051763	-1414.672096	0.006920030137			
1412.112096	8	5	87	0.7651640842	0.006904298285		7.357257326	6.889875643	85.75286703				17.67459872	10.76417026	71.56123102	0	0	0	-1412.112096	0.7651640842	1525.1161460736	-1412.112096	0.006904298285			
1409.552096	8	5	87	0.7668349767	0.006889244073		7.366268135	6.949413824	85.68431804				17.74610784	10.79063259	71.46325957	0	0	0	-1409.552096	0.7668349767	1539.15877095667	-1409.552096	0.006889244073			
1406.992096	8	5	87	0.7684907147	0.006874872747		7.374713029	7.009639065	85.61564791				17.81790332	10.8168056	71.36529107	0	0	0	-1406.992096	0.7684907147	1553.15906154194	-1406.992096	0.006874872747			
1404.432096	8	5	87	0.7701316174	0.006861190045		7.382580665	7.070567288	85.54685205				17.88999658	10.84268605	71.26731737	0	0	0	-1404.432096	0.7701316174	1567.11226935065	-1404.432096	0.006861190045			
1401.872096	8	5	87	0.7717579996	0.006848202211		7.389859445	7.13221484	85.47792572				17.96239935	10.86827054	71.16933011	0	0	0	-1401.872096	0.7717579996	1581.01351485499	-1401.872096	0.006848202211			
1399.312096	8	5	87	0.7733701711	0.006835916013		7.396537509	7.194598499	85.40886399				18.03512371	10.89355552	71.07132077	0	0	0	-1399.312096	0.7733701711	1594.85790472658	-1399.312096	0.006835916013			
1396.752096	8	5	87	0.7749684374	0.00682433876		7.402602742	7.257735484	85.33966177				18.1081821	10.91853728	70.97328062	0	0	0	-1396.752096	0.7749684374	1608.64014841889	-1396.752096	0.00682433876			
1394.192096	8	5	87	0.7765530999	0.006813478321		7.408042762	7.321643464	85.27031377				18.18158729	10.94321197	70.87520073	0	0	0	-1394.192096	0.7765530999	1622.35504339586	-1394.192096	0.006813478321			
1391.632096	8	5	87	0.7781244556	0.006803343141		7.41284493	7.38634057	85.2008145				18.25535248	10.96757555	70.77707197	0	0	0	-1391.632096	0.7781244556	1635.99716177114	-1391.632096	0.006803343141			
1389.072096	8	5	87	0.7796827979	0.006793942263		7.416996341	7.451845401	85.13115826				18.32949123	10.99162381	70.67888496	0	0	0	-1389.072096	0.7796827979	1649.56074949105	-1389.072096	0.006793942263			
1386.512096	8	5	87	0.7812284165	0.00678528535		7.420483831	7.518177035	85.06133913				18.40401752	11.01535235	70.58063013	0	0	0	-1386.512096	0.7812284165	1663.04012925962	-1386.512096	0.00678528535			
1383.952096	8	5	87	0.7827615974	0.006777382704		7.423293975	7.585355037	84.99135099				18.4789458	11.03875657	70.48229763	0	0	0	-1383.952096	0.7827615974	1676.42938196333	-1383.952096	0.006777382704			
1381.392096	8	5	87	0.7842826234	0.006770245293		7.425413088	7.653399467	84.92118745				18.55429092	11.06183169	70.38387739	0	0	0	-1381.392096	0.7842826234	1689.72234360907	-1381.392096	0.006770245293			
1378.832096	8	5	87	0.7857917741	0.00676388477		7.426827231	7.722330886	84.85084188				18.63006824	11.0845727	70.28535905	0	0	0	-1378.832096	0.7857917741	1702.91281495189	-1378.832096	0.00676388477			
1376.272096	8	5	87	0.787289326	0.006758313504		7.427522215	7.792170366	84.78030742				18.70629361	11.10697438	70.18673201	0	0	0	-1376.272096	0.787289326	1715.99433560048	-1376.272096	0.006758313504			
1373.712096	8	5	87	0.7887755529	0.006753544598		7.427483602	7.862939495	84.7095769				18.78298338	11.12903127	70.08798535	0	0	0	-1373.712096	0.7887755529	1728.96017788568	-1373.712096	0.006753544598			
1371.152096	8	5	87	0.790250726	0.006749591927		7.426696715	7.934660381	84.6386429				18.86015445	11.15073767	69.98910789	0	0	0	-1371.152096	0.790250726	1741.80363112917	-1371.152096	0.006749591927			
1368.592096	8	5	87	0.7917151138	0.006746470156		7.425146645	8.007355659	84.5674977				18.93782428	11.17208762	69.8900881	0	0	0	-1368.592096	0.7917151138	1754.51770408618	-1368.592096	0.006746470156			
1366.032096	8	5	87	0.7931689827	0.006744194773		7.422818257	8.081048492	84.49613325				19.01601093	11.19307491	69.79091416	0	0	0	-1366.032096	0.7931689827	1767.09518844554	-1366.032096	0.006744194773			
1363.472096	8	5	87	0.7946125968	0.006742782121		7.419696203	8.155762573	84.42454122				19.09473306	11.21369305	69.69157389	0	0	0	-1363.472096	0.7946125968	1779.52888998451	-1363.472096	0.006742782121			
1360.912096	8	5	87	0.7960462181	0.006742249431		7.415764935	8.23152213	84.35271294				19.17400998	11.23393525	69.59205477	0	0	0	-1360.912096	0.7960462181	1791.81113875962	-1360.912096	0.006742249431			
1358.352096	8	5	87	0.7974701071	0.006742614848		7.411008715	8.308351919	84.28063937				19.25386168	11.25379441	69.49234391	0	0	0	-1358.352096	0.7974701071	1803.93841136321	-1358.352096	0.006742614848			
1355.792096	8	5	87	0.7988845158	0.00674386602		7.405410611	8.386277445	84.20831194				19.33430847	11.27326303	69.3924285	0	0	0	-1355.792096	0.7988845158	1815.89334487081	-1355.792096	0.00674386602			
1353.232096	8	5	87	0.8002897161	0.006746124389		7.398956838	8.465324032	84.13571913				19.41537261	11.29233356	69.29229383	0	0	0	-1353.232096	0.8002897161	1827.66731475114	-1353.232096	0.006746124389			
1350.672096	8	5	87	0.8016859582	0.006749316263		7.39163039	8.545518175	84.06285143				19.49707599	11.31099783	69.19192618	0	0	0	-1350.672096	0.8016859582	1839.26022530879	-1350.672096	0.006749316263			
1348.112096	8	5	87	0.8030734984	0.006753496209		7.383415207	8.626886651	83.98969814				19.57944171	11.32924738	69.0913109	0	0	0	-1348.112096	0.8030734984	1850.65909680092	-1348.112096	0.006753496209			
1345.552096	8	5	87	0.8044525917	0.006758687529		7.374295146	8.709456727	83.91624813				19.66249371	11.34707338	68.99043291	0	0	0	-1345.552096	0.8044525917	1861.85549803991	-1345.552096	0.006758687529			
1342.992096	8	5	87	0.8058234921	0.006764914743		7.364254014	8.79325615	83.84248984				19.74625681	11.36446657	68.88927662	0	0	0	-1342.992096	0.8058234921	1872.84064275887	-1342.992096	0.006764914743			
1340.432096	8	5	87	0.8071864529	0.006772203525		7.353275593	8.878313123	83.76841128				19.83075676	11.38141727	68.78782597	0	0	0	-1340.432096	0.8071864529	1883.6054516239	-1340.432096	0.006772203525			
1337.872096	8	5	87	0.8085417269	0.006780580748		7.341343678	8.964656291	83.69400003				19.91602028	11.39791535	68.68606438	0	0	0	-1337.872096	0.8085417269	1894.14083116807	-1337.872096	0.006780580748			
1335.312096	8	5	87	0.8098895663	0.006790074531		7.328442113	9.052314708	83.61924318				20.0020751	11.41395019	68.58397471	0	0	0	-1335.312096	0.8098895663	1904.43753956221	-1335.312096	0.006790074531			
1332.752096	8	5	87	0.8112302231	0.006800714272		7.314554831	9.141317815	83.54412735				20.08895002	11.42951071	68.48153927	0	0	0	-1332.752096	0.8112302231	1914.48605647398	-1332.752096	0.006800714272			
1330.192096	8	5	87	0.8125639492	0.006812530684		7.299665896	9.231695398	83.46863871				20.17667494	11.44458526	68.3787398	0	0	0	-1330.192096	0.8125639492	1924.27701717238	-1330.192096	0.006812530684			
1327.632096	8	5	87	0.8138909962	0.006825556262		7.28375956	9.323477554	83.39276289				20.26528096	11.45916165	68.27555739	0	0	0	-1327.632096	0.8138909962	1933.80093644422	-1327.632096	0.006825556262			
1325.072096	8	5	87	0.8152116159	0.00683982361		7.266820298	9.416694653	83.31648505				20.35480034	11.47322714	68.17197252	0	0	0	-1325.072096	0.8152116159	1943.04793061609	-1325.072096	0.00683982361			
1322.512096	8	5	87	0.8165260605	0.006855368026		7.248832881	9.511377281	83.23978984				20.44526666	11.48676834	68.067965	0	0	0	-1322.512096	0.8165260605	1952.00838601318	-1322.512096	0.006855368026			
1319.952096	8	5	87	0.8178345822	0.006872225838		7.229782426	9.607556183	83.16266139				20.53671481	11.49977124	67.96351395	0	0	0	-1319.952096	0.8178345822	1960.67252507922	-1319.952096	0.006872225838			
1317.392096	8	5	87	0.819137434	0.006890434858		7.209654465	9.705262209	83.08508333				20.62918109	11.51222114	67.85859777	0	0	0	-1317.392096	0.819137434	1969.03043209694	-1317.392096	0.006890434858			
1314.832096	8	5	87	0.8204348693	0.006910034407		7.188435011	9.80452624	83.00703875				20.72270326	11.52410264	67.75319409	0	0	0	-1314.832096	0.8204348693	1977.07250984951	-1314.832096	0.006910034407			
1312.272096	8	5	87	0.8217271421	0.006931065337		7.166110636	9.905379115	82.92851025				20.8173206	11.5353996	67.64727981	0	0	0	-1312.272096	0.8217271421	1984.7888972987	-1312.272096	0.006931065337			
1309.712096	8	5	87	0.8230145074	0.006953570048		7.142668541	10.00785155	82.84947991				20.91307398	11.54609506	67.54083096	0	0	0	-1309.712096	0.8230145074	1992.16986917245	-1309.712096	0.006953570048			
1307.152096	8	5	87	0.8242972209	0.006977592505		7.118096647	10.11197404	82.76992931				21.01000597	11.55617126	67.43382277	0	0	0	-1307.152096	0.8242972209	1999.20608604065	-1307.152096	0.006977592505			
1304.592096	8	5	87	0.8255755391	0.007003178149		7.09238463	10.21777594	82.68983943				21.10816085	11.56560956	67.32622959	0	0	0	-1304.592096	0.8255755391	2005.88807607177	-1304.592096	0.007003178149			
1302.032096	8	5	87	0.8268497197	0.007030374271		7.06552027	10.32528864	82.60919109				21.20758476	11.57439041	67.21802484	0	0	0	-1302.032096	0.8268497197	2007.14419902929	-1302.032096	0.007030374271			
1299.472096	8	5	87	0.8281264321	0.007094885376		7.037524633	10.43487439	82.52760097				21.30883839	11.58253298	67.10862863	0	0	0	-1299.472096	0.8281264321	2013.13379121767	-1299.472096	0.007094885376			
1296.912096	8	5	87	0.8293930975	0.007089930702		7.008327514	10.5458981	82.44577439				21.41095146	11.58993344	66.9991151	0	0	0	-1296.912096	0.8293930975	2023.77815943094	-1296.912096	0.007089930702			
1294.352096	8	5	87	0.8306563628	0.007122050398		6.977953408	10.6587171	82.3633295				21.51448124	11.59661238	66.88890638	0	0	0	-1294.352096	0.8306563628	2028.98070830588	-1294.352096	0.007122050398			
1291.792096	8	5	87	0.8319165396	0.007156234437		6.946397213	10.77335902	82.28024376				21.61948519	11.60254544	66.77796937	0	0	0	-1291.792096	0.8319165396	2033.75054067768	-1291.792096	0.007156234437			
1289.232096	8	5	87	0.8331738854	0.007192258448		6.913654452	10.88984933	82.19649621				21.72601944	11.60770768	66.66627289	0	0	0	-1289.232096	0.8331738854	2038.11890772077	-1289.232096	0.007192258448			
1286.672096	8	5	87	0.8344286652	0.007230215089		6.879722204	11.00821263	82.11206516				21.834143	11.61207294	66.55378406	0	0	0	-1286.672096	0.8344286652	2042.07301961292	-1286.672096	0.007230215089			
1284.112096	8	5	87	0.8356811457	0.007270164647		6.844599162	11.12847215	82.02692869				21.94391741	11.61561377	66.44046882	0	0	0	-1284.112096	0.8356811457	2045.60598560658	-1284.112096	0.007270164647			
1281.552096	8	5	87	0.8369315943	0.007312168008		6.808285746	11.25064955	81.9410647				22.0554068	11.61830133	66.32629187	0	0	0	-1281.552096	0.8369315943	2048.71154816565	-1281.552096	0.007312168008			
1278.992096	8	5	87	0.8381802799	0.00735628725		6.77078421	11.37476478	81.85445101				22.16867801	11.62010537	66.21121663	0	0	0	-1278.992096	0.8381802799	2051.38428196736	-1278.992096	0.00735628725			
1276.432096	8	5	87	0.8394274717	0.007402585442		6.732098748	11.50083584	81.76706541				22.28380068	11.6209941	66.09520523	0	0	0	-1276.432096	0.8394274717	2053.61960753455	-1276.432096	0.007402585442			
1273.872096	8	5	87	0.84067344	0.007451126473		6.692235598	11.62887863	81.67888577				22.40084739	11.62093416	65.97821845	0	0	0	-1273.872096	0.84067344	2055.41357189236	-1273.872096	0.007451126473			
1271.312096	8	5	87	0.8419184553	0.007501974851		6.651203146	11.75890671	81.58989014				22.51989377	11.61989052	65.86021571	0	0	0	-1271.312096	0.8419184553	2056.76376703779	-1271.312096	0.007501974851			
1268.752096	8	5	87	0.843162788	0.007555195471		6.609012017	11.89093113	81.50005685				22.64101856	11.61782643	65.74115501	0	0	0	-1268.752096	0.843162788	2057.66852063662	-1268.752096	0.007555195471			
1266.192096	8	5	87	0.8444067085	0.007610853342		6.565675168	12.02496019	81.40936464				22.76430378	11.6147033	65.62099291	0	0	0	-1266.192096	0.8444067085	2058.1273998113	-1266.192096	0.007610853342			
1263.632096	8	5	87	0.8456504863	0.007669013284		6.521207969	12.16099925	81.31779279				22.88983483	11.61048065	65.49968452	0	0	0	-1263.632096	0.8456504863	2058.14137862913	-1263.632096	0.007669013284			
1261.072096	8	5	87	0.8468943899	0.007729739567		6.475628273	12.29905049	81.22532124				23.01770055	11.60511601	65.37718343	0	0	0	-1261.072096	0.8468943899	2057.71275304212	-1261.072096	0.007729739567			
1258.512096	8	5	87	0.848138686	0.007793095514		6.428956487	12.43911272	81.1319308				23.14799341	11.59856484	65.25344175	0	0	0	-1258.512096	0.848138686	2056.84537865303	-1258.512096	0.007793095514			
1255.952096	8	5	87	0.8493836391	0.007859143041		6.381215615	12.58118115	81.03760323				23.28080952	11.59078045	65.12841003	0	0	0	-1255.952096	0.8493836391	2055.54465251023	-1255.952096	0.007859143041			
1253.392096	8	5	87	0.8506295107	0.007927942143		6.332431307	12.72524718	80.94232151				23.4162488	11.58171389	65.0020373	0	0	0	-1253.392096	0.8506295107	2053.81773455606	-1253.392096	0.007927942143			
1250.832096	8	5	87	0.8518765586	0.007999550306		6.28263188	12.87129819	80.84606993				23.55441505	11.57131392	64.87427103	0	0	0	-1250.832096	0.8518765586	2051.67359354774	-1250.832096	0.007999550306			
1248.272096	8	5	87	0.853125036	0.008074021862		6.231848333	13.01931731	80.74883435				23.695416	11.55952686	64.74505714	0	0	0	-1248.272096	0.853125036	2049.12296214258	-1248.272096	0.008074021862			
1245.712096	8	5	87	0.8543751908	0.008151407243		6.180114344	13.16928326	80.6506024				23.83936343	11.54629656	64.61434001	0	0	0	-1245.712096	0.8543751908	2046.1786084376	-1245.712096	0.008151407243			
1243.152096	8	5	87	0.8556272643	0.008231752162		6.127466254	13.32117009	80.55136365				23.98637319	11.5315643	64.48206252	0	0	0	-1243.152096	0.8556272643	2042.85559654349	-1243.152096	0.008231752162			
1240.592096	8	5	87	0.8568814901	0.008315096693		6.073943035	13.47494706	80.45110991				24.13656526	11.51526871	64.34816603	0	0	0	-1240.592096	0.8568814901	2039.17104272208	-1240.592096	0.008315096693			
1238.032096	8	5	87	0.858138093	0.008401474235		6.019586237	13.63057837	80.34983539				24.29006379	11.49734574	64.21259047	0	0	0	-1238.032096	0.858138093	2035.14427024493	-1238.032096	0.008401474235			
1235.472096	8	5	87	0.8593972876	0.008490910374		5.964439927	13.78802307	80.247537				24.44699705	11.47772856	64.07527439	0	0	0	-1235.472096	0.8593972876	2030.80184489376	-1235.472096	0.008490910374			
1232.912096	8	5	87	0.8606592708	0.008583381894		5.908550282	13.94723541	80.1442143				24.60749671	11.45634765	63.93615563	0	0	0	-1232.912096	0.8606592708	2026.1591968534	-1232.912096	0.008583381894			
1230.352096	8	5	87	0.8619242432	0.008679010179		5.851966794	14.10816231	80.03987089				24.77170067	11.43313035	63.79516898	0	0	0	-1230.352096	0.8619242432	2021.24284709736	-1230.352096	0.008679010179			
1227.792096	8	5	87	0.8631923736	0.008777676967		5.794740224	14.27074677	79.93451301				24.93974868	11.40800142	63.65224991	0	0	0	-1227.792096	0.8631923736	2016.09144601018	-1227.792096	0.008777676967			
1225.232096	8	5	87	0.8644638192	0.008879398774		5.736923764	14.43492533	79.82815091				25.11178501	11.38088267	63.50733232	0	0	0	-1225.232096	0.8644638192	2010.73320347122	-1225.232096	0.008879398774			
1222.672096	8	5	87	0.8657387178	0.008984139859		5.678572591	14.60062852	79.72079889				25.28795757	11.35169308	63.36034935	0	0	0	-1222.672096	0.8657387178	2005.2036440128	-1222.672096	0.008984139859			
1220.112096	8	5	87	0.8670171858	0.009091846649		5.619743719	14.76778069	79.61247559				25.46841764	11.32034885	63.21123351	0	0	0	-1220.112096	0.8670171858	1999.54110085358	-1220.112096	0.009091846649			
1217.552096	8	5	87	0.8682993158	0.009202445379		5.560495855	14.93629988	79.50320427				25.65331957	11.28676348	63.05991696	0	0	0	-1217.552096	0.8682993158	1993.78742245932	-1217.552096	0.009202445379			
1214.992096	8	5	87	0.8695851735	0.009315839537		5.500889239	15.10609763	79.39301313				25.84282037	11.25084785	62.90633177	0	0	0	-1214.992096	0.8695851735	1987.98758833713	-1214.992096	0.009315839537			
1212.432096	8	5	87	0.8708747956	0.009431907099		5.440985484	15.27707888	79.28193564				26.03707925	11.21251048	62.75041028	0	0	0	-1212.432096	0.8708747956	1982.19001922335	-1212.432096	0.009431907099			
1209.872096	8	5	87	0.8721681861	0.009550497518		5.38084741	15.44914176	79.17001083				26.23625697	11.17165762	62.59208541	0	0	0	-1209.872096	0.8721681861	1976.44721849132	-1209.872096	0.009550497518			
1207.312096	8	5	87	0.8734653132	0.009671428491		5.32053888	15.62217746	79.05728366				26.44051522	11.1281936	62.43129117	0	0	0	-1207.312096	0.8734653132	1970.81503689883	-1207.312096	0.009671428491			
1204.752096	8	5	87	0.8747661064	0.009794482503		5.260124635	15.79607007	78.9438053				26.65001572	11.08202115	62.26796313	0	0	0	-1204.752096	0.8747661064	1965.35334656032	-1204.752096	0.009794482503			
1202.192096	8	5	87	0.8760704524	0.009919404134		5.199670125	15.97069639	78.82963348				26.86491927	11.03304178	62.10203895	0	0	0	-1202.192096	0.8760704524	1960.12681937977	-1202.192096	0.009919404134			
1199.632096	8	5	87	0.8773781911	0.01004589243		5.139241342	16.14592584	78.71483282				27.08538462	10.98115627	61.93345911	0	0	0	-1199.632096	0.8773781911	1955.20423628366	-1199.632096	0.01004589243			
1197.072096	8	5	87	0.8786891124	0.01017360253		5.078904661	16.32162019	78.59947515				27.31156713	10.9262653	61.76216757	0	0	0	-1197.072096	0.8786891124	1950.65905982415	-1197.072096	0.01017360253			
1194.512096	8	5	87	0.8800029515	0.01030213802		5.01872668	16.4976335	78.48363982				27.54361731	10.86827006	61.58811262	0	0	0	-1194.512096	0.8800029515	1946.56986539416	-1194.512096	0.01030213802			
1191.952096	8	5	87	0.8813193853	0.01043104783		4.958774062	16.67381195	78.36741399				27.78167911	10.80707311	61.41124778	0	0	0	-1191.952096	0.8813193853	1943.02054476789	-1191.952096	0.01043104783			
1189.392096	8	5	87	0.8826380277	0.01055982246		4.899113369	16.84999371	78.25089292				28.02588795	10.74257923	61.23153282	0	0	0	-1189.392096	0.8826380277	1940.10041328485	-1189.392096	0.01055982246			
1186.832096	8	5	87	0.8839584263	0.01068789141		4.839810918	17.02600887	78.13418021				28.27636866	10.67469648	61.04893486	0	0	0	-1186.832096	0.8839584263	1937.90487231372	-1186.832096	0.01068789141			
1184.272096	8	5	87	0.8852800574	0.01081461673		4.780932588	17.20167945	78.01738797				28.53323301	10.60333743	60.86342957	0	0	0	-1184.272096	0.8852800574	1936.5355724207	-1184.272096	0.01081461673			
1181.712096	8	5	87	0.8866023233	0.01093929562		4.722543673	17.37681937	77.90063696				28.79657715	10.52842038	60.67500247	0	0	0	-1181.712096	0.8866023233	1936.10036957486	-1181.712096	0.01093929562			
1179.152096	8	5	87	0.8879245484	0.01106115615		4.664708699	17.55123459	77.78405671				29.06647882	10.44987087	60.48365031	0	0	0	-1179.152096	0.8879245484	1936.71429017068	-1179.152096	0.01106115615			
1176.592096	8	5	87	0.8892459765	0.01117935809		4.607491233	17.72472331	77.66778545				29.3429943	10.3676232	60.2893825	0	0	0	-1176.592096	0.8892459765	1938.49894395993	-1176.592096	0.01117935809			
1174.032096	8	5	87	0.8905657693	0.01129299462		4.550953675	17.89707632	77.55197				29.62615523	10.28162216	60.09222261	0	0	0	-1174.032096	0.8905657693	1941.58341411181	-1174.032096	0.01129299462			
1171.472096	8	5	87	0.8918830044	0.01140109609		4.495157034	18.06807746	77.4367655				29.91596532	10.1918248	59.89220988	0	0	0	-1171.472096	0.8918830044	1946.10435332368	-1171.472096	0.01140109609			
1168.912096	8	5	87	0.8931966759	0.01150263617		4.44016068	18.2375043	77.32233502				30.212397	10.09820229	59.68940072	0	0	0	-1168.912096	0.8931966759	1952.20558597814	-1168.912096	0.01150263617			
1166.352096	8	5	87	0.8945056955	0.01159654065		4.386022076	18.40512895	77.20884897				30.5153881	10.00074182	59.48387008	0	0	0	-1166.352096	0.8945056955	1960.17867068598	-1166.352096	0.01159654065			
1163.792096	8	5	87	0.8958087103	0.01168030284		4.332792048	18.570729	77.09647896				30.82482272	9.899458776	59.2757185	0	0	0	-1163.792096	0.8958087103	1970.02341028284	-1163.792096	0.01168030284			
1161.232096	8	5	87	0.8971046875	0.01175578554		4.28052769	18.73406227	76.98541004				31.14058335	9.794365657	59.06505099	0	0	0	-1161.232096	0.8971046875	1981.79163231889	-1161.232096	0.01175578554			
1158.672096	8	5	87	0.8983922855	0.01181997978		4.229278673	18.89489	76.87583133				31.46247864	9.685511045	58.85201031	0	0	0	-1158.672096	0.8983922855	1995.81120829186	-1158.672096	0.01181997978			
1156.112096	8	5	87	0.8996701345	0.0118720507		4.179091619	19.05297551	76.76793287				31.79027926	9.572963963	58.63675678	0	0	0	-1156.112096	0.8996701345	2014.04719028407	-1156.112096	0.0118720507			
1153.552096	8	5	87	0.900934572	0.01188981868		4.129989518	19.2079974	76.66201309				32.12311064	9.457026926	58.41986244	0	0	0	-1153.552096	0.900934572	2032.98885774031	-1153.552096	0.01188981868			
1150.992096	8	5	87	0.9021886787	0.0119358065		4.082050971	19.35990314	76.55804589				32.46184535	9.337400423	58.20075423	0	0	0	-1150.992096	0.9021886787	2052.96111707393	-1150.992096	0.0119358065			
1148.432096	8	5	87	0.9034286899	0.01194540678		4.035291035	19.50837864	76.45633032				32.80551535	9.214435402	57.98004925	0	0	0	-1148.432096	0.9034286899	2077.72784418949	-1148.432096	0.01194540678			
1145.872096	8	5	87	0.9046531064	0.01193896234		3.989739117	19.65321073	76.35705015				33.15370202	9.088301475	57.75799651	0	0	0	-1145.872096	0.9046531064	2105.67601838113	-1145.872096	0.01193896234			
1143.312096	8	5	87	0.9058604527	0.01191593083		3.945419732	19.79419796	76.2603823				33.50594537	8.959191903	57.53486273	0	0	0	-1143.312096	0.9058604527	2136.96760336126	-1143.312096	0.01191593083			
1140.752096	8	5	87	0.9070493101	0.0118760598		3.902352732	19.93115118	76.16649608				33.86174764	8.827321662	57.3109307	0	0	0	-1140.752096	0.9070493101	2171.78529316156	-1140.752096	0.0118760598			
1138.192096	8	5	87	0.9082182951	0.01181895311		3.860552034	20.06389838	76.07554959				34.22057374	8.692928235	57.08649803	0	0	0	-1138.192096	0.9082182951	2210.33252124266	-1138.192096	0.01181895311			
1135.632096	8	5	87	0.9093660912	0.01174453229		3.820025688	20.19228677	75.98768754				34.58185921	8.556268219	56.86187258	0	0	0	-1135.632096	0.9093660912	2252.79514052313	-1135.632096	0.01174453229			
1133.072096	8	5	87	0.9104914694	0.01165296173		3.780775937	20.31618434	75.90303972				34.94501683	8.417614241	56.63736893	0	0	0	-1133.072096	0.9104914694	2299.34945833384	-1133.072096	0.01165296173			
1130.512096	8	5	87	0.9115933056	0.01154462595		3.742799248	20.43548126	75.82171949				35.30944365	8.277251663	56.41330469	0	0	0	-1130.512096	0.9115933056	2350.16419072108	-1130.512096	0.01154462595			
1127.952096	8	5	87	0.9126705936	0.01142011543		3.706086438	20.550091	75.74382256				35.6745285	8.135474976	56.18999652	0	0	0	-1127.952096	0.9126705936	2405.39956247842	-1127.952096	0.01142011543			
1125.392096	8	5	87	0.9137224572	0.01128022022		3.670622895	20.65995101	75.6694261				36.0396598	7.99258397	55.96775623	0	0	0	-1125.392096	0.9137224572	2465.20521986026	-1125.392096	0.01128022022			
1122.832096	8	5	87	0.9147481586	0.01112590775		3.636388886	20.76502283	75.59858828				36.40423312	7.848879858	55.74688702	0	0	0	-1122.832096	0.9147481586	2529.7193038179	-1122.832096	0.01112590775			
1120.272096	8	5	87	0.9157471042	0.01095829741		3.603359948	20.86529186	75.53134819				36.76765858	7.704661479	55.52767994	0	0	0	-1120.272096	0.9157471042	2599.06856359458	-1120.272096	0.01095829741			
1117.712096	8	5	87	0.916718846	0.01077863097		3.571507345	20.96076655	75.46772611				37.12936749	7.560221691	55.31041082	0	0	0	-1117.712096	0.916718846	2673.36708194172	-1117.712096	0.01077863097			
1115.152096	8	5	87	0.9176630816	0.01058824045		3.540798579	21.05147725	75.40772417				37.48881832	7.415844087	55.0953376	0	0	0	-1115.152096	0.9176630816	2752.71625678703	-1115.152096	0.01058824045			
1112.592096	8	5	87	0.9185796496	0.01038851533		3.51119793	21.13747472	75.35132735				37.84550171	7.271800088	54.8826982	0	0	0	-1112.592096	0.9185796496	2837.20548275997	-1112.592096	0.01038851533			
1110.032096	8	5	87	0.9194685236	0.01018087044		3.48266702	21.2188283	75.29850468				38.19894451	7.128346509	54.67270899	0	0	0	-1110.032096	0.9194685236	2926.91166280502	-1110.032096	0.01018087044			
1107.472096	8	5	87	0.9203298036	0.009966715953		3.455165546	21.2956231	75.24921135				38.54871273	6.985723612	54.46556366	0	0	0	-1107.472096	0.9203298036	3021.90013306743	-1107.472096	0.009966715953			
1104.912096	8	5	87	0.9211637059	0.00974743071		3.428651101	21.3679615	75.2033874				38.89441352	6.844153623	54.26143285	0	0	0	-1104.912096	0.9211637059	3122.22556799289	-1104.912096	0.00974743071			
1102.352096	8	5	87	0.9219705516	0.009524339107		3.403080816	21.43595532	75.16096386				39.23569618	6.703839795	54.06046403	0	0	0	-1102.352096	0.9219705516	3227.9322262879	-1102.352096	0.009524339107			
1099.792096	8	5	87	0.9227507549	0.009298692739		3.378411065	21.49972762	75.12186131				39.5722522	6.564965884	53.86278192	0	0	0	-1099.792096	0.9227507549	3339.05560176237	-1099.792096	0.009298692739			
1097.232096	8	5	87	0.9235048103	0.009071656163		3.354598104	21.55940956	75.08599233				39.90381469	6.427696044	53.66848927	0	0	0	-1097.232096	0.9235048103	3455.62328351908	-1097.232096	0.009071656163			
1094.672096	8	5	87	0.9242332807	0.008844297057		3.331598452	21.61513847	75.05326308				40.23015701	6.292175079	53.47766791	0	0	0	-1094.672096	0.9242332807	3577.65463117065	-1094.672096	0.008844297057			
1092.112096	8	5	87	0.9249367857	0.008617580317		3.309369232	21.667056	75.02357477				40.551091	6.158528988	53.29038001	0	0	0	-1092.112096	0.9249367857	3705.16391303078	-1092.112096	0.008617580317			
1089.552096	8	5	87	0.9256159898	0.008392365638		3.287868447	21.71530648	74.99682507				40.86646474	6.026865754	53.10666951	0	0	0	-1089.552096	0.9256159898	3838.16055119987	-1089.552096	0.008392365638			
1086.992096	8	5	87	0.9262715924	0.008169408045		3.267055219	21.76003545	74.97290933				41.17616007	5.897276308	52.92656363	0	0	0	-1086.992096	0.9262715924	3976.64829660171	-1086.992096	0.008169408045			
1084.432096	8	5	87	0.9269043184	0.00794936081		3.246889968	21.80138833	74.9517217				41.48008991	5.769835627	52.75007446	0	0	0	-1084.432096	0.9269043184	4120.62925124794	-1084.432096	0.00794936081			
1081.872096	8	5	87	0.927514909	0.007732780194		3.227334561	21.83950936	74.93315608				41.77819556	5.644603906	52.57720054	0	0	0	-1081.872096	0.927514909	4270.10216188109	-1081.872096	0.007732780194			
1079.312096	8	5	87	0.928104115	0.007520131519		3.208352412	21.87454063	74.91710696				42.07044388	5.521627782	52.40792834	0	0	0	-1079.312096	0.928104115	4425.06392417048	-1079.312096	0.007520131519			
1076.752096	8	5	87	0.9286726895	0.007311796117		3.189908552	21.90662133	74.90347012				42.35682463	5.400941555	52.24223381	0	0	0	-1076.752096	0.9286726895	4585.51158490982	-1076.752096	0.007311796117			
1074.192096	8	5	87	0.9292213826	0.007108078759		3.17196967	21.93588709	74.89214324				42.63734788	5.282568398	52.08008372	0	0	0	-1074.192096	0.9292213826	4751.13378729203	-1074.192096	0.007108078759			
1071.632096	8	5	87	0.9297510016	0.006909905608		3.154510003	21.96244795	74.88304205				42.91204128	5.166515931	51.92144279	0	0	0	-1071.632096	0.9297510016	4922.30387926702	-1071.632096	0.006909905608			
1069.072096	8	5	87	0.9302621979	0.00671590702		3.137492675	21.98645512	74.8760522				43.18094385	5.052796415	51.76625973	0	0	0	-1069.072096	0.9302621979	5099.23955704946	-1069.072096	0.00671590702			
1066.512096	8	5	87	0.9307556962	0.006527170764		3.12089008	22.00802993	74.87107999				43.4441166	4.941404572	51.61447883	0	0	0	-1066.512096	0.9307556962	5281.60965014674	-1066.512096	0.006527170764			
1063.952096	8	5	87	0.931232195	0.006343661917		3.104675516	22.02729007	74.86803441				43.70162767	4.8323301	51.46604223	0	0	0	-1063.952096	0.931232195	5469.45059023529	-1063.952096	0.006343661917			
1061.392096	8	5	87	0.9316923734	0.006165411452		3.088823829	22.04434839	74.86682779				43.95355475	4.725556798	51.32088845	0	0	0	-1061.392096	0.9316923734	5662.76172381648	-1061.392096	0.006165411452			
1058.832096	8	5	87	0.9321368896	0.005992416849		3.073311371	22.05931273	74.8673759				44.1999835	4.621063371	51.17895312	0	0	0	-1058.832096	0.9321368896	5861.54677304025	-1058.832096	0.005992416849			
1056.272096	8	5	87	0.9325663795	0.005824646013		3.058115936	22.07228606	74.86959801				44.44100607	4.518824186	51.04016975	0	0	0	-1056.272096	0.9325663795	6065.81160415532	-1056.272096	0.005824646013			
1053.712096	8	5	87	0.9329814564	0.005662042277		3.043216699	22.08336644	74.87341686				44.6767198	4.418809945	50.90447025	0	0	0	-1053.712096	0.9329814564	6275.56247907066	-1053.712096	0.005662042277			
1051.152096	8	5	87	0.9333827106	0.005504528702		3.028594145	22.0926472	74.87875866				44.90722613	4.320988294	50.77178557	0	0	0	-1051.152096	0.9333827106	6490.81000307281	-1051.152096	0.005504528702			
1048.592096	8	5	87	0.9337707091	0.005352011882		3.014230005	22.10021701	74.88555299				45.13262955	4.225324364	50.64204608	0	0	0	-1048.592096	0.9337707091	6711.56571911562	-1048.592096	0.005352011882			
1046.032096	8	5	87	0.9341459961	0.005204385261		3.000107188	22.10616004	74.89373277				45.35303673	4.131781251	50.51518202	0	0	0	-1046.032096	0.9341459961	6937.84617879844	-1046.032096	0.005204385261			
1043.472096	8	5	87	0.9345090927	0.005061532023		2.986209716	22.11055613	74.90323416				45.56855575	4.040320444	50.3911238	0	0	0	-1043.472096	0.9345090927	7169.67049593423	-1043.472096	0.005061532023			
1040.912096	8	5	87	0.9348604979	0.004923327612		2.972522657	22.11348094	74.9139964				45.77929547	3.950902196	50.26980233	0	0	0	-1040.912096	0.9348604979	7407.05670091867	-1040.912096	0.004923327612			
1038.352096	8	5	87	0.935200689	0.004789641825		2.959032066	22.11500615	74.92596179				45.98536493	3.863485851	50.15114922	0	0	0	-1038.352096	0.935200689	7650.03138937929	-1038.352096	0.004789641825			
1035.792096	8	5	87	0.9355301218	0.004660340667		2.945724922	22.11519958	74.9390755				46.18687286	3.778030134	50.03509701	0	0	0	-1035.792096	0.9355301218	7898.6227932935	-1035.792096	0.004660340667			
1033.232096	8	5	87	0.9358492318	0.004535287878		2.932589072	22.11412545	74.95328548				46.3839273	3.69449339	49.92157931	0	0	0	-1033.232096	0.9358492318	8152.86046047137	-1033.232096	0.004535287878			
1030.672096	8	5	87	0.9361584346	0.004414346225		2.919613176	22.11184448	74.96854235				46.57663525	3.612833807	49.81053094	0	0	0	-1030.672096	0.9361584346	8412.77567068031	-1030.672096	0.004414346225			
1028.112096	8	5	87	0.936458127	0.004297378577		2.906786656	22.1084141	74.98479924				46.76510236	3.533009592	49.70188805	0	0	0	-1028.112096	0.936458127	8678.4076646659	-1028.112096	0.004297378577			
1025.552096	8	5	87	0.9367486871	0.004184248791		2.894099646	22.10388864	75.00201172				46.94943268	3.454979132	49.59558819	0	0	0	-1025.552096	0.9367486871	8949.79699683455	-1025.552096	0.004184248791			
1022.992096	8	5	87	0.9370304758	0.004074822431		2.881542942	22.09831943	75.02013763				47.12972853	3.378701123	49.49157035	0	0	0	-1022.992096	0.9370304758	9226.98423232738	-1022.992096	0.004074822431			
1020.432096	8	5	87	0.9373038371	0.003968967358		2.869107968	22.09175502	75.03913701				47.30609027	3.304134688	49.38977504	0	0	0	-1020.432096	0.9373038371	9510.01734495488	-1020.432096	0.003968967358			
1017.872096	8	5	87	0.937569099	0.003866554183		2.856786725	22.0842413	75.05897198				47.47861623	3.231239465	49.29014431	0	0	0	-1017.872096	0.937569099	9798.94610694811	-1017.872096	0.003866554183			
1015.312096	8	5	87	0.9378265742	0.003767456632		2.844571758	22.07582165	75.07960659				47.64740258	3.159975685	49.19262173	0	0	0	-1015.312096	0.9378265742	10093.8225551706	-1015.312096	0.003767456632			
1012.752096	8	5	87	0.9380765609	0.003671551817		2.83245612	22.0665371	75.10100678				47.81254331	3.090304239	49.09715245	0	0	0	-1012.752096	0.9380765609	10394.7045790148	-1012.752096	0.003671551817			
1010.192096	8	5	87	0.9383193433	0.003578720433		2.820433335	22.0564264	75.12314026				47.97413012	3.022186726	49.00368316	0	0	0	-1010.192096	0.9383193433	10701.6502105641	-1010.192096	0.003578720433			
1007.632096	8	5	87	0.9385551926	0.003488846901		2.808497373	22.04552624	75.14597638				48.13225243	2.955585492	48.91216208	0	0	0	-1007.632096	0.9385551926	11014.7218911759	-1007.632096	0.003488846901			
1005.072096	8	5	87	0.9387843673	0.003401819444		2.796642612	22.03387129	75.1694861				48.28699737	2.890463667	48.82253896	0	0	0	-1005.072096	0.9387843673	11333.9888629011	-1005.072096	0.003401819444			
1002.512096	8	5	87	0.939007114	0.003317530137		2.78486382	22.02149433	75.19364185				48.43844977	2.826785181	48.73476505	0	0	0	-1002.512096	0.939007114	11659.5190060891	-1002.512096	0.003317530137			
999.9520964	8	5	87	0.939223668	0.003235874913		2.773156123	22.0084264	75.21841748				48.58669214	2.764514782	48.64879307	0	0	0	-999.9520964	0.939223668	11991.3822661344	-999.9520964	0.003235874913			
997.3920964	8	5	87	0.939434254	0.003156753538		2.761514984	21.99469683	75.24378819				48.73180477	2.703618049	48.56457718	0	0	0	-997.3920964	0.939434254	12329.6622961409	-997.3920964	0.003156753538			
994.8320964	8	5	87	0.9396390861	0.003080069569		2.74993618	21.98033339	75.26973043				48.87386566	2.644061395	48.48207295	0	0	0	-994.8320964	0.9396390861	12674.4364501877	-994.8320964	0.003080069569			
992.2720964	8	5	87	0.9398383691	0.003005730291		2.738415781	21.96536236	75.29622186				49.01295061	2.585812065	48.40123732	0	0	0	-992.2720964	0.9398383691	13025.7842997287	-992.2720964	0.003005730291			
989.7120964	8	5	87	0.9400322984	0.002933646633		2.726950135	21.94980862	75.32324125				49.14913328	2.528838139	48.32202858	0	0	0	-989.7120964	0.9400322984	13383.7979711871	-989.7120964	0.002933646633			
987.1520964	8	5	87	0.9402210607	0.002863733084		2.715535843	21.93369571	75.35076845				49.28248516	2.473108518	48.24440632	0	0	0	-987.1520964	0.9402210607	13748.5719027872	-987.1520964	0.002863733084			
984.5920964	8	5	87	0.9404048343	0.002795907591		2.704169748	21.91704592	75.37878433				49.41307569	2.418592924	48.16833139	0	0	0	-984.5920964	0.9404048343	14120.1947509611	-984.5920964	0.002795907591			
982.0320964	8	5	87	0.9405837899	0.002730091455		2.69284892	21.89988038	75.4072707				49.54097225	2.365261882	48.09376586	0	0	0	-982.0320964	0.9405837899	14498.7644190972	-982.0320964	0.002730091455			
979.4720964	8	5	87	0.9407580905	0.002666209221		2.681570636	21.88221906	75.4362103				49.66624027	2.313086709	48.02067302	0	0	0	-979.4720964	0.9407580905	14884.3883556944	-979.4720964	0.002666209221			
976.9120964	8	5	87	0.9409278921	0.002604188568		2.670332371	21.86408093	75.4655867				49.78894322	2.262039503	47.94901728	0	0	0	-976.9120964	0.9409278921	15277.172763	-976.9120964	0.002604188568			
974.3520964	8	5	87	0.9410933439	0.002543960192		2.659131787	21.84548392	75.49538429				49.9091427	2.212093125	47.87876418	0	0	0	-974.3520964	0.9410933439	15677.2268298858	-974.3520964	0.002543960192			
971.7920964	8	5	87	0.9412545888	0.002485457697		2.647966715	21.82644505	75.52558824				50.02689849	2.163221181	47.80988033	0	0	0	-971.7920964	0.9412545888	16084.6675639361	-971.7920964	0.002485457697			
969.2320964	8	5	87	0.9414117635	0.002428617477		2.636835152	21.80698042	75.55618443				50.14226859	2.115398009	47.7423334	0	0	0	-969.2320964	0.9414117635	16499.6056344302	-969.2320964	0.002428617477			
966.6720964	8	5	87	0.9415649992	0.00237337861		2.625735244	21.7871053	75.58715945				50.2553093	2.068598661	47.67609204	0	0	0	-966.6720964	0.9415649992	16922.1736046621	-966.6720964	0.00237337861			
964.1120964	8	5	87	0.9417144212	0.002319682744		2.614665282	21.76683419	75.61850053				50.36607521	2.022798882	47.6111259	0	0	0	-964.1120964	0.9417144212	17352.4976443865	-964.1120964	0.002319682744			
961.5520964	8	5	87	0.94186015	0.002267473993		2.603623689	21.7461808	75.65019551				50.47461935	1.977975095	47.54740556	0	0	0	-961.5520964	0.94186015	17790.7020930956	-961.5520964	0.002267473993			
958.9920964	8	5	87	0.9420023009	0.00221669883		2.592609014	21.72515815	75.68223284				50.58099313	1.934104382	47.48490249	0	0	0	-958.9920964	0.9420023009	18236.9372794494	-958.9920964	0.00221669883			
956.4320964	8	5	87	0.9421409845	0.002167305989		2.581619926	21.70377857	75.71460151				50.68524648	1.891164466	47.42358905	0	0	0	-956.4320964	0.9421409845	18691.3322588107	-956.4320964	0.002167305989			
953.8720964	8	5	87	0.9422763071	0.002119246365		2.570655201	21.68205375	75.74729105				50.78742786	1.849133693	47.36343844	0	0	0	-953.8720964	0.9422763071	19154.0305793377	-953.8720964	0.002119246365			
951.3120964	8	5	87	0.9424083706	0.002072472917		2.559713722	21.65999479	75.78029149				50.8875843	1.807991014	47.30442468	0	0	0	-951.3120964	0.9424083706	19625.1955474248	-951.3120964	0.002072472917			
948.7520964	8	5	87	0.9425372728	0.002026940581		2.548794469	21.63761219	75.81359334				50.98576147	1.767715967	47.24652256	0	0	0	-948.7520964	0.9425372728	20104.9739924345	-948.7520964	0.002026940581			
946.1920964	8	5	87	0.9426631078	0.001982606181		2.537896514	21.61491594	75.84718755				51.0820037	1.72828866	47.18970764	0	0	0	-946.1920964	0.9426631078	20593.5331892618	-946.1920964	0.001982606181			
943.6320964	8	5	87	0.9427859658	0.001939428343		2.527019016	21.59191547	75.88106552				51.17635405	1.689689754	47.13395619	0	0	0	-943.6320964	0.9427859658	21091.0308774869	-943.6320964	0.001939428343			
941.0720964	8	5	87	0.9429059338	0.001897367415		2.516161214	21.56861975	75.91521904				51.26885434	1.651900448	47.07924522	0	0	0	-941.0720964	0.9429059338	21597.6463904645	-941.0720964	0.001897367415			
938.5120964	8	5	87	0.9430230951	0.001856385389		2.505322426	21.54503727	75.94964031				51.35954517	1.614902459	47.02555237	0	0	0	-938.5120964	0.9430230951	22113.5522684753	-938.5120964	0.001856385389			
935.9520964	8	5	87	0.9431375302	0.001816445975		2.494502046	21.52117604	75.98432191				51.44846602	1.578678006	46.97285598	0	0	0	-935.9520964	0.9431375302	22638.9333150201	-935.9520964	0.001816445975			
933.3920964	8	5	87	0.9432493162	0.001777513934		2.483699525	21.49704374	76.01925674				51.53565522	1.543209799	46.92113498	0	0	0	-933.3920964	0.9432493162	23173.9938678758	-933.3920964	0.001777513934			
930.8320964	8	5	87	0.9433585275	0.001739555913		2.472914384	21.47264758	76.05443804				51.62115004	1.508481021	46.87036894	0	0	0	-930.8320964	0.9433585275	23718.8924130808	-930.8320964	0.001739555913			
928.2720964	8	5	87	0.9434652359	0.001702539774		2.462146204	21.4479944	76.0898594				51.7049867	1.474475312	46.82053799	0	0	0	-928.2720964	0.9434652359	24273.8534552694	-928.2720964	0.001702539774			
925.7120964	8	5	87	0.9435695102	0.001666434679		2.451394623	21.42309069	76.12551469				51.78720041	1.441176754	46.77162283	0	0	0	-925.7120964	0.9435695102	24839.0998398647	-925.7120964	0.001666434679			
923.1520964	8	5	87	0.9436714169	0.00163121104		2.440659333	21.39794259	76.16139808				51.86782541	1.408569861	46.72360473	0	0	0	-923.1520964	0.9436714169	25414.808903127	-923.1520964	0.00163121104			
920.5920964	8	5	87	0.9437710202	0.001596840456		2.429940076	21.37255589	76.19750403				51.94689499	1.376639561	46.67646545	0	0	0	-920.5920964	0.9437710202	26001.2281379522	-920.5920964	0.001596840456			
918.0320964	8	5	87	0.9438683817	0.001563295662		2.419236643	21.3469361	76.23382726				52.02444153	1.345371186	46.63018728	0	0	0	-918.0320964	0.9438683817	26598.5845275334	-918.0320964	0.001563295662			
915.4720964	8	5	87	0.9439635611	0.001530550584		2.408548875	21.32108838	76.27036275				52.10049654	1.314750457	46.584753	0	0	0	-915.4720964	0.9439635611	27207.0893905076	-915.4720964	0.001530550584			
912.9120964	8	5	87	0.9440566159	0.001498579864		2.397876644	21.29501766	76.30710569				52.17509068	1.284763472	46.54014585	0	0	0	-912.9120964	0.9440566159	27827.0129472534	-912.9120964	0.001498579864			
910.3520964	8	5	87	0.9441476015	0.001467359456		2.387219868	21.26872858	76.34405155				52.24825377	1.255396697	46.49634953	0	0	0	-910.3520964	0.9441476015	28458.6019594821	-910.3520964	0.001467359456			
907.7920964	8	5	87	0.9442365715	0.001436866151		2.376578504	21.24222552	76.38119598				52.32001488	1.226636949	46.45334817	0	0	0	-907.7920964	0.9442365715	29102.108266626	-907.7920964	0.001436866151			
905.2320964	8	5	87	0.9443235776	0.001407077644		2.365952542	21.21551259	76.41853486				52.39040227	1.198471389	46.41112634	0	0	0	-905.2320964	0.9443235776	29757.7988775872	-905.2320964	0.001407077644			
902.6720964	8	5	87	0.9444086698	0.001377972492		2.35534201	21.1885937	76.45606429				52.45944348	1.17088751	46.36966901	0	0	0	-902.6720964	0.9444086698	30425.9424904667	-902.6720964	0.001377972492			
900.1120964	8	5	87	0.9444918964	0.001349530078		2.344746964	21.16147249	76.49378055				52.52716533	1.143873125	46.32896154	0	0	0	-900.1120964	0.9444918964	31124.2805413182	-900.1120964	0.001349530078			
897.5520964	8	5	87	0.9445732158	0.001320298452		2.334091777	21.13439375	76.53151448				52.59352205	1.117444727	46.28903322	0	0	0	-897.5520964	0.9445732158	31817.1583776087	-897.5520964	0.001320298452			
894.9920964	8	5	87	0.9446528511	0.001294574677		2.323528126	21.10687774	76.56959413				52.65868382	1.091533348	46.24978283	0	0	0	-894.9920964	0.9446528511	32507.5488154991	-894.9920964	0.001294574677			
892.4320964	8	5	87	0.9447307557	0.001267997086		2.31297988	21.07917099	76.60784913				52.72260239	1.066156861	46.21124075	0	0	0	-892.4320964	0.9447307557	33228.5341116816	-892.4320964	0.001267997086			
889.8720964	8	5	87	0.9448069725	0.00124201683		2.30244785	21.05127342	76.64627873				52.78530228	1.041304098	46.17339363	0	0	0	-889.8720964	0.9448069725	33963.4220168905	-889.8720964	0.00124201683			
887.3120964	8	5	87	0.9448815421	0.001216601497		2.291931819	21.02318943	76.68487875				52.84680677	1.016964449	46.13622878	0	0	0	-887.3120964	0.9448815421	34712.6963645746	-887.3120964	0.001216601497			
884.7520964	8	5	87	0.944954504	0.001191740281		2.281431968	20.99492161	76.72364643				52.90713884	0.9931274589	46.0997337	0	0	0	-884.7520964	0.944954504	35476.6497076531	-884.7520964	0.001191740281			
882.1920964	8	5	87	0.9450258965	0.001167417464		2.270948506	20.96647237	76.76257912				52.9663209	0.9697829267	46.06389617	0	0	0	-882.1920964	0.9450258965	36255.5999046687	-882.1920964	0.001167417464			
879.6320964	8	5	87	0.9450957568	0.001143617885		2.260481659	20.937844	76.80167434				53.02437482	0.9469209009	46.02870428	0	0	0	-879.6320964	0.9450957568	37049.9261377574	-879.6320964	0.001143617885			
877.0720964	8	5	87	0.9451641208	0.001120326941		2.250031674	20.9090386	76.84092972				53.08132192	0.9245316699	45.99414641	0	0	0	-877.0720964	0.9451641208	37860.0433228913	-877.0720964	0.001120326941			
874.5120964	8	5	87	0.9452310233	0.001097530556		2.239598816	20.88005813	76.88034305				53.13718302	0.9026057552	45.96021122	0	0	0	-874.5120964	0.9452310233	38686.3248816608	-874.5120964	0.001097530556			
871.9520964	8	5	87	0.9452964981	0.001075215164		2.229183369	20.85090442	76.91991221				53.19197847	0.8811339041	45.92688763	0	0	0	-871.9520964	0.9452964981	39529.1185269512	-871.9520964	0.001075215164			
869.3920964	8	5	87	0.9453605781	0.001053367682		2.21878563	20.82157915	76.95963522				53.24572809	0.8601070829	45.89416483	0	0	0	-869.3920964	0.9453605781	40388.8703481448	-869.3920964	0.001053367682			
866.8320964	8	5	87	0.945423295	0.001031975493		2.208405914	20.79208386	76.99951022				53.29845127	0.8395164702	45.86203226	0	0	0	-866.8320964	0.945423295	41266.0630262464	-866.8320964	0.001031975493			
864.2720964	8	5	87	0.9454846796	0.001011026425		2.198044553	20.76241999	77.03953546				53.35016693	0.8193534502	45.83047961	0	0	0	-864.2720964	0.9454846796	42161.0563611001	-864.2720964	0.001011026425			
861.7120964	8	5	87	0.945544762	0.0009905087358		2.187701889	20.73258884	77.07970927				53.40089358	0.799609607	45.79949681	0	0	0	-861.7120964	0.945544762	43074.3547951218	-861.7120964	0.0009905087358			
859.1520964	8	5	87	0.9456035711	0.0009704110925		2.17737828	20.70259159	77.12003013				53.45064928	0.7802767181	45.769074	0	0	0	-859.1520964	0.9456035711	44006.456365472	-859.1520964	0.0009704110925			
856.5920964	8	5	87	0.9456611352	0.0009507225556		2.167074096	20.67242931	77.1604966				53.4994517	0.7613467489	45.73920155	0	0	0	-856.5920964	0.9456611352	44957.801297506	-856.5920964	0.0009507225556			
854.0320964	8	5	87	0.9457174817	0.0009314325634		2.156789719	20.64210296	77.20110732				53.54731809	0.742811847	45.70987007	0	0	0	-854.0320964	0.9457174817	45928.8950178955	-854.0320964	0.0009314325634			
851.4720964	8	5	87	0.9457726373	0.0009125310239		2.146525553	20.61161336	77.24186109				53.59426531	0.7246643358	45.68107035	0	0	0	-851.4720964	0.9457726373	46920.2479496431	-851.4720964	0.0009125310239			
848.9120964	8	5	87	0.9458266279	0.0008940078666		2.136281993	20.5809613	77.28275671				53.6403099	0.7068967123	45.65279339	0	0	0	-848.9120964	0.9458266279	47932.4544696077	-848.9120964	0.0008940078666			
846.3520964	8	5	87	0.9458794786	0.0008758536859		2.126059453	20.55014743	77.32379311				53.68546799	0.6895016387	45.62503038	0	0	0	-846.3520964	0.9458794786	48966.0157662589	-846.3520964	0.0008758536859			
843.7920964	8	5	87	0.945931214	0.0008580592853		2.115858359	20.51917232	77.36496932				53.72975537	0.6724719392	45.59777269	0	0	0	-843.7920964	0.945931214	50021.5813923134	-843.7920964	0.0008580592853			
841.2320964	8	5	87	0.9459818577	0.0008406157762		2.105679145	20.48803643	77.40628442				53.77318751	0.6558005948	45.57101189	0	0	0	-841.2320964	0.9459818577	51099.6774388028	-841.2320964	0.0008406157762			
838.6720964	8	5	87	0.9460314331	0.000823514566		2.095522255	20.45674013	77.44773761				53.81577953	0.6394807387	45.54473974	0	0	0	-838.6720964	0.9460314331	52200.8991121954	-838.6720964	0.000823514566			
836.1120964	8	5	87	0.9460799626	0.0008067473464		2.085388141	20.42528372	77.48932814				53.85754622	0.6235056523	45.51894813	0	0	0	-836.1120964	0.9460799626	53326.0203858077	-836.1120964	0.0008067473464			
833.5520964	8	5	87	0.9461274681	0.0007903060829		2.075277262	20.39366738	77.53105536				53.89850208	0.6078687608	45.49362916	0	0	0	-833.5520964	0.9461274681	54475.5486895504	-833.5520964	0.0007903060829			
830.9920964	8	5	87	0.9461739711	0.0007741830034		2.065190089	20.36189126	77.57291866				53.9386613	0.5925636287	45.46877508	0	0	0	-830.9920964	0.9461739711	55650.1431926568	-830.9920964	0.0007741830034			
828.4320964	8	5	87	0.9462194924	0.0007583706159		2.055127138	20.32995465	77.61491821				53.97803778	0.5775839566	45.44437827	0	0	0	-828.4320964	0.9462194924	56850.6899675756	-828.4320964	0.0007583706159			
825.8720964	8	5	87	0.9462640521	0.0007428615899		2.045088808	20.29785898	77.65705222				54.01664513	0.5629235764	45.42043129	0	0	0	-825.8720964	0.9462640521	58077.813759508	-825.8720964	0.0007428615899			
823.3120964	8	5	87	0.9463076701	0.0007276489103		2.035075632	20.2656034	77.69932097				54.05449669	0.5485764485	45.39692686	0	0	0	-823.3120964	0.9463076701	59332.1998955003	-823.3120964	0.0007276489103			
820.7520964	8	5	87	0.9463503656	0.0007127257596		2.025088107	20.23318774	77.74172416				54.09160554	0.5345366578	45.3738578	0	0	0	-820.7520964	0.9463503656	60614.692351207	-820.7520964	0.0007127257596			
818.1920964	8	5	87	0.9463921574	0.000698085537		2.015126734	20.20061173	77.78426154				54.12798448	0.5207984101	45.35121711	0	0	0	-818.1920964	0.9463921574	61926.1407829633	-818.1920964	0.000698085537			
815.6320964	8	5	87	0.9464330637	0.0006837218498		2.005192025	20.16787505	77.82693292				54.16364607	0.5073560291	45.3289979	0	0	0	-815.6320964	0.9464330637	63267.36112085	-815.6320964	0.0006837218498			
813.0720964	8	5	87	0.9464731024	0.0006696285061		1.995284494	20.13497731	77.8697382				54.19860263	0.4942039528	45.30719342	0	0	0	-813.0720964	0.9464731024	64639.2412792728	-813.0720964	0.0006696285061			
810.5120964	8	5	87	0.9465122908	0.0006557995068		1.985404663	20.10191803	77.9126773				54.23286622	0.4813367308	45.28579705	0	0	0	-810.5120964	0.9465122908	66042.6183332838	-810.5120964	0.0006557995068			
807.9520964	8	5	87	0.946550646	0.0006422290391		1.97555306	20.0686967	77.95575024				54.26644869	0.4687490209	45.26480229	0	0	0	-807.9520964	0.946550646	67478.3137712068	-807.9520964	0.0006422290391			
805.3920964	8	5	87	0.9465881846	0.000628911469		1.965730216	20.03531272	77.99895707				54.29936166	0.4564355862	45.24420275	0	0	0	-805.3920964	0.9465881846	68947.5529284205	-805.3920964	0.000628911469			
802.8320964	8	5	87	0.9466249226	0.0006158413354		1.955936669	20.00176543	78.0422979				54.33161652	0.4443912927	45.22399218	0	0	0	-802.8320964	0.9466249226	70451.2564660428	-802.8320964	0.0006158413354			
800.2720964	8	5	87	0.9466608759	0.0006030133433		1.946172964	19.96805412	78.08577292				54.36322447	0.4326111058	45.20416443	0	0	0	-800.2720964	0.9466608759	71990.4355691087	-800.2720964	0.0006030133433			
797.7120964	8	5	87	0.9466960598	0.0005904223578		1.936439649	19.934178	78.12938235				54.39419647	0.4210900886	45.18471344	0	0	0	-797.7120964	0.9466960598	73566.0044574888	-797.7120964	0.0005904223578			
795.1520964	8	5	87	0.9467304896	0.0005780633987		1.926737278	19.90013624	78.17312648				54.42454331	0.4098233983	45.16563329	0	0	0	-795.1520964	0.9467304896	75179.2020807095	-795.1520964	0.0005780633987			
792.5920964	8	5	87	0.9467641798	0.0005659316344		1.91706641	19.86592795	78.21700564				54.45427556	0.3988062847	45.14691816	0	0	0	-792.5920964	0.9467641798	76831.2786935477	-792.5920964	0.0005659316344			
790.0320964	8	5	87	0.9467971449	0.0005540223771		1.907427608	19.83155216	78.26102024				54.48340361	0.3880340872	45.1285623	0	0	0	-790.0320964	0.9467971449	78523.2774483936	-790.0320964	0.0005540223771			
787.4720964	8	5	87	0.9468293989	0.0005423310771		1.897821442	19.79700786	78.3051707				54.51193768	0.3775022326	45.11056009	0	0	0	-787.4720964	0.9468293989	80256.6233791343	-787.4720964	0.0005423310771			
784.9120964	8	5	87	0.9468609555	0.0005308533184		1.888248487	19.76229398	78.34945753				54.53988778	0.3672062328	45.09290599	0	0	0	-784.9120964	0.9468609555	82032.4595018089	-784.9120964	0.0005308533184			
782.3520964	8	5	87	0.9468918282	0.0005195848136		1.87870932	19.72740941	78.39388127				54.56726376	0.3571416829	45.07559456	0	0	0	-782.3520964	0.9468918282	83851.9887105706	-782.3520964	0.0005195848136			
779.7920964	8	5	87	0.9469220302	0.0005085213997		1.869204528	19.69235294	78.43844253				54.5940753	0.347304259	45.05862044	0	0	0	-779.7920964	0.9469220302	85716.9046689941	-779.7920964	0.0005085213997			
777.2320964	8	5	87	0.9469515742	0.0004976590332		1.859734698	19.65712336	78.48314194				54.6203319	0.3376897158	45.04197838	0	0	0	-777.2320964	0.9469515742	87628.5417690536	-777.2320964	0.0004976590332			
774.6720964	8	5	87	0.9469804729	0.0004869937864		1.850300427	19.62171937	78.52798021				54.64604292	0.3282938852	45.02566319	0	0	0	-774.6720964	0.9469804729	89588.2011841323	-774.6720964	0.0004869937864			
772.1120964	8	5	87	0.9470087386	0.0004765218427		1.840902313	19.58613961	78.57295808				54.67121755	0.3191126739	45.00966977	0	0	0	-772.1120964	0.9470087386	91597.6889994236	-772.1120964	0.0004765218427			
769.5520964	8	5	87	0.9470363833	0.0004662394945		1.831540962	19.55038269	78.61807634				54.69586482	0.3101420619	44.99399312	0	0	0	-769.5520964	0.9470363833	93658.6040062111	-769.5520964	0.0004662394945			
766.9920964	8	5	87	0.9470634188	0.0004561431368		1.822216984	19.51444716	78.66333585				54.71999362	0.3013781006	44.97862828	0	0	0	-766.9920964	0.9470634188	95772.4604401532	-766.9920964	0.0004561431368			
764.4320964	8	5	87	0.9470898567	0.0004462292653		1.812930996	19.47833151	78.70873749				54.74361268	0.2928169111	44.96357041	0	0	0	-764.4320964	0.9470898567	97941.0312539831	-764.4320964	0.0004462292653			
761.8720964	8	5	87	0.9471157083	0.0004364944726		1.803683621	19.44203417	78.75428221				54.7667306	0.2844546822	44.94881471	0	0	0	-761.8720964	0.9471157083	100166.175268458	-761.8720964	0.0004364944726			
759.3120964	8	5	87	0.9471409847	0.0004269354449		1.794475485	19.40555352	78.799971				54.78935585	0.2762876696	44.93435648	0	0	0	-759.3120964	0.9471409847	102449.879212903	-759.3120964	0.0004269354449			
756.7520964	8	5	87	0.9471656967	0.0004175489584		1.785307223	19.3688879	78.84580488				54.81149674	0.2683121933	44.92019107	0	0	0	-756.7520964	0.9471656967	104816.57048357	-756.7520964	0.0004175489584			
756.1120964	8	5	87	0.9471717851	0.0001029232671		1.783023157	19.35968568	78.85729117				54.81695482	0.2663477606	44.91669742	0	0	0	-756.1120964	0.9471717851	105442.200504137	-756.1120964	0.0001029232671			
755.7920964	8	5	87	0.9471748153	5.122469322E-05		1.781882546	19.35507806	78.86303939				54.81967165	0.2653699276	44.91495842	0	0	0	-755.7920964	0.9471748153	105705.076992488	-755.7920964	5.122469322E-05			
755.7820964	8	5	87	0.9471749099	1.599816077E-06		1.781846884	19.35493412	78.863219				54.81975649	0.2653394173	44.91490409	0	0	0	-755.7820964	0.9471749099	102809.817506798	-755.7820964	1.599816077E-06			
755.7620964	8	5	87	0.9471780581	2.060334006E-06	5.454910713E-05	1.781228117	19.35687865	78.86189324	37.06223663	0.3552963406	62.58246703	54.82083468	0.2652954292	44.91386989	0	0	0	-755.7620964	0.9471780581	11474.398059131	-755.7620964	2.060334006E-06	5.454910713E-05	-0.0599487526276639	
755.7420964	8	5	87	0.9471795045	2.707173557E-06	2.318097306E-05	1.780924422	19.35753853	78.86153705	37.06409419	0.3551831371	62.58072268	54.8213899	0.2652416577	44.91336844	0	0	0	-755.7420964	0.9471795045	13804.8357578863	-755.7420964	2.707173557E-06	2.318097306E-05	0.520688313106237	
755.7020964	8	5	87	0.9471824116	5.43565575E-06	4.660383124E-05	1.780314396	19.35886965	78.86081595	37.06782687	0.3549564161	62.57721671	54.8225052	0.2651342154	44.91236058	0	0	0	-755.7020964	0.9471824116	13757.9186210088	-755.7020964	5.43565575E-06	4.660383124E-05	0.116447430800472	
755.6220964	8	5	87	0.9471882277	1.0864547E-05	9.325717682E-05	1.779094773	19.36153194	78.85937328	37.07529431	0.3545032548	62.57020243	54.82473589	0.2649194317	44.91034468	0	0	0	-755.6220964	0.9471882277	13751.654023577	-755.6220964	1.0864547E-05	9.325717682E-05	0.116234625797382	
755.4620964	8	5	87	0.9471998682	2.170313913E-05	0.0001867172921	1.776657231	19.36685685	78.85648592	37.09023202	0.3535983326	62.55616964	54.8291977	0.2644902636	44.90631204	0	0	0	-755.4620964	0.9471998682	13736.9906078536	-755.4620964	2.170313913E-05	0.0001867172921	0.115256831653521	
755.1420964	8	5	87	0.9472231906	4.308811682E-05	0.0003745970381	1.771788919	19.37750809	78.85070299	37.12013811	0.3517930394	62.52806885	54.83812136	0.263633617	44.89824502	0	0	0	-755.1420964	0.9472231906	13709.1156713795	-755.1420964	4.308811682E-05	0.0003745970381	0.113583390083742	
754.5020964	8	5	87	0.9472699542	8.579733044E-05	0.0007522123851	1.762079353	19.39881631	78.83910434	37.18006025	0.3482013592	62.47173839	54.85597275	0.261926761	44.88210048	0	0	0	-754.5020964	0.9472699542	13662.6875194044	-754.5020964	8.579733044E-05	0.0007522123851	0.112162633232471	
753.2220964	8	5	87	0.9473639605	0.0001700775955	0.00151658797	1.742767559	19.44145887	78.81577357	37.3003514	0.3410931967	62.35855541	54.89169106	0.2585389092	44.84977003	0	0	0	-753.2220964	0.9473639605	13568.9497768594	-753.2220964	0.0001700775955	0.00151658797	0.108447796884231	
750.6620964	8	5	87	0.9475539612	0.000334159307	0.003083255864	1.704569118	19.52686173	78.76856915	37.54277959	0.3271742292	62.13004618	54.96319956	0.2518658091	44.78493463	0	0	0	-750.6620964	0.9475539612	13402.0858245478	-750.6620964	0.000334159307	0.003083255864	-0.120880139165442	
748.1020964	8	5	87	0.9477460126	0.0003264905151	0.003142513793	1.666929047	19.61244993	78.72062103	37.78777314	0.3136455816	61.89858128	55.03482279	0.2453278938	44.71984932	0	0	0	-748.1020964	0.9477460126	13255.3016876412	-748.1020964	0.0003264905151	0.003142513793	-0.125273292336095	
745.5420964	8	5	87	0.9479402464	0.000318982242	0.003204598845	1.629835325	19.69826714	78.67189754	38.03547679	0.300499762	61.66402345	55.10658702	0.2389233363	44.65448965	0	0	0	-745.5420964	0.9479402464	13102.8237588758	-745.5420964	0.000318982242	0.003204598845	-0.117102805530333	
742.9820964	8	5	87	0.9481367955	0.000311633995	0.003269574747	1.593278158	19.78435066	78.62237119	38.28603245	0.2877295885	61.42623796	55.17851729	0.2326502307	44.58883248	0	0	0	-742.9820964	0.9481367955	12944.6934806738	-742.9820964	0.000311633995	0.003269574747	-0.10939427050659	
740.4220964	8	5	87	0.9483358059	0.0003044412917	0.003337742318	1.557247251	19.87074246	78.57201028	38.53959319	0.2753279881	61.18507882	55.25064101	0.2265067161	44.52285227	0	0	0	-740.4220964	0.9483358059	12780.676215952	-740.4220964	0.0003044412917	0.003337742318	-0.101987887254729	
737.8620964	8	5	87	0.9485374345	0.0002974015463	0.003409370574	1.521732465	19.95748674	78.5207808	38.79632074	0.2632880341	60.94039122	55.3229872	0.2204909462	44.45652186	0	0	0	-737.8620964	0.9485374345	12610.6498214583	-737.8620964	0.0002974015463	0.003409370574	-0.0949214806222042	
735.3020964	8	5	87	0.9487418502	0.0002905123362	0.003484757264	1.486723805	20.04463005	78.46864614	39.05638634	0.2516029386	60.69201073	55.39558663	0.2146010896	44.38981228	0	0	0	-735.3020964	0.9487418502	12434.4741901355	-735.3020964	0.0002905123362	0.003484757264	-0.0881880514973005	
732.7420964	8	5	87	0.9489492358	0.0002837713902	0.003564232929	1.452211395	20.13222164	78.41556696	39.31997154	0.2402660457	60.43976241	55.46847203	0.2088353296	44.32269264	0	0	0	-732.7420964	0.9489492358	12252.0191696683	-732.7420964	0.0002837713902	0.003564232929	-0.0817802654869343	
730.1820964	8	5	87	0.9491597885	0.0002771765964	0.003648165573	1.418185463	20.22031369	78.36150085	39.58726932	0.2292708249	60.18345986	55.54167825	0.2031918645	44.25512989	0	0	0	-730.1820964	0.9491597885	12062.9122623295	-730.1820964	0.0002771765964	0.003648165573	-0.0760925622182118	
727.6220964	8	5	87	0.9493737314	0.00027063527	0.003737209676	1.384636316	20.30896163	78.30640205	39.85848507	0.2186108647	59.92290406	55.61524251	0.1976689075	44.18708858	0	0	0	-727.6220964	0.9493737314	11867.247502073	-727.6220964	0.00027063527	0.003737209676	-0.0703245277591347	
725.0620964	8	5	87	0.9495912886	0.0002643277391	0.003831340405	1.351554321	20.39822454	78.25022114	40.13383796	0.2082798659	59.65788217	55.68920462	0.192264687	44.11853069	0	0	0	-725.0620964	0.9495912886	11665.2951322399	-725.0620964	0.0002643277391	0.003831340405	-0.0640278497229971	
722.5020964	8	5	87	0.9498127081	0.0002582528014	0.003931145803	1.318929268	20.48816853	78.1929022	40.41356631	0.1982715969	59.38816209	55.76360835	0.1869774751	44.04941418	0	0	0	-722.5020964	0.9498127081	11456.6077911124	-722.5020964	0.0002582528014	0.003931145803	-0.0588367922545798	
719.9420964	8	5	87	0.950038269	0.0002522265655	0.00403747943	1.286752791	20.57885516	78.13439205	40.6979133	0.1885800445	59.11350665	55.83849753	0.1818054733	43.979697	0	0	0	-719.9420964	0.950038269	11240.7874332732	-719.9420964	0.0002522265655	0.00403747943	-0.054359376329773	
717.3820964	8	5	87	0.9502682791	0.0002463372037	0.004150976506	1.255014662	20.67036004	78.0746253	40.98715253	0.1791991716	58.83364829	55.91392271	0.1767469848	43.90933031	0	0	0	-717.3820964	0.9502682791	11017.7478283207	-717.3820964	0.0002463372037	0.004150976506	-0.0497217022145409	
714.8220964	8	5	87	0.9505030722	0.0002405852878	0.004272315731	1.223705221	20.76276139	78.01353339	41.28157441	0.1701230696	58.54830252	55.98993741	0.1718002996	43.83826229	0	0	0	-714.8220964	0.9505030722	10787.4495677297	-714.8220964	0.0002405852878	0.004272315731	-0.0453649068084473	
712.2620964	8	5	87	0.9507430165	0.0002349701982	0.004402354724	1.192814715	20.85614379	77.95104149	41.58149246	0.1613459126	58.25716163	56.06659968	0.1669637235	43.7664366	0	0	0	-712.2620964	0.9507430165	10549.7442023683	-712.2620964	0.0002349701982	0.004402354724	-0.0412664969043274	
709.7020964	8	5	87	0.9509885193	0.0002294916316	0.004542076792	1.162333267	20.95059895	77.88706778	41.88724614	0.1528619519	57.95989191	56.14397263	0.1622355787	43.69379179	0	0	0	-709.7020964	0.9509885193	10304.4827732524	-709.7020964	0.0002294916316	0.004542076792	-0.037417604281271	
707.1420964	8	5	87	0.951240033	0.0002241496483	0.004692614716	1.132250825	21.04622667	77.82152251	42.19920406	0.1446655097	57.65613043	56.22212515	0.1576142036	43.62026065	0	0	0	-707.1420964	0.951240033	10051.5211912215	-707.1420964	0.0002241496483	0.004692614716	-0.0338093604712216	
704.5820964	8	5	87	0.9514980615	0.0002189447314	0.004855280119	1.102557115	21.14313594	77.75430695	42.51776777	0.1367509735	57.34548125	56.30113266	0.1530979532	43.54576939	0	0	0	-704.5820964	0.9514980615	9790.71484433256	-704.5820964	0.0002189447314	0.004855280119	-0.0304329244214055	
702.0220964	8	5	87	0.951763169	0.0002138778606	0.005031599991	1.073241574	21.24144626	77.68531217	42.84337619	0.1291127895	57.02751102	56.38107806	0.1486851999	43.47023674	0	0	0	-702.0220964	0.951763169	9521.9134534771	-702.0220964	0.0002138778606	0.005031599991	-0.0272795073420927	
699.4620964	8	5	87	0.9520359897	0.0002089506056	0.005223362501	1.044293286	21.34128918	77.61441753	43.17651083	0.1217454559	56.70174371	56.46205281	0.1443743333	43.39357285	0	0	0	-699.4620964	0.9520359897	9244.97331069608	-699.4620964	0.0002089506056	0.005223362501	-0.0243403904455264	
696.9020964	8	5	87	0.9523172399	0.0002041652461	0.005432674946	1.015700891	21.44281012	77.54148899	43.51770206	0.1146435161	56.36765442	56.54415827	0.1401637614	43.31567797	0	0	0	-696.9020964	0.9523172399	8959.74972209001	-696.9020964	0.0002041652461	0.005432674946	-0.0216069723433085	
694.3420964	8	5	87	0.952607733	0.0001995249211	0.005662037232	0.9874524907	21.54617063	77.46637688	43.86753528	0.1078015628	56.02466315	56.62750726	0.1360519109	43.23644083	0	0	0	-694.3420964	0.952607733	8666.09980631318	-694.3420964	0.0001995249211	0.005662037232	-0.0190706774903975	
691.7820964	8	5	87	0.9529083977	0.0001950338437	0.005914439466	0.9595355251	21.651551	77.38891348	44.22666492	0.1012141821	55.6721209	56.71222599	0.132037228	43.15573679	0	0	0	-691.7820964	0.9529083977	8363.88316396699	-691.7820964	0.0001950338437	0.005914439466	-0.0167230829376148	
689.2220964	8	5	87	0.9532203011	0.0001906975392	0.00619348339	0.931936626	21.75915361	77.30890976	44.59581781	0.09487601657	55.30930617	56.79845641	0.1281181793	43.07342542	0	0	0	-689.2220964	0.9532203011	8052.96233400964	-689.2220964	0.0001906975392	0.00619348339	-0.0145559888253848	
686.6620964	8	5	87	0.9535446774	0.0001865232076	0.006503549026	0.904641436	21.86920693	77.22615163	44.97581176	0.08878170471	54.93540654	56.88635909	0.1242932535	42.98934765	0	0	0	-686.6620964	0.9535446774	7733.20246929338	-686.6620964	0.0001865232076	0.006503549026	-0.0125612280326375	
684.1020964	8	5	87	0.9538829651	0.0001825201851	0.006850014387	0.8776343835	21.98197053	77.14039508	45.3675709	0.08292588129	54.54950322	56.97611687	0.1205609623	42.90332216	0	0	0	-684.1020964	0.9538829651	7404.47370654794	-684.1020964	0.0001825201851	0.006850014387	-0.0107308192820585	
681.5420964	8	5	87	0.9542368542	0.0001787005794	0.007239554654	0.8508983986	22.09774145	77.05136015	45.77214668	0.07730316167	54.15055016	57.06793937	0.1169198424	42.81514079	0	0	0	-681.5420964	0.9542368542	7066.65478118084	-681.5420964	0.0001787005794	0.007239554654	-0.00905693907142048	
678.9820964	8	5	87	0.9546083487	0.0001750801494	0.007680555264	0.8244145504	22.21686222	76.95872323	46.19074443	0.07190812293	53.73734744	57.16206881	0.1133684584	42.72456274	0	0	0	-678.9820964	0.9546083487	6719.62791644629	-678.9820964	0.0001750801494	0.007680555264	-0.00753192754206402	
676.4220964	8	5	87	0.9549998496	0.0001716795469	0.008183692774	0.7981615766	22.33973133	76.86210709	46.62475771	0.06673527987	53.30850701	57.25878754	0.1099054052	42.63130705	0	0	0	-676.4220964	0.9549998496	6363.28111687701	-676.4220964	0.0001716795469	0.008183692774	-0.00614829363533389	
673.8620964	8	5	87	0.9554142673	0.0001685261024	0.00876276848	0.7721152645	22.46681694	76.76106779	47.07581312	0.06177905404	52.86240783	57.35842795	0.1065293126	42.53504273	0	0	0	-673.8620964	0.9554142673	5997.51352191985	-673.8620964	0.0001685261024	0.00876276848	-0.00489871823710351	
671.3020964	8	5	87	0.9558551761	0.0001656564578	0.009435932724	0.7462476192	22.59867514	76.65507724	47.54583014	0.05703373255	52.39713612	57.46138567	0.1032388504	42.43537548	0	0	0	-671.3020964	0.9558551761	5622.23426227296	-671.3020964	0.0001656564578	0.009435932724	-0.00377605529575466	
668.7420964	8	5	87	0.9563270336	0.0001631205457	0.01022753084	0.7205257267	22.73597497	76.54349931	48.03710239	0.05249341185	51.9104042	57.56813761	0.1000327359	42.33182965	0	0	0	-668.7420964	0.9563270336	5237.36038069422	-668.7420964	0.0001631205457	0.01022753084	-0.00277333339157593	
666.1820964	8	5	87	0.9568354979	0.0001609877921	0.01117097182	0.6949101588	22.8795332	76.42555664	48.55241061	0.04815191878	51.39943747	57.67926724	0.09690974389	42.22382302	0	0	0	-666.1820964	0.9568354979	4842.82293615043	-666.1820964	0.0001609877921	0.01117097182	-0.00188375442208488	
663.6220964	8	5	87	0.9573879018	0.0001593571291	0.01231334585	0.669352677	23.0303643	76.30028303	49.09518416	0.04400269613	50.86081314	57.7955007	0.09386872157	42.11063058	0	0	0	-663.6220964	0.9573879018	4438.56390413722	-663.6220964	0.0001593571291	0.01231334585	-0.00110069144488973	
661.0620964	8	5	87	0.9579939887	0.0001583738424	0.0137231711	0.6437928193	23.18975425	76.16645293	49.66973917	0.04003863074	50.2902222	57.91776043	0.09090860956	41.99133096	0	0	0	-661.0620964	0.9579939887	4024.53883553862	-661.0620964	0.0001583738424	0.0137231711	-0.000417681407537178	
658.5020964	8	5	87	0.958667102	0.000158259375	0.01550405448	0.6181526281	23.35937405	76.02247333	50.28164489	0.03625177289	49.68210334	58.04724751	0.08802847474	41.86472401	0	0	0	-658.5020964	0.958667102	3600.71890677678	-658.5020964	0.000158259375	0.01550405448	0.000171569029235281	
655.9420964	8	5	87	0.9594262186	0.0001593672331	0.01782026076	0.5923281238	23.5414622	75.86620968	50.93830267	0.03263294069	49.02906439	58.18557443	0.08522756236	41.72919801	0	0	0	-655.9420964	0.9594262186	3167.09065999286	-655.9420964	0.0001593672331	0.01782026076	0.000673197413246079	
653.3820964	8	5	87	0.9602996619	0.0001622964381	0.02094839901	0.566174689	23.73913605	75.69468926	51.64994711	0.02917089426	48.32088199	58.33499147	0.08250538417	41.58250314	0	0	0	-653.3820964	0.9602996619	2723.66869955196	-653.3820964	0.0001622964381	0.02094839901	0.00109322177698203	
650.8220964	8	5	87	0.9613325099	0.0001681450109	0.02539256291	0.5394800726	23.95696345	75.50355648	52.43147115	0.02585088097	47.54267797	58.49880315	0.07986187896	41.42133497	0	0	0	-650.8220964	0.9613325099	2270.53663971492	-650.8220964	0.0001681450109	0.02539256291	0.00143752575171753	
648.2620964	8	5	87	0.9626032521	0.000179156287	0.03217696915	0.5119092583	24.20212378	75.28596696	53.30610724	0.02265166896	46.6712411	58.68221455	0.07729773509	41.24048772	0	0	0	-648.2620964	0.9626032521	1808.01061047366	-648.2620964	0.000179156287	0.03217696915	0.00171306191770503	
645.7020964	8	5	87	0.9642684807	0.0002007537069	0.04374736296	0.4828746384	24.48712733	75.02999803	54.31403471	0.01953829547	45.666427	58.89431593	0.07481513443	41.03086894	0	0	0	-645.7020964	0.9642684807	1337.55393710718	-645.7020964	0.0002007537069	0.04374736296	0.0019249606682032	
643.1420964	8	5	87	0.9667226116	0.0002498382775	0.06773846524	0.4511506759	24.83783153	74.71101779	55.53771259	0.01643997136	44.44584744	59.15393764	0.07241993097	40.77364243	0	0	0	-643.1420964	0.9667226116	868.986302014314	-643.1420964	0.0002498382775	0.06773846524	0.00207590971591449	
640.5820964	8	5	87	0.971656455	0.0004221157998	0.1469525494	0.4130881998	25.33035631	74.25655549	57.21806307	0.01314548901	42.76879144	59.51664605	0.07013146911	40.41322248	0	0	0	-640.5820964	0.971656455	392.382202659812	-640.5820964	0.0004221157998	0.1469525494	-0.0242702460613214	
639.9420964	8	5	87	0.9735126139	0.0001680770909	0.06497100961	0.4010835728	25.50663942	74.09227701	57.80710857	0.01220295632	42.18068848	59.64609172	0.0695841241	40.28432416	0	0	0	-639.9420964	0.9735126139	290.1899410405	-639.9420964	0.0001680770909	0.06497100961	-8.84507628404534E-05	
639.3020964	8	5	87	0.97684158	0.0003025991711	0.1249431627	0.3862514474	25.74181946	73.8719291	58.58186579	0.01110284913	41.40703137	59.81859315	0.06905649264	40.11235036	0	0	0	-639.3020964	0.97684158	145.972888959091	-639.3020964	0.0003025991711	0.1249431627	0.00124060451599888	
638.9820964	8	5	87	0.9799597464	0.0003124796237	0.1340166596	0.3761792358	25.91416131	73.70965945	59.14121985	0.0103966157	40.84838353	59.94491551	0.06880851408	39.98627597	0	0	0	-638.9820964	0.9799597464	77.2091879370764	-638.9820964	0.0003124796237	0.1340166596	0.00139042622748934	
638.8220964	8	5	87	0.983021934	0.0003488039773	0.1522213816	0.3690539963	26.04312722	73.58781878	59.55498861	0.009917092525	40.4350943	60.03941998	0.06869596968	39.89188405	0	0	0	-638.8220964	0.983021934	40.7673433317221	-638.8220964	0.0003488039773	0.1522213816	0.00191602256540389	
638.7820964	8	5	87	0.9841125123	0.0001458657013	0.06400007976	0.3666709852	26.08767017	73.54565885	59.69693744	0.009760438971	40.29330212	60.07205983	0.06867103327	39.85926914	0	0	0	-638.7820964	0.9841125123	31.1911287426182	-638.7820964	0.0001458657013	0.06400007976	0.00222016627999233	
638.7420964	8	5	87	0.9859245168	0.0002584196626	0.1136858646	0.3636533956	26.14516136	73.49118525	59.87939272	0.009564771826	40.11104251	60.11418727	0.06864942686	39.8171633	0	0	0	-638.7420964	0.9859245168	17.4275142211896	-638.7420964	0.0002584196626	0.1136858646	0.00231466766977789	
638.7220964	8	5	87	0.9873868349	0.0002351339274	0.1035819783	0.3616377558	26.18425227	73.45410997	60.00298116	0.009435743285	39.98758309	60.14283271	0.06864128264	39.78852601	0	0	0	-638.7220964	0.9873868349	10.8857026895352	-638.7220964	0.0002351339274	0.1035819783	0.00229282643929338	
638.7120964	8	5	87	0.9885377242	0.0002064431095	0.0909878563	0.3603032494	26.21045574	73.42924101	60.08559489	0.009351068907	39.90505404	60.16203408	0.0686389179	39.769327	0	0	0	-638.7120964	0.9885377242	7.19822578592407	-638.7120964	0.0002064431095	0.0909878563	0.00227893047434168	
638.7020964	8	5	87	0.991292488	0.0005439701707	0.2397265641	0.3583497586	26.24927894	73.3923713	60.20767136	0.009228187482	39.78310046	60.19048428	0.06863978177	39.74087593	0	0	0	-638.7020964	0.991292488	3.73862650198489	-638.7020964	0.0005439701707	0.2397265641	0.00227368432896403	
638.6920964	8	5	87	0.9938958336	0.0006771702833	0.2982651308	0.3570931722	26.27416761	73.36873922	60.28617735	0.009149482017	39.70467317	60.20875998	0.06863698469	39.72260304	0	0	0	-638.6920964	0.9938958336	4.80419299032407	-638.6920964	0.0006771702833	0.2982651308	0.00931910816553952	
638.6820964	8	5	87	0.9957208895	0.0006774203475	0.298291955	0.3564458392	26.2867428	73.35681137	60.32617927	0.00910885634	39.66471187	60.21802645	0.068631003	39.71334255	0	0	0	-638.6820964	0.9957208895	6.85311547217755	-638.6820964	0.0006774203475	0.298291955	0.0084254040411263	
638.6720964	8	5	87	0.9970002845	0.0006774999483	0.2983017863	0.3561178812	26.29283439	73.35104772	60.34590838	0.009088069848	39.64500356	60.22254348	0.06862337389	39.70883314	0	0	0	-638.6720964	0.9970002845	9.77597824798251	-638.6720964	0.0006774999483	0.2983017863	0.00262236067413888	
638.6620964	8	5	87	0.9978971602	0.0006774994861	0.2983066659	0.3559527422	26.29561319	73.34843407	60.35527904	0.009077366322	39.6356436	60.22463358	0.06861489551	39.70675152	0	0	0	-638.6620964	0.9978971602	13.9454736121394	-638.6620964	0.0006774994861	0.2983066659	-0.011915623481132	
638.6520964	8	5	87	0.9985258827	0.0006774572077	0.2983090543	0.3558676689	26.29676114	73.34737119	60.35955038	0.009071613422	39.631378	60.22552874	0.06860599957	39.70586526	0	0	0	-638.6520964	0.9985258827	19.8933004356649	-638.6520964	0.0006774572077	0.2983090543	-0.0557318641591381	
638.6420964	8	5	87	0.9989666256	0.0006773946404	0.2983099485	0.355824068	26.29706389	73.34711204	60.36117897	0.009068422645	39.62975261	60.22580457	0.06859688761	39.70559854	0	0	0	-638.6420964	0.9989666256	28.3779505877757	-638.6420964	0.0006773946404	0.2983099485	-0.108463333607097	
638.6320964	8	5	87	0.9992755918	0.0006773198523	0.298310512	0.3557947505	26.29707548	73.34712977	60.36189705	0.009066114815	39.62903683	60.22586705	0.06858770181	39.70554524	0	0	0	-638.6320964	0.9992755918	26.8163019875973	-638.6320964	0.0006773198523	0.298310512	-0.132720565587794	
638.6220964	8	5	87	1	0.002265111731	0.9977348883	0.3557716739	26.29695986	73.34726847	60.36221742	0.009064191664	39.62871839							-638.6220964	1	13.8043716236113	-638.6220964	0.002265111731	0.9977348883	0.00227014089371537	
638.6120964	8	5	87	1	0.002265111731	0.9977348883	0.3557716739	26.29695986	73.34726847	60.36221742	0.009064191664	39.62871839							-638.6120964	1	NaN	-638.6120964	0.002265111731	0.9977348883	NaN	
638.5920964	8	5	87	1	0.002265111731	0.9977348883	0.3557716739	26.29695986	73.34726847	60.36221742	0.009064191664	39.62871839							-638.5920964	1	NaN	-638.5920964	0.002265111731	0.9977348883	NaN	
638.5520964	8	5	87	1	0.002265111731	0.9977348883	0.3557716739	26.29695986	73.34726847	60.36221742	0.009064191664	39.62871839							-638.5520964	1	NaN	-638.5520964	0.002265111731	0.9977348883	NaN	
638.4720964	8	5	87	1	0.002265111731	0.9977348883	0.3557716739	26.29695986	73.34726847	60.36221742	0.009064191664	39.62871839							-638.4720964	1	NaN	-638.4720964	0.002265111731	0.9977348883	NaN	
638.3120964	8	5	87	1	0.002265111731	0.9977348883	0.3557716739	26.29695986	73.34726847	60.36221742	0.009064191664	39.62871839							-638.3120964	1	NaN	-638.3120964	0.002265111731	0.9977348883	NaN	
637.9920964	8	5	87	1	0.002265111731	0.9977348883	0.3557716739	26.29695986	73.34726847	60.36221742	0.009064191664	39.62871839							-637.9920964	1	NaN	-637.9920964	0.002265111731	0.9977348883	NaN	
637.3520964	8	5	87	1	0.002265111731	0.9977348883	0.3557716739	26.29695986	73.34726847	60.36221742	0.009064191664	39.62871839							-637.3520964	1	NaN	-637.3520964	0.002265111731	0.9977348883	NaN	
636.0720964	8	5	87	1	0.002265111731	0.9977348883	0.3557716739	26.29695986	73.34726847	60.36221742	0.009064191664	39.62871839							-636.0720964	1	NaN	-636.0720964	0.002265111731	0.9977348883	NaN	
633.5120964	8	5	87	1	0.002265111731	0.9977348883	0.3557716739	26.29695986	73.34726847	60.36221742	0.009064191664	39.62871839							-633.5120964	1	NaN	-633.5120964	0.002265111731	0.9977348883	NaN	
628.3920964	8	5	87	1	0.002265111731	0.9977348883	0.3557716739	26.29695986	73.34726847	60.36221742	0.009064191664	39.62871839							-628.3920964	1	NaN	-628.3920964	0.002265111731	0.9977348883	NaN	
623.2720964	8	5	87	1	0.002265111731	0.9977348883	0.3557716739	26.29695986	73.34726847	60.36221742	0.009064191664	39.62871839							-623.2720964	1	NaN	-623.2720964	0.002265111731	0.9977348883	NaN	
618.1520964	8	5	87	1	0.002265111731	0.9977348883	0.3557716739	26.29695986	73.34726847	60.36221742	0.009064191664	39.62871839							-618.1520964	1	NaN	-618.1520964	0.002265111731	0.9977348883	NaN	
613.0320964	8	5	87	1	0.002265111731	0.9977348883	0.3557716739	26.29695986	73.34726847	60.36221742	0.009064191664	39.62871839							-613.0320964	1	NaN	-613.0320964	0.002265111731	0.9977348883	NaN	
607.9120964	8	5	87	1	0.002265111731	0.9977348883	0.3557716739	26.29695986	73.34726847	60.36221742	0.009064191664	39.62871839							-607.9120964	1	NaN	-607.9120964	0.002265111731	0.9977348883	NaN	
602.7920964	8	5	87	1	0.002265111731	0.9977348883	0.3557716739	26.29695986	73.34726847	60.36221742	0.009064191664	39.62871839							-602.7920964	1	NaN	-602.7920964	0.002265111731	0.9977348883	NaN	
597.6720964	8	5	87	1	0.002265111731	0.9977348883	0.3557716739	26.29695986	73.34726847	60.36221742	0.009064191664	39.62871839							-597.6720964	1	NaN	-597.6720964	0.002265111731	0.9977348883	NaN	
592.5520964	8	5	87	1	0.002265111731	0.9977348883	0.3557716739	26.29695986	73.34726847	60.36221742	0.009064191664	39.62871839							-592.5520964	1	NaN	-592.5520964	0.002265111731	0.9977348883	NaN	
587.4320964	8	5	87	1	0.002265111731	0.9977348883	0.3557716739	26.29695986	73.34726847	60.36221742	0.009064191664	39.62871839							-587.4320964	1	NaN	-587.4320964	0.002265111731	0.9977348883	NaN	
582.3120964	8	5	87	1	0.002265111731	0.9977348883	0.3557716739	26.29695986	73.34726847	60.36221742	0.009064191664	39.62871839							-582.3120964	1	NaN	-582.3120964	0.002265111731	0.9977348883	NaN	
577.1920964	8	5	87	1	0.002265111731	0.9977348883	0.3557716739	26.29695986	73.34726847	60.36221742	0.009064191664	39.62871839							-577.1920964	1	NaN	-577.1920964	0.002265111731	0.9977348883	NaN	
572.0720964	8	5	87	1	0.002265111731	0.9977348883	0.3557716739	26.29695986	73.34726847	60.36221742	0.009064191664	39.62871839							-572.0720964	1	NaN	-572.0720964	0.002265111731	0.9977348883	NaN	
566.9520964	8	5	87	1	0.002265111731	0.9977348883	0.3557716739	26.29695986	73.34726847	60.36221742	0.009064191664	39.62871839							-566.9520964	1	NaN	-566.9520964	0.002265111731	0.9977348883	NaN	
561.8320964	8	5	87	1	0.002265111731	0.9977348883	0.3557716739	26.29695986	73.34726847	60.36221742	0.009064191664	39.62871839							-561.8320964	1	NaN	-561.8320964	0.002265111731	0.9977348883	NaN	
556.7120964	8	5	87	1	0.002265111731	0.9977348883	0.3557716739	26.29695986	73.34726847	60.36221742	0.009064191664	39.62871839							-556.7120964	1	NaN	-556.7120964	0.002265111731	0.9977348883	NaN	
551.5920964	8	5	87	1	0.002265111731	0.9977348883	0.3557716739	26.29695986	73.34726847	60.36221742	0.009064191664	39.62871839							-551.5920964	1	NaN	-551.5920964	0.002265111731	0.9977348883	NaN	
546.4720964	8	5	87	1	0.002265111731	0.9977348883	0.3557716739	26.29695986	73.34726847	60.36221742	0.009064191664	39.62871839							-546.4720964	1	NaN	-546.4720964	0.002265111731	0.9977348883	NaN	
541.3520964	8	5	87	1	0.002265111731	0.9977348883	0.3557716739	26.29695986	73.34726847	60.36221742	0.009064191664	39.62871839							-541.3520964	1	NaN	-541.3520964	0.002265111731	0.9977348883	NaN	
536.2320964	8	5	87	1	0.002265111731	0.9977348883	0.3557716739	26.29695986	73.34726847	60.36221742	0.009064191664	39.62871839							-536.2320964	1	NaN	-536.2320964	0.002265111731	0.9977348883	NaN	
531.1120964	8	5	87	1	0.002265111731	0.9977348883	0.3557716739	26.29695986	73.34726847	60.36221742	0.009064191664	39.62871839							-531.1120964	1	NaN	-531.1120964	0.002265111731	0.9977348883	NaN	
525.9920964	8	5	87	1	0.002265111731	0.9977348883	0.3557716739	26.29695986	73.34726847	60.36221742	0.009064191664	39.62871839							-525.9920964	1	NaN	-525.9920964	0.002265111731	0.9977348883	NaN	
520.8720964	8	5	87	1	0.002265111731	0.9977348883	0.3557716739	26.29695986	73.34726847	60.36221742	0.009064191664	39.62871839							-520.8720964	1	NaN	-520.8720964	0.002265111731	0.9977348883	NaN	
515.7520964	8	5	87	1	0.002265111731	0.9977348883	0.3557716739	26.29695986	73.34726847	60.36221742	0.009064191664	39.62871839							-515.7520964	1	NaN	-515.7520964	0.002265111731	0.9977348883	NaN	
510.6320964	8	5	87	1	0.002265111731	0.9977348883	0.3557716739	26.29695986	73.34726847	60.36221742	0.009064191664	39.62871839							-510.6320964	1	NaN	-510.6320964	0.002265111731	0.9977348883	NaN	
505.5120964	8	5	87	1	0.002265111731	0.9977348883	0.3557716739	26.29695986	73.34726847	60.36221742	0.009064191664	39.62871839							-505.5120964	1	NaN	-505.5120964	0.002265111731	0.9977348883	NaN	
500.3920964	8	5	87	1	0.002265111731	0.9977348883	0.3557716739	26.29695986	73.34726847	60.36221742	0.009064191664	39.62871839							-500.3920964	1	NaN	-500.3920964	0.002265111731	0.9977348883	NaN	
495.2720964	8	5	87	1	0.002265111731	0.9977348883	0.3557716739	26.29695986	73.34726847	60.36221742	0.009064191664	39.62871839							-495.2720964	1	NaN	-495.2720964	0.002265111731	0.9977348883	NaN	
490.1520964	8	5	87	1	0.002265111731	0.9977348883	0.3557716739	26.29695986	73.34726847	60.36221742	0.009064191664	39.62871839							-490.1520964	1	NaN	-490.1520964	0.002265111731	0.9977348883	NaN	
485.0320964	8	5	87	1	0.002265111731	0.9977348883	0.3557716739	26.29695986	73.34726847	60.36221742	0.009064191664	39.62871839							-485.0320964	1	NaN	-485.0320964	0.002265111731	0.9977348883	NaN	
479.9120964	8	5	87	1	0.002265111731	0.9977348883	0.3557716739	26.29695986	73.34726847	60.36221742	0.009064191664	39.62871839							-479.9120964	1	NaN	-479.9120964	0.002265111731	0.9977348883	NaN	
474.7920964	8	5	87	1	0.002265111731	0.9977348883	0.3557716739	26.29695986	73.34726847	60.36221742	0.009064191664	39.62871839							-474.7920964	1	NaN	-474.7920964	0.002265111731	0.9977348883	NaN	
469.6720964	8	5	87	1	0.002265111731	0.9977348883	0.3557716739	26.29695986	73.34726847	60.36221742	0.009064191664	39.62871839							-469.6720964	1	NaN	-469.6720964	0.002265111731	0.9977348883	NaN	
464.5520964	8	5	87	1	0.002265111731	0.9977348883	0.3557716739	26.29695986	73.34726847	60.36221742	0.009064191664	39.62871839							-464.5520964	1	NaN	-464.5520964	0.002265111731	0.9977348883	NaN	
459.4320964	8	5	87	1	0.002265111731	0.9977348883	0.3557716739	26.29695986	73.34726847	60.36221742	0.009064191664	39.62871839							-459.4320964	1	NaN	-459.4320964	0.002265111731	0.9977348883	NaN	
454.3120964	8	5	87	1	0.002265111731	0.9977348883	0.3557716739	26.29695986	73.34726847	60.36221742	0.009064191664	39.62871839							-454.3120964	1	NaN	-454.3120964	0.002265111731	0.9977348883	NaN	
449.1920964	8	5	87	1	0.002265111731	0.9977348883	0.3557716739	26.29695986	73.34726847	60.36221742	0.009064191664	39.62871839							-449.1920964	1	NaN	-449.1920964	0.002265111731	0.9977348883	NaN	
444.0720964	8	5	87	1	0.002265111731	0.9977348883	0.3557716739	26.29695986	73.34726847	60.36221742	0.009064191664	39.62871839							-444.0720964	1	NaN	-444.0720964	0.002265111731	0.9977348883	NaN	
438.9520964	8	5	87	1	0.002265111731	0.9977348883	0.3557716739	26.29695986	73.34726847	60.36221742	0.009064191664	39.62871839							-438.9520964	1	NaN	-438.9520964	0.002265111731	0.9977348883	NaN	
433.8320964	8	5	87	1	0.002265111731	0.9977348883	0.3557716739	26.29695986	73.34726847	60.36221742	0.009064191664	39.62871839							-433.8320964	1	NaN	-433.8320964	0.002265111731	0.9977348883	NaN	
428.7120964	8	5	87	1	0.002265111731	0.9977348883	0.3557716739	26.29695986	73.34726847	60.36221742	0.009064191664	39.62871839							-428.7120964	1	NaN	-428.7120964	0.002265111731	0.9977348883	NaN	
423.5920964	8	5	87	1	0.002265111731	0.9977348883	0.3557716739	26.29695986	73.34726847	60.36221742	0.009064191664	39.62871839							-423.5920964	1	NaN	-423.5920964	0.002265111731	0.9977348883	NaN	
418.4720964	8	5	87	1	0.002265111731	0.9977348883	0.3557716739	26.29695986	73.34726847	60.36221742	0.009064191664	39.62871839							-418.4720964	1	NaN	-418.4720964	0.002265111731	0.9977348883	NaN	
413.3520964	8	5	87	1	0.002265111731	0.9977348883	0.3557716739	26.29695986	73.34726847	60.36221742	0.009064191664	39.62871839							-413.3520964	1	NaN	-413.3520964	0.002265111731	0.9977348883	NaN	
408.2320964	8	5	87	1	0.002265111731	0.9977348883	0.3557716739	26.29695986	73.34726847	60.36221742	0.009064191664	39.62871839							-408.2320964	1	NaN	-408.2320964	0.002265111731	0.9977348883	NaN	
403.1120964	8	5	87	1	0.002265111731	0.9977348883	0.3557716739	26.29695986	73.34726847	60.36221742	0.009064191664	39.62871839							-403.1120964	1	NaN	-403.1120964	0.002265111731	0.9977348883	NaN	
397.9920964	8	5	87	1	0.002265111731	0.9977348883	0.3557716739	26.29695986	73.34726847	60.36221742	0.009064191664	39.62871839							-397.9920964	1	NaN	-397.9920964	0.002265111731	0.9977348883	NaN	
392.8720964	8	5	87	1	0.002265111731	0.9977348883	0.3557716739	26.29695986	73.34726847	60.36221742	0.009064191664	39.62871839							-392.8720964	1	NaN	-392.8720964	0.002265111731	0.9977348883	NaN	
387.7520964	8	5	87	1	0.002265111731	0.9977348883	0.3557716739	26.29695986	73.34726847	60.36221742	0.009064191664	39.62871839							-387.7520964	1	NaN	-387.7520964	0.002265111731	0.9977348883	NaN	
382.6320964	8	5	87	1	0.002265111731	0.9977348883	0.3557716739	26.29695986	73.34726847	60.36221742	0.009064191664	39.62871839							-382.6320964	1	NaN	-382.6320964	0.002265111731	0.9977348883	NaN	
377.5120964	8	5	87	1	0.002265111731	0.9977348883	0.3557716739	26.29695986	73.34726847	60.36221742	0.009064191664	39.62871839							-377.5120964	1	NaN	-377.5120964	0.002265111731	0.9977348883	NaN	
372.3920964	8	5	87	1	0.002265111731	0.9977348883	0.3557716739	26.29695986	73.34726847	60.36221742	0.009064191664	39.62871839							-372.3920964	1	NaN	-372.3920964	0.002265111731	0.9977348883	NaN	
367.2720964	8	5	87	1	0.002265111731	0.9977348883	0.3557716739	26.29695986	73.34726847	60.36221742	0.009064191664	39.62871839							-367.2720964	1	NaN	-367.2720964	0.002265111731	0.9977348883	NaN	
362.1520964	8	5	87	1	0.002265111731	0.9977348883	0.3557716739	26.29695986	73.34726847	60.36221742	0.009064191664	39.62871839							-362.1520964	1	NaN	-362.1520964	0.002265111731	0.9977348883	NaN	
357.0320964	8	5	87	1	0.002265111731	0.9977348883	0.3557716739	26.29695986	73.34726847	60.36221742	0.009064191664	39.62871839							-357.0320964	1	NaN	-357.0320964	0.002265111731	0.9977348883	NaN	
351.9120964	8	5	87	1	0.002265111731	0.9977348883	0.3557716739	26.29695986	73.34726847	60.36221742	0.009064191664	39.62871839							-351.9120964	1	NaN	-351.9120964	0.002265111731	0.9977348883	NaN	
346.7920964	8	5	87	1	0.002265111731	0.9977348883	0.3557716739	26.29695986	73.34726847	60.36221742	0.009064191664	39.62871839							-346.7920964	1	NaN	-346.7920964	0.002265111731	0.9977348883	NaN	
341.6720964	8	5	87	1	0.002265111731	0.9977348883	0.3557716739	26.29695986	73.34726847	60.36221742	0.009064191664	39.62871839							-341.6720964	1	NaN	-341.6720964	0.002265111731	0.9977348883	NaN	
336.5520964	8	5	87	1	0.002265111731	0.9977348883	0.3557716739	26.29695986	73.34726847	60.36221742	0.009064191664	39.62871839							-336.5520964	1	NaN	-336.5520964	0.002265111731	0.9977348883	NaN	
331.4320964	8	5	87	1	0.002265111731	0.9977348883	0.3557716739	26.29695986	73.34726847	60.36221742	0.009064191664	39.62871839							-331.4320964	1	NaN	-331.4320964	0.002265111731	0.9977348883	NaN	
326.3120964	8	5	87	1	0.002265111731	0.9977348883	0.3557716739	26.29695986	73.34726847	60.36221742	0.009064191664	39.62871839							-326.3120964	1	NaN	-326.3120964	0.002265111731	0.9977348883	NaN	
321.1920964	8	5	87	1	0.002265111731	0.9977348883	0.3557716739	26.29695986	73.34726847	60.36221742	0.009064191664	39.62871839							-321.1920964	1	NaN	-321.1920964	0.002265111731	0.9977348883	NaN	
316.0720964	8	5	87	1	0.002265111731	0.9977348883	0.3557716739	26.29695986	73.34726847	60.36221742	0.009064191664	39.62871839							-316.0720964	1	NaN	-316.0720964	0.002265111731	0.9977348883	NaN	
310.9520964	8	5	87	1	0.002265111731	0.9977348883	0.3557716739	26.29695986	73.34726847	60.36221742	0.009064191664	39.62871839							-310.9520964	1	NaN	-310.9520964	0.002265111731	0.9977348883	NaN	
305.8320964	8	5	87	1	0.002265111731	0.9977348883	0.3557716739	26.29695986	73.34726847	60.36221742	0.009064191664	39.62871839							-305.8320964	1	NaN	-305.8320964	0.002265111731	0.9977348883	NaN	
300.7120964	8	5	87	1	0.002265111731	0.9977348883	0.3557716739	26.29695986	73.34726847	60.36221742	0.009064191664	39.62871839							-300.7120964	1	NaN	-300.7120964	0.002265111731	0.9977348883	NaN	
300	8	5	87	1	0.002265111731	0.9977348883	0.3557716739	26.29695986	73.34726847	60.36221742	0.009064191664	39.62871839							-300	1	NaN	-300	0.002265111731	0.9977348883	NaN	
