T	w(CU)	w(FE)	w(TI)	fs	fw(@BCC_A2#1)	fw(@BCC_A2#2)	w(CU@BCC_A2#1)	w(FE@BCC_A2#1)	w(TI@BCC_A2#1)	w(CU@BCC_A2#2)	w(FE@BCC_A2#2)	w(TI@BCC_A2#2)	w(CU@LIQUID)	w(FE@LIQUID)	w(TI@LIQUID)	dwdT_L(CU@LIQUID)	dwdT_L(FE@LIQUID)	dwdT_L(TI@LIQUID)	-T	fs_1	-T//fs	-T_1	fw(@BCC_A2#1)_1	fw(@BCC_A2#2)_1	-T//fw(@BCC_A2)	
K	%	%	%	mole/mole	kg/kg	kg/kg	%	%	%	%	%	%	%	%	%	SI	SI	SI								
1832.873726	8	1	91	0	0		3.174909508	0.3330725259	96.49201797				8	1	91	-0.000666180535	-9.208061264E-05	0.0007582611477	-1832.873726	0	71.4499755635019	-1832.873726	0			
1832.863726	8	1	91	0.0001399258333	0.0001381093305		3.175194286	0.3331066936	96.49169902				8.000666084	1.000092061	90.99924185	0	0	0	-1832.863726	0.0001399258333	71.4828877134453	-1832.863726	0.0001381093305			
1832.843726	8	1	91	0.0004195844037	0.0002760749035		3.175763833	0.3331750318	96.49106114				8.001998309	1.000276207	90.99772548	0	0	0	-1832.843726	0.0004195844037	71.5270876098347	-1832.843726	0.0002760749035			
1832.803726	8	1	91	0.0009786363806	0.000552041562		3.17690292	0.3333117059	96.48978537				8.004663026	1.000644546	90.99469243	0	0	0	-1832.803726	0.0009786363806	71.5822083585667	-1832.803726	0.000552041562			
1832.723726	8	1	91	0.002095219664	0.001103105511		3.179181125	0.3335851186	96.48723376				8.009991501	1.001381131	90.98862737	0	0	0	-1832.723726	0.002095219664	71.7071041619629	-1832.723726	0.001103105511			
1832.563726	8	1	91	0.00432280261	0.00220314349		3.183737	0.3341319934	96.48213101				8.020646236	1.002854162	90.9764996	0	0	0	-1832.563726	0.00432280261	71.947140844097	-1832.563726	0.00220314349			
1832.243726	8	1	91	0.008755748462	0.004394064968		3.19284718	0.3352260855	96.47192673				8.041946853	1.005799673	90.95225347	0	0	0	-1832.243726	0.008755748462	72.4295112571516	-1832.243726	0.004394064968			
1831.603726	8	1	91	0.01753367031	0.008739626297		3.211061251	0.3374156368	96.45152311				8.084512715	1.011688477	90.90379881	0	0	0	-1831.603726	0.01753367031	73.4389702846696	-1831.603726	0.008739626297			
1830.323726	8	1	91	0.03472080534	0.01726661059		3.247462776	0.3418006234	96.4107366				8.169499965	1.023458449	90.80704159	0	0	0	-1830.323726	0.03472080534	75.526076529986	-1830.323726	0.01726661059			
1827.763726	8	1	91	0.06773334906	0.03375445186		3.320161913	0.3505931092	96.32924498				8.33890743	1.046964454	90.61412812	0	0	0	-1827.763726	0.06773334906	79.9188332128067	-1827.763726	0.03375445186			
1825.203726	8	1	91	0.09889274535	0.03297902661		3.392730855	0.3594113984	96.24785775				8.507588998	1.070412171	90.42199883	0	0	0	-1825.203726	0.09889274535	84.6177060575379	-1825.203726	0.03297902661			
1822.643726	8	1	91	0.1283377021	0.03223350729		3.46516119	0.3682545205	96.16658429				8.675536241	1.093798614	90.23066515	0	0	0	-1822.643726	0.1283377021	89.4827585019009	-1822.643726	0.03223350729			
1820.083726	8	1	91	0.1561980412	0.03152071622		3.53745433	0.3771226292	96.08542304				8.842761982	1.117123599	90.04011442	0	0	0	-1820.083726	0.1561980412	94.5119616481029	-1820.083726	0.03152071622			
1817.523726	8	1	91	0.1825901502	0.03083734241		3.609608505	0.3860155063	96.00437599				9.009271953	1.140386015	89.85034203	0	0	0	-1817.523726	0.1825901502	99.7089389416892	-1817.523726	0.03083734241			
1814.963726	8	1	91	0.2076196624	0.0301815781		3.681621943	0.3949329462	95.92344511				9.175071686	1.163584783	89.66134353	0	0	0	-1814.963726	0.2076196624	105.075643442009	-1814.963726	0.0301815781			
1812.403726	8	1	91	0.2313826577	0.02955177519		3.753492912	0.4038747598	95.84263233				9.340166608	1.186718868	89.47311452	0	0	0	-1812.403726	0.2313826577	110.603630782105	-1812.403726	0.02955177519			
1809.843726	8	1	91	0.2539706273	0.02895145497		3.825227833	0.4128654583	95.76190671				9.504591348	1.209790679	89.28561797	0	0	0	-1809.843726	0.2539706273	116.31637790856	-1809.843726	0.02895145497			
1807.283726	8	1	91	0.2754556986	0.02836429844		3.896809385	0.4218559207	95.68133469				9.668294282	1.232791971	89.09891375	0	0	0	-1807.283726	0.2754556986	122.213191055728	-1807.283726	0.02836429844			
1804.723726	8	1	91	0.2959147938	0.02780360492		3.968243224	0.4308702626	95.60088651				9.831307521	1.255725597	88.91296688	0	0	0	-1804.723726	0.2959147938	128.277973982168	-1804.723726	0.02780360492			
1802.163726	8	1	91	0.3154150125	0.02726358255		4.0395281	0.4399084104	95.52056349				9.993636804	1.278590762	88.72777243	0	0	0	-1802.163726	0.3154150125	134.52169804442	-1802.163726	0.02726358255			
1799.603726	8	1	91	0.3340178171	0.02674295016		4.110662365	0.4489702498	95.44036739				10.15528688	1.301386576	88.54332655	0	0	0	-1799.603726	0.3340178171	140.946485649525	-1799.603726	0.02674295016			
1797.043726	8	1	91	0.3517797251	0.02624070189		4.181644492	0.4580556903	95.36029982				10.31626257	1.324112198	88.35962523	0	0	0	-1797.043726	0.3517797251	147.554095905463	-1797.043726	0.02624070189			
1794.483726	8	1	91	0.3687527688	0.02575587472		4.252472988	0.4671646543	95.28036236				10.47656864	1.346766818	88.17666455	0	0	0	-1794.483726	0.3687527688	154.346338490289	-1794.483726	0.02575587472			
1791.923726	8	1	91	0.3849849216	0.02528757151		4.323146393	0.4762970766	95.20055653				10.63620974	1.369349651	87.99444061	0	0	0	-1791.923726	0.3849849216	161.325012781242	-1791.923726	0.02528757151			
1789.363726	8	1	91	0.4005204778	0.02483495589		4.39366328	0.4854529041	95.12088382				10.79519047	1.391859936	87.8129496	0	0	0	-1789.363726	0.4005204778	168.491902316855	-1789.363726	0.02483495589			
1786.803726	8	1	91	0.4154003918	0.02439724722		4.464022256	0.4946320951	95.04134565				10.95351534	1.414296938	87.63218772	0	0	0	-1786.803726	0.4154003918	175.84877800299	-1786.803726	0.02439724722			
1784.243726	8	1	91	0.4296625799	0.02397371595		4.53422196	0.5038346192	94.96194342				11.1111888	1.436659942	87.45215125	0	0	0	-1784.243726	0.4296625799	183.39739802158	-1784.243726	0.02397371595			
1781.683726	8	1	91	0.4433421914	0.02356367958		4.604261067	0.5130604569	94.88267848				11.26821523	1.458948259	87.27283651	0	0	0	-1781.683726	0.4433421914	191.13950630414	-1781.683726	0.02356367958			
1779.123726	8	1	91	0.456471851	0.02316649889		4.67413828	0.5223095994	94.80355212				11.42459893	1.481161216	87.09423985	0	0	0	-1779.123726	0.456471851	199.076833445783	-1779.123726	0.02316649889			
1776.563726	8	1	91	0.4690818769	0.02278157459		4.743852338	0.531582048	94.72456561				11.58034416	1.503298166	86.91635767	0	0	0	-1776.563726	0.4690818769	207.211101057991	-1776.563726	0.02278157459			
1774.003726	8	1	91	0.4812004762	0.02240834423		4.81340201	0.5408778142	94.64572018				11.7354551	1.525358477	86.73918642	0	0	0	-1774.003726	0.4812004762	215.544014111662	-1774.003726	0.02240834423			
1771.443726	8	1	91	0.4928539226	0.02204627945		4.882786098	0.5501969191	94.56701698				11.88993589	1.547341539	86.56272257	0	0	0	-1771.443726	0.4928539226	224.077267425674	-1771.443726	0.02204627945			
1768.883726	8	1	91	0.5040667147	0.02169488341		4.952003434	0.5595393933	94.48845717				12.04379061	1.569246759	86.38696263	0	0	0	-1768.883726	0.5040667147	232.812544347062	-1768.883726	0.02169488341			
1766.323726	8	1	91	0.5148617211	0.02135368847		5.021052881	0.5689052768	94.41004184				12.19702328	1.591073561	86.21190316	0	0	0	-1766.323726	0.5148617211	241.751511941003	-1766.323726	0.02135368847			
1763.763726	8	1	91	0.5252603105	0.02102225412		5.089933333	0.5782946187	94.33177205				12.34963788	1.612821387	86.03754073	0	0	0	-1763.763726	0.5252603105	250.895831440975	-1763.763726	0.02102225412			
1761.203726	8	1	91	0.5352824699	0.02070016501		5.158643716	0.5877074768	94.25364881				12.50163834	1.634489696	85.86387196	0	0	0	-1761.203726	0.5352824699	260.247148082392	-1761.203726	0.02070016501			
1758.643726	8	1	91	0.5449469126	0.02038702917		5.227182984	0.5971439178	94.1756731				12.65302854	1.656077962	85.6908935	0	0	0	-1758.643726	0.5449469126	269.807095192597	-1758.643726	0.02038702917			
1756.083726	8	1	91	0.5542711755	0.02008247642		5.295550119	0.6066040168	94.09784586				12.80381232	1.677585675	85.51860201	0	0	0	-1756.083726	0.5542711755	279.577297464324	-1756.083726	0.02008247642			
1753.523726	8	1	91	0.5632717083	0.01978615687		5.363744134	0.6160878571	94.02016801				12.95399347	1.699012341	85.34699419	0	0	0	-1753.523726	0.5632717083	289.559363488688	-1753.523726	0.01978615687			
1750.963726	8	1	91	0.5719639548	0.01949773953		5.431764071	0.6255955306	93.9426404				13.10357575	1.720357478	85.17606677	0	0	0	-1750.963726	0.5719639548	299.754895059445	-1750.963726	0.01949773953			
1748.403726	8	1	91	0.5803624266	0.01921691109		5.499608999	0.6351271367	93.86526386				13.25256288	1.741620621	85.0058165	0	0	0	-1748.403726	0.5803624266	310.165479172058	-1748.403726	0.01921691109			
1745.843726	8	1	91	0.5884807714	0.01894337472		5.567278014	0.6446827832	93.7880392				13.40095853	1.762801317	84.83624015	0	0	0	-1745.843726	0.5884807714	320.792691563746	-1745.843726	0.01894337472			
1743.283726	8	1	91	0.5963318345	0.01867684899		5.634770241	0.6542625855	93.71096717				13.54876636	1.783899129	84.66733451	0	0	0	-1743.283726	0.5963318345	331.638095459213	-1743.283726	0.01867684899			
1740.723726	8	1	91	0.6039277161	0.01841706696		5.70208483	0.6638666667	93.6340485				13.69598997	1.804913629	84.4990964	0	0	0	-1740.723726	0.6039277161	342.703247283611	-1740.723726	0.01841706696			
1738.163726	8	1	91	0.6112798228	0.01816377517		5.769220959	0.6734951573	93.55728388				13.84263294	1.825844406	84.33152265	0	0	0	-1738.163726	0.6112798228	353.989688364707	-1738.163726	0.01816377517			
1735.603726	8	1	91	0.6183989162	0.01791673286		5.83617783	0.6831481955	93.48067397				13.98869882	1.846691058	84.16461013	0	0	0	-1735.603726	0.6183989162	365.498942425307	-1735.603726	0.01791673286			
1733.043726	8	1	91	0.6252951565	0.01767571114		5.902954672	0.6928259268	93.4042194				14.13419111	1.867453198	83.99835569	0	0	0	-1733.043726	0.6252951565	377.232531389839	-1733.043726	0.01767571114			
1730.483726	8	1	91	0.631978143	0.01744049232		5.969550737	0.7025285039	93.32792076				14.27911332	1.888130449	83.83275623	0	0	0	-1730.483726	0.631978143	389.191968165809	-1730.483726	0.01744049232			
1727.923726	8	1	91	0.6384569514	0.01721086919		6.035965303	0.7122560869	93.25177861				14.4234689	1.908722445	83.66780866	0	0	0	-1727.923726	0.6384569514	401.378737636979	-1727.923726	0.01721086919			
1725.363726	8	1	91	0.6447401688	0.01698664441		6.102197671	0.7220088428	93.17579349				14.56726128	1.929228834	83.50350989	0	0	0	-1725.363726	0.6447401688	413.794324091117	-1725.363726	0.01698664441			
1722.803726	8	1	91	0.6508359246	0.01676762995		6.168247165	0.7317869458	93.09996589				14.71049387	1.949649273	83.33985686	0	0	0	-1722.803726	0.6508359246	426.440206656933	-1722.803726	0.01676762995			
1720.243726	8	1	91	0.6567519205	0.0165536465		6.234113133	0.741590577	93.02429629				14.85317005	1.96998343	83.17684652	0	0	0	-1720.243726	0.6567519205	439.317839581349	-1720.243726	0.0165536465			
1717.683726	8	1	91	0.6624954575	0.01634452302		6.299794944	0.7514199247	92.94878513				14.99529319	1.990230982	83.01447583	0	0	0	-1717.683726	0.6624954575	452.428668647933	-1717.683726	0.01634452302			
1715.123726	8	1	91	0.6680734611	0.01614009626		6.365291991	0.7612751839	92.87343283				15.13686662	2.01039162	82.85274176	0	0	0	-1715.123726	0.6680734611	465.774126312673	-1715.123726	0.01614009626			
1712.563726	8	1	91	0.6734925046	0.01594021026		6.430603685	0.7711565564	92.79823976				15.27789365	2.030465042	82.69164131	0	0	0	-1712.563726	0.6734925046	479.355643588209	-1712.563726	0.01594021026			
1710.003726	8	1	91	0.6787588305	0.01574471606		6.495729461	0.7810642511	92.72320629				15.41837759	2.050450956	82.53117146	0	0	0	-1710.003726	0.6787588305	493.174629888467	-1710.003726	0.01574471606			
1707.443726	8	1	91	0.683878371	0.01555347119		6.560668773	0.7909984833	92.64833274				15.5583217	2.070349081	82.37132922	0	0	0	-1707.443726	0.683878371	507.232480310624	-1707.443726	0.01555347119			
1704.883726	8	1	91	0.6888567663	0.01536633943		6.625421093	0.8009594756	92.57361943				15.69772924	2.090159144	82.21211161	0	0	0	-1704.883726	0.6888567663	521.530585352211	-1704.883726	0.01536633943			
1702.323726	8	1	91	0.6936993821	0.01518319037		6.689985916	0.8109474567	92.49906663				15.83660346	2.109880883	82.05351566	0	0	0	-1702.323726	0.6936993821	536.070317862218	-1702.323726	0.01518319037			
1699.763726	8	1	91	0.6984113257	0.01500389919		6.754362753	0.8209626626	92.42467458				15.97494757	2.129514042	81.89553839	0	0	0	-1699.763726	0.6984113257	550.853029264397	-1699.763726	0.01500389919			
1697.203726	8	1	91	0.7029974612	0.0148283463		6.818551135	0.8310053357	92.35044353				16.11276477	2.149058376	81.73817686	0	0	0	-1697.203726	0.7029974612	565.880079454974	-1697.203726	0.0148283463			
1694.643726	8	1	91	0.707462423	0.01465641712		6.882550608	0.8410757251	92.27637367				16.25005825	2.168513648	81.5814281	0	0	0	-1694.643726	0.707462423	581.152812683084	-1694.643726	0.01465641712			
1692.083726	8	1	91	0.7118106294	0.01448800176		6.946360739	0.8511740868	92.20246517				16.38683119	2.18787963	81.42528918	0	0	0	-1692.083726	0.7118106294	596.67252653727	-1692.083726	0.01448800176			
1689.523726	8	1	91	0.7160462948	0.01432299484		7.009981108	0.8613006834	92.12871821				16.52308674	2.207156101	81.26975716	0	0	0	-1689.523726	0.7160462948	612.440545177813	-1689.523726	0.01432299484			
1686.963726	8	1	91	0.7201734405	0.01416129524		7.073411314	0.871455784	92.0551329				16.65882805	2.226342849	81.1148291	0	0	0	-1686.963726	0.7201734405	628.458181355106	-1686.963726	0.01416129524			
1684.403726	8	1	91	0.7241959059	0.01400280586		7.13665097	0.8816396648	91.98170937				16.79405824	2.245439669	80.9605021	0	0	0	-1684.403726	0.7241959059	644.726683501029	-1684.403726	0.01400280586			
1681.843726	8	1	91	0.7281173586	0.01384743347		7.199699705	0.8918526084	91.90844769				16.92878042	2.264446364	80.80677321	0	0	0	-1681.843726	0.7281173586	661.247341554072	-1681.843726	0.01384743347			
1679.283726	8	1	91	0.7319413029	0.01369508847		7.262557162	0.9020949044	91.83534793				17.06299771	2.283362744	80.65363954	0	0	0	-1679.283726	0.7319413029	678.02141519437	-1679.283726	0.01369508847			
1676.723726	8	1	91	0.7356710895	0.01354568475		7.325222999	0.912366849	91.76241015				17.1967132	2.302188628	80.50109817	0	0	0	-1676.723726	0.7356710895	695.050132164	-1676.723726	0.01354568475			
1674.163726	8	1	91	0.739309923	0.01339913951		7.387696886	0.9226687453	91.68963437				17.32992996	2.32092384	80.3491462	0	0	0	-1674.163726	0.739309923	712.334723537357	-1674.163726	0.01339913951			
1671.603726	8	1	91	0.74286087	0.01325537309		7.449978507	0.9330009031	91.61702059				17.46265106	2.339568213	80.19778073	0	0	0	-1671.603726	0.74286087	729.876419993461	-1671.603726	0.01325537309			
1669.043726	8	1	91	0.7463268658	0.01311430885		7.512067559	0.9433636392	91.5445688				17.59487956	2.358121585	80.04699886	0	0	0	-1669.043726	0.7463268658	747.676409298855	-1669.043726	0.01311430885			
1666.483726	8	1	91	0.7497107219	0.012975873		7.573963751	0.9537572772	91.47227897				17.72661851	2.376583802	79.89679769	0	0	0	-1666.483726	0.7497107219	765.735860699733	-1666.483726	0.012975873			
1663.923726	8	1	91	0.7530151317	0.01283999448		7.635666801	0.9641821478	91.40015105				17.85787094	2.394954715	79.74717434	0	0	0	-1663.923726	0.7530151317	784.055972267847	-1663.923726	0.01283999448			
1661.363726	8	1	91	0.7562426767	0.01270660483		7.697176442	0.9746385884	91.32818497				17.98863989	2.413234183	79.59812593	0	0	0	-1661.363726	0.7562426767	802.637882186858	-1661.363726	0.01270660483			
1658.803726	8	1	91	0.7593958323	0.01257563808		7.758492413	0.9851269437	91.25638064				18.11892837	2.431422071	79.44964956	0	0	0	-1658.803726	0.7593958323	821.482741360656	-1658.803726	0.01257563808			
1656.243726	8	1	91	0.7624769727	0.01244703063		7.819614467	0.9956475654	91.18473797				18.2487394	2.449518248	79.30174236	0	0	0	-1656.243726	0.7624769727	840.591663996276	-1656.243726	0.01244703063			
1653.683726	8	1	91	0.7654883764	0.01232072115		7.880542364	1.006200812	91.11325682				18.37807597	2.467522591	79.15440144	0	0	0	-1653.683726	0.7654883764	859.96576512494	-1653.683726	0.01232072115			
1651.123726	8	1	91	0.7684322303	0.01219665046		7.941275873	1.016787051	91.04193708				18.50694108	2.485434983	79.00762394	0	0	0	-1651.123726	0.7684322303	879.606155882505	-1651.123726	0.01219665046			
1648.563726	8	1	91	0.7713106346	0.01207476147		8.001814772	1.027406654	90.97077857				18.63533772	2.503255311	78.86140697	0	0	0	-1648.563726	0.7713106346	899.513891928194	-1648.563726	0.01207476147			
1646.003726	8	1	91	0.7741256068	0.01195499907		8.062158845	1.038060002	90.89978115				18.76326886	2.520983467	78.71574767	0	0	0	-1646.003726	0.7741256068	919.690042836117	-1646.003726	0.01195499907			
1643.443726	8	1	91	0.7768790856	0.01183731001		8.122307885	1.048747484	90.82894463				18.89073748	2.538619352	78.57064317	0	0	0	-1643.443726	0.7768790856	940.135673431355	-1643.443726	0.01183731001			
1640.883726	8	1	91	0.7795729346	0.01172164291		8.182261693	1.059469495	90.75826881				19.01774655	2.556162867	78.42609058	0	0	0	-1640.883726	0.7795729346	960.851785028691	-1640.883726	0.01172164291			
1638.323726	8	1	91	0.7822089461	0.01160794807		8.242020071	1.070226438	90.68775349				19.14429902	2.573613922	78.28208706	0	0	0	-1638.323726	0.7822089461	981.839388330555	-1638.323726	0.01160794807			
1635.763726	8	1	91	0.784788844	0.01149617749		8.301582833	1.081018725	90.61739844				19.27039784	2.590972429	78.13862973	0	0	0	-1635.763726	0.784788844	1003.0995234442	-1635.763726	0.01149617749			
1633.203726	8	1	91	0.7873142871	0.01138628475		8.360949793	1.091846774	90.54720343				19.39604596	2.608238308	77.99571573	0	0	0	-1633.203726	0.7873142871	1024.63314108212	-1633.203726	0.01138628475			
1630.643726	8	1	91	0.7897868723	0.01127822495		8.420120772	1.10271101	90.47716822				19.52124633	2.62541148	77.85334219	0	0	0	-1630.643726	0.7897868723	1046.44121448046	-1630.643726	0.01127822495			
1628.083726	8	1	91	0.792208137	0.01117195468		8.479095595	1.11361187	90.40729253				19.64600187	2.642491873	77.71150626	0	0	0	-1628.083726	0.792208137	1068.52468783776	-1628.083726	0.01117195468			
1625.523726	8	1	91	0.7945795622	0.0110674319		8.537874089	1.124549795	90.33757612				19.77031552	2.659479417	77.57020506	0	0	0	-1625.523726	0.7945795622	1090.88449261223	-1625.523726	0.0110674319			
1622.963726	8	1	91	0.7969025746	0.01096461595		8.596456085	1.135525237	90.26801868				19.89419021	2.676374049	77.42943574	0	0	0	-1622.963726	0.7969025746	1113.5215380627	-1622.963726	0.01096461595			
1620.403726	8	1	91	0.7991785494	0.01086346743		8.654841417	1.146538653	90.19861993				20.01762885	2.693175708	77.28919544	0	0	0	-1620.403726	0.7991785494	1136.43668659206	-1620.403726	0.01086346743			
1617.843726	8	1	91	0.8014088123	0.01076394822		8.713029918	1.157590512	90.12937957				20.14063436	2.709884336	77.14948131	0	0	0	-1617.843726	0.8014088123	1159.63088595706	-1617.843726	0.01076394822			
1615.283726	8	1	91	0.8035946415	0.01066602137		8.771021424	1.168681289	90.06029729				20.26320964	2.726499882	77.01029047	0	0	0	-1615.283726	0.8035946415	1183.10493008152	-1615.283726	0.01066602137			
1612.723726	8	1	91	0.8057372704	0.01056965107		8.828815774	1.179811468	89.99137276				20.38535762	2.743022295	76.87162009	0	0	0	-1612.723726	0.8057372704	1206.85968130969	-1612.723726	0.01056965107			
1610.163726	8	1	91	0.8078378886	0.01047480263		8.886412802	1.190981544	89.92260565				20.50708119	2.759451529	76.73346729	0	0	0	-1610.163726	0.8078378886	1230.89595864856	-1610.163726	0.01047480263			
1607.603726	8	1	91	0.8098976447	0.01038144242		8.943812345	1.202192018	89.85399564				20.62838324	2.775787542	76.59582922	0	0	0	-1607.603726	0.8098976447	1255.21455013348	-1607.603726	0.01038144242			
1605.043726	8	1	91	0.8119176472	0.0102895378		9.001014239	1.213443402	89.78554236				20.74926668	2.792030294	76.45870302	0	0	0	-1605.043726	0.8119176472	1279.81630481529	-1605.043726	0.0102895378			
1602.483726	8	1	91	0.8138989667	0.01019905715		9.058018316	1.224736216	89.71724547				20.8697344	2.808179749	76.32208585	0	0	0	-1602.483726	0.8138989667	1304.70188488022	-1602.483726	0.01019905715			
1599.923726	8	1	91	0.8158426375	0.01010996976		9.114824408	1.23607099	89.6491046				20.98978928	2.824235873	76.18597484	0	0	0	-1599.923726	0.8158426375	1329.8720911487	-1599.923726	0.01010996976			
1597.363726	8	1	91	0.8177496586	0.01002224585		9.171432342	1.247448263	89.58111939				21.10943422	2.840198634	76.05036715	0	0	0	-1597.363726	0.8177496586	1355.32767615725	-1597.363726	0.01002224585			
1594.803726	8	1	91	0.8196209957	0.009935856498		9.227841945	1.258868585	89.51328947				21.22867209	2.856068004	75.91525991	0	0	0	-1594.803726	0.8196209957	1381.06927463703	-1594.803726	0.009935856498			
1592.243726	8	1	91	0.8214575823	0.00985077363		9.284053037	1.270332513	89.44561445				21.34750577	2.871843958	75.78065027	0	0	0	-1592.243726	0.8214575823	1407.09758702912	-1592.243726	0.00985077363			
1589.683726	8	1	91	0.823260321	0.009766969989		9.340065433	1.281840617	89.37809395				21.46593814	2.887526472	75.64653539	0	0	0	-1589.683726	0.823260321	1433.41331054413	-1589.683726	0.009766969989			
1587.123726	8	1	91	0.8250300847	0.009684419086		9.395878945	1.293393476	89.31072758				21.58397208	2.903115524	75.5129124	0	0	0	-1587.123726	0.8250300847	1460.01708910071	-1587.123726	0.009684419086			
1584.563726	8	1	91	0.8267677179	0.009603095197		9.451493379	1.304991679	89.24351494				21.70161045	2.918611095	75.37977845	0	0	0	-1584.563726	0.8267677179	1486.90950570533	-1584.563726	0.009603095197			
1582.003726	8	1	91	0.8284740378	0.009522973319		9.506908532	1.316635827	89.17645564				21.81885613	2.934013167	75.24713071	0	0	0	-1582.003726	0.8284740378	1514.0912060456	-1582.003726	0.009522973319			
1579.443726	8	1	91	0.8301498352	0.009444029148		9.562124195	1.328326529	89.10954928				21.93571197	2.949321725	75.1149663	0	0	0	-1579.443726	0.8301498352	1541.56271630969	-1579.443726	0.009444029148			
1576.883726	8	1	91	0.8317958759	0.00936623906		9.617140154	1.340064408	89.04279544				22.05218086	2.964536754	74.98328239	0	0	0	-1576.883726	0.8317958759	1569.32464485401	-1576.883726	0.00936623906			
1574.323726	8	1	91	0.8334129011	0.009289580076		9.671956182	1.351850096	88.97619372				22.16826565	2.979658242	74.85207611	0	0	0	-1574.323726	0.8334129011	1597.3775688877	-1574.323726	0.009289580076			
1571.763726	8	1	91	0.8350016289	0.009214029853		9.726572047	1.363684237	88.90974372				22.28396919	2.994686177	74.72134463	0	0	0	-1571.763726	0.8350016289	1625.72186759228	-1571.763726	0.009214029853			
1569.203726	8	1	91	0.836562755	0.009139566652		9.780987504	1.375567488	88.84344501				22.39929436	3.009620549	74.59108509	0	0	0	-1569.203726	0.836562755	1654.35816933244	-1569.203726	0.009139566652			
1566.643726	8	1	91	0.8380969532	0.009066169321		9.835202299	1.387500515	88.77729719				22.51424401	3.02446135	74.46129464	0	0	0	-1566.643726	0.8380969532	1683.28694997145	-1566.643726	0.009066169321			
1564.083726	8	1	91	0.8396048768	0.008993817272		9.889216168	1.399483999	88.71129983				22.62882099	3.039208571	74.33197044	0	0	0	-1564.083726	0.8396048768	1712.50850173069	-1564.083726	0.008993817272			
1561.523726	8	1	91	0.8410871591	0.008922490469		9.943028834	1.411518632	88.64545253				22.74302816	3.053862204	74.20310963	0	0	0	-1561.523726	0.8410871591	1742.02337831218	-1561.523726	0.008922490469			
1558.963726	8	1	91	0.8425444139	0.008852169399		9.996640007	1.423605118	88.57975488				22.85686838	3.068422243	74.07470938	0	0	0	-1558.963726	0.8425444139	1771.83202507129	-1558.963726	0.008852169399			
1556.403726	8	1	91	0.8439772366	0.008782835067		10.05004938	1.435744174	88.51420644				22.97034449	3.082888682	73.94676682	0	0	0	-1556.403726	0.8439772366	1801.93468284472	-1556.403726	0.008782835067			
1553.843726	8	1	91	0.8453862048	0.008714468965		10.10325665	1.447936532	88.44880682				23.08345936	3.097261515	73.81927913	0	0	0	-1553.843726	0.8453862048	1832.33183703001	-1553.843726	0.008714468965			
1551.283726	8	1	91	0.8467718786	0.008647053068		10.15626147	1.460182934	88.38355559				23.19621582	3.111540735	73.69224344	0	0	0	-1551.283726	0.8467718786	1863.02379213291	-1551.283726	0.008647053068			
1548.723726	8	1	91	0.8481348018	0.008580569811		10.2090635	1.47248414	88.31845236				23.30861673	3.125726339	73.56565693	0	0	0	-1548.723726	0.8481348018	1894.0108648286	-1548.723726	0.008580569811			
1546.163726	8	1	91	0.8494755019	0.008515002075		10.26166238	1.484840919	88.2534967				23.42066494	3.139818319	73.43951674	0	0	0	-1546.163726	0.8494755019	1925.29329523026	-1546.163726	0.008515002075			
1543.603726	8	1	91	0.8507944913	0.008450333176		10.31405773	1.497254058	88.18868821				23.5323633	3.15381667	73.31382003	0	0	0	-1543.603726	0.8507944913	1956.8713377717	-1543.603726	0.008450333176			
1541.043726	8	1	91	0.8520922672	0.008386546845		10.36624915	1.509724357	88.1240265				23.64371466	3.167721386	73.18856395	0	0	0	-1541.043726	0.8520922672	1988.74540541394	-1541.043726	0.008386546845			
1538.483726	8	1	91	0.8533693125	0.008323627224		10.41823622	1.522252632	88.05951115				23.75472186	3.18153246	73.06374568	0	0	0	-1538.483726	0.8533693125	2020.91553959177	-1538.483726	0.008323627224			
1535.923726	8	1	91	0.8546260964	0.008261558841		10.4700185	1.534839712	87.99514178				23.86538775	3.195249885	72.93936236	0	0	0	-1535.923726	0.8546260964	2053.38189565754	-1535.923726	0.008261558841			
1533.363726	8	1	91	0.8558630746	0.00820032661		10.52159555	1.547486445	87.930918				23.97571519	3.208873652	72.81541116	0	0	0	-1533.363726	0.8558630746	2086.14488660277	-1533.363726	0.00820032661			
1530.803726	8	1	91	0.8570806897	0.008139915808		10.57296689	1.560193692	87.86683942				24.085707	3.222403752	72.69188924	0	0	0	-1530.803726	0.8570806897	2119.20448213919	-1530.803726	0.008139915808			
1528.243726	8	1	91	0.8582793722	0.008080312071		10.624132	1.572962331	87.80290566				24.19536606	3.235840175	72.56879377	0	0	0	-1528.243726	0.8582793722	2152.56070031145	-1528.243726	0.008080312071			
1525.683726	8	1	91	0.8594595403	0.008021501381		10.67509039	1.585793258	87.73911636				24.3046952	3.24918291	72.44612189	0	0	0	-1525.683726	0.8594595403	2186.2138068081	-1525.683726	0.008021501381			
1523.123726	8	1	91	0.8606216006	0.007963470055		10.72584149	1.598687384	87.67547113				24.41369726	3.262431943	72.32387079	0	0	0	-1523.123726	0.8606216006	2220.1638845666	-1523.123726	0.007963470055			
1520.563726	8	1	91	0.8617659484	0.007906204734		10.77638473	1.61164564	87.61196963				24.52237511	3.275587261	72.20203763	0	0	0	-1520.563726	0.8617659484	2254.41095548391	-1520.563726	0.007906204734			
1518.003726	8	1	91	0.8628929682	0.007849692372		10.82671953	1.624668972	87.5486115				24.63073159	3.288648847	72.08061956	0	0	0	-1518.003726	0.8628929682	2288.95506166234	-1518.003726	0.007849692372			
1515.443726	8	1	91	0.8640030339	0.007793920233		10.87684525	1.637758347	87.4853964				24.73876955	3.301616682	71.95961377	0	0	0	-1515.443726	0.8640030339	2323.79600534492	-1515.443726	0.007793920233			
1512.883726	8	1	91	0.8650965095	0.007738875873		10.92676125	1.650914749	87.422324				24.84649184	3.314490748	71.83901742	0	0	0	-1512.883726	0.8650965095	2358.93399057684	-1512.883726	0.007738875873			
1510.323726	8	1	91	0.8661737487	0.007684547137		10.97646685	1.664139181	87.35939397				24.9539013	3.327271022	71.71882767	0	0	0	-1510.323726	0.8661737487	2394.36889408018	-1510.323726	0.007684547137			
1507.763726	8	1	91	0.8672350962	0.007630922149		11.02596134	1.677432669	87.29660599				25.06100081	3.339957479	71.59904171	0	0	0	-1507.763726	0.8672350962	2430.10054322719	-1507.763726	0.007630922149			
1505.203726	8	1	91	0.8682808871	0.007577989302		11.07524397	1.690796255	87.23395977				25.1677932	3.352550093	71.47965671	0	0	0	-1505.203726	0.8682808871	2466.12903906905	-1505.203726	0.007577989302			
1502.643726	8	1	91	0.8693114478	0.007525737255		11.12431398	1.704231004	87.17145501				25.27428134	3.365048834	71.36066983	0	0	0	-1502.643726	0.8693114478	2502.45400095404	-1502.643726	0.007525737255			
1500.083726	8	1	91	0.8703270961	0.007474154919		11.17317056	1.717738002	87.10909144				25.38046808	3.377453669	71.24207826	0	0	0	-1500.083726	0.8703270961	2539.07544652443	-1500.083726	0.007474154919			
1497.523726	8	1	91	0.8713281413	0.007423231454		11.22181287	1.731318357	87.04686877				25.48635627	3.389764564	71.12387916	0	0	0	-1497.523726	0.8713281413	2575.99302901598	-1497.523726	0.007423231454			
1494.963726	8	1	91	0.8723148849	0.007372956259		11.27024004	1.744973197	86.98478676				25.59194879	3.401981479	71.00606973	0	0	0	-1494.963726	0.8723148849	2613.20682885559	-1494.963726	0.007372956259			
1492.403726	8	1	91	0.8732876201	0.007323318969		11.31845115	1.758703677	86.92284517				25.69724849	3.414104373	70.88864714	0	0	0	-1492.403726	0.8732876201	2650.71645234907	-1492.403726	0.007323318969			
1489.843726	8	1	91	0.8742466331	0.007274309444		11.36644526	1.772510973	86.86104377				25.80225823	3.426133201	70.77160857	0	0	0	-1489.843726	0.8742466331	2688.52137429219	-1489.843726	0.007274309444			
1487.283726	8	1	91	0.8751922024	0.007225917766		11.41422138	1.786396285	86.79938234				25.90698089	3.438067913	70.6549512	0	0	0	-1487.283726	0.8751922024	2726.6217783173	-1487.283726	0.007225917766			
1484.723726	8	1	91	0.8761245994	0.007178134231		11.46177847	1.800360838	86.7378607				26.01141933	3.449908457	70.53867222	0	0	0	-1484.723726	0.8761245994	2765.01705983058	-1484.723726	0.007178134231			
1482.163726	8	1	91	0.8770440888	0.007130949342		11.50911546	1.814405884	86.67647865				26.11557642	3.461654777	70.42276881	0	0	0	-1482.163726	0.8770440888	2803.70677623459	-1482.163726	0.007130949342			
1479.603726	8	1	91	0.8779509285	0.007084353808		11.55623125	1.8285327	86.61523605				26.21945503	3.473306812	70.30723815	0	0	0	-1479.603726	0.8779509285	2842.69093181589	-1479.603726	0.007084353808			
1477.043726	8	1	91	0.8788453698	0.007038338531		11.60312467	1.842742589	86.55413274				26.32305805	3.484864496	70.19207745	0	0	0	-1477.043726	0.8788453698	2881.9690472877	-1477.043726	0.007038338531			
1474.483726	8	1	91	0.8797276579	0.006992894607		11.64979452	1.857036883	86.4931686				26.42638836	3.496327759	70.07728388	0	0	0	-1474.483726	0.8797276579	2921.54043925781	-1474.483726	0.006992894607			
1471.923726	8	1	91	0.8805980319	0.006948013319		11.69623954	1.871416942	86.43234352				26.52944883	3.507696528	69.96285464	0	0	0	-1471.923726	0.8805980319	2961.40482988503	-1471.923726	0.006948013319			
1469.363726	8	1	91	0.8814567249	0.006903686129		11.74245843	1.885884155	86.37165741				26.63224235	3.518970723	69.84878693	0	0	0	-1469.363726	0.8814567249	3001.56167192742	-1469.363726	0.006903686129			
1466.803726	8	1	91	0.8823039644	0.006859904678		11.78844984	1.900439941	86.31111022				26.73477182	3.530150259	69.73507792	0	0	0	-1466.803726	0.8823039644	3042.01049190552	-1466.803726	0.006859904678			
1464.243726	8	1	91	0.8831399722	0.006816660779		11.83421236	1.915085749	86.25070189				26.83704012	3.541235048	69.62172483	0	0	0	-1464.243726	0.8831399722	3082.75083179672	-1464.243726	0.006816660779			
1461.683726	8	1	91	0.8839649648	0.006773946409		11.87974453	1.929823063	86.19043241				26.93905016	3.552224993	69.50872485	0	0	0	-1461.683726	0.8839649648	3123.78208763522	-1461.683726	0.006773946409			
1459.123726	8	1	91	0.8847791534	0.006731753711		11.92504483	1.944653395	86.13030178				27.04080484	3.563119995	69.39607517	0	0	0	-1459.123726	0.8847791534	3165.10383111766	-1459.123726	0.006731753711			
1456.563726	8	1	91	0.8855827441	0.006690074986		11.97011168	1.959578295	86.07031002				27.14230706	3.573919946	69.283773	0	0	0	-1456.563726	0.8855827441	3206.71542435924	-1456.563726	0.006690074986			
1454.003726	8	1	91	0.8863759381	0.006648902688		12.01494346	1.974599343	86.01045719				27.24355974	3.584624733	69.17181553	0	0	0	-1454.003726	0.8863759381	3248.61597330261	-1454.003726	0.006648902688			
1451.443726	8	1	91	0.8871589319	0.006608229424		12.05953847	1.989718159	85.95074337				27.34456579	3.595234239	69.06019997	0	0	0	-1451.443726	0.8871589319	3290.80471104925	-1451.443726	0.006608229424			
1448.883726	8	1	91	0.8879319173	0.006568047945		12.10389494	2.004936398	85.89116866				27.44532813	3.605748337	68.94892353	0	0	0	-1448.883726	0.8879319173	3333.28142205711	-1448.883726	0.006568047945			
1446.323726	8	1	91	0.8886950814	0.006528351148		12.14801105	2.020255751	85.8317332				27.5458497	3.616166895	68.8379834	0	0	0	-1446.323726	0.8886950814	3376.04558413522	-1446.323726	0.006528351148			
1443.763726	8	1	91	0.889448607	0.006489132066		12.19188491	2.03567795	85.77243714				27.64613343	3.626489774	68.7273768	0	0	0	-1443.763726	0.889448607	3419.0956530478	-1443.763726	0.006489132066			
1441.203726	8	1	91	0.8901926729	0.006450383871		12.23551454	2.051204767	85.71328069				27.74618224	3.636716828	68.61710093	0	0	0	-1441.203726	0.8901926729	3462.43106280709	-1441.203726	0.006450383871			
1438.643726	8	1	91	0.8909274534	0.006412099865		12.27889791	2.066838014	85.65426407				27.8459991	3.646847904	68.50715299	0	0	0	-1438.643726	0.8909274534	3506.05175061766	-1438.643726	0.006412099865			
1436.083726	8	1	91	0.8916531188	0.00637427348		12.32203291	2.082579548	85.59538754				27.94558695	3.656882839	68.39753021	0	0	0	-1436.083726	0.8916531188	3549.95630862469	-1436.083726	0.00637427348			
1433.523726	8	1	91	0.8923698357	0.006336898276		12.36491735	2.098431267	85.53665138				28.04494875	3.666821465	68.28822978	0	0	0	-1433.523726	0.8923698357	3594.14357861151	-1433.523726	0.006336898276			
1430.963726	8	1	91	0.8930777668	0.006299967933		12.40754896	2.114395117	85.47805592				28.14408747	3.676663605	68.17924892	0	0	0	-1430.963726	0.8930777668	3638.61340289896	-1430.963726	0.006299967933			
1428.403726	8	1	91	0.8937770709	0.006263476254		12.44992538	2.130473088	85.41960153				28.24300608	3.686409073	68.07058485	0	0	0	-1428.403726	0.8937770709	3683.36458993361	-1428.403726	0.006263476254			
1425.843726	8	1	91	0.8944679035	0.006227417157		12.49204418	2.146667221	85.3612886				28.34170756	3.696057676	67.96223477	0	0	0	-1425.843726	0.8944679035	3728.39595923731	-1425.843726	0.006227417157			
1423.283726	8	1	91	0.8951504164	0.006191784676		12.53390283	2.162979605	85.30311756				28.4401949	3.705609209	67.85419589	0	0	0	-1423.283726	0.8951504164	3773.70676410555	-1423.283726	0.006191784676			
1420.723726	8	1	91	0.8958247581	0.006156572956		12.57549871	2.179412382	85.24508891				28.5384711	3.715063462	67.74646543	0	0	0	-1420.723726	0.8958247581	3819.29625907953	-1420.723726	0.006156572956			
1418.163726	8	1	91	0.8964910736	0.006121776252		12.61682911	2.195967746	85.18720314				28.63653918	3.724420212	67.63904061	0	0	0	-1418.163726	0.8964910736	3865.16300221906	-1418.163726	0.006121776252			
1415.603726	8	1	91	0.897149505	0.006087388927		12.65789122	2.212647945	85.12946084				28.73440214	3.733679229	67.53191863	0	0	0	-1415.603726	0.897149505	3911.30609412485	-1415.603726	0.006087388927			
1413.043726	8	1	91	0.8978001909	0.006053405447		12.69868213	2.229455287	85.07186259				28.83206301	3.742840271	67.42509672	0	0	0	-1413.043726	0.8978001909	3957.72474365192	-1413.043726	0.006053405447			
1410.483726	8	1	91	0.8984432671	0.00601982038		12.73919882	2.246392135	85.01440905				28.92952483	3.751903088	67.31857208	0	0	0	-1410.483726	0.8984432671	4004.41749784296	-1410.483726	0.00601982038			
1407.923726	8	1	91	0.8990788663	0.005986628394		12.77943818	2.263460914	84.95710091				29.02679065	3.760867417	67.21234193	0	0	0	-1407.923726	0.8990788663	4051.38363757027	-1407.923726	0.005986628394			
1405.363726	8	1	91	0.8997071183	0.005953824258		12.81939697	2.280664113	84.89993892				29.12386353	3.769732986	67.10640348	0	0	0	-1405.363726	0.8997071183	4098.62165144541	-1405.363726	0.005953824258			
1402.803726	8	1	91	0.9003281502	0.005921402833		12.85907184	2.298004284	84.84292388				29.22074655	3.778499511	67.00075394	0	0	0	-1402.803726	0.9003281502	4146.13015819824	-1402.803726	0.005921402833			
1400.243726	8	1	91	0.9009420863	0.005889359078		12.89845932	2.315484047	84.78605663				29.31744277	3.787166697	66.89539053	0	0	0	-1400.243726	0.9009420863	4193.90856656396	-1400.243726	0.005889359078			
1397.683726	8	1	91	0.9015490481	0.005857688039		12.93755584	2.333106092	84.72933807				29.41395531	3.795734236	66.79031046	0	0	0	-1397.683726	0.9015490481	4241.95537404986	-1397.683726	0.005857688039			
1395.123726	8	1	91	0.9021491547	0.005826384857		12.97635766	2.35087318	84.67276916				29.51028726	3.80420181	66.68551093	0	0	0	-1395.123726	0.9021491547	4290.26921490583	-1395.123726	0.005826384857			
1392.563726	8	1	91	0.9027425225	0.005795444759		13.01486094	2.368788147	84.61635091				29.60644176	3.812569086	66.58098915	0	0	0	-1392.563726	0.9027425225	4338.84912407093	-1392.563726	0.005795444759			
1390.003726	8	1	91	0.9033292655	0.005764863061		13.05306169	2.386853905	84.5600844				29.70242195	3.82083572	66.47674234	0	0	0	-1390.003726	0.9033292655	4387.69313574031	-1390.003726	0.005764863061			
1387.443726	8	1	91	0.9039094954	0.005734635161		13.0909558	2.405073449	84.50397075				29.79823097	3.829001354	66.37276768	0	0	0	-1387.443726	0.9039094954	4436.8004804209	-1387.443726	0.005734635161			
1384.883726	8	1	91	0.9044833213	0.005704756546		13.12853898	2.423449854	84.44801117				29.89387199	3.837065617	66.26906239	0	0	0	-1384.883726	0.9044833213	4486.16963205998	-1384.883726	0.005704756546			
1382.323726	8	1	91	0.9050508503	0.005675222781		13.1658068	2.441986283	84.39220691				29.98934821	3.845028122	66.16562367	0	0	0	-1382.323726	0.9050508503	4535.79919109019	-1382.323726	0.005675222781			
1379.763726	8	1	91	0.905612187	0.005646029514		13.2027547	2.460685986	84.33655931				30.08466283	3.852888472	66.0624487	0	0	0	-1379.763726	0.905612187	4585.68768817402	-1379.763726	0.005646029514			
1377.203726	8	1	91	0.9061674341	0.005617172475		13.23937793	2.479552307	84.28106976				30.17981906	3.860646249	65.95953469	0	0	0	-1377.203726	0.9061674341	4635.83291088759	-1377.203726	0.005617172475			
1374.643726	8	1	91	0.9067166921	0.005588647468		13.27567158	2.498588687	84.22573973				30.27482016	3.868301025	65.85687882	0	0	0	-1374.643726	0.9067166921	4686.23471028667	-1374.643726	0.005588647468			
1372.083726	8	1	91	0.9072600592	0.00556045038		13.31163055	2.517798665	84.17057078				30.36966937	3.875852354	65.75447827	0	0	0	-1372.083726	0.9072600592	4736.8912280813	-1372.083726	0.00556045038			
1369.523726	8	1	91	0.9077976319	0.005532577171		13.3472496	2.537185884	84.11556452				30.46436999	3.883299774	65.65233024	0	0	0	-1369.523726	0.9077976319	4787.80020064969	-1369.523726	0.005532577171			
1366.963726	8	1	91	0.9083295046	0.005505023878		13.38252325	2.556754095	84.06072265				30.55892531	3.890642806	65.55043188	0	0	0	-1366.963726	0.9083295046	4838.96057873436	-1366.963726	0.005505023878			
1364.403726	8	1	91	0.9088557698	0.005477786613		13.41744587	2.576507162	84.00604696				30.65333866	3.897880955	65.44878039	0	0	0	-1364.403726	0.9088557698	4890.36990910805	-1364.403726	0.005477786613			
1361.843726	8	1	91	0.9093765183	0.005450861562		13.45201161	2.596449062	83.95153933				30.74761339	3.905013707	65.34737291	0	0	0	-1361.843726	0.9093765183	4942.02758158136	-1361.843726	0.005450861562			
1359.283726	8	1	91	0.9098918387	0.005424244985		13.48621441	2.616583897	83.8972017				30.84175286	3.912040531	65.2462066	0	0	0	-1359.283726	0.9098918387	4993.95327369682	-1359.283726	0.005424244985			
1356.723726	8	1	91	0.9104018139	0.005397886497		13.52004602	2.636916046	83.84303793				30.93575969	3.918960814	65.1452795	0	0	0	-1356.723726	0.9104018139	5046.0980743352	-1356.723726	0.005397886497			
1354.163726	8	1	91	0.9109065384	0.005371928149		13.55350412	2.65744954	83.78904634				31.02963899	3.925774116	65.04458689	0	0	0	-1354.163726	0.9109065384	5098.45716709588	-1354.163726	0.005371928149			
1351.603726	8	1	91	0.9114060925	0.00534623123		13.58658044	2.678188988	83.73523057				31.12339361	3.932479801	64.94412659	0	0	0	-1351.603726	0.9114060925	5151.06749574127	-1351.603726	0.00534623123			
1349.043726	8	1	91	0.9119005592	0.005320839339		13.61926849	2.699138983	83.68159253				31.2170272	3.939077272	64.84389553	0	0	0	-1349.043726	0.9119005592	5203.90536312475	-1349.043726	0.005320839339			
1346.483726	8	1	91	0.9123900199	0.005295749315		13.65156152	2.720304263	83.62813422				31.31054347	3.945565911	64.74389062	0	0	0	-1346.483726	0.9123900199	5256.96836275597	-1346.483726	0.005295749315			
1343.923726	8	1	91	0.9128745544	0.005270958048		13.68345255	2.741689714	83.57485774				31.40394618	3.95194508	64.64410875	0	0	0	-1343.923726	0.9128745544	5310.25446526554	-1343.923726	0.005270958048			
1341.363726	8	1	91	0.9133542409	0.005246462501		13.71493434	2.76330038	83.52176528				31.49723908	3.958214115	64.5445468	0	0	0	-1341.363726	0.9133542409	5363.75975623606	-1341.363726	0.005246462501			
1338.803726	8	1	91	0.9138291564	0.005222259711		13.7459994	2.785141466	83.46885914				31.59042602	3.964372333	64.44520165	0	0	0	-1338.803726	0.9138291564	5417.48183707222	-1338.803726	0.005222259711			
1336.243726	8	1	91	0.9142993761	0.00519834679		13.77663995	2.807218347	83.41614171				31.68351083	3.970419024	64.34607015	0	0	0	-1336.243726	0.9142993761	5471.41854976892	-1336.243726	0.00519834679			
1333.683726	8	1	91	0.914764974	0.005174720926		13.80684793	2.829536575	83.3636155				31.77649743	3.976353454	64.24714911	0	0	0	-1333.683726	0.914764974	5525.56584571725	-1333.683726	0.005174720926			
1331.123726	8	1	91	0.9152260227	0.005151379379		13.83661499	2.852101888	83.31128313				31.86938976	3.982174864	64.14843537	0	0	0	-1331.123726	0.9152260227	5579.92173671157	-1331.123726	0.005151379379			
1328.563726	8	1	91	0.9156825933	0.005128319487		13.86593246	2.874920214	83.25914733				31.96219182	3.987882468	64.04992571	0	0	0	-1328.563726	0.9156825933	5634.48209712562	-1328.563726	0.005128319487			
1326.003726	8	1	91	0.9161347559	0.005105538664		13.89479135	2.897997685	83.20721097				32.05490764	3.993475453	63.95161691	0	0	0	-1326.003726	0.9161347559	5689.24445952685	-1326.003726	0.005105538664			
1323.443726	8	1	91	0.9165825789	0.005083034401		13.92318234	2.921340642	83.15547702				32.14754132	3.998952977	63.8535057	0	0	0	-1323.443726	0.9165825789	5744.20656109738	-1323.443726	0.005083034401			
1320.883726	8	1	91	0.9170261297	0.005060804266		13.95109576	2.944955645	83.10394859				32.24009699	4.004314169	63.75558884	0	0	0	-1320.883726	0.9170261297	5799.36269417632	-1320.883726	0.005060804266			
1318.323726	8	1	91	0.9174654746	0.005038845907		13.97852157	2.968849486	83.05262894				32.33257887	4.009558129	63.657863	0	0	0	-1318.323726	0.9174654746	5854.71066466685	-1318.323726	0.005038845907			
1315.763726	8	1	91	0.9179006784	0.00501715705		14.00544935	2.993029197	83.00152146				32.4249912	4.014683922	63.56032488	0	0	0	-1315.763726	0.9179006784	5910.24649492041	-1315.763726	0.00501715705			
1313.203726	8	1	91	0.9183318051	0.004995735506		14.03186827	3.01750206	82.95062967				32.5173383	4.019690586	63.46297111	0	0	0	-1313.203726	0.9183318051	5965.9666597604	-1313.203726	0.004995735506			
1310.643726	8	1	91	0.9187589172	0.004974579166		14.05776712	3.042275624	82.89995726				32.60962456	4.02457712	63.36579832	0	0	0	-1310.643726	0.9187589172	6021.86775291482	-1310.643726	0.004974579166			
1308.083726	8	1	91	0.9191820764	0.004953686006		14.08313422	3.06735771	82.84950807				32.70185441	4.02934249	63.2688031	0	0	0	-1308.083726	0.9191820764	6077.94540341805	-1308.083726	0.004953686006			
1305.523726	8	1	91	0.9196013431	0.00493305409		14.10795745	3.092756432	82.79928612				32.79403238	4.033985628	63.171982	0	0	0	-1305.523726	0.9196013431	6134.19534900076	-1305.523726	0.00493305409			
1302.963726	8	1	91	0.9200167769	0.004912681568		14.13222422	3.118480207	82.74929557				32.88616304	4.038505425	63.07533154	0	0	0	-1302.963726	0.9200167769	6190.6121987115	-1302.963726	0.004912681568			
1300.403726	8	1	91	0.9204284363	0.004892566683		14.15592144	3.144537769	82.69954079				32.97825106	4.042900735	62.9788482	0	0	0	-1300.403726	0.9204284363	6230.74939519724	-1300.403726	0.004892566683			
1297.843726	8	1	91	0.920838514	0.004898226814		14.17928122	3.171015186	82.64970359				33.07078543	4.047192425	62.88202214	0	0	0	-1297.843726	0.920838514	6287.89855405556	-1297.843726	0.004898226814			
1295.283726	8	1	91	0.9212427817	0.004853052557		14.20179675	3.197768593	82.60043466				33.16280166	4.051334884	62.78586346	0	0	0	-1295.283726	0.9212427817	6361.10989324935	-1295.283726	0.004853052557			
1292.723726	8	1	91	0.9216434374	0.004833623578		14.22369989	3.224883918	82.55141619				33.25478926	4.055349059	62.68986168	0	0	0	-1292.723726	0.9216434374	6418.20095313758	-1292.723726	0.004833623578			
1290.163726	8	1	91	0.9220405446	0.004814542336		14.24497589	3.252371557	82.50265256				33.34675404	4.059233753	62.5940122	0	0	0	-1290.163726	0.9220405446	6475.37171349635	-1290.163726	0.004814542336			
1287.603726	8	1	91	0.9224341565	0.004795705152		14.26560869	3.280242081	82.45414923				33.43870099	4.062987595	62.49831141	0	0	0	-1287.603726	0.9224341565	6532.67974985705	-1287.603726	0.004795705152			
1285.043726	8	1	91	0.9228243267	0.00477712368		14.28558179	3.308506527	82.40591168				33.53063543	4.066609174	62.4027554	0	0	0	-1285.043726	0.9228243267	6590.11126645495	-1285.043726	0.00477712368			
1282.483726	8	1	91	0.9232111077	0.004758798569		14.30487798	3.337176391	82.35794563				33.62256282	4.070097027	62.30734015	0	0	0	-1282.483726	0.9232111077	6647.65778068174	-1282.483726	0.004758798569			
1279.923726	8	1	91	0.9235945517	0.004740730481		14.32347935	3.366263651	82.310257				33.71448878	4.073449641	62.21206158	0	0	0	-1279.923726	0.9235945517	6705.30839674082	-1279.923726	0.004740730481			
1277.363726	8	1	91	0.9239747101	0.004722920222		14.34136728	3.395780795	82.26285193				33.80641905	4.076665444	62.1169155	0	0	0	-1277.363726	0.9239747101	6763.0564749189	-1277.363726	0.004722920222			
1274.803726	8	1	91	0.9243516335	0.004705368748		14.35852233	3.425740846	82.21573682				33.89835957	4.079742807	62.02189762	0	0	0	-1274.803726	0.9243516335	6820.89278302123	-1274.803726	0.004705368748			
1272.243726	8	1	91	0.924725372	0.004688077164		14.37492427	3.456157396	82.16891833				33.99031641	4.082680039	61.92700356	0	0	0	-1272.243726	0.924725372	6878.80443398177	-1272.243726	0.004688077164			
1269.683726	8	1	91	0.9250959753	0.004671046733		14.39055199	3.487044631	82.12240338				34.08229581	4.085475387	61.8322288	0	0	0	-1269.683726	0.9250959753	6936.78312626057	-1269.683726	0.004671046733			
1267.123726	8	1	91	0.9254634921	0.004654278884		14.40538349	3.518417373	82.07619914				34.17430421	4.088127028	61.73756876	0	0	0	-1267.123726	0.9254634921	6994.81853003076	-1267.123726	0.004654278884			
1264.563726	8	1	91	0.9258279709	0.004637775219		14.41939579	3.55029111	82.0303131				34.26634823	4.09063307	61.6430187	0	0	0	-1264.563726	0.9258279709	7052.8975949842	-1264.563726	0.004637775219			
1262.003726	8	1	91	0.9261894595	0.004621537523		14.43256493	3.582682038	81.98475304				34.35843469	4.092991546	61.54857377	0	0	0	-1262.003726	0.9261894595	7111.0089318785	-1262.003726	0.004621537523			
1259.443726	8	1	91	0.9265480053	0.00460556777		14.44486585	3.6156071	81.93952705				34.4505706	4.09520041	61.45422899	0	0	0	-1259.443726	0.9265480053	7169.14221983406	-1259.443726	0.00460556777			
1256.883726	8	1	91	0.9269036549	0.004589868136		14.45627239	3.649084034	81.89464358				34.54276321	4.097257536	61.35997925	0	0	0	-1256.883726	0.9269036549	7227.28185682531	-1256.883726	0.004589868136			
1254.323726	8	1	91	0.927256455	0.004574441006		14.4667572	3.683131415	81.85011138				34.63502	4.099160711	61.26581929	0	0	0	-1254.323726	0.927256455	7285.41435732803	-1254.323726	0.004574441006			
1251.763726	8	1	91	0.9276064513	0.004559288989		14.47629169	3.717768712	81.8059396				34.72734865	4.100907629	61.17174372	0	0	0	-1251.763726	0.9276064513	7343.52787378729	-1251.763726	0.004559288989			
1249.203726	8	1	91	0.9279536894	0.004544414927		14.48484591	3.753016339	81.76213775				34.81975715	4.10249589	61.07774696	0	0	0	-1249.203726	0.9279536894	7401.60434076296	-1249.203726	0.004544414927			
1246.643726	8	1	91	0.9282982145	0.00452982191		14.49238855	3.788895714	81.71871574				34.91225371	4.103922993	60.9838233	0	0	0	-1246.643726	0.9282982145	7459.62962429611	-1246.643726	0.00452982191			
1244.083726	8	1	91	0.9286400713	0.004515513289		14.49888679	3.825429323	81.67568389				35.00484683	4.105186329	60.88996684	0	0	0	-1244.083726	0.9286400713	7517.58721160562	-1244.083726	0.004515513289			
1241.523726	8	1	91	0.9289793043	0.00450149269		14.50430624	3.862640787	81.63305297				35.09754532	4.106283177	60.79617151	0	0	0	-1241.523726	0.9289793043	7575.45932720757	-1241.523726	0.00450149269			
1238.963726	8	1	91	0.9293159576	0.004487764032		14.50861088	3.900554936	81.59083419				35.19035827	4.107210698	60.70243103	0	0	0	-1238.963726	0.9293159576	7633.22900053174	-1238.963726	0.004487764032			
1236.403726	8	1	91	0.929650075	0.004474331545		14.51176289	3.939197886	81.54903923				35.28329513	4.107965924	60.60873894	0	0	0	-1236.403726	0.929650075	7690.87674881475	-1236.403726	0.004474331545			
1233.843726	8	1	91	0.9299817001	0.004461199784		14.51372259	3.978597125	81.50768029				35.37636567	4.108545758	60.51508857	0	0	0	-1233.843726	0.9299817001	7748.38160753373	-1233.843726	0.004461199784			
1231.283726	8	1	91	0.9303108763	0.004448373656		14.51444833	4.018781604	81.46677007				35.46958003	4.108946959	60.42147301	0	0	0	-1231.283726	0.9303108763	7805.7234366552	-1231.283726	0.004448373656			
1228.723726	8	1	91	0.9306376467	0.004435858438		14.51389634	4.059781834	81.42632183				35.56294873	4.109166138	60.32788513	0	0	0	-1228.723726	0.9306376467	7862.87931114131	-1228.723726	0.004435858438			
1226.163726	8	1	91	0.9309620544	0.004423659792		14.51202063	4.101629993	81.38634938				35.6564827	4.109199745	60.23431755	0	0	0	-1226.163726	0.9309620544	7919.82722755284	-1226.163726	0.004423659792			
1223.603726	8	1	91	0.9312841421	0.004411783809		14.50877281	4.14436004	81.34686715				35.7501933	4.109044064	60.14076263	0	0	0	-1223.603726	0.9312841421	7976.54344101915	-1223.603726	0.004411783809			
1221.043726	8	1	91	0.9316039526	0.004400237021		14.50410198	4.188007841	81.30789018				35.84409235	4.108695201	60.04721245	0	0	0	-1221.043726	0.9316039526	8033.00015304539	-1221.043726	0.004400237021			
1218.483726	8	1	91	0.9319215286	0.004389026435		14.49795456	4.232611298	81.26943415				35.93819213	4.108149069	59.9536588	0	0	0	-1218.483726	0.9319215286	8089.17149557547	-1218.483726	0.004389026435			
1215.923726	8	1	91	0.9322369127	0.004378159563		14.49027407	4.2782105	81.23151543				36.03250545	4.10740138	59.86009317	0	0	0	-1215.923726	0.9322369127	8145.02722863512	-1215.923726	0.004378159563			
1213.363726	8	1	91	0.9325501477	0.004367644459		14.48100104	4.324847873	81.19415109				36.12704565	4.106447632	59.76650672	0	0	0	-1213.363726	0.9325501477	8200.54058764854	-1213.363726	0.004367644459			
1210.803726	8	1	91	0.932861276	0.004357489751		14.47007271	4.372568353	81.15735894				36.22182665	4.10528309	59.67289026	0	0	0	-1210.803726	0.932861276	8255.67880904799	-1210.803726	0.004357489751			
1208.243726	8	1	91	0.9331703406	0.004347704681		14.45742289	4.42141957	81.12115754				36.31686297	4.103902778	59.57923425	0	0	0	-1208.243726	0.9331703406	8310.40609948593	-1208.243726	0.004347704681			
1205.683726	8	1	91	0.9334773843	0.004338299151		14.44298169	4.471452043	81.08556626				36.41216979	4.102301454	59.48552875	0	0	0	-1205.683726	0.9334773843	8364.68976823838	-1205.683726	0.004338299151			
1203.123726	8	1	91	0.9337824502	0.004329283759		14.42667532	4.522719396	81.05060528				36.50776298	4.1004736	59.39176342	0	0	0	-1203.123726	0.9337824502	8418.49256967394	-1203.123726	0.004329283759			
1200.563726	8	1	91	0.9340855815	0.004320669857		14.4084258	4.575278591	81.01629561				36.60365913	4.098413396	59.29792748	0	0	0	-1200.563726	0.9340855815	8471.77506156267	-1200.563726	0.004320669857			
1198.003726	8	1	91	0.9343868218	0.004312469595		14.38815067	4.629190178	80.98265915				36.69987561	4.096114704	59.20400968	0	0	0	-1198.003726	0.9343868218	8524.49429219634	-1198.003726	0.004312469595			
1195.443726	8	1	91	0.934686215	0.00430469598		14.36576275	4.684518569	80.94971869				36.79643065	4.093571039	59.10999831	0	0	0	-1195.443726	0.934686215	8576.61079556312	-1195.443726	0.00430469598			
1192.883726	8	1	91	0.9349838051	0.004297362931		14.34116977	4.741332328	80.9174979				36.89334333	4.090775552	59.01588112	0	0	0	-1192.883726	0.9349838051	8628.07709084919	-1192.883726	0.004297362931			
1190.323726	8	1	91	0.9352796369	0.004290485342		14.3142741	4.799704489	80.88602141				36.9906337	4.087720994	58.92164531	0	0	0	-1190.323726	0.9352796369	8678.84058940698	-1190.323726	0.004290485342			
1187.763726	8	1	91	0.9355737556	0.004284078902		14.28497114	4.859712924	80.85531594				37.08832282	4.084399695	58.82727749	0	0	0	-1187.763726	0.9355737556	8728.85505734266	-1187.763726	0.004284078902			
1185.203726	8	1	91	0.9358662067	0.004278161125		14.25315386	4.921440541	80.8254056				37.18643281	4.080803525	58.73276366	0	0	0	-1185.203726	0.9358662067	8778.0644671908	-1185.203726	0.004278161125			
1182.643726	8	1	91	0.9361570367	0.004272749997		14.21870507	4.984976012	80.79631892				37.28498698	4.076923862	58.63808916	0	0	0	-1182.643726	0.9361570367	8826.41206509204	-1182.643726	0.004272749997			
1180.083726	8	1	91	0.9364462924	0.004267864986		14.18150193	5.050413923	80.76808415				37.38400983	4.072751555	58.54323861	0	0	0	-1180.083726	0.9364462924	8873.83998264553	-1180.083726	0.004267864986			
1177.523726	8	1	91	0.9367340216	0.004263526882		14.14141433	5.1178553	80.74073037				37.48352721	4.06827688	58.44819591	0	0	0	-1177.523726	0.9367340216	8920.28037127289	-1177.523726	0.004263526882			
1174.963726	8	1	91	0.937020273	0.004259757869		14.09830449	5.187408083	80.71428742				37.58356637	4.063489498	58.35294413	0	0	0	-1174.963726	0.937020273	8965.67062013371	-1174.963726	0.004259757869			
1172.403726	8	1	91	0.9373050959	0.004256581599		14.05202653	5.259187625	80.68878584				37.68415605	4.058378402	58.25746554	0	0	0	-1172.403726	0.9373050959	9009.94091849182	-1172.403726	0.004256581599			
1169.843726	8	1	91	0.9375885409	0.004254023257		14.0024261	5.333317213	80.66425669				37.78532663	4.052931867	58.1617415	0	0	0	-1169.843726	0.9375885409	9053.01600624385	-1169.843726	0.004254023257			
1167.283726	8	1	91	0.9378706595	0.004252109617		13.94933999	5.409928605	80.6407314				37.88711019	4.047137393	58.06575242	0	0	0	-1167.283726	0.9378706595	9094.82127609336	-1167.283726	0.004252109617			
1164.723726	8	1	91	0.9381515044	0.004250869092		13.89259586	5.489162572	80.61824157				37.98954064	4.040981637	57.96947772	0	0	0	-1164.723726	0.9381515044	9135.27500520153	-1164.723726	0.004250869092			
1162.163726	8	1	91	0.9384311296	0.004250331752		13.83201191	5.571169441	80.59681865				38.09265388	4.034450352	57.87289577	0	0	0	-1162.163726	0.9384311296	9174.29482445053	-1162.163726	0.004250331752			
1159.603726	8	1	91	0.9387095903	0.004250529336		13.76739676	5.656109611	80.57649363				38.19648786	4.02752831	57.77598383	0	0	0	-1159.603726	0.9387095903	9211.79285657707	-1159.603726	0.004250529336			
1157.043726	8	1	91	0.9389869433	0.00425149521		13.69854941	5.744154039	80.55729655				38.30108279	4.020199225	57.67871799	0	0	0	-1157.043726	0.9389869433	9259.88993640013	-1157.043726	0.00425149521			
1154.483726	8	1	91	0.939262524	0.004242136616		13.62517705	5.835425897	80.53939705				38.40620385	4.012466389	57.58132976	0	0	0	-1154.483726	0.939262524	9293.92072749334	-1154.483726	0.004242136616			
1151.923726	8	1	91	0.9395378413	0.004255893245		13.54722891	5.930233493	80.5225376				38.51245122	4.004269921	57.48327886	0	0	0	-1151.923726	0.9395378413	9314.13480153175	-1151.923726	0.004255893245			
1149.363726	8	1	91	0.9398122293	0.004259368781		13.46439029	6.028724729	80.50688498				38.61959372	3.995610473	57.3847958	0	0	0	-1149.363726	0.9398122293	9344.66939114326	-1149.363726	0.004259368781			
1146.803726	8	1	91	0.94008575	0.004263752802		13.37642644	6.131115403	80.49245816				38.72768237	3.98646657	57.28585106	0	0	0	-1146.803726	0.94008575	9373.24935270382	-1146.803726	0.004263752802			
1144.243726	8	1	91	0.940358467	0.004269079093		13.28309638	6.23763213	80.47927149				38.83677011	3.976815327	57.18641456	0	0	0	-1144.243726	0.940358467	9399.78002048834	-1144.243726	0.004269079093			
1141.683726	8	1	91	0.9406304456	0.004275392599		13.18415588	6.348511561	80.46733256				38.94691303	3.966632236	57.08645474	0	0	0	-1141.683726	0.9406304456	9424.16613670755	-1141.683726	0.004275392599			
1139.123726	8	1	91	0.9409017528	0.004282730234		13.07936044	6.463998956	80.45664061				39.05817019	3.955891081	56.98593873	0	0	0	-1139.123726	0.9409017528	9446.33141672068	-1139.123726	0.004282730234			
1136.563726	8	1	91	0.9411724563	0.004291126548		12.96846936	6.584346062	80.44718458				39.17060371	3.944563854	56.88483244	0	0	0	-1136.563726	0.9411724563	9466.20858126923	-1136.563726	0.004291126548			
1134.003726	8	1	91	0.9414426251	0.004300612187		12.85125105	6.709808085	80.43894087				39.28427865	3.93262068	56.78310067	0	0	0	-1134.003726	0.9414426251	9483.74182151026	-1134.003726	0.004300612187			
1131.443726	8	1	91	0.9417123284	0.00431121199		12.72748962	6.840639555	80.43187082				39.39926294	3.920029764	56.68070729	0	0	0	-1131.443726	0.9417123284	9498.90110720676	-1131.443726	0.00431121199			
1128.883726	8	1	91	0.9419816354	0.004322942611		12.59699313	6.977088846	80.42591803				39.51562715	3.906757372	56.57761548	0	0	0	-1128.883726	0.9419816354	9511.68106837452	-1128.883726	0.004322942611			
1126.323726	8	1	91	0.9422506143	0.004335809609		12.45960348	7.119391136	80.42100539				39.63344411	3.892767847	56.47378804	0	0	0	-1126.323726	0.9422506143	9522.10479009649	-1126.323726	0.004335809609			
1123.763726	8	1	91	0.9425193319	0.004349803972		12.31520809	7.267759614	80.41703229				39.75278841	3.878023684	56.3691879	0	0	0	-1123.763726	0.9425193319	9530.23650111461	-1123.763726	0.004349803972			
1121.203726	8	1	91	0.9427878519	0.004364898086		12.16375328	7.42237482	80.4138719				39.87373569	3.862485682	56.26377862	0	0	0	-1121.203726	0.9427878519	9536.19755617429	-1121.203726	0.004364898086			
1118.643726	8	1	91	0.9430562336	0.004381041132		12.00525894	7.583372136	80.41136892				39.99636171	3.846113178	56.15752512	0	0	0	-1118.643726	0.9430562336	9540.15923318321	-1118.643726	0.004381041132			
1116.083726	8	1	91	0.9433245306	0.004398154138		11.83983406	7.750827646	80.40933829				40.12074113	3.82886439	56.05039448	0	0	0	-1116.083726	0.9433245306	9542.36363028016	-1116.083726	0.004398154138			
1113.523726	8	1	91	0.9435927883	0.004416124845		11.66769208	7.924742884	80.40756503				40.24694608	3.810696893	55.94235703	0	0	0	-1113.523726	0.9435927883	9543.131881686	-1113.523726	0.004416124845			
1110.963726	8	1	91	0.9438610421	0.004434802796		11.48916475	8.105029317	80.40580593				40.37504441	3.79156822	55.83338737	0	0	0	-1110.963726	0.9438610421	9542.86332279223	-1110.963726	0.004434802796			
1108.403726	8	1	91	0.9441293149	0.004453995148		11.30471288	8.291493798	80.40379333				40.50509766	3.771436618	55.72346572	0	0	0	-1108.403726	0.9441293149	9542.05235598338	-1108.403726	0.004453995148			
1105.843726	8	1	91	0.9443976143	0.004473463794		11.11493205	8.48382655	80.4012414				40.63715886	3.750261932	55.61257921	0	0	0	-1105.843726	0.9443976143	9541.278814906	-1105.843726	0.004473463794			
1103.283726	8	1	91	0.9446659306	0.004492924813		10.92055584	8.681590843	80.39785332				40.77127015	3.728006631	55.50072322	0	0	0	-1103.283726	0.9446659306	9541.20590747231	-1103.283726	0.004492924813			
1100.723726	8	1	91	0.9449342341	0.004512049079		10.72242998	8.884231257	80.39333876				40.90746045	3.704636863	55.38790269	0	0	0	-1100.723726	0.9449342341	9542.62704443027	-1100.723726	0.004512049079			
1098.163726	8	1	91	0.9452024705	0.00453047169		10.521519	9.091066841	80.38741416				41.04574962	3.680122733	55.27412765	0	0	0	-1098.163726	0.9452024705	9546.51954496471	-1098.163726	0.00453047169			
1095.603726	8	1	91	0.9454705553	0.004547572327		10.31885703	9.301308354	80.37983462				41.18612074	3.654443205	55.15943606	0	0	0	-1095.603726	0.9454705553	9553.45635214018	-1095.603726	0.004547572327			
1093.043726	8	1	91	0.9457384024	0.004563357109		10.11553209	9.514081634	80.37038628				41.32855692	3.627580999	55.04386208	0	0	0	-1093.043726	0.9457384024	9564.12228816051	-1093.043726	0.004563357109			
1090.483726	8	1	91	0.9460058898	0.004577195821		9.912637305	9.728453351	80.35890934				41.47301496	3.599527706	54.92745734	0	0	0	-1090.483726	0.9460058898	9579.58800981886	-1090.483726	0.004577195821			
1087.923726	8	1	91	0.9462728731	0.004588673144		9.711236021	9.943461518	80.34530246				41.61943125	3.570283273	54.81028548	0	0	0	-1087.923726	0.9462728731	9600.66803171956	-1087.923726	0.004588673144			
1085.363726	8	1	91	0.9465391877	0.004597397799		9.512326665	10.15814702	80.32952631				41.76772214	3.539856357	54.69242151	0	0	0	-1085.363726	0.9465391877	9628.13268567951	-1085.363726	0.004597397799			
1082.803726	8	1	91	0.9468046508	0.004603016306		9.316813611	10.37158323	80.31160316				41.91778495	3.508264387	54.57395067	0	0	0	-1082.803726	0.9468046508	9662.68088050173	-1082.803726	0.004603016306			
1080.243726	8	1	91	0.9470690655	0.004605224347		9.125485959	10.58290132	80.29161272				42.06949952	3.475533363	54.45496711	0	0	0	-1080.243726	0.9470690655	9704.92261024084	-1080.243726	0.004605224347			
1077.683726	8	1	91	0.9473322241	0.004603775275		8.939008097	10.79130769	80.26968422				42.22273031	3.441697408	54.33557229	0	0	0	-1077.683726	0.9473322241	9755.38451569418	-1077.683726	0.004603775275			
1075.123726	8	1	91	0.9475939121	0.004598483997		8.757902299	10.99610677	80.24599093				42.37732871	3.406798093	54.2158732	0	0	0	-1075.123726	0.9475939121	9814.50254235643	-1075.123726	0.004598483997			
1072.563726	8	1	91	0.947853912	0.004589230033		8.58257297	11.19669244	80.22073459				42.53313566	3.370883655	54.09598069	0	0	0	-1072.563726	0.947853912	9882.62658139794	-1072.563726	0.004589230033			
1070.003726	8	1	91	0.948112007	0.004575955069		8.413299753	11.39256078	80.19413947				42.68998423	3.334008079	53.97600769	0	0	0	-1070.003726	0.948112007	9960.02461660927	-1070.003726	0.004575955069			
1067.443726	8	1	91	0.9483679844	0.004558659473		8.250253834	11.58330414	80.16644202				42.84770223	3.296230129	53.85606764	0	0	0	-1067.443726	0.9483679844	10046.8923474192	-1067.443726	0.004558659473			
1064.883726	8	1	91	0.9486216385	0.00453739681		8.093512086	11.76860515	80.13788277				43.00611458	3.257612376	53.73627305	0	0	0	-1064.883726	0.9486216385	10143.3611153849	-1064.883726	0.00453739681			
1062.323726	8	1	91	0.9488727732	0.004512267281		7.943071876	11.9482286	80.10869953				43.16504555	3.218220242	53.61673421	0	0	0	-1062.323726	0.9488727732	10249.490033891	-1062.323726	0.004512267281			
1059.763726	8	1	91	0.9491212048	0.004483431778		7.7988669	12.1220106	80.0791225				43.32432152	3.178120922	53.49755756	0	0	0	-1059.763726	0.9491212048	10365.3673094618	-1059.763726	0.004483431778			
1057.203726	8	1	91	0.9493667593	0.004451000823		7.660774969	12.28985612	80.04936891				43.48376971	3.137383255	53.37884703	0	0	0	-1057.203726	0.9493667593	10490.9929960723	-1057.203726	0.004451000823			
1054.643726	8	1	91	0.9496092802	0.004415231571		7.528638347	12.45171935	80.0196423				43.64322399	3.09607592	53.26070009	0	0	0	-1054.643726	0.9496092802	10626.2995184782	-1054.643726	0.004415231571			
1052.083726	8	1	91	0.9498486246	0.004376321645		7.402268568	12.6076019	79.99012953				43.80252323	3.054267453	53.14320931	0	0	0	-1052.083726	0.9498486246	10771.265239071	-1052.083726	0.004376321645			
1049.523726	8	1	91	0.9500846649	0.00433450055		7.281456556	12.7575432	79.96100025				43.96151298	3.012025499	53.02646153	0	0	0	-1049.523726	0.9500846649	10925.8298320267	-1049.523726	0.00433450055			
1046.963726	8	1	91	0.9503172887	0.004290005918		7.165979864	12.9016135	79.93240663				44.12004616	2.969416312	52.91053753	0	0	0	-1046.963726	0.9503172887	11089.9271381225	-1046.963726	0.004290005918			
1044.403726	8	1	91	0.9505463986	0.004243078849		7.055608537	13.03990772	79.90448374				44.27798365	2.926504341	52.79551201	0	0	0	-1044.403726	0.9505463986	11263.4809755166	-1044.403726	0.004243078849			
1041.843726	8	1	91	0.950771912	0.004193960115		6.950109763	13.17254013	79.87735011				44.43519462	2.883351893	52.68145349	0	0	0	-1041.843726	0.950771912	11446.4142958001	-1041.843726	0.004193960115			
1039.283726	8	1	91	0.9509937603	0.004142887015		6.849251505	13.29963984	79.85110866				44.59155674	2.840018863	52.5684244	0	0	0	-1039.283726	0.9509937603	11638.6436802887	-1039.283726	0.004142887015			
1036.723726	8	1	91	0.9512118887	0.004090090825		6.752805273	13.42134701	79.82584771				44.74695629	2.796562527	52.45648119	0	0	0	-1036.723726	0.9512118887	11840.0983358535	-1036.723726	0.004090090825			
1034.163726	8	1	91	0.9514262546	0.004035794787		6.660548182	13.53780968	79.80164214				44.90128808	2.753037397	52.34567452	0	0	0	-1034.163726	0.9514262546	12050.7021855501	-1034.163726	0.004035794787			
1031.603726	8	1	91	0.9516368279	0.003980212565		6.572264447	13.64918109	79.77855446				45.0544554	2.709495119	52.23604948	0	0	0	-1031.603726	0.9516368279	12270.383753933	-1031.603726	0.003980212565			
1029.043726	8	1	91	0.9518435891	0.003923547135		6.487746406	13.75561755	79.75663605				45.20636976	2.665984419	52.12764583	0	0	0	-1029.043726	0.9518435891	12499.0772676118	-1029.043726	0.003923547135			
1026.483726	8	1	91	0.9520465294	0.003865989998		6.406795186	13.85727664	79.73592817				45.35695068	2.62255108	52.02049824	0	0	0	-1026.483726	0.9520465294	12736.7177585327	-1026.483726	0.003865989998			
1023.923726	8	1	91	0.9522456491	0.00380772072		6.329221083	13.95431581	79.7164631				45.5061254	2.579237959	51.91463664	0	0	0	-1023.923726	0.9522456491	12983.2575344994	-1023.923726	0.00380772072			
1021.363726	8	1	91	0.9524409571	0.003748906708		6.254843722	14.04689119	79.69826508				45.65382854	2.536085018	51.81008645	0	0	0	-1021.363726	0.9524409571	13238.6444921112	-1021.363726	0.003748906708			
1018.803726	8	1	91	0.9526324701	0.0036897032		6.183492044	14.1351567	79.68135126				45.80000171	2.493129391	51.7068689	0	0	0	-1018.803726	0.9526324701	13502.8398271989	-1018.803726	0.0036897032			
1016.243726	8	1	91	0.9528202116	0.003630253413		6.115004176	14.21926332	79.66573251				45.94459322	2.450405453	51.60500132	0	0	0	-1016.243726	0.9528202116	13775.8100298062	-1016.243726	0.003630253413			
1013.683726	8	1	91	0.9530042114	0.003570688834		6.049227205	14.29935854	79.65141426				46.08755765	2.407944914	51.50449743	0	0	0	-1013.683726	0.9530042114	14057.4026527085	-1013.683726	0.003570688834			
1011.123726	8	1	91	0.9531845078	0.003511151553		5.986018932	14.37558072	79.63840035				46.22885058	2.365777338	51.40537208	0	0	0	-1011.123726	0.9531845078	14347.5080585027	-1011.123726	0.003511151553			
1008.563726	8	1	91	0.9533611429	0.003451806122		5.925245819	14.44806961	79.62668457				46.36844714	2.323927779	51.30762508	0	0	0	-1008.563726	0.9533611429	14646.4505216162	-1008.563726	0.003451806122			
1006.003726	8	1	91	0.9535341556	0.003392567896		5.86677513	14.51696551	79.61625936				46.50631424	2.282421851	51.21126391	0	0	0	-1006.003726	0.9535341556	14954.3021448421	-1006.003726	0.003392567896			
1003.443726	8	1	91	0.9537035939	0.003333632467		5.810486531	14.58239882	79.60711465				46.64242783	2.241281661	51.11629051	0	0	0	-1003.443726	0.9537035939	15270.8514440714	-1003.443726	0.003333632467			
1000.883726	8	1	91	0.9538695089	0.003275079925		5.756266907	14.6444953	79.59923779				46.77676837	2.200527196	51.02270443	0	0	0	-1000.883726	0.9538695089	15596.1007957366	-1000.883726	0.003275079925			
998.3237259	8	1	91	0.9540319544	0.003216981315		5.704009955	14.70337608	79.59261396				46.90932041	2.160176452	50.93050314	0	0	0	-998.3237259	0.9540319544	15930.0616742265	-998.3237259	0.003216981315			
995.7637259	8	1	91	0.9541909863	0.00315939972		5.653615813	14.75915764	79.58722655				47.04007228	2.12024554	50.83968218	0	0	0	-995.7637259	0.9541909863	16272.7495443103	-995.7637259	0.00315939972			
993.2037259	8	1	91	0.9543466624	0.003102390726		5.604990695	14.81195184	79.58305746				47.16901583	2.080748809	50.75023536	0	0	0	-993.2037259	0.9543466624	16624.1890568476	-993.2037259	0.003102390726			
990.6437259	8	1	91	0.9544990418	0.00304600298		5.55804653	14.86186608	79.5800874				47.29614609	2.041698948	50.66215496	0	0	0	-990.6437259	0.9544990418	16984.409360211	-990.6437259	0.00304600298			
988.0837259	8	1	91	0.9546481848	0.002990278733		5.512700626	14.90900326	79.57829611				47.42146102	2.003107101	50.57543188	0	0	0	-988.0837259	0.9546481848	17353.4577511346	-988.0837259	0.002990278733			
985.5237259	8	1	91	0.9547941522	0.002935254356		5.468875345	14.95346202	79.57766264				47.54496126	1.964982966	50.49005578	0	0	0	-985.5237259	0.9547941522	17731.3642327186	-985.5237259	0.002935254356			
982.9637259	8	1	91	0.9549370058	0.002880960836		5.426497792	14.99533675	79.57816546				47.66664986	1.927334895	50.40601524	0	0	0	-982.9637259	0.9549370058	18118.173289122	-982.9637259	0.002880960836			
980.4037259	8	1	91	0.9550768073	0.002827424238		5.385499528	15.03471778	79.5797827				47.78653211	1.890169989	50.32329791	0	0	0	-980.4037259	0.9550768073	18513.947389677	-980.4037259	0.002827424238			
977.8437259	8	1	91	0.9552136187	0.002774666147		5.345816289	15.07169147	79.58249224				47.90461525	1.85349419	50.24189056	0	0	0	-977.8437259	0.9552136187	18918.7457937697	-977.8437259	0.002774666147			
975.2837259	8	1	91	0.9553475017	0.00272270408		5.307387733	15.1063404	79.58627187				48.02090835	1.817312364	50.16177929	0	0	0	-975.2837259	0.9553475017	19332.6422800192	-975.2837259	0.00272270408			
972.7237259	8	1	91	0.9554785178	0.002671551866		5.270157191	15.13874342	79.59109938				48.13542209	1.781628383	50.08294953	0	0	0	-972.7237259	0.9554785178	19755.6871812235	-972.7237259	0.002671551866			
970.1637259	8	1	91	0.9556067283	0.002621220009		5.234071446	15.16897588	79.59695267				48.24816859	1.746445203	50.00538621	0	0	0	-970.1637259	0.9556067283	20187.9612815544	-970.1637259	0.002621220009			
967.6037259	8	1	91	0.9557321937	0.002571716011		5.199080513	15.19710968	79.60380981				48.35916127	1.711764935	49.9290738	0	0	0	-967.6037259	0.9557321937	20629.562949142	-967.6037259	0.002571716011			
965.0437259	8	1	91	0.9558549739	0.002523044698		5.165138205	15.22321219	79.61164961				48.4684147	1.677588911	49.85399639	0	0	0	-965.0437259	0.9558549739	21080.5741638199	-965.0437259	0.002523044698			
962.4837259	8	1	91	0.9559751281	0.002475208604		5.132198838	15.24735155	79.62044962				48.57594447	1.643917752	49.78013778	0	0	0	-962.4837259	0.9559751281	21541.0839550198	-962.4837259	0.002475208604			
959.9237259	8	1	91	0.9560927147	0.002428207677		5.100221817	15.26958882	79.63018937				48.68176706	1.610751421	49.70748152	0	0	0	-959.9237259	0.9560927147	22011.1913041304	-959.9237259	0.002428207677			
957.3637259	8	1	91	0.9562077912	0.002382040421		5.06916823	15.28998355	79.64084822				48.78589973	1.578089283	49.63601099	0	0	0	-957.3637259	0.9562077912	22491.0085101488	-957.3637259	0.002382040421			
954.8037259	8	1	91	0.9563204141	0.002336703481		5.039001528	15.30859253	79.65240594				48.88836042	1.545930158	49.56570942	0	0	0	-954.8037259	0.9563204141	22980.6435417227	-954.8037259	0.002336703481			
952.2437259	8	1	91	0.956430639	0.002292192006		5.009687381	15.32546986	79.66484276				48.98916768	1.514272365	49.49655996	0	0	0	-952.2437259	0.956430639	23480.2015956452	-952.2437259	0.002292192006			
949.6837259	8	1	91	0.9565385205	0.002248499832		4.98119355	15.34066709	79.67813936				49.08834051	1.48311377	49.42854572	0	0	0	-949.6837259	0.9565385205	23989.8184532682	-949.6837259	0.002248499832			
947.1237259	8	1	91	0.956644112	0.002205619645		4.953489765	15.35423331	79.69227692				49.18589839	1.452451828	49.36164978	0	0	0	-947.1237259	0.956644112	24509.6302155582	-947.1237259	0.002205619645			
944.5637259	8	1	91	0.9567474659	0.00216354313		4.926547609	15.36621528	79.70723711				49.28186112	1.422283621	49.29585526	0	0	0	-944.5637259	0.9567474659	25039.7521606242	-944.5637259	0.00216354313			
942.0037259	8	1	91	0.9568486336	0.002122261111		4.900340415	15.37665749	79.72300209				49.37624878	1.392605894	49.23114533	0	0	0	-942.0037259	0.9568486336	25580.3254464105	-942.0037259	0.002122261111			
939.4437259	8	1	91	0.9569476653	0.002081763669		4.874843166	15.38560228	79.73955456				49.46908169	1.363415086	49.16750323	0	0	0	-939.4437259	0.9569476653	26131.4931868589	-939.4437259	0.002081763669			
936.8837259	8	1	91	0.9570446102	0.002042040258		4.850032406	15.3930899	79.7568777				49.56038033	1.334707366	49.1049123	0	0	0	-936.8837259	0.9570446102	26693.4056387444	-936.8837259	0.002042040258			
934.3237259	8	1	91	0.9571395163	0.002003079803		4.825886154	15.39915862	79.77495522				49.65016532	1.306478659	49.04335602	0	0	0	-934.3237259	0.9571395163	27266.2470519342	-934.3237259	0.002003079803			
931.7637259	8	1	91	0.9572324304	0.001964870788		4.802383827	15.40384482	79.79377135				49.73845734	1.278724671	48.98281799	0	0	0	-931.7637259	0.9572324304	27850.1506805678	-931.7637259	0.001964870788			
929.2037259	8	1	91	0.9573233985	0.001927401342		4.779506165	15.40718303	79.81331081				49.82527712	1.251440916	48.92328196	0	0	0	-929.2037259	0.9573233985	28445.2911659351	-929.2037259	0.001927401342			
926.6437259	8	1	91	0.9574124652	0.001890659309		4.757235167	15.409206	79.83355883				49.9106454	1.224622737	48.86473187	0	0	0	-926.6437259	0.9574124652	29051.9484425928	-926.6437259	0.001890659309			
924.0837259	8	1	91	0.9574996737	0.00185462		4.735552351	15.40994781	79.85449984				49.99458239	1.198265491	48.80715212	0	0	0	-924.0837259	0.9574996737	29670.0904964409	-924.0837259	0.00185462			
921.5237259	8	1	91	0.9575850677	0.001819307202		4.714445336	15.40943205	79.87612262				50.07710975	1.172363909	48.75052634	0	0	0	-921.5237259	0.9575850677	30299.9119016977	-921.5237259	0.001819307202			
918.9637259	8	1	91	0.9576686883	0.001784672662		4.693897936	15.40768945	79.89841262				50.15824752	1.146913104	48.69483938	0	0	0	-918.9637259	0.9576686883	30941.8071638649	-918.9637259	0.001784672662			
916.4037259	8	1	91	0.9577505759	0.001750715177		4.673896587	15.40474639	79.92135703				50.23801615	1.121907931	48.64007592	0	0	0	-916.4037259	0.9577505759	31595.9051552378	-916.4037259	0.001750715177			
913.8437259	8	1	91	0.95783077	0.001717422144		4.654428736	15.40062777	79.94494349				50.31643597	1.097343157	48.58622087	0	0	0	-913.8437259	0.95783077	32262.3320245786	-913.8437259	0.001717422144			
911.2837259	8	1	91	0.9579093094	0.001684780825		4.635482775	15.39535709	79.96916014				50.39352717	1.073213484	48.53325935	0	0	0	-911.2837259	0.9579093094	32941.3728115409	-911.2837259	0.001684780825			
908.7237259	8	1	91	0.9579862313	0.001652778556		4.617048005	15.38895647	79.99399552				50.46930976	1.049513557	48.48117668	0	0	0	-908.7237259	0.9579862313	33633.2322737293	-908.7237259	0.001652778556			
906.1637259	8	1	91	0.9580615726	0.001621402747		4.59911461	15.38144673	80.01943865				50.54380361	1.026237974	48.42995842	0	0	0	-906.1637259	0.9580615726	34338.081609382	-906.1637259	0.001621402747			
903.6037259	8	1	91	0.9581353689	0.001590640913		4.581673619	15.3728474	80.04547898				50.61702836	1.003381302	48.37959034	0	0	0	-903.6037259	0.9581353689	35056.229645319	-903.6037259	0.001590640913			
901.0437259	8	1	91	0.9582076549	0.001560480687		4.564716879	15.36317675	80.07210637				50.68900349	0.9809380822	48.33005843	0	0	0	-901.0437259	0.9582076549	35814.5247437261	-901.0437259	0.001560480687			
898.4837259	8	1	91	0.9582783625	0.001528705629		4.547921313	15.35294727	80.09913142				50.75964678	0.9589338413	48.28141938	0	0	0	-898.4837259	0.9582783625	36558.7296147612	-898.4837259	0.001528705629			
895.9237259	8	1	91	0.9583477292	0.001501920989		4.531912762	15.34118206	80.12690518				50.8291807	0.9373003418	48.23351896	0	0	0	-895.9237259	0.9583477292	37292.3953227165	-895.9237259	0.001501920989			
893.3637259	8	1	91	0.9584156849	0.001473498662		4.516369606	15.32839193	80.15523846				50.89752243	0.9160637729	48.1864138	0	0	0	-893.3637259	0.9584156849	38066.127986436	-893.3637259	0.001473498662			
890.8037259	8	1	91	0.9584822603	0.00144561607		4.50128453	15.31459378	80.18412169				50.96468987	0.8952188677	48.14009126	0	0	0	-890.8037259	0.9584822603	38854.4693942742	-890.8037259	0.00144561607			
888.2437259	8	1	91	0.9585474863	0.00141827854		4.48665355	15.29979955	80.2135469				51.03070153	0.8747601165	48.09453836	0	0	0	-888.2437259	0.9585474863	39657.6059621327	-888.2437259	0.00141827854			
885.6837259	8	1	91	0.9586113924	0.00139147132		4.472472866	15.28402089	80.24350625				51.09557549	0.8546820759	48.04974243	0	0	0	-885.6837259	0.9586113924	40475.9207549197	-885.6837259	0.00139147132			
883.1237259	8	1	91	0.9586740076	0.001365183307		4.458739378	15.26726838	80.27399224				51.15932964	0.8349793244	48.00569104	0	0	0	-883.1237259	0.9586740076	41309.5822257293	-883.1237259	0.001365183307			
880.5637259	8	1	91	0.9587353603	0.001339403654		4.445450676	15.24955157	80.30499776				51.2219816	0.8156464659	47.96237194	0	0	0	-880.5637259	0.9587353603	42158.9375157363	-880.5637259	0.001339403654			
878.0037259	8	1	91	0.9587954779	0.001314121724		4.432605046	15.23087894	80.33651602				51.28354877	0.7966781342	47.9197731	0	0	0	-878.0037259	0.9587954779	43024.3154222392	-878.0037259	0.001314121724			
875.4437259	8	1	91	0.9588543873	0.001289327102		4.42020146	15.21125795	80.36854059				51.34404831	0.778068996	47.8778827	0	0	0	-875.4437259	0.9588543873	43906.0474964302	-875.4437259	0.001289327102			
872.8837259	8	1	91	0.9589121145	0.001265009592		4.408239586	15.19069503	80.40106538				51.40349713	0.7598137549	47.83668911	0	0	0	-872.8837259	0.9589121145	44813.1995450853	-872.8837259	0.001265009592			
872.2437259	8	1	91	0.9589263594	0.0003125604767		4.405342065	15.18536639	80.40929155				51.41819197	0.755303624	47.8265044	0	0	0	-872.2437259	0.9589263594	45079.2862569527	-872.2437259	0.0003125604767			
871.9237259	8	1	91	0.9589334462	0.0001555256156		4.403924253	15.18264309	80.41343266				51.4255065	0.7530561447	47.82143735	0	0	0	-871.9237259	0.9589334462	45245.6404314716	-871.9237259	0.0001555256156			
871.7637259	8	1	91	0.9589369789	7.750459386E-05		4.403235415	15.18124549	80.4155191				51.4291541	0.751933643	47.81891226	0	0	0	-871.7637259	0.9589369789	22645.8941340926	-871.7637259	7.750459386E-05			
871.7437259	8	1	91	0.9589387337	3.122166811E-06	3.683019058E-05	4.401315343	15.18429852	80.41438613	27.27766514	1.606273332	71.11606152	51.43019161	0.7518571736	47.81795121	0	0	0	-871.7437259	0.9589387337	19522.6730807776	-871.7437259	3.122166811E-06	3.683019058E-05	3.87483823933777	
871.7237259	8	1	91	0.9589395859	7.644986214E-06	1.15032721E-05	4.400654169	15.18513558	80.41421026	27.27935546	1.605908488	71.11473605	51.43082897	0.7517370061	47.81743402	0	0	0	-871.7237259	0.9589395859	23416.0261788449	-871.7237259	7.644986214E-06	1.15032721E-05	1.36545167536989	
871.6837259	8	1	91	0.9589413019	1.526900724E-05	2.329898637E-05	4.399319546	15.18683256	80.41384789	27.28275127	1.605178437	71.11207029	51.43210944	0.7514970265	47.81639353	0	0	0	-871.6837259	0.9589413019	23309.7969213597	-871.6837259	1.526900724E-05	2.329898637E-05	0.64879745515602	
871.6037259	8	1	91	0.958944734	3.051781063E-05	4.662728965E-05	4.396651591	15.19022568	80.41312273	27.28954319	1.60371908	71.10673773	51.43467011	0.7510172439	47.81431264	0	0	0	-871.6037259	0.958944734	23307.7599725783	-871.6037259	3.051781063E-05	4.662728965E-05	0.652804175885765	
871.4437259	8	1	91	0.9589515996	6.095679458E-05	9.337831761E-05	4.391321154	15.19700815	80.4116707	27.30311113	1.600806224	71.09608264	51.43979061	0.7500583482	47.81015104	0	0	0	-871.4437259	0.9589515996	23305.2133942029	-871.4437259	6.095679458E-05	9.337831761E-05	0.64959421379418	
871.1237259	8	1	91	0.9589653297	0.0001215805763	0.0001871360139	4.380681921	15.21055831	80.40875977	27.33024464	1.594993474	71.07476188	51.45002457	0.7481436007	47.80183183	0	0	0	-871.1237259	0.9589653297	23303.6024136998	-871.1237259	0.0001215805763	0.0001871360139	0.643418564695203	
870.4837259	8	1	91	0.9589928	0.0002419038265	0.0003760241667	4.359489629	15.23759976	80.40291062	27.38445928	1.58342695	71.03211377	51.47047336	0.744325094	47.78520154	0	0	0	-870.4837259	0.9589928	23293.5535254226	-870.4837259	0.0002419038265	0.0003760241667	0.631020532601007	
869.2037259	8	1	91	0.9590477713	0.000478786379	0.000758779334	4.317444364	15.29145306	80.39110257	27.49268727	1.560526802	70.94678593	51.51128944	0.7367327194	47.75197784	0	0	0	-869.2037259	0.9590477713	23280.3780049797	-869.2037259	0.000478786379	0.000758779334	0.608569374794345	
866.6437259	8	1	91	0.9591577777	0.00093907026	0.001542312757	4.2346844	15.39825813	80.36705747	27.70836909	1.515640062	70.77599085	51.59259903	0.7217255183	47.68567545	0	0	0	-866.6437259	0.9591577777	23278.6255121968	-866.6437259	0.00093907026	0.001542312757	-0.728419237470357	
864.0837259	8	1	91	0.9592677156	0.0009171600379	0.001570553177	4.153648594	15.50389489	80.34245652	27.92308661	1.471935797	70.60497759	51.67348323	0.7069528666	47.6195639	0	0	0	-864.0837259	0.9592677156	23291.394764127	-864.0837259	0.0009171600379	0.001570553177	-0.767827541846075	
861.5237259	8	1	91	0.9593776014	0.0008958297265	0.001598624663	4.074271801	15.60841756	80.31731064	28.1369259	1.429373739	70.43370036	51.75395052	0.6924125	47.55363698	0	0	0	-861.5237259	0.9593776014	23301.2729605742	-861.5237259	0.0008958297265	0.001598624663	-0.753245431538968	
858.9637259	8	1	91	0.9594874461	0.0008751037127	0.001626381174	3.996499252	15.71186538	80.29163537	28.34996315	1.387915893	70.26212095	51.83400697	0.6781019287	47.4878911	0	0	0	-858.9637259	0.9594874461	23308.5808535133	-858.9637259	0.0008751037127	0.001626381174	-0.739355800046962	
856.4037259	8	1	91	0.959597263	0.0008549482825	0.001653913553	3.920277185	15.81427965	80.26544316	28.56227433	1.347526322	70.09019934	51.91365967	0.6640187359	47.42232159	0	0	0	-856.4037259	0.959597263	23312.9953575792	-856.4037259	0.0008549482825	0.001653913553	-0.724559663205214	
853.8437259	8	1	91	0.9597070661	0.0008353386984	0.001681258943	3.845554761	15.91569995	80.23874529	28.7739331	1.308171012	69.91789589	51.99291583	0.6501605134	47.35692366	0	0	0	-853.8437259	0.9597070661	23314.4389234986	-853.8437259	0.0008353386984	0.001681258943	-0.7094625579476	
851.2837259	8	1	91	0.9598168694	0.0008162519969	0.001708453407	3.772283858	16.01616422	80.21155192	28.98501109	1.269817724	69.74517118	52.07178276	0.6365248603	47.29169238	0	0	0	-851.2837259	0.9598168694	23312.8573862219	-851.2837259	0.0008162519969	0.001708453407	-0.694085223804469	
848.7237259	8	1	91	0.9599266874	0.0007976667078	0.001735532097	3.700418873	16.11570889	80.18387223	29.19557819	1.232435861	69.57198595	52.15026789	0.6231093835	47.22662273	0	0	0	-848.7237259	0.9599266874	23308.1459107766	-848.7237259	0.0007976667078	0.001735532097	-0.678451754277313	
846.1637259	8	1	91	0.9600365351	0.0007795627407	0.001762529432	3.629916538	16.21436906	80.1557144	29.40570269	1.195996355	69.39830095	52.22837879	0.6099116984	47.16170951	0	0	0	-846.1637259	0.9600365351	23300.2128936246	-846.1637259	0.0007795627407	0.001762529432	-0.66258689587503	
843.6037259	8	1	91	0.9601464279	0.0007619212667	0.001789479258	3.560735753	16.31217857	80.12708568	29.61545153	1.160471554	69.22407691	52.30612314	0.5969294288	47.09694743	0	0	0	-843.6037259	0.9601464279	23288.9802010427	-843.6037259	0.0007619212667	0.001789479258	-0.646516296227729	
841.0437259	8	1	91	0.9602563816	0.0007447246132	0.001816415003	3.492837439	16.40917009	80.09799247	29.82489046	1.125835132	69.04927441	52.38350877	0.5841602079	47.03233103	0	0	0	-841.0437259	0.9602563816	23274.3516452312	-841.0437259	0.0007447246132	0.001816415003	-0.63026635083058	
838.4837259	8	1	91	0.9603664126	0.0007279561686	0.001843369823	3.426184396	16.50537528	80.06844032	30.0340842	1.09206199	68.87385381	52.46054362	0.5716016783	46.9678547	0	0	0	-838.4837259	0.9603664126	23256.2344207621	-838.4837259	0.0007279561686	0.001843369823	-0.613864138124286	
835.9237259	8	1	91	0.9604765377	0.0007116002976	0.001870376738	3.360741181	16.60082484	80.03843398	30.24309665	1.059128181	68.69777517	52.53723582	0.5592514922	46.90351269	0	0	0	-835.9237259	0.9604765377	23234.5500167363	-835.9237259	0.0007116002976	0.001870376738	-0.597337233016079	
833.3637259	8	1	91	0.9605867742	0.000695642264	0.001897468772	3.296473991	16.69554858	80.00797743	30.45199101	1.027010834	68.52099815	52.61359359	0.547107312	46.8392991	0	0	0	-833.3637259	0.9605867742	23209.1922993067	-833.3637259	0.000695642264	0.001897468772	-0.580713544383834	
830.8037259	8	1	91	0.9606971401	0.0006800681615	0.001924679084	3.233350557	16.78957555	79.9770739	30.66082996	0.995688084	68.34348196	52.68962535	0.5351668104	46.77520784	0	0	0	-830.8037259	0.9606971401	23180.0595128802	-830.8037259	0.0006800681615	0.001924679084	-0.564021235004733	
828.2437259	8	1	91	0.9608076539	0.000664864851	0.001952041097	3.171340046	16.88293406	79.94572589	30.86967574	0.9651390071	68.16518525	52.76533966	0.5234276709	46.71123267	0	0	0	-828.2437259	0.9608076539	23147.0548069694	-828.2437259	0.000664864851	0.001952041097	-0.547288487629556	
825.6837259	8	1	91	0.9609183348	0.0006500199041	0.001979588635	3.110412974	16.9756518	79.91393523	31.07859039	0.9353435652	67.98606604	52.84074526	0.5118875878	46.64736715	0	0	0	-825.6837259	0.9609183348	23110.0967596552	-825.6837259	0.0006500199041	0.001979588635	-0.530543367689597	
823.1237259	8	1	91	0.9610292024	0.0006355215513	0.002007356052	3.050541118	17.06775586	79.88170303	31.28763578	0.9062825504	67.80608166	52.91585105	0.5005442664	46.58360468	0	0	0	-823.1237259	0.9610292024	23069.0680474975	-823.1237259	0.0006355215513	0.002007356052	-0.513813761109479	
820.5637259	8	1	91	0.9611402774	0.0006213586349	0.002035378365	2.991697446	17.15927282	79.84902973	31.49687383	0.8779375357	67.62518864	52.99066614	0.4893954238	46.51993844	0	0	0	-820.5637259	0.9611402774	23023.8571243754	-820.5637259	0.0006213586349	0.002035378365	-0.497127143707857	
818.0037259	8	1	91	0.9612515809	0.0006075205669	0.002063691396	2.93385604	17.25022882	79.81591514	31.70636656	0.8502908283	67.44334261	53.0651998	0.4784387883	46.45636141	0	0	0	-818.0037259	0.9612515809	22974.3699481147	-818.0037259	0.0006075205669	0.002063691396	-0.480510470105586	
815.4437259	8	1	91	0.961363135	0.0005939972893	0.002092331911	2.876992035	17.3406496	79.78235837	31.91617629	0.8233254277	67.26049829	53.13946154	0.4676721002	46.39286636	0	0	0	-815.4437259	0.961363135	22920.4984656242	-815.4437259	0.0005939972893	0.002092331911	-0.463990062969529	
812.8837259	8	1	91	0.9614749624	0.0005807792395	0.00212133777	2.821081556	17.43056055	79.7483579	32.12636571	0.7970249854	67.0766093	53.21346105	0.457093112	46.32944584	0	0	0	-812.8837259	0.9614749624	22862.1325460127	-812.8837259	0.0005807792395	0.00212133777	-0.447591445806891	
810.3237259	8	1	91	0.9615870869	0.0005678573166	0.002150748085	2.766101661	17.51998677	79.71391157	32.33699806	0.7713737685	66.89162817	53.28720828	0.4466995881	46.26609213	0	0	0	-810.3237259	0.9615870869	22799.1598204664	-810.3237259	0.0005678573166	0.002150748085	-0.431339274716892	
807.7637259	8	1	91	0.961699533	0.0005552228527	0.00218060338	2.712030289	17.60895315	79.67901656	32.54813721	0.7463566251	66.70550617	53.36071339	0.4364893054	46.2027973	0	0	0	-807.7637259	0.961699533	22731.4774043018	-807.7637259	0.0005552228527	0.00218060338	-0.415257226616734	
805.2037259	8	1	91	0.9618123263	0.0005428675848	0.002210945768	2.658846211	17.69748439	79.6436694	32.75984781	0.7219589527	66.51819324	53.43398681	0.4264600534	46.13955314	0	0	0	-805.2037259	0.9618123263	22658.9416605097	-805.2037259	0.0005428675848	0.002210945768	-0.399367883374051	
802.6437259	8	1	91	0.9619254936	0.0005307836302	0.002241819137	2.606528985	17.78560506	79.60786596	32.97219542	0.6981666678	66.32963791	53.50703922	0.4166096343	46.07635115	0	0	0	-802.6437259	0.9619254936	22581.4498315016	-802.6437259	0.0005307836302	0.002241819137	-0.383692682518223	
800.0837259	8	1	91	0.9620390625	0.0005189634629	0.002273269347	2.555058908	17.87333964	79.57160145	33.18524667	0.6749661789	66.13978715	53.57988159	0.4069358629	46.01318255	0	0	0	-800.0837259	0.9620390625	22498.8911588922	-800.0837259	0.0005189634629	0.002273269347	-0.368251804375642	
797.5237259	8	1	91	0.962153062	0.000507399893	0.002305344452	2.504416984	17.96071261	79.5348704	33.39906934	0.6523443599	65.9485863	53.65252519	0.3974365673	45.95003825	0	0	0	-797.5237259	0.962153062	22411.1272916802	-797.5237259	0.000507399893	0.002305344452	-0.35306414603638	
794.9637259	8	1	91	0.9622675223	0.0004960860469	0.002338094923	2.454584879	18.04774845	79.49766667	33.61373256	0.6302885258	65.75597892	53.72498159	0.3881095884	45.88690882	0	0	0	-794.9637259	0.9622675223	22318.0341738399	-794.9637259	0.0004960860469	0.002338094923	-0.338147279271551	
792.4037259	8	1	91	0.962382475	0.0004850153491	0.002371573911	2.405544889	18.13447174	79.45998337	33.82930692	0.6087864102	65.56190667	53.79726272	0.3789527806	45.82378449	0	0	0	-792.4037259	0.962382475	22219.4925210891	-792.4037259	0.0004850153491	0.002371573911	-0.32351739021686	
789.8437259	8	1	91	0.962497953	0.0004741815061	0.002405837513	2.357279908	18.22090716	79.42181294	34.04586466	0.5878261435	65.3663092	53.86938085	0.3699640112	45.76065514	0	0	0	-789.8437259	0.962497953	22115.3704390489	-789.8437259	0.0004741815061	0.002405837513	-0.309189285575232	
787.2837259	8	1	91	0.9626139909	0.0004635784906	0.002440945081	2.309773392	18.30707959	79.38314702	34.26347978	0.567396233	65.16912399	53.94134863	0.3611411614	45.69751021	0	0	0	-787.2837259	0.9626139909	22005.5339344561	-787.2837259	0.0004635784906	0.002440945081	-0.295176342286374	
784.7237259	8	1	91	0.9627306248	0.000453200528	0.002476959549	2.263009335	18.39301415	79.34397652	34.48222827	0.5474855443	64.97028619	54.01317911	0.3524821256	45.63433877	0	0	0	-784.7237259	0.9627306248	21889.8403892225	-784.7237259	0.000453200528	0.002476959549	-0.281490535496883	
782.1637259	8	1	91	0.9628478928	0.0004430420828	0.0025139478	2.216972235	18.47873624	79.30429152	34.70218824	0.5280832826	64.76972848	54.08488577	0.3439848119	45.57112942	0	0	0	-782.1637259	0.9628478928	21768.1486145445	-782.1637259	0.0004430420828	0.0025139478	-0.268142442772388	
779.6037259	8	1	91	0.9629658347	0.0004330978474	0.002551981063	2.171647073	18.56427164	79.26408129	34.92344012	0.5091789771	64.5673809	54.15648256	0.3356471421	45.50787029	0	0	0	-779.6037259	0.9629658347	21640.3403207786	-779.6037259	0.0004330978474	0.002551981063	-0.255141257330958	
777.0437259	8	1	91	0.9630844923	0.0004233627303	0.002591135363	2.127019284	18.64964651	79.2233342	35.1460669	0.4907624642	64.36317063	54.22798392	0.3274670516	45.44454903	0	0	0	-777.0437259	0.9630844923	21506.2571651591	-777.0437259	0.0004233627303	0.002591135363	-0.242494795148081	
774.4837259	8	1	91	0.9632039098	0.0004138318467	0.002631492015	2.083074734	18.73488752	79.18203774	35.37015428	0.4728238733	64.15702185	54.2994048	0.31944249	45.38115271	0	0	0	-774.4837259	0.9632039098	21365.7404482731	-774.4837259	0.0004138318467	0.002631492015	-0.230209557384727	
771.9237259	8	1	91	0.9633241337	0.0004045005089	0.002673138168	2.039799698	18.82002187	79.14017843	35.59579093	0.4553536122	63.94885546	54.37076073	0.3115714204	45.31766785	0	0	0	-771.9237259	0.9633241337	21218.6522266761	-771.9237259	0.0004045005089	0.002673138168	-0.218290759203147	
769.3637259	8	1	91	0.963445213	0.0003953642181	0.002716167424	1.997180838	18.9050774	79.09774176	35.82306875	0.4383423541	63.7385889	54.44206782	0.3038518201	45.25408036	0	0	0	-769.3637259	0.963445213	21064.8504344317	-769.3637259	0.0003953642181	0.002716167424	-0.206742361153133	
766.8037259	8	1	91	0.9635671994	0.0003864186564	0.002760680522	1.955205181	18.99008262	79.0547122	36.0520831	0.4217810247	63.52613588	54.51334286	0.2962816803	45.19037546	0	0	0	-766.8037259	0.9635671994	20904.1669993824	-766.8037259	0.0003864186564	0.002760680522	-0.195567137420046	
764.2437259	8	1	91	0.9636901478	0.0003776596803	0.002806786107	1.913860098	19.07506685	79.01107305	36.2829331	0.4056607905	63.31140611	54.58460331	0.2888590066	45.12653768	0	0	0	-764.2437259	0.9636901478	20736.4373168348	-764.2437259	0.0003776596803	0.002806786107	-0.184766720241941	
761.6837259	8	1	91	0.9638141162	0.0003690833143	0.002854601596	1.873133286	19.16006026	78.96680646	36.51572195	0.3899730471	63.094305	54.6558674	0.2815818184	45.06255078	0	0	0	-761.6837259	0.9638141162	20561.513558477	-761.6837259	0.0003690833143	0.002854601596	-0.174341663064393	
759.1237259	8	1	91	0.9639391661	0.0003606857454	0.002904254153	1.833012751	19.24509399	78.92189326	36.75055722	0.3747094088	62.87473337	54.72715415	0.2744481494	44.9983977	0	0	0	-759.1237259	0.9639391661	20379.2343687278	-759.1237259	0.0003606857454	0.002904254153	-0.164291498983232	
756.5637259	8	1	91	0.9640653628	0.0003524633183	0.002955881793	1.793486784	19.33020025	78.87631296	36.98755126	0.3598616978	62.65258704	54.79848347	0.2674560476	44.93406049	0	0	0	-756.5637259	0.9640653628	20189.4231840325	-756.5637259	0.0003524633183	0.002955881793	-0.154614803622825	
754.0037259	8	1	91	0.9641927759	0.0003444125315	0.00300963463	1.754543949	19.41541244	78.83004361	37.22682155	0.3454219351	62.42775652	54.8698762	0.2606035754	44.86952023	0	0	0	-754.0037259	0.9641927759	19991.8944279941	-754.0037259	0.0003444125315	0.00300963463	-0.145309255344026	
751.4437259	8	1	91	0.9643214796	0.0003365300339	0.003065676303	1.716173062	19.50076523	78.78306171	37.46849115	0.3313823307	62.20012652	54.94135422	0.2538888094	44.80475697	0	0	0	-751.4437259	0.9643214796	19786.4984895129	-751.4437259	0.0003365300339	0.003065676303	-0.136371699524777	
748.8837259	8	1	91	0.9644515527	0.0003288126224	0.003124185594	1.678363172	19.58629476	78.73534207	37.71268918	0.3177352745	61.96957555	55.01294052	0.2473098406	44.73974964	0	0	0	-748.8837259	0.9644515527	19573.0597633032	-748.8837259	0.0003288126224	0.003124185594	-0.127798220875258	
746.3237259	8	1	91	0.9645830798	0.0003212572399	0.003185358282	1.641103547	19.67203872	78.68685773	37.9595513	0.3044733286	61.73597537	55.08465929	0.2408647747	44.67447594	0	0	0	-746.3237259	0.9645830798	19351.3830628348	-746.3237259	0.0003212572399	0.003185358282	-0.119584197300484	
743.7637259	8	1	91	0.9647161513	0.0003138609746	0.003249409275	1.604383657	19.75803657	78.63757977	38.20922032	0.2915892184	61.49919046	55.15653603	0.2345517318	44.60891224	0	0	0	-743.7637259	0.9647161513	19121.2819542783	-743.7637259	0.0003138609746	0.003249409275	-0.111724364509981	
741.2037259	8	1	91	0.9648508644	0.0003066210601	0.003316575054	1.568193152	19.84432967	78.58747717	38.4618468	0.2790758249	61.25907737	55.22859769	0.2283688463	44.54303347	0	0	0	-741.2037259	0.9648508644	18882.5774079382	-741.2037259	0.0003066210601	0.003316575054	-0.104212881974687	
738.6437259	8	1	91	0.9649873232	0.0002995348764	0.003387116505	1.532521849	19.93096151	78.53651664	38.71758975	0.2669261777	61.01548407	55.30087277	0.2223142678	44.47681296	0	0	0	-738.6437259	0.9649873232	18635.0906897465	-738.6437259	0.0002995348764	0.003387116505	-0.0970433859469576	
736.0837259	8	1	91	0.96512564	0.0002925999523	0.003461322198	1.497359709	20.01797789	78.4846624	38.9766174	0.2551334472	60.76824915	55.3733915	0.2163861602	44.41022234	0	0	0	-736.0837259	0.96512564	18378.6192097814	-736.0837259	0.0002925999523	0.003461322198	-0.090209049431201	
733.5237259	8	1	91	0.9652659359	0.0002858139691	0.003539512201	1.462696822	20.10542722	78.43187596	39.23910807	0.2436909379	60.517201	55.44618599	0.2105827023	44.34323131	0	0	0	-733.5237259	0.9652659359	18112.9619746975	-733.5237259	0.0002858139691	0.003539512201	-0.0837026367337019	
730.9637259	8	1	91	0.965408342	0.0002791747657	0.003622042539	1.428523388	20.19336074	78.37811587	39.50525112	0.2325920817	60.2621568	55.51929043	0.2049020878	44.27580749	0	0	0	-730.9637259	0.965408342	17837.5657788556	-730.9637259	0.0002791747657	0.003622042539	-0.0779228688062032	
728.4037259	8	1	91	0.9655530061	0.0002725898398	0.003709552279	1.394829691	20.28183287	78.32333744	39.77524804	0.2218304315	60.00292153	55.59274127	0.1993425254	44.2079162	0	0	0	-728.4037259	0.9655530061	17552.5980304225	-728.4037259	0.0002725898398	0.003709552279	-0.0720608332930228	
725.8437259	8	1	91	0.9657000764	0.0002662389796	0.003802004058	1.361606082	20.37090152	78.2674924	40.04931364	0.2113996544	59.7392867	55.66657752	0.1939022388	44.13952024	0	0	0	-725.8437259	0.9657000764	17258.4384817671	-725.8437259	0.0002662389796	0.003802004058	-0.065663691518424	
723.2837259	8	1	91	0.9658497171	0.0002601209367	0.003899966383	1.328842344	20.46063152	78.21052614	40.32768143	0.2012934867	59.47102508	55.74084201	0.1885794954	44.07057849	0	0	0	-723.2837259	0.9658497171	16954.4256109768	-723.2837259	0.0002601209367	0.003899966383	-0.0603845860315592	
720.7237259	8	1	91	0.9660021127	0.0002540522496	0.004004271196	1.296530111	20.55108303	78.15238686	40.61058934	0.1915058855	59.19790477	55.81557758	0.1833724922	44.00104993	0	0	0	-720.7237259	0.9660021127	16639.9825250734	-720.7237259	0.0002540522496	0.004004271196	-0.0558263888035537	
718.1637259	8	1	91	0.9661574666	0.0002481207548	0.004115528049	1.264659166	20.64233006	78.09301078	40.89830506	0.1820307853	58.91966416	55.89083362	0.1782795274	43.93088685	0	0	0	-718.1637259	0.9661574666	16314.9795536376	-718.1637259	0.0002481207548	0.004115528049	-0.0511047831849423	
715.6037259	8	1	91	0.9663159991	0.0002423269526	0.004234387176	1.233219865	20.73444903	78.0323311	41.19111241	0.172862251	58.63602534	55.96666239	0.1732988864	43.86003872	0	0	0	-715.6037259	0.9663159991	15979.3588130415	-715.6037259	0.0002423269526	0.004234387176	-0.0466673301229523	
713.0437259	8	1	91	0.966477953	0.0002366701343	0.004361671861	1.202202489	20.82752252	77.97027499	41.4893176	0.163994432	58.34668797	56.04312049	0.1684288701	43.78845064	0	0	0	-713.0437259	0.966477953	15632.9051162198	-713.0437259	0.0002366701343	0.004361671861	-0.0424909690453891	
710.4837259	8	1	91	0.9666435965	0.0002311498953	0.004498324737	1.171597202	20.92163995	77.90676285	41.79325185	0.1554215567	58.0513266	56.12026943	0.1636677956	43.71606277	0	0	0	-710.4837259	0.9666435965	15275.3983845715	-710.4837259	0.0002311498953	0.004498324737	-0.0385668341157661	
707.9237259	8	1	91	0.9668132273	0.0002257661794	0.004645430116	1.141394013	21.01689854	77.84170745	42.10327448	0.1471379263	57.74958759	56.19817625	0.1590139963	43.64280975	0	0	0	-707.9237259	0.9668132273	14906.62002726	-707.9237259	0.0002257661794	0.004645430116	-0.0348860534944892	
705.3637259	8	1	91	0.9669871766	0.0002205193335	0.00480424151	1.111582719	21.11340436	77.77501292	42.41977656	0.139137909	57.44108553	56.27691429	0.1544658222	43.56861989	0	0	0	-705.3637259	0.9669871766	14526.3669479069	-705.3637259	0.0002205193335	0.00480424151	-0.0314397758458864	
702.8037259	8	1	91	0.9671658145	0.0002154101767	0.00497621577	1.082152854	21.21127355	77.7065736	42.74318507	0.1314159337	57.125399	56.35656405	0.1500216403	43.49341431	0	0	0	-702.8037259	0.9671658145	14134.4186081789	-702.8037259	0.0002154101767	0.00497621577	-0.0282191940040213	
700.2437259	8	1	91	0.9673495567	0.0002104400873	0.005163055801	1.053093617	21.31063379	77.6362726	43.07396792	0.1239664836	56.8020656	56.43721425	0.145679835	43.41710592	0	0	0	-700.2437259	0.9673495567	13730.5565398193	-700.2437259	0.0002104400873	0.005163055801	-0.025215565571388	
697.6837259	8	1	91	0.9675388719	0.0002056111137	0.005366764444	1.024393794	21.41162605	77.56398016	43.41263982	0.116784089	56.47057609	56.51896307	0.1414388085	43.33959812	0	0	0	-697.6837259	0.9675388719	13314.5670278163	-697.6837259	0.0002056111137	0.005366764444	-0.0224202314833194	
695.1237259	8	1	91	0.9677342916	0.0002009261166	0.00558971309	0.996041663	21.51440669	77.48955164	43.75976936	0.1098633204	56.13036732	56.60191966	0.1372969817	43.26078336	0	0	0	-695.1237259	0.9677342916	12886.242586106	-695.1237259	0.0002009261166	0.00558971309	-0.0198246601346255	
692.5637259	8	1	91	0.9679364213	0.000196388948	0.005834729385	0.9680248797	21.61914998	77.41282514	44.11598626	0.1031987907	55.78081495	56.68620589	0.1332527947	43.18054131	0	0	0	-692.5637259	0.9679364213	12445.3722649332	-692.5637259	0.000196388948	0.005834729385	-0.0174203626853593	
690.0037259	8	1	91	0.9681459558	0.000192004709	0.006105214073	0.9403303403	21.72605115	77.33361851	44.48199652	0.09678510257	55.42121838	56.77195865	0.1293047079	43.09873664	0	0	0	-690.0037259	0.9681459558	11991.7528172419	-690.0037259	0.000192004709	0.006105214073	-0.0151990062260542	
687.4437259	8	1	91	0.9683636965	0.0001877800423	0.006405288768	0.912944011	21.83533023	77.25172576	44.8585877	0.09061690485	55.0507954	56.85933247	0.1254512031	43.01521632	0	0	0	-687.4437259	0.9683636965	11525.1898156256	-687.4437259	0.0001877800423	0.006405288768	-0.0131524814744373	
684.8837259	8	1	91	0.9685905756	0.0001837235735	0.006739999242	0.885850718	21.94723669	77.1669126	45.24664947	0.084688835	54.66866169	56.94850296	0.1216907846	42.92980626	0	0	0	-684.8837259	0.9685905756	11045.4860134344	-684.8837259	0.0001837235735	0.006739999242	-0.0112727292538498	
682.3237259	8	1	91	0.9688276852	0.0001798464839	0.007115586914	0.8590338833	22.06205535	77.07891077	45.64719189	0.07899551611	54.2738126	57.03967099	0.1180219815	42.84230703	0	0	0	-682.3237259	0.9688276852	10552.4586387626	-682.3237259	0.0001798464839	0.007115586914	-0.00955187709983379	
679.7637259	8	1	91	0.9690763169	0.0001761633055	0.007539862497	0.8324751884	22.18011388	76.98741093	46.06137006	0.07353153923	53.8650984	57.13306814	0.1144433495	42.75248851	0	0	0	-679.7637259	0.9690763169	10045.9277355563	-679.7637259	0.0001761633055	0.007539862497	-0.00798221469449031	
677.2037259	8	1	91	0.9693380129	0.0001726930364	0.008022728372	0.8061541408	22.30179241	76.89205345	46.49051587	0.06829144109	53.44119269	57.22896358	0.1109534738	42.66008295	0	0	0	-677.2037259	0.9693380129	9525.7343088059	-677.2037259	0.0001726930364	0.008022728372	-0.00655619901231681	
674.6437259	8	1	91	0.9696146354	0.0001694607354	0.008576923427	0.7800475052	22.42753613	76.79241637	46.93617922	0.06326967553	53.0005511	57.3276732	0.1075509731	42.56477583	0	0	0	-674.6437259	0.9696146354	8991.72381756866	-674.6437259	0.0001694607354	0.008576923427	-0.00526645810724641	
672.0837259	8	1	91	0.9699084622	0.0001664998544	0.009219108934	0.7541285459	22.55787198	76.68799948	47.40018271	0.05846057586	52.54135671	57.42957165	0.1042345042	42.46619384	0	0	0	-672.0837259	0.9699084622	8443.75127193808	-672.0837259	0.0001664998544	0.009219108934	-0.00410579309975811	
669.5237259	8	1	91	0.9702223201	0.0001638557354	0.009971492107	0.7283659951	22.69343135	76.57820265	47.88469544	0.05385830387	52.06144626	57.53510876	0.1010027692	42.36388848	0	0	0	-669.5237259	0.9702223201	7881.6956422282	-669.5237259	0.0001638557354	0.009971492107	-0.00306717930455071	
666.9637259	8	1	91	0.9705597764	0.0001615910085	0.01086432478	0.7027226185	22.83498146	76.46229592	48.39233496	0.0494567789	51.55820826	57.6448322	0.09785452382	42.25731327	0	0	0	-666.9637259	0.9705597764	7305.4495481642	-666.9637259	0.0001615910085	0.01086432478	-0.00214376570123898	
664.4037259	8	1	91	0.9709254238	0.0001597942076	0.01193988011	0.6771531673	22.98346991	76.33937693	48.9263116	0.045249576	51.02843882	57.75941986	0.09478859137	42.14579155	0	0	0	-664.4037259	0.9709254238	6714.9200579615	-664.4037259	0.0001597942076	0.01193988011	-0.00132887343589314	
661.8437259	8	1	91	0.971325315	0.0001585940732	0.01325903536	0.6516013655	23.14008998	76.20830866	49.4906392	0.04122977477	50.46813103	57.87972713	0.09180388108	42.02846899	0	0	0	-661.8437259	0.971325315	6110.03733256806	-661.8437259	0.0001585940732	0.01325903536	-0.000615988783176337	
659.2837259	8	1	91	0.9717676578	0.0001581844519	0.01491269431	0.6259953136	23.30637973	76.06762495	50.09045547	0.03738971431	49.87215482	58.00685884	0.08889941688	41.90424174	0	0	0	-659.2837259	0.9717676578	5490.75086496151	-659.2837259	0.0001581844519	0.01491269431	1.22970689268328E-06	
656.7237259	8	1	91	0.9722639801	0.0001588700721	0.01704274516	0.6002401673	23.484379	75.91538083	50.73251978	0.03372066129	49.23375956	58.14228339	0.08607438233	41.77164222	0	0	0	-656.7237259	0.9722639801	4857.03454186407	-656.7237259	0.0001588700721	0.01704274516	0.000528965063129391	
654.1637259	8	1	91	0.9728312127	0.0001611571641	0.01988338038	0.574205825	23.67689202	75.74890215	51.42605948	0.03021210985	48.54372841	58.28802373	0.08332819519	41.62864807	0	0	0	-654.1637259	0.9728312127	4208.89180284995	-654.1637259	0.0001611571641	0.01988338038	0.000973277545723474	
651.6037259	8	1	91	0.9734957219	0.0001659493724	0.02385017442	0.5477047506	23.88795791	75.56433734	52.18427339	0.02685059225	47.78887602	58.44699995	0.08066063987	41.47233941	0	0	0	-651.6037259	0.9734957219	3546.40238848384	-651.6037259	0.0001659493724	0.02385017442	0.00134008614687089	
649.0437259	8	1	91	0.9743020123	0.0001750252583	0.02975651382	0.5204482031	24.12377403	75.35577777	53.02726097	0.02361734799	46.94912168	58.62370215	0.07807212483	41.29822573	0	0	0	-649.0437259	0.9743020123	2869.89185852859	-649.0437259	0.0001750252583	0.02975651382	0.00163518799972381	
646.4837259	8	1	91	0.9753346505	0.0001924166496	0.03943613125	0.4919480695	24.39475495	75.11329698	53.98854364	0.02048287408	45.99097349	58.82569248	0.07556425009	41.09874327	0	0	0	-646.4837259	0.9753346505	2180.66036098733	-646.4837259	0.0001924166496	0.03943613125	0.00186558929232627	
643.9237259	8	1	91	0.9767888651	0.000229661069	0.05807478899	0.4612497559	24.72110419	74.81764606	55.13269684	0.01739171019	44.84991145	59.06767425	0.0731413179	40.85918443	0	0	0	-643.9237259	0.9767888651	1486.21152312213	-643.9237259	0.000229661069	0.05807478899	0.00203656818570799	
641.3637259	8	1	91	0.9793316261	0.0003373459307	0.1083935017	0.4258956804	25.15428152	74.41982279	56.62297553	0.01420222645	43.36282225	59.38718349	0.07081609513	40.54200041	0	0	0	-641.3637259	0.9793316261	774.321128944039	-641.3637259	0.0003373459307	0.1083935017	0.154056482154068	
640.0837259	8	1	91	0.9815832519	0.0002875700309	0.1080683279	0.403908587	25.46409643	74.13199499	57.66559062	0.01242057177	42.32198881	59.61486561	0.06970395129	40.31543044	0	0	0	-640.0837259	0.9815832519	441.3252432284	-640.0837259	0.0002875700309	0.1080683279	0.142804728006006	
639.4437259	8	1	91	0.9835069635	0.000255044894	0.103787344	0.3899381352	25.68140621	73.92865565	58.38408864	0.01136962029	41.60454174	59.77429715	0.06917070275	40.15653215	0	0	0	-639.4437259	0.9835069635	262.332051143851	-639.4437259	0.000255044894	0.103787344	0.00630784036444747	
639.1237259	8	1	91	0.9850654049	0.0002221611728	0.09398453807	0.3810407786	25.82959498	73.78936424	58.86765622	0.01073335439	41.12161043	59.88293685	0.06891598949	40.04814716	0	0	0	-639.1237259	0.9850654049	166.096895495491	-639.1237259	0.0002221611728	0.09398453807	0.00305852247996678	
638.9637259	8	1	91	0.986236628	0.0001810981994	0.07805300151	0.3754765431	25.9266081	73.69791536	59.18133484	0.01034858354	40.80831658	59.95403697	0.06879497061	39.97716806	0	0	0	-638.9637259	0.986236628	113.675194491797	-638.9637259	0.0001810981994	0.07805300151	0.00264063039709872	
638.8037259	8	1	91	0.9886350114	0.0003972507718	0.1736233765	0.3680143289	26.06246767	73.569518	59.61668676	0.00984851462	40.37346473	60.05359233	0.06868422747	39.87772344	0	0	0	-638.8037259	0.9886350114	50.0531323802948	-638.8037259	0.0003972507718	0.1736233765	0.0038320028649946	
638.7637259	8	1	91	0.9895504534	0.0001827118586	0.08027003324	0.3653965518	26.11180032	73.52280313	59.77362155	0.009677433144	40.21670102	60.08974246	0.06866051582	39.84159702	0	0	0	-638.7637259	0.9895504534	36.3631565427268	-638.7637259	0.0001827118586	0.08027003324	0.00289764129117947	
638.7237259	8	1	91	0.9914215214	0.0004054332624	0.1785315473	0.3618094128	26.18090909	73.4572815	59.99241404	0.009446691506	39.99813927	60.14038098	0.06864192079	39.7909771	0	0	0	-638.7237259	0.9914215214	16.1463692103275	-638.7237259	0.0004054332624	0.1785315473	0.00259984463917749	
638.7137259	8	1	91	0.9921270597	0.0001860869404	0.0820103985	0.3605393536	26.20580376	73.43365689	60.07093779	0.009366009264	39.9196962	60.15862486	0.06863920648	39.77273593	0	0	0	-638.7137259	0.9921270597	11.7806848711403	-638.7137259	0.0001860869404	0.0820103985	0.00231329192235551	
638.7037259	8	1	91	0.993603357	0.0004243695506	0.1870301691	0.3587594635	26.24108994	73.4001506	60.18195464	0.00925385311	39.8087915	60.18448323	0.06863916303	39.7468776	0	0	0	-638.7037259	0.993603357	6.08982294489007	-638.7037259	0.0004243695506	0.1870301691	0.00226914055322479	
638.6837259	8	1	91	1	0.00226528373	0.9977347163	0.3565568605	26.28514811	73.35829503	60.32031818	0.009116490718	39.67056533							-638.6837259	1	3.12664002039537	-638.6837259	0.00226528373	0.9977347163	0.00227075842334686	
638.6637259	8	1	91	1	0.00226528373	0.9977347163	0.3565568605	26.28514811	73.35829503	60.32031818	0.009116490718	39.67056533							-638.6637259	1	NaN	-638.6637259	0.00226528373	0.9977347163	NaN	
638.6237259	8	1	91	1	0.00226528373	0.9977347163	0.3565568605	26.28514811	73.35829503	60.32031818	0.009116490718	39.67056533							-638.6237259	1	NaN	-638.6237259	0.00226528373	0.9977347163	NaN	
638.5437259	8	1	91	1	0.00226528373	0.9977347163	0.3565568605	26.28514811	73.35829503	60.32031818	0.009116490718	39.67056533							-638.5437259	1	NaN	-638.5437259	0.00226528373	0.9977347163	NaN	
638.3837259	8	1	91	1	0.00226528373	0.9977347163	0.3565568605	26.28514811	73.35829503	60.32031818	0.009116490718	39.67056533							-638.3837259	1	NaN	-638.3837259	0.00226528373	0.9977347163	NaN	
638.0637259	8	1	91	1	0.00226528373	0.9977347163	0.3565568605	26.28514811	73.35829503	60.32031818	0.009116490718	39.67056533							-638.0637259	1	NaN	-638.0637259	0.00226528373	0.9977347163	NaN	
637.4237259	8	1	91	1	0.00226528373	0.9977347163	0.3565568605	26.28514811	73.35829503	60.32031818	0.009116490718	39.67056533							-637.4237259	1	NaN	-637.4237259	0.00226528373	0.9977347163	NaN	
636.1437259	8	1	91	1	0.00226528373	0.9977347163	0.3565568605	26.28514811	73.35829503	60.32031818	0.009116490718	39.67056533							-636.1437259	1	NaN	-636.1437259	0.00226528373	0.9977347163	NaN	
633.5837259	8	1	91	1	0.00226528373	0.9977347163	0.3565568605	26.28514811	73.35829503	60.32031818	0.009116490718	39.67056533							-633.5837259	1	NaN	-633.5837259	0.00226528373	0.9977347163	NaN	
628.4637259	8	1	91	1	0.00226528373	0.9977347163	0.3565568605	26.28514811	73.35829503	60.32031818	0.009116490718	39.67056533							-628.4637259	1	NaN	-628.4637259	0.00226528373	0.9977347163	NaN	
623.3437259	8	1	91	1	0.00226528373	0.9977347163	0.3565568605	26.28514811	73.35829503	60.32031818	0.009116490718	39.67056533							-623.3437259	1	NaN	-623.3437259	0.00226528373	0.9977347163	NaN	
618.2237259	8	1	91	1	0.00226528373	0.9977347163	0.3565568605	26.28514811	73.35829503	60.32031818	0.009116490718	39.67056533							-618.2237259	1	NaN	-618.2237259	0.00226528373	0.9977347163	NaN	
613.1037259	8	1	91	1	0.00226528373	0.9977347163	0.3565568605	26.28514811	73.35829503	60.32031818	0.009116490718	39.67056533							-613.1037259	1	NaN	-613.1037259	0.00226528373	0.9977347163	NaN	
607.9837259	8	1	91	1	0.00226528373	0.9977347163	0.3565568605	26.28514811	73.35829503	60.32031818	0.009116490718	39.67056533							-607.9837259	1	NaN	-607.9837259	0.00226528373	0.9977347163	NaN	
602.8637259	8	1	91	1	0.00226528373	0.9977347163	0.3565568605	26.28514811	73.35829503	60.32031818	0.009116490718	39.67056533							-602.8637259	1	NaN	-602.8637259	0.00226528373	0.9977347163	NaN	
597.7437259	8	1	91	1	0.00226528373	0.9977347163	0.3565568605	26.28514811	73.35829503	60.32031818	0.009116490718	39.67056533							-597.7437259	1	NaN	-597.7437259	0.00226528373	0.9977347163	NaN	
592.6237259	8	1	91	1	0.00226528373	0.9977347163	0.3565568605	26.28514811	73.35829503	60.32031818	0.009116490718	39.67056533							-592.6237259	1	NaN	-592.6237259	0.00226528373	0.9977347163	NaN	
587.5037259	8	1	91	1	0.00226528373	0.9977347163	0.3565568605	26.28514811	73.35829503	60.32031818	0.009116490718	39.67056533							-587.5037259	1	NaN	-587.5037259	0.00226528373	0.9977347163	NaN	
582.3837259	8	1	91	1	0.00226528373	0.9977347163	0.3565568605	26.28514811	73.35829503	60.32031818	0.009116490718	39.67056533							-582.3837259	1	NaN	-582.3837259	0.00226528373	0.9977347163	NaN	
577.2637259	8	1	91	1	0.00226528373	0.9977347163	0.3565568605	26.28514811	73.35829503	60.32031818	0.009116490718	39.67056533							-577.2637259	1	NaN	-577.2637259	0.00226528373	0.9977347163	NaN	
572.1437259	8	1	91	1	0.00226528373	0.9977347163	0.3565568605	26.28514811	73.35829503	60.32031818	0.009116490718	39.67056533							-572.1437259	1	NaN	-572.1437259	0.00226528373	0.9977347163	NaN	
567.0237259	8	1	91	1	0.00226528373	0.9977347163	0.3565568605	26.28514811	73.35829503	60.32031818	0.009116490718	39.67056533							-567.0237259	1	NaN	-567.0237259	0.00226528373	0.9977347163	NaN	
561.9037259	8	1	91	1	0.00226528373	0.9977347163	0.3565568605	26.28514811	73.35829503	60.32031818	0.009116490718	39.67056533							-561.9037259	1	NaN	-561.9037259	0.00226528373	0.9977347163	NaN	
556.7837259	8	1	91	1	0.00226528373	0.9977347163	0.3565568605	26.28514811	73.35829503	60.32031818	0.009116490718	39.67056533							-556.7837259	1	NaN	-556.7837259	0.00226528373	0.9977347163	NaN	
551.6637259	8	1	91	1	0.00226528373	0.9977347163	0.3565568605	26.28514811	73.35829503	60.32031818	0.009116490718	39.67056533							-551.6637259	1	NaN	-551.6637259	0.00226528373	0.9977347163	NaN	
546.5437259	8	1	91	1	0.00226528373	0.9977347163	0.3565568605	26.28514811	73.35829503	60.32031818	0.009116490718	39.67056533							-546.5437259	1	NaN	-546.5437259	0.00226528373	0.9977347163	NaN	
541.4237259	8	1	91	1	0.00226528373	0.9977347163	0.3565568605	26.28514811	73.35829503	60.32031818	0.009116490718	39.67056533							-541.4237259	1	NaN	-541.4237259	0.00226528373	0.9977347163	NaN	
536.3037259	8	1	91	1	0.00226528373	0.9977347163	0.3565568605	26.28514811	73.35829503	60.32031818	0.009116490718	39.67056533							-536.3037259	1	NaN	-536.3037259	0.00226528373	0.9977347163	NaN	
531.1837259	8	1	91	1	0.00226528373	0.9977347163	0.3565568605	26.28514811	73.35829503	60.32031818	0.009116490718	39.67056533							-531.1837259	1	NaN	-531.1837259	0.00226528373	0.9977347163	NaN	
526.0637259	8	1	91	1	0.00226528373	0.9977347163	0.3565568605	26.28514811	73.35829503	60.32031818	0.009116490718	39.67056533							-526.0637259	1	NaN	-526.0637259	0.00226528373	0.9977347163	NaN	
520.9437259	8	1	91	1	0.00226528373	0.9977347163	0.3565568605	26.28514811	73.35829503	60.32031818	0.009116490718	39.67056533							-520.9437259	1	NaN	-520.9437259	0.00226528373	0.9977347163	NaN	
515.8237259	8	1	91	1	0.00226528373	0.9977347163	0.3565568605	26.28514811	73.35829503	60.32031818	0.009116490718	39.67056533							-515.8237259	1	NaN	-515.8237259	0.00226528373	0.9977347163	NaN	
510.7037259	8	1	91	1	0.00226528373	0.9977347163	0.3565568605	26.28514811	73.35829503	60.32031818	0.009116490718	39.67056533							-510.7037259	1	NaN	-510.7037259	0.00226528373	0.9977347163	NaN	
505.5837259	8	1	91	1	0.00226528373	0.9977347163	0.3565568605	26.28514811	73.35829503	60.32031818	0.009116490718	39.67056533							-505.5837259	1	NaN	-505.5837259	0.00226528373	0.9977347163	NaN	
500.4637259	8	1	91	1	0.00226528373	0.9977347163	0.3565568605	26.28514811	73.35829503	60.32031818	0.009116490718	39.67056533							-500.4637259	1	NaN	-500.4637259	0.00226528373	0.9977347163	NaN	
495.3437259	8	1	91	1	0.00226528373	0.9977347163	0.3565568605	26.28514811	73.35829503	60.32031818	0.009116490718	39.67056533							-495.3437259	1	NaN	-495.3437259	0.00226528373	0.9977347163	NaN	
490.2237259	8	1	91	1	0.00226528373	0.9977347163	0.3565568605	26.28514811	73.35829503	60.32031818	0.009116490718	39.67056533							-490.2237259	1	NaN	-490.2237259	0.00226528373	0.9977347163	NaN	
485.1037259	8	1	91	1	0.00226528373	0.9977347163	0.3565568605	26.28514811	73.35829503	60.32031818	0.009116490718	39.67056533							-485.1037259	1	NaN	-485.1037259	0.00226528373	0.9977347163	NaN	
479.9837259	8	1	91	1	0.00226528373	0.9977347163	0.3565568605	26.28514811	73.35829503	60.32031818	0.009116490718	39.67056533							-479.9837259	1	NaN	-479.9837259	0.00226528373	0.9977347163	NaN	
474.8637259	8	1	91	1	0.00226528373	0.9977347163	0.3565568605	26.28514811	73.35829503	60.32031818	0.009116490718	39.67056533							-474.8637259	1	NaN	-474.8637259	0.00226528373	0.9977347163	NaN	
469.7437259	8	1	91	1	0.00226528373	0.9977347163	0.3565568605	26.28514811	73.35829503	60.32031818	0.009116490718	39.67056533							-469.7437259	1	NaN	-469.7437259	0.00226528373	0.9977347163	NaN	
464.6237259	8	1	91	1	0.00226528373	0.9977347163	0.3565568605	26.28514811	73.35829503	60.32031818	0.009116490718	39.67056533							-464.6237259	1	NaN	-464.6237259	0.00226528373	0.9977347163	NaN	
459.5037259	8	1	91	1	0.00226528373	0.9977347163	0.3565568605	26.28514811	73.35829503	60.32031818	0.009116490718	39.67056533							-459.5037259	1	NaN	-459.5037259	0.00226528373	0.9977347163	NaN	
454.3837259	8	1	91	1	0.00226528373	0.9977347163	0.3565568605	26.28514811	73.35829503	60.32031818	0.009116490718	39.67056533							-454.3837259	1	NaN	-454.3837259	0.00226528373	0.9977347163	NaN	
449.2637259	8	1	91	1	0.00226528373	0.9977347163	0.3565568605	26.28514811	73.35829503	60.32031818	0.009116490718	39.67056533							-449.2637259	1	NaN	-449.2637259	0.00226528373	0.9977347163	NaN	
444.1437259	8	1	91	1	0.00226528373	0.9977347163	0.3565568605	26.28514811	73.35829503	60.32031818	0.009116490718	39.67056533							-444.1437259	1	NaN	-444.1437259	0.00226528373	0.9977347163	NaN	
439.0237259	8	1	91	1	0.00226528373	0.9977347163	0.3565568605	26.28514811	73.35829503	60.32031818	0.009116490718	39.67056533							-439.0237259	1	NaN	-439.0237259	0.00226528373	0.9977347163	NaN	
433.9037259	8	1	91	1	0.00226528373	0.9977347163	0.3565568605	26.28514811	73.35829503	60.32031818	0.009116490718	39.67056533							-433.9037259	1	NaN	-433.9037259	0.00226528373	0.9977347163	NaN	
428.7837259	8	1	91	1	0.00226528373	0.9977347163	0.3565568605	26.28514811	73.35829503	60.32031818	0.009116490718	39.67056533							-428.7837259	1	NaN	-428.7837259	0.00226528373	0.9977347163	NaN	
423.6637259	8	1	91	1	0.00226528373	0.9977347163	0.3565568605	26.28514811	73.35829503	60.32031818	0.009116490718	39.67056533							-423.6637259	1	NaN	-423.6637259	0.00226528373	0.9977347163	NaN	
418.5437259	8	1	91	1	0.00226528373	0.9977347163	0.3565568605	26.28514811	73.35829503	60.32031818	0.009116490718	39.67056533							-418.5437259	1	NaN	-418.5437259	0.00226528373	0.9977347163	NaN	
413.4237259	8	1	91	1	0.00226528373	0.9977347163	0.3565568605	26.28514811	73.35829503	60.32031818	0.009116490718	39.67056533							-413.4237259	1	NaN	-413.4237259	0.00226528373	0.9977347163	NaN	
408.3037259	8	1	91	1	0.00226528373	0.9977347163	0.3565568605	26.28514811	73.35829503	60.32031818	0.009116490718	39.67056533							-408.3037259	1	NaN	-408.3037259	0.00226528373	0.9977347163	NaN	
403.1837259	8	1	91	1	0.00226528373	0.9977347163	0.3565568605	26.28514811	73.35829503	60.32031818	0.009116490718	39.67056533							-403.1837259	1	NaN	-403.1837259	0.00226528373	0.9977347163	NaN	
398.0637259	8	1	91	1	0.00226528373	0.9977347163	0.3565568605	26.28514811	73.35829503	60.32031818	0.009116490718	39.67056533							-398.0637259	1	NaN	-398.0637259	0.00226528373	0.9977347163	NaN	
392.9437259	8	1	91	1	0.00226528373	0.9977347163	0.3565568605	26.28514811	73.35829503	60.32031818	0.009116490718	39.67056533							-392.9437259	1	NaN	-392.9437259	0.00226528373	0.9977347163	NaN	
387.8237259	8	1	91	1	0.00226528373	0.9977347163	0.3565568605	26.28514811	73.35829503	60.32031818	0.009116490718	39.67056533							-387.8237259	1	NaN	-387.8237259	0.00226528373	0.9977347163	NaN	
382.7037259	8	1	91	1	0.00226528373	0.9977347163	0.3565568605	26.28514811	73.35829503	60.32031818	0.009116490718	39.67056533							-382.7037259	1	NaN	-382.7037259	0.00226528373	0.9977347163	NaN	
377.5837259	8	1	91	1	0.00226528373	0.9977347163	0.3565568605	26.28514811	73.35829503	60.32031818	0.009116490718	39.67056533							-377.5837259	1	NaN	-377.5837259	0.00226528373	0.9977347163	NaN	
372.4637259	8	1	91	1	0.00226528373	0.9977347163	0.3565568605	26.28514811	73.35829503	60.32031818	0.009116490718	39.67056533							-372.4637259	1	NaN	-372.4637259	0.00226528373	0.9977347163	NaN	
367.3437259	8	1	91	1	0.00226528373	0.9977347163	0.3565568605	26.28514811	73.35829503	60.32031818	0.009116490718	39.67056533							-367.3437259	1	NaN	-367.3437259	0.00226528373	0.9977347163	NaN	
362.2237259	8	1	91	1	0.00226528373	0.9977347163	0.3565568605	26.28514811	73.35829503	60.32031818	0.009116490718	39.67056533							-362.2237259	1	NaN	-362.2237259	0.00226528373	0.9977347163	NaN	
357.1037259	8	1	91	1	0.00226528373	0.9977347163	0.3565568605	26.28514811	73.35829503	60.32031818	0.009116490718	39.67056533							-357.1037259	1	NaN	-357.1037259	0.00226528373	0.9977347163	NaN	
351.9837259	8	1	91	1	0.00226528373	0.9977347163	0.3565568605	26.28514811	73.35829503	60.32031818	0.009116490718	39.67056533							-351.9837259	1	NaN	-351.9837259	0.00226528373	0.9977347163	NaN	
346.8637259	8	1	91	1	0.00226528373	0.9977347163	0.3565568605	26.28514811	73.35829503	60.32031818	0.009116490718	39.67056533							-346.8637259	1	NaN	-346.8637259	0.00226528373	0.9977347163	NaN	
341.7437259	8	1	91	1	0.00226528373	0.9977347163	0.3565568605	26.28514811	73.35829503	60.32031818	0.009116490718	39.67056533							-341.7437259	1	NaN	-341.7437259	0.00226528373	0.9977347163	NaN	
336.6237259	8	1	91	1	0.00226528373	0.9977347163	0.3565568605	26.28514811	73.35829503	60.32031818	0.009116490718	39.67056533							-336.6237259	1	NaN	-336.6237259	0.00226528373	0.9977347163	NaN	
331.5037259	8	1	91	1	0.00226528373	0.9977347163	0.3565568605	26.28514811	73.35829503	60.32031818	0.009116490718	39.67056533							-331.5037259	1	NaN	-331.5037259	0.00226528373	0.9977347163	NaN	
326.3837259	8	1	91	1	0.00226528373	0.9977347163	0.3565568605	26.28514811	73.35829503	60.32031818	0.009116490718	39.67056533							-326.3837259	1	NaN	-326.3837259	0.00226528373	0.9977347163	NaN	
321.2637259	8	1	91	1	0.00226528373	0.9977347163	0.3565568605	26.28514811	73.35829503	60.32031818	0.009116490718	39.67056533							-321.2637259	1	NaN	-321.2637259	0.00226528373	0.9977347163	NaN	
316.1437259	8	1	91	1	0.00226528373	0.9977347163	0.3565568605	26.28514811	73.35829503	60.32031818	0.009116490718	39.67056533							-316.1437259	1	NaN	-316.1437259	0.00226528373	0.9977347163	NaN	
311.0237259	8	1	91	1	0.00226528373	0.9977347163	0.3565568605	26.28514811	73.35829503	60.32031818	0.009116490718	39.67056533							-311.0237259	1	NaN	-311.0237259	0.00226528373	0.9977347163	NaN	
305.9037259	8	1	91	1	0.00226528373	0.9977347163	0.3565568605	26.28514811	73.35829503	60.32031818	0.009116490718	39.67056533							-305.9037259	1	NaN	-305.9037259	0.00226528373	0.9977347163	NaN	
300.7837259	8	1	91	1	0.00226528373	0.9977347163	0.3565568605	26.28514811	73.35829503	60.32031818	0.009116490718	39.67056533							-300.7837259	1	NaN	-300.7837259	0.00226528373	0.9977347163	NaN	
300	8	1	91	1	0.00226528373	0.9977347163	0.3565568605	26.28514811	73.35829503	60.32031818	0.009116490718	39.67056533							-300	1	NaN	-300	0.00226528373	0.9977347163	NaN	
