T	w(CU)	w(FE)	w(TI)	fs	fw(@BCC_A2#1)	fw(@BCC_A2#2)	w(CU@BCC_A2#1)	w(FE@BCC_A2#1)	w(TI@BCC_A2#1)	w(CU@BCC_A2#2)	w(FE@BCC_A2#2)	w(TI@BCC_A2#2)	w(CU@LIQUID)	w(FE@LIQUID)	w(TI@LIQUID)	dwdT_L(CU@LIQUID)	dwdT_L(FE@LIQUID)	dwdT_L(TI@LIQUID)	-T	fs_1	-T//fs	-T_1	fw(@BCC_A2#1)_1	fw(@BCC_A2#2)_1	-T//fw(@BCC_A2)	
K	%	%	%	mole/mole	kg/kg	kg/kg	%	%	%	%	%	%	%	%	%	SI	SI	SI								
1877.633636	3	2	95	0	0		1.166401911	0.6396531653	98.19394492				3	2	95	-0.0004176586217	-0.0003098660614	0.0007275246831	-1877.633636	0	43.6083208675501	-1877.633636	0			
1877.623636	3	2	95	0.0002292652754	0.0002277758365		1.166575801	0.6397598975	98.1936643				3.000417563	2.000309781	94.99927266	0	0	0	-1877.623636	0.0002292652754	43.62686974336	-1877.623636	0.0002277758365			
1877.603636	3	2	95	0.0006875036438	0.0004553711226		1.166923572	0.639973373	98.19310306				3.001252743	2.000929432	94.99781783	0	0	0	-1877.603636	0.0006875036438	43.6574782780261	-1877.603636	0.0004553711226			
1877.563636	3	2	95	0.001603220991	0.0009103303194		1.167619085	0.6404003439	98.19198057				3.002923363	2.002168998	94.99490764	0	0	0	-1877.563636	0.001603220991	43.7141410689962	-1877.563636	0.0009103303194			
1877.483636	3	2	95	0.003430577975	0.001818267483		1.169010197	0.641254411	98.18973539				3.006263534	2.004647638	94.98908883	0	0	0	-1877.483636	0.003430577975	43.8406440887127	-1877.483636	0.001818267483			
1877.323636	3	2	95	0.007069980125	0.003627916942		1.171791757	0.642962715	98.18524553				3.012941288	2.009604212	94.9774545	0	0	0	-1877.323636	0.007069980125	44.0872188745322	-1877.323636	0.003627916942			
1877.003636	3	2	95	0.01428806984	0.007221594445		1.17735303	0.6463802849	98.17626668				3.026286467	2.019514533	94.954199	0	0	0	-1877.003636	0.01428806984	44.6031579796749	-1877.003636	0.007221594445			
1876.363636	3	2	95	0.02846813894	0.01429203403		1.188467394	0.6532195871	98.15831302				3.052933561	2.039324861	94.90774158	0	0	0	-1876.363636	0.02846813894	45.6671835040343	-1876.363636	0.01429203403			
1875.083636	3	2	95	0.05587815005	0.0280290963		1.210665334	0.6669141665	98.1224205				3.106060333	2.078902067	94.8150376	0	0	0	-1875.083636	0.05587815005	47.8199478989455	-1875.083636	0.0280290963			
1872.523636	3	2	95	0.1071616516	0.05396214842		1.254938994	0.6943661476	98.05069486				3.211652695	2.157879608	94.6304677	0	0	0	-1872.523636	0.1071616516	52.4844744768968	-1872.523636	0.05396214842			
1869.963636	3	2	95	0.1538591633	0.05194705708		1.299078672	0.721882892	97.97903844				3.316449147	2.236562764	94.44698809	0	0	0	-1869.963636	0.1538591633	57.5272339398835	-1869.963636	0.05194705708			
1867.403636	3	2	95	0.196525861	0.05007121527		1.343086027	0.7494632594	97.90745071				3.420466086	2.314948508	94.26458541	0	0	0	-1867.403636	0.196525861	62.8478954377795	-1867.403636	0.05007121527			
1864.843636	3	2	95	0.2356346974	0.04832227113		1.386962526	0.7771061325	97.83593134				3.523719007	2.393033799	94.08324719	0	0	0	-1864.843636	0.2356346974	68.4500479282798	-1864.843636	0.04832227113			
1862.283636	3	2	95	0.2715895155	0.046687856		1.430709516	0.8048105436	97.76447994				3.626222811	2.470816019	93.90296117	0	0	0	-1862.283636	0.2715895155	74.3380415441123	-1862.283636	0.046687856			
1859.723636	3	2	95	0.3047369854	0.045157127		1.474328199	0.8325756413	97.69309616				3.72799178	2.548292877	93.72371534	0	0	0	-1859.723636	0.3047369854	80.5161464591155	-1859.723636	0.045157127			
1857.163636	3	2	95	0.3353762024	0.04372056721		1.517819656	0.8604006802	97.62177966				3.829039625	2.625462372	93.545498	0	0	0	-1857.163636	0.3353762024	86.9885381045901	-1857.163636	0.04372056721			
1854.603636	3	2	95	0.3637664357	0.04236978894		1.561184851	0.888285012	97.55053014				3.929379531	2.702322767	93.3682977	0	0	0	-1854.603636	0.3637664357	93.7593009050348	-1854.603636	0.04236978894			
1852.043636	3	2	95	0.3901334288	0.04109737125		1.604424648	0.9162280769	97.47934728				4.029024197	2.778872556	93.19210325	0	0	0	-1852.043636	0.3901334288	100.832432960767	-1852.043636	0.04109737125			
1849.483636	3	2	95	0.4146745534	0.03989672453		1.647539817	0.9442293975	97.40823079				4.127985867	2.85511045	93.01690368	0	0	0	-1849.483636	0.4146745534	108.21184828298	-1849.483636	0.03989672453			
1846.923636	3	2	95	0.4375630534	0.03876197737		1.690531045	0.9722885716	97.33718038				4.226276368	2.931035346	92.84268829	0	0	0	-1846.923636	0.4375630534	115.901380892901	-1846.923636	0.03876197737			
1844.363636	3	2	95	0.4589515568	0.03768788132		1.733398944	1.000405267	97.26619579				4.323907131	3.006646319	92.66944655	0	0	0	-1844.363636	0.4589515568	123.904787786244	-1844.363636	0.03768788132			
1841.803636	3	2	95	0.4789749999	0.03666973045		1.776144053	1.028579217	97.19527673				4.420889222	3.0819426	92.49716818	0	0	0	-1841.803636	0.4789749999	132.22575096518	-1841.803636	0.03666973045			
1839.243636	3	2	95	0.4977530728	0.03570329307		1.818766851	1.056810214	97.12442294				4.517233362	3.156923561	92.32584308	0	0	0	-1839.243636	0.4977530728	140.863102977625	-1839.243636	0.03570329307			
1836.683636	3	2	95	0.5153933694	0.03478696702		1.861270039	1.085099512	97.05363045				4.612954841	3.23159213	92.15545303	0	0	0	-1836.683636	0.5153933694	149.829743145306	-1836.683636	0.03478696702			
1834.123636	3	2	95	0.5319888995	0.03391110266		1.90364945	1.113444096	96.98290645				4.70805406	3.305940756	91.98600518	0	0	0	-1834.123636	0.5319888995	159.128364413815	-1834.123636	0.03391110266			
1831.563636	3	2	95	0.5476256416	0.03307829758		1.945907642	1.141845423	96.91224694				4.802545608	3.379972902	91.81748149	0	0	0	-1831.563636	0.5476256416	168.755020629094	-1831.563636	0.03307829758			
1829.003636	3	2	95	0.5623799402	0.03228399289		1.988044904	1.170303504	96.84165159				4.896439065	3.453688429	91.64987251	0	0	0	-1829.003636	0.5623799402	178.716587154443	-1829.003636	0.03228399289			
1826.443636	3	2	95	0.5763204721	0.03152558251		2.030061461	1.198818377	96.77112016				4.989743388	3.527087007	91.4831696	0	0	0	-1826.443636	0.5763204721	189.0164953076	-1826.443636	0.03152558251			
1823.883636	3	2	95	0.5895091632	0.0308006767		2.071957503	1.227390125	96.70065237				5.082468249	3.600169121	91.31736263	0	0	0	-1823.883636	0.5895091632	199.657831892591	-1823.883636	0.0308006767			
1821.323636	3	2	95	0.6020020235	0.03010718838		2.113733183	1.256018869	96.63024795				5.174622136	3.672934602	91.15244326	0	0	0	-1821.323636	0.6020020235	210.643675313563	-1821.323636	0.03010718838			
1818.763636	3	2	95	0.6138497836	0.02944310469		2.155388621	1.284704766	96.55990661				5.266213641	3.745383596	90.98840276	0	0	0	-1818.763636	0.6138497836	221.977239443169	-1818.763636	0.02944310469			
1816.203636	3	2	95	0.6250985043	0.02880661184		2.196923905	1.31344801	96.48962808				5.357251149	3.817516315	90.82523254	0	0	0	-1816.203636	0.6250985043	233.661576318466	-1816.203636	0.02880661184			
1813.643636	3	2	95	0.6357900923	0.02819604217		2.238339095	1.342248827	96.41941208				5.447742846	3.889333026	90.66292413	0	0	0	-1813.643636	0.6357900923	245.699617114534	-1813.643636	0.02819604217			
1811.083636	3	2	95	0.6459627546	0.02760987417		2.279634219	1.371107476	96.3492583				5.53769673	3.960834056	90.50146921	0	0	0	-1811.083636	0.6459627546	258.011883349625	-1811.083636	0.02760987417			
1808.523636	3	2	95	0.6556571529	0.02706279654		2.320824373	1.400119629	96.279056				5.627175139	4.032060838	90.34076402	0	0	0	-1808.523636	0.6556571529	270.772960578211	-1808.523636	0.02706279654			
1805.963636	3	2	95	0.664893717	0.02650572838		2.36188036	1.429096845	96.2090228				5.716079773	4.102931759	90.18098847	0	0	0	-1805.963636	0.664893717	283.965411107452	-1805.963636	0.02650572838			
1803.403636	3	2	95	0.6737073283	0.02598436506		2.402815826	1.45813264	96.13905153				5.804468793	4.173487568	90.02204364	0	0	0	-1803.403636	0.6737073283	297.448344091867	-1803.403636	0.02598436506			
1800.843636	3	2	95	0.682124978	0.02548269361		2.443631284	1.487227855	96.06914086				5.892350705	4.243729715	89.86391958	0	0	0	-1800.843636	0.682124978	311.297761486038	-1800.843636	0.02548269361			
1798.283636	3	2	95	0.6901713412	0.02499923277		2.484326518	1.516382851	95.99929063				5.979732444	4.313658533	89.70660902	0	0	0	-1798.283636	0.6901713412	325.518179988087	-1798.283636	0.02499923277			
1795.723636	3	2	95	0.6978691699	0.02453309644		2.524901433	1.545598119	95.92950045				6.066621088	4.383274613	89.5501043	0	0	0	-1795.723636	0.6978691699	340.111765267077	-1795.723636	0.02453309644			
1793.163636	3	2	95	0.7052394499	0.02408338471		2.565355916	1.574874177	95.85976991				6.153023581	4.452578579	89.39439784	0	0	0	-1793.163636	0.7052394499	355.081088842824	-1793.163636	0.02408338471			
1790.603636	3	2	95	0.7123015655	0.02364925789		2.605689839	1.604211574	95.79009859				6.238946741	4.521571085	89.23948217	0	0	0	-1790.603636	0.7123015655	370.428680365971	-1790.603636	0.02364925789			
1788.043636	3	2	95	0.7190734466	0.02322993278		2.645903054	1.633610886	95.72048606				6.324397261	4.590252811	89.08534993	0	0	0	-1788.043636	0.7190734466	386.15701250095	-1788.043636	0.02322993278			
1785.483636	3	2	95	0.7255717004	0.02282467788		2.685995398	1.663072713	95.65093189				6.409381719	4.65862446	88.93199382	0	0	0	-1785.483636	0.7255717004	402.268518446291	-1785.483636	0.02282467788			
1782.923636	3	2	95	0.7318117284	0.02243280925		2.725966693	1.692597684	95.58143562				6.493906575	4.726686759	88.77940667	0	0	0	-1782.923636	0.7318117284	418.765584784959	-1782.923636	0.02243280925			
1780.363636	3	2	95	0.7378078323	0.02205368664		2.765816746	1.722186453	95.5119968				6.577978182	4.794440455	88.62758136	0	0	0	-1780.363636	0.7378078323	435.650550513406	-1780.363636	0.02205368664			
1777.803636	3	2	95	0.7435733083	0.02168671011		2.805545348	1.751839698	95.44261495				6.66160279	4.861886314	88.4765109	0	0	0	-1777.803636	0.7435733083	452.925700246604	-1777.803636	0.02168671011			
1775.243636	3	2	95	0.7491205328	0.0213313169		2.845152276	1.781558123	95.3732896				6.744786545	4.92902512	88.32618833	0	0	0	-1775.243636	0.7491205328	470.593285980715	-1775.243636	0.0213313169			
1772.683636	3	2	95	0.7544610384	0.02098697859		2.884637293	1.811342457	95.30402025				6.827535499	4.995857672	88.17660683	0	0	0	-1772.683636	0.7544610384	488.655505028669	-1772.683636	0.02098697859			
1770.123636	3	2	95	0.7596055841	0.02065319853		2.924000149	1.841193453	95.2348064				6.909855609	5.062384785	88.02775961	0	0	0	-1770.123636	0.7596055841	507.114503475108	-1770.123636	0.02065319853			
1767.563636	3	2	95	0.7645642173	0.02032950951		2.963240578	1.871111887	95.16564753				6.991752743	5.128607285	87.87963997	0	0	0	-1767.563636	0.7645642173	525.972399091191	-1767.563636	0.02032950951			
1765.003636	3	2	95	0.7693463308	0.02001547157		3.002358305	1.901098559	95.09654314				7.073232681	5.194526014	87.7322413	0	0	0	-1765.003636	0.7693463308	545.231259183171	-1765.003636	0.02001547157			
1762.443636	3	2	95	0.7739607142	0.01971067011		3.041353038	1.931154294	95.02749267				7.154301123	5.260141823	87.58555705	0	0	0	-1762.443636	0.7739607142	564.893088450227	-1762.443636	0.01971067011			
1759.883636	3	2	95	0.778415601	0.01941471403		3.080224473	1.961279939	94.95849559				7.234963686	5.325455571	87.43958074	0	0	0	-1759.883636	0.778415601	584.959865931075	-1759.883636	0.01941471403			
1757.323636	3	2	95	0.7827187105	0.01912723413		3.118972293	1.991476365	94.88955134				7.31522591	5.39046813	87.29430596	0	0	0	-1757.323636	0.7827187105	605.43351842434	-1757.323636	0.01912723413			
1754.763636	3	2	95	0.7868772872	0.01884788159		3.157596168	2.021744465	94.82065937				7.395093262	5.455180377	87.14972636	0	0	0	-1754.763636	0.7868772872	626.315931367363	-1754.763636	0.01884788159			
1752.203636	3	2	95	0.7908981355	0.01857632659		3.196095757	2.052085157	94.75181909				7.474571135	5.5195932	87.00583567	0	0	0	-1752.203636	0.7908981355	647.608937892103	-1752.203636	0.01857632659			
1749.643636	3	2	95	0.7947876526	0.01831225703		3.234470704	2.082499381	94.68302992				7.553664855	5.583707489	86.86262766	0	0	0	-1749.643636	0.7947876526	669.314319150562	-1749.643636	0.01831225703			
1747.083636	3	2	95	0.7985518575	0.01805537737		3.27272064	2.112988099	94.61429126				7.632379678	5.647524143	86.72009618	0	0	0	-1747.083636	0.7985518575	691.433842088314	-1747.083636	0.01805537737			
1744.523636	3	2	95	0.8021964181	0.01780540754		3.310845184	2.143552297	94.54560252				7.710720799	5.711044066	86.57823514	0	0	0	-1744.523636	0.8021964181	713.969198924225	-1744.523636	0.01780540754			
1741.963636	3	2	95	0.8057266762	0.01756208195		3.348843942	2.174192986	94.47696307				7.788693349	5.774268164	86.43703849	0	0	0	-1741.963636	0.8057266762	736.922033177822	-1741.963636	0.01756208195			
1739.403636	3	2	95	0.80914767	0.01732514857		3.386716506	2.204911196	94.4083723				7.866302398	5.837197349	86.29650025	0	0	0	-1739.403636	0.80914767	760.293957974622	-1739.403636	0.01732514857			
1736.843636	3	2	95	0.812464155	0.01709436808		3.424462456	2.235707984	94.33982956				7.94355296	5.899832535	86.15661451	0	0	0	-1736.843636	0.812464155	784.086549370636	-1736.843636	0.01709436808			
1734.283636	3	2	95	0.8156806231	0.01686951306		3.462081358	2.266584428	94.27133421				8.020449991	5.962174639	86.01737537	0	0	0	-1734.283636	0.8156806231	808.301306325825	-1734.283636	0.01686951306			
1731.723636	3	2	95	0.8188013206	0.0166503673		3.499572765	2.29754163	94.2028856				8.096998396	6.02422458	85.87877702	0	0	0	-1731.723636	0.8188013206	832.939703770995	-1731.723636	0.0166503673			
1729.163636	3	2	95	0.821830264	0.0164367251		3.536936216	2.328580716	94.13448307				8.173203025	6.085983278	85.7408137	0	0	0	-1729.163636	0.821830264	858.003178858949	-1729.163636	0.0164367251			
1726.603636	3	2	95	0.8247712554	0.01622839062		3.574171236	2.359702834	94.06612593				8.249068679	6.147451655	85.60347967	0	0	0	-1726.603636	0.8247712554	883.493082680492	-1726.603636	0.01622839062			
1724.043636	3	2	95	0.8276278963	0.01602517734		3.611277336	2.390909159	93.99781351				8.324600112	6.208630631	85.46676926	0	0	0	-1724.043636	0.8276278963	909.410744788554	-1724.043636	0.01602517734			
1721.483636	3	2	95	0.8304036003	0.01582690752		3.648254013	2.422200887	93.9295451				8.399802028	6.269521129	85.33067684	0	0	0	-1721.483636	0.8304036003	935.757461094829	-1721.483636	0.01582690752			
1718.923636	3	2	95	0.833101605	0.01563341162		3.68510075	2.453579239	93.86132001				8.474679088	6.33012407	85.19519684	0	0	0	-1718.923636	0.833101605	962.534436745581	-1718.923636	0.01563341162			
1716.363636	3	2	95	0.8357249832	0.01544452792		3.721817014	2.485045461	93.79313752				8.549235911	6.390440373	85.06032372	0	0	0	-1716.363636	0.8357249832	989.742881866188	-1716.363636	0.01544452792			
1713.803636	3	2	95	0.8382766526	0.01526010203		3.758402259	2.516600824	93.72499692				8.623477072	6.450470959	84.92605197	0	0	0	-1713.803636	0.8382766526	1017.3839179489	-1713.803636	0.01526010203			
1711.243636	3	2	95	0.8407593859	0.01507998651		3.794855922	2.548246623	93.65689745				8.697407106	6.510216744	84.79237615	0	0	0	-1711.243636	0.8407593859	1045.45861233183	-1711.243636	0.01507998651			
1708.683636	3	2	95	0.843175819	0.01490404044		3.831177424	2.579984179	93.5888384				8.771030509	6.569678643	84.65929085	0	0	0	-1708.683636	0.843175819	1073.96804267458	-1708.683636	0.01490404044			
1706.123636	3	2	95	0.8455284594	0.01473212913		3.867366173	2.611814838	93.52081899				8.844351742	6.628857569	84.52679069	0	0	0	-1706.123636	0.8455284594	1102.91311208195	-1706.123636	0.01473212913			
1703.563636	3	2	95	0.8478196941	0.01456412372		3.903421558	2.643739972	93.45283847				8.917375228	6.687754433	84.39487034	0	0	0	-1703.563636	0.8478196941	1132.29480678907	-1703.563636	0.01456412372			
1701.003636	3	2	95	0.8500517958	0.01439990091		3.939342952	2.675760979	93.38489607				8.990105355	6.74637014	84.2635245	0	0	0	-1701.003636	0.8500517958	1162.11400502178	-1701.003636	0.01439990091			
1698.443636	3	2	95	0.8522269305	0.01423934267		3.975129712	2.707879285	93.316991				9.062546479	6.804705595	84.13274793	0	0	0	-1698.443636	0.8522269305	1192.37147710303	-1698.443636	0.01423934267			
1695.883636	3	2	95	0.8543471629	0.01408233594		4.010781178	2.740096341	93.24912248				9.134702926	6.862761697	84.00253538	0	0	0	-1695.883636	0.8543471629	1223.06804553198	-1695.883636	0.01408233594			
1693.323636	3	2	95	0.8564144624	0.01392877237		4.046296672	2.772413627	93.1812897				9.206578987	6.920539342	83.87288167	0	0	0	-1693.323636	0.8564144624	1254.20442256592	-1693.323636	0.01392877237			
1690.763636	3	2	95	0.8584307084	0.01377854811		4.081675496	2.804832648	93.11349186				9.278178928	6.97803942	83.74378165	0	0	0	-1690.763636	0.8584307084	1285.78127446915	-1690.763636	0.01377854811			
1688.203636	3	2	95	0.8603976953	0.01363156357		4.116916937	2.837354941	93.04572812				9.349506984	7.035262817	83.6152302	0	0	0	-1688.203636	0.8603976953	1317.79919825755	-1688.203636	0.01363156357			
1685.643636	3	2	95	0.8623171372	0.01348772318		4.152020262	2.869982068	92.97799767				9.420567366	7.092210415	83.48722222	0	0	0	-1685.643636	0.8623171372	1350.25870912896	-1685.643636	0.01348772318			
1683.083636	3	2	95	0.8641906723	0.01334693523		4.186984717	2.902715623	92.91029966				9.491364258	7.14888309	83.35975265	0	0	0	-1683.083636	0.8641906723	1383.16032052908	-1683.083636	0.01334693523			
1680.523636	3	2	95	0.8660198668	0.01320911167		4.221809531	2.935557227	92.84263324				9.561901819	7.205281711	83.23281647	0	0	0	-1680.523636	0.8660198668	1416.5044935848	-1680.523636	0.01320911167			
1677.963636	3	2	95	0.8678062189	0.01307416791		4.256493911	2.968508533	92.77499756				9.632184187	7.261407144	83.10640867	0	0	0	-1677.963636	0.8678062189	1450.29160934004	-1677.963636	0.01307416791			
1675.403636	3	2	95	0.8695511623	0.01294202268		4.291037044	3.001571224	92.70739173				9.702215475	7.317260247	82.98052428	0	0	0	-1675.403636	0.8695511623	1484.52196872657	-1675.403636	0.01294202268			
1672.843636	3	2	95	0.8712560697	0.01281259787		4.325438096	3.034747013	92.63981489				9.771999778	7.37284187	82.85515835	0	0	0	-1672.843636	0.8712560697	1519.19582983896	-1672.843636	0.01281259787			
1670.283636	3	2	95	0.8729222558	0.01268581834		4.359696211	3.068037645	92.57226614				9.84154117	7.428152859	82.73030597	0	0	0	-1670.283636	0.8729222558	1554.31335012576	-1670.283636	0.01268581834			
1667.723636	3	2	95	0.8745509805	0.01256161186		4.393810512	3.101444899	92.50474459				9.910843706	7.483194051	82.60596224	0	0	0	-1667.723636	0.8745509805	1589.87471256753	-1667.723636	0.01256161186			
1665.163636	3	2	95	0.8761434513	0.0124399089		4.427780097	3.134970585	92.43724932				9.979911424	7.537966278	82.4821223	0	0	0	-1665.163636	0.8761434513	1625.87998433581	-1665.163636	0.0124399089			
1662.603636	3	2	95	0.8777008264	0.01232064255		4.461604044	3.168616547	92.36977941				10.04874835	7.592470362	82.35878129	0	0	0	-1662.603636	0.8777008264	1662.32918919383	-1662.603636	0.01232064255			
1660.043636	3	2	95	0.8792242167	0.01220374839		4.495281405	3.202384663	92.30233393				10.11735848	7.646707118	82.2359344	0	0	0	-1660.043636	0.8792242167	1699.22220491199	-1660.043636	0.01220374839			
1657.483636	3	2	95	0.8807146887	0.01208916436		4.528811209	3.236276845	92.23491195				10.18574581	7.700677354	82.11357683	0	0	0	-1657.483636	0.8807146887	1736.55887254851	-1657.483636	0.01208916436			
1654.923636	3	2	95	0.8821732661	0.0119768307		4.562192458	3.270295041	92.1675125				10.25391433	7.754381868	81.99170381	0	0	0	-1654.923636	0.8821732661	1774.33915810642	-1654.923636	0.0119768307			
1652.363636	3	2	95	0.8836009321	0.01186668979		4.595424131	3.304441236	92.10013463				10.32186799	7.807821449	81.87031056	0	0	0	-1652.363636	0.8836009321	1812.5626757573	-1652.363636	0.01186668979			
1649.803636	3	2	95	0.8849986316	0.01175868611		4.628505179	3.338717451	92.03277737				10.38961075	7.86099688	81.74939237	0	0	0	-1649.803636	0.8849986316	1851.2291617115	-1649.803636	0.01175868611			
1647.243636	3	2	95	0.8863672725	0.01165276613		4.661434528	3.373125744	91.96543973				10.45714656	7.913908931	81.6289445	0	0	0	-1647.243636	0.8863672725	1890.338169759	-1647.243636	0.01165276613			
1644.683636	3	2	95	0.8877077281	0.0115488782		4.694211074	3.407668212	91.89812071				10.52447936	7.966558365	81.50896227	0	0	0	-1644.683636	0.8877077281	1929.88927100102	-1644.683636	0.0115488782			
1642.123636	3	2	95	0.889020838	0.01144697251		4.726833689	3.442346992	91.83081932				10.59161307	8.018945935	81.38944099	0	0	0	-1642.123636	0.889020838	1969.88183630447	-1642.123636	0.01144697251			
1639.563636	3	2	95	0.8903074105	0.011347001		4.759301211	3.477164259	91.76353453				10.65855162	8.071072382	81.270376	0	0	0	-1639.563636	0.8903074105	2010.31529683183	-1639.563636	0.011347001			
1637.003636	3	2	95	0.8915682231	0.01124891726		4.791612453	3.512122229	91.69626532				10.72529892	8.122938441	81.15176264	0	0	0	-1637.003636	0.8915682231	2051.18908087804	-1637.003636	0.01124891726			
1634.443636	3	2	95	0.8928040247	0.01115267651		4.823766195	3.547223162	91.62901064				10.79185888	8.17454483	81.03359629	0	0	0	-1634.443636	0.8928040247	2092.50216876658	-1634.443636	0.01115267651			
1631.883636	3	2	95	0.8940155366	0.01105823551		4.855761187	3.582469359	91.56176945				10.85823541	8.225892263	80.91587233	0	0	0	-1631.883636	0.8940155366	2134.25381771649	-1631.883636	0.01105823551			
1629.323636	3	2	95	0.8952034536	0.01096555246		4.887596148	3.617863164	91.49454069				10.92443241	8.276981437	80.79858615	0	0	0	-1629.323636	0.8952034536	2176.44313442629	-1629.323636	0.01096555246			
1626.763636	3	2	95	0.8963684454	0.01087458704		4.919269763	3.653406966	91.42732327				10.99045379	8.327813041	80.68173316	0	0	0	-1626.763636	0.8963684454	2219.06915812943	-1626.763636	0.01087458704			
1624.203636	3	2	95	0.8975111575	0.01078530023		4.950780685	3.6891032	91.36011611				11.05630346	8.378387751	80.56530879	0	0	0	-1624.203636	0.8975111575	2262.13059913409	-1624.203636	0.01078530023			
1621.643636	3	2	95	0.8986322127	0.01069765436		4.982127532	3.724954347	91.29291812				11.1219853	8.428706232	80.44930847	0	0	0	-1621.643636	0.8986322127	2305.62647510484	-1621.643636	0.01069765436			
1619.083636	3	2	95	0.8997322113	0.01061161301		5.013308888	3.760962934	91.22572818				11.18750323	8.478769133	80.33372763	0	0	0	-1619.083636	0.8997322113	2349.55551961135	-1619.083636	0.01061161301			
1616.523636	3	2	95	0.900811733	0.01052714096		5.044323299	3.797131539	91.15854516				11.25286116	8.528577096	80.21856174	0	0	0	-1616.523636	0.900811733	2393.91617300697	-1616.523636	0.01052714096			
1613.963636	3	2	95	0.9018713371	0.01044420416		5.075169277	3.833462789	91.09136793				11.318063	8.578130744	80.10380626	0	0	0	-1613.963636	0.9018713371	2438.70724821076	-1613.963636	0.01044420416			
1611.403636	3	2	95	0.9029115636	0.0103627697		5.105845294	3.869959361	91.02419535				11.38311266	8.627430691	79.98945665	0	0	0	-1611.403636	0.9029115636	2483.92699479529	-1611.403636	0.0103627697			
1608.843636	3	2	95	0.9039329342	0.01028280571		5.136349785	3.906623984	90.95702623				11.44801406	8.676477536	79.87550841	0	0	0	-1608.843636	0.9039329342	2529.57379888882	-1608.843636	0.01028280571			
1606.283636	3	2	95	0.9049359527	0.01020428139		5.166681145	3.943459442	90.88985941				11.51277113	8.725271862	79.761957	0	0	0	-1606.283636	0.9049359527	2575.64606887562	-1606.283636	0.01020428139			
1603.723636	3	2	95	0.905921106	0.01012716694		5.196837728	3.98046857	90.8226937				11.57738782	8.77381424	79.64879794	0	0	0	-1603.723636	0.905921106	2622.14207506448	-1603.723636	0.01012716694			
1601.163636	3	2	95	0.9068888646	0.01005143352		5.226817847	4.017654263	90.75552789				11.64186806	8.822105225	79.53602671	0	0	0	-1601.163636	0.9068888646	2669.05964690263	-1601.163636	0.01005143352			
1598.603636	3	2	95	0.9078396837	0.009977053207		5.256619772	4.055019469	90.68836076				11.70621582	8.870145357	79.42363882	0	0	0	-1598.603636	0.9078396837	2716.39697060244	-1598.603636	0.009977053207			
1596.043636	3	2	95	0.9087740031	0.009903999006		5.286241731	4.092567198	90.62119107				11.77043507	8.917935161	79.31162977	0	0	0	-1596.043636	0.9087740031	2764.15183491772	-1596.043636	0.009903999006			
1593.483636	3	2	95	0.9096922487	0.009832244768		5.315681904	4.130300516	90.55401758				11.83452978	8.965475145	79.19999508	0	0	0	-1593.483636	0.9096922487	2812.32181688966	-1593.483636	0.009832244768			
1590.923636	3	2	95	0.9105948323	0.009761765194		5.344938428	4.168222554	90.48683902				11.89850395	9.012765801	79.08873025	0	0	0	-1590.923636	0.9105948323	2860.90497636924	-1590.923636	0.009761765194			
1588.363636	3	2	95	0.9114821525	0.009692535785		5.374009392	4.206336502	90.41965411				11.9623616	9.059807606	78.97783079	0	0	0	-1588.363636	0.9114821525	2909.89880057132	-1588.363636	0.009692535785			
1585.803636	3	2	95	0.9123545952	0.009624532835		5.402892837	4.244645618	90.35246155				12.02610675	9.106601016	78.86729223	0	0	0	-1585.803636	0.9123545952	2959.30051504343	-1585.803636	0.009624532835			
1583.243636	3	2	95	0.9132125342	0.009557733384		5.431586755	4.283153223	90.28526002				12.08974345	9.153146474	78.75711007	0	0	0	-1583.243636	0.9132125342	3009.10771688504	-1583.243636	0.009557733384			
1580.683636	3	2	95	0.9140563313	0.009492115216		5.460089086	4.321862706	90.21804821				12.15327577	9.199444401	78.64727983	0	0	0	-1580.683636	0.9140563313	3059.31737007771	-1580.683636	0.009492115216			
1578.123636	3	2	95	0.9148863374	0.009427656812		5.488397721	4.360777527	90.15082475				12.21670779	9.245495201	78.53779701	0	0	0	-1578.123636	0.9148863374	3109.92673489935	-1578.123636	0.009427656812			
1575.563636	3	2	95	0.9157028921	0.009364337349		5.516510494	4.399901214	90.08358829				12.28004361	9.29129926	78.42865713	0	0	0	-1575.563636	0.9157028921	3160.93276287224	-1575.563636	0.009364337349			
1573.003636	3	2	95	0.916506325	0.009302136663		5.544425189	4.439237369	90.01633744				12.34328738	9.336856943	78.31985567	0	0	0	-1573.003636	0.916506325	3212.33241764107	-1573.003636	0.009302136663			
1570.443636	3	2	95	0.9172969552	0.009241035238		5.57213953	4.478789668	89.9490708				12.40644325	9.382168596	78.21138815	0	0	0	-1570.443636	0.9172969552	3264.12259098206	-1570.443636	0.009241035238			
1567.883636	3	2	95	0.9180750925	0.009181014182		5.599651187	4.518561864	89.88178695				12.46951541	9.427234543	78.10325005	0	0	0	-1567.883636	0.9180750925	3316.29916169491	-1567.883636	0.009181014182			
1565.323636	3	2	95	0.9188410374	0.009122055208		5.626957769	4.558557787	89.81448444				12.53250805	9.47205509	77.99543686	0	0	0	-1565.323636	0.9188410374	3368.85935120958	-1565.323636	0.009122055208			
1562.763636	3	2	95	0.9195950811	0.009064140622		5.654056827	4.598781348	89.74716183				12.59542543	9.516630518	77.88794405	0	0	0	-1562.763636	0.9195950811	3421.79953524996	-1562.763636	0.009064140622			
1560.203636	3	2	95	0.9203375065	0.009007253296		5.68094585	4.63923654	89.67981761				12.65827181	9.560961088	77.7807671	0	0	0	-1560.203636	0.9203375065	3475.11544209172	-1560.203636	0.009007253296			
1557.643636	3	2	95	0.9210685881	0.008951376666		5.707622262	4.679927439	89.6124503				12.7210515	9.605047038	77.67390146	0	0	0	-1557.643636	0.9210685881	3528.80359016982	-1557.643636	0.008951376666			
1555.083636	3	2	95	0.9217885923	0.008896494701		5.734083424	4.720858211	89.54505836				12.78376883	9.648888581	77.56734258	0	0	0	-1555.083636	0.9217885923	3582.85936380196	-1555.083636	0.008896494701			
1552.523636	3	2	95	0.9224977781	0.008842591903		5.760326632	4.762033106	89.47764026				12.84642819	9.692485909	77.4610859	0	0	0	-1552.523636	0.9224977781	3637.27898083685	-1552.523636	0.008842591903			
1549.963636	3	2	95	0.9231963966	0.00878965328		5.786349111	4.803456469	89.41019442				12.90903397	9.735839188	77.35512685	0	0	0	-1549.963636	0.9231963966	3692.05801592801	-1549.963636	0.00878965328			
1547.403636	3	2	95	0.9238846922	0.008737664345		5.81214802	4.845132735	89.34271925				12.97159063	9.778948558	77.24946082	0	0	0	-1547.403636	0.9238846922	3747.1918189022	-1547.403636	0.008737664345			
1544.843636	3	2	95	0.924562902	0.008686611093		5.837720442	4.887066437	89.27521312				13.03410266	9.821814133	77.14408321	0	0	0	-1544.843636	0.924562902	3802.67600854451	-1544.843636	0.008686611093			
1542.283636	3	2	95	0.9252312567	0.008636479997		5.863063392	4.929262206	89.2076744				13.09657459	9.864436003	77.03898941	0	0	0	-1542.283636	0.9252312567	3858.50553529952	-1542.283636	0.008636479997			
1539.723636	3	2	95	0.9258899804	0.008587257992		5.888173806	4.971724773	89.14010142				13.15901101	9.906814227	76.93417477	0	0	0	-1539.723636	0.9258899804	3914.67557941923	-1539.723636	0.008587257992			
1537.163636	3	2	95	0.9265392911	0.008538932466		5.913048547	5.014458972	89.07249248				13.22141653	9.948948839	76.82963463	0	0	0	-1537.163636	0.9265392911	3971.1807246555	-1537.163636	0.008538932466			
1534.603636	3	2	95	0.9271794008	0.008491491251		5.937684396	5.057469745	89.00484586				13.28379584	9.990839843	76.72536432	0	0	0	-1534.603636	0.9271794008	4028.01541283365	-1534.603636	0.008491491251			
1532.043636	3	2	95	0.9278105158	0.008444922609		5.962078056	5.100762142	88.9371598				13.34615366	10.03248721	76.62135913	0	0	0	-1532.043636	0.9278105158	4085.1745993059	-1532.043636	0.008444922609			
1529.483636	3	2	95	0.9284328366	0.008399215228		5.986226145	5.144341324	88.86943253				13.40849476	10.07389089	76.51761435	0	0	0	-1529.483636	0.9284328366	4142.6530293845	-1529.483636	0.008399215228			
1526.923636	3	2	95	0.9290465584	0.008354358215		6.0101252	5.188212568	88.80166223				13.47082399	10.11505079	76.41412522	0	0	0	-1526.923636	0.9290465584	4200.44422594716	-1526.923636	0.008354358215			
1524.363636	3	2	95	0.9296518713	0.008310341077		6.033771667	5.232381269	88.73384706				13.53314623	10.15596679	76.31088698	0	0	0	-1524.363636	0.9296518713	4258.54168039948	-1524.363636	0.008310341077			
1521.803636	3	2	95	0.9302489604	0.008267153727		6.057161906	5.276852942	88.66598515				13.59546643	10.19663874	76.20789483	0	0	0	-1521.803636	0.9302489604	4316.93992674151	-1521.803636	0.008267153727			
1519.243636	3	2	95	0.9308380057	0.00822478647		6.080292187	5.321633226	88.59807459				13.65778961	10.23706646	76.10514393	0	0	0	-1519.243636	0.9308380057	4375.63269925898	-1519.243636	0.00822478647			
1516.683636	3	2	95	0.9314191827	0.008183229996		6.103158684	5.36672789	88.53011343				13.72012085	10.27724971	76.00262944	0	0	0	-1516.683636	0.9314191827	4434.61254128387	-1516.683636	0.008183229996			
1514.123636	3	2	95	0.9319926624	0.008142475376		6.125757479	5.412142831	88.46209969				13.7824653	10.31718824	75.90034647	0	0	0	-1514.123636	0.9319926624	4493.8729191683	-1514.123636	0.008142475376			
1511.563636	3	2	95	0.9325586113	0.008102514058		6.148084553	5.457884082	88.39403136				13.84482816	10.35688175	75.79829009	0	0	0	-1511.563636	0.9325586113	4553.40708196672	-1511.563636	0.008102514058			
1509.003636	3	2	95	0.9331171917	0.008063337854		6.17013579	5.503957815	88.32590639				13.90721474	10.39632991	75.69645535	0	0	0	-1509.003636	0.9331171917	4613.20764601371	-1509.003636	0.008063337854			
1506.443636	3	2	95	0.9336685618	0.008024938948		6.19190697	5.550370342	88.25772269				13.96963039	10.43553235	75.59483725	0	0	0	-1506.443636	0.9336685618	4673.26687968057	-1506.443636	0.008024938948			
1503.883636	3	2	95	0.9342128759	0.007987309878		6.213393768	5.597128121	88.18947811				14.03208057	10.47448865	75.49343078	0	0	0	-1503.883636	0.9342128759	4733.57755883956	-1503.883636	0.007987309878			
1501.323636	3	2	95	0.9347502843	0.007950443543		6.234591754	5.644237761	88.12117049				14.09457079	10.51319836	75.39223085	0	0	0	-1501.323636	0.9347502843	4794.13156401358	-1501.323636	0.007950443543			
1498.763636	3	2	95	0.9352809338	0.007914333194		6.255496385	5.691706023	88.05279759				14.15710667	10.55166096	75.29123236	0	0	0	-1498.763636	0.9352809338	4854.9198847431	-1498.763636	0.007914333194			
1496.203636	3	2	95	0.9358049676	0.007878972432		6.276103009	5.739539826	87.98435717				14.21969392	10.58987593	75.19043015	0	0	0	-1496.203636	0.9358049676	4915.9347658958	-1496.203636	0.007878972432			
1493.643636	3	2	95	0.9363225253	0.007844355204		6.296406856	5.787746252	87.91584689				14.28233831	10.62784267	75.08981902	0	0	0	-1493.643636	0.9363225253	4977.16839279035	-1493.643636	0.007844355204			
1491.083636	3	2	95	0.9368337431	0.007810475804		6.316403041	5.836332548	87.84726441				14.34504575	10.66556053	74.98939372	0	0	0	-1491.083636	0.9368337431	5038.61088016457	-1491.083636	0.007810475804			
1488.523636	3	2	95	0.9373387542	0.00777732887		6.336086558	5.885306134	87.77860731				14.40782221	10.70302884	74.88914895	0	0	0	-1488.523636	0.9373387542	5100.25212789201	-1488.523636	0.00777732887			
1485.963636	3	2	95	0.9378376886	0.00774490938		6.355452277	5.934674602	87.70987312				14.47067378	10.74024686	74.78907936	0	0	0	-1485.963636	0.9378376886	5162.08430153229	-1485.963636	0.00774490938			
1483.403636	3	2	95	0.938330673	0.007713212655		6.374494944	5.984445727	87.64105933				14.53360667	10.77721379	74.68917954	0	0	0	-1483.403636	0.938330673	5224.09776156167	-1483.403636	0.007713212655			
1480.843636	3	2	95	0.9388178314	0.007682234356		6.393209176	6.034627468	87.57216336				14.59662718	10.81392879	74.58944404	0	0	0	-1480.843636	0.9388178314	5286.28044855648	-1480.843636	0.007682234356			
1478.283636	3	2	95	0.9392992851	0.007651970485		6.411589457	6.085227975	87.50318257				14.65974172	10.85039096	74.48986732	0	0	0	-1478.283636	0.9392992851	5348.6237157885	-1478.283636	0.007651970485			
1475.723636	3	2	95	0.9397751522	0.007622417383		6.429630139	6.13625559	87.43411427				14.72295685	10.88659934	74.3904438	0	0	0	-1475.723636	0.9397751522	5411.11733615436	-1475.723636	0.007622417383			
1473.163636	3	2	95	0.9402455485	0.007593571733		6.447325437	6.187718858	87.36495571				14.78627923	10.92255292	74.29116784	0	0	0	-1473.163636	0.9402455485	5473.74968174243	-1473.163636	0.007593571733			
1470.603636	3	2	95	0.940710587	0.007565430563		6.464669425	6.239626528	87.29570405				14.84971566	10.95825062	74.19203372	0	0	0	-1470.603636	0.940710587	5536.50900058022	-1470.603636	0.007565430563			
1468.043636	3	2	95	0.9411703785	0.007537991243		6.481656034	6.291987562	87.2263564				14.91327305	10.9936913	74.09303565	0	0	0	-1468.043636	0.9411703785	5599.38308657209	-1468.043636	0.007537991243			
1465.483636	3	2	95	0.9416250312	0.007511251489		6.498279051	6.344811137	87.15690981				14.97695849	11.02887374	73.99416777	0	0	0	-1465.483636	0.9416250312	5662.3627833668	-1465.483636	0.007511251489			
1462.923636	3	2	95	0.9420746507	0.007485209366		6.514532112	6.39810665	87.08736124				15.04077918	11.06379667	73.89542414	0	0	0	-1462.923636	0.9420746507	5725.4339358692	-1462.923636	0.007485209366			
1460.363636	3	2	95	0.9425193409	0.007459863293		6.530408705	6.45188373	87.01770756				15.10474249	11.09845875	73.79679876	0	0	0	-1460.363636	0.9425193409	5788.583765209	-1460.363636	0.007459863293			
1457.803636	3	2	95	0.942959203	0.00743521204		6.545902159	6.506152238	86.9479456				15.16885594	11.13285855	73.69828551	0	0	0	-1457.803636	0.942959203	5851.80115319305	-1457.803636	0.00743521204			
1455.243636	3	2	95	0.9433943363	0.007411254738		6.56100565	6.560922274	86.87807208				15.23312719	11.16699459	73.59987822	0	0	0	-1455.243636	0.9433943363	5915.07038374708	-1455.243636	0.007411254738			
1452.683636	3	2	95	0.9438248382	0.007387990883		6.57571219	6.616204186	86.80808362				15.29756412	11.20086528	73.50157061	0	0	0	-1452.683636	0.9438248382	5978.37894887868	-1452.683636	0.007387990883			
1450.123636	3	2	95	0.9442508038	0.007365420334		6.590014631	6.672008571	86.7379768				15.36217472	11.23446897	73.40335631	0	0	0	-1450.123636	0.9442508038	6041.71341909612	-1450.123636	0.007365420334			
1447.563636	3	2	95	0.9446723265	0.00734354333		6.603905658	6.728346289	86.66774805				15.42696722	11.26780392	73.30522885	0	0	0	-1447.563636	0.9446723265	6105.05890844305	-1447.563636	0.00734354333			
1445.003636	3	2	95	0.9450894977	0.007322360483		6.617377786	6.785228461	86.59739375				15.49195001	11.30086831	73.20718168	0	0	0	-1445.003636	0.9450894977	6168.3993993983	-1445.003636	0.007322360483			
1442.443636	3	2	95	0.9455024073	0.007301872795		6.630423362	6.842666481	86.52691016				15.55713167	11.33366022	73.10920811	0	0	0	-1442.443636	0.9455024073	6231.720983489	-1442.443636	0.007301872795			
1439.883636	3	2	95	0.945911143	0.007282081658		6.643034555	6.900672022	86.45629342				15.622521	11.36617763	73.01130137	0	0	0	-1439.883636	0.945911143	6295.00775934483	-1439.883636	0.007282081658			
1437.323636	3	2	95	0.9463157913	0.007262988868		6.655203362	6.959257039	86.3855396				15.688127	11.39841845	72.91345455	0	0	0	-1437.323636	0.9463157913	6358.2429840016	-1437.323636	0.007262988868			
1434.763636	3	2	95	0.9467164367	0.007244596622		6.666921597	7.018433783	86.31464462				15.7539589	11.43038046	72.81566064	0	0	0	-1434.763636	0.9467164367	6421.41087677979	-1434.763636	0.007244596622			
1432.203636	3	2	95	0.9471131624	0.007226907541		6.678180897	7.078214797	86.24360431				15.82002616	11.46206134	72.7179125	0	0	0	-1432.203636	0.9471131624	6484.49470860486	-1432.203636	0.007226907541			
1429.643636	3	2	95	0.9475060498	0.007209924669		6.688972713	7.138612935	86.17241435				15.88633846	11.49345868	72.62020286	0	0	0	-1429.643636	0.9475060498	6547.47546465505	-1429.643636	0.007209924669			
1427.083636	3	2	95	0.9478951793	0.007193651486		6.699288313	7.199641359	86.10107033				15.95290575	11.52456993	72.52252432	0	0	0	-1427.083636	0.9478951793	6610.33554674464	-1427.083636	0.007193651486			
1424.523636	3	2	95	0.9482806294	0.007178091918		6.709118775	7.261313549	86.02956768				16.01973822	11.55539244	72.42486933	0	0	0	-1424.523636	0.9482806294	6673.05747280633	-1424.523636	0.007178091918			
1421.963636	3	2	95	0.9486624776	0.007163250349		6.718454992	7.323643314	85.95790169				16.08684635	11.58592344	72.32723021	0	0	0	-1421.963636	0.9486624776	6735.62180141198	-1421.963636	0.007163250349			
1419.403636	3	2	95	0.9490407998	0.007149131635		6.727287667	7.386644792	85.88606754				16.15424088	11.61616001	72.2295991	0	0	0	-1419.403636	0.9490407998	6798.00920499102	-1419.403636	0.007149131635			
1416.843636	3	2	95	0.9494156709	0.00713574111		6.735607309	7.450332459	85.81406023				16.22193285	11.64609913	72.13196802	0	0	0	-1416.843636	0.9494156709	6860.19810354746	-1416.843636	0.00713574111			
1414.283636	3	2	95	0.9497871645	0.007123084604		6.74340424	7.514721138	85.74187462				16.28993359	11.6757376	72.0343288	0	0	0	-1414.283636	0.9497871645	6922.170834642	-1414.283636	0.007123084604			
1411.723636	3	2	95	0.9501553528	0.007111168461		6.750668587	7.579826004	85.66950541				16.35825477	11.70507213	71.9366731	0	0	0	-1411.723636	0.9501553528	6983.90440621001	-1411.723636	0.007111168461			
1409.163636	3	2	95	0.9505203073	0.007099999543		6.757390286	7.645662588	85.59694713				16.42690836	11.73409923	71.83899242	0	0	0	-1409.163636	0.9505203073	7045.37622635239	-1409.163636	0.007099999543			
1406.603636	3	2	95	0.9508820981	0.007089585255		6.763559082	7.712246786	85.52419413				16.49590668	11.76281527	71.74127805	0	0	0	-1406.603636	0.9508820981	7106.56568588964	-1406.603636	0.007089585255			
1404.043636	3	2	95	0.9512407944	0.007079933558		6.769164529	7.779594862	85.45124061				16.56526242	11.79121648	71.6435211	0	0	0	-1404.043636	0.9512407944	7167.4496758361	-1404.043636	0.007079933558			
1401.483636	3	2	95	0.9515964643	0.007071052985		6.774195992	7.847723458	85.37808055				16.63498863	11.81929889	71.54571248	0	0	0	-1401.483636	0.9515964643	7228.00525494534	-1401.483636	0.007071052985			
1398.923636	3	2	95	0.951949175	0.007062952659		6.778642648	7.916649592	85.30470776				16.70509875	11.84705837	71.44784288	0	0	0	-1398.923636	0.951949175	7288.2077219609	-1398.923636	0.007062952659			
1396.363636	3	2	95	0.9522989928	0.007055642316		6.782493488	7.986390671	85.23111584				16.77560661	11.87449059	71.3499028	0	0	0	-1396.363636	0.9522989928	7348.03256595151	-1396.363636	0.007055642316			
1393.803636	3	2	95	0.9526459831	0.007049132318		6.785737324	8.05696449	85.15729819				16.84652648	11.90159106	71.25188247	0	0	0	-1393.803636	0.9526459831	7407.4544230087	-1393.803636	0.007049132318			
1391.243636	3	2	95	0.9529902105	0.007043433679		6.788362786	8.128389235	85.08324798				16.91787305	11.92835504	71.15377191	0	0	0	-1391.243636	0.9529902105	7466.44707068898	-1391.243636	0.007043433679			
1388.683636	3	2	95	0.9533317388	0.007038558085		6.790358333	8.200683491	85.00895818				16.98966148	11.95477762	71.0555609	0	0	0	-1388.683636	0.9533317388	7524.9844773377	-1388.683636	0.007038558085			
1386.123636	3	2	95	0.953670631	0.007034517915		6.791712256	8.27386624	84.9344215				17.06190739	11.98085366	70.95723895	0	0	0	-1386.123636	0.953670631	7583.04084851245	-1386.123636	0.007034517915			
1383.563636	3	2	95	0.9540069493	0.007031326265		6.792412681	8.347956866	84.85963045				17.13462692	12.00657779	70.85879529	0	0	0	-1383.563636	0.9540069493	7640.58604437139	-1383.563636	0.007031326265			
1381.003636	3	2	95	0.9543407555	0.007028996971		6.792447582	8.422975151	84.78457727				17.20783671	12.03194439	70.76021891	0	0	0	-1381.003636	0.9543407555	7697.59246854466	-1381.003636	0.007028996971			
1378.443636	3	2	95	0.9546721104	0.007027544637		6.791804787	8.498941282	84.70925393				17.28155394	12.0569476	70.66149846	0	0	0	-1378.443636	0.9546721104	7754.03256226335	-1378.443636	0.007027544637			
1375.883636	3	2	95	0.9550010744	0.007026984658		6.790471984	8.575875844	84.63365217				17.35579637	12.08158129	70.56262234	0	0	0	-1375.883636	0.9550010744	7809.8756377004	-1375.883636	0.007026984658			
1373.323636	3	2	95	0.9553277072	0.007027333252		6.788436736	8.65379982	84.55776344				17.43058233	12.10583908	70.46357859	0	0	0	-1373.323636	0.9553277072	7865.08981692053	-1373.323636	0.007027333252			
1370.763636	3	2	95	0.9556520682	0.007028607477		6.785686492	8.73273459	84.48157892				17.50593079	12.12971427	70.36435494	0	0	0	-1370.763636	0.9556520682	7919.64472020865	-1370.763636	0.007028607477			
1368.203636	3	2	95	0.955974216	0.007030825271		6.782208598	8.81270192	84.40508948				17.58186132	12.15319988	70.2649388	0	0	0	-1368.203636	0.955974216	7973.51129824562	-1368.203636	0.007030825271			
1365.643636	3	2	95	0.9562942088	0.007034005477		6.777990316	8.893723961	84.32828572				17.65839421	12.1762886	70.16531718	0	0	0	-1365.643636	0.9562942088	8026.65589556493	-1365.643636	0.007034005477			
1363.083636	3	2	95	0.9566121044	0.007038167872		6.773018834	8.975823238	84.25115793				17.73555042	12.19897282	70.06547676	0	0	0	-1363.083636	0.9566121044	8079.04371284674	-1363.083636	0.007038167872			
1360.523636	3	2	95	0.9569279603	0.007043333201		6.767281289	9.059022642	84.17369607				17.81335165	12.22124454	69.9654038	0	0	0	-1360.523636	0.9569279603	8130.65973484699	-1360.523636	0.007043333201			
1357.963636	3	2	95	0.9572418321	0.007049492426		6.76076385	9.14334562	84.09589053				17.89182003	12.24309535	69.86508462	0	0	0	-1357.963636	0.9572418321	8181.43532801703	-1357.963636	0.007049492426			
1355.403636	3	2	95	0.9575537792	0.007056761834		6.75345552	9.22881534	84.01772914				17.97097951	12.26451671	69.76450378	0	0	0	-1355.403636	0.9575537792	8231.3330958354	-1355.403636	0.007056761834			
1352.843636	3	2	95	0.9578638568	0.007065077563		6.745342647	9.31545587	83.93920148				18.0508539	12.28549944	69.66364666	0	0	0	-1352.843636	0.9578638568	8280.34708320705	-1352.843636	0.007065077563			
1350.283636	3	2	95	0.9581721214	0.007074496611		6.73641259	9.403291367	83.86029604				18.13146828	12.30603402	69.56249771	0	0	0	-1350.283636	0.9581721214	8328.42552618556	-1350.283636	0.007074496611			
1347.723636	3	2	95	0.9584786289	0.007085045083		6.726652777	9.492346267	83.78100096				18.21284858	12.3261105	69.46104092	0	0	0	-1347.723636	0.9584786289	8375.5308786999	-1347.723636	0.007085045083			
1345.163636	3	2	95	0.9587834354	0.007096750353		6.716050738	9.58264526	83.701304				18.29502174	12.34571847	69.35925978	0	0	0	-1345.163636	0.9587834354	8421.62477760746	-1345.163636	0.007096750353			
1342.603636	3	2	95	0.9590865965	0.007109640974		6.704594132	9.674213261	83.62119261				18.37801568	12.36484705	69.25713728	0	0	0	-1342.603636	0.9590865965	8466.67465343218	-1342.603636	0.007109640974			
1340.043636	3	2	95	0.9593881676	0.007123746731		6.692270786	9.76707538	83.54065383				18.46185934	12.38348482	69.15465584	0	0	0	-1340.043636	0.9593881676	8510.64010781967	-1340.043636	0.007123746731			
1337.483636	3	2	95	0.9596882042	0.007139099052		6.679068732	9.861256884	83.45967438				18.54658281	12.40161985	69.05179734	0	0	0	-1337.483636	0.9596882042	8553.48409459143	-1337.483636	0.007139099052			
1334.923636	3	2	95	0.9599867614	0.007155729551		6.664976239	9.956783171	83.37824059				18.63221725	12.41923965	68.9485431	0	0	0	-1334.923636	0.9599867614	8595.16853829249	-1334.923636	0.007155729551			
1332.363636	3	2	95	0.9602838945	0.007173672278		6.649981861	10.05367972	83.29633842				18.71879508	12.43633113	68.84487379	0	0	0	-1332.363636	0.9602838945	8635.65465690456	-1332.363636	0.007173672278			
1329.803636	3	2	95	0.9605796585	0.007192962282		6.63407448	10.15197202	83.2139535				18.80634991	12.45288061	68.74076948	0	0	0	-1329.803636	0.9605796585	8674.90711783909	-1329.803636	0.007192962282			
1327.243636	3	2	95	0.9608741084	0.007213636006		6.617243354	10.25168559	83.13107106				18.89491669	12.46887372	68.63620959	0	0	0	-1327.243636	0.9608741084	8712.88699184922	-1327.243636	0.007213636006			
1324.683636	3	2	95	0.9611672992	0.007235731314		6.599478166	10.35284583	83.047676				18.98453172	12.48429545	68.53117283	0	0	0	-1324.683636	0.9611672992	8749.55608553967	-1324.683636	0.007235731314			
1322.123636	3	2	95	0.9614592859	0.007259287521		6.580769076	10.45547805	82.96375288				19.07523275	12.49913003	68.42563722	0	0	0	-1322.123636	0.9614592859	8784.87702966374	-1322.123636	0.007259287521			
1319.563636	3	2	95	0.9617501235	0.007284345411		6.561106772	10.55960732	82.8792859				19.16705898	12.51336098	68.31958004	0	0	0	-1319.563636	0.9617501235	8818.81183692369	-1319.563636	0.007284345411			
1317.003636	3	2	95	0.9620398671	0.007310947266		6.540482535	10.6652585	82.79425897				19.2600512	12.52697099	68.21297781	0	0	0	-1317.003636	0.9620398671	8851.32504037719	-1317.003636	0.007310947266			
1314.443636	3	2	95	0.9623285717	0.007339136875		6.518888291	10.77245605	82.70865566				19.35425181	12.53994195	68.10580624	0	0	0	-1314.443636	0.9623285717	8882.38221740734	-1314.443636	0.007339136875			
1311.883636	3	2	95	0.9626162924	0.007368959556		6.496316675	10.88122407	82.62245925				19.44970493	12.55225484	67.99804023	0	0	0	-1311.883636	0.9626162924	8911.94704301854	-1311.883636	0.007368959556			
1309.323636	3	2	95	0.9629030844	0.007400462158		6.472761094	10.99158612	82.53565278				19.54645645	12.56388975	67.8896538	0	0	0	-1309.323636	0.9629030844	8939.9843749122	-1309.323636	0.007400462158			
1306.763636	3	2	95	0.963189003	0.007433693067		6.448215797	11.10356518	82.44821902				19.6445541	12.57482579	67.78062011	0	0	0	-1306.763636	0.963189003	8966.46192573265	-1306.763636	0.007433693067			
1304.203636	3	2	95	0.9634741035	0.007468702204		6.422675933	11.21718354	82.36014053				19.74404759	12.58504105	67.67091136	0	0	0	-1304.203636	0.9634741035	8991.34879097873	-1304.203636	0.007468702204			
1301.643636	3	2	95	0.9637584413	0.007505541016		6.396138648	11.33246192	82.27139943				19.84498861	12.59451257	67.56049881	0	0	0	-1301.643636	0.9637584413	8992.14369480815	-1301.643636	0.007505541016			
1299.083636	3	2	95	0.9640434912	0.00758204606		6.368622492	11.44978143	82.18159608				19.94794789	12.60325852	67.44879359	0	0	0	-1299.083636	0.9640434912	9013.92991058157	-1299.083636	0.00758204606			
1296.523636	3	2	95	0.9643264662	0.007585082964		6.340077703	11.56844662	82.09147568				20.05195363	12.6111657	67.33688067	0	0	0	-1296.523636	0.9643264662	9056.44083873459	-1296.523636	0.007585082964			
1293.963636	3	2	95	0.964608836	0.007627515708		6.310528647	11.68883096	82.00064039				20.1575723	12.61825404	67.22417365	0	0	0	-1293.963636	0.964608836	9074.79501250554	-1293.963636	0.007627515708			
1291.403636	3	2	95	0.9648906673	0.00767226831		6.279976804	11.81095253	81.90907066				20.26486827	12.62449492	67.11063681	0	0	0	-1291.403636	0.9648906673	9091.2679620289	-1291.403636	0.00767226831			
1288.843636	3	2	95	0.9651720146	0.007719096725		6.248424167	11.93482682	81.81674901				20.37390435	12.62985911	66.99623654	0	0	0	-1288.843636	0.9651720146	9106.01440695119	-1288.843636	0.007719096725			
1286.283636	3	2	95	0.9654529337	0.00776810254		6.215874148	12.06046829	81.72365757				20.48474654	12.63431599	66.88093748	0	0	0	-1286.283636	0.9654529337	9118.99132915282	-1286.283636	0.00776810254			
1283.723636	3	2	95	0.9657334807	0.007819350113		6.18233161	12.18788978	81.62977861				20.59746363	12.63783343	66.76470295	0	0	0	-1283.723636	0.9657334807	9130.17689083314	-1283.723636	0.007819350113			
1281.163636	3	2	95	0.9660137118	0.00787290422		6.147802926	12.31710241	81.53509466				20.71212728	12.64037772	66.647495	0	0	0	-1281.163636	0.9660137118	9139.56268184522	-1281.163636	0.00787290422			
1278.603636	3	2	95	0.9662936828	0.007928830746		6.112296035	12.44811544	81.43958852				20.82881217	12.64191349	66.52927434	0	0	0	-1278.603636	0.9662936828	9147.1407626603	-1278.603636	0.007928830746			
1276.043636	3	2	95	0.9665734497	0.007987196484		6.0758205	12.58093609	81.34324341				20.94759608	12.64240363	66.41000029	0	0	0	-1276.043636	0.9665734497	9152.9004656972	-1276.043636	0.007987196484			
1273.483636	3	2	95	0.9668530684	0.008048068957		6.038387554	12.71556944	81.246043				21.06856006	12.6418092	66.28963075	0	0	0	-1273.483636	0.9668530684	9156.84308812517	-1273.483636	0.008048068957			
1270.923636	3	2	95	0.9671325944	0.008111516228		6.000010144	12.85201828	81.14797158				21.19178852	12.64008933	66.16812215	0	0	0	-1270.923636	0.9671325944	9158.97210858552	-1270.923636	0.008111516228			
1268.363636	3	2	95	0.9674120831	0.008177606669		5.960702974	12.99028294	81.04901409				21.3173694	12.63720116	66.04542944	0	0	0	-1268.363636	0.9674120831	9159.29646233964	-1268.363636	0.008177606669			
1265.803636	3	2	95	0.9676915893	0.0082464087		5.920482533	13.13036118	80.94915628				21.44539427	12.63309974	65.92150599	0	0	0	-1265.803636	0.9676915893	9157.8288618281	-1265.803636	0.0082464087			
1263.243636	3	2	95	0.9679711676	0.008317990485		5.879367122	13.27224805	80.84838483				21.57595845	12.62773791	65.79630363	0	0	0	-1263.243636	0.9679711676	9154.58738456171	-1263.243636	0.008317990485			
1260.683636	3	2	95	0.9682508718	0.008392419592		5.83737687	13.41593569	80.74668744				21.70916121	12.62106624	65.66977255	0	0	0	-1260.683636	0.9682508718	9149.59704275508	-1260.683636	0.008392419592			
1258.123636	3	2	95	0.9685307552	0.008469762595		5.794533747	13.56141326	80.64405299				21.84510581	12.61303289	65.5418613	0	0	0	-1258.123636	0.9685307552	9142.88802298518	-1258.123636	0.008469762595			
1255.563636	3	2	95	0.9688108701	0.008550084629		5.750861562	13.70866676	80.54047168				21.98389972	12.60358353	65.41251674	0	0	0	-1255.563636	0.9688108701	9134.49884101688	-1255.563636	0.008550084629			
1253.003636	3	2	95	0.9690912679	0.008633448874		5.706385962	13.85767889	80.43593515				22.12565469	12.59266127	65.28168405	0	0	0	-1253.003636	0.9690912679	9124.47126336479	-1253.003636	0.008633448874			
1250.443636	3	2	95	0.9693719989	0.008719915979		5.66113441	14.00842891	80.33043668				22.27048687	12.58020649	65.14930664	0	0	0	-1250.443636	0.9693719989	9112.8566378436	-1250.443636	0.008719915979			
1247.883636	3	2	95	0.969653112	0.008809543398		5.615136169	14.16089254	80.22397129				22.41851733	12.56615618	65.01532649	0	0	0	-1247.883636	0.969653112	9099.71564135941	-1247.883636	0.008809543398			
1245.323636	3	2	95	0.9699346545	0.00890238128		5.568422244	14.31504181	80.11653595				22.56987068	12.55044627	64.87968305	0	0	0	-1245.323636	0.9699346545	9085.1147607499	-1245.323636	0.00890238128			
1242.763636	3	2	95	0.970216672	0.008998484763		5.521025404	14.47084482	80.00812977				22.72467743	12.53300786	64.74231471	0	0	0	-1242.763636	0.970216672	9069.1244084811	-1242.763636	0.008998484763			
1240.203636	3	2	95	0.9704992083	0.009097893733		5.472980077	14.62826576	79.89875416				22.88307253	12.51376957	64.6031579	0	0	0	-1240.203636	0.9704992083	9051.82822822087	-1240.203636	0.009097893733			
1237.643636	3	2	95	0.9707823047	0.00920064432		5.424322314	14.78726469	79.788413				23.0451958	12.49265686	64.46214734	0	0	0	-1237.643636	0.9707823047	9033.32111788211	-1237.643636	0.00920064432			
1235.083636	3	2	95	0.971066	0.009306764585		5.375089726	14.94779739	79.67711288				23.21119205	12.46959192	64.31921603	0	0	0	-1235.083636	0.971066	9013.70394539734	-1235.083636	0.009306764585			
1232.523636	3	2	95	0.9713503301	0.009416273125		5.325321418	15.10981528	79.56486331				23.38121103	12.44449364	64.17429533	0	0	0	-1232.523636	0.9713503301	8993.08637341725	-1232.523636	0.009416273125			
1229.963636	3	2	95	0.9716353278	0.009529177505		5.275057921	15.27326517	79.45167691				23.55540746	12.41727752	64.02731502	0	0	0	-1229.963636	0.9716353278	8971.58951594762	-1229.963636	0.009529177505			
1227.403636	3	2	95	0.9719210222	0.009645472492		5.224341108	15.43808922	79.33756967				23.73394096	12.38785563	63.87820341	0	0	0	-1227.403636	0.9719210222	8949.34858736906	-1227.403636	0.009645472492			
1224.843636	3	2	95	0.9722074383	0.009765138053		5.173214125	15.60422469	79.22256119				23.91697596	12.35613663	63.72688741	0	0	0	-1224.843636	0.9722074383	8926.50917825016	-1224.843636	0.009765138053			
1222.283636	3	2	95	0.9724945966	0.009888137123		5.121721303	15.77160377	79.10667493				24.10468156	12.32202572	63.57329272	0	0	0	-1222.283636	0.9724945966	8903.2252098092	-1222.283636	0.009888137123			
1219.723636	3	2	95	0.9727825128	0.01001441383		5.069908083	15.94015343	78.98993848				24.29723129	12.2854247	63.41734401	0	0	0	-1219.723636	0.9727825128	8879.66767465074	-1219.723636	0.01001441383			
1217.163636	3	2	95	0.9730711968	0.01014388781		5.017820924	16.10979522	78.87238386				24.49480284	12.24623204	63.25896512	0	0	0	-1217.163636	0.9730711968	8856.01954466881	-1217.163636	0.01014388781			
1214.603636	3	2	95	0.9733606527	0.01027645528		4.965507231	16.280445	78.75404777				24.69757764	12.204343	63.09807936	0	0	0	-1214.603636	0.9733606527	8832.47970163854	-1214.603636	0.01027645528			
1212.043636	3	2	95	0.9736508775	0.01041198283		4.91301528	16.45201275	78.63497197				24.90574042	12.15964979	62.9346098	0	0	0	-1212.043636	0.9736508775	8809.26416444821	-1212.043636	0.01041198283			
1209.483636	3	2	95	0.973941861	0.01055030429		4.860394134	16.62440229	78.51520358				25.11947856	12.11204175	62.76847969	0	0	0	-1209.483636	0.973941861	8786.60247092939	-1209.483636	0.01055030429			
1206.923636	3	2	95	0.9742335847	0.01069121645		4.807693579	16.79751101	78.39479541				25.33898137	12.0614057	62.59961293	0	0	0	-1206.923636	0.9742335847	8764.74807933234	-1206.923636	0.01069121645			
1204.363636	3	2	95	0.974526021	0.01083447453		4.754964052	16.97122959	78.27380636				25.56443915	12.00762629	62.42793457	0	0	0	-1204.363636	0.974526021	8743.9691089042	-1204.363636	0.01083447453			
1201.803636	3	2	95	0.9748191327	0.01097978715		4.702256576	17.14544166	78.15230176				25.79604209	11.95058645	62.25337146	0	0	0	-1201.803636	0.9748191327	8724.55583722813	-1201.803636	0.01097978715			
1199.243636	3	2	95	0.9751128717	0.01112681135		4.64962271	17.32002349	78.0303538				26.03397903	11.89016797	62.075853	0	0	0	-1199.243636	0.9751128717	8706.82547007986	-1199.243636	0.01112681135			
1196.683636	3	2	95	0.9754071782	0.01127514594		4.597114463	17.49484367	77.90804187				26.27843581	11.82625223	61.89531196	0	0	0	-1196.683636	0.9754071782	8691.11814762133	-1196.683636	0.01127514594			
1194.123636	3	2	95	0.9757019797	0.011424327		4.544784267	17.66976273	77.78545301				26.52959356	11.75872097	61.71168547	0	0	0	-1194.123636	0.9757019797	8677.80087766383	-1194.123636	0.011424327			
1191.563636	3	2	95	0.97599719	0.01157382105		4.492684903	17.84463281	77.66268228				26.78762661	11.68745732	61.52491607	0	0	0	-1191.563636	0.97599719	8667.27040736156	-1191.563636	0.01157382105			
1189.003636	3	2	95	0.9762927081	0.01172301938		4.440869449	18.01929737	77.53983318				27.05270009	11.6123469	61.334953	0	0	0	-1189.003636	0.9762927081	8659.95813193384	-1189.003636	0.01172301938			
1186.443636	3	2	95	0.976588417	0.01187123231		4.389391213	18.19359081	77.41701798				27.32496722	11.53327921	61.14175357	0	0	0	-1186.443636	0.976588417	8656.32545038685	-1186.443636	0.01187123231			
1183.883636	3	2	95	0.9768841831	0.01201768408		4.338303658	18.36733832	77.29435803				27.60456626	11.45014907	60.94528467	0	0	0	-1183.883636	0.9768841831	8656.87165600654	-1183.883636	0.01201768408			
1181.323636	3	2	95	0.9771798547	0.01216150851		4.287660317	18.54035561	77.17198407				27.89161712	11.36285844	60.74552444	0	0	0	-1181.323636	0.9771798547	8662.13696044635	-1181.323636	0.01216150851			
1178.763636	3	2	95	0.9774752615	0.01230174606		4.23751469	18.71244888	77.05003643				28.18621763	11.27131823	60.54246414	0	0	0	-1178.763636	0.9774752615	8672.70517042952	-1178.763636	0.01230174606			
1176.203636	3	2	95	0.9777702133	0.01243734255		4.187920116	18.88341484	76.92866505				28.48843944	11.17545053	60.33611002	0	0	0	-1176.203636	0.9777702133	8689.20317739629	-1176.203636	0.01243734255			
1173.643636	3	2	95	0.9780645	0.01256715029		4.138929623	19.05304088	76.8080295				28.79832374	11.07519086	60.12648541	0	0	0	-1173.643636	0.9780645	8712.29742236246	-1173.643636	0.01256715029			
1171.083636	3	2	95	0.9783578911	0.01268993214		4.090595738	19.22110547	76.68829879				29.11587663	10.97049062	59.91363275	0	0	0	-1171.083636	0.9783578911	8743.32796417359	-1171.083636	0.01268993214			
1168.523636	3	2	95	0.9786500942	0.01280286018		4.042965754	19.38738934	76.56964491				29.44104447	10.8613327	59.69762283	0	0	0	-1168.523636	0.9786500942	8782.34859713804	-1168.523636	0.01280286018			
1165.963636	3	2	95	0.9789408855	0.0129078317		3.996094909	19.55164844	76.45225665				29.77377817	10.74769271	59.47852911	0	0	0	-1165.963636	0.9789408855	8829.69771358106	-1165.963636	0.0129078317			
1163.403636	3	2	95	0.9792299656	0.01300126154		3.950032529	19.71363685	76.33633062				30.11394159	10.62958864	59.25646978	0	0	0	-1163.403636	0.9792299656	8886.94588528307	-1163.403636	0.01300126154			
1160.843636	3	2	95	0.9795170256	0.01308204107		3.904826473	19.87310637	76.22206716				30.4613546	10.50706168	59.03158371	0	0	0	-1160.843636	0.9795170256	8954.88367820556	-1160.843636	0.01308204107			
1158.283636	3	2	95	0.9798017399	0.0131486954		3.860522555	20.02980585	76.10967159				30.81578025	10.38018178	58.80403797	0	0	0	-1158.283636	0.9798017399	9034.47315451764	-1158.283636	0.0131486954			
1155.723636	3	2	95	0.9800837692	0.01319977813		3.817164103	20.18348342	75.99935248				31.17692179	10.24904957	58.57402864	0	0	0	-1155.723636	0.9800837692	9134.71902779379	-1155.723636	0.01319977813			
1153.163636	3	2	95	0.9803622829	0.01321109333		3.77477155	20.33380428	75.89142417				31.54377815	10.11403555	58.3421863	0	0	0	-1153.163636	0.9803622829	9240.27221755318	-1153.163636	0.01321109333			
1150.603636	3	2	95	0.9806378958	0.01325001766		3.733421179	20.48069662	75.7858822				31.91721216	9.974832902	58.10795494	0	0	0	-1150.603636	0.9806378958	9352.94881161035	-1150.603636	0.01325001766			
1148.043636	3	2	95	0.9809097553	0.01324651298		3.693126324	20.62383418	75.68303949				32.29609984	9.831877396	57.87202277	0	0	0	-1148.043636	0.9809097553	9489.62128752013	-1148.043636	0.01324651298			
1145.483636	3	2	95	0.9811774955	0.01322237715		3.653914589	20.76299253	75.58309289				32.67989502	9.685404904	57.63470008	0	0	0	-1145.483636	0.9811774955	9643.25714938017	-1145.483636	0.01322237715			
1142.923636	3	2	95	0.9814407713	0.0131774858		3.615810279	20.89795756	75.48623216				33.06800474	9.535677947	57.39631731	0	0	0	-1142.923636	0.9814407713	9814.81465108999	-1142.923636	0.0131774858			
1140.363636	3	2	95	0.9816992443	0.01311113845		3.57883189	21.02853313	75.39263498				33.45978139	9.382991001	57.15722761	0	0	0	-1140.363636	0.9816992443	10005.5136988416	-1140.363636	0.01311113845			
1137.803636	3	2	95	0.9819525918	0.01302311247		3.542992063	21.15454448	75.30246346				33.85453494	9.227665343	56.91779972	0	0	0	-1137.803636	0.9819525918	10216.4513828276	-1137.803636	0.01302311247			
1135.243636	3	2	95	0.9822005142	0.01291356823		3.50829761	21.27584018	75.21586222				34.25154249	9.070044444	56.67841307	0	0	0	-1135.243636	0.9822005142	10448.6649144393	-1135.243636	0.01291356823			
1132.683636	3	2	95	0.982442739	0.01278296817		3.47474941	21.3922942	75.13295639				34.65005776	8.910489445	56.4394528	0	0	0	-1132.683636	0.982442739	10703.1480185578	-1132.683636	0.01278296817			
1130.123636	3	2	95	0.9826790255	0.01263207919		3.442342419	21.50380768	75.0538499				35.04932171	8.749373972	56.20130432	0	0	0	-1130.123636	0.9826790255	10980.8488157808	-1130.123636	0.01263207919			
1127.563636	3	2	95	0.9829091672	0.01246195577		3.411065802	21.61030996	74.97862424				35.44857363	8.587078609	55.96434776	0	0	0	-1127.563636	0.9829091672	11282.6522433973	-1127.563636	0.01246195577			
1125.003636	3	2	95	0.9831329951	0.01227391045		3.380903193	21.71175906	74.90733775				35.84706212	8.423985258	55.72895262	0	0	0	-1125.003636	0.9831329951	11609.3669926074	-1125.003636	0.01227391045			
1122.443636	3	2	95	0.9833503786	0.01206947477		3.351833072	21.8081414	74.84002553				36.2440556	8.260471618	55.49547278	0	0	0	-1122.443636	0.9833503786	11961.7415199625	-1122.443636	0.01206947477			
1119.883636	3	2	95	0.9835612259	0.01185035323		3.323829225	21.89947094	74.77669984				36.63885189	8.09690599	55.26424212	0	0	0	-1119.883636	0.9835612259	12340.4340723271	-1119.883636	0.01185035323			
1117.323636	3	2	95	0.983765484	0.01161837321		3.296861297	21.98578768	74.71735102				37.03078661	7.933642589	55.0355708	0	0	0	-1117.323636	0.983765484	12746.0221095682	-1117.323636	0.01161837321			
1114.763636	3	2	95	0.9839631369	0.01137543377		3.270895545	22.06715488	74.66194958				37.41924012	7.771017513	54.80974236	0	0	0	-1114.763636	0.9839631369	13179.0162151796	-1114.763636	0.01137543377			
1112.203636	3	2	95	0.9841542035	0.01112345646		3.245894797	22.1436603	74.61044491				37.8036429	7.609345405	54.58701169	0	0	0	-1112.203636	0.9841542035	13639.8361127288	-1112.203636	0.01112345646			
1109.643636	3	2	95	0.9843387353	0.01086433943		3.22182012	22.215408	74.56277188				38.18347931	7.448916967	54.36760373	0	0	0	-1109.643636	0.9843387353	14128.8388191634	-1109.643636	0.01086433943			
1107.083636	3	2	95	0.9845168126	0.01059991827		3.198630725	22.28251951	74.51884977				38.55828978	7.28999721	54.15171301	0	0	0	-1107.083636	0.9845168126	14646.3026873143	-1107.083636	0.01059991827			
1104.523636	3	2	95	0.9846885419	0.01033193319		3.176284731	22.34512996	74.47858531				38.92767161	7.132824461	53.93950393	0	0	0	-1104.523636	0.9846885419	15192.447447749	-1104.523636	0.01033193319			
1101.963636	3	2	95	0.9848540515	0.0100620038		3.15473971	22.40338539	74.4418749				39.29127841	6.977610045	53.73111154	0	0	0	-1101.963636	0.9848540515	15767.4444919168	-1101.963636	0.0100620038			
1099.403636	3	2	95	0.9850134885	0.009791611232		3.133953167	22.45744012	74.40860672				39.64881851	6.824538564	53.52664292	0	0	0	-1099.403636	0.9850134885	16371.3980422492	-1099.403636	0.009791611232			
1096.843636	3	2	95	0.9851670152	0.009522087204		3.113882965	22.5074543	74.37866273				40.0000525	6.673768659	53.32617884	0	0	0	-1096.843636	0.9851670152	17004.3808602256	-1096.843636	0.009522087204			
1094.283636	3	2	95	0.9853148057	0.009254609208		3.094487685	22.55359172	74.35192059				40.34479009	6.525434171	53.12977574	0	0	0	-1094.283636	0.9853148057	17666.4354046642	-1094.283636	0.009254609208			
1091.723636	3	2	95	0.9854570429	0.008990200852		3.075726925	22.59601781	74.32825527				40.68288655	6.37964559	52.93746786	0	0	0	-1091.723636	0.9854570429	18357.5511038359	-1091.723636	0.008990200852			
1089.163636	3	2	95	0.9855939161	0.00872973635		3.057561539	22.63489794	74.30754053				41.01423882	6.236491703	52.74926948	0	0	0	-1089.163636	0.9855939161	19077.7172949077	-1089.163636	0.00872973635			
1086.603636	3	2	95	0.9857256179	0.008473948153		3.039953817	22.67039597	74.28965021				41.33878154	6.09604137	52.56517709	0	0	0	-1086.603636	0.9857256179	19826.896000749	-1086.603636	0.008473948153			
1084.043636	3	2	95	0.9858523428	0.008223436784		3.022867627	22.70267306	74.27445931				41.65648302	5.95834535	52.38517163	0	0	0	-1084.043636	0.9858523428	20605.0421008464	-1084.043636	0.008223436784			
1081.483636	3	2	95	0.9859742847	0.007978682055		3.0062685	22.73188663	74.26184487				41.96734139	5.823438125	52.20922049	0	0	0	-1081.483636	0.9859742847	21412.1001807887	-1081.483636	0.007978682055			
1078.923636	3	2	95	0.986091636	0.007740055007		2.990123686	22.75818963	74.25168668				42.27138079	5.691339688	52.03727952	0	0	0	-1078.923636	0.986091636	22247.9914142703	-1078.923636	0.007740055007			
1076.363636	3	2	95	0.986204586	0.007507830008		2.974402177	22.78172994	74.24386788				42.56864794	5.562057241	51.86929482	0	0	0	-1076.363636	0.986204586	23112.6738621566	-1076.363636	0.007507830008			
1073.803636	3	2	95	0.9863133198	0.007282196609		2.959074702	22.80264993	74.23827537				42.85920882	5.435586809	51.70520437	0	0	0	-1073.803636	0.9863133198	24004.4774713232	-1073.803636	0.007282196609			
1071.243636	3	2	95	0.9864180311	0.007063989754		2.944119407	22.82106326	74.23481733				43.14314519	5.311908637	51.54494618	0	0	0	-1071.243636	0.9864180311	24925.3606924168	-1071.243636	0.007063989754			
1068.683636	3	2	95	0.9865188783	0.006851634966		2.929503599	22.83712628	74.23337012				43.42054808	5.191009638	51.38844229	0	0	0	-1068.683636	0.9865188783	25876.3720955238	-1068.683636	0.006851634966			
1066.123636	3	2	95	0.9866160327	0.006646177229		2.915203817	22.85096196	74.23383423				43.69152973	5.072858465	51.2356118	0	0	0	-1066.123636	0.9866160327	26855.7461146858	-1066.123636	0.006646177229			
1063.563636	3	2	95	0.9867096571	0.006447441731		2.901197375	22.86268875	74.23611388				43.95620626	4.957420087	51.08637365	0	0	0	-1063.563636	0.9867096571	27863.6769570865	-1063.563636	0.006447441731			
1061.003636	3	2	95	0.9867999082	0.00625534551		2.88746307	22.87241916	74.24011777				44.21470082	4.84465457	50.94064461	0	0	0	-1061.003636	0.9867999082	28900.1299011315	-1061.003636	0.00625534551			
1058.443636	3	2	95	0.9868869361	0.006069777147		2.873981114	22.88025985	74.24575903				44.46714198	4.734517956	50.79834006	0	0	0	-1058.443636	0.9868869361	29965.1250465981	-1058.443636	0.006069777147			
1055.883636	3	2	95	0.9869708844	0.005890601339		2.86073306	22.88631182	74.25295512				44.71366227	4.626963054	50.65937468	0	0	0	-1055.883636	0.9869708844	31058.7174594147	-1055.883636	0.005890601339			
1053.323636	3	2	95	0.9870518901	0.005717664304		2.847701725	22.89067054	74.26162773				44.9543969	4.52194014	50.52366296	0	0	0	-1053.323636	0.9870518901	32180.8695903863	-1053.323636	0.005717664304			
1050.763636	3	2	95	0.9871300844	0.00555079826		2.834871121	22.89342623	74.27170265				45.1894827	4.419397558	50.39111974	0	0	0	-1050.763636	0.9871300844	33331.6433403911	-1050.763636	0.00555079826			
1048.203636	3	2	95	0.9872055918	0.005389825248		2.822226375	22.89466403	74.2831096				45.4190572	4.319282253	50.26166055	0	0	0	-1048.203636	0.9872055918	34511.144946077	-1048.203636	0.005389825248			
1045.643636	3	2	95	0.9872785311	0.005234560353		2.809753664	22.89446423	74.2957821				45.64325782	4.221540215	50.13520196	0	0	0	-1045.643636	0.9872785311	35719.4002904718	-1045.643636	0.005234560353			
1043.083636	3	2	95	0.9873490153	0.005084814398		2.797440146	22.89290257	74.30965729				45.86222125	4.12611688	50.01166187	0	0	0	-1043.083636	0.9873490153	36956.5152392472	-1043.083636	0.005084814398			
1040.523636	3	2	95	0.9874171518	0.004940396193		2.785273894	22.89005037	74.32467573				46.0760829	4.032957452	49.89095965	0	0	0	-1040.523636	0.9874171518	38222.6587522318	-1040.523636	0.004940396193			
1037.963636	3	2	95	0.9874830425	0.004801114365		2.773243834	22.88597486	74.34078131				46.28497642	3.942007194	49.77301639	0	0	0	-1037.963636	0.9874830425	39517.8831893365	-1037.963636	0.004801114365			
1035.403636	3	2	95	0.9875467846	0.004666778867		2.76133969	22.88073933	74.35792098				46.48903336	3.853211658	49.65775499	0	0	0	-1035.403636	0.9875467846	40842.3516228049	-1035.403636	0.004666778867			
1032.843636	3	2	95	0.98760847	0.004537202179		2.749551926	22.87440338	74.37604469				46.68838287	3.766516887	49.54510024	0	0	0	-1032.843636	0.98760847	42196.2718365595	-1032.843636	0.004537202179			
1030.283636	3	2	95	0.9876681862	0.00441220026		2.737871696	22.86702315	74.39510515				46.88315148	3.681869581	49.43497893	0	0	0	-1030.283636	0.9876681862	43579.7785389717	-1030.283636	0.00441220026			
1027.723636	3	2	95	0.9877260162	0.004291593298		2.726290796	22.85865148	74.41505773				47.0734629	3.599217228	49.32731987	0	0	0	-1027.723636	0.9877260162	44993.0986370103	-1027.723636	0.004291593298			
1025.163636	3	2	95	0.9877820388	0.00417520627		2.714801617	22.84933813	74.43586025				47.25943788	3.518508216	49.22205391	0	0	0	-1025.163636	0.9877820388	46436.4605570995	-1025.163636	0.00417520627			
1022.603636	3	2	95	0.9878363288	0.004062869357		2.703397108	22.83912996	74.45747294				47.44119414	3.439691917	49.11911394	0	0	0	-1022.603636	0.9878363288	47910.028084048	-1022.603636	0.004062869357			
1020.043636	3	2	95	0.9878889574	0.003954418241		2.692070728	22.82807109	74.47985818				47.61884631	3.36271876	49.01843493	0	0	0	-1020.043636	0.9878889574	49414.0809296857	-1020.043636	0.003954418241			
1017.483636	3	2	95	0.987939992	0.003849694289		2.680816419	22.81620309	74.50298049				47.79250587	3.287540278	48.91995385	0	0	0	-1017.483636	0.987939992	50949.0028603299	-1017.483636	0.003849694289			
1014.923636	3	2	95	0.9879894966	0.003748544659		2.669628567	22.80356511	74.52680632				47.96228114	3.214109147	48.82360971	0	0	0	-1014.923636	0.9879894966	52514.9380888958	-1014.923636	0.003748544659			
1012.363636	3	2	95	0.9880375323	0.003650822336		2.65850197	22.79019405	74.55130398				48.12827733	3.142379211	48.72934346	0	0	0	-1012.363636	0.9880375323	54112.1887551669	-1012.363636	0.003650822336			
1009.803636	3	2	95	0.9880841569	0.003556386114		2.647431814	22.77612467	74.57644352				48.2905965	3.072305502	48.63709799	0	0	0	-1009.803636	0.9880841569	55741.1878702973	-1009.803636	0.003556386114			
1007.243636	3	2	95	0.9881294254	0.003465100527		2.636413638	22.76138974	74.60219662				48.44933767	3.003844239	48.54681809	0	0	0	-1007.243636	0.9881294254	57402.1830543733	-1007.243636	0.003465100527			
1004.683636	3	2	95	0.9881733902	0.003376835755		2.625443317	22.74602016	74.62853653				48.6045968	2.936952835	48.45845037	0	0	0	-1004.683636	0.9881733902	59095.5682950293	-1004.683636	0.003376835755			
1002.123636	3	2	95	0.988216101	0.003291467495		2.614517034	22.73004506	74.65543791				48.75646688	2.871589887	48.37194323	0	0	0	-1002.123636	0.988216101	60821.733637614	-1002.123636	0.003291467495			
999.5636362	3	2	95	0.9882576052	0.003208876815		2.603631257	22.71349192	74.68287682				48.905038	2.807715167	48.28724683	0	0	0	-999.5636362	0.9882576052	62581.0193893789	-999.5636362	0.003208876815			
997.0036362	3	2	95	0.9882979479	0.00312894999		2.592782726	22.69638669	74.71083059				49.0503974	2.745289605	48.20431299	0	0	0	-997.0036362	0.9882979479	64373.8881663564	-997.0036362	0.00312894999			
994.4436362	3	2	95	0.988337172	0.003051578331		2.581968427	22.67875382	74.73927775				49.19262956	2.684275271	48.12309517	0	0	0	-994.4436362	0.988337172	66200.6856522446	-994.4436362	0.003051578331			
991.8836362	3	2	95	0.9883753185	0.002976658006		2.571185579	22.66061641	74.76819801				49.33181625	2.624635356	48.0435484	0	0	0	-991.8836362	0.9883753185	68062.0028437611	-991.8836362	0.002976658006			
989.3236362	3	2	95	0.9884124262	0.002904089849		2.560431618	22.64199628	74.7975721				49.46803662	2.566334145	47.96562923	0	0	0	-989.3236362	0.9884124262	69958.3525467987	-989.3236362	0.002904089849			
986.7636362	3	2	95	0.9884485323	0.002833779185		2.549704179	22.62291402	74.8273818				49.60136731	2.509336995	47.8892957	0	0	0	-986.7636362	0.9884485323	71889.9089072025	-986.7636362	0.002833779185			
984.2036362	3	2	95	0.9884836724	0.002765635635		2.539001087	22.60338907	74.85760984				49.73188245	2.453610307	47.81450724	0	0	0	-984.2036362	0.9884836724	73857.4471582392	-984.2036362	0.002765635635			
981.6436362	3	2	95	0.9885178801	0.002699572936		2.528320341	22.58343983	74.88823983				49.85965382	2.399121501	47.74122468	0	0	0	-981.6436362	0.9885178801	75861.5062262515	-981.6436362	0.002699572936			
979.0836362	3	2	95	0.9885511878	0.002635508764		2.517660104	22.56308365	74.91925624				49.98475089	2.345838985	47.66941012	0	0	0	-979.0836362	0.9885511878	77902.5752681198	-979.0836362	0.002635508764			
976.5236362	3	2	95	0.9885836262	0.002573364549		2.50701869	22.54233696	74.95064435				50.10724089	2.293732132	47.59902697	0	0	0	-976.5236362	0.9885836262	79981.151568603	-976.5236362	0.002573364549			
973.9636362	3	2	95	0.9886152249	0.002513065314		2.496394558	22.52121527	74.98239017				50.2271889	2.242771247	47.53003985	0	0	0	-973.9636362	0.9886152249	82097.7425810579	-973.9636362	0.002513065314			
971.4036362	3	2	95	0.988646012	0.0024545395		2.485786298	22.49973325	75.01448045				50.34465793	2.192927542	47.46241453	0	0	0	-971.4036362	0.988646012	84253.2909410252	-971.4036362	0.0024545395			
968.8436362	3	2	95	0.9886760143	0.002397718809		2.475192623	22.47790478	75.0469026				50.45970895	2.144173105	47.39611795	0	0	0	-968.8436362	0.9886760143	86448.2915650783	-968.8436362	0.002397718809			
966.2836362	3	2	95	0.9887052576	0.002342538049		2.464612365	22.45574297	75.07964466				50.57240103	2.096480879	47.33111809	0	0	0	-966.2836362	0.9887052576	88683.1466209139	-966.2836362	0.002342538049			
963.7236362	3	2	95	0.9887337666	0.002288934987		2.454044463	22.43326025	75.11269529				50.68279135	2.049824625	47.26738402	0	0	0	-963.7236362	0.9887337666	90958.9114910478	-963.7236362	0.002288934987			
961.1636362	3	2	95	0.9887615647	0.002236850203		2.443487958	22.41046833	75.14604371				50.7909353	2.004178905	47.20488579	0	0	0	-961.1636362	0.9887615647	93276.0087536501	-961.1636362	0.002236850203			
958.6036362	3	2	95	0.9887886747	0.002186226956		2.432941984	22.38737835	75.17967967				50.89688653	1.95951905	47.14359442	0	0	0	-958.6036362	0.9887886747	95635.3257016849	-958.6036362	0.002186226956			
956.0436362	3	2	95	0.988815118	0.002137011055		2.422405767	22.36400079	75.21359344				51.000697	1.915821133	47.08348186	0	0	0	-956.0436362	0.988815118	98037.8439275848	-956.0436362	0.002137011055			
953.4836362	3	2	95	0.9888409154	0.002089150729		2.411878615	22.3403456	75.24777578				51.10241709	1.873061953	47.02452096	0	0	0	-953.4836362	0.9888409154	100483.714930617	-953.4836362	0.002089150729			
950.9236362	3	2	95	0.9888660869	0.002042596517		2.401359913	22.31642219	75.2822179				51.20209559	1.831218998	46.96668541	0	0	0	-950.9236362	0.9888660869	102974.213009389	-950.9236362	0.002042596517			
948.3636362	3	2	95	0.9888906514	0.001997301147		2.39084912	22.29223945	75.31691143				51.29977981	1.790270434	46.90994975	0	0	0	-948.3636362	0.9888906514	105510.171016309	-948.3636362	0.001997301147			
945.8036362	3	2	95	0.9889146273	0.001953219434		2.380345763	22.26780581	75.35184843				51.39551562	1.750195072	46.85428931	0	0	0	-945.8036362	0.9889146273	108092.04169695	-945.8036362	0.001953219434			
943.2436362	3	2	95	0.9889380322	0.001910308176		2.369849434	22.24312922	75.38702134				51.48934749	1.710972352	46.79968015	0	0	0	-943.2436362	0.9889380322	110721.083871815	-943.2436362	0.001910308176			
940.6836362	3	2	95	0.9889608829	0.001868526055		2.359359784	22.21821723	75.42242299				51.58131856	1.672582317	46.74609912	0	0	0	-940.6836362	0.9889608829	113398.31128724	-940.6836362	0.001868526055			
938.1236362	3	2	95	0.9889831956	0.00182783355		2.34887652	22.19307694	75.45804654				51.67147067	1.635005599	46.69352374	0	0	0	-938.1236362	0.9889831956	116124.456717845	-938.1236362	0.00182783355			
935.5636362	3	2	95	0.9890049859	0.001788192843		2.338399405	22.16771511	75.49388549				51.75984441	1.598223389	46.6419322	0	0	0	-935.5636362	0.9890049859	118900.699965561	-935.5636362	0.001788192843			
933.0036362	3	2	95	0.9890262687	0.001749567868		2.327928252	22.14213807	75.52993368				51.84647917	1.562217425	46.5913034	0	0	0	-933.0036362	0.9890262687	121727.525153865	-933.0036362	0.001749567868			
930.4436362	3	2	95	0.9890470586	0.001711923717		2.317462915	22.11635187	75.56618521				51.93141323	1.526969973	46.5416168	0	0	0	-930.4436362	0.9890470586	124606.263239034	-930.4436362	0.001711923717			
927.8836362	3	2	95	0.9890673693	0.001675227345		2.307003293	22.0903622	75.6026345				52.01468369	1.492463805	46.4928525	0	0	0	-927.8836362	0.9890673693	127538.327169276	-927.8836362	0.001675227345			
925.3236362	3	2	95	0.9890872142	0.00163944697		2.296549329	22.06417444	75.63927623				52.09632663	1.458682184	46.44499118	0	0	0	-925.3236362	0.9890872142	130524.187654706	-925.3236362	0.00163944697			
922.7636362	3	2	95	0.9891066062	0.001604552146		2.286101001	22.03779365	75.67610535				52.17637707	1.425608845	46.39801408	0	0	0	-922.7636362	0.9891066062	133565.418692672	-922.7636362	0.001604552146			
920.2036362	3	2	95	0.9891255576	0.001570513689		2.275658328	22.01122462	75.71311705				52.25486904	1.393227982	46.35190298	0	0	0	-920.2036362	0.9891255576	136663.463509837	-920.2036362	0.001570513689			
917.6436362	3	2	95	0.9891440803	0.001537303628		2.265221358	21.98447188	75.75030676				52.3318356	1.361524229	46.30664017	0	0	0	-917.6436362	0.9891440803	139818.883635077	-917.6436362	0.001537303628			
915.0836362	3	2	95	0.9891621859	0.001504895247		2.25479018	21.95753966	75.78767016				52.40730888	1.330482647	46.26220848	0	0	0	-915.0836362	0.9891621859	143033.183640805	-915.0836362	0.001504895247			
912.5236362	3	2	95	0.9891798854	0.001473262598		2.244364899	21.930432	75.8252031				52.48132013	1.300088709	46.21859116	0	0	0	-912.5236362	0.9891798854	146308.002103128	-912.5236362	0.001473262598			
909.9636362	3	2	95	0.9891971895	0.00144238111		2.233945658	21.90315268	75.86290167				52.55389975	1.270328285	46.17577197	0	0	0	-909.9636362	0.9891971895	149643.986826788	-909.9636362	0.00144238111			
907.4036362	3	2	95	0.9892141086	0.001412227093		2.223532621	21.87570524	75.90076214				52.62507727	1.24118763	46.1337351	0	0	0	-907.4036362	0.9892141086	153042.808813262	-907.4036362	0.001412227093			
904.8436362	3	2	95	0.9892306526	0.00138277781		2.21312598	21.84809305	75.93878097				52.69488145	1.212653369	46.09246518	0	0	0	-904.8436362	0.9892306526	156506.309749264	-904.8436362	0.00138277781			
902.2836362	3	2	95	0.9892468311	0.001354011424		2.202725949	21.82031923	75.97695482				52.76334026	1.184712488	46.05194726	0	0	0	-902.2836362	0.9892468311	160123.064779275	-902.2836362	0.001354011424			
899.7236362	3	2	95	0.9892626367	0.00132450607		2.192266141	21.79261507	76.01511879				52.83041004	1.157380942	46.01220901	0	0	0	-899.7236362	0.9892626367	163714.112274114	-899.7236362	0.00132450607			
897.1636362	3	2	95	0.9892781121	0.001298466308		2.181880274	21.76452607	76.05359365				52.8962601	1.130588447	45.97315145	0	0	0	-897.1636362	0.9892781121	167294.508792218	-897.1636362	0.001298466308			
894.6036362	3	2	95	0.9892932489	0.001271625589		2.171501819	21.73628372	76.09221446				52.96084437	1.104352315	45.93480331	0	0	0	-894.6036362	0.9892932489	171030.261172506	-894.6036362	0.001271625589			
892.0436362	3	2	95	0.9893080556	0.001245385165		2.161130866	21.70789103	76.1309781				53.02418661	1.078661021	45.89715237	0	0	0	-892.0436362	0.9893080556	174838.207512537	-892.0436362	0.001245385165			
889.4836362	3	2	95	0.9893225402	0.001219731194		2.150767736	21.67935025	76.16988202				53.08631364	1.053502984	45.86018338	0	0	0	-889.4836362	0.9893225402	178720.33849358	-889.4836362	0.001219731194			
886.9236362	3	2	95	0.9893367106	0.001194645663		2.140412738	21.65066352	76.20892374				53.14724811	1.028867196	45.8238847	0	0	0	-886.9236362	0.9893367106	182678.443834274	-886.9236362	0.001194645663			
884.3636362	3	2	95	0.9893505743	0.00117011198		2.130066185	21.62183292	76.2481009				53.20701325	1.004742842	45.78824391	0	0	0	-884.3636362	0.9893505743	186713.625151854	-884.3636362	0.00117011198			
881.8036362	3	2	95	0.9893641388	0.001146114245		2.119728406	21.59286033	76.28741127				53.26563171	0.9811193818	45.7532489	0	0	0	-881.8036362	0.9893641388	190828.045395483	-881.8036362	0.001146114245			
879.2436362	3	2	95	0.9893774111	0.001122637156		2.109399742	21.56374753	76.32685273				53.32312558	0.9579865376	45.71888788	0	0	0	-879.2436362	0.9893774111	195024.577757766	-879.2436362	0.001122637156			
876.6836362	3	2	95	0.9893903981	0.001099665977		2.099080546	21.53449617	76.36642329				53.37951638	0.935334288	45.68514933	0	0	0	-876.6836362	0.9893903981	199303.499050281	-876.6836362	0.001099665977			
874.1236362	3	2	95	0.9894031066	0.00107718652		2.088771183	21.50510775	76.40612106				53.43482513	0.9131528591	45.65202201	0	0	0	-874.1236362	0.9894031066	203668.358336953	-874.1236362	0.00107718652			
871.5636362	3	2	95	0.9894155429	0.001055185115		2.078472029	21.47558369	76.44594428				53.48907231	0.891432716	45.61949497	0	0	0	-871.5636362	0.9894155429	208120.244435122	-871.5636362	0.001055185115			
869.0036362	3	2	95	0.9894277135	0.001033648592		2.06818347	21.44592525	76.48589128				53.54227794	0.8701645561	45.5875575	0	0	0	-869.0036362	0.9894277135	212662.642707705	-869.0036362	0.001033648592			
866.4436362	3	2	95	0.9894396242	0.001012564259		2.057905901	21.41613362	76.52596048				53.59446153	0.8493393009	45.55619917	0	0	0	-866.4436362	0.9894396242	217296.840310114	-866.4436362	0.001012564259			
863.8836362	3	2	95	0.9894512812	0.0009919198785		2.047639725	21.38620985	76.56615042				53.64564215	0.8289480895	45.52540976	0	0	0	-863.8836362	0.9894512812	222025.068044484	-863.8836362	0.0009919198785			
861.3236362	3	2	95	0.98946269	0.0009717036527		2.037385355	21.35615492	76.60645972				53.6958384	0.8089822716	45.49517933	0	0	0	-861.3236362	0.98946269	226850.898509759	-861.3236362	0.0009717036527			
858.7636362	3	2	95	0.9894738563	0.0009519042024		2.02714321	21.32596969	76.6468871				53.74506847	0.7894334009	45.46549812	0	0	0	-858.7636362	0.9894738563	231774.761770878	-858.7636362	0.0009519042024			
856.2036362	3	2	95	0.9894847855	0.0009325105502		2.016913717	21.29565493	76.68743135				53.79335012	0.7702932288	45.43635665	0	0	0	-856.2036362	0.9894847855	236801.033398336	-856.2036362	0.0009325105502			
853.6436362	3	2	95	0.9894954828	0.0009135121037		2.006697309	21.26521133	76.72809136				53.8407007	0.7515536983	45.4077456	0	0	0	-853.6436362	0.9894954828	241932.353261487	-853.6436362	0.0009135121037			
851.0836362	3	2	95	0.9895059533	0.0008948987429		1.996494435	21.23463944	76.76886612				53.88713715	0.7332069372	45.37965592	0	0	0	-851.0836362	0.9895059533	247170.43217047	-851.0836362	0.0008948987429			
848.5236362	3	2	95	0.989516202	0.0008766603886		1.986305531	21.20393981	76.80975466				53.93267606	0.7152452552	45.35207868	0	0	0	-848.5236362	0.989516202	252519.617629598	-848.5236362	0.0008766603886			
845.9636362	3	2	95	0.9895262336	0.0008587876186		1.976131046	21.17311287	76.85075608				53.97733365	0.6976611354	45.32500521	0	0	0	-845.9636362	0.9895262336	257981.822327394	-845.9636362	0.0008587876186			
843.4036362	3	2	95	0.9895360529	0.0008412712296		1.965971438	21.14215897	76.89186959				54.02112577	0.6804472305	45.298427	0	0	0	-843.4036362	0.9895360529	263559.466223325	-843.4036362	0.0008412712296			
840.8436362	3	2	95	0.9895456644	0.0008241023307		1.955827164	21.11107839	76.93309444				54.06406792	0.6635963573	45.27233573	0	0	0	-840.8436362	0.9895456644	269257.568390427	-840.8436362	0.0008241023307			
838.2836362	3	2	95	0.9895550725	0.0008072723589		1.945698734	21.07987061	76.97443066				54.10617526	0.6471014919	45.24672324	0	0	0	-838.2836362	0.9895550725	275078.895201833	-838.2836362	0.0008072723589			
835.7236362	3	2	95	0.9895642815	0.0007907729562		1.935586528	21.04853719	77.01587629				54.14746265	0.6309557648	45.22158158	0	0	0	-835.7236362	0.9895642815	281024.751350427	-835.7236362	0.0007907729562			
833.1636362	3	2	95	0.9895732957	0.0007745961248		1.925491061	21.01707747	77.05743147				54.1879446	0.6151524569	45.19690294	0	0	0	-833.1636362	0.9895732957	287099.819828025	-833.1636362	0.0007745961248			
830.6036362	3	2	95	0.9895821191	0.000758734105		1.915412807	20.98549147	77.09909572				54.22763534	0.5996849944	45.17267967	0	0	0	-830.6036362	0.9895821191	293308.833658189	-830.6036362	0.000758734105			
828.0436362	3	2	95	0.9895907557	0.0007431793925		1.905352245	20.9537791	77.14086865				54.26654878	0.5845469449	45.14890427	0	0	0	-828.0436362	0.9895907557	299655.606259993	-828.0436362	0.0007431793925			
825.4836362	3	2	95	0.9895992093	0.0007279247285		1.895309855	20.92194024	77.1827499				54.30469856	0.5697320133	45.12556943	0	0	0	-825.4836362	0.9895992093	306141.997287463	-825.4836362	0.0007279247285			
822.9236362	3	2	95	0.9896074838	0.0007129630902		1.88528612	20.88997471	77.22473917				54.34209803	0.5552340379	45.10266794	0	0	0	-822.9236362	0.9896074838	312774.251811991	-822.9236362	0.0007129630902			
820.3636362	3	2	95	0.9896155827	0.0006982876818		1.875281526	20.85788224	77.26683624				54.37876026	0.5410469862	45.08019275	0	0	0	-820.3636362	0.9896155827	319556.362048498	-820.3636362	0.0006982876818			
817.8036362	3	2	95	0.9896235097	0.0006838919257		1.865296559	20.82566253	77.30904091				54.41469809	0.5271649518	45.05813696	0	0	0	-817.8036362	0.9896235097	326489.290010846	-817.8036362	0.0006838919257			
815.2436362	3	2	95	0.9896312683	0.0006697694541		1.855331709	20.79331522	77.35135307				54.44992407	0.5135821504	45.03649378	0	0	0	-815.2436362	0.9896312683	333579.746113129	-815.2436362	0.0006697694541			
812.6836362	3	2	95	0.9896388619	0.0006559141011		1.845387467	20.7608399	77.39377263				54.4844505	0.5002929163	45.01525658	0	0	0	-812.6836362	0.9896388619	340835.356077786	-812.6836362	0.0006559141011			
810.1236362	3	2	95	0.9896462937	0.0006423198951		1.835464326	20.7282361	77.43629958				54.51828947	0.4872916995	44.99441883	0	0	0	-810.1236362	0.9896462937	348256.962173828	-810.1236362	0.0006423198951			
807.5636362	3	2	95	0.9896535671	0.0006289810517		1.825562779	20.69550329	77.47893393				54.5514528	0.4745730621	44.97397414	0	0	0	-807.5636362	0.9896535671	355851.002407177	-807.5636362	0.0006289810517			
805.0036362	3	2	95	0.9896606851	0.0006158919663		1.815683322	20.66264092	77.52167576				54.58395211	0.4621316754	44.95391622	0	0	0	-805.0036362	0.9896606851	363620.477054863	-805.0036362	0.0006158919663			
802.4436362	3	2	95	0.989667651	0.0006030472076		1.805826451	20.62964835	77.5645252				54.61579877	0.449962317	44.93423891	0	0	0	-802.4436362	0.989667651	371572.773527033	-802.4436362	0.0006030472076			
799.8836362	3	2	95	0.9896744676	0.0005904415113		1.795992663	20.59652492	77.60748241				54.64700397	0.4380598674	44.91493616	0	0	0	-799.8836362	0.9896744676	379716.990470287	-799.8836362	0.0005904415113			
797.3236362	3	2	95	0.9896811379	0.0005780697738		1.786182456	20.56326993	77.65054761				54.67757867	0.4264193078	44.89600203	0	0	0	-797.3236362	0.9896811379	388052.705576022	-797.3236362	0.0005780697738			
794.7636362	3	2	95	0.9896876648	0.0005659270464		1.776396331	20.52988261	77.69372106				54.70753361	0.4150357173	44.87743067	0	0	0	-794.7636362	0.9896876648	396584.32424405	-794.7636362	0.0005659270464			
792.2036362	3	2	95	0.9896940512	0.0005540085292		1.766634785	20.49636216	77.73700305				54.73687937	0.4039042697	44.85921636	0	0	0	-792.2036362	0.9896940512	405326.694862574	-792.2036362	0.0005540085292			
789.6436362	3	2	95	0.9897002996	0.0005423095672		1.75689832	20.46270774	77.78039394				54.7656263	0.3930202318	44.84135347	0	0	0	-789.6436362	0.9897002996	414281.468111839	-789.6436362	0.0005423095672			
787.0836362	3	2	95	0.9897064129	0.0005308256428		1.747187436	20.42891844	77.82389412				54.7937846	0.3823789605	44.82383644	0	0	0	-787.0836362	0.9897064129	423448.560883222	-787.0836362	0.0005308256428			
784.5236362	3	2	95	0.9897123937	0.0005195523726		1.737502636	20.39499334	77.86750402				54.82136425	0.3719759003	44.80665985	0	0	0	-784.5236362	0.9897123937	432847.762710889	-784.5236362	0.0005195523726			
781.9636362	3	2	95	0.9897182444	0.0005084855015		1.72784442	20.36093147	77.91122411				54.84837508	0.3618065815	44.78981834	0	0	0	-781.9636362	0.9897182444	442478.042579331	-781.9636362	0.0005084855015			
779.4036362	3	2	95	0.9897239677	0.0004976208991		1.718213292	20.3267318	77.9550549				54.87482674	0.3518666175	44.77330664	0	0	0	-779.4036362	0.9897239677	452347.341852365	-779.4036362	0.0004976208991			
776.8436362	3	2	95	0.9897295659	0.0004869545544		1.708609753	20.29239329	77.99899696				54.90072871	0.3421517032	44.75711959	0	0	0	-776.8436362	0.9897295659	462470.299183858	-776.8436362	0.0004869545544			
774.2836362	3	2	95	0.9897350414	0.000476482572		1.699034308	20.25791483	78.04305086				54.9260903	0.3326576122	44.74125209	0	0	0	-774.2836362	0.9897350414	472842.390827112	-774.2836362	0.000476482572			
771.7236362	3	2	95	0.9897403967	0.000466201168		1.68948746	20.22329528	78.08721726				54.95092068	0.3233801957	44.72569913	0	0	0	-771.7236362	0.9897403967	483476.285701358	-771.7236362	0.000466201168			
769.1636362	3	2	95	0.989745634	0.0004561066658		1.679969713	20.18853348	78.13149681				54.97522884	0.3143153796	44.71045578	0	0	0	-769.1636362	0.989745634	494389.2951404	-769.1636362	0.0004561066658			
766.6036362	3	2	95	0.9897507555	0.0004461954926		1.67048157	20.15362819	78.17589024				54.99902364	0.3054591636	44.6955172	0	0	0	-766.6036362	0.9897507555	505586.51873383	-766.6036362	0.0004461954926			
764.0436362	3	2	95	0.9897557634	0.0004364641758		1.661023538	20.11857818	78.22039828				55.02231377	0.2968076186	44.68087861	0	0	0	-764.0436362	0.9897557634	517067.31714699	-764.0436362	0.0004364641758			
761.4836362	3	2	95	0.98976066	0.0004269093391		1.65159612	20.08338215	78.26502173				55.04510782	0.2883568855	44.6665353	0	0	0	-761.4836362	0.98976066	528853.039992845	-761.4836362	0.0004269093391			
758.9236362	3	2	95	0.9897654472	0.0004175276996		1.642199823	20.04803876	78.30976142				55.06741418	0.280103173	44.65248265	0	0	0	-758.9236362	0.9897654472	540947.327780608	-758.9236362	0.0004175276996			
756.3636362	3	2	95	0.9897701273	0.0004083160644		1.632835152	20.01254665	78.3546182				55.08924115	0.2720427566	44.63871609	0	0	0	-756.3636362	0.9897701273	553357.453064765	-756.3636362	0.0004083160644			
753.8036362	3	2	95	0.9897747022	0.0003992713271		1.623502615	19.97690441	78.39959298				55.11059688	0.2641719765	44.62523115	0	0	0	-753.8036362	0.9897747022	566112.347637473	-753.8036362	0.0003992713271			
751.2436362	3	2	95	0.9897791738	0.0003903904655		1.614202719	19.94111059	78.44468669				55.13148939	0.2564872362	44.61202338	0	0	0	-751.2436362	0.9897791738	579206.240763294	-751.2436362	0.0003903904655			
748.6836362	3	2	95	0.9897835442	0.0003816705382		1.604935972	19.90516371	78.48990031				55.15192657	0.2489850011	44.59908843	0	0	0	-748.6836362	0.9897835442	592646.220443373	-748.6836362	0.0003816705382			
746.1236362	3	2	95	0.9897878153	0.0003731086819		1.595702882	19.86906226	78.53523486				55.17191619	0.241661797	44.58642201	0	0	0	-746.1236362	0.9897878153	606459.10540755	-746.1236362	0.0003731086819			
743.5636362	3	2	95	0.9897919889	0.0003647021088		1.58650396	19.83280466	78.58069138				55.19146592	0.2345142089	44.57401987	0	0	0	-743.5636362	0.9897919889	620763.346360305	-743.5636362	0.0003647021088			
742.2836362	3	2	95	0.9897940389	0.0001791945426		1.581919653	19.81460717	78.60347318				55.20107408	0.2310051465	44.56792078	0	0	0	-742.2836362	0.9897940389	627770.100666504	-742.2836362	0.0001791945426			
742.1236362	3	2	95	0.9897942936	2.227050934E-05		1.581347363	19.81232886	78.60632378				55.20226802	0.2305694855	44.56716249	0	0	0	-742.1236362	0.9897942936	446247.580101249	-742.1236362	2.227050934E-05			
742.1036362	3	2	95	0.9897948697	2.01106107E-06	5.173448412E-05	1.580853556	19.81396728	78.60517916	38.37270719	0.2834325934	61.34386021	55.2032467	0.230527641	44.56622566	0	0	0	-742.1036362	0.9897948697	55355.0066315218	-742.1036362	2.01106107E-06	5.173448412E-05	0.36735723344187	
742.0836362	3	2	95	0.9897951719	2.39090926E-06	2.56991367E-05	1.580572652	19.81463625	78.6047911	38.37467549	0.2833354386	61.34198907	55.2038074	0.2304794585	44.56571314	0	0	0	-742.0836362	0.9897951719	66072.7378144855	-742.0836362	2.39090926E-06	2.56991367E-05	37.6725014870758	
742.0436362	3	2	95	0.9897957793	4.805418206E-06	5.166015442E-05	1.58000852	19.8159854	78.60400608	38.37863086	0.2831408437	61.33822829	55.20493387	0.2303831813	44.56468295	0	0	0	-742.0436362	0.9897957793	65847.2375892396	-742.0436362	4.805418206E-06	5.166015442E-05	0.0929334595719153	
741.9636362	3	2	95	0.9897969945	9.604721426E-06	0.0001033820311	1.578880645	19.8186839	78.60243546	38.38654417	0.2827519108	61.33070392	55.20718696	0.2301907203	44.56262232	0	0	0	-741.9636362	0.9897969945	65813.8509447096	-741.9636362	9.604721426E-06	0.0001033820311	0.0926790646362643	
741.8036362	3	2	95	0.989799427	1.918631584E-05	0.0002070165672	1.576626429	19.82408182	78.59929175	38.40237613	0.2819752832	61.31564859	55.21169396	0.2298061695	44.55849987	0	0	0	-741.8036362	0.989799427	65728.7995953732	-741.8036362	1.918631584E-05	0.0002070165672	0.0918185049980834	
741.4836362	3	2	95	0.9898043025	3.805696399E-05	0.0004154464434	1.572124108	19.83488152	78.59299437	38.43407923	0.2804261601	61.28549461	55.22070964	0.2290386296	44.55025173	0	0	0	-741.4836362	0.9898043025	65564.6629873885	-741.4836362	3.805696399E-05	0.0004154464434	0.0903463713338819	
740.8436362	3	2	95	0.9898140847	7.577674018E-05	0.0008347293748	1.563143867	19.85649647	78.58035967	38.49763086	0.2773449888	61.22502416	55.23875136	0.2275095246	44.53373911	0	0	0	-740.8436362	0.9898140847	65285.6721509945	-740.8436362	7.577674018E-05	0.0008347293748	0.0891610942899483	
739.5636362	3	2	95	0.9898337754	0.0001502042763	0.001684982173	1.545280199	19.89979222	78.55492758	38.62532501	0.2712505626	61.10342443	55.27487604	0.2244752945	44.50064866	0	0	0	-739.5636362	0.9898337754	64722.2792653416	-739.5636362	0.0001502042763	0.001684982173	0.0859935167769701	
737.0036362	3	2	95	0.9898736827	0.0002950763617	0.003434209233	1.50993625	19.98666501	78.50339874	38.88315283	0.2593303454	60.85751682	55.34730355	0.2185019528	44.43419449	0	0	0	-737.0036362	0.9898736827	63707.4393144164	-737.0036362	0.0002950763617	0.003434209233	-0.0819912248757744	
734.4436362	3	2	95	0.9899141506	0.0002882370279	0.003510871096	1.475095734	20.07395018	78.45095408	39.14437439	0.2477627919	60.60786282	55.41999417	0.2126538827	44.36735194	0	0	0	-734.4436362	0.9899141506	62802.5000962134	-734.4436362	0.0002882370279	0.003510871096	-0.086018463290473	
731.8836362	3	2	95	0.9899552169	0.0002815437335	0.003591862384	1.440747543	20.16170362	78.39754883	39.40918245	0.2365411957	60.35427635	55.49298316	0.2069293325	44.30008751	0	0	0	-731.8836362	0.9899552169	61863.9768518136	-731.8836362	0.0002815437335	0.003591862384	-0.0800896259171201	
729.3236362	3	2	95	0.9899969227	0.0002749072711	0.003677619301	1.40688257	20.24997573	78.3431417	39.67777052	0.2256591087	60.09657037	55.56630518	0.2013264766	44.23236835	0	0	0	-729.3236362	0.9899969227	60893.1083971414	-729.3236362	0.0002749072711	0.003677619301	-0.0741405749238139	
726.7636362	3	2	95	0.9900393097	0.0002685052228	0.003768154499	1.373491147	20.33882312	78.28768573	39.95034846	0.2151101576	59.83454138	55.63999827	0.1958435329	44.16415819	0	0	0	-726.7636362	0.9900393097	59889.9847118268	-726.7636362	0.0002685052228	0.003768154499	-0.0680382754380632	
724.2036362	3	2	95	0.9900824252	0.0002622437394	0.00386418847	1.340563655	20.42830616	78.23113019	40.22714035	0.20488808	59.56797157	55.71410321	0.1904787349	44.09541805	0	0	0	-724.2036362	0.9900824252	58853.4409122782	-724.2036362	0.0002622437394	0.00386418847	-0.0622686748439734	
721.6436362	3	2	95	0.9901263194	0.0002562160176	0.003966080772	1.308089891	20.51849243	78.17341768	40.50838997	0.1949866784	59.29662335	55.78866479	0.18523036	44.02610485	0	0	0	-721.6436362	0.9901263194	57782.4964277304	-721.6436362	0.0002562160176	0.003966080772	-0.0571674099884918	
719.0836362	3	2	95	0.9901710491	0.0002502362826	0.004074713602	1.27606148	20.6094451	78.11449342	40.79434647	0.1853999719	59.02025356	55.86372801	0.1800966149	43.95617538	0	0	0	-719.0836362	0.9901710491	56675.1251093526	-719.0836362	0.0002502362826	0.004074713602	-0.0527778259397303	
716.5236362	3	2	95	0.9902166767	0.0002443930985	0.004190751789	1.244468187	20.70124158	78.05429024	41.08529017	0.1761219539	58.73858787	55.9393447	0.1750758078	43.8855795	0	0	0	-716.5236362	0.9902166767	55530.8722287154	-716.5236362	0.0002443930985	0.004190751789	-0.0482313677871272	
713.9636362	3	2	95	0.9902632703	0.0002386871197	0.004314906988	1.213300321	20.79396215	77.99273753	41.38151895	0.1671467442	58.45133431	56.01556984	0.1701662341	43.81426392	0	0	0	-713.9636362	0.9902632703	54349.440507038	-713.9636362	0.0002386871197	0.004314906988	-0.0439622061218699	
711.4036362	3	2	95	0.9903109049	0.0002331178281	0.004448076606	1.182548095	20.88769369	77.92975822	41.68335469	0.1584685434	58.15817677	56.09246312	0.1653662052	43.74217067	0	0	0	-711.4036362	0.9903109049	53130.2261119339	-711.4036362	0.0002331178281	0.004448076606	-0.0399484578304802	
708.8436362	3	2	95	0.9903596635	0.0002276850364	0.004591291176	1.152201579	20.98253049	77.86526793	41.99114625	0.1500816274	57.85877213	56.17008951	0.1606740484	43.66923644	0	0	0	-708.8436362	0.9903596635	51872.4577342882	-708.8436362	0.0002276850364	0.004591291176	-0.0361812511346115	
706.2836362	3	2	95	0.9904096385	0.0002223889396	0.00474573986	1.122250651	21.07857532	77.79917403	42.30527282	0.1419803409	57.55274684	56.24851998	0.1560881079	43.59539191	0	0	0	-706.2836362	0.9904096385	50575.3335606909	-706.2836362	0.0002223889396	0.00474573986	-0.0326517235737342	
703.7236362	3	2	95	0.990460933	0.0002172301783	0.004912802019	1.092684948	21.17594053	77.73137452	42.62614797	0.1341590918	57.23969294	56.32783236	0.1516067443	43.52056089	0	0	0	-703.7236362	0.990460933	49238.1472885435	-703.7236362	0.0002172301783	0.004912802019	-0.0293510504953414	
701.1636362	3	2	95	0.9905136625	0.0002122099182	0.005094086586	1.063493797	21.27474948	77.66175672	42.95422425	0.1266123444	56.9191634	56.40811229	0.1472283359	43.44465938	0	0	0	-701.1636362	0.9905136625	47860.116007313	-701.1636362	0.0002122099182	0.005094086586	-0.0262704636830319	
698.6036362	3	2	95	0.9905679572	0.0002073299526	0.005291481585	1.034666142	21.37513815	77.59019571	43.28999883	0.119334613	56.59066655	56.48945438	0.1429512782	43.36759434	0	0	0	-698.6036362	0.9905679572	46440.5200580977	-698.6036362	0.0002073299526	0.005291481585	-0.0234012719821316	
696.0436362	3	2	95	0.9906239642	0.0002025928313	0.00550721696	1.006190457	21.47725709	77.51655245	43.63402003	0.1123204544	56.25365951	56.57196364	0.1387739856	43.28926237	0	0	0	-696.0436362	0.9906239642	44978.6576529454	-696.0436362	0.0002025928313	0.00550721696	-0.0207349065212111	
693.4836362	3	2	95	0.990681851	0.000198002025	0.00574394457	0.9780546356	21.58127381	77.44067155	43.98689408	0.1055644718	55.90754145	56.65575716	0.134694891	43.20954795	0	0	0	-693.4836362	0.990681851	43473.7901464435	-693.4836362	0.000198002025	0.00574394457	-0.0182628333594788	
690.9236362	3	2	95	0.9907418091	0.0001935621575	0.006004844549	0.9502458639	21.68737563	77.36237851	44.34929959	0.09906125975	55.55163915	56.74096614	0.1307124475	43.12832142	0	0	0	-690.9236362	0.9907418091	41925.19930048	-690.9236362	0.0001935621575	0.006004844549	-0.0159766730346669	
688.3636362	3	2	95	0.9908040592	0.0001892792711	0.006293758732	0.9227504645	21.79577316	77.28147637	44.72199185	0.0928054645	55.18520269	56.82773841	0.126825129	43.04543646	0	0	0	-688.3636362	0.9908040592	40332.2143666958	-688.3636362	0.0001892792711	0.006293758732	-0.0138682673387653	
685.8036362	3	2	95	0.9908688569	0.0001851612227	0.006615373915	0.8955537005	21.9067047	77.1977416	45.10582226	0.08679172494	54.80738602	56.91624158	0.1230314315	42.96072699	0	0	0	-685.8036362	0.9908688569	38694.1384207057	-685.8036362	0.0001851612227	0.006615373915	-0.0119295017880755	
683.2436362	3	2	95	0.9909365013	0.000181218197	0.00697546497	0.868639533	22.02044158	77.11091888	45.50175508	0.08101467116	54.41723025	57.00666689	0.119329875	42.87400324	0	0	0	-683.2436362	0.9909365013	37010.3139155094	-683.2436362	0.000181218197	0.00697546497	-0.0101524464557533	
680.6836362	3	2	95	0.9910073444	0.0001774634131	0.007381227579	0.841990313	22.13729512	77.02071457	45.91089007	0.07546890802	54.01364102	57.09923417	0.1157190054	42.78504682	0	0	0	-680.6836362	0.9910073444	35280.1842613418	-680.6836362	0.0001774634131	0.007381227579	-0.00852933242817783	
678.1236362	3	2	95	0.9910818053	0.0001739141099	0.007841740345	0.8155863867	22.2576253	76.92678831	46.33449139	0.07014899468	53.59535962	57.19419818	0.1121973968	42.69360443	0	0	0	-678.1236362	0.9910818053	33503.1056761511	-678.1236362	0.0001739141099	0.007841740345	-0.00705255639691089	
675.5636362	3	2	95	0.9911603879	0.0001705929452	0.008368618906	0.7894055804	22.38185225	76.82874217	46.77402511	0.06504941856	53.16092547	57.29185679	0.1087636555	42.59937955	0	0	0	-675.5636362	0.9911603879	31678.5495085493	-675.5636362	0.0001705929452	0.008368618906	-0.00571468432322448	
673.0036362	3	2	95	0.9912437056	0.0001675300251	0.008976961643	0.7634225184	22.5104713	76.72610618	47.23120849	0.06016456133	52.70862695	57.39256192	0.1054164239	42.50202166	0	0	0	-673.0036362	0.9912437056	29806.0347262863	-673.0036362	0.0001675300251	0.008976961643	-0.00450845477367266	
670.4436362	3	2	95	0.9913325153	0.0001647659175	0.009686750375	0.7376077021	22.64407323	76.61831907	47.7080761	0.05548865337	52.23643524	57.49673415	0.1021543869	42.40111146	0	0	0	-670.4436362	0.9913325153	27885.0886213616	-670.4436362	0.0001647659175	0.009686750375	-0.00342678068084718	
667.8836362	3	2	95	0.9914277666	0.0001623562538	0.01052498273	0.7119262391	22.7833721	76.50470166	48.20707033	0.05101571094	51.74191396	57.60488287	0.09897627962	42.29614085	0	0	0	-667.8836362	0.9914277666	25915.2980634337	-667.8836362	0.0001623562538	0.01052498273	-0.00246274876798889	
665.3236362	3	2	95	0.9915306725	0.000160378982	0.01152902321	0.6863360475	22.92924448	76.38441947	48.73116836	0.04673944713	51.22209219	57.71763465	0.09588089939	42.18648445	0	0	0	-665.3236362	0.9915306725	23896.378012545	-665.3236362	0.000160378982	0.01152902321	-0.00160961855328471	
662.7636362	3	2	95	0.9916428174	0.0001589462285	0.01275206833	0.6607852426	23.08278611	76.25642865	49.28406542	0.04265314122	50.67328143	57.83577438	0.09286712182	42.0713585	0	0	0	-662.7636362	0.9916428174	21828.0432765414	-662.7636362	0.0001589462285	0.01275206833	-0.000860819859813978	
660.2036362	3	2	95	0.9917663267	0.0001582245719	0.01427245973	0.6352082064	23.24539679	76.119395	49.87044827	0.0387494399	50.09080229	57.96030683	0.08993392552	41.94975924	0	0	0	-660.2036362	0.9917663267	19710.0695984408	-660.2036362	0.0001582245719	0.01427245973	-0.000209944624546833	
657.6436362	3	2	95	0.9919041455	0.0001584715907	0.01621042	0.6095194286	23.41891276	75.97156781	50.49642192	0.03502002968	49.46855805	58.09255283	0.08708043003	41.82036674	0	0	0	-657.6436362	0.9919041455	17542.3509403312	-657.6436362	0.0001584715907	0.01621042	0.000349248400887232	
655.0836362	3	2	95	0.9920605243	0.0001601060585	0.0187601217	0.5836033634	23.60582344	75.8105732	51.17019716	0.03145515538	48.79834769	58.23430683	0.0843059576	41.68138721	0	0	0	-655.0836362	0.9920605243	15324.8650624261	-655.0836362	0.0001601060585	0.0187601217	0.000822848182910156	
652.5236362	3	2	95	0.9922419319	0.0001638546866	0.02225647362	0.5572966423	23.80964952	75.63305383	51.90330448	0.02804262042	48.0686529	58.38811217	0.08161013996	41.53027769	0	0	0	-652.5236362	0.9922419319	13057.7474276915	-652.5236362	0.0001638546866	0.02225647362	0.00121682858233094	
649.9636362	3	2	95	0.9924589407	0.0001710932662	0.02732990985	0.5303542133	24.03565877	75.43398702	52.71287625	0.02476595197	47.2623578	58.55778243	0.0789931186	41.36322445	0	0	0	-649.9636362	0.9924589407	10741.6902431078	-649.9636362	0.0001710932662	0.02732990985	0.0015370364180844	
647.4036362	3	2	95	0.9927306888	0.0001847662426	0.03532226262	0.5023772133	24.29238197	75.20524081	53.62645054	0.0216004781	46.35194898	58.74950705	0.07645596433	41.17403699	0	0	0	-647.4036362	0.9927306888	8379.29274300962	-647.4036362	0.0001847662426	0.03532226262	0.0017904532000649	
644.8436362	3	2	95	0.9930978428	0.0002125330557	0.04968211043	0.4726319788	24.59539649	74.93197153	54.69393647	0.01850314262	45.28756039	58.97461338	0.07400170805	40.95138491	0	0	0	-644.8436362	0.9930978428	5983.69718701073	-644.8436362	0.0002125330557	0.04968211043	0.00198230972439415	
642.2836362	3	2	95	0.9936762644	0.0002818411827	0.08277328654	0.4394490262	24.97980249	74.58074848	56.02699126	0.01537780334	43.95763094	59.25868245	0.07163871224	40.66967883	0	0	0	-642.2836362	0.9936762644	3585.14517920456	-642.2836362	0.0002818411827	0.08277328654	0.00845977450313442	
641.0036362	3	2	95	0.9941093217	0.0001982600254	0.06778635122	0.4201842379	25.2313682	74.34844757	56.88431884	0.01372446381	43.1019567	59.44388708	0.0704988344	40.48561409	0	0	0	-641.0036362	0.9941093217	2469.95885928485	-641.0036362	0.0001982600254	0.06778635122	0.00644474757139956	
639.7236362	3	2	95	0.9949437814	0.0003603901979	0.1406677961	0.3964689948	25.57762122	74.02590978	58.04230538	0.01185304273	41.94584157	59.69817532	0.06940111005	40.23242357	0	0	0	-639.7236362	0.9949437814	1134.1477379148	-639.7236362	0.0003603901979	0.1406677961	0.00190515038178194	
639.0836362	3	2	95	0.9958721618	0.0004327320619	0.1827047424	0.3797477002	25.85182927	73.76842303	58.93975215	0.01064303335	41.04960482	59.89923338	0.06888510592	40.03188151	0	0	0	-639.0836362	0.9958721618	502.170761744258	-639.0836362	0.0004327320619	0.1827047424	0.00113211635000087	
638.9236362	3	2	95	0.9962472817	0.0002091429018	0.09046704159	0.373863287	25.95540383	73.67073288	59.27399352	0.01023892337	40.71576756	59.97513889	0.06876584859	39.95609526	0	0	0	-638.9236362	0.9962472817	349.09913238925	-638.9236362	0.0002091429018	0.09046704159	0.00239752294132795	
638.8436362	3	2	95	0.9965206202	0.0001662555692	0.07254030179	0.3701959031	26.02203398	73.60777012	59.48760425	0.009992813882	40.50240294	60.02396419	0.06871014444	39.90732567	0	0	0	-638.8436362	0.9965206202	245.286720253114	-638.8436362	0.0001662555692	0.07254030179	0.00243372954251209	
638.7636362	3	2	95	0.9970306084	0.0003327505712	0.1460788231	0.365384331	26.11203705	73.52257862	59.77436555	0.009676646482	40.2159578	60.08991393	0.06866051313	39.84142556	0	0	0	-638.7636362	0.9970306084	116.894075973172	-638.7636362	0.0003327505712	0.1460788231	0.00224726618963566	
638.7236362	3	2	95	0.9975624727	0.000405570039	0.1785897566	0.3618024692	26.18104311	73.45715442	59.9928403	0.00944624501	39.99771345	60.14047963	0.06864186852	39.7908785	0	0	0	-638.7236362	0.9975624727	56.5760094156299	-638.7236362	0.000405570039	0.1785897566	0.00222305565874869	
638.7136362	3	2	95	0.9977644964	0.0001875236566	0.08264420511	0.3605264015	26.20605885	73.43341474	60.07174154	0.009365189279	39.91889327	60.1588118	0.06863919038	39.77254901	0	0	0	-638.7136362	0.9977644964	41.1355952634111	-638.7136362	0.0001875236566	0.08264420511	0.0023054472282841	
638.7036362	3	2	95	0.9981886668	0.0004294126546	0.1892522794	0.3587386064	26.24150618	73.39975521	60.1832623	0.009252545103	39.80748515	60.18478827	0.06863918818	39.74657254	0	0	0	-638.7036362	0.9981886668	21.1972268228506	-638.7036362	0.0004294126546	0.1892522794	0.00226916676360304	
638.6836362	3	2	95	1	0.002265288199	0.9977347118	0.3565518439	26.28524456	73.35820359	60.32062419	0.009116179235	39.67025963							-638.6836362	1	11.0415908017262	-638.6836362	0.002265288199	0.9977347118	0.00227076739187784	
638.6636362	3	2	95	1	0.002265288199	0.9977347118	0.3565518439	26.28524456	73.35820359	60.32062419	0.009116179235	39.67025963							-638.6636362	1	NaN	-638.6636362	0.002265288199	0.9977347118	NaN	
638.6236362	3	2	95	1	0.002265288199	0.9977347118	0.3565518439	26.28524456	73.35820359	60.32062419	0.009116179235	39.67025963							-638.6236362	1	NaN	-638.6236362	0.002265288199	0.9977347118	NaN	
638.5436362	3	2	95	1	0.002265288199	0.9977347118	0.3565518439	26.28524456	73.35820359	60.32062419	0.009116179235	39.67025963							-638.5436362	1	NaN	-638.5436362	0.002265288199	0.9977347118	NaN	
638.3836362	3	2	95	1	0.002265288199	0.9977347118	0.3565518439	26.28524456	73.35820359	60.32062419	0.009116179235	39.67025963							-638.3836362	1	NaN	-638.3836362	0.002265288199	0.9977347118	NaN	
638.0636362	3	2	95	1	0.002265288199	0.9977347118	0.3565518439	26.28524456	73.35820359	60.32062419	0.009116179235	39.67025963							-638.0636362	1	NaN	-638.0636362	0.002265288199	0.9977347118	NaN	
637.4236362	3	2	95	1	0.002265288199	0.9977347118	0.3565518439	26.28524456	73.35820359	60.32062419	0.009116179235	39.67025963							-637.4236362	1	NaN	-637.4236362	0.002265288199	0.9977347118	NaN	
636.1436362	3	2	95	1	0.002265288199	0.9977347118	0.3565518439	26.28524456	73.35820359	60.32062419	0.009116179235	39.67025963							-636.1436362	1	NaN	-636.1436362	0.002265288199	0.9977347118	NaN	
633.5836362	3	2	95	1	0.002265288199	0.9977347118	0.3565518439	26.28524456	73.35820359	60.32062419	0.009116179235	39.67025963							-633.5836362	1	NaN	-633.5836362	0.002265288199	0.9977347118	NaN	
628.4636362	3	2	95	1	0.002265288199	0.9977347118	0.3565518439	26.28524456	73.35820359	60.32062419	0.009116179235	39.67025963							-628.4636362	1	NaN	-628.4636362	0.002265288199	0.9977347118	NaN	
623.3436362	3	2	95	1	0.002265288199	0.9977347118	0.3565518439	26.28524456	73.35820359	60.32062419	0.009116179235	39.67025963							-623.3436362	1	NaN	-623.3436362	0.002265288199	0.9977347118	NaN	
618.2236362	3	2	95	1	0.002265288199	0.9977347118	0.3565518439	26.28524456	73.35820359	60.32062419	0.009116179235	39.67025963							-618.2236362	1	NaN	-618.2236362	0.002265288199	0.9977347118	NaN	
613.1036362	3	2	95	1	0.002265288199	0.9977347118	0.3565518439	26.28524456	73.35820359	60.32062419	0.009116179235	39.67025963							-613.1036362	1	NaN	-613.1036362	0.002265288199	0.9977347118	NaN	
607.9836362	3	2	95	1	0.002265288199	0.9977347118	0.3565518439	26.28524456	73.35820359	60.32062419	0.009116179235	39.67025963							-607.9836362	1	NaN	-607.9836362	0.002265288199	0.9977347118	NaN	
602.8636362	3	2	95	1	0.002265288199	0.9977347118	0.3565518439	26.28524456	73.35820359	60.32062419	0.009116179235	39.67025963							-602.8636362	1	NaN	-602.8636362	0.002265288199	0.9977347118	NaN	
597.7436362	3	2	95	1	0.002265288199	0.9977347118	0.3565518439	26.28524456	73.35820359	60.32062419	0.009116179235	39.67025963							-597.7436362	1	NaN	-597.7436362	0.002265288199	0.9977347118	NaN	
592.6236362	3	2	95	1	0.002265288199	0.9977347118	0.3565518439	26.28524456	73.35820359	60.32062419	0.009116179235	39.67025963							-592.6236362	1	NaN	-592.6236362	0.002265288199	0.9977347118	NaN	
587.5036362	3	2	95	1	0.002265288199	0.9977347118	0.3565518439	26.28524456	73.35820359	60.32062419	0.009116179235	39.67025963							-587.5036362	1	NaN	-587.5036362	0.002265288199	0.9977347118	NaN	
582.3836362	3	2	95	1	0.002265288199	0.9977347118	0.3565518439	26.28524456	73.35820359	60.32062419	0.009116179235	39.67025963							-582.3836362	1	NaN	-582.3836362	0.002265288199	0.9977347118	NaN	
577.2636362	3	2	95	1	0.002265288199	0.9977347118	0.3565518439	26.28524456	73.35820359	60.32062419	0.009116179235	39.67025963							-577.2636362	1	NaN	-577.2636362	0.002265288199	0.9977347118	NaN	
572.1436362	3	2	95	1	0.002265288199	0.9977347118	0.3565518439	26.28524456	73.35820359	60.32062419	0.009116179235	39.67025963							-572.1436362	1	NaN	-572.1436362	0.002265288199	0.9977347118	NaN	
567.0236362	3	2	95	1	0.002265288199	0.9977347118	0.3565518439	26.28524456	73.35820359	60.32062419	0.009116179235	39.67025963							-567.0236362	1	NaN	-567.0236362	0.002265288199	0.9977347118	NaN	
561.9036362	3	2	95	1	0.002265288199	0.9977347118	0.3565518439	26.28524456	73.35820359	60.32062419	0.009116179235	39.67025963							-561.9036362	1	NaN	-561.9036362	0.002265288199	0.9977347118	NaN	
556.7836362	3	2	95	1	0.002265288199	0.9977347118	0.3565518439	26.28524456	73.35820359	60.32062419	0.009116179235	39.67025963							-556.7836362	1	NaN	-556.7836362	0.002265288199	0.9977347118	NaN	
551.6636362	3	2	95	1	0.002265288199	0.9977347118	0.3565518439	26.28524456	73.35820359	60.32062419	0.009116179235	39.67025963							-551.6636362	1	NaN	-551.6636362	0.002265288199	0.9977347118	NaN	
546.5436362	3	2	95	1	0.002265288199	0.9977347118	0.3565518439	26.28524456	73.35820359	60.32062419	0.009116179235	39.67025963							-546.5436362	1	NaN	-546.5436362	0.002265288199	0.9977347118	NaN	
541.4236362	3	2	95	1	0.002265288199	0.9977347118	0.3565518439	26.28524456	73.35820359	60.32062419	0.009116179235	39.67025963							-541.4236362	1	NaN	-541.4236362	0.002265288199	0.9977347118	NaN	
536.3036362	3	2	95	1	0.002265288199	0.9977347118	0.3565518439	26.28524456	73.35820359	60.32062419	0.009116179235	39.67025963							-536.3036362	1	NaN	-536.3036362	0.002265288199	0.9977347118	NaN	
531.1836362	3	2	95	1	0.002265288199	0.9977347118	0.3565518439	26.28524456	73.35820359	60.32062419	0.009116179235	39.67025963							-531.1836362	1	NaN	-531.1836362	0.002265288199	0.9977347118	NaN	
526.0636362	3	2	95	1	0.002265288199	0.9977347118	0.3565518439	26.28524456	73.35820359	60.32062419	0.009116179235	39.67025963							-526.0636362	1	NaN	-526.0636362	0.002265288199	0.9977347118	NaN	
520.9436362	3	2	95	1	0.002265288199	0.9977347118	0.3565518439	26.28524456	73.35820359	60.32062419	0.009116179235	39.67025963							-520.9436362	1	NaN	-520.9436362	0.002265288199	0.9977347118	NaN	
515.8236362	3	2	95	1	0.002265288199	0.9977347118	0.3565518439	26.28524456	73.35820359	60.32062419	0.009116179235	39.67025963							-515.8236362	1	NaN	-515.8236362	0.002265288199	0.9977347118	NaN	
510.7036362	3	2	95	1	0.002265288199	0.9977347118	0.3565518439	26.28524456	73.35820359	60.32062419	0.009116179235	39.67025963							-510.7036362	1	NaN	-510.7036362	0.002265288199	0.9977347118	NaN	
505.5836362	3	2	95	1	0.002265288199	0.9977347118	0.3565518439	26.28524456	73.35820359	60.32062419	0.009116179235	39.67025963							-505.5836362	1	NaN	-505.5836362	0.002265288199	0.9977347118	NaN	
500.4636362	3	2	95	1	0.002265288199	0.9977347118	0.3565518439	26.28524456	73.35820359	60.32062419	0.009116179235	39.67025963							-500.4636362	1	NaN	-500.4636362	0.002265288199	0.9977347118	NaN	
495.3436362	3	2	95	1	0.002265288199	0.9977347118	0.3565518439	26.28524456	73.35820359	60.32062419	0.009116179235	39.67025963							-495.3436362	1	NaN	-495.3436362	0.002265288199	0.9977347118	NaN	
490.2236362	3	2	95	1	0.002265288199	0.9977347118	0.3565518439	26.28524456	73.35820359	60.32062419	0.009116179235	39.67025963							-490.2236362	1	NaN	-490.2236362	0.002265288199	0.9977347118	NaN	
485.1036362	3	2	95	1	0.002265288199	0.9977347118	0.3565518439	26.28524456	73.35820359	60.32062419	0.009116179235	39.67025963							-485.1036362	1	NaN	-485.1036362	0.002265288199	0.9977347118	NaN	
479.9836362	3	2	95	1	0.002265288199	0.9977347118	0.3565518439	26.28524456	73.35820359	60.32062419	0.009116179235	39.67025963							-479.9836362	1	NaN	-479.9836362	0.002265288199	0.9977347118	NaN	
474.8636362	3	2	95	1	0.002265288199	0.9977347118	0.3565518439	26.28524456	73.35820359	60.32062419	0.009116179235	39.67025963							-474.8636362	1	NaN	-474.8636362	0.002265288199	0.9977347118	NaN	
469.7436362	3	2	95	1	0.002265288199	0.9977347118	0.3565518439	26.28524456	73.35820359	60.32062419	0.009116179235	39.67025963							-469.7436362	1	NaN	-469.7436362	0.002265288199	0.9977347118	NaN	
464.6236362	3	2	95	1	0.002265288199	0.9977347118	0.3565518439	26.28524456	73.35820359	60.32062419	0.009116179235	39.67025963							-464.6236362	1	NaN	-464.6236362	0.002265288199	0.9977347118	NaN	
459.5036362	3	2	95	1	0.002265288199	0.9977347118	0.3565518439	26.28524456	73.35820359	60.32062419	0.009116179235	39.67025963							-459.5036362	1	NaN	-459.5036362	0.002265288199	0.9977347118	NaN	
454.3836362	3	2	95	1	0.002265288199	0.9977347118	0.3565518439	26.28524456	73.35820359	60.32062419	0.009116179235	39.67025963							-454.3836362	1	NaN	-454.3836362	0.002265288199	0.9977347118	NaN	
449.2636362	3	2	95	1	0.002265288199	0.9977347118	0.3565518439	26.28524456	73.35820359	60.32062419	0.009116179235	39.67025963							-449.2636362	1	NaN	-449.2636362	0.002265288199	0.9977347118	NaN	
444.1436362	3	2	95	1	0.002265288199	0.9977347118	0.3565518439	26.28524456	73.35820359	60.32062419	0.009116179235	39.67025963							-444.1436362	1	NaN	-444.1436362	0.002265288199	0.9977347118	NaN	
439.0236362	3	2	95	1	0.002265288199	0.9977347118	0.3565518439	26.28524456	73.35820359	60.32062419	0.009116179235	39.67025963							-439.0236362	1	NaN	-439.0236362	0.002265288199	0.9977347118	NaN	
433.9036362	3	2	95	1	0.002265288199	0.9977347118	0.3565518439	26.28524456	73.35820359	60.32062419	0.009116179235	39.67025963							-433.9036362	1	NaN	-433.9036362	0.002265288199	0.9977347118	NaN	
428.7836362	3	2	95	1	0.002265288199	0.9977347118	0.3565518439	26.28524456	73.35820359	60.32062419	0.009116179235	39.67025963							-428.7836362	1	NaN	-428.7836362	0.002265288199	0.9977347118	NaN	
423.6636362	3	2	95	1	0.002265288199	0.9977347118	0.3565518439	26.28524456	73.35820359	60.32062419	0.009116179235	39.67025963							-423.6636362	1	NaN	-423.6636362	0.002265288199	0.9977347118	NaN	
418.5436362	3	2	95	1	0.002265288199	0.9977347118	0.3565518439	26.28524456	73.35820359	60.32062419	0.009116179235	39.67025963							-418.5436362	1	NaN	-418.5436362	0.002265288199	0.9977347118	NaN	
413.4236362	3	2	95	1	0.002265288199	0.9977347118	0.3565518439	26.28524456	73.35820359	60.32062419	0.009116179235	39.67025963							-413.4236362	1	NaN	-413.4236362	0.002265288199	0.9977347118	NaN	
408.3036362	3	2	95	1	0.002265288199	0.9977347118	0.3565518439	26.28524456	73.35820359	60.32062419	0.009116179235	39.67025963							-408.3036362	1	NaN	-408.3036362	0.002265288199	0.9977347118	NaN	
403.1836362	3	2	95	1	0.002265288199	0.9977347118	0.3565518439	26.28524456	73.35820359	60.32062419	0.009116179235	39.67025963							-403.1836362	1	NaN	-403.1836362	0.002265288199	0.9977347118	NaN	
398.0636362	3	2	95	1	0.002265288199	0.9977347118	0.3565518439	26.28524456	73.35820359	60.32062419	0.009116179235	39.67025963							-398.0636362	1	NaN	-398.0636362	0.002265288199	0.9977347118	NaN	
392.9436362	3	2	95	1	0.002265288199	0.9977347118	0.3565518439	26.28524456	73.35820359	60.32062419	0.009116179235	39.67025963							-392.9436362	1	NaN	-392.9436362	0.002265288199	0.9977347118	NaN	
387.8236362	3	2	95	1	0.002265288199	0.9977347118	0.3565518439	26.28524456	73.35820359	60.32062419	0.009116179235	39.67025963							-387.8236362	1	NaN	-387.8236362	0.002265288199	0.9977347118	NaN	
382.7036362	3	2	95	1	0.002265288199	0.9977347118	0.3565518439	26.28524456	73.35820359	60.32062419	0.009116179235	39.67025963							-382.7036362	1	NaN	-382.7036362	0.002265288199	0.9977347118	NaN	
377.5836362	3	2	95	1	0.002265288199	0.9977347118	0.3565518439	26.28524456	73.35820359	60.32062419	0.009116179235	39.67025963							-377.5836362	1	NaN	-377.5836362	0.002265288199	0.9977347118	NaN	
372.4636362	3	2	95	1	0.002265288199	0.9977347118	0.3565518439	26.28524456	73.35820359	60.32062419	0.009116179235	39.67025963							-372.4636362	1	NaN	-372.4636362	0.002265288199	0.9977347118	NaN	
367.3436362	3	2	95	1	0.002265288199	0.9977347118	0.3565518439	26.28524456	73.35820359	60.32062419	0.009116179235	39.67025963							-367.3436362	1	NaN	-367.3436362	0.002265288199	0.9977347118	NaN	
362.2236362	3	2	95	1	0.002265288199	0.9977347118	0.3565518439	26.28524456	73.35820359	60.32062419	0.009116179235	39.67025963							-362.2236362	1	NaN	-362.2236362	0.002265288199	0.9977347118	NaN	
357.1036362	3	2	95	1	0.002265288199	0.9977347118	0.3565518439	26.28524456	73.35820359	60.32062419	0.009116179235	39.67025963							-357.1036362	1	NaN	-357.1036362	0.002265288199	0.9977347118	NaN	
351.9836362	3	2	95	1	0.002265288199	0.9977347118	0.3565518439	26.28524456	73.35820359	60.32062419	0.009116179235	39.67025963							-351.9836362	1	NaN	-351.9836362	0.002265288199	0.9977347118	NaN	
346.8636362	3	2	95	1	0.002265288199	0.9977347118	0.3565518439	26.28524456	73.35820359	60.32062419	0.009116179235	39.67025963							-346.8636362	1	NaN	-346.8636362	0.002265288199	0.9977347118	NaN	
341.7436362	3	2	95	1	0.002265288199	0.9977347118	0.3565518439	26.28524456	73.35820359	60.32062419	0.009116179235	39.67025963							-341.7436362	1	NaN	-341.7436362	0.002265288199	0.9977347118	NaN	
336.6236362	3	2	95	1	0.002265288199	0.9977347118	0.3565518439	26.28524456	73.35820359	60.32062419	0.009116179235	39.67025963							-336.6236362	1	NaN	-336.6236362	0.002265288199	0.9977347118	NaN	
331.5036362	3	2	95	1	0.002265288199	0.9977347118	0.3565518439	26.28524456	73.35820359	60.32062419	0.009116179235	39.67025963							-331.5036362	1	NaN	-331.5036362	0.002265288199	0.9977347118	NaN	
326.3836362	3	2	95	1	0.002265288199	0.9977347118	0.3565518439	26.28524456	73.35820359	60.32062419	0.009116179235	39.67025963							-326.3836362	1	NaN	-326.3836362	0.002265288199	0.9977347118	NaN	
321.2636362	3	2	95	1	0.002265288199	0.9977347118	0.3565518439	26.28524456	73.35820359	60.32062419	0.009116179235	39.67025963							-321.2636362	1	NaN	-321.2636362	0.002265288199	0.9977347118	NaN	
316.1436362	3	2	95	1	0.002265288199	0.9977347118	0.3565518439	26.28524456	73.35820359	60.32062419	0.009116179235	39.67025963							-316.1436362	1	NaN	-316.1436362	0.002265288199	0.9977347118	NaN	
311.0236362	3	2	95	1	0.002265288199	0.9977347118	0.3565518439	26.28524456	73.35820359	60.32062419	0.009116179235	39.67025963							-311.0236362	1	NaN	-311.0236362	0.002265288199	0.9977347118	NaN	
305.9036362	3	2	95	1	0.002265288199	0.9977347118	0.3565518439	26.28524456	73.35820359	60.32062419	0.009116179235	39.67025963							-305.9036362	1	NaN	-305.9036362	0.002265288199	0.9977347118	NaN	
300.7836362	3	2	95	1	0.002265288199	0.9977347118	0.3565518439	26.28524456	73.35820359	60.32062419	0.009116179235	39.67025963							-300.7836362	1	NaN	-300.7836362	0.002265288199	0.9977347118	NaN	
300	3	2	95	1	0.002265288199	0.9977347118	0.3565518439	26.28524456	73.35820359	60.32062419	0.009116179235	39.67025963							-300	1	NaN	-300	0.002265288199	0.9977347118	NaN	
