T	w(CU)	w(FE)	w(TI)	fs	fw(@BCC_A2#1)	fw(@BCC_A2#2)	w(CU@BCC_A2#1)	w(FE@BCC_A2#1)	w(TI@BCC_A2#1)	w(CU@BCC_A2#2)	w(FE@BCC_A2#2)	w(TI@BCC_A2#2)	w(CU@LIQUID)	w(FE@LIQUID)	w(TI@LIQUID)	dwdT_L(CU@LIQUID)	dwdT_L(FE@LIQUID)	dwdT_L(TI@LIQUID)	-T	fs_1	-T//fs	-T_1	fw(@BCC_A2#1)_1	fw(@BCC_A2#2)_1	-T//fw(@BCC_A2)	
K	%	%	%	mole/mole	kg/kg	kg/kg	%	%	%	%	%	%	%	%	%	SI	SI	SI								
1857.844203	2	4	94	0	0		0.8025320898	1.322269184	97.87519873				2	4	94	-0.000200056613	-0.0004473642897	0.0006474209027	-1857.844203	0	59.4456810374455	-1857.844203	0			
1857.834203	2	4	94	0.0001682108345	0.0001670639452		0.8026208192	1.322434728	97.87494445				2.00019998	4.000447162	93.99935286	0	0	0	-1857.834203	0.0001682108345	59.4527244064474	-1857.834203	0.0001670639452			
1857.814203	2	4	94	0.0005045727338	0.0003341317387		0.8027982722	1.322765846	97.87443588				2.000600148	4.001342039	93.99805781	0	0	0	-1857.814203	0.0005045727338	59.4800719516241	-1857.814203	0.0003341317387			
1857.774203	2	4	94	0.001176608504	0.0006677498752		0.8031531753	1.323428097	97.87341873				2.00140024	4.003131314	93.99546845	0	0	0	-1857.774203	0.001176608504	59.5518482766782	-1857.774203	0.0006677498752			
1857.694203	2	4	94	0.002518571456	0.00133429816		0.8038631296	1.324752808	97.87138406				2.003000094	4.006709459	93.99029045	0	0	0	-1857.694203	0.002518571456	59.6767351447266	-1857.694203	0.00133429816			
1857.534203	2	4	94	0.005194090313	0.002663802021		0.8052825758	1.327402369	97.86731506				2.00619849	4.013864126	93.97993738	0	0	0	-1857.534203	0.005194090313	59.9272344880175	-1857.534203	0.002663802021			
1857.214203	2	4	94	0.0105117221	0.00530852685		0.8081204741	1.332702614	97.85917691				2.012590044	4.028166974	93.95924298	0	0	0	-1857.214203	0.0105117221	60.4311026636297	-1857.214203	0.00530852685			
1856.574203	2	4	94	0.02101511652	0.01054153585		0.8137923044	1.343307602	97.84290009				2.025352266	4.056746728	93.91790101	0	0	0	-1856.574203	0.02101511652	61.4880863797618	-1856.574203	0.01054153585			
1855.294203	2	4	94	0.04147226041	0.0207536316		0.8251184904	1.364536188	97.81034532				2.050789542	4.113804399	93.83540606	0	0	0	-1855.294203	0.04147226041	63.6811333953758	-1855.294203	0.0207536316			
1852.734203	2	4	94	0.08038111078	0.04031405393		0.8477053113	1.40706725	97.74522744				2.101329257	4.227510521	93.67116022	0	0	0	-1852.734203	0.08038111078	68.3014871899208	-1852.734203	0.04031405393			
1850.174203	2	4	94	0.1166230681	0.03913280773		0.8702206824	1.449686861	97.68009246				2.151468064	4.340641698	93.50789024	0	0	0	-1850.174203	0.1166230681	73.2454604970519	-1850.174203	0.03913280773			
1847.614203	2	4	94	0.150449413	0.03801646927		0.8926654733	1.492396023	97.6149385				2.201214476	4.453201049	93.34558447	0	0	0	-1847.614203	0.150449413	78.3924295506547	-1847.614203	0.03801646927			
1845.054203	2	4	94	0.1820823286	0.03696059797		0.9150404866	1.535195724	97.54976379				2.250576692	4.565191503	93.18423181	0	0	0	-1845.054203	0.1820823286	83.7438052746563	-1845.054203	0.03696059797			
1842.494203	2	4	94	0.2117182989	0.03596048531		0.9373464641	1.578087018	97.48456652				2.299562646	4.676616111	93.02382124	0	0	0	-1842.494203	0.2117182989	89.2986279591954	-1842.494203	0.03596048531			
1839.934203	2	4	94	0.2395333489	0.03501409459		0.9595852182	1.621073139	97.41934164				2.348182386	4.787483131	92.86433448	0	0	0	-1839.934203	0.2395333489	95.0647250509631	-1839.934203	0.03501409459			
1837.374203	2	4	94	0.2656794763	0.03411144093		0.9817550942	1.664150865	97.35409404				2.39643858	4.897785176	92.70577624	0	0	0	-1837.374203	0.2656794763	101.043559643871	-1837.374203	0.03411144093			
1834.814203	2	4	94	0.2902965903	0.03325472859		1.003857788	1.707323603	97.28881861				2.444340791	5.007530879	92.54812833	0	0	0	-1834.814203	0.2902965903	107.232443308425	-1834.814203	0.03325472859			
1832.254203	2	4	94	0.3135086948	0.03243913982		1.025893821	1.750592593	97.22351359				2.491896012	5.116723552	92.39138044	0	0	0	-1832.254203	0.3135086948	113.635390786399	-1832.254203	0.03243913982			
1829.694203	2	4	94	0.3354270864	0.03166181425		1.047863654	1.793959087	97.15817726				2.539110847	5.225366111	92.23552304	0	0	0	-1829.694203	0.3354270864	120.253983379238	-1829.694203	0.03166181425			
1827.134203	2	4	94	0.3561519996	0.03092027687		1.069767704	1.837424375	97.09280792				2.585992204	5.33346264	92.08054516	0	0	0	-1827.134203	0.3561519996	127.090508160182	-1827.134203	0.03092027687			
1824.574203	2	4	94	0.3757736303	0.03021181665		1.091606349	1.880989778	97.02740387				2.632546312	5.441016107	91.92643758	0	0	0	-1824.574203	0.3757736303	134.146489776268	-1824.574203	0.03021181665			
1822.014203	2	4	94	0.3943737886	0.02953466771		1.113379927	1.92465665	96.96196342				2.678779398	5.548029881	91.77319072	0	0	0	-1822.014203	0.3943737886	141.423127886509	-1822.014203	0.02953466771			
1819.454203	2	4	94	0.412026529	0.02888671526		1.135088737	1.968426369	96.89648489				2.724697525	5.654507343	91.62079513	0	0	0	-1819.454203	0.412026529	148.922296468523	-1819.454203	0.02888671526			
1816.894203	2	4	94	0.428799111	0.02826614974		1.156733045	2.012300344	96.83096661				2.770306605	5.760451884	91.46924151	0	0	0	-1816.894203	0.428799111	156.645548151785	-1816.894203	0.02826614974			
1814.334203	2	4	94	0.4447527472	0.02767130824		1.178313085	2.056280007	96.76540691				2.815612403	5.865866901	91.3185207	0	0	0	-1814.334203	0.4447527472	164.594350322713	-1814.334203	0.02767130824			
1811.774203	2	4	94	0.4599432642	0.02710067276		1.199829058	2.100366818	96.69980412				2.860620545	5.970755794	91.16862366	0	0	0	-1811.774203	0.4599432642	172.685255222848	-1811.774203	0.02710067276			
1809.214203	2	4	94	0.4744349527	0.02657720903		1.221293054	2.144721036	96.63398591				2.905378491	6.075216303	91.01940521	0	0	0	-1809.214203	0.4744349527	181.096432375047	-1809.214203	0.02657720903			
1806.654203	2	4	94	0.4882480165	0.02602731952		1.242682135	2.189030334	96.56828753				2.949809969	6.179064826	90.8711252	0	0	0	-1806.654203	0.4882480165	189.808498155951	-1806.654203	0.02602731952			
1804.094203	2	4	94	0.5014382269	0.02552084512		1.264007307	2.233450841	96.50254185				2.993959411	6.282396129	90.72364446	0	0	0	-1804.094203	0.5014382269	198.674685916346	-1804.094203	0.02552084512			
1801.534203	2	4	94	0.5140451516	0.02503401932		1.285269058	2.277985027	96.43674592				3.037832739	6.385215442	90.57695182	0	0	0	-1801.534203	0.5140451516	207.771959624095	-1801.534203	0.02503401932			
1798.974203	2	4	94	0.5261048927	0.02456521697		1.306467365	2.322634368	96.37089827				3.081434829	6.487525759	90.43103941	0	0	0	-1798.974203	0.5261048927	217.103243110381	-1798.974203	0.02456521697			
1796.414203	2	4	94	0.5376507636	0.02411358304		1.32760228	2.367400567	96.30499715				3.124770638	6.589330499	90.28589886	0	0	0	-1796.414203	0.5376507636	226.669323393091	-1796.414203	0.02411358304			
1793.854203	2	4	94	0.5487135023	0.02367822355		1.348673833	2.412285361	96.23904081				3.167845032	6.690633079	90.14152189	0	0	0	-1793.854203	0.5487135023	236.47134430308	-1793.854203	0.02367822355			
1791.294203	2	4	94	0.559321511	0.02325830442		1.369682031	2.457290513	96.17302746				3.210662786	6.791436905	89.99790031	0	0	0	-1791.294203	0.559321511	246.510410756798	-1791.294203	0.02325830442			
1788.734203	2	4	94	0.5695010701	0.02285304803		1.390626864	2.502417813	96.10695532				3.253228587	6.89174537	89.85502604	0	0	0	-1788.734203	0.5695010701	256.787589234622	-1788.734203	0.02285304803			
1786.174203	2	4	94	0.5792765291	0.02246172834		1.411508299	2.547669081	96.04082262				3.295547036	6.991561855	89.71289111	0	0	0	-1786.174203	0.5792765291	267.303902870097	-1786.174203	0.02246172834			
1783.614203	2	4	94	0.5886704781	0.02208366675		1.432326286	2.593046164	95.97462755				3.33762266	7.090889726	89.57148761	0	0	0	-1783.614203	0.5886704781	278.060330158559	-1783.614203	0.02208366675			
1781.054203	2	4	94	0.5977039011	0.02171822829		1.453080755	2.638550935	95.90836831				3.379459904	7.189732334	89.43080776	0	0	0	-1781.054203	0.5977039011	289.057811805804	-1781.054203	0.02171822829			
1778.494203	2	4	94	0.6063963137	0.02136481816		1.473771619	2.684185296	95.84204308				3.421063144	7.288093014	89.29084384	0	0	0	-1778.494203	0.6063963137	300.297247016684	-1778.494203	0.02136481816			
1775.934203	2	4	94	0.6147658873	0.0210228786		1.494398772	2.729951176	95.77565005				3.462436685	7.385975085	89.15158823	0	0	0	-1775.934203	0.6147658873	311.779485816666	-1775.934203	0.0210228786			
1773.374203	2	4	94	0.6228295612	0.02069188613		1.514962093	2.775850531	95.70918738				3.503584766	7.483381848	89.01303339	0	0	0	-1773.374203	0.6228295612	323.505344522175	-1773.374203	0.02069188613			
1770.814203	2	4	94	0.6306031429	0.02037134887		1.535461441	2.821885346	95.64265321				3.544511561	7.580316588	88.87517185	0	0	0	-1770.814203	0.6306031429	335.475596432931	-1770.814203	0.02037134887			
1768.254203	2	4	94	0.6381014001	0.0200608043		1.555896662	2.868057631	95.57604571				3.585221185	7.676782569	88.73799625	0	0	0	-1768.254203	0.6381014001	347.690969345301	-1768.254203	0.0200608043			
1765.694203	2	4	94	0.645338143	0.01975981704		1.576267584	2.914369425	95.50936299				3.625717693	7.772783039	88.60149927	0	0	0	-1765.694203	0.645338143	360.152148607515	-1765.694203	0.01975981704			
1763.134203	2	4	94	0.6523262997	0.01946797692		1.59657402	2.960822796	95.44260318				3.666005085	7.868321224	88.46567369	0	0	0	-1763.134203	0.6523262997	372.859778629905	-1763.134203	0.01946797692			
1760.574203	2	4	94	0.659077984	0.01918489721		1.616815766	3.007419839	95.37576439				3.706087307	7.963400332	88.33051236	0	0	0	-1760.574203	0.659077984	385.814465927456	-1760.574203	0.01918489721			
1758.014203	2	4	94	0.6656045576	0.01891021297		1.636992605	3.054162675	95.30884472				3.745968254	8.05802355	88.1960082	0	0	0	-1758.014203	0.6656045576	399.016767296568	-1758.014203	0.01891021297			
1755.454203	2	4	94	0.6719166867	0.0186435795		1.657104304	3.101053456	95.24184224				3.785651772	8.152194047	88.06215418	0	0	0	-1755.454203	0.6719166867	412.467197960218	-1755.454203	0.0186435795			
1752.894203	2	4	94	0.6780243934	0.01838467106		1.677150612	3.148094362	95.17475503				3.825141662	8.245914968	87.92894337	0	0	0	-1752.894203	0.6780243934	426.166226178041	-1752.894203	0.01838467106			
1750.334203	2	4	94	0.683937103	0.0181331795		1.697131269	3.195287601	95.10758113				3.864441676	8.339189441	87.79636888	0	0	0	-1750.334203	0.683937103	440.114290307028	-1750.334203	0.0181331795			
1747.774203	2	4	94	0.6896636865	0.01788881316		1.717045996	3.242635411	95.04031859				3.903555529	8.43202057	87.6644239	0	0	0	-1747.774203	0.6896636865	454.31177112917	-1747.774203	0.01788881316			
1745.214203	2	4	94	0.6952125009	0.01765129576		1.7368945	3.290140058	94.97296544				3.942486889	8.52441144	87.53310167	0	0	0	-1745.214203	0.6952125009	468.759003090255	-1745.214203	0.01765129576			
1742.654203	2	4	94	0.7005914246	0.01742036541		1.756676475	3.337803839	94.90551969				3.98123939	8.616365114	87.4023955	0	0	0	-1742.654203	0.7005914246	483.456290743247	-1742.654203	0.01742036541			
1740.094203	2	4	94	0.7058078909	0.01719577372		1.776391601	3.38562908	94.83797932				4.019816626	8.707884632	87.27229874	0	0	0	-1740.094203	0.7058078909	498.403880627117	-1740.094203	0.01719577372			
1737.534203	2	4	94	0.7108689185	0.01697728491		1.79603954	3.433618138	94.77034232				4.058222157	8.798973016	87.14280483	0	0	0	-1737.534203	0.7108689185	513.601979922018	-1737.534203	0.01697728491			
1734.974203	2	4	94	0.7157811394	0.01676467508		1.815619945	3.481773398	94.70260666				4.096459508	8.889633264	87.01390723	0	0	0	-1734.974203	0.7157811394	529.050741927488	-1734.974203	0.01676467508			
1732.414203	2	4	94	0.720550825	0.01655773142		1.835132451	3.530097281	94.63477027				4.134532173	8.979868352	86.88559948	0	0	0	-1732.414203	0.720550825	544.75027601509	-1732.414203	0.01655773142			
1729.854203	2	4	94	0.7251839096	0.0163562516		1.854576679	3.578592234	94.56683109				4.172443614	9.069681235	86.75787515	0	0	0	-1729.854203	0.7251839096	560.70066620617	-1729.854203	0.0163562516			
1727.294203	2	4	94	0.7296860123	0.0161600431		1.873952239	3.627260739	94.49878702				4.210197264	9.159074847	86.63072789	0	0	0	-1727.294203	0.7296860123	576.901916087371	-1727.294203	0.0161600431			
1724.734203	2	4	94	0.7340624579	0.01596892265		1.893258722	3.676105309	94.43063597				4.247796531	9.2480521	86.50415137	0	0	0	-1724.734203	0.7340624579	593.353986428835	-1724.734203	0.01596892265			
1722.174203	2	4	94	0.738318295	0.01578271567		1.912495709	3.72512849	94.3623758				4.285244794	9.336615883	86.37813932	0	0	0	-1722.174203	0.738318295	610.056822397741	-1722.174203	0.01578271567			
1719.614203	2	4	94	0.7424583135	0.01560125582		1.931662764	3.774332861	94.29400437				4.322545409	9.424769063	86.25268553	0	0	0	-1719.614203	0.7424583135	627.010282235879	-1719.614203	0.01560125582			
1717.054203	2	4	94	0.7464870611	0.01542438446		1.950759438	3.823721034	94.22551953				4.359701708	9.512514487	86.12778381	0	0	0	-1717.054203	0.7464870611	644.21418317633	-1717.054203	0.01542438446			
1714.494203	2	4	94	0.7504088577	0.01525195028		1.969785267	3.873295654	94.15691908				4.396717001	9.599854978	86.00342802	0	0	0	-1714.494203	0.7504088577	661.668308988902	-1714.494203	0.01525195028			
1711.934203	2	4	94	0.7542278095	0.01508380885		1.988739773	3.923059403	94.08820082				4.433594578	9.686793339	85.87961208	0	0	0	-1711.934203	0.7542278095	679.372378035132	-1711.934203	0.01508380885			
1709.374203	2	4	94	0.7579478218	0.01491982226		2.007622463	3.973014995	94.01936254				4.47033771	9.773332349	85.75632994	0	0	0	-1709.374203	0.7579478218	697.326056000512	-1709.374203	0.01491982226			
1706.814203	2	4	94	0.761572611	0.01475985876		2.026432831	4.023165181	93.95040199				4.50694965	9.859474765	85.63357558	0	0	0	-1706.814203	0.761572611	715.52896270027	-1706.814203	0.01475985876			
1704.254203	2	4	94	0.7651057156	0.01460379243		2.045170352	4.073512748	93.8813169				4.543433634	9.945223325	85.51134304	0	0	0	-1704.254203	0.7651057156	733.980660456111	-1704.254203	0.01460379243			
1701.694203	2	4	94	0.7685505067	0.01445150288		2.063834492	4.124060518	93.81210499				4.579792883	10.03058074	85.38962637	0	0	0	-1701.694203	0.7685505067	752.680670051716	-1701.694203	0.01445150288			
1699.134203	2	4	94	0.7719101974	0.01430287494		2.082424698	4.174811352	93.74276395				4.616030604	10.11554971	85.26841969	0	0	0	-1699.134203	0.7719101974	771.628449395339	-1699.134203	0.01430287494			
1696.574203	2	4	94	0.7751878521	0.0141577984		2.100940403	4.225768146	93.67329145				4.652149991	10.20013289	85.14771711	0	0	0	-1696.574203	0.7751878521	790.82337770663	-1696.574203	0.0141577984			
1694.014203	2	4	94	0.7783863948	0.01401616777		2.119381026	4.276933835	93.60368514				4.688154227	10.28433295	85.02751283	0	0	0	-1694.014203	0.7783863948	810.264817033139	-1694.014203	0.01401616777			
1691.454203	2	4	94	0.7815086167	0.01387788201		2.137745968	4.328311393	93.53394264				4.724046483	10.36815249	84.90780102	0	0	0	-1691.454203	0.7815086167	829.95205387382	-1691.454203	0.01387788201			
1688.894203	2	4	94	0.7845571839	0.01374284431		2.156034618	4.379903834	93.46406155				4.759829922	10.45159414	84.78857594	0	0	0	-1688.894203	0.7845571839	849.884333143483	-1688.894203	0.01374284431			
1686.334203	2	4	94	0.7875346438	0.01361096193		2.174246347	4.431714209	93.39403944				4.7955077	10.53466046	84.66983184	0	0	0	-1686.334203	0.7875346438	870.060831960626	-1686.334203	0.01361096193			
1683.774203	2	4	94	0.790443432	0.01348214592		2.192380511	4.483745612	93.32387388				4.831082963	10.61735402	84.55156301	0	0	0	-1683.774203	0.790443432	890.480630097732	-1683.774203	0.01348214592			
1681.214203	2	4	94	0.7932858781	0.013356311		2.21043645	4.536001176	93.25356237				4.866558855	10.69967736	84.43376378	0	0	0	-1681.214203	0.7932858781	911.142810895606	-1681.214203	0.013356311			
1678.654203	2	4	94	0.7960642111	0.01323337536		2.228413488	4.588484077	93.18310244				4.901938513	10.78163299	84.31642849	0	0	0	-1678.654203	0.7960642111	932.046382169812	-1678.654203	0.01323337536			
1676.094203	2	4	94	0.798780565	0.01311326048		2.246310933	4.641197532	93.11249153				4.937225072	10.86322341	84.19955152	0	0	0	-1676.094203	0.798780565	953.190247568224	-1676.094203	0.01311326048			
1673.534203	2	4	94	0.8014369837	0.01299589102		2.264128076	4.694144803	93.04172712				4.972421665	10.94445109	84.08312725	0	0	0	-1673.534203	0.8014369837	974.573280903988	-1673.534203	0.01299589102			
1670.974203	2	4	94	0.8040354255	0.01288119462		2.281864193	4.747329191	92.97080662				5.007531422	11.02531847	83.96715011	0	0	0	-1670.974203	0.8040354255	996.194334993648	-1670.974203	0.01288119462			
1668.414203	2	4	94	0.8065777674	0.01276910179		2.299518541	4.800754046	92.89972741				5.042557475	11.10582798	83.85161454	0	0	0	-1668.414203	0.8065777674	1018.05211571381	-1668.414203	0.01276910179			
1665.854203	2	4	94	0.8090658097	0.01265954578		2.317090361	4.854422759	92.82848688				5.077502957	11.18598204	83.73651501	0	0	0	-1665.854203	0.8090658097	1040.14530325948	-1665.854203	0.01265954578			
1663.294203	2	4	94	0.8115012792	0.01255246247		2.334578878	4.90833877	92.75708235				5.112371003	11.26578301	83.62184599	0	0	0	-1663.294203	0.8115012792	1062.47252229148	-1663.294203	0.01255246247			
1660.734203	2	4	94	0.8138858334	0.0124477902		2.351983298	4.962505561	92.68551114				5.147164753	11.34523326	83.50760199	0	0	0	-1660.734203	0.8138858334	1085.03231016231	-1660.734203	0.0124477902			
1658.174203	2	4	94	0.8162210635	0.01234546973		2.369302811	5.016926665	92.61377052				5.181887351	11.42433513	83.39377752	0	0	0	-1658.174203	0.8162210635	1107.82318871715	-1658.174203	0.01234546973			
1655.614203	2	4	94	0.8185084978	0.01224544409		2.386536587	5.071605658	92.54185775				5.216541947	11.50309092	83.28036713	0	0	0	-1655.614203	0.8185084978	1130.8435096449	-1655.614203	0.01224544409			
1653.054203	2	4	94	0.820749605	0.01214765849		2.403683781	5.126546168	92.46977005				5.251131697	11.58150294	83.16736536	0	0	0	-1653.054203	0.820749605	1154.09163444004	-1653.054203	0.01214765849			
1650.494203	2	4	94	0.8229457965	0.01205206025		2.420743528	5.18175187	92.3975046				5.285659769	11.65957345	83.05476679	0	0	0	-1650.494203	0.8229457965	1177.56586676609	-1650.494203	0.01205206025			
1647.934203	2	4	94	0.8250984296	0.01195859868		2.437714944	5.237226489	92.32505857				5.320129337	11.73730469	82.94256598	0	0	0	-1647.934203	0.8250984296	1201.26438646458	-1647.934203	0.01195859868			
1645.374203	2	4	94	0.8272088098	0.01186722503		2.454597128	5.2929738	92.25242907				5.354543587	11.81469888	82.83075753	0	0	0	-1645.374203	0.8272088098	1225.18531349416	-1645.374203	0.01186722503			
1642.814203	2	4	94	0.8292781934	0.01177789236		2.471389161	5.348997629	92.17961321				5.388905719	11.89175823	82.71933605	0	0	0	-1642.814203	0.8292781934	1249.32669730568	-1642.814203	0.01177789236			
1640.254203	2	4	94	0.8313077896	0.01169055554		2.488090101	5.405301855	92.10660804				5.423218944	11.96848491	82.60829615	0	0	0	-1640.254203	0.8313077896	1273.68655468272	-1640.254203	0.01169055554			
1637.694203	2	4	94	0.8332987627	0.01160517111		2.504698992	5.461890408	92.0334106				5.457486489	12.04488107	82.49763244	0	0	0	-1637.694203	0.8332987627	1298.26276642858	-1637.694203	0.01160517111			
1635.134203	2	4	94	0.8352522343	0.01152169725		2.521214854	5.518767272	91.96001787				5.491711597	12.12094883	82.38733957	0	0	0	-1635.134203	0.8352522343	1323.05316448948	-1635.134203	0.01152169725			
1632.574203	2	4	94	0.837169285	0.01144009372		2.53763669	5.575936484	91.88642683				5.525897526	12.19669031	82.27741216	0	0	0	-1632.574203	0.837169285	1348.05548502045	-1632.574203	0.01144009372			
1630.014203	2	4	94	0.8390509565	0.01136032175		2.553963483	5.633402136	91.81263438				5.560047557	12.27210757	82.16784487	0	0	0	-1630.014203	0.8390509565	1373.26741657975	-1630.014203	0.01136032175			
1627.454203	2	4	94	0.840898253	0.01128234407		2.570194194	5.691168377	91.73863743				5.594164986	12.34720268	82.05863233	0	0	0	-1627.454203	0.840898253	1398.68659319082	-1627.454203	0.01128234407			
1624.894203	2	4	94	0.8427121431	0.01120612477		2.586327766	5.749239411	91.66443282				5.628253134	12.42197766	81.94976921	0	0	0	-1624.894203	0.8427121431	1424.31050191205	-1624.894203	0.01120612477			
1622.334203	2	4	94	0.8444935613	0.0111316293		2.60236312	5.807619499	91.59001738				5.662315343	12.49643451	81.84125015	0	0	0	-1622.334203	0.8444935613	1450.13655947563	-1622.334203	0.0111316293			
1619.774203	2	4	94	0.8462434095	0.0110588244		2.618299156	5.866312959	91.51538789				5.696354979	12.57057521	81.73306981	0	0	0	-1619.774203	0.8462434095	1476.16209192507	-1619.774203	0.0110588244			
1617.214203	2	4	94	0.8479625584	0.01098767806		2.634134755	5.925324168	91.44054108				5.730375434	12.64440172	81.62522284	0	0	0	-1617.214203	0.8479625584	1502.38444748738	-1617.214203	0.01098767806			
1614.654203	2	4	94	0.8496518486	0.01091815948		2.649868774	5.984657564	91.36547366				5.764380127	12.71791596	81.51770391	0	0	0	-1614.654203	0.8496518486	1528.8007532915	-1614.654203	0.01091815948			
1612.094203	2	4	94	0.8513120924	0.01085023902		2.66550005	6.044317642	91.29018231				5.798372506	12.79111983	81.41050766	0	0	0	-1612.094203	0.8513120924	1555.40814446412	-1612.094203	0.01085023902			
1609.534203	2	4	94	0.8529440743	0.01078388816		2.681027399	6.104308959	91.21466364				5.832356048	12.8640152	81.30362875	0	0	0	-1609.534203	0.8529440743	1582.20362574708	-1609.534203	0.01078388816			
1606.974203	2	4	94	0.8545485529	0.01071907948		2.696449613	6.164636135	91.13891425				5.866334262	12.93660392	81.19706182	0	0	0	-1606.974203	0.8545485529	1609.18410530176	-1606.974203	0.01071907948			
1604.414203	2	4	94	0.8561262613	0.01065578658		2.711765465	6.22530385	91.06293069				5.90031069	13.00888781	81.09080151	0	0	0	-1604.414203	0.8561262613	1636.346444033	-1604.414203	0.01065578658			
1601.854203	2	4	94	0.8576779087	0.01059398412		2.726973703	6.286316847	90.98670945				5.934288909	13.08086864	80.98484245	0	0	0	-1601.854203	0.8576779087	1663.68739439846	-1601.854203	0.01059398412			
1599.294203	2	4	94	0.8592041809	0.01053364769		2.742073053	6.347679934	90.91024701				5.968272532	13.15254819	80.87917928	0	0	0	-1599.294203	0.8592041809	1691.20367373781	-1599.294203	0.01053364769			
1596.734203	2	4	94	0.8607057416	0.01047475388		2.75706222	6.409397983	90.8335398				6.002265212	13.22392818	80.7738066	0	0	0	-1596.734203	0.8607057416	1718.89177143173	-1596.734203	0.01047475388			
1594.174203	2	4	94	0.8621832332	0.01041728017		2.771939885	6.47147593	90.75658418				6.036270639	13.29501032	80.66871904	0	0	0	-1594.174203	0.8621832332	1746.74816122947	-1594.174203	0.01041728017			
1591.614203	2	4	94	0.8636372776	0.01036120496		2.786704705	6.533918779	90.67937652				6.070292546	13.36579628	80.56391118	0	0	0	-1591.614203	0.8636372776	1774.76926350816	-1591.614203	0.01036120496			
1589.054203	2	4	94	0.865068477	0.01030650751		2.801355315	6.596731598	90.60191309				6.104334711	13.43628769	80.4593776	0	0	0	-1589.054203	0.865068477	1802.95146708776	-1589.054203	0.01030650751			
1586.494203	2	4	94	0.8664774146	0.0102531679		2.815890326	6.659919523	90.52419015				6.138400956	13.50648616	80.35511288	0	0	0	-1586.494203	0.8664774146	1831.29088294294	-1586.494203	0.0102531679			
1583.934203	2	4	94	0.8678646557	0.01020116707		2.830308326	6.723487758	90.44620392				6.17249515	13.57639327	80.25111158	0	0	0	-1583.934203	0.8678646557	1859.78363170527	-1583.934203	0.01020116707			
1581.374203	2	4	94	0.8692307479	0.01015048672		2.84460788	6.787441577	90.36795054				6.206621211	13.64601057	80.14736822	0	0	0	-1581.374203	0.8692307479	1888.42570368302	-1581.374203	0.01015048672			
1578.814203	2	4	94	0.8705762223	0.01010110936		2.858787527	6.85178632	90.28942615				6.240783109	13.71533955	80.04387734	0	0	0	-1578.814203	0.8705762223	1917.21302620017	-1578.814203	0.01010110936			
1576.254203	2	4	94	0.8719015936	0.01005301822		2.872845783	6.916527398	90.21062682				6.274984869	13.7843817	79.94063343	0	0	0	-1576.254203	0.8719015936	1946.14160337116	-1576.254203	0.01005301822			
1573.694203	2	4	94	0.873207361	0.01000619731		2.886781141	6.981670294	90.13154856				6.309230568	13.85313845	79.83763098	0	0	0	-1573.694203	0.873207361	1975.20698646449	-1573.694203	0.01000619731			
1571.134203	2	4	94	0.874494009	0.009960631303		2.900592069	7.047220559	90.05218737				6.343524345	13.92161121	79.73486445	0	0	0	-1571.134203	0.874494009	2004.40473714249	-1571.134203	0.009960631303			
1568.574203	2	4	94	0.8757620076	0.009916305616		2.914277011	7.113183817	89.97253917				6.377870395	13.98980134	79.63232827	0	0	0	-1568.574203	0.8757620076	2033.73054178952	-1568.574203	0.009916305616			
1566.014203	2	4	94	0.8770118129	0.009873206329		2.927834385	7.179565763	89.89259985				6.412272977	14.05771017	79.53001685	0	0	0	-1566.014203	0.8770118129	2063.17988192065	-1566.014203	0.009873206329			
1563.454203	2	4	94	0.8782438677	0.009831320195		2.941262588	7.246372165	89.81236525				6.446736416	14.12533899	79.4279246	0	0	0	-1563.454203	0.8782438677	2092.74797768909	-1563.454203	0.009831320195			
1560.894203	2	4	94	0.8794586021	0.009790634621		2.954559988	7.313608862	89.73183115				6.481265102	14.19268904	79.32604585	0	0	0	-1560.894203	0.8794586021	2122.43008761959	-1560.894203	0.009790634621			
1558.334203	2	4	94	0.8806564337	0.009751137649		2.967724933	7.38128177	89.6509933				6.515863497	14.25976154	79.22437496	0	0	0	-1558.334203	0.8806564337	2152.22137833634	-1558.334203	0.009751137649			
1555.774203	2	4	94	0.8818377683	0.009712817953		2.980755744	7.449396873	89.56984738				6.550536133	14.32655765	79.12290621	0	0	0	-1555.774203	0.8818377683	2182.11701057816	-1555.774203	0.009712817953			
1553.214203	2	4	94	0.883003	0.009675664813		2.993650718	7.517960234	89.48838905				6.585287619	14.39307849	79.02163389	0	0	0	-1553.214203	0.883003	2212.11178968456	-1553.214203	0.009675664813			
1550.654203	2	4	94	0.8841525122	0.009639668119		3.006408128	7.586977986	89.40661389				6.62012264	14.45932514	78.92055222	0	0	0	-1550.654203	0.8841525122	2242.20054664733	-1550.654203	0.009639668119			
1548.094203	2	4	94	0.8852866773	0.009604818346		3.019026221	7.656456338	89.32451744				6.655045964	14.52529863	78.81965541	0	0	0	-1548.094203	0.8852866773	2272.37825810385	-1548.094203	0.009604818346			
1545.534203	2	4	94	0.8864058575	0.00957110655		3.031503223	7.726401573	89.2420952				6.690062441	14.59099994	78.71893762	0	0	0	-1545.534203	0.8864058575	2302.63947002993	-1545.534203	0.00957110655			
1542.974203	2	4	94	0.8875104051	0.009538524361		3.043837332	7.796820049	89.15934262				6.725177008	14.65643	78.61839299	0	0	0	-1542.974203	0.8875104051	2332.97862710142	-1542.974203	0.009538524361			
1540.414203	2	4	94	0.8886006629	0.009507063966		3.056026726	7.867718198	89.07625508				6.760394691	14.72158971	78.5180156	0	0	0	-1540.414203	0.8886006629	2363.39015969527	-1540.414203	0.009507063966			
1537.854203	2	4	94	0.8896769644	0.009476718108		3.068069555	7.939102527	88.99282792				6.795720612	14.78647988	78.41779951	0	0	0	-1537.854203	0.8896769644	2393.86868307259	-1537.854203	0.009476718108			
1535.294203	2	4	94	0.890739634	0.009447480073		3.079963948	8.010979615	88.90905644				6.831159986	14.85110131	78.31773871	0	0	0	-1535.294203	0.890739634	2424.40841551304	-1535.294203	0.009447480073			
1532.734203	2	4	94	0.8917889877	0.009419343687		3.091708011	8.083356119	88.82493587				6.866718129	14.91545471	78.21782716	0	0	0	-1532.734203	0.8917889877	2455.00338023508	-1532.734203	0.009419343687			
1530.174203	2	4	94	0.8928253331	0.009392303303		3.103299824	8.156238767	88.74046141				6.902400463	14.97954075	78.11805879	0	0	0	-1530.174203	0.8928253331	2485.64781697588	-1530.174203	0.009392303303			
1527.614203	2	4	94	0.8938489697	0.0093663538		3.114737446	8.229634361	88.65562819				6.938212512	15.04336003	78.01842746	0	0	0	-1527.614203	0.8938489697	2516.33583306379	-1527.614203	0.0093663538			
1525.054203	2	4	94	0.8948601892	0.009341490575		3.126018915	8.303549777	88.57043131				6.974159917	15.1069131	77.91892698	0	0	0	-1525.054203	0.8948601892	2547.06098114035	-1525.054203	0.009341490575			
1522.494203	2	4	94	0.8958592761	0.009317709537		3.137142244	8.377991963	88.48486579				7.010248428	15.17020045	77.81955112	0	0	0	-1522.494203	0.8958592761	2577.81725826794	-1522.494203	0.009317709537			
1519.934203	2	4	94	0.8968465072	0.009295007104		3.148105425	8.45296794	88.39892663				7.046483919	15.23322249	77.72029359	0	0	0	-1519.934203	0.8968465072	2608.59853280511	-1519.934203	0.009295007104			
1517.374203	2	4	94	0.8978221526	0.009273380194		3.15890643	8.528484799	88.31260877				7.082872384	15.29597956	77.62114805	0	0	0	-1517.374203	0.8978221526	2639.39819379524	-1517.374203	0.009273380194			
1514.814203	2	4	94	0.8987864755	0.009252826226		3.16954321	8.604549701	88.22590709				7.119419945	15.35847196	77.52210809	0	0	0	-1514.814203	0.8987864755	2670.21014044597	-1514.814203	0.009252826226			
1512.254203	2	4	94	0.8997397324	0.009233343113		3.180013694	8.681169878	88.13881643				7.156132858	15.42069988	77.42316726	0	0	0	-1512.254203	0.8997397324	2701.0276909804	-1512.254203	0.009233343113			
1509.694203	2	4	94	0.9006821737	0.00921492926		3.190315793	8.758352629	88.05133158				7.193017513	15.48266346	77.32431903	0	0	0	-1509.694203	0.9006821737	2731.84397458668	-1509.694203	0.00921492926			
1507.134203	2	4	94	0.9016140436	0.009197583559		3.200447399	8.836105322	87.96344728				7.230080443	15.54436275	77.22555681	0	0	0	-1507.134203	0.9016140436	2762.65261286018	-1507.134203	0.009197583559			
1504.574203	2	4	94	0.9025355802	0.00918130539		3.210406384	8.914435388	87.87515823				7.267328327	15.60579773	77.12687395	0	0	0	-1504.574203	0.9025355802	2793.44699979464	-1504.574203	0.00918130539			
1502.014203	2	4	94	0.9034470159	0.009166094613		3.220190606	8.993350324	87.78645907				7.304767997	15.66696827	77.02826373	0	0	0	-1502.014203	0.9034470159	2824.21996485133	-1502.014203	0.009166094613			
1499.454203	2	4	94	0.9043485777	0.009151951572		3.229797902	9.07285769	87.69734441				7.34240644	15.7278742	76.92971936	0	0	0	-1499.454203	0.9043485777	2854.96482976385	-1499.454203	0.009151951572			
1496.894203	2	4	94	0.9052404869	0.009138877089		3.239226097	9.152965105	87.6078088				7.380250806	15.78851522	76.83123398	0	0	0	-1496.894203	0.9052404869	2885.6747457315	-1496.894203	0.009138877089			
1494.334203	2	4	94	0.9061229598	0.009126872463		3.248472999	9.233680249	87.51784675				7.418308414	15.84889094	76.73280065	0	0	0	-1494.334203	0.9061229598	2916.34239509492	-1494.334203	0.009126872463			
1491.774203	2	4	94	0.9069962076	0.009115939471		3.257536403	9.315010857	87.42745274				7.456586756	15.9090009	76.63441235	0	0	0	-1491.774203	0.9069962076	2946.96091090119	-1491.774203	0.009115939471			
1489.214203	2	4	94	0.9078604365	0.009106080366		3.26641409	9.396964719	87.33662119				7.495093506	15.96884451	76.53606199	0	0	0	-1489.214203	0.9078604365	2977.52322294419	-1489.214203	0.009106080366			
1486.654203	2	4	94	0.908715848	0.009097297872		3.27510383	9.479549677	87.24534649				7.533836522	16.02842109	76.43774239	0	0	0	-1486.654203	0.908715848	3008.02221974519	-1486.654203	0.009097297872			
1484.094203	2	4	94	0.9095626389	0.009089595194		3.283603384	9.562773621	87.15362299				7.572823858	16.08772985	76.3394463	0	0	0	-1484.094203	0.9095626389	3038.45034322319	-1484.094203	0.009089595194			
1481.534203	2	4	94	0.9104010018	0.009082976005		3.291910501	9.646644489	87.06144501				7.612063766	16.14676988	76.24116636	0	0	0	-1481.534203	0.9104010018	3068.80069596779	-1481.534203	0.009082976005			
1478.974203	2	4	94	0.9112311245	0.009077444454		3.300022925	9.731170258	86.96880682				7.651564706	16.20554016	76.14289513	0	0	0	-1478.974203	0.9112311245	3099.06605927583	-1478.974203	0.009077444454			
1476.414203	2	4	94	0.912053191	0.009073005164		3.307938392	9.81635895	86.87570266				7.691335352	16.26403956	76.04462509	0	0	0	-1476.414203	0.912053191	3129.23877578075	-1476.414203	0.009073005164			
1473.854203	2	4	94	0.912867381	0.009069663233		3.315654633	9.902218618	86.78212675				7.7313846	16.32226679	75.94634861	0	0	0	-1473.854203	0.912867381	3159.31197224983	-1473.854203	0.009069663233			
1471.294203	2	4	94	0.9136738702	0.009067424231		3.323169377	9.988757349	86.68807327				7.771721576	16.38022045	75.84805797	0	0	0	-1471.294203	0.9136738702	3189.27806866804	-1471.294203	0.009067424231			
1468.734203	2	4	94	0.9144728306	0.009066294203		3.330480349	10.07598326	86.59353639				7.812355643	16.43789901	75.74974535	0	0	0	-1468.734203	0.9144728306	3219.12952329827	-1468.734203	0.009066294203			
1466.174203	2	4	94	0.9152644304	0.009066279671		3.337585277	10.16390449	86.49851024				7.853296412	16.49530078	75.65140281	0	0	0	-1466.174203	0.9152644304	3248.85942607294	-1466.174203	0.009066279671			
1463.614203	2	4	94	0.916048834	0.009067387633		3.344481888	10.25252918	86.40298893				7.894553747	16.55242393	75.55302232	0	0	0	-1463.614203	0.916048834	3278.46048644832	-1463.614203	0.009067387633			
1461.054203	2	4	94	0.9168262024	0.009069625559		3.351167915	10.34186553	86.30696656				7.936137778	16.60926648	75.45459574	0	0	0	-1461.054203	0.9168262024	3307.92501751864	-1461.054203	0.009069625559			
1458.494203	2	4	94	0.9175966932	0.0090730014		3.357641096	10.43192169	86.21043721				7.978058908	16.66582627	75.35611482	0	0	0	-1458.494203	0.9175966932	3337.24574383221	-1458.494203	0.0090730014			
1455.934203	2	4	94	0.9183604606	0.009077523584		3.363899178	10.52270587	86.11339496				8.020327823	16.722101	75.25757118	0	0	0	-1455.934203	0.9183604606	3366.41605419825	-1455.934203	0.009077523584			
1453.374203	2	4	94	0.9191176553	0.009083201015		3.369939916	10.61422622	86.01583386				8.062955502	16.77808816	75.15895633	0	0	0	-1453.374203	0.9191176553	3395.42820821452	-1453.374203	0.009083201015			
1450.814203	2	4	94	0.9198684253	0.009090043079		3.375761078	10.70649093	85.91774799				8.105953229	16.83378511	75.06026166	0	0	0	-1450.814203	0.9198684253	3424.27492737249	-1450.814203	0.009090043079			
1448.254203	2	4	94	0.9206129151	0.009098059635		3.381360449	10.79950815	85.8191314				8.149332601	16.88918896	74.96147844	0	0	0	-1448.254203	0.9206129151	3452.9495345704	-1448.254203	0.009098059635			
1445.694203	2	4	94	0.9213512664	0.009107261029		3.386735829	10.893286	85.71997817				8.193105544	16.94429667	74.86259778	0	0	0	-1445.694203	0.9213512664	3481.44491048977	-1445.694203	0.009107261029			
1443.134203	2	4	94	0.9220836178	0.009117658081		3.391885037	10.9878326	85.62028236				8.237284318	16.99910498	74.7636107	0	0	0	-1443.134203	0.9220836178	3509.75409699059	-1443.134203	0.009117658081			
1440.574203	2	4	94	0.9228101052	0.009129262091		3.396805916	11.083156	85.52003808				8.281881534	17.05361041	74.66450806	0	0	0	-1440.574203	0.9228101052	3537.8701068293	-1440.574203	0.009129262091			
1438.014203	2	4	94	0.9235308616	0.009142084841		3.401496334	11.17926423	85.41923944				8.326910168	17.10780926	74.56528058	0	0	0	-1438.014203	0.9235308616	3565.78661792153	-1438.014203	0.009142084841			
1435.454203	2	4	94	0.9242460172	0.009156138589		3.405954185	11.27616524	85.31788058				8.372383567	17.16169759	74.46591884	0	0	0	-1435.454203	0.9242460172	3593.49701352629	-1435.454203	0.009156138589			
1432.894203	2	4	94	0.9249556996	0.009171436072		3.410177395	11.37386694	85.21595566				8.418315469	17.21527125	74.36641328	0	0	0	-1432.894203	0.9249556996	3620.99461314856	-1432.894203	0.009171436072			
1430.334203	2	4	94	0.9256600338	0.009187990504		3.414163924	11.47237716	85.11345891				8.464720016	17.2685258	74.26675418	0	0	0	-1430.334203	0.9256600338	3648.27290272185	-1430.334203	0.009187990504			
1427.774203	2	4	94	0.9263591423	0.009205815577		3.417911767	11.57170366	85.01038458				8.511611764	17.32145656	74.16693167	0	0	0	-1427.774203	0.9263591423	3675.32581059426	-1427.774203	0.009205815577			
1425.214203	2	4	94	0.927053145	0.009224925452		3.42141896	11.67185408	84.90672696				8.559005706	17.37405857	74.06693572	0	0	0	-1425.214203	0.927053145	3702.14771122066	-1425.214203	0.009224925452			
1422.654203	2	4	94	0.9277421593	0.009245334768		3.42468358	11.77283598	84.80248044				8.606917279	17.42632659	73.96675613	0	0	0	-1422.654203	0.9277421593	3728.7329082336	-1422.654203	0.009245334768			
1420.094203	2	4	94	0.9284263002	0.009267058628		3.427703752	11.87465681	84.69763944				8.655362387	17.47825506	73.86638255	0	0	0	-1420.094203	0.9284263002	3755.07561357364	-1420.094203	0.009267058628			
1417.534203	2	4	94	0.9291056804	0.009290112605		3.430477649	11.97732389	84.59219846				8.704357414	17.52983815	73.76580444	0	0	0	-1417.534203	0.9291056804	3781.16992604304	-1417.534203	0.009290112605			
1414.974203	2	4	94	0.9297804104	0.009314512732		3.433003497	12.0808444	84.4861521				8.753919241	17.58106968	73.66501108	0	0	0	-1414.974203	0.9297804104	3807.01124387867	-1414.974203	0.009314512732			
1412.414203	2	4	94	0.9304505981	0.009340275503		3.435279577	12.18522539	84.37949503				8.80406527	17.63194313	73.5639916	0	0	0	-1412.414203	0.9304505981	3832.59513652285	-1412.414203	0.009340275503			
1409.854203	2	4	94	0.9311163493	0.009367417863		3.437304229	12.29047373	84.27222204				8.854813434	17.68245166	73.46273491	0	0	0	-1409.854203	0.9311163493	3857.91623110899	-1409.854203	0.009367417863			
1407.294203	2	4	94	0.9317777677	0.00939595721		3.439075858	12.39659613	84.16432801				8.906182224	17.73258803	73.36122975	0	0	0	-1407.294203	0.9317777677	3882.97018130179	-1407.294203	0.00939595721			
1404.734203	2	4	94	0.9324349547	0.00942591138		3.440592931	12.50359912	84.05580795				8.958190704	17.78234463	73.25946466	0	0	0	-1404.734203	0.9324349547	3907.75340147545	-1404.734203	0.00942591138			
1402.174203	2	4	94	0.9330880095	0.009457298647		3.441853989	12.61148901	83.94665701				9.010858537	17.83171348	73.15742799	0	0	0	-1402.174203	0.9330880095	3932.26220347546	-1402.174203	0.009457298647			
1399.614203	2	4	94	0.9337370292	0.009490137716		3.442857641	12.72027191	83.83687044				9.064206001	17.88068614	73.05510786	0	0	0	-1399.614203	0.9337370292	3956.49308023091	-1399.614203	0.009490137716			
1397.054203	2	4	94	0.9343821088	0.009524447707		3.443602575	12.82995372	83.7264437				9.118254016	17.92925379	72.9524922	0	0	0	-1397.054203	0.9343821088	3980.44269064418	-1397.054203	0.009524447707			
1394.494203	2	4	94	0.9350233413	0.009560248156		3.444087558	12.94054008	83.61537237				9.173024167	17.97740712	72.84956872	0	0	0	-1394.494203	0.9350233413	4004.1084925342	-1394.494203	0.009560248156			
1391.934203	2	4	94	0.9356608175	0.009597558999		3.444311439	13.05203636	83.5036522				9.228538725	18.02513637	72.74632491	0	0	0	-1391.934203	0.9356608175	4027.48874831215	-1391.934203	0.009597558999			
1389.374203	2	4	94	0.9362946261	0.009636400566		3.444273154	13.16444768	83.39127916				9.284820676	18.0724313	72.64274802	0	0	0	-1389.374203	0.9362946261	4050.58095338705	-1389.374203	0.009636400566			
1386.814203	2	4	94	0.936924854	0.009676793563		3.443971727	13.27777887	83.2782494				9.341893746	18.11928116	72.5388251	0	0	0	-1386.814203	0.936924854	4073.38375192779	-1386.814203	0.009676793563			
1384.254203	2	4	94	0.9375515858	0.009718759071		3.443406275	13.39203445	83.16455928				9.399782428	18.16567465	72.43454292	0	0	0	-1384.254203	0.9375515858	4095.89659070748	-1384.254203	0.009718759071			
1381.694203	2	4	94	0.9381749042	0.009762318517		3.44257601	13.50721862	83.05020537				9.458512008	18.21159997	72.32988803	0	0	0	-1381.694203	0.9381749042	4118.1184689904	-1381.694203	0.009762318517			
1379.134203	2	4	94	0.9387948899	0.009807493681		3.44148024	13.62333524	82.93518452				9.5181086	18.25704469	72.22484671	0	0	0	-1379.134203	0.9387948899	4140.04920767037	-1379.134203	0.009807493681			
1376.574203	2	4	94	0.9394116216	0.009854306659		3.440118377	13.74038783	82.81949379				9.57859917	18.30199582	72.11940501	0	0	0	-1376.574203	0.9394116216	4161.6898206149	-1376.574203	0.009854306659			
1374.014203	2	4	94	0.9400251758	0.009902779876		3.438489932	13.85837953	82.70313054				9.640011572	18.34643974	72.01354869	0	0	0	-1374.014203	0.9400251758	4183.04081297633	-1374.014203	0.009902779876			
1371.454203	2	4	94	0.9406356273	0.009952936041		3.436594524	13.9773131	82.58609238				9.702374579	18.39036218	71.90726324	0	0	0	-1371.454203	0.9406356273	4204.10357552094	-1371.454203	0.009952936041			
1368.894203	2	4	94	0.9412430486	0.01000479815		3.43443188	14.09719089	82.46837723				9.765717917	18.43374822	71.80053387	0	0	0	-1368.894203	0.9412430486	4224.88032762724	-1368.894203	0.01000479815			
1366.334203	2	4	94	0.9418475104	0.01005838946		3.432001832	14.21801482	82.34998335				9.830072302	18.4765822	71.6933455	0	0	0	-1366.334203	0.9418475104	4245.37350073871	-1366.334203	0.01005838946			
1363.774203	2	4	94	0.9424490812	0.01011373349		3.429304328	14.3397864	82.23090927				9.895469473	18.51884777	71.58568276	0	0	0	-1363.774203	0.9424490812	4265.58601906275	-1363.774203	0.01011373349			
1361.214203	2	4	94	0.9430478277	0.01017085396		3.426339425	14.46250667	82.11115391				9.961942236	18.5605278	71.47752997	0	0	0	-1361.214203	0.9430478277	4285.52171576271	-1361.214203	0.01017085396			
1358.654203	2	4	94	0.9436438143	0.01022977484		3.423107293	14.58617618	81.99071652				10.0295245	18.60160438	71.36887112	0	0	0	-1358.654203	0.9436438143	4305.19003704845	-1358.654203	0.01022977484			
1356.094203	2	4	94	0.9442371022	0.01029049818		3.419607816	14.7107951	81.86959709				10.09825117	18.6420587	71.25969013	0	0	0	-1356.094203	0.9442371022	4324.5844993005	-1356.094203	0.01029049818			
1353.534203	2	4	94	0.9448277548	0.01035311868		3.415842273	14.83636284	81.74779489				10.16815881	18.68187136	71.14996983	0	0	0	-1353.534203	0.9448277548	4343.71099358136	-1353.534203	0.01035311868			
1350.974203	2	4	94	0.9454158291	0.01041759531		3.41181086	14.96287851	81.62531063				10.23928477	18.72102183	71.03969339	0	0	0	-1350.974203	0.9454158291	4362.58401596202	-1350.974203	0.01041759531			
1348.414203	2	4	94	0.946001382	0.01048397544		3.4075143	15.09034062	81.50214508				10.31166786	18.75948875	70.92884339	0	0	0	-1348.414203	0.946001382	4381.20531058465	-1348.414203	0.01048397544			
1345.854203	2	4	94	0.9465844677	0.01055228398		3.402953429	15.21874711	81.37829946				10.38534818	18.79724978	70.81740204	0	0	0	-1345.854203	0.9465844677	4399.5829079354	-1345.854203	0.01055228398			
1343.294203	2	4	94	0.9471651387	0.01062254596		3.398129198	15.34809537	81.25377543				10.46036724	18.8342816	70.70535116	0	0	0	-1343.294203	0.9471651387	4417.72468614254	-1343.294203	0.01062254596			
1340.734203	2	4	94	0.947743445	0.01069478663		3.393042668	15.47838219	81.12857514				10.53676798	18.87055986	70.59267216	0	0	0	-1340.734203	0.947743445	4435.63899602672	-1340.734203	0.01069478663			
1338.174203	2	4	94	0.9483194349	0.01076903133		3.38769501	15.60960378	81.00270121				10.6145948	18.90605914	70.47934606	0	0	0	-1338.174203	0.9483194349	4453.33475620922	-1338.174203	0.01076903133			
1335.614203	2	4	94	0.9488931542	0.0108453055		3.382087504	15.74175574	80.87615675				10.6938937	18.94075288	70.36535342	0	0	0	-1335.614203	0.9488931542	4470.82331609249	-1335.614203	0.0108453055			
1333.054203	2	4	94	0.9494646465	0.01092363469		3.376221531	15.87483304	80.74894543				10.77471223	18.97461338	70.25067439	0	0	0	-1333.054203	0.9494646465	4488.11423318423	-1333.054203	0.01092363469			
1330.494203	2	4	94	0.9500339535	0.01100404455		3.370098576	16.00883002	80.62107141				10.85709966	19.00761174	70.13528861	0	0	0	-1330.494203	0.9500339535	4505.2187715335	-1330.494203	0.01100404455			
1327.934203	2	4	94	0.9506011144	0.01108656083		3.363720217	16.14374038	80.4925394				10.94110695	19.03971779	70.01917527	0	0	0	-1327.934203	0.9506011144	4522.14908246841	-1327.934203	0.01108656083			
1325.374203	2	4	94	0.9511661664	0.01117120945		3.357088127	16.27955718	80.36335469				11.0267869	19.07090007	69.90231303	0	0	0	-1325.374203	0.9511661664	4538.91746965551	-1325.374203	0.01117120945			
1322.814203	2	4	94	0.9517291443	0.01125801645		3.350204063	16.41627281	80.23352313				11.11419418	19.1011258	69.78468003	0	0	0	-1322.814203	0.9517291443	4555.53754033163	-1322.814203	0.01125801645			
1320.254203	2	4	94	0.9522900807	0.01134700803		3.343069865	16.55387899	80.10305115				11.20338539	19.13036075	69.66625386	0	0	0	-1320.254203	0.9522900807	4572.02262098775	-1320.254203	0.01134700803			
1317.694203	2	4	94	0.952849006	0.01143821062		3.335687447	16.69236677	79.97194579				11.2944192	19.15856927	69.54701153	0	0	0	-1317.694203	0.952849006	4588.38695434394	-1317.694203	0.01143821062			
1315.134203	2	4	94	0.9534059483	0.01153165089		3.328058792	16.83172652	79.84021468				11.38735638	19.1857142	69.42692942	0	0	0	-1315.134203	0.9534059483	4604.64487055003	-1315.134203	0.01153165089			
1312.574203	2	4	94	0.9539609336	0.0116273558		3.320185944	16.97194796	79.7078661				11.4822599	19.2117568	69.3059833	0	0	0	-1312.574203	0.9539609336	4620.8124670786	-1312.574203	0.0116273558			
1310.014203	2	4	94	0.9545139853	0.01172535268		3.312071002	17.11302009	79.57490891				11.57919504	19.23665671	69.18414825	0	0	0	-1310.014203	0.9545139853	4636.90591807361	-1310.014203	0.01172535268			
1307.454203	2	4	94	0.9550651248	0.01182566931		3.30371611	17.25493124	79.44135265				11.67822947	19.2603719	69.06139863	0	0	0	-1307.454203	0.9550651248	4652.94024539102	-1307.454203	0.01182566931			
1304.894203	2	4	94	0.9556143713	0.01192833397		3.295123449	17.39766908	79.30720747				11.77943338	19.28285855	68.93770807	0	0	0	-1304.894203	0.9556143713	4668.93307164313	-1304.894203	0.01192833397			
1302.334203	2	4	94	0.9561617415	0.01203337557		3.28629523	17.54122059	79.17248418				11.88287955	19.30407105	68.8130494	0	0	0	-1302.334203	0.9561617415	4673.95543672394	-1302.334203	0.01203337557			
1299.774203	2	4	94	0.9567098041	0.01219768503		3.277274005	17.68602429	79.0367017				11.98914362	19.32405205	68.68680433	0	0	0	-1299.774203	0.9567098041	4690.08114074405	-1299.774203	0.01219768503			
1297.214203	2	4	94	0.9572534429	0.01225093999		3.267980943	17.83116235	78.90085671				12.09731235	19.34256612	68.56012153	0	0	0	-1297.214203	0.9572534429	4717.06592536821	-1297.214203	0.01225093999			
1294.654203	2	4	94	0.9577952309	0.01236303627		3.258458122	17.97707128	78.7644706				12.2079556	19.35965847	68.43238593	0	0	0	-1294.654203	0.9577952309	4733.10367063436	-1294.654203	0.01236303627			
1292.094203	2	4	94	0.9583351917	0.01247797096		3.248709027	18.12373502	78.62755596				12.32116171	19.37527449	68.30356381	0	0	0	-1292.094203	0.9583351917	4749.13161734717	-1292.094203	0.01247797096			
1289.534203	2	4	94	0.9588733289	0.01259538293		3.238735541	18.27113752	78.49012694				12.43701793	19.3893582	68.17362386	0	0	0	-1289.534203	0.9588733289	4765.23298061138	-1289.534203	0.01259538293			
1286.974203	2	4	94	0.9594096469	0.01271537852		3.228539852	18.41926197	78.35219818				12.5556156	19.40185145	68.04253295	0	0	0	-1286.974203	0.9594096469	4781.41269245826	-1286.974203	0.01271537852			
1284.414203	2	4	94	0.9599441483	0.01283800042		3.218124114	18.56809098	78.2137849				12.67704969	19.41269367	67.91025664	0	0	0	-1284.414203	0.9599441483	4797.68651533823	-1284.414203	0.01283800042			
1281.854203	2	4	94	0.9604768341	0.01296329245		3.207490432	18.7176066	78.07490297				12.80141903	19.42182176	67.77675921	0	0	0	-1281.854203	0.9604768341	4814.07110093001	-1281.854203	0.01296329245			
1279.294203	2	4	94	0.9610077034	0.01309130125		3.196640857	18.8677903	77.93556885				12.9288265	19.42917002	67.64200348	0	0	0	-1279.294203	0.9610077034	4830.58398547155	-1279.294203	0.01309130125			
1276.734203	2	4	94	0.9615367536	0.013222076		3.185577367	19.01862307	77.79579956				13.0593792	19.43467003	67.50595077	0	0	0	-1276.734203	0.9615367536	4847.24133780673	-1276.734203	0.013222076			
1274.174203	2	4	94	0.9620639806	0.0133556695		3.174301862	19.17008538	77.65561276				13.19318874	19.43825048	67.36856078	0	0	0	-1274.174203	0.9620639806	4864.05977043938	-1274.174203	0.0133556695			
1271.614203	2	4	94	0.9625893786	0.01349213803		3.162816161	19.32215721	77.51502663				13.33037145	19.43983708	67.22979147	0	0	0	-1271.614203	0.9625893786	4881.0549220473	-1271.614203	0.01349213803			
1269.054203	2	4	94	0.9631129406	0.01363154191		3.151121985	19.47481805	77.37405997				13.47104868	19.43935238	67.08959893	0	0	0	-1269.054203	0.9631129406	4898.24099579563	-1269.054203	0.01363154191			
1266.494203	2	4	94	0.9636346583	0.0137739459		3.139220954	19.62804697	77.23273208				13.61534706	19.43671565	66.94793728	0	0	0	-1266.494203	0.9636346583	4915.63399564085	-1266.494203	0.0137739459			
1263.934203	2	4	94	0.9641545219	0.013919421		3.127114645	19.78182346	77.09106189				13.76339885	19.43184268	66.80475848	0	0	0	-1263.934203	0.9641545219	4933.2479545121	-1263.934203	0.013919421			
1261.374203	2	4	94	0.9646725208	0.01406803963		3.114804317	19.93612402	76.94907167				13.91534219	19.42464561	66.6600122	0	0	0	-1261.374203	0.9646725208	4951.09637160051	-1261.374203	0.01406803963			
1258.814203	2	4	94	0.9651886431	0.01421988406		3.102291312	20.0909273	76.80678139				14.07132157	19.41503278	66.51364565	0	0	0	-1258.814203	0.9651886431	4969.19211095734	-1258.814203	0.01421988406			
1256.254203	2	4	94	0.9657028763	0.01437504128		3.089576779	20.24621075	76.66421247				14.23148817	19.40290842	66.36560341	0	0	0	-1256.254203	0.9657028763	4987.54697391952	-1256.254203	0.01437504128			
1253.694203	2	4	94	0.9662152069	0.01453360637		3.076661736	20.40195143	76.52138683				14.39600026	19.38817256	66.21582718	0	0	0	-1253.694203	0.9662152069	5006.17256826259	-1253.694203	0.01453360637			
1251.134203	2	4	94	0.9667256209	0.01469568089		3.06354707	20.55812606	76.37832687				14.56502369	19.37072066	66.06425565	0	0	0	-1251.134203	0.9667256209	5025.07837965681	-1251.134203	0.01469568089			
1248.574203	2	4	94	0.9672341038	0.01486137484		3.050233543	20.71471098	76.23505548				14.73873239	19.35044342	65.91082418	0	0	0	-1248.574203	0.9672341038	5044.27365752936	-1248.574203	0.01486137484			
1246.014203	2	4	94	0.9677406407	0.01503080691		3.036721785	20.87168217	76.09159605				14.9173089	19.32722646	65.75546465	0	0	0	-1246.014203	0.9677406407	5063.76640446612	-1246.014203	0.01503080691			
1243.454203	2	4	94	0.9682452165	0.015204105		3.023012306	21.02901523	75.94797246				15.10094491	19.30095	65.59810508	0	0	0	-1243.454203	0.9682452165	5083.56486143158	-1243.454203	0.015204105			
1240.894203	2	4	94	0.9687478157	0.01538140679		3.009105498	21.1866854	75.8042091				15.28984195	19.27148858	65.43866947	0	0	0	-1240.894203	0.9687478157	5103.67492168421	-1240.894203	0.01538140679			
1238.334203	2	4	94	0.9692484231	0.01556286019		2.995001643	21.34466747	75.66033089				15.48421203	19.2387106	65.27707737	0	0	0	-1238.334203	0.9692484231	5124.10114227894	-1238.334203	0.01556286019			
1235.774203	2	4	94	0.9697470234	0.01574862379		2.980700929	21.50293576	75.51636331				15.68427835	19.20247802	65.11324364	0	0	0	-1235.774203	0.9697470234	5144.84920487703	-1235.774203	0.01574862379			
1233.214203	2	4	94	0.9702436014	0.01593886712		2.96620346	21.66146411	75.37233243				15.89027612	19.16264583	64.94707805	0	0	0	-1233.214203	0.9702436014	5165.92233166983	-1233.214203	0.01593886712			
1230.654203	2	4	94	0.9707381423	0.01613377091		2.951509275	21.82022572	75.22826501				16.10245339	19.11906168	64.77848493	0	0	0	-1230.654203	0.9707381423	5187.32436991896	-1230.654203	0.01613377091			
1228.094203	2	4	94	0.9712306313	0.01633352704		2.936618373	21.97919314	75.08418849				16.32107197	19.0715653	64.60736273	0	0	0	-1228.094203	0.9712306313	5209.05868653373	-1228.094203	0.01633352704			
1225.534203	2	4	94	0.9717210541	0.01653833829		2.921530734	22.13833809	74.94013118				16.54640835	19.01998801	64.43360363	0	0	0	-1225.534203	0.9717210541	5231.1276861284	-1225.534203	0.01653833829			
1222.974203	2	4	94	0.9722093966	0.01674841791		2.906246355	22.29763135	74.79612229				16.77875481	18.96415211	64.25709308	0	0	0	-1222.974203	0.9722093966	5253.53704488078	-1222.974203	0.01674841791			
1220.414203	2	4	94	0.9726956446	0.01696398852		2.89076528	22.45704257	74.65219215				17.01842045	18.90387026	64.07770929	0	0	0	-1220.414203	0.9726956446	5276.29091382107	-1220.414203	0.01696398852			
1217.854203	2	4	94	0.9731797844	0.01718528071		2.87508765	22.61654003	74.50837233				17.26573238	18.83894482	63.8953228	0	0	0	-1217.854203	0.9731797844	5299.39691434955	-1217.854203	0.01718528071			
1215.294203	2	4	94	0.9736618016	0.01741253093		2.859213742	22.77609039	74.36469586				17.52103693	18.76916716	63.70979591	0	0	0	-1215.294203	0.9736618016	5322.86611770561	-1215.294203	0.01741253093			
1212.734203	2	4	94	0.9741416817	0.01764597848		2.843144034	22.93565841	74.22119756				17.78470089	18.69431693	63.52098218	0	0	0	-1212.734203	0.9741416817	5346.71168362102	-1212.734203	0.01764597848			
1210.174203	2	4	94	0.9746194092	0.01788586149		2.826879264	23.09520647	74.07791426				18.05711283	18.61416127	63.3287259	0	0	0	-1210.174203	0.9746194092	5370.95392155647	-1210.174203	0.01788586149			
1207.614203	2	4	94	0.9750949673	0.01813241151		2.810420511	23.25469422	73.93488527				18.33868435	18.52845408	63.13286157	0	0	0	-1207.614203	0.9750949673	5395.62067995849	-1207.614203	0.01813241151			
1205.054203	2	4	94	0.975568337	0.0183858464		2.793769275	23.41407796	73.79215277				18.62985137	18.4369352	62.93321342	0	0	0	-1205.054203	0.975568337	5420.74995425964	-1205.054203	0.0183858464			
1202.494203	2	4	94	0.9760394964	0.01864636114		2.77692758	23.57331003	73.64976239				18.93107535	18.33932971	62.72959494	0	0	0	-1202.494203	0.9760394964	5446.38980900058	-1202.494203	0.01864636114			
1199.934203	2	4	94	0.9765084199	0.01891411593		2.759898087	23.73233805	73.50776386				19.24284431	18.23534717	62.52180852	0	0	0	-1199.934203	0.9765084199	5472.60595138751	-1199.934203	0.01891411593			
1197.374203	2	4	94	0.9769750763	0.01918922101		2.742684224	23.89110401	73.36621176				19.56567372	18.12468109	62.3096452	0	0	0	-1197.374203	0.9769750763	5499.48428781678	-1197.374203	0.01918922101			
1194.814203	2	4	94	0.9774394277	0.01947171733		2.725290337	24.04954322	73.22516644				19.90010702	18.00700843	62.09288454	0	0	0	-1194.814203	0.9774394277	5527.13448749374	-1194.814203	0.01947171733			
1192.254203	2	4	94	0.9779014272	0.0197615523		2.707721861	24.20758306	73.08469508				20.24671573	17.88198943	61.87129485	0	0	0	-1192.254203	0.9779014272	5555.69785067364	-1192.254203	0.0197615523			
1189.694203	2	4	94	0.9783610167	0.0200585493		2.689985514	24.36514155	72.94487294				20.60609878	17.74926768	61.64463354	0	0	0	-1189.694203	0.9783610167	5585.35407713186	-1189.694203	0.0200585493			
1187.134203	2	4	94	0.9788181238	0.02036236986		2.672089516	24.52212568	72.80578481				20.97888111	17.60847079	61.4126481	0	0	0	-1187.134203	0.9788181238	5616.58959573929	-1187.134203	0.02036236986			
1184.574203	2	4	94	0.9792726169	0.02067096714		2.654039128	24.67844595	72.66751493				21.3656687	17.45924276	61.17508854	0	0	0	-1184.574203	0.9792726169	5649.2976774644	-1184.574203	0.02067096714			
1182.014203	2	4	94	0.9797244468	0.02098747057		2.635851273	24.83397189	72.53017684				21.76718717	17.30114771	60.93166512	0	0	0	-1182.014203	0.9797244468	5683.72242027209	-1182.014203	0.02098747057			
1179.454203	2	4	94	0.9801734527	0.02130730089		2.617539771	24.98856004	72.39390019				22.18409785	17.13378347	60.68211868	0	0	0	-1179.454203	0.9801734527	5720.69242262744	-1179.454203	0.02130730089			
1176.894203	2	4	94	0.9806194634	0.02162987468		2.599121622	25.14205135	72.25882703				22.61708403	16.95673594	60.42618003	0	0	0	-1176.894203	0.9806194634	5760.62154354376	-1176.894203	0.02162987468			
1174.334203	2	4	94	0.9810622688	0.02195311739		2.580616873	25.29426326	72.12511987				23.06682024	16.76959264	60.16358712	0	0	0	-1174.334203	0.9810622688	5804.18693235105	-1174.334203	0.02195311739			
1171.774203	2	4	94	0.9815016124	0.02227433598		2.562049	25.44498634	71.99296466				23.53395575	16.57195142	59.89409283	0	0	0	-1171.774203	0.9815016124	5852.21598251973	-1171.774203	0.02227433598			
1169.214203	2	4	94	0.9819371836	0.02259010207		2.543445291	25.59398094	71.86257377				24.01909306	16.36343207	59.61747487	0	0	0	-1169.214203	0.9819371836	5905.71491358115	-1169.214203	0.02259010207			
1166.654203	2	4	94	0.9823686089	0.02289613073		2.524837205	25.74097378	71.73418902				24.52276065	16.14369105	59.3335483	0	0	0	-1166.654203	0.9823686089	5965.90453881557	-1166.654203	0.02289613073			
1164.094203	2	4	94	0.9827954429	0.02318716561		2.506260677	25.88565497	71.60808435				25.0453792	15.91243999	59.04218081	0	0	0	-1164.094203	0.9827954429	6034.24904012864	-1164.094203	0.02318716561			
1161.534203	2	4	94	0.9832171606	0.02345688683		2.487756325	26.02767566	71.48456801				25.58722099	15.66946809	58.74331092	0	0	0	-1161.534203	0.9832171606	6112.4893130773	-1161.534203	0.02345688683			
1158.974203	2	4	94	0.9836331505	0.02369786499		2.469369489	26.16664692	71.36398359				26.14836278	15.41466839	58.43696884	0	0	0	-1158.974203	0.9836331505	6202.6792369475	-1158.974203	0.02369786499			
1156.414203	2	4	94	0.9840427105	0.02390159465		2.451150043	26.30214043	71.24670952				26.72863331	15.14806726	58.12329944	0	0	0	-1156.414203	0.9840427105	6312.18708033514	-1156.414203	0.02390159465			
1153.854203	2	4	94	0.9844444313	0.02402174055		2.433132908	26.43361168	71.13325541				27.32661729	14.8702945	57.8030882	0	0	0	-1153.854203	0.9844444313	6433.46053480602	-1153.854203	0.02402174055			
1151.294203	2	4	94	0.9848386896	0.02415924865		2.415413072	26.56073238	71.02385454				27.94335175	14.58086864	57.47577961	0	0	0	-1151.294203	0.9848386896	6570.28181636971	-1151.294203	0.02415924865			
1148.734203	2	4	94	0.9852239074	0.02419289551		2.398031017	26.68290096	70.91906802				28.57668338	14.28082386	57.14249276	0	0	0	-1148.734203	0.9852239074	6736.05404518906	-1148.734203	0.02419289551			
1146.174203	2	4	94	0.9855990457	0.02414738884		2.381041589	26.79961836	70.81934005				29.22489647	13.97104804	56.8040555	0	0	0	-1146.174203	0.9855990457	6929.49821308008	-1146.174203	0.02414738884			
1143.614203	2	4	94	0.9859631094	0.02401753588		2.364502476	26.91038139	70.72511613				29.88590782	13.65263049	56.46146168	0	0	0	-1143.614203	0.9859631094	7153.99929540052	-1143.614203	0.02401753588			
1141.054203	2	4	94	0.986315134	0.02379743063		2.348467952	27.0147091	70.63682295				30.55721562	13.32689528	56.1158891	0	0	0	-1141.054203	0.986315134	7414.06059864752	-1141.054203	0.02379743063			
1138.494203	2	4	94	0.9866541767	0.02348099578		2.332981706	27.11219344	70.55482485				31.23589569	12.99541821	55.76868609	0	0	0	-1138.494203	0.9866541767	7714.10919596701	-1138.494203	0.02348099578			
1135.934203	2	4	94	0.9869794255	0.02306952398		2.318078577	27.20250689	70.47941453				31.91878012	12.65992621	55.42129367	0	0	0	-1135.934203	0.9869794255	8058.01871552693	-1135.934203	0.02306952398			
1133.374203	2	4	94	0.9872902248	0.02256714318		2.303782189	27.28541842	70.4107994				32.60254665	12.32224829	55.07520506	0	0	0	-1133.374203	0.9872902248	8449.55391124795	-1133.374203	0.02256714318			
1130.814203	2	4	94	0.9875861077	0.02198177731		2.290103883	27.36080545	70.34909067				33.28385403	11.98424196	54.73190401	0	0	0	-1130.814203	0.9875861077	8892.08061192334	-1130.814203	0.02198177731			
1128.254203	2	4	94	0.9878668162	0.02132459559		2.277042576	27.42865798	70.29429945				33.95947837	11.64771755	54.39280408	0	0	0	-1128.254203	0.9878668162	9388.45668759739	-1128.254203	0.02132459559			
1125.694203	2	4	94	0.9881323057	0.02060909232		2.26458548	27.48907482	70.2463397				34.62643535	11.31436931	54.05919535	0	0	0	-1125.694203	0.9881323057	9940.98255747902	-1125.694203	0.02060909232			
1123.134203	2	4	94	0.9883827344	0.01985000723		2.252709557	27.54225296	70.20503748				35.28207648	10.98571982	53.7322037	0	0	0	-1123.134203	0.9883827344	10551.4077610176	-1123.134203	0.01985000723			
1120.574203	2	4	94	0.98861844	0.01906210302		2.241383367	27.58847255	70.17014408				35.92414799	10.66308429	53.41276772	0	0	0	-1120.574203	0.98861844	11220.7837379613	-1120.574203	0.01906210302			
1118.014203	2	4	94	0.9888399155	0.01825990918		2.230569697	27.62807514	70.14135516				36.55083944	10.34754143	53.10161913	0	0	0	-1118.014203	0.9888399155	11949.7599517204	-1118.014203	0.01825990918			
1115.454203	2	4	94	0.9890477646	0.01745558943		2.220227023	27.66144959	70.11832339				37.1607526	10.03994599	52.7993014	0	0	0	-1115.454203	0.9890477646	12738.5740786875	-1115.454203	0.01745558943			
1112.894203	2	4	94	0.9892426748	0.01666001578		2.210311971	27.68901046	70.10067757				37.75289762	9.74092916	52.50617322	0	0	0	-1112.894203	0.9892426748	13586.9764704964	-1112.894203	0.01666001578			
1110.334203	2	4	94	0.9894253837	0.01588182507		2.200780844	27.71118329	70.08803587				38.32664662	9.450921547	52.22243184	0	0	0	-1110.334203	0.9894253837	14494.4677263293	-1110.334203	0.01588182507			
1107.774203	2	4	94	0.9895966518	0.01512761761		2.191590914	27.72839179	70.0800173				38.88168405	9.170178837	51.94813712	0	0	0	-1107.774203	0.9895966518	15460.3402606373	-1107.774203	0.01512761761			
1105.214203	2	4	94	0.9897572403	0.01440213372		2.18270137	27.74104809	70.07625054				39.41795432	8.898809398	51.68323628	0	0	0	-1105.214203	0.9897572403	16483.7311179249	-1105.214203	0.01440213372			
1102.654203	2	4	94	0.9899078946	0.01370849927		2.174073934	27.74954588	70.07638019				39.93561103	8.636801506	51.42758746	0	0	0	-1102.654203	0.9899078946	17563.6835842207	-1102.654203	0.01370849927			
1100.094203	2	4	94	0.990049332	0.01304850746		2.165673233	27.75425585	70.08007092				40.43497053	8.38404849	51.18098098	0	0	0	-1100.094203	0.990049332	18699.2108066609	-1100.094203	0.01304850746			
1097.534203	2	4	94	0.9901822336	0.01242289092		2.157466951	27.75552321	70.08700984				40.91647135	8.140370983	50.94315766	0	0	0	-1097.534203	0.9901822336	19889.3001443904	-1097.534203	0.01242289092			
1094.974203	2	4	94	0.9903072398	0.01183157001		2.149425845	27.75366666	70.0969075				41.38063985	7.905535921	50.71382423	0	0	0	-1094.974203	0.9903072398	21132.9884668309	-1094.974203	0.01183157001			
1092.414203	2	4	94	0.9904249474	0.01127386645		2.141523645	27.74897843	70.10949792				41.82806196	7.679272301	50.49266574	0	0	0	-1092.414203	0.9904249474	22429.3199624238	-1092.414203	0.01127386645			
1089.854203	2	4	94	0.99053591	0.0107486796		2.133736897	27.74172516	70.12453795				42.25936061	7.461283972	50.27935542	0	0	0	-1089.854203	0.99053591	23777.4054032889	-1089.854203	0.0107486796			
1087.294203	2	4	94	0.990640638	0.01025462736		2.126044761	27.73214914	70.1418061				42.67517784	7.251259776	50.07356238	0	0	0	-1087.294203	0.990640638	25176.4430484821	-1087.294203	0.01025462736			
1084.734203	2	4	94	0.9907396008	0.009790155468		2.118428789	27.72046999	70.16110123				43.07616125	7.048881452	49.8749573	0	0	0	-1084.734203	0.9907396008	26625.6604892535	-1084.734203	0.009790155468			
1082.174203	2	4	94	0.990833229	0.009353620177		2.110872708	27.70688631	70.18224098				43.46295362	6.853829662	49.68321671	0	0	0	-1082.174203	0.990833229	28124.364572971	-1082.174203	0.009353620177			
1079.614203	2	4	94	0.9909219169	0.008943349209		2.1033622	27.69157753	70.20506027				43.83618544	6.665788503	49.49802605	0	0	0	-1079.614203	0.9909219169	29671.9733915183	-1079.614203	0.008943349209			
1077.054203	2	4	94	0.991006025	0.008557685413		2.095884696	27.67470558	70.22940973				44.19646952	6.484448795	49.31908168	0	0	0	-1077.054203	0.991006025	31265.6769404897	-1077.054203	0.008557685413			
1074.494203	2	4	94	0.9910858938	0.008195872404		2.088433916	27.65638537	70.25518072				44.54439141	6.309502093	49.14610649	0	0	0	-1074.494203	0.9910858938	32908.0570723648	-1074.494203	0.008195872404			
1071.934203	2	4	94	0.9911618104	0.007854320732		2.080994242	27.63678555	70.28222021				44.88051562	6.140673016	48.97881136	0	0	0	-1071.934203	0.9911618104	34599.9742323466	-1071.934203	0.007854320732			
1069.374203	2	4	94	0.9912340529	0.007533011123		2.073558227	27.61602183	70.31041994				45.20539516	5.977678355	48.81692648	0	0	0	-1069.374203	0.9912340529	36338.5552359378	-1069.374203	0.007533011123			
1066.814203	2	4	94	0.9913028735	0.007230309346		2.066118589	27.5942014	70.33968002				45.51954722	5.820252273	48.66020051	0	0	0	-1066.814203	0.9913028735	38123.9397393619	-1066.814203	0.007230309346			
1064.254203	2	4	94	0.9913685031	0.006944916451		2.058668997	27.5714211	70.36990991				45.82346337	5.668141343	48.50839529	0	0	0	-1064.254203	0.9913685031	39955.9055402951	-1064.254203	0.006944916451			
1061.694203	2	4	94	0.9914311531	0.006675621725		2.051203962	27.54776852	70.40102752				46.11760996	5.5211045	48.36128554	0	0	0	-1061.694203	0.9914311531	41834.3119694047	-1061.694203	0.006675621725			
1059.134203	2	4	94	0.9914910173	0.006421299563		2.043718739	27.52332293	70.43295833				46.40242877	5.378912852	48.21865837	0	0	0	-1059.134203	0.9914910173	43759.0720331533	-1059.134203	0.006421299563			
1056.574203	2	4	94	0.9915482735	0.006180906327		2.036209238	27.49815615	70.46563461				46.67833789	5.241349344	48.08031277	0	0	0	-1056.574203	0.9915482735	45730.0835893665	-1056.574203	0.006180906327			
1054.014203	2	4	94	0.9916030852	0.005953476149		2.028671948	27.47233329	70.49899477				46.94573265	5.108208343	47.94605901	0	0	0	-1054.014203	0.9916030852	47747.3608938392	-1054.014203	0.005953476149			
1051.454203	2	4	94	0.9916556026	0.005738116299		2.021103868	27.44591345	70.53298268				47.20498674	4.979295171	47.81571809	0	0	0	-1051.454203	0.9916556026	49810.8744466648	-1051.454203	0.005738116299			
1048.894203	2	4	94	0.9917059643	0.005534002366		2.013502448	27.41895036	70.56754719				47.45645328	4.854425595	47.68912112	0	0	0	-1048.894203	0.9917059643	51920.7242376398	-1048.894203	0.005534002366			
1046.334203	2	4	94	0.9917542978	0.005340373432		2.005865535	27.39149287	70.6026416				47.70046594	4.733425314	47.56610875	0	0	0	-1046.334203	0.9917542978	54077.1192366971	-1046.334203	0.005340373432			
1043.774203	2	4	94	0.9918007209	0.005156527361		1.998191331	27.36358545	70.63822322				47.93733997	4.616129438	47.44653059	0	0	0	-1043.774203	0.9918007209	56280.0986906526	-1043.774203	0.005156527361			
1041.214203	2	4	94	0.9918453426	0.004981816275		1.990478347	27.33526865	70.674253				48.16737336	4.502381968	47.33024467	0	0	0	-1041.214203	0.9918453426	58529.7634573465	-1041.214203	0.004981816275			
1038.654203	2	4	94	0.9918882638	0.004815642265		1.982725371	27.30657945	70.71069518				48.39084776	4.392035298	47.21711694	0	0	0	-1038.654203	0.9918882638	60826.5394173877	-1038.654203	0.004815642265			
1036.094203	2	4	94	0.9919295777	0.004657453365		1.974931434	27.27755162	70.74751695				48.60802955	4.284949729	47.10702072	0	0	0	-1036.094203	0.9919295777	63170.7235369398	-1036.094203	0.004657453365			
1033.534203	2	4	94	0.991969371	0.00450673981		1.967095785	27.24821602	70.78468819				48.81917072	4.180993004	46.99983628	0	0	0	-1033.534203	0.991969371	65562.4842288048	-1033.534203	0.00450673981			
1030.974203	2	4	94	0.9920077242	0.004363030553		1.959217862	27.2186009	70.82218124				49.02450974	4.080039866	46.8954504	0	0	0	-1030.974203	0.9920077242	68002.1466948513	-1030.974203	0.004363030553			
1028.414203	2	4	94	0.9920447122	0.004225890065		1.951297276	27.18873209	70.85997064				49.22427245	3.981971637	46.79375591	0	0	0	-1028.414203	0.9920447122	70490.0825578954	-1028.414203	0.004225890065			
1025.854203	2	4	94	0.9920804047	0.004094915382		1.943333787	27.15863328	70.89803293				49.41867282	3.886675823	46.69465136	0	0	0	-1025.854203	0.9920804047	73026.8064779273	-1025.854203	0.004094915382			
1023.294203	2	4	94	0.9921148666	0.003969733406		1.935327289	27.12832619	70.93634652				49.60791364	3.794045738	46.59804062	0	0	0	-1023.294203	0.9921148666	75612.6794890191	-1023.294203	0.003969733406			
1020.734203	2	4	94	0.9921481586	0.003849998425		1.927277795	27.09783074	70.97489147				49.79218728	3.703980152	46.50383257	0	0	0	-1020.734203	0.9921481586	78248.159892456	-1020.734203	0.003849998425			
1018.174203	2	4	94	0.9921803373	0.003735389849		1.919185425	27.06716522	71.01364936				49.97167629	3.616382966	46.41194074	0	0	0	-1018.174203	0.9921803373	80933.7894666891	-1018.174203	0.003735389849			
1015.614203	2	4	94	0.9922114557	0.003625610143		1.911050389	27.03634643	71.05260318				50.14655402	3.531162894	46.32228308	0	0	0	-1015.614203	0.9922114557	83669.9097784952	-1015.614203	0.003625610143			
1013.054203	2	4	94	0.9922415635	0.00352038294		1.902872985	27.00538982	71.0917372				50.31698518	3.448233182	46.23478164	0	0	0	-1013.054203	0.9922415635	86457.3935275633	-1013.054203	0.00352038294			
1010.494203	2	4	94	0.992270707	0.003419451316		1.89465358	26.97430958	71.13103684				50.48312636	3.367511331	46.14936231	0	0	0	-1010.494203	0.992270707	89296.8319425127	-1010.494203	0.003419451316			
1007.934203	2	4	94	0.9922989299	0.003322576219		1.886392609	26.94311879	71.1704886				50.64512652	3.288918846	46.06595464	0	0	0	-1007.934203	0.9922989299	92188.3588615567	-1007.934203	0.003322576219			
1005.374203	2	4	94	0.9923262733	0.003229535041		1.878090565	26.91182947	71.21007997				50.80312745	3.212381002	45.98449154	0	0	0	-1005.374203	0.9923262733	95133.1175252552	-1005.374203	0.003229535041			
1002.814203	2	4	94	0.9923527755	0.003140120302		1.869747992	26.88045267	71.24979934				50.95726422	3.137826615	45.90490916	0	0	0	-1002.814203	0.9923527755	98131.6848454653	-1002.814203	0.003140120302			
1000.254203	2	4	94	0.9923784729	0.003054138462		1.861365477	26.84899859	71.28963593				51.10766553	3.065187844	45.82714663	0	0	0	-1000.254203	0.9923784729	101184.714954423	-1000.254203	0.003054138462			
997.6942025	2	4	94	0.9924033995	0.002971408832		1.852943652	26.81747661	71.32957974				51.2544541	2.994399993	45.7511459	0	0	0	-997.6942025	0.9924033995	104292.933734563	-997.6942025	0.002971408832			
995.1342025	2	4	94	0.9924275876	0.002891762577		1.84448318	26.78589536	71.36962146				51.39774707	2.92540133	45.6768516	0	0	0	-995.1342025	0.9924275876	107457.249107936	-995.1342025	0.002891762577			
992.5742025	2	4	94	0.9924510674	0.002815041806		1.835984757	26.7542628	71.40975244				51.53765622	2.85813292	45.60421086	0	0	0	-992.5742025	0.9924510674	110678.157474465	-992.5742025	0.002815041806			
990.0142025	2	4	94	0.9924738678	0.002741098744		1.827449106	26.72258626	71.44996463				51.67428836	2.792538467	45.53317317	0	0	0	-990.0142025	0.9924738678	113956.933576252	-990.0142025	0.002741098744			
987.4542025	2	4	94	0.9924960156	0.002669794968		1.818876975	26.69087247	71.49025056				51.80774558	2.728564167	45.46369026	0	0	0	-987.4542025	0.9924960156	117294.216845671	-987.4542025	0.002669794968			
984.8942025	2	4	94	0.9925175367	0.002601000715		1.810269129	26.65912764	71.53060323				51.9381255	2.666158569	45.39571593	0	0	0	-984.8942025	0.9925175367	120690.697365964	-984.8942025	0.002601000715			
982.3342025	2	4	94	0.9925384552	0.00253459424		1.801626356	26.62735748	71.57101616				52.06552154	2.605272444	45.32920601	0	0	0	-982.3342025	0.9925384552	124147.624785549	-982.3342025	0.00253459424			
979.7742025	2	4	94	0.9925587942	0.002470461235		1.792949457	26.59556724	71.61148331				52.19002315	2.545858669	45.26411818	0	0	0	-979.7742025	0.9925587942	127665.858347159	-979.7742025	0.002470461235			
977.2142025	2	4	94	0.9925785754	0.002408494287		1.784239247	26.56376173	71.65199902				52.311716	2.48787211	45.20041189	0	0	0	-977.2142025	0.9925785754	131246.652617974	-977.2142025	0.002408494287			
974.6542025	2	4	94	0.9925978195	0.002348592395		1.775496551	26.5319454	71.69255805				52.4306822	2.431269517	45.13804828	0	0	0	-974.6542025	0.9925978195	134890.913521809	-974.6542025	0.002348592395			
972.0942025	2	4	94	0.9926165461	0.002290660506		1.766722205	26.5001223	71.7331555				52.5470005	2.376009423	45.07699008	0	0	0	-972.0942025	0.9926165461	138599.624092469	-972.0942025	0.002290660506			
969.5342025	2	4	94	0.9926347739	0.00223460911		1.757917052	26.46829615	71.7737868				52.66074644	2.322052053	45.01720151	0	0	0	-969.5342025	0.9926347739	142373.534303586	-969.5342025	0.00223460911			
966.9742025	2	4	94	0.9926525207	0.002180353846		1.749081943	26.43647037	71.81444769				52.77199254	2.269359237	44.95864822	0	0	0	-966.9742025	0.9926525207	146214.281265284	-966.9742025	0.002180353846			
964.4142025	2	4	94	0.9926698033	0.002127815161		1.740217733	26.40464807	71.85513419				52.88080846	2.217894325	44.90129722	0	0	0	-964.4142025	0.9926698033	150123.620814595	-964.4142025	0.002127815161			
961.8542025	2	4	94	0.9926866377	0.002076917974		1.731325281	26.3728321	71.89584262				52.9872611	2.16762211	44.84511679	0	0	0	-961.8542025	0.9926866377	154101.591647901	-961.8542025	0.002076917974			
959.2942025	2	4	94	0.9927030394	0.002027591383		1.722405448	26.34102504	71.93656951				53.09141481	2.118508758	44.79007643	0	0	0	-959.2942025	0.9927030394	158149.64367535	-959.2942025	0.002027591383			
956.7342025	2	4	94	0.9927190229	0.001979768385		1.713459098	26.30922925	71.97731165				53.19333145	2.070521737	44.73614681	0	0	0	-956.7342025	0.9927190229	162270.036107246	-956.7342025	0.001979768385			
954.1742025	2	4	94	0.9927346021	0.001933385626		1.704487096	26.27744686	72.01806604				53.29307056	2.023629756	44.68329968	0	0	0	-954.1742025	0.9927346021	166463.660394354	-954.1742025	0.001933385626			
951.6142025	2	4	94	0.9927497903	0.001888383153		1.695490308	26.2456798	72.05882989				53.39068945	1.9778027	44.63150785	0	0	0	-951.6142025	0.9927497903	170731.771318509	-951.6142025	0.001888383153			
949.0542025	2	4	94	0.9927646002	0.001844704206		1.686469596	26.21392981	72.09960059				53.48624332	1.933011577	44.58074511	0	0	0	-949.0542025	0.9927646002	175075.426541123	-949.0542025	0.001844704206			
946.4942025	2	4	94	0.992779044	0.001802295011		1.677425826	26.18219845	72.14037572				53.57978534	1.889228462	44.53098619	0	0	0	-946.4942025	0.992779044	179496.78592971	-946.4942025	0.001802295011			
943.9342025	2	4	94	0.9927931332	0.001761104592		1.668359858	26.1504871	72.18115304				53.6713668	1.846426449	44.48220676	0	0	0	-943.9342025	0.9927931332	183997.08200979	-943.9342025	0.001761104592			
941.3742025	2	4	94	0.992806879	0.001721084597		1.659272551	26.11879701	72.22193044				53.76103711	1.804579599	44.43438329	0	0	0	-941.3742025	0.992806879	188577.471693547	-941.3742025	0.001721084597			
938.8142025	2	4	94	0.992820292	0.001682189137		1.650164762	26.08712926	72.26270598				53.84884397	1.7636629	44.38749313	0	0	0	-938.8142025	0.992820292	193240.778194211	-938.8142025	0.001682189137			
936.2542025	2	4	94	0.9928333823	0.001644374636		1.641037345	26.05548481	72.30347785				53.93483343	1.723652221	44.34151435	0	0	0	-936.2542025	0.9928333823	197988.167010328	-936.2542025	0.001644374636			
933.6942025	2	4	94	0.9928461597	0.00160759969		1.631891148	26.02386448	72.34424438				54.01904991	1.68452427	44.29642582	0	0	0	-933.6942025	0.9928461597	202820.428727866	-933.6942025	0.00160759969			
931.1342025	2	4	94	0.9928586336	0.001571824938		1.622727019	25.99226897	72.38500401				54.10153636	1.646256563	44.25220708	0	0	0	-931.1342025	0.9928586336	207740.271017644	-931.1342025	0.001571824938			
928.5742025	2	4	94	0.9928708129	0.001537012943		1.613545798	25.96069889	72.42575531				54.18233425	1.608827382	44.20883836	0	0	0	-928.5742025	0.9928708129	212749.997811634	-928.5742025	0.001537012943			
926.0142025	2	4	94	0.9928827062	0.001503128075		1.604348322	25.92915472	72.46649696				54.2614837	1.572215741	44.16630056	0	0	0	-926.0142025	0.9928827062	217850.645964318	-926.0142025	0.001503128075			
923.4542025	2	4	94	0.9928943218	0.00147013647		1.595135426	25.89763683	72.50722774				54.33902346	1.536401356	44.12457519	0	0	0	-923.4542025	0.9928943218	223044.500440999	-923.4542025	0.00147013647			
920.8942025	2	4	94	0.9929056676	0.00143800569		1.585907935	25.86614555	72.54794651				54.41499106	1.501364617	44.08364432	0	0	0	-920.8942025	0.9929056676	228333.153798259	-920.8942025	0.00143800569			
918.3342025	2	4	94	0.9929167513	0.001406704995		1.576666672	25.83468108	72.58865225				54.48942281	1.467086553	44.04349063	0	0	0	-918.3342025	0.9929167513	233718.716385593	-918.3342025	0.001406704995			
915.7742025	2	4	94	0.9929275802	0.001376205013		1.567412451	25.80324356	72.62934399				54.56235386	1.433548808	44.00409733	0	0	0	-915.7742025	0.9929275802	239203.497210715	-915.7742025	0.001376205013			
913.2142025	2	4	94	0.9929381614	0.001346477723		1.558146086	25.77183303	72.67002088				54.63381825	1.400733615	43.96544813	0	0	0	-913.2142025	0.9929381614	244790.452407607	-913.2142025	0.001346477723			
910.6542025	2	4	94	0.9929485016	0.00131749638		1.548868381	25.74044949	72.71068213				54.70384895	1.368623771	43.92752728	0	0	0	-910.6542025	0.9929485016	250482.844705801	-910.6542025	0.00131749638			
908.0942025	2	4	94	0.9929586073	0.001289235445		1.539580135	25.70909284	72.75132703				54.77247792	1.337202613	43.89031946	0	0	0	-908.0942025	0.9929586073	256279.370668505	-908.0942025	0.001289235445			
905.5342025	2	4	94	0.992968485	0.001261670626		1.530282145	25.67776292	72.79195494				54.83973613	1.306453996	43.85380987	0	0	0	-905.5342025	0.992968485	262184.272123475	-905.5342025	0.001261670626			
902.9742025	2	4	94	0.9929781406	0.001234778388		1.520975196	25.64645955	72.83256526				54.90565364	1.276362273	43.81798408	0	0	0	-902.9742025	0.9929781406	268201.774707401	-902.9742025	0.001234778388			
900.4142025	2	4	94	0.99298758	0.001208536542		1.511660068	25.61518245	72.87315748				54.9702596	1.246912274	43.78282813	0	0	0	-900.4142025	0.99298758	274459.168917778	-900.4142025	0.001208536542			
897.8542025	2	4	94	0.9929968006	0.001181871695		1.502304789	25.5841037	72.91359151				55.03352602	1.21811473	43.74835925	0	0	0	-897.8542025	0.9929968006	280699.372422769	-897.8542025	0.001181871695			
895.2942025	2	4	94	0.9930058244	0.001157938049		1.492975754	25.55287783	72.95414642				55.09559379	1.189903875	43.71450233	0	0	0	-895.2942025	0.9930058244	286942.000760894	-895.2942025	0.001157938049			
892.7342025	2	4	94	0.9930146484	0.001133521725		1.483640834	25.52167728	72.99468188				55.15643243	1.162291925	43.68127565	0	0	0	-892.7342025	0.9930146484	293430.801562502	-892.7342025	0.001133521725			
890.1742025	2	4	94	0.9930232775	0.001109674029		1.474300709	25.49050193	73.03519736				55.21606765	1.135265494	43.64866686	0	0	0	-890.1742025	0.9930232775	300045.56513082	-890.1742025	0.001109674029			
887.6142025	2	4	94	0.9930317167	0.001086379082		1.464956134	25.45935128	73.07569259				55.27452464	1.108811519	43.61666385	0	0	0	-887.6142025	0.9930317167	306787.22705543	-887.6142025	0.001086379082			
885.0542025	2	4	94	0.9930399707	0.001063619224		1.455607884	25.42822416	73.11616795				55.33182665	1.082917424	43.58525593	0	0	0	-885.0542025	0.9930399707	313662.051501855	-885.0542025	0.001063619224			
882.4942025	2	4	94	0.993048044	0.001041377924		1.446256588	25.3971215	73.15662191				55.38799988	1.057570689	43.55442943	0	0	0	-882.4942025	0.993048044	320669.057741585	-882.4942025	0.001041377924			
879.9342025	2	4	94	0.9930559412	0.001019639449		1.436903012	25.36604204	73.19705495				55.44306621	1.032759449	43.52417434	0	0	0	-879.9342025	0.9930559412	327813.998261353	-879.9342025	0.001019639449			
877.3742025	2	4	94	0.9930636664	0.0009983886438		1.427547867	25.33498523	73.23746691				55.49704811	1.00847207	43.49447982	0	0	0	-877.3742025	0.9930636664	335100.025289835	-877.3742025	0.0009983886438			
874.8142025	2	4	94	0.9930712239	0.0009776109698		1.418191856	25.30395046	73.27785768				55.54996747	0.9846972364	43.46533529	0	0	0	-874.8142025	0.9930712239	342532.036623137	-874.8142025	0.0009776109698			
872.2542025	2	4	94	0.9930786175	0.000957292464		1.408835678	25.27293713	73.31822719				55.60184559	0.9614239431	43.43673047	0	0	0	-872.2542025	0.9930786175	350111.590645591	-872.2542025	0.000957292464			
869.6942025	2	4	94	0.9930858513	0.0009374197135		1.399480024	25.24194457	73.35857541				55.6527032	0.9386414826	43.40865532	0	0	0	-869.6942025	0.9930858513	357844.608865306	-869.6942025	0.0009374197135			
867.1342025	2	4	94	0.9930929288	0.0009179798294		1.390125578	25.21097212	73.3989023				55.70256051	0.9163394347	43.38110006	0	0	0	-867.1342025	0.9930929288	365733.015340153	-867.1342025	0.0009179798294			
864.5742025	2	4	94	0.9930998539	0.0008989604214		1.380773019	25.18001907	73.43920791				55.75143718	0.894507656	43.35405517	0	0	0	-864.5742025	0.9930998539	373778.294915859	-864.5742025	0.0008989604214			
862.0142025	2	4	94	0.99310663	0.0008803495754		1.371423018	25.14908472	73.47949226				55.79935239	0.87313627	43.32751134	0	0	0	-862.0142025	0.99310663	381991.550109013	-862.0142025	0.0008803495754			
859.4542025	2	4	94	0.9931132605	0.000862135831		1.36207624	25.11816831	73.51975545				55.84632484	0.8522156577	43.30145951	0	0	0	-859.4542025	0.9931132605	390374.425697429	-859.4542025	0.000862135831			
856.8942025	2	4	94	0.9931197487	0.0008443081608		1.352733345	25.08726909	73.55999756				55.89237273	0.8317364486	43.27589082	0	0	0	-856.8942025	0.9931197487	398924.941114602	-856.8942025	0.0008443081608			
854.3342025	2	4	94	0.993126098	0.0008268559502		1.343394984	25.05638628	73.60021874				55.93751385	0.811689512	43.25079664	0	0	0	-854.3342025	0.993126098	407654.485868153	-854.3342025	0.0008268559502			
851.7742025	2	4	94	0.9931323113	0.0008097689809		1.334061804	25.02551908	73.64041911				55.98176552	0.7920659486	43.22616853	0	0	0	-851.7742025	0.9931323113	416570.832071157	-851.7742025	0.0008097689809			
849.2142025	2	4	94	0.9931383917	0.00079303741		1.324734444	24.99466668	73.68059887				56.02514466	0.7728570828	43.20199826	0	0	0	-849.2142025	0.9931383917	425670.059008601	-849.2142025	0.00079303741			
846.6542025	2	4	94	0.9931443422	0.0007766518308		1.315413541	24.96382823	73.72075823				56.06766775	0.7540544547	43.1782778	0	0	0	-846.6542025	0.9931443422	434965.375688625	-846.6542025	0.0007766518308			
844.0942025	2	4	94	0.9931501655	0.0007606029516		1.306099718	24.9330029	73.76089738				56.10935093	0.7356498137	43.15499926	0	0	0	-844.0942025	0.9931501655	444455.138899705	-844.0942025	0.0007606029516			
841.5342025	2	4	94	0.9931558646	0.0007448820428		1.296793593	24.90218985	73.80101655				56.15020993	0.7176351104	43.13215496	0	0	0	-841.5342025	0.9931558646	454143.169174441	-841.5342025	0.0007448820428			
838.9742025	2	4	94	0.9931614421	0.0007294806108		1.287495782	24.87138821	73.841116				56.19026011	0.7000024905	43.1097374	0	0	0	-838.9742025	0.9931614421	464044.105756111	-838.9742025	0.0007294806108			
836.4142025	2	4	94	0.9931669006	0.0007143904638		1.278206892	24.8405971	73.88119601				56.2295165	0.6827442883	43.08773921	0	0	0	-836.4142025	0.9931669006	474157.869881846	-836.4142025	0.0007143904638			
833.8542025	2	4	94	0.9931722427	0.0006996036982		1.268927524	24.80981562	73.92125685				56.26799375	0.6658530204	43.06615323	0	0	0	-833.8542025	0.9931722427	484493.313744595	-833.8542025	0.0006996036982			
831.2942025	2	4	94	0.9931774708	0.000685112687		1.259658273	24.77904288	73.96129884				56.30570621	0.6493213799	43.04497241	0	0	0	-831.2942025	0.9931774708	495054.450460625	-831.2942025	0.000685112687			
828.7342025	2	4	94	0.9931825874	0.0006709100675		1.250399727	24.74827796	74.00132231				56.34266789	0.6331422305	43.02418988	0	0	0	-828.7342025	0.9931825874	505846.650828528	-828.7342025	0.0006709100675			
826.1742025	2	4	94	0.9931875948	0.0006569887309		1.241152468	24.71751995	74.04132758				56.37889249	0.6173086014	43.00379891	0	0	0	-826.1742025	0.9931875948	516879.680091388	-826.1742025	0.0006569887309			
823.6142025	2	4	94	0.9931924953	0.0006433418111		1.231917074	24.68676791	74.08131502				56.41439342	0.6018136817	42.9837929	0	0	0	-823.6142025	0.9931924953	528153.930428206	-823.6142025	0.0006433418111			
821.0542025	2	4	94	0.9931972912	0.0006299626752		1.222694113	24.6560209	74.12128499				56.44918379	0.5866508155	42.96416539	0	0	0	-821.0542025	0.9931972912	539686.933975897	-821.0542025	0.0006299626752			
818.4942025	2	4	94	0.9932019845	0.0006168449136		1.213484149	24.62527799	74.16123787				56.48327644	0.571813497	42.94491006	0	0	0	-818.4942025	0.9932019845	551478.492251344	-818.4942025	0.0006168449136			
815.9342025	2	4	94	0.9932065775	0.000603982331		1.20428774	24.59453821	74.20117405				56.51668391	0.5572953661	42.92602072	0	0	0	-815.9342025	0.9932065775	563537.207020143	-815.9342025	0.000603982331			
813.3742025	2	4	94	0.9932110721	0.0005913689378		1.195105437	24.56380062	74.24109394				56.5494185	0.5430902033	42.9074913	0	0	0	-813.3742025	0.9932110721	575868.481611458	-813.3742025	0.0005913689378			
810.8142025	2	4	94	0.9932154705	0.0005789989416		1.185937786	24.53306424	74.28099797				56.58149224	0.5291919261	42.88931583	0	0	0	-810.8142025	0.9932154705	588488.981719076	-810.8142025	0.0005789989416			
808.2542025	2	4	94	0.9932197744	0.0005668667398		1.176785327	24.50232812	74.32088656				56.61291692	0.5155945844	42.87148849	0	0	0	-808.2542025	0.9932197744	601397.826278439	-808.2542025	0.0005668667398			
805.6942025	2	4	94	0.993223986	0.0005549669115		1.167648591	24.47159126	74.36076015				56.64370409	0.5022923566	42.85400356	0	0	0	-805.6942025	0.993223986	614607.072515592	-805.6942025	0.0005549669115			
803.1342025	2	4	94	0.9932281069	0.0005432942106		1.158528106	24.4408527	74.40061919				56.67386504	0.4892795458	42.83685541	0	0	0	-803.1342025	0.9932281069	628130.666957646	-803.1342025	0.0005432942106			
800.5742025	2	4	94	0.9932321391	0.0005318435591		1.149424395	24.41011145	74.44046416				56.70341088	0.476550576	42.82003855	0	0	0	-800.5742025	0.9932321391	641974.212957446	-800.5742025	0.0005318435591			
798.0142025	2	4	94	0.9932360842	0.00052061004		1.140337971	24.37936651	74.48029552				56.73235245	0.4640999889	42.80354757	0	0	0	-798.0142025	0.9932360842	656146.105298442	-798.0142025	0.00052061004			
795.4542025	2	4	94	0.9932399441	0.0005095888919		1.131269345	24.3486169	74.52011375				56.7607004	0.4519224399	42.78737716	0	0	0	-795.4542025	0.9932399441	670642.130382596	-795.4542025	0.0005095888919			
792.8942025	2	4	94	0.9932437205	0.0004987755021		1.122219021	24.31786163	74.55991935				56.78846518	0.4400126951	42.77152213	0	0	0	-792.8942025	0.9932437205	685500.053924778	-792.8942025	0.0004987755021			
790.3342025	2	4	94	0.9932474149	0.0004881654016		1.113187495	24.28709968	74.59971283				56.81565702	0.4283656281	42.75597735	0	0	0	-790.3342025	0.9932474149	700723.309689549	-790.3342025	0.0004881654016			
787.7742025	2	4	94	0.993251029	0.0004777542593		1.10417526	24.25633006	74.63949468				56.84228597	0.4169762171	42.74073781	0	0	0	-787.7742025	0.993251029	716307.565530307	-787.7742025	0.0004777542593			
785.2142025	2	4	94	0.9932545644	0.0004675378767		1.095182801	24.22555176	74.67926544				56.86836188	0.4058395416	42.72579857	0	0	0	-785.2142025	0.9932545644	732276.355178923	-785.2142025	0.0004675378767			
782.6542025	2	4	94	0.9932580226	0.0004575121831		1.0862106	24.19476377	74.71902563				56.89389442	0.3949507796	42.7111548	0	0	0	-782.6542025	0.9932580226	748644.748872637	-782.6542025	0.0004575121831			
780.0942025	2	4	94	0.9932614051	0.0004476732307		1.077259131	24.16396509	74.75877578				56.91889307	0.3843052051	42.69680172	0	0	0	-780.0942025	0.9932614051	765418.11442932	-780.0942025	0.0004476732307			
777.5342025	2	4	94	0.9932647134	0.00043801719		1.068328863	24.13315469	74.79851645				56.94336715	0.3738981853	42.68273466	0	0	0	-777.5342025	0.9932647134	782613.69918445	-777.5342025	0.00043801719			
774.9742025	2	4	94	0.9932679489	0.0004285403456		1.059420259	24.10233157	74.83824817				56.9673258	0.363725178	42.66894902	0	0	0	-774.9742025	0.9932679489	800249.204322138	-774.9742025	0.0004285403456			
772.4142025	2	4	94	0.993271113	0.0004192390915		1.050533778	24.07149471	74.87797152				56.990778	0.353781729	42.65544027	0	0	0	-772.4142025	0.993271113	818317.6904975	-772.4142025	0.0004192390915			
769.8542025	2	4	94	0.9932742072	0.0004101099275		1.04166987	24.04064308	74.91768705				57.01373256	0.3440634703	42.64220397	0	0	0	-769.8542025	0.9932742072	836853.219648576	-769.8542025	0.0004101099275			
767.2942025	2	4	94	0.9932772327	0.0004011494554		1.032828983	24.00977567	74.95739535				57.03619815	0.334566117	42.62923573	0	0	0	-767.2942025	0.9932772327	855874.379377453	-767.2942025	0.0004011494554			
764.7342025	2	4	94	0.9932801909	0.0003923543748		1.024011558	23.97889145	74.99709699				57.05818328	0.3252854657	42.61653125	0	0	0	-764.7342025	0.9932801909	875376.620877077	-764.7342025	0.0003923543748			
762.1742025	2	4	94	0.9932830831	0.0003837214797		1.015218031	23.94798941	75.03679256				57.0796963	0.3162173918	42.6040863	0	0	0	-762.1742025	0.9932830831	895397.325293182	-762.1742025	0.0003837214797			
759.6142025	2	4	94	0.9932859105	0.0003752476557		1.006448831	23.91706851	75.07648265				57.10074544	0.3073578482	42.59189671	0	0	0	-759.6142025	0.9932859105	915944.578903152	-759.6142025	0.0003752476557			
757.0542025	2	4	94	0.9932886744	0.0003669298756		0.9977043838	23.88612774	75.11616788				57.12133876	0.2987028626	42.57995837	0	0	0	-757.0542025	0.9932886744	937028.758062446	-757.0542025	0.0003669298756			
754.4942025	2	4	94	0.993291376	0.0003587651971		0.9889851082	23.85516606	75.15584883				57.14148422	0.2902485359	42.56826725	0	0	0	-754.4942025	0.993291376	958675.375496268	-754.4942025	0.0003587651971			
751.9342025	2	4	94	0.9932940165	0.0003507507594		0.9802914183	23.82418244	75.19552614				57.1611896	0.2819910403	42.55681936	0	0	0	-751.9342025	0.9932940165	980914.105959119	-751.9342025	0.0003507507594			
749.3742025	2	4	94	0.993296597	0.0003428837804		0.9716237229	23.79317587	75.23520041				57.1804626	0.2739266174	42.54561078	0	0	0	-749.3742025	0.993296597	1003755.27870963	-749.3742025	0.0003428837804			
746.8142025	2	4	94	0.9932991187	0.000335161554		0.9629824255	23.76214529	75.27487228				57.19931076	0.2660515765	42.53463767	0	0	0	-746.8142025	0.9932991187	1027212.16572516	-746.8142025	0.000335161554			
744.2542025	2	4	94	0.9933015827	0.0003275814469		0.9543679242	23.7310897	75.31454238				57.2177415	0.2583622933	42.52389621	0	0	0	-744.2542025	0.9933015827	1051293.77425414	-744.2542025	0.0003275814469			
741.6942025	2	4	94	0.9933039902	0.0003201408966		0.9457806121	23.70000805	75.35421134				57.23576213	0.2508552075	42.51338266	0	0	0	-741.6942025	0.9933039902	1076059.51784311	-741.6942025	0.0003201408966			
739.1342025	2	4	94	0.9933063421	0.0003128374086		0.9372208769	23.66889931	75.39387982				57.25337984	0.243526822	42.50309333	0	0	0	-739.1342025	0.9933063421	1101543.73136552	-739.1342025	0.0003128374086			
736.5742025	2	4	94	0.9933086395	0.0003056685541		0.9286891015	23.63776244	75.43354845				57.27060171	0.236373701	42.49302459	0	0	0	-736.5742025	0.9933086395	1127691.43190512	-736.5742025	0.0003056685541			
734.0142025	2	4	94	0.9933108836	0.0002986319676		0.9201856633	23.60659643	75.47321791				57.28743469	0.2293924685	42.48317284	0	0	0	-734.0142025	0.9933108836	1154594.46764392	-734.0142025	0.0002986319676			
731.4542025	2	4	94	0.9933130752	0.0002917253446		0.911710935	23.57540022	75.51288885				57.30388564	0.2225798071	42.47353456	0	0	0	-731.4542025	0.9933130752	1182289.56810665	-731.4542025	0.0002917253446			
728.8942025	2	4	94	0.9933152154	0.0002849464397		0.903265284	23.54417278	75.55256194				57.3199613	0.2159324566	42.46410625	0	0	0	-728.8942025	0.9933152154	1210745.60872548	-728.8942025	0.0002849464397			
726.3342025	2	4	94	0.9933173052	0.0002782930642		0.8948490729	23.51291308	75.59223785				57.33566831	0.2094472124	42.45488447	0	0	0	-726.3342025	0.9933173052	1240004.14558536	-726.3342025	0.0002782930642			
723.7742025	2	4	94	0.9933193456	0.0002717656976		0.8864626158	23.48162045	75.63191693				57.35101343	0.2031209266	42.44586564	0	0	0	-723.7742025	0.9933193456	1270147.27038939	-723.7742025	0.0002717656976			
721.2142025	2	4	94	0.9933213374	0.0002653570799		0.8781063127	23.45029346	75.67160023				57.36600289	0.1969504999	42.43704661	0	0	0	-721.2142025	0.9933213374	1301193.55845479	-721.2142025	0.0002653570799			
718.6542025	2	4	94	0.9933232816	0.0002590677236		0.869780508	23.41893109	75.7112884				57.38064302	0.1909328887	42.42842409	0	0	0	-718.6542025	0.9933232816	1333137.25447136	-718.6542025	0.0002590677236			
716.0942025	2	4	94	0.9933251791	0.0002528956745		0.8614855446	23.3875323	75.75098216				57.39494008	0.1850650993	42.41999482	0	0	0	-716.0942025	0.9933251791	1365994.07518883	-716.0942025	0.0002528956745			
713.5342025	2	4	94	0.9933270309	0.000246839		0.8532217604	23.35609604	75.7906822				57.40890022	0.1793441881	42.4117556	0	0	0	-713.5342025	0.9933270309	1399865.90231155	-713.5342025	0.000246839			
710.9742025	2	4	94	0.9933288377	0.0002408958136		0.8449894889	23.32462129	75.83038922				57.4225295	0.1737672603	42.40370324	0	0	0	-710.9742025	0.9933288377	1434770.30506019	-710.9742025	0.0002408958136			
708.4142025	2	4	94	0.9933306005	0.0002350642725		0.8367890586	23.29310698	75.87010396				57.4358339	0.1683314689	42.39583463	0	0	0	-708.4142025	0.9933306005	1470702.98509952	-708.4142025	0.0002350642725			
705.8542025	2	4	94	0.9933323201	0.0002293425771		0.8286207932	23.26155209	75.90982712				57.44881931	0.1630340134	42.38814667	0	0	0	-705.8542025	0.9933323201	1507770.76361357	-705.8542025	0.0002293425771			
703.2942025	2	4	94	0.9933339973	0.0002237289689		0.8204850121	23.22995555	75.94955944				57.46149153	0.1578721394	42.38063633	0	0	0	-703.2942025	0.9933339973	1545958.86310575	-703.2942025	0.0002237289689			
700.7342025	2	4	94	0.993335633	0.0002182217291		0.8123820297	23.19831633	75.98930164				57.47385629	0.152843137	42.37330058	0	0	0	-700.7342025	0.993335633	1585298.98032184	-700.7342025	0.0002182217291			
698.1742025	2	4	94	0.993337228	0.0002128191774		0.804312156	23.16663338	76.02905447				57.48591921	0.1479443405	42.36613645	0	0	0	-698.1742025	0.993337228	1625921.09941257	-698.1742025	0.0002128191774			
695.6142025	2	4	94	0.993338783	0.0002075196703		0.7962756964	23.13490564	76.06881867				57.49768585	0.1431731273	42.35914102	0	0	0	-695.6142025	0.993338783	1667861.4486616	-695.6142025	0.0002075196703			
693.0542025	2	4	94	0.9933402988	0.0002023216003		0.7882729517	23.10313206	76.10859499				57.5091617	0.1385269166	42.35231139	0	0	0	-693.0542025	0.9933402988	1711046.92121988	-693.0542025	0.0002023216003			
690.4942025	2	4	94	0.9933417763	0.0001972233941		0.7803042184	23.07131159	76.14838419				57.52035214	0.1340031694	42.34564469	0	0	0	-690.4942025	0.9933417763	1755633.7646241	-690.4942025	0.0001972233941			
687.9342025	2	4	94	0.9933432161	0.0001922235118		0.7723697883	23.03944317	76.18818704				57.53126252	0.1295993873	42.33913809	0	0	0	-687.9342025	0.9933432161	1801711.64526005	-687.9342025	0.0001922235118			
685.3742025	2	4	94	0.993344619	0.0001873204454		0.7644699491	23.00752574	76.22800431				57.54189808	0.1253131113	42.33278881	0	0	0	-685.3742025	0.993344619	1849274.14580868	-685.3742025	0.0001873204454			
682.8142025	2	4	94	0.9933459857	0.0001825127177		0.7566049838	22.97555824	76.26783677				57.55226399	0.121141922	42.32659409	0	0	0	-682.8142025	0.9933459857	1898355.51628807	-682.8142025	0.0001825127177			
680.2542025	2	4	94	0.993347317	0.0001777988816		0.7487751714	22.94353961	76.30768522				57.56236536	0.1170834382	42.3205512	0	0	0	-680.2542025	0.993347317	1949003.285784	-680.2542025	0.0001777988816			
677.6942025	2	4	94	0.9933486136	0.0001731775184		0.7409807862	22.91146878	76.34755043				57.57220723	0.1131353162	42.31465746	0	0	0	-677.6942025	0.9933486136	2001413.97039804	-677.6942025	0.0001731775184			
675.1342025	2	4	94	0.9933498761	0.0001686472372		0.7332220986	22.87934468	76.38743322				57.58179456	0.1092952495	42.30891019	0	0	0	-675.1342025	0.9933498761	2055643.1244147	-675.1342025	0.0001686472372			
672.5742025	2	4	94	0.9933511052	0.0001642066737		0.7254993745	22.84716624	76.42733439				57.59113225	0.1055609681	42.30330678	0	0	0	-672.5742025	0.9933511052	2111672.45427424	-672.5742025	0.0001642066737			
670.0142025	2	4	94	0.9933523016	0.0001598544893		0.7178128758	22.81493238	76.46725475				57.60022513	0.1019302374	42.29784463	0	0	0	-670.0142025	0.9933523016	2169150.8422693	-670.0142025	0.0001598544893			
668.7342025	2	4	94	0.9933528878	7.833482971E-05		0.7139833305	22.79879399	76.48722268				57.60468117	0.1001530124	42.29516582	0	0	0	-668.7342025	0.9933528878	2199171.12275946	-668.7342025	7.833482971E-05			
668.0942025	2	4	94	0.9933531778	3.875597884E-05		0.7120720976	22.79071847	76.49720944				57.60688605	0.09927381544	42.29384013	0	0	0	-668.0942025	0.9933531778	2214238.57260018	-668.0942025	3.875597884E-05			
667.9342025	2	4	94	0.99335325	9.650952411E-06		0.7115947102	22.78869829	76.499707				57.60743507	0.09905498071	42.29350995	0	0	0	-667.9342025	0.99335325	2220174.10262676	-667.9342025	9.650952411E-06			
667.8542025	2	4	94	0.993353286	4.816056192E-06		0.7113560064	22.78768877	76.50095523				57.60770908	0.09894572203	42.2933452	0	0	0	-667.8542025	0.993353286	2222222.21882527	-667.8542025	4.816056192E-06			
667.8142025	2	4	94	0.993353304	2.406512765E-06		0.7112366822	22.78718385	76.50157947				57.607846	0.09889112755	42.29326287	0	0	0	-667.8142025	0.993353304	2222222.21654297	-667.8142025	2.406512765E-06			
667.7942025	2	4	94	0.9933533128	1.164197336E-06		0.7111773237	22.78692847	76.50189421				57.60791276	0.0988638331	42.29322341	0	0	0	-667.7942025	0.9933533128	2206010.16667616	-667.7942025	1.164197336E-06			
667.7742025	2	4	94	0.9933545011	1.334749126E-06	0.0001726247367	0.7108300573	22.7894735	76.49969644	48.22895615	0.05082883571	51.72021501	57.60960785	0.09884228746	42.29154986	0	0	0	-667.7742025	0.9933545011	28563.02226673	-667.7742025	1.334749126E-06	0.0001726247367	0.000760366615926463	
667.7542025	2	4	94	0.9933550839	1.25701892E-06	8.401399739E-05	0.7106306087	22.79058134	76.49878805	48.23293944	0.05079482702	51.71626573	57.61046722	0.09881779996	42.29071498	0	0	0	-667.7542025	0.9933550839	34251.9624456774	-667.7542025	1.25701892E-06	8.401399739E-05	0.352300973832021	
667.7142025	2	4	94	0.9933562562	2.554284276E-06	0.0001689968818	0.7102302422	22.79281282	76.49695694	48.24094727	0.05072666637	51.70832606	57.61219548	0.09876886561	42.28903565	0	0	0	-667.7142025	0.9933562562	34087.6504707682	-667.7142025	2.554284276E-06	0.0001689968818	0.0150169810492434	
667.6342025	2	4	94	0.9933586077	5.0247487E-06	0.000339134328	0.7094295932	22.79728044	76.49328997	48.25698114	0.05059048942	51.69242837	57.61565531	0.09867105714	42.28567364	0	0	0	-667.6342025	0.9933586077	33971.5258892242	-667.6342025	5.0247487E-06	0.000339134328	0.0145656626529483	
667.4742025	2	4	94	0.9933633313	1.004418094E-05	0.0006815995944	0.7078285532	22.80623515	76.48593629	48.28912033	0.05031873298	51.66056094	57.62258873	0.09847568064	42.27893559	0	0	0	-667.4742025	0.9933633313	33774.8252774166	-667.4742025	1.004418094E-05	0.0006815995944	0.0145787382856809	
667.1542025	2	4	94	0.9933728614	2.006642894E-05	0.001376604759	0.7046274548	22.82422347	76.47114907	48.35370201	0.04977749102	51.5965205	57.63651004	0.09808592019	42.26540404	0	0	0	-667.1542025	0.9933728614	33381.1486929739	-667.1542025	2.006642894E-05	0.001376604759	0.0142685474129479	
666.5142025	2	4	94	0.9933922667	4.00555072E-05	0.002808937748	0.6982288718	22.86052245	76.44124868	48.4840914	0.04870412871	51.46720448	57.66457953	0.09731023539	42.23811023	0	0	0	-666.5142025	0.9933922667	32589.6626439257	-666.5142025	4.00555072E-05	0.002808937748	0.0136680513849626	
665.2342025	2	4	94	0.9934325461	7.983122128E-05	0.005855380975	0.6854431027	22.93447203	76.38008487	48.74997533	0.04659352152	51.20343115	57.72166593	0.09577424354	42.18255983	0	0	0	-665.2342025	0.9934325461	31005.5574022796	-665.2342025	7.983122128E-05	0.005855380975	0.0125474171849866	
662.6742025	2	4	94	0.9935198235	0.0001589061355	0.01279962781	0.6598925815	23.0883048	76.25180262	49.30395542	0.04251373216	50.65353085	57.84001053	0.09276329774	42.06722618	0	0	0	-662.6742025	0.9935198235	28042.4677479751	-662.6742025	0.0001589061355	0.01279962781	0.00168939877172426	
660.1142025	2	4	94	0.9936159848	0.0001582150182	0.01433225814	0.6343132231	23.25126245	76.11442433	49.89161002	0.03861625555	50.06977372	57.96478797	0.08983289966	41.94537913	0	0	0	-660.1142025	0.9936159848	25310.1179521594	-660.1142025	0.0001582150182	0.01433225814	-0.000188273697191871	
657.5542025	2	4	94	0.9937233423	0.0001585021952	0.01628774494	0.608618668	23.42519974	75.96618159	50.51909869	0.03489277985	49.44600853	58.0973325	0.08698217484	41.81568533	0	0	0	-657.5542025	0.9937233423	22513.6564384303	-657.5542025	0.0001585021952	0.01628774494	0.000367198517378614	
654.9942025	2	4	94	0.9938452391	0.000160195814	0.01886375084	0.5826920611	23.61263444	75.8046735	51.19472812	0.03133345073	48.77393843	58.23945915	0.08421045419	41.6763304	0	0	0	-654.9942025	0.9938452391	19653.0324654936	-654.9942025	0.000160195814	0.01886375084	0.000837919936470969	
652.4342025	2	4	94	0.9939867735	0.0001640377533	0.0224021075	0.5563678849	23.81713343	75.62649868	51.93017549	0.02792597274	48.04189854	58.39374478	0.08151738309	41.52473783	0	0	0	-652.4342025	0.9939867735	16728.4516528684	-652.4342025	0.0001640377533	0.0224021075	0.00122922494963145	
649.8742025	2	4	94	0.994156303	0.0001714375701	0.02754859636	0.5293972662	24.04404587	75.42655686	52.74283348	0.02465367165	47.23251285	58.56406224	0.0789031265	41.35703463	0	0	0	-649.8742025	0.994156303	13740.8383248786	-649.8742025	0.0001714375701	0.02754859636	0.00154695968620417	
647.3142025	2	4	94	0.9943690223	0.0001854277417	0.03568490069	0.5013737268	24.30206351	75.19656277	53.66075258	0.02149146323	46.31775596	58.75671821	0.07636880061	41.16691299	0	0	0	-647.3142025	0.9943690223	10693.7307495899	-647.3142025	0.0001854277417	0.03568490069	0.00179810809102834	
644.7542025	2	4	94	0.9946574551	0.0002139633849	0.05039213179	0.4715455172	24.60714295	74.92131153	54.73504411	0.01839528399	45.2465606	58.98331674	0.07391754093	40.94276572	0	0	0	-644.7542025	0.9946574551	7605.15252211329	-644.7542025	0.0002139633849	0.05039213179	0.0019879139253653	
642.1942025	2	4	94	0.9951156632	0.0002860363152	0.08472575452	0.4381840732	24.99561251	74.56620341	56.08124215	0.01526559918	43.90349225	59.27033607	0.07155804198	40.65810588	0	0	0	-642.1942025	0.9951156632	4506.50648858902	-642.1942025	0.0002860363152	0.08472575452	0.00831594517971249	
640.9142025	2	4	94	0.9954627231	0.0002039023609	0.07034804268	0.4187197818	25.25149758	74.32978264	56.9523575	0.01360364933	43.03403885	59.45868761	0.07042050847	40.47089188	0	0	0	-640.9142025	0.9954627231	3073.25417163362	-640.9142025	0.0002039023609	0.07034804268	0.00645643714580307	
639.6342025	2	4	94	0.9961574636	0.0003859734129	0.152091202	0.3944698953	25.60896595	73.99656416	58.1457941	0.01170359774	41.8425023	59.72116889	0.06932692996	40.20950418	0	0	0	-639.6342025	0.9961574636	1399.72508137643	-639.6342025	0.0003859734129	0.152091202	-0.00796279102750918	
639.3142025	2	4	94	0.9964166649	0.0001614964468	0.06704271027	0.3865796983	25.73638489	73.87703541	58.56411016	0.01112642218	41.42476341	59.8146088	0.0690661765	40.11632502	0	0	0	-639.3142025	0.9964166649	1038.86108938446	-639.3142025	0.0001614964468	0.06704271027	0.00120134315669365	
638.9942025	2	4	94	0.9968822076	0.0003018396831	0.1293040467	0.376630955	25.90619095	73.71717809	59.1155111	0.01042757883	40.87406132	59.93907439	0.06881750123	39.99210811	0	0	0	-638.9942025	0.9968822076	520.821579173829	-638.9942025	0.0003018396831	0.1293040467	0.00189950095862538	
638.8342025	2	4	94	0.9973226888	0.0003227990043	0.1407295761	0.3697038214	26.03110594	73.59919024	59.51659596	0.009960133361	40.47344391	60.03061132	0.06870389382	39.90068479	0	0	0	-638.8342025	0.9973226888	271.876313546251	-638.8342025	0.0003227990043	0.1407295761	0.0019419439971772	
638.7542025	2	4	94	0.9977687061	0.000377993542	0.1660461412	0.3646642831	26.12576768	73.50956803	59.81793491	0.009629987298	40.1724351	60.09997544	0.06865545968	39.8313691	0	0	0	-638.7542025	0.9977687061	137.534765272075	-638.7542025	0.000377993542	0.1660461412	0.00214260369677074	
638.7342025	2	4	94	0.9979323951	0.0001660951355	0.07312855147	0.3629207131	26.15930662	73.47777266	59.9241577	0.009517715294	40.06632458	60.12455222	0.06864588875	39.80680189	0	0	0	-638.7342025	0.9979323951	102.468582973052	-638.7342025	0.0001660951355	0.07312855147	0.00221988502206232	
638.7142025	2	4	94	0.9982357106	0.0003319855926	0.1462851509	0.3606048937	26.2045143	73.43488081	60.06687369	0.009370160723	39.92375615	60.15767989	0.06863931146	39.77368079	0	0	0	-638.7142025	0.9982357106	49.2671914718602	-638.7142025	0.0003319855926	0.1462851509	0.00226697166581381	
638.7042025	2	4	94	0.998546304	0.0003984021768	0.1755859347	0.358870008	26.23888445	73.40224554	60.17502647	0.009260786296	39.81571275	60.18286718	0.0686390285	39.74849379	0	0	0	-638.7042025	0.998546304	28.9504559413912	-638.7042025	0.0003984021768	0.1755859347	0.00226685423712548	
638.6842025	2	4	94	1	0.002265259986	0.99773474	0.3565834428	26.28463711	73.35877945	60.31869697	0.009118141348	39.67218489							-638.6842025	1	13.7580346922477	-638.6842025	0.002265259986	0.99773474	0.00227070549414566	
638.6642025	2	4	94	1	0.002265259986	0.99773474	0.3565834428	26.28463711	73.35877945	60.31869697	0.009118141348	39.67218489							-638.6642025	1	NaN	-638.6642025	0.002265259986	0.99773474	NaN	
638.6242025	2	4	94	1	0.002265259986	0.99773474	0.3565834428	26.28463711	73.35877945	60.31869697	0.009118141348	39.67218489							-638.6242025	1	NaN	-638.6242025	0.002265259986	0.99773474	NaN	
638.5442025	2	4	94	1	0.002265259986	0.99773474	0.3565834428	26.28463711	73.35877945	60.31869697	0.009118141348	39.67218489							-638.5442025	1	NaN	-638.5442025	0.002265259986	0.99773474	NaN	
638.3842025	2	4	94	1	0.002265259986	0.99773474	0.3565834428	26.28463711	73.35877945	60.31869697	0.009118141348	39.67218489							-638.3842025	1	NaN	-638.3842025	0.002265259986	0.99773474	NaN	
638.0642025	2	4	94	1	0.002265259986	0.99773474	0.3565834428	26.28463711	73.35877945	60.31869697	0.009118141348	39.67218489							-638.0642025	1	NaN	-638.0642025	0.002265259986	0.99773474	NaN	
637.4242025	2	4	94	1	0.002265259986	0.99773474	0.3565834428	26.28463711	73.35877945	60.31869697	0.009118141348	39.67218489							-637.4242025	1	NaN	-637.4242025	0.002265259986	0.99773474	NaN	
636.1442025	2	4	94	1	0.002265259986	0.99773474	0.3565834428	26.28463711	73.35877945	60.31869697	0.009118141348	39.67218489							-636.1442025	1	NaN	-636.1442025	0.002265259986	0.99773474	NaN	
633.5842025	2	4	94	1	0.002265259986	0.99773474	0.3565834428	26.28463711	73.35877945	60.31869697	0.009118141348	39.67218489							-633.5842025	1	NaN	-633.5842025	0.002265259986	0.99773474	NaN	
628.4642025	2	4	94	1	0.002265259986	0.99773474	0.3565834428	26.28463711	73.35877945	60.31869697	0.009118141348	39.67218489							-628.4642025	1	NaN	-628.4642025	0.002265259986	0.99773474	NaN	
623.3442025	2	4	94	1	0.002265259986	0.99773474	0.3565834428	26.28463711	73.35877945	60.31869697	0.009118141348	39.67218489							-623.3442025	1	NaN	-623.3442025	0.002265259986	0.99773474	NaN	
618.2242025	2	4	94	1	0.002265259986	0.99773474	0.3565834428	26.28463711	73.35877945	60.31869697	0.009118141348	39.67218489							-618.2242025	1	NaN	-618.2242025	0.002265259986	0.99773474	NaN	
613.1042025	2	4	94	1	0.002265259986	0.99773474	0.3565834428	26.28463711	73.35877945	60.31869697	0.009118141348	39.67218489							-613.1042025	1	NaN	-613.1042025	0.002265259986	0.99773474	NaN	
607.9842025	2	4	94	1	0.002265259986	0.99773474	0.3565834428	26.28463711	73.35877945	60.31869697	0.009118141348	39.67218489							-607.9842025	1	NaN	-607.9842025	0.002265259986	0.99773474	NaN	
602.8642025	2	4	94	1	0.002265259986	0.99773474	0.3565834428	26.28463711	73.35877945	60.31869697	0.009118141348	39.67218489							-602.8642025	1	NaN	-602.8642025	0.002265259986	0.99773474	NaN	
597.7442025	2	4	94	1	0.002265259986	0.99773474	0.3565834428	26.28463711	73.35877945	60.31869697	0.009118141348	39.67218489							-597.7442025	1	NaN	-597.7442025	0.002265259986	0.99773474	NaN	
592.6242025	2	4	94	1	0.002265259986	0.99773474	0.3565834428	26.28463711	73.35877945	60.31869697	0.009118141348	39.67218489							-592.6242025	1	NaN	-592.6242025	0.002265259986	0.99773474	NaN	
587.5042025	2	4	94	1	0.002265259986	0.99773474	0.3565834428	26.28463711	73.35877945	60.31869697	0.009118141348	39.67218489							-587.5042025	1	NaN	-587.5042025	0.002265259986	0.99773474	NaN	
582.3842025	2	4	94	1	0.002265259986	0.99773474	0.3565834428	26.28463711	73.35877945	60.31869697	0.009118141348	39.67218489							-582.3842025	1	NaN	-582.3842025	0.002265259986	0.99773474	NaN	
577.2642025	2	4	94	1	0.002265259986	0.99773474	0.3565834428	26.28463711	73.35877945	60.31869697	0.009118141348	39.67218489							-577.2642025	1	NaN	-577.2642025	0.002265259986	0.99773474	NaN	
572.1442025	2	4	94	1	0.002265259986	0.99773474	0.3565834428	26.28463711	73.35877945	60.31869697	0.009118141348	39.67218489							-572.1442025	1	NaN	-572.1442025	0.002265259986	0.99773474	NaN	
567.0242025	2	4	94	1	0.002265259986	0.99773474	0.3565834428	26.28463711	73.35877945	60.31869697	0.009118141348	39.67218489							-567.0242025	1	NaN	-567.0242025	0.002265259986	0.99773474	NaN	
561.9042025	2	4	94	1	0.002265259986	0.99773474	0.3565834428	26.28463711	73.35877945	60.31869697	0.009118141348	39.67218489							-561.9042025	1	NaN	-561.9042025	0.002265259986	0.99773474	NaN	
556.7842025	2	4	94	1	0.002265259986	0.99773474	0.3565834428	26.28463711	73.35877945	60.31869697	0.009118141348	39.67218489							-556.7842025	1	NaN	-556.7842025	0.002265259986	0.99773474	NaN	
551.6642025	2	4	94	1	0.002265259986	0.99773474	0.3565834428	26.28463711	73.35877945	60.31869697	0.009118141348	39.67218489							-551.6642025	1	NaN	-551.6642025	0.002265259986	0.99773474	NaN	
546.5442025	2	4	94	1	0.002265259986	0.99773474	0.3565834428	26.28463711	73.35877945	60.31869697	0.009118141348	39.67218489							-546.5442025	1	NaN	-546.5442025	0.002265259986	0.99773474	NaN	
541.4242025	2	4	94	1	0.002265259986	0.99773474	0.3565834428	26.28463711	73.35877945	60.31869697	0.009118141348	39.67218489							-541.4242025	1	NaN	-541.4242025	0.002265259986	0.99773474	NaN	
536.3042025	2	4	94	1	0.002265259986	0.99773474	0.3565834428	26.28463711	73.35877945	60.31869697	0.009118141348	39.67218489							-536.3042025	1	NaN	-536.3042025	0.002265259986	0.99773474	NaN	
531.1842025	2	4	94	1	0.002265259986	0.99773474	0.3565834428	26.28463711	73.35877945	60.31869697	0.009118141348	39.67218489							-531.1842025	1	NaN	-531.1842025	0.002265259986	0.99773474	NaN	
526.0642025	2	4	94	1	0.002265259986	0.99773474	0.3565834428	26.28463711	73.35877945	60.31869697	0.009118141348	39.67218489							-526.0642025	1	NaN	-526.0642025	0.002265259986	0.99773474	NaN	
520.9442025	2	4	94	1	0.002265259986	0.99773474	0.3565834428	26.28463711	73.35877945	60.31869697	0.009118141348	39.67218489							-520.9442025	1	NaN	-520.9442025	0.002265259986	0.99773474	NaN	
515.8242025	2	4	94	1	0.002265259986	0.99773474	0.3565834428	26.28463711	73.35877945	60.31869697	0.009118141348	39.67218489							-515.8242025	1	NaN	-515.8242025	0.002265259986	0.99773474	NaN	
510.7042025	2	4	94	1	0.002265259986	0.99773474	0.3565834428	26.28463711	73.35877945	60.31869697	0.009118141348	39.67218489							-510.7042025	1	NaN	-510.7042025	0.002265259986	0.99773474	NaN	
505.5842025	2	4	94	1	0.002265259986	0.99773474	0.3565834428	26.28463711	73.35877945	60.31869697	0.009118141348	39.67218489							-505.5842025	1	NaN	-505.5842025	0.002265259986	0.99773474	NaN	
500.4642025	2	4	94	1	0.002265259986	0.99773474	0.3565834428	26.28463711	73.35877945	60.31869697	0.009118141348	39.67218489							-500.4642025	1	NaN	-500.4642025	0.002265259986	0.99773474	NaN	
495.3442025	2	4	94	1	0.002265259986	0.99773474	0.3565834428	26.28463711	73.35877945	60.31869697	0.009118141348	39.67218489							-495.3442025	1	NaN	-495.3442025	0.002265259986	0.99773474	NaN	
490.2242025	2	4	94	1	0.002265259986	0.99773474	0.3565834428	26.28463711	73.35877945	60.31869697	0.009118141348	39.67218489							-490.2242025	1	NaN	-490.2242025	0.002265259986	0.99773474	NaN	
485.1042025	2	4	94	1	0.002265259986	0.99773474	0.3565834428	26.28463711	73.35877945	60.31869697	0.009118141348	39.67218489							-485.1042025	1	NaN	-485.1042025	0.002265259986	0.99773474	NaN	
479.9842025	2	4	94	1	0.002265259986	0.99773474	0.3565834428	26.28463711	73.35877945	60.31869697	0.009118141348	39.67218489							-479.9842025	1	NaN	-479.9842025	0.002265259986	0.99773474	NaN	
474.8642025	2	4	94	1	0.002265259986	0.99773474	0.3565834428	26.28463711	73.35877945	60.31869697	0.009118141348	39.67218489							-474.8642025	1	NaN	-474.8642025	0.002265259986	0.99773474	NaN	
469.7442025	2	4	94	1	0.002265259986	0.99773474	0.3565834428	26.28463711	73.35877945	60.31869697	0.009118141348	39.67218489							-469.7442025	1	NaN	-469.7442025	0.002265259986	0.99773474	NaN	
464.6242025	2	4	94	1	0.002265259986	0.99773474	0.3565834428	26.28463711	73.35877945	60.31869697	0.009118141348	39.67218489							-464.6242025	1	NaN	-464.6242025	0.002265259986	0.99773474	NaN	
459.5042025	2	4	94	1	0.002265259986	0.99773474	0.3565834428	26.28463711	73.35877945	60.31869697	0.009118141348	39.67218489							-459.5042025	1	NaN	-459.5042025	0.002265259986	0.99773474	NaN	
454.3842025	2	4	94	1	0.002265259986	0.99773474	0.3565834428	26.28463711	73.35877945	60.31869697	0.009118141348	39.67218489							-454.3842025	1	NaN	-454.3842025	0.002265259986	0.99773474	NaN	
449.2642025	2	4	94	1	0.002265259986	0.99773474	0.3565834428	26.28463711	73.35877945	60.31869697	0.009118141348	39.67218489							-449.2642025	1	NaN	-449.2642025	0.002265259986	0.99773474	NaN	
444.1442025	2	4	94	1	0.002265259986	0.99773474	0.3565834428	26.28463711	73.35877945	60.31869697	0.009118141348	39.67218489							-444.1442025	1	NaN	-444.1442025	0.002265259986	0.99773474	NaN	
439.0242025	2	4	94	1	0.002265259986	0.99773474	0.3565834428	26.28463711	73.35877945	60.31869697	0.009118141348	39.67218489							-439.0242025	1	NaN	-439.0242025	0.002265259986	0.99773474	NaN	
433.9042025	2	4	94	1	0.002265259986	0.99773474	0.3565834428	26.28463711	73.35877945	60.31869697	0.009118141348	39.67218489							-433.9042025	1	NaN	-433.9042025	0.002265259986	0.99773474	NaN	
428.7842025	2	4	94	1	0.002265259986	0.99773474	0.3565834428	26.28463711	73.35877945	60.31869697	0.009118141348	39.67218489							-428.7842025	1	NaN	-428.7842025	0.002265259986	0.99773474	NaN	
423.6642025	2	4	94	1	0.002265259986	0.99773474	0.3565834428	26.28463711	73.35877945	60.31869697	0.009118141348	39.67218489							-423.6642025	1	NaN	-423.6642025	0.002265259986	0.99773474	NaN	
418.5442025	2	4	94	1	0.002265259986	0.99773474	0.3565834428	26.28463711	73.35877945	60.31869697	0.009118141348	39.67218489							-418.5442025	1	NaN	-418.5442025	0.002265259986	0.99773474	NaN	
413.4242025	2	4	94	1	0.002265259986	0.99773474	0.3565834428	26.28463711	73.35877945	60.31869697	0.009118141348	39.67218489							-413.4242025	1	NaN	-413.4242025	0.002265259986	0.99773474	NaN	
408.3042025	2	4	94	1	0.002265259986	0.99773474	0.3565834428	26.28463711	73.35877945	60.31869697	0.009118141348	39.67218489							-408.3042025	1	NaN	-408.3042025	0.002265259986	0.99773474	NaN	
403.1842025	2	4	94	1	0.002265259986	0.99773474	0.3565834428	26.28463711	73.35877945	60.31869697	0.009118141348	39.67218489							-403.1842025	1	NaN	-403.1842025	0.002265259986	0.99773474	NaN	
398.0642025	2	4	94	1	0.002265259986	0.99773474	0.3565834428	26.28463711	73.35877945	60.31869697	0.009118141348	39.67218489							-398.0642025	1	NaN	-398.0642025	0.002265259986	0.99773474	NaN	
392.9442025	2	4	94	1	0.002265259986	0.99773474	0.3565834428	26.28463711	73.35877945	60.31869697	0.009118141348	39.67218489							-392.9442025	1	NaN	-392.9442025	0.002265259986	0.99773474	NaN	
387.8242025	2	4	94	1	0.002265259986	0.99773474	0.3565834428	26.28463711	73.35877945	60.31869697	0.009118141348	39.67218489							-387.8242025	1	NaN	-387.8242025	0.002265259986	0.99773474	NaN	
382.7042025	2	4	94	1	0.002265259986	0.99773474	0.3565834428	26.28463711	73.35877945	60.31869697	0.009118141348	39.67218489							-382.7042025	1	NaN	-382.7042025	0.002265259986	0.99773474	NaN	
377.5842025	2	4	94	1	0.002265259986	0.99773474	0.3565834428	26.28463711	73.35877945	60.31869697	0.009118141348	39.67218489							-377.5842025	1	NaN	-377.5842025	0.002265259986	0.99773474	NaN	
372.4642025	2	4	94	1	0.002265259986	0.99773474	0.3565834428	26.28463711	73.35877945	60.31869697	0.009118141348	39.67218489							-372.4642025	1	NaN	-372.4642025	0.002265259986	0.99773474	NaN	
367.3442025	2	4	94	1	0.002265259986	0.99773474	0.3565834428	26.28463711	73.35877945	60.31869697	0.009118141348	39.67218489							-367.3442025	1	NaN	-367.3442025	0.002265259986	0.99773474	NaN	
362.2242025	2	4	94	1	0.002265259986	0.99773474	0.3565834428	26.28463711	73.35877945	60.31869697	0.009118141348	39.67218489							-362.2242025	1	NaN	-362.2242025	0.002265259986	0.99773474	NaN	
357.1042025	2	4	94	1	0.002265259986	0.99773474	0.3565834428	26.28463711	73.35877945	60.31869697	0.009118141348	39.67218489							-357.1042025	1	NaN	-357.1042025	0.002265259986	0.99773474	NaN	
351.9842025	2	4	94	1	0.002265259986	0.99773474	0.3565834428	26.28463711	73.35877945	60.31869697	0.009118141348	39.67218489							-351.9842025	1	NaN	-351.9842025	0.002265259986	0.99773474	NaN	
346.8642025	2	4	94	1	0.002265259986	0.99773474	0.3565834428	26.28463711	73.35877945	60.31869697	0.009118141348	39.67218489							-346.8642025	1	NaN	-346.8642025	0.002265259986	0.99773474	NaN	
341.7442025	2	4	94	1	0.002265259986	0.99773474	0.3565834428	26.28463711	73.35877945	60.31869697	0.009118141348	39.67218489							-341.7442025	1	NaN	-341.7442025	0.002265259986	0.99773474	NaN	
336.6242025	2	4	94	1	0.002265259986	0.99773474	0.3565834428	26.28463711	73.35877945	60.31869697	0.009118141348	39.67218489							-336.6242025	1	NaN	-336.6242025	0.002265259986	0.99773474	NaN	
331.5042025	2	4	94	1	0.002265259986	0.99773474	0.3565834428	26.28463711	73.35877945	60.31869697	0.009118141348	39.67218489							-331.5042025	1	NaN	-331.5042025	0.002265259986	0.99773474	NaN	
326.3842025	2	4	94	1	0.002265259986	0.99773474	0.3565834428	26.28463711	73.35877945	60.31869697	0.009118141348	39.67218489							-326.3842025	1	NaN	-326.3842025	0.002265259986	0.99773474	NaN	
321.2642025	2	4	94	1	0.002265259986	0.99773474	0.3565834428	26.28463711	73.35877945	60.31869697	0.009118141348	39.67218489							-321.2642025	1	NaN	-321.2642025	0.002265259986	0.99773474	NaN	
316.1442025	2	4	94	1	0.002265259986	0.99773474	0.3565834428	26.28463711	73.35877945	60.31869697	0.009118141348	39.67218489							-316.1442025	1	NaN	-316.1442025	0.002265259986	0.99773474	NaN	
311.0242025	2	4	94	1	0.002265259986	0.99773474	0.3565834428	26.28463711	73.35877945	60.31869697	0.009118141348	39.67218489							-311.0242025	1	NaN	-311.0242025	0.002265259986	0.99773474	NaN	
305.9042025	2	4	94	1	0.002265259986	0.99773474	0.3565834428	26.28463711	73.35877945	60.31869697	0.009118141348	39.67218489							-305.9042025	1	NaN	-305.9042025	0.002265259986	0.99773474	NaN	
300.7842025	2	4	94	1	0.002265259986	0.99773474	0.3565834428	26.28463711	73.35877945	60.31869697	0.009118141348	39.67218489							-300.7842025	1	NaN	-300.7842025	0.002265259986	0.99773474	NaN	
300	2	4	94	1	0.002265259986	0.99773474	0.3565834428	26.28463711	73.35877945	60.31869697	0.009118141348	39.67218489							-300	1	NaN	-300	0.002265259986	0.99773474	NaN	
