T	w(CU)	w(FE)	w(TI)	fs	fw(@BCC_A2#1)	fw(@BCC_A2#2)	w(CU@BCC_A2#1)	w(FE@BCC_A2#1)	w(TI@BCC_A2#1)	w(CU@BCC_A2#2)	w(FE@BCC_A2#2)	w(TI@BCC_A2#2)	w(CU@LIQUID)	w(FE@LIQUID)	w(TI@LIQUID)	dwdT_L(CU@LIQUID)	dwdT_L(FE@LIQUID)	dwdT_L(TI@LIQUID)	-T	fs_1	-T//fs	-T_1	fw(@BCC_A2#1)_1	fw(@BCC_A2#2)_1	-T//fw(@BCC_A2)	
K	%	%	%	mole/mole	kg/kg	kg/kg	%	%	%	%	%	%	%	%	%	SI	SI	SI								
1881.516037	4	1	95	0	0		1.537879792	0.3169861844	98.14513402				4	1	95	-0.0006171131129	-0.0001711955163	0.0007883086292	-1881.516037	0	39.6059077385209	-1881.516037	0			
1881.506037	4	1	95	0.0002524306725	0.0002506426383		1.538130569	0.3170439575	98.14482547				4.000617018	1.000171162	94.99921182	0	0	0	-1881.506037	0.0002524306725	39.6237666980586	-1881.506037	0.0002506426383			
1881.486037	4	1	95	0.0007569510032	0.0005010780084		1.538632119	0.3171595109	98.14420837				4.001851099	1.000513525	94.99763538	0	0	0	-1881.486037	0.0007569510032	39.6549467078022	-1881.486037	0.0005010780084			
1881.446037	4	1	95	0.001764975227	0.001001569906		1.539635205	0.317390626	98.14297417				4.004319468	1.001198349	94.99448218	0	0	0	-1881.446037	0.001764975227	39.7127313592502	-1881.446037	0.001001569906			
1881.366037	4	1	95	0.003776295145	0.002000452832		1.541641267	0.3178529189	98.14050581				4.009255077	1.002567861	94.98817706	0	0	0	-1881.366037	0.003776295145	39.8352706784984	-1881.366037	0.002000452832			
1881.206037	4	1	95	0.00778074867	0.003990831606		1.545653214	0.3187777449	98.13556904				4.019123349	1.005306772	94.97556988	0	0	0	-1881.206037	0.00778074867	40.0771803306927	-1881.206037	0.003990831606			
1880.886037	4	1	95	0.01571758676	0.007941654758		1.553675115	0.3206281318	98.12569675				4.038848122	1.010784141	94.95036774	0	0	0	-1880.886037	0.01571758676	40.583698998162	-1880.886037	0.007941654758			
1880.246037	4	1	95	0.03128773294	0.01570651158		1.5697112	0.3243323464	98.10595645				4.078248635	1.021737993	94.90001337	0	0	0	-1880.246037	0.03128773294	41.6297436891193	-1880.246037	0.01570651158			
1878.966037	4	1	95	0.0613045845	0.03076569562		1.601754384	0.3317538702	98.06649175				4.156859199	1.043639966	94.79950084	0	0	0	-1878.966037	0.0613045845	43.7526254377451	-1878.966037	0.03076569562			
1876.406037	4	1	95	0.1171771094	0.05909483075		1.665724598	0.3466482732	97.98762713				4.313325543	1.087417711	94.59925675	0	0	0	-1876.406037	0.1171771094	48.3781039787903	-1876.406037	0.05909483075			
1873.846037	4	1	95	0.1676785967	0.05677890613		1.729563125	0.3615950493	97.90884183				4.468859798	1.13110992	94.40003028	0	0	0	-1873.846037	0.1676785967	53.404384682956	-1873.846037	0.05677890613			
1871.286037	4	1	95	0.2135025898	0.05463112684		1.79326986	0.3765927671	97.83013737				4.623477204	1.174712073	94.20181072	0	0	0	-1871.286037	0.2135025898	58.7337952491417	-1871.286037	0.05463112684			
1868.726037	4	1	95	0.2552334462	0.05263577353		1.856844486	0.3916400229	97.75151549				4.777191942	1.218219733	94.00458833	0	0	0	-1868.726037	0.2552334462	64.3712293530104	-1868.726037	0.05263577353			
1866.166037	4	1	95	0.2933650034	0.05077722403		1.920286641	0.4067355388	97.67297782				4.930017723	1.261628839	93.80835344	0	0	0	-1866.166037	0.2933650034	70.3223866735901	-1866.166037	0.05077722403			
1863.606037	4	1	95	0.3283171042	0.04904188248		1.983595879	0.4218781383	97.59452598				5.081967703	1.304935639	93.61309666	0	0	0	-1863.606037	0.3283171042	76.59287939774	-1863.606037	0.04904188248			
1861.046037	4	1	95	0.3604487032	0.04741789599		2.046771679	0.437066737	97.51616158				5.233054526	1.348136655	93.41880882	0	0	0	-1861.046037	0.3604487032	83.1882165775552	-1861.046037	0.04741789599			
1858.486037	4	1	95	0.3900683158	0.04589488398		2.109813461	0.4523003351	97.4378862				5.383290363	1.39122866	93.22548098	0	0	0	-1858.486037	0.3900683158	90.1138102209454	-1858.486037	0.04589488398			
1855.926037	4	1	95	0.4174424131	0.04446371657		2.172720586	0.4675780098	97.3597014				5.532686951	1.434208649	93.0331044	0	0	0	-1855.926037	0.4174424131	97.3749791088292	-1855.926037	0.04446371657			
1853.366037	4	1	95	0.4428022154	0.04311633183		2.235492374	0.4828989092	97.28160872				5.681255618	1.477073824	92.84167056	0	0	0	-1853.366037	0.4428022154	104.976953588757	-1853.366037	0.04311633183			
1850.806037	4	1	95	0.4663492254	0.04184558407		2.298128105	0.498262247	97.20360965				5.829007317	1.519821569	92.65117111	0	0	0	-1850.806037	0.4663492254	112.924879345924	-1850.806037	0.04184558407			
1848.246037	4	1	95	0.4882597645	0.04064511736		2.360627026	0.5136672973	97.12570568				5.975952648	1.562449441	92.46159791	0	0	0	-1848.246037	0.4882597645	121.223820364718	-1848.246037	0.04064511736			
1845.686037	4	1	95	0.508688713	0.03950925941		2.422988358	0.5291133905	97.04789825				6.122101881	1.604955152	92.27294297	0	0	0	-1845.686037	0.508688713	129.878956249368	-1845.686037	0.03950925941			
1843.126037	4	1	95	0.5277725597	0.03843282874		2.485211301	0.5445999076	96.97018879				6.267464572	1.647336435	92.08519899	0	0	0	-1843.126037	0.5277725597	138.894769153586	-1843.126037	0.03843282874			
1840.566037	4	1	95	0.5456321974	0.03741158203		2.547295032	0.5601262825	96.89257869				6.412051213	1.689591516	91.89835727	0	0	0	-1840.566037	0.5456321974	148.276196748797	-1840.566037	0.03741158203			
1838.006037	4	1	95	0.5623747645	0.03644108995		2.609238717	0.5756919902	96.81506929				6.555870785	1.731718377	91.71241084	0	0	0	-1838.006037	0.5623747645	158.028339129009	-1838.006037	0.03644108995			
1835.446037	4	1	95	0.5780956891	0.03551775627		2.671041512	0.5912965499	96.73766194				6.698932431	1.773715235	91.52735233	0	0	0	-1835.446037	0.5780956891	168.150571134847	-1835.446037	0.03551775627			
1832.886037	4	1	95	0.5928810007	0.03464021768		2.73270573	0.6069402229	96.66035405				6.841251943	1.815582124	91.34316593	0	0	0	-1832.886037	0.5928810007	178.65776717364	-1832.886037	0.03464021768			
1830.326037	4	1	95	0.6068054166	0.03379979264		2.794224207	0.6226211052	96.58315469				6.982824295	1.857313746	91.15986196	0	0	0	-1830.326037	0.6068054166	189.553507840169	-1830.326037	0.03379979264			
1827.766037	4	1	95	0.6199381344	0.03299898109		2.855599204	0.6383396225	96.50606117				7.123664716	1.898910595	90.97742469	0	0	0	-1827.766037	0.6199381344	200.834238952247	-1827.766037	0.03299898109			
1825.206037	4	1	95	0.6323407889	0.03223365185		2.916829881	0.6540954462	96.42907467				7.263781509	1.940371275	90.79584722	0	0	0	-1825.206037	0.6323407889	212.508335050314	-1825.206037	0.03223365185			
1822.646037	4	1	95	0.6440689804	0.03150149507		2.977915366	0.6698882709	96.35219636				7.403182708	1.981694444	90.61512285	0	0	0	-1822.646037	0.6440689804	224.580298263731	-1822.646037	0.03150149507			
1820.086037	4	1	95	0.6551729744	0.03080037659		3.038854795	0.6857178233	96.27542738				7.541876178	2.02287884	90.43524498	0	0	0	-1820.086037	0.6551729744	237.054507969682	-1820.086037	0.03080037659			
1817.526037	4	1	95	0.6656983267	0.03012837672		3.099647307	0.7015838579	96.19876883				7.679869604	2.063923264	90.25620713	0	0	0	-1817.526037	0.6656983267	249.935222678192	-1817.526037	0.03012837672			
1814.966037	4	1	95	0.6756864067	0.02948371858		3.160292045	0.7174861562	96.1222218				7.817170505	2.104826585	90.07800291	0	0	0	-1814.966037	0.6756864067	263.226691238029	-1814.966037	0.02948371858			
1812.406037	4	1	95	0.6851748586	0.02886476706		3.220788155	0.7334245254	96.04578732				7.953786241	2.145587727	89.90062603	0	0	0	-1812.406037	0.6851748586	276.885928591681	-1812.406037	0.02886476706			
1809.846037	4	1	95	0.6942008634	0.02827898165		3.281146983	0.7494458373	95.96940718				8.089768129	2.186217585	89.72401429	0	0	0	-1809.846037	0.6942008634	291.015317249672	-1809.846037	0.02827898165			
1807.286037	4	1	95	0.702790082	0.02769843637		3.341344155	0.7654567283	95.89319912				8.225037627	2.22669087	89.5482715	0	0	0	-1807.286037	0.702790082	305.607240730266	-1807.286037	0.02769843637			
1804.726037	4	1	95	0.7109739716	0.02714784106		3.401389823	0.7815031885	95.81710699				8.359642435	2.267018832	89.37333873	0	0	0	-1804.726037	0.7109739716	320.583818807969	-1804.726037	0.02714784106			
1802.166037	4	1	95	0.7187788983	0.02661780873		3.46128367	0.7975852798	95.74113105				8.493590397	2.307200922	89.19920868	0	0	0	-1802.166037	0.7187788983	335.990681823404	-1802.166037	0.02661780873			
1799.606037	4	1	95	0.7262289878	0.02610695426		3.521024765	0.8137029196	95.66527232				8.626887945	2.347236247	89.02587581	0	0	0	-1799.606037	0.7262289878	351.833002761113	-1799.606037	0.02610695426			
1797.046037	4	1	95	0.7333464399	0.02561430236		3.580612307	0.8298560796	95.58953161				8.759541645	2.387124029	88.85333433	0	0	0	-1797.046037	0.7333464399	368.114398491261	-1797.046037	0.02561430236			
1794.486037	4	1	95	0.7401517011	0.02513889934		3.640045507	0.8460447534	95.51390974				8.89155795	2.426863532	88.68157852	0	0	0	-1794.486037	0.7401517011	384.838732584063	-1794.486037	0.02513889934			
1791.926037	4	1	95	0.74666363	0.02467985647		3.699323588	0.8622689552	95.43840746				9.022943203	2.466454057	88.51060274	0	0	0	-1791.926037	0.74666363	402.009828030033	-1791.926037	0.02467985647			
1789.366037	4	1	95	0.7528996461	0.02423634522		3.75844578	0.8785287193	95.3630255				9.153703641	2.505894942	88.34040142	0	0	0	-1789.366037	0.7528996461	419.631469397685	-1789.366037	0.02423634522			
1786.806037	4	1	95	0.7588758611	0.02380759222		3.817411325	0.8948240991	95.28776458				9.283845401	2.545185558	88.17096904	0	0	0	-1786.806037	0.7588758611	437.707395007935	-1786.806037	0.02380759222			
1784.246037	4	1	95	0.7646071976	0.02339287477		3.876219475	0.9111551672	95.21262536				9.41337452	2.584325307	88.00230017	0	0	0	-1784.246037	0.7646071976	456.241299228184	-1784.246037	0.02339287477			
1781.686037	4	1	95	0.7701074941	0.02299151672		3.934869493	0.9275220147	95.13760849				9.542296944	2.623313625	87.83438943	0	0	0	-1781.686037	0.7701074941	475.236842686794	-1781.686037	0.02299151672			
1779.126037	4	1	95	0.7753896	0.0226028848		3.993360652	0.9439247504	95.0627146				9.670618528	2.662149975	87.6672315	0	0	0	-1779.126037	0.7753896	494.69764154335	-1779.126037	0.0226028848			
1776.566037	4	1	95	0.7804654605	0.02222638526		4.051692234	0.9603635008	94.98794426				9.798345041	2.700833848	87.50082111	0	0	0	-1776.566037	0.7804654605	514.627282483815	-1776.566037	0.02222638526			
1774.006037	4	1	95	0.7853461931	0.0218614609		4.109863535	0.9768384095	94.91329806				9.925482168	2.739364763	87.33515307	0	0	0	-1774.006037	0.7853461931	535.029289031177	-1774.006037	0.0218614609			
1771.446037	4	1	95	0.7900421571	0.02150758823		4.167873858	0.9933496369	94.8387765				10.05203552	2.777742265	87.17022222	0	0	0	-1771.446037	0.7900421571	555.907166227705	-1771.446037	0.02150758823			
1768.886037	4	1	95	0.7945630151	0.02116427497		4.225722518	1.00989736	94.76438012				10.17801061	2.815965921	87.00602347	0	0	0	-1768.886037	0.7945630151	577.264385973984	-1768.886037	0.02116427497			
1766.326037	4	1	95	0.79891779	0.02083105783		4.283408838	1.026481771	94.69010939				10.30341291	2.854035324	86.84255176	0	0	0	-1766.326037	0.79891779	599.104354134668	-1766.326037	0.02083105783			
1763.766037	4	1	95	0.8031149159	0.02050750032		4.340932154	1.04310308	94.61596477				10.4282478	2.891950089	86.67980211	0	0	0	-1763.766037	0.8031149159	621.430459062019	-1763.766037	0.02050750032			
1761.206037	4	1	95	0.8071622842	0.02019319089		4.398291809	1.059761511	94.54194668				10.55252058	2.929709851	86.51776957	0	0	0	-1761.206037	0.8071622842	644.246055424853	-1761.206037	0.02019319089			
1758.646037	4	1	95	0.8110672858	0.01988774119		4.455487156	1.076457303	94.46805554				10.67623651	2.967314267	86.35644922	0	0	0	-1758.646037	0.8110672858	667.554447595336	-1758.646037	0.01988774119			
1756.086037	4	1	95	0.8148368494	0.01959078439		4.512517558	1.093190712	94.39429173				10.79940078	3.004763014	86.19583621	0	0	0	-1756.086037	0.8148368494	691.358892556097	-1756.086037	0.01959078439			
1753.526037	4	1	95	0.8184774764	0.01930197381		4.569382386	1.109962007	94.32065561				10.92201849	3.042055787	86.03592572	0	0	0	-1753.526037	0.8184774764	715.662642758973	-1753.526037	0.01930197381			
1750.966037	4	1	95	0.8219952723	0.01902098147		4.626081021	1.126771474	94.2471475				11.04409471	3.079192301	85.87671299	0	0	0	-1750.966037	0.8219952723	740.468881258403	-1750.966037	0.01902098147			
1748.406037	4	1	95	0.8253959764	0.01874749688		4.682612852	1.14361941	94.17376774				11.16563445	3.116172287	85.71819326	0	0	0	-1748.406037	0.8253959764	765.780782282607	-1748.406037	0.01874749688			
1745.846037	4	1	95	0.8286849875	0.01848122591		4.738977275	1.160506131	94.10051659				11.28664266	3.152995493	85.56036185	0	0	0	-1745.846037	0.8286849875	791.601453902694	-1745.846037	0.01848122591			
1743.286037	4	1	95	0.8318673892	0.01822188971		4.795173694	1.177431963	94.02739434				11.40712422	3.189661684	85.40321409	0	0	0	-1743.286037	0.8318673892	817.933964065545	-1743.286037	0.01822188971			
1740.726037	4	1	95	0.8349479713	0.01796922371		4.851201522	1.194397249	93.95440123				11.52708398	3.22617064	85.24674538	0	0	0	-1740.726037	0.8349479713	844.781385794114	-1740.726037	0.01796922371			
1738.166037	4	1	95	0.8379312507	0.01772297676		4.907060179	1.211402346	93.88153748				11.64652673	3.262522158	85.09095111	0	0	0	-1738.166037	0.8379312507	872.146727835719	-1738.166037	0.01772297676			
1735.606037	4	1	95	0.84082149	0.01748291025		4.962749089	1.228447623	93.80880329				11.76545722	3.298716046	84.93582674	0	0	0	-1735.606037	0.84082149	900.032950008712	-1735.606037	0.01748291025			
1733.046037	4	1	95	0.843622715	0.01724879738		5.018267686	1.245533465	93.73619885				11.88388013	3.33475213	84.78136774	0	0	0	-1733.046037	0.843622715	928.44297213954	-1733.046037	0.01724879738			
1730.486037	4	1	95	0.8463387304	0.0170204224		5.073615408	1.262660269	93.66372432				12.00180012	3.370630245	84.62756964	0	0	0	-1730.486037	0.8463387304	957.379717993204	-1730.486037	0.0170204224			
1727.926037	4	1	95	0.8489731344	0.01679757997		5.128791699	1.279828449	93.59137985				12.11922179	3.406350244	84.47442796	0	0	0	-1727.926037	0.8489731344	986.846015003318	-1727.926037	0.01679757997			
1725.366037	4	1	95	0.8515293326	0.01658007453		5.183796009	1.297038428	93.51916556				12.23614971	3.441911988	84.3219383	0	0	0	-1725.366037	0.8515293326	1016.844720414	-1725.366037	0.01658007453			
1722.806037	4	1	95	0.8540105498	0.01636771972		5.238627793	1.314290648	93.44708156				12.3525884	3.477315354	84.17009625	0	0	0	-1722.806037	0.8540105498	1047.3786067867	-1722.806037	0.01636771972			
1720.246037	4	1	95	0.8564198424	0.01616033787		5.293286509	1.33158556	93.37512793				12.46854234	3.512560226	84.01889744	0	0	0	-1720.246037	0.8564198424	1078.45036227484	-1720.246037	0.01616033787			
1717.686037	4	1	95	0.8587601085	0.01595775946		5.34777162	1.348923633	93.30330475				12.58401597	3.547646504	83.86833753	0	0	0	-1717.686037	0.8587601085	1110.0627520607	-1717.686037	0.01595775946			
1715.126037	4	1	95	0.8610340978	0.01575982271		5.402082594	1.366305347	93.23161206				12.6990137	3.582574096	83.71841221	0	0	0	-1715.126037	0.8610340978	1142.21845322178	-1715.126037	0.01575982271			
1712.566037	4	1	95	0.863244421	0.0155663731		5.456218901	1.383731195	93.1600499				12.81353989	3.61734292	83.56911719	0	0	0	-1712.566037	0.863244421	1174.92004862995	-1712.566037	0.0155663731			
1710.006037	4	1	95	0.8653935583	0.01537726297		5.510180013	1.401201688	93.0886183				12.92759888	3.651952906	83.42044821	0	0	0	-1710.006037	0.8653935583	1208.17013202796	-1710.006037	0.01537726297			
1707.446037	4	1	95	0.8674838671	0.01519235118		5.563965406	1.418717346	93.01731725				13.04119498	3.686403992	83.27240103	0	0	0	-1707.446037	0.8674838671	1241.97123262088	-1707.446037	0.01519235118			
1704.886037	4	1	95	0.8695175896	0.01501150272		5.617574557	1.436278707	92.94614674				13.15433244	3.720696126	83.12497143	0	0	0	-1704.886037	0.8695175896	1276.32593395605	-1704.886037	0.01501150272			
1702.326037	4	1	95	0.8714968591	0.01483458838		5.671006946	1.45388632	92.87510673				13.26701551	3.754829265	82.97815523	0	0	0	-1702.326037	0.8714968591	1311.23662859049	-1702.326037	0.01483458838			
1699.766037	4	1	95	0.8734237073	0.01466148449		5.724262051	1.471540749	92.8041972				13.37924838	3.788803374	82.83194825	0	0	0	-1699.766037	0.8734237073	1346.70575165224	-1699.766037	0.01466148449			
1697.206037	4	1	95	0.8753000691	0.01449207256		5.777339353	1.489242574	92.73341807				13.49103523	3.822618427	82.68634635	0	0	0	-1697.206037	0.8753000691	1382.73574779742	-1697.206037	0.01449207256			
1694.646037	4	1	95	0.877127789	0.01432623904		5.830238334	1.506992385	92.66276928				13.6023802	3.856274404	82.5413454	0	0	0	-1694.646037	0.877127789	1419.3288488636	-1694.646037	0.01432623904			
1692.086037	4	1	95	0.8789086259	0.0141638751		5.882958473	1.524790791	92.59225074				13.71328741	3.889771296	82.39694129	0	0	0	-1692.086037	0.8789086259	1456.48744639592	-1692.086037	0.0141638751			
1689.526037	4	1	95	0.8806442577	0.01400487632		5.93549925	1.542638413	92.52186234				13.82376096	3.923109098	82.25312994	0	0	0	-1689.526037	0.8806442577	1494.21380726186	-1689.526037	0.01400487632			
1686.966037	4	1	95	0.8823362862	0.01384914252		5.987860142	1.560535887	92.45160397				13.9338049	3.956287813	82.10990729	0	0	0	-1686.966037	0.8823362862	1532.51012234692	-1686.966037	0.01384914252			
1684.406037	4	1	95	0.883986241	0.01369657755		6.040040626	1.578483862	92.38147551				14.04342327	3.989307453	81.96726928	0	0	0	-1684.406037	0.883986241	1571.3785321477	-1684.406037	0.01369657755			
1681.846037	4	1	95	0.8855955837	0.01354708904		6.092040176	1.596483006	92.31147682				14.15262008	4.022168032	81.82521188	0	0	0	-1681.846037	0.8855955837	1610.82119673893	-1681.846037	0.01354708904			
1679.286037	4	1	95	0.8871657112	0.01340058827		6.143858263	1.614533998	92.24160774				14.26139933	4.054869573	81.68373109	0	0	0	-1679.286037	0.8871657112	1650.84017557782	-1679.286037	0.01340058827			
1676.726037	4	1	95	0.8886979596	0.01325698997		6.195494354	1.632637535	92.17186811				14.36976498	4.087412105	81.54282291	0	0	0	-1676.726037	0.8886979596	1691.4374887423	-1676.726037	0.01325698997			
1674.166037	4	1	95	0.890193607	0.01311621214		6.246947914	1.650794326	92.10225776				14.47772097	4.119795662	81.40248337	0	0	0	-1674.166037	0.890193607	1732.61530387506	-1674.166037	0.01311621214			
1671.606037	4	1	95	0.8916538766	0.01297817592		6.298218401	1.6690051	92.0327765				14.58527123	4.152020282	81.26270849	0	0	0	-1671.606037	0.8916538766	1774.37537791843	-1671.606037	0.01297817592			
1669.046037	4	1	95	0.8930799401	0.01284280543		6.34930527	1.687270597	91.96342413				14.69241965	4.184086009	81.12349434	0	0	0	-1669.046037	0.8930799401	1816.71962897195	-1669.046037	0.01284280543			
1666.486037	4	1	95	0.8944729195	0.01271002763		6.40020797	1.705591576	91.89420045				14.79917012	4.215992893	80.98483699	0	0	0	-1666.486037	0.8944729195	1859.65000460052	-1666.486037	0.01271002763			
1663.926037	4	1	95	0.8958338903	0.01257977219		6.450925944	1.723968813	91.82510524				14.9055265	4.247740987	80.84673251	0	0	0	-1663.926037	0.8958338903	1903.16829902723	-1663.926037	0.01257977219			
1661.366037	4	1	95	0.8971638834	0.01245197137		6.501458628	1.742403096	91.75613828				15.01149263	4.279330349	80.70917702	0	0	0	-1661.366037	0.8971638834	1947.27620878026	-1661.366037	0.01245197137			
1658.806037	4	1	95	0.8984638878	0.01232655989		6.551805451	1.760895234	91.68729932				15.11707233	4.310761039	80.57216663	0	0	0	-1658.806037	0.8984638878	1991.97549397994	-1658.806037	0.01232655989			
1656.246037	4	1	95	0.8997348521	0.01220347485		6.601965834	1.77944605	91.61858812				15.22226942	4.342033123	80.43569745	0	0	0	-1656.246037	0.8997348521	2037.26779740417	-1656.246037	0.01220347485			
1653.686037	4	1	95	0.9009776871	0.01208265556		6.65193919	1.798056387	91.55000442				15.32708769	4.373146671	80.29976564	0	0	0	-1653.686037	0.9009776871	2083.15469028765	-1653.686037	0.01208265556			
1651.126037	4	1	95	0.9021932671	0.01196404353		6.701724923	1.816727101	91.48154798				15.4315309	4.404101753	80.16436735	0	0	0	-1651.126037	0.9021932671	2129.63792498425	-1651.126037	0.01196404353			
1648.566037	4	1	95	0.9033824319	0.0118475823		6.751322427	1.83545907	91.4132185				15.53560282	4.434898444	80.02949874	0	0	0	-1648.566037	0.9033824319	2176.71877612635	-1648.566037	0.0118475823			
1646.006037	4	1	95	0.9045459887	0.01173321738		6.800731087	1.854253188	91.34501573				15.63930718	4.465536823	79.89515599	0	0	0	-1646.006037	0.9045459887	2224.3987559636	-1646.006037	0.01173321738			
1643.446037	4	1	95	0.9056847131	0.01162089617		6.849950276	1.873110366	91.27693936				15.74264773	4.49601697	79.7613353	0	0	0	-1643.446037	0.9056847131	2272.67942318575	-1643.446037	0.01162089617			
1640.886037	4	1	95	0.906799351	0.01151056789		6.898979356	1.892031536	91.20898911				15.84562817	4.526338966	79.62803286	0	0	0	-1640.886037	0.906799351	2321.56197904069	-1640.886037	0.01151056789			
1638.326037	4	1	95	0.9078906199	0.01140218345		6.947817677	1.911017646	91.14116468				15.94825221	4.556502896	79.4952449	0	0	0	-1638.326037	0.9078906199	2371.04776989932	-1638.326037	0.01140218345			
1635.766037	4	1	95	0.9089592101	0.01129569546		6.996464576	1.930069667	91.07346576				16.05052353	4.586508847	79.36296762	0	0	0	-1635.766037	0.9089592101	2421.13815459333	-1635.766037	0.01129569546			
1633.206037	4	1	95	0.910005786	0.01119105807		7.044919376	1.949188587	91.00589204				16.15244582	4.616356906	79.23119727	0	0	0	-1633.206037	0.910005786	2471.83411385576	-1633.206037	0.01119105807			
1630.646037	4	1	95	0.9110309875	0.01108822699		7.093181388	1.968375412	90.9384432				16.25402274	4.646047163	79.0999301	0	0	0	-1630.646037	0.9110309875	2523.1368058018	-1630.646037	0.01108822699			
1628.086037	4	1	95	0.9120354307	0.01098715938		7.141249906	1.987631173	90.87111892				16.35525795	4.675579706	78.96916235	0	0	0	-1628.086037	0.9120354307	2575.04738593963	-1628.086037	0.01098715938			
1625.526037	4	1	95	0.9130197093	0.01088781378		7.18912421	2.006956919	90.80391887				16.45615508	4.704954628	78.83889029	0	0	0	-1625.526037	0.9130197093	2627.56694078511	-1625.526037	0.01088781378			
1622.966037	4	1	95	0.9139843953	0.01079015009		7.236803563	2.026353718	90.73684272				16.55671779	4.73417202	78.70911019	0	0	0	-1622.966037	0.9139843953	2680.69639865267	-1622.966037	0.01079015009			
1620.406037	4	1	95	0.9149300403	0.0106941295		7.28428721	2.045822664	90.66989013				16.65694968	4.763231973	78.57981835	0	0	0	-1620.406037	0.9149300403	2734.43658281874	-1620.406037	0.0106941295			
1617.846037	4	1	95	0.9158571761	0.01059971443		7.331574382	2.065364869	90.60306075				16.75685438	4.79213458	78.45101104	0	0	0	-1617.846037	0.9158571761	2788.78828893803	-1617.846037	0.01059971443			
1615.286037	4	1	95	0.9167663158	0.01050686851		7.378664287	2.08498147	90.53635424				16.85643551	4.820879932	78.32268456	0	0	0	-1615.286037	0.9167663158	2843.75221408237	-1615.286037	0.01050686851			
1612.726037	4	1	95	0.9176579544	0.01041555649		7.425556117	2.104673626	90.46977026				16.95569665	4.849468122	78.19483523	0	0	0	-1612.726037	0.9176579544	2899.32942896355	-1612.726037	0.01041555649			
1610.166037	4	1	95	0.9185325695	0.01032574424		7.472249043	2.124442517	90.40330844				17.05464141	4.87789924	78.06745935	0	0	0	-1610.166037	0.9185325695	2955.52045630899	-1610.166037	0.01032574424			
1607.606037	4	1	95	0.9193906224	0.01023739867		7.518742214	2.144289351	90.33696843				17.15327337	4.906173376	77.94055326	0	0	0	-1607.606037	0.9193906224	3012.32564381595	-1607.606037	0.01023739867			
1605.046037	4	1	95	0.9202325585	0.01015048773		7.56503476	2.164215357	90.27074988				17.25159611	4.93429062	77.81411327	0	0	0	-1605.046037	0.9202325585	3069.74587111799	-1605.046037	0.01015048773			
1602.486037	4	1	95	0.9210588079	0.01006498032		7.611125787	2.18422179	90.20465242				17.34961322	4.962251059	77.68813572	0	0	0	-1602.486037	0.9210588079	3127.78118184438	-1602.486037	0.01006498032			
1599.926037	4	1	95	0.9218697865	0.009980846323		7.657014376	2.204309931	90.13867569				17.44732825	4.99005478	77.56261697	0	0	0	-1599.926037	0.9218697865	3186.43222664058	-1599.926037	0.009980846323			
1597.366037	4	1	95	0.9226658958	0.009898056494		7.702699587	2.224481085	90.07281933				17.54474479	5.017701867	77.43755334	0	0	0	-1597.366037	0.9226658958	3245.6992206812	-1597.366037	0.009898056494			
1594.806037	4	1	95	0.9234475244	0.00981658248		7.748180452	2.244736585	90.00708296				17.64186639	5.045192403	77.3129412	0	0	0	-1594.806037	0.9234475244	3305.58246245881	-1594.806037	0.00981658248			
1592.246037	4	1	95	0.9242150476	0.009736396771		7.793455979	2.265077791	89.94146623				17.73869662	5.072526467	77.18877692	0	0	0	-1592.246037	0.9242150476	3366.08239465343	-1592.246037	0.009736396771			
1589.686037	4	1	95	0.9249688287	0.009657472666		7.838525149	2.285506091	89.87596876				17.83523902	5.099704139	77.06505684	0	0	0	-1589.686037	0.9249688287	3427.19862392297	-1589.686037	0.009657472666			
1587.126037	4	1	95	0.9257092191	0.009579784248		7.883386913	2.3060229	89.81059019				17.93149716	5.126725493	76.94177735	0	0	0	-1587.126037	0.9257092191	3488.93142732344	-1587.126037	0.009579784248			
1584.566037	4	1	95	0.9264365588	0.009503306361		7.928040194	2.326629663	89.74533014				18.02747459	5.1535906	76.81893481	0	0	0	-1584.566037	0.9264365588	3551.28108917558	-1584.566037	0.009503306361			
1582.006037	4	1	95	0.9271511768	0.009428014572		7.972483887	2.347327856	89.68018826				18.12317486	5.18029953	76.69652561	0	0	0	-1582.006037	0.9271511768	3614.24672793417	-1582.006037	0.009428014572			
1579.446037	4	1	95	0.927853392	0.009353885154		8.016716854	2.368118982	89.61516416				18.21860152	5.206852348	76.57454613	0	0	0	-1579.446037	0.927853392	3677.82854489342	-1579.446037	0.009353885154			
1576.886037	4	1	95	0.9285435127	0.009280895063		8.060737925	2.389004579	89.5502575				18.31375813	5.233249116	76.45299275	0	0	0	-1576.886037	0.9285435127	3742.0268173039	-1576.886037	0.009280895063			
1574.326037	4	1	95	0.9292218378	0.009209021905		8.104545897	2.409986215	89.48546789				18.40864823	5.25948989	76.33186187	0	0	0	-1574.326037	0.9292218378	3806.84068777464	-1574.326037	0.009209021905			
1571.766037	4	1	95	0.9298886568	0.009138243926		8.148139533	2.43106549	89.42079498				18.50327539	5.285574725	76.21114988	0	0	0	-1571.766037	0.9298886568	3872.26944588681	-1571.766037	0.009138243926			
1569.206037	4	1	95	0.9305442504	0.009068539981		8.19151756	2.452244039	89.3562384				18.59764315	5.311503668	76.09085318	0	0	0	-1569.206037	0.9305442504	3938.3126007307	-1569.206037	0.009068539981			
1566.646037	4	1	95	0.9311888905	0.008999889516		8.234678671	2.473523532	89.2917978				18.69175508	5.337276765	75.97096816	0	0	0	-1566.646037	0.9311888905	4004.97035842523	-1566.646037	0.008999889516			
1564.086037	4	1	95	0.9318228406	0.008932272552		8.277621517	2.494905671	89.22747281				18.78561473	5.362894052	75.85149122	0	0	0	-1564.086037	0.9318228406	4072.24140298668	-1564.086037	0.008932272552			
1561.526037	4	1	95	0.9324463565	0.008865669665		8.320344713	2.516392198	89.16326309				18.87922567	5.388355565	75.73241876	0	0	0	-1561.526037	0.9324463565	4140.12503777734	-1561.526037	0.008865669665			
1558.966037	4	1	95	0.933059686	0.008800061961		8.362846832	2.537984889	89.09916828				18.97259147	5.41366133	75.6137472	0	0	0	-1558.966037	0.933059686	4208.62027495457	-1558.966037	0.008800061961			
1556.406037	4	1	95	0.9336630698	0.008735431069		8.405126408	2.559685561	89.03518803				19.06571569	5.438811369	75.49547294	0	0	0	-1556.406037	0.9336630698	4277.7267318408	-1556.406037	0.008735431069			
1553.846037	4	1	95	0.934256741	0.008671759118		8.447181928	2.581496067	88.971322				19.15860193	5.463805699	75.37759237	0	0	0	-1553.846037	0.934256741	4347.44317529747	-1553.846037	0.008671759118			
1551.286037	4	1	95	0.9348409263	0.008609028723		8.489011839	2.603418302	88.90756986				19.25125376	5.488644328	75.26010192	0	0	0	-1551.286037	0.9348409263	4417.76772502646	-1551.286037	0.008609028723			
1548.726037	4	1	95	0.9354158455	0.008547222969		8.530614538	2.625454202	88.84393126				19.34367477	5.513327258	75.14299797	0	0	0	-1548.726037	0.9354158455	4488.70009049818	-1548.726037	0.008547222969			
1546.166037	4	1	95	0.935981712	0.008486325398		8.571988379	2.647605744	88.78040588				19.43586856	5.537854484	75.02627695	0	0	0	-1546.166037	0.935981712	4560.23909434247	-1546.166037	0.008486325398			
1543.606037	4	1	95	0.936538733	0.008426319992		8.613131663	2.669874949	88.71699339				19.52783875	5.562225995	74.90993526	0	0	0	-1543.606037	0.936538733	4632.38237096613	-1543.606037	0.008426319992			
1541.046037	4	1	95	0.93708711	0.008367191164		8.654042644	2.692263884	88.65369347				19.61958893	5.586441771	74.79396929	0	0	0	-1541.046037	0.93708711	4705.12886798844	-1541.046037	0.008367191164			
1538.486037	4	1	95	0.9376270384	0.00830892374		8.694719523	2.71477466	88.59050582				19.71112275	5.610501782	74.67837547	0	0	0	-1538.486037	0.9376270384	4778.47736854218	-1538.486037	0.00830892374			
1535.926037	4	1	95	0.9381587083	0.008251502949		8.735160448	2.737409435	88.52743012				19.80244383	5.634405994	74.56315017	0	0	0	-1535.926037	0.9381587083	4852.42579256313	-1535.926037	0.008251502949			
1533.366037	4	1	95	0.9386823043	0.008194914415		8.77536351	2.760170417	88.46446607				19.89355582	5.658154361	74.44828982	0	0	0	-1533.366037	0.9386823043	4926.97216911679	-1533.366037	0.008194914415			
1530.806037	4	1	95	0.939198006	0.008139144136		8.815326745	2.783059862	88.40161339				19.98446238	5.681746829	74.33379079	0	0	0	-1530.806037	0.939198006	5002.11480756209	-1530.806037	0.008139144136			
1528.246037	4	1	95	0.9397059878	0.008084178482		8.855048129	2.806080077	88.33887179				20.07516717	5.705183334	74.21964949	0	0	0	-1528.246037	0.9397059878	5077.8520682813	-1528.246037	0.008084178482			
1525.686037	4	1	95	0.9402064194	0.008030004183		8.894525578	2.829233423	88.276241				20.16567389	5.728463803	74.10586231	0	0	0	-1525.686037	0.9402064194	5154.18146142668	-1525.686037	0.008030004183			
1523.126037	4	1	95	0.9406994658	0.007976608312		8.933756947	2.852522315	88.21372074				20.25598621	5.751588153	73.99242563	0	0	0	-1523.126037	0.9406994658	5231.10039858628	-1523.126037	0.007976608312			
1520.566037	4	1	95	0.9411852876	0.007923978286		8.972740023	2.875949222	88.15131076				20.34610787	5.774556289	73.87933584	0	0	0	-1520.566037	0.9411852876	5308.60679261289	-1520.566037	0.007923978286			
1518.006037	4	1	95	0.9416640409	0.007872101846		9.011472529	2.899516672	88.0890108				20.43604258	5.797368109	73.76658931	0	0	0	-1518.006037	0.9416640409	5386.69836463865	-1518.006037	0.007872101846			
1515.446037	4	1	95	0.9421358777	0.007820967057		9.049952118	2.92322725	88.02682063				20.52579409	5.820023495	73.65418241	0	0	0	-1515.446037	0.9421358777	5465.37273221707	-1515.446037	0.007820967057			
1512.886037	4	1	95	0.9426009458	0.007770562294		9.088176375	2.947083604	87.96474002				20.61536617	5.84252232	73.54211152	0	0	0	-1512.886037	0.9426009458	5544.62654810237	-1512.886037	0.007770562294			
1510.326037	4	1	95	0.9430593893	0.007720876235		9.126142809	2.971088444	87.90276875				20.70476258	5.864864444	73.43037298	0	0	0	-1510.326037	0.9430593893	5624.45679462346	-1510.326037	0.007720876235			
1507.766037	4	1	95	0.9435113483	0.007671897857		9.163848855	2.995244542	87.8409066				20.79398713	5.887049717	73.31896316	0	0	0	-1507.766037	0.9435113483	5704.86115037868	-1507.766037	0.007671897857			
1505.206037	4	1	95	0.9439569593	0.007623616418		9.20129187	3.019554739	87.77915339				20.88304363	5.909077972	73.2078784	0	0	0	-1505.206037	0.9439569593	5785.83696154098	-1505.206037	0.007623616418			
1502.646037	4	1	95	0.9443963551	0.007576021465		9.238469131	3.044021944	87.71750893				20.97193593	5.930949033	73.09711503	0	0	0	-1502.646037	0.9443963551	5867.37956873831	-1502.646037	0.007576021465			
1500.086037	4	1	95	0.9448296654	0.007529102813		9.275377832	3.068649134	87.65597303				21.0606679	5.952662706	72.9866694	0	0	0	-1500.086037	0.9448296654	5949.48651149905	-1500.086037	0.007529102813			
1497.526037	4	1	95	0.9452570161	0.007482850548		9.312015082	3.093439362	87.59454556				21.14924341	5.974218788	72.87653781	0	0	0	-1497.526037	0.9452570161	6032.15436844043	-1497.526037	0.007482850548			
1494.966037	4	1	95	0.9456785303	0.007437255013		9.348377903	3.118395754	87.53322634				21.23766637	5.995617056	72.76671657	0	0	0	-1494.966037	0.9456785303	6115.37926251541	-1494.966037	0.007437255013			
1492.406037	4	1	95	0.9460943276	0.00739230681		9.384463224	3.143521514	87.47201526				21.32594072	6.016857275	72.657202	0	0	0	-1492.406037	0.9460943276	6199.15759393249	-1492.406037	0.00739230681			
1489.846037	4	1	95	0.9465045249	0.007347996788		9.420267881	3.168819923	87.4109122				21.41407043	6.037939195	72.54799038	0	0	0	-1489.846037	0.9465045249	6283.48509041839	-1489.846037	0.007347996788			
1487.286037	4	1	95	0.9469092359	0.007304316039		9.455788615	3.194294348	87.34991704				21.50205948	6.058862547	72.43907798	0	0	0	-1487.286037	0.9469092359	6368.35855469112	-1487.286037	0.007304316039			
1484.726037	4	1	95	0.9473085716	0.007261255895		9.491022066	3.219948239	87.28902969				21.58991188	6.079627047	72.33046107	0	0	0	-1484.726037	0.9473085716	6453.77140360888	-1484.726037	0.007261255895			
1482.166037	4	1	95	0.9477026404	0.007218807921		9.52596477	3.245785133	87.2282501				21.6776317	6.100232395	72.22213591	0	0	0	-1482.166037	0.9477026404	6539.72156409195	-1482.166037	0.007218807921			
1479.606037	4	1	95	0.9480915476	0.007176963909		9.560613157	3.271808658	87.16757818				21.76522301	6.12067827	72.11409872	0	0	0	-1479.606037	0.9480915476	6626.2047444857	-1479.606037	0.007176963909			
1477.046037	4	1	95	0.9484753963	0.007135715877		9.594963549	3.298022536	87.10701392				21.85268992	6.140964337	72.00634575	0	0	0	-1477.046037	0.9484753963	6713.21383440403	-1477.046037	0.007135715877			
1474.486037	4	1	95	0.948854287	0.007095056062		9.629012152	3.324430583	87.04655727				21.94003657	6.161090238	71.89887319	0	0	0	-1474.486037	0.948854287	6800.74622259585	-1474.486037	0.007095056062			
1471.926037	4	1	95	0.9492283176	0.007054976917		9.662755057	3.351036718	86.98620823				22.02726717	6.181055598	71.79167724	0	0	0	-1471.926037	0.9492283176	6888.79600904469	-1471.926037	0.007054976917			
1469.366037	4	1	95	0.9495975839	0.007015471105		9.696188233	3.377844959	86.92596681				22.11438591	6.200860021	71.68475407	0	0	0	-1469.366037	0.9495975839	6977.35669975417	-1469.366037	0.007015471105			
1466.806037	4	1	95	0.9499621793	0.0069765315		9.729307524	3.404859434	86.86583304				22.20139707	6.220503091	71.57809984	0	0	0	-1466.806037	0.9499621793	7066.42470606945	-1466.806037	0.0069765315			
1464.246037	4	1	95	0.9503221949	0.006938151179		9.762108647	3.43208438	86.80580697				22.28830494	6.239984369	71.47171069	0	0	0	-1464.246037	0.9503221949	7155.99374882209	-1464.246037	0.006938151179			
1461.686037	4	1	95	0.9506777198	0.006900323422		9.794587182	3.459524145	86.74588867				22.37511386	6.259303395	71.36558274	0	0	0	-1461.686037	0.9506777198	7246.05773122101	-1461.686037	0.006900323422			
1459.126037	4	1	95	0.9510288409	0.006863041708		9.826738575	3.487183198	86.68607823				22.46182822	6.278459686	71.25971209	0	0	0	-1459.126037	0.9510288409	7336.61155277354	-1459.126037	0.006863041708			
1456.566037	4	1	95	0.9513756431	0.006826299709		9.858558128	3.515066128	86.62637574				22.54845245	6.297452736	71.15409481	0	0	0	-1456.566037	0.9513756431	7427.64700907523	-1456.566037	0.006826299709			
1454.006037	4	1	95	0.9517182095	0.006790091294		9.890040996	3.54317765	86.56678135				22.63499103	6.316282013	71.04872696	0	0	0	-1454.006037	0.9517182095	7519.15916229497	-1454.006037	0.006790091294			
1451.446037	4	1	95	0.952056621	0.006754410522		9.921182183	3.57152261	86.50729521				22.72144847	6.334946961	70.94360456	0	0	0	-1451.446037	0.952056621	7611.14176440023	-1451.446037	0.006754410522			
1448.886037	4	1	95	0.9523909569	0.006719251641		9.951976534	3.600105988	86.44791748				22.80782937	6.353446998	70.83872363	0	0	0	-1448.886037	0.9523909569	7703.58644274392	-1448.886037	0.006719251641			
1446.326037	4	1	95	0.9527212946	0.006684609085		9.982418735	3.628932905	86.38864836				22.89413835	6.371781515	70.73408014	0	0	0	-1446.326037	0.9527212946	7796.48676030156	-1446.326037	0.006684609085			
1443.766037	4	1	95	0.9530477098	0.006650477475		10.0125033	3.658008624	86.32948808				22.98038009	6.389949876	70.62967003	0	0	0	-1443.766037	0.9530477098	7889.83499882844	-1443.766037	0.006650477475			
1441.206037	4	1	95	0.9533702765	0.006616851616		10.04222457	3.687338562	86.27043687				23.06655935	6.407951415	70.52548923	0	0	0	-1441.206037	0.9533702765	7983.62568404476	-1441.206037	0.006616851616			
1438.646037	4	1	95	0.9536890669	0.006583726495		10.07157672	3.716928287	86.211495				23.15268092	6.425785437	70.42153364	0	0	0	-1438.646037	0.9536890669	8077.84794931218	-1438.646037	0.006583726495			
1436.086037	4	1	95	0.954004152	0.006551097282		10.10055371	3.746783531	86.15266276				23.23874967	6.443451218	70.31779911	0	0	0	-1436.086037	0.954004152	8172.49330753275	-1436.086037	0.006551097282			
1433.526037	4	1	95	0.9543156009	0.006518959327		10.12914934	3.776910192	86.09394047				23.32477053	6.460948001	70.21428147	0	0	0	-1433.526037	0.9543156009	8267.55648652542	-1433.526037	0.006518959327			
1430.966037	4	1	95	0.9546234813	0.006487308159		10.15735718	3.807314341	86.03532848				23.4107485	6.478274996	70.11097651	0	0	0	-1430.966037	0.9546234813	8363.02677143377	-1430.966037	0.006487308159			
1428.406037	4	1	95	0.9549278595	0.006456139491		10.18517063	3.838002229	85.97682714				23.49668864	6.49543138	70.00787998	0	0	0	-1428.406037	0.9549278595	8458.89559325405	-1428.406037	0.006456139491			
1425.846037	4	1	95	0.9552288003	0.006425449211		10.21258284	3.868980292	85.91843686				23.5825961	6.512416295	69.90498761	0	0	0	-1425.846037	0.9552288003	8555.15378638989	-1425.846037	0.006425449211			
1423.286037	4	1	95	0.9555263672	0.006395233391		10.23958678	3.900255161	85.86015806				23.66847609	6.529228847	69.80229506	0	0	0	-1423.286037	0.9555263672	8651.7917057825	-1423.286037	0.006395233391			
1420.726037	4	1	95	0.9558206223	0.006365488282		10.26617515	3.931833667	85.80199118				23.75433391	6.545868106	69.69979799	0	0	0	-1420.726037	0.9558206223	8748.79742983341	-1420.726037	0.006365488282			
1418.166037	4	1	95	0.9561116266	0.006336210314		10.29234044	3.963722849	85.74393671				23.84017493	6.5623331	69.59749197	0	0	0	-1418.166037	0.9561116266	8846.16301968011	-1418.166037	0.006336210314			
1415.606037	4	1	95	0.9563994395	0.006307396103		10.31807489	3.995929963	85.68599515				23.92600461	6.578622822	69.49537256	0	0	0	-1415.606037	0.9563994395	8943.87961878218	-1415.606037	0.006307396103			
1413.046037	4	1	95	0.9566841194	0.006279042444		10.34337049	4.028462489	85.62816702				24.01182852	6.594736219	69.39343526	0	0	0	-1413.046037	0.9566841194	9041.93157985434	-1413.046037	0.006279042444			
1410.486037	4	1	95	0.9569657236	0.006251146317		10.36821895	4.061328142	85.57045291				24.09765228	6.610672198	69.29167552	0	0	0	-1410.486037	0.9569657236	9140.31020573281	-1410.486037	0.006251146317			
1407.926037	4	1	95	0.957244308	0.006223704892		10.39261174	4.094534879	85.51285338				24.18348164	6.626429621	69.19008874	0	0	0	-1407.926037	0.957244308	9239.00416624083	-1407.926037	0.006223704892			
1405.366037	4	1	95	0.9575199276	0.00619671552		10.41654002	4.128090908	85.45536908				24.26932244	6.642007304	69.08867026	0	0	0	-1405.366037	0.9575199276	9337.99804381802	-1405.366037	0.00619671552			
1402.806037	4	1	95	0.9577926363	0.006170175749		10.43999466	4.162004701	85.39800063				24.35518061	6.657404015	68.98741537	0	0	0	-1402.806037	0.9577926363	9437.28202598812	-1402.806037	0.006170175749			
1400.246037	4	1	95	0.9580624868	0.006144083316		10.46296626	4.196285004	85.34074874				24.44106223	6.672618475	68.8863193	0	0	0	-1400.246037	0.9580624868	9536.84534019081	-1400.246037	0.006144083316			
1397.686037	4	1	95	0.9583295308	0.006118436155		10.48544506	4.230940844	85.2836141				24.52697344	6.68764935	68.78537721	0	0	0	-1397.686037	0.9583295308	9636.67081114226	-1397.686037	0.006118436155			
1395.126037	4	1	95	0.9585938192	0.006093232398		10.50742101	4.265981547	85.22659744				24.61292053	6.702495257	68.68458421	0	0	0	-1395.126037	0.9585938192	9736.74362969015	-1395.126037	0.006093232398			
1392.566037	4	1	95	0.9588554018	0.006068470381		10.52888371	4.301416742	85.16969955				24.69890991	6.717154756	68.58393534	0	0	0	-1392.566037	0.9588554018	9837.05122977283	-1392.566037	0.006068470381			
1390.006037	4	1	95	0.9591143275	0.006044148647		10.5498224	4.337256383	85.11292122				24.78494811	6.731626349	68.48342554	0	0	0	-1390.006037	0.9591143275	9937.57999056955	-1390.006037	0.006044148647			
1387.446037	4	1	95	0.9593706442	0.006020265947		10.57022599	4.373510753	85.05626326				24.8710418	6.74590848	68.38304972	0	0	0	-1387.446037	0.9593706442	10038.3108658121	-1387.446037	0.006020265947			
1384.886037	4	1	95	0.9596243992	0.005996821251		10.59008297	4.410190487	84.99972654				24.95719778	6.759999533	68.28280269	0	0	0	-1384.886037	0.9596243992	10139.2315313919	-1384.886037	0.005996821251			
1382.326037	4	1	95	0.9598756385	0.00597381375		10.60938148	4.447306578	84.94331194				25.04342301	6.773897825	68.18267917	0	0	0	-1382.326037	0.9598756385	10240.3236471651	-1382.326037	0.00597381375			
1379.766037	4	1	95	0.9601244078	0.005951242858		10.62810924	4.484870397	84.88702036				25.12972458	6.787601609	68.08267381	0	0	0	-1379.766037	0.9601244078	10341.5657987338	-1379.766037	0.005951242858			
1377.206037	4	1	95	0.9603707517	0.005929108225		10.64625355	4.522893709	84.83085274				25.21610976	6.801109066	67.98278117	0	0	0	-1377.206037	0.9603707517	10442.9468951906	-1377.206037	0.005929108225			
1374.646037	4	1	95	0.960614714	0.005907409741		10.66380126	4.561388687	84.77481005				25.30258598	6.814418309	67.88299571	0	0	0	-1374.646037	0.960614714	10544.4460188413	-1374.646037	0.005907409741			
1372.086037	4	1	95	0.9608563379	0.005886147541		10.6807388	4.600367932	84.71889326				25.38916082	6.827527374	67.7833118	0	0	0	-1372.086037	0.9608563379	10646.0426449124	-1372.086037	0.005886147541			
1369.526037	4	1	95	0.9610956658	0.005865322014		10.69705211	4.639844492	84.66310339				25.47584207	6.840434219	67.68372371	0	0	0	-1369.526037	0.9610956658	10747.7163604928	-1369.526037	0.005865322014			
1366.966037	4	1	95	0.9613327395	0.005844933813		10.71272665	4.679831877	84.60744147				25.5626377	6.853136721	67.58422558	0	0	0	-1366.966037	0.9613327395	10849.4472537386	-1366.966037	0.005844933813			
1364.406037	4	1	95	0.9615676	0.005824983861		10.72774738	4.720344083	84.55190854				25.64955586	6.865632674	67.48481147	0	0	0	-1364.406037	0.9615676	10951.2132419078	-1364.406037	0.005824983861			
1361.846037	4	1	95	0.9618002878	0.005805473364		10.74209871	4.761395613	84.49650567				25.73660492	6.877919782	67.3854753	0	0	0	-1361.846037	0.9618002878	11052.9927667124	-1361.846037	0.005805473364			
1359.286037	4	1	95	0.9620308426	0.005786403818		10.75576455	4.803001497	84.44123395				25.82379346	6.889995658	67.28621089	0	0	0	-1359.286037	0.9620308426	11154.7989719416	-1359.286037	0.005786403818			
1356.726037	4	1	95	0.9622593022	0.005767737208		10.76872664	4.845177546	84.38609582				25.91112968	6.901857736	67.18701258	0	0	0	-1356.726037	0.9622593022	11256.52595578	-1356.726037	0.005767737208			
1354.166037	4	1	95	0.9624857084	0.005749599816		10.78097106	4.887939432	84.33108951				25.99862391	6.913503609	67.08787248	0	0	0	-1354.166037	0.9624857084	11358.1443431991	-1354.166037	0.005749599816			
1351.606037	4	1	95	0.9627100981	0.005731878732		10.79247872	4.931304087	84.2762172				26.08628495	6.924930527	66.98878452	0	0	0	-1351.606037	0.9627100981	11459.6948242001	-1351.606037	0.005731878732			
1349.046037	4	1	95	0.9629325092	0.005714616916		10.8032315	4.975288833	84.22147967				26.17412249	6.93613571	66.8897418	0	0	0	-1349.046037	0.9629325092	11561.111747606	-1349.046037	0.005714616916			
1346.486037	4	1	95	0.9631529791	0.005697817643		10.81321065	5.019911645	84.16687771				26.26214648	6.947116268	66.79073726	0	0	0	-1346.486037	0.9631529791	11662.3659241445	-1346.486037	0.005697817643			
1343.926037	4	1	95	0.9633715447	0.005681484563		10.82239674	5.065191174	84.11241209				26.35036716	6.957869189	66.69176365	0	0	0	-1343.926037	0.9633715447	11763.4282208406	-1343.926037	0.005681484563			
1341.366037	4	1	95	0.9635882424	0.005665621711		10.83076965	5.111146779	84.05808357				26.43879507	6.968391337	66.5928136	0	0	0	-1341.366037	0.9635882424	11864.2668132095	-1341.366037	0.005665621711			
1338.806037	4	1	95	0.9638031082	0.00565023352		10.83830858	5.157798562	84.00389286				26.52744105	6.978679445	66.4938795	0	0	0	-1338.806037	0.9638031082	11964.8499359934	-1338.806037	0.00565023352			
1336.246037	4	1	95	0.9640161776	0.005635324846		10.84499194	5.205167395	83.94984067				26.6163163	6.98873011	66.39495359	0	0	0	-1336.246037	0.9640161776	12065.1399635955	-1336.246037	0.005635324846			
1333.686037	4	1	95	0.9642274859	0.005620900986		10.8507974	5.253274958	83.89592764				26.70543233	6.998539783	66.29602789	0	0	0	-1333.686037	0.9642274859	12165.0992359599	-1333.686037	0.005620900986			
1331.126037	4	1	95	0.9644370679	0.005606967693		10.85570185	5.302143774	83.84215438				26.79480103	7.008104766	66.19709421	0	0	0	-1331.126037	0.9644370679	12264.6955102769	-1331.126037	0.005606967693			
1328.566037	4	1	95	0.964644958	0.005593531206		10.85968132	5.351797246	83.78852144				26.88443465	7.017421205	66.09814415	0	0	0	-1328.566037	0.964644958	12363.8907288029	-1328.566037	0.005593531206			
1326.006037	4	1	95	0.9648511903	0.005580598264		10.86271101	5.402259699	83.73502929				26.97434586	7.026485077	65.99916906	0	0	0	-1326.006037	0.9648511903	12462.6467552308	-1326.006037	0.005580598264			
1323.446037	4	1	95	0.9650557985	0.005568176141		10.86476523	5.453556416	83.68167835				27.06454774	7.035292186	65.90016008	0	0	0	-1323.446037	0.9650557985	12560.9127142979	-1323.446037	0.005568176141			
1320.886037	4	1	95	0.9652588164	0.005556272662		10.86581739	5.505713683	83.62846892				27.15505379	7.043838155	65.80110805	0	0	0	-1320.886037	0.9652588164	12658.6500788359	-1320.886037	0.005556272662			
1318.326037	4	1	95	0.965460277	0.005544896235		10.86583995	5.558758831	83.57540122				27.245878	7.052118413	65.70200358	0	0	0	-1318.326037	0.965460277	12755.8162064975	-1318.326037	0.005544896235			
1315.766037	4	1	95	0.9656602135	0.005534055884		10.86480439	5.612720285	83.52247532				27.33703483	7.060128187	65.60283698	0	0	0	-1315.766037	0.9656602135	12852.3594325124	-1315.766037	0.005534055884			
1313.206037	4	1	95	0.9658586586	0.005523761265		10.8626812	5.667627607	83.46969119				27.42853924	7.067862492	65.50359827	0	0	0	-1313.206037	0.9658586586	12948.2333760903	-1313.206037	0.005523761265			
1310.646037	4	1	95	0.966055645	0.005514022716		10.85943982	5.723511545	83.41704864				27.52040674	7.07531612	65.40427714	0	0	0	-1310.646037	0.966055645	13043.3851536263	-1310.646037	0.005514022716			
1308.086037	4	1	95	0.9662512051	0.005504851284		10.85504864	5.780404088	83.36454727				27.61265339	7.082483625	65.30486298	0	0	0	-1308.086037	0.9662512051	13137.7644413814	-1308.086037	0.005504851284			
1305.526037	4	1	95	0.9664453712	0.005496258756		10.84947496	5.838338507	83.31218654				27.70529586	7.089359315	65.20534482	0	0	0	-1305.526037	0.9664453712	13231.3103919436	-1305.526037	0.005496258756			
1302.966037	4	1	95	0.9666381756	0.0054882577		10.84268494	5.89734942	83.25996564				27.79835142	7.095937234	65.10571134	0	0	0	-1302.966037	0.9666381756	13323.968459496	-1302.966037	0.0054882577			
1300.406037	4	1	95	0.9668296503	0.005480861508		10.8346436	5.957472835	83.20788357				27.89183802	7.102211152	65.00595082	0	0	0	-1300.406037	0.9668296503	13380.8286011399	-1300.406037	0.005480861508			
1297.846037	4	1	95	0.9670208131	0.005502479532		10.82543954	6.018927217	83.15563324				27.9862649	7.108204746	64.90553035	0	0	0	-1297.846037	0.9670208131	13472.1516348222	-1297.846037	0.005502479532			
1295.286037	4	1	95	0.9672097203	0.005467957478		10.8147827	6.081392286	83.10382501				28.08067111	7.11384987	64.80547902	0	0	0	-1295.286037	0.9672097203	13596.4944644882	-1295.286037	0.005467957478			
1292.726037	4	1	95	0.9673973889	0.005462334202		10.80276206	6.145086525	83.05215142				28.17556559	7.119170423	64.70526399	0	0	0	-1292.726037	0.9673973889	13685.1268619816	-1292.726037	0.005462334202			
1290.166037	4	1	95	0.9675838568	0.005457536028		10.78933829	6.210052592	83.00060912				28.27097063	7.124158979	64.60487039	0	0	0	-1290.166037	0.9675838568	13772.3429168462	-1290.166037	0.005457536028			
1287.606037	4	1	95	0.9677691558	0.005453411403		10.77447025	6.276334205	82.94919555				28.36690782	7.128807661	64.50428452	0	0	0	-1287.606037	0.9677691558	13858.2729151676	-1287.606037	0.005453411403			
1285.046037	4	1	95	0.9679533182	0.005449998974		10.75811566	6.343976934	82.8979074				28.46339997	7.133108226	64.40349181	0	0	0	-1285.046037	0.9679533182	13942.8173795108	-1285.046037	0.005449998974			
1282.486037	4	1	95	0.9681363766	0.005447321207		10.74023101	6.413028138	82.84674085				28.56047088	7.137052022	64.3024771	0	0	0	-1282.486037	0.9681363766	14025.8865633191	-1282.486037	0.005447321207			
1279.926037	4	1	95	0.9683183638	0.005445401509		10.72077152	6.483537005	82.79569148				28.65814541	7.14062997	64.20122462	0	0	0	-1279.926037	0.9683183638	14107.401373375	-1279.926037	0.005445401509			
1277.366037	4	1	95	0.9684993126	0.005444264593		10.69969119	6.555554602	82.74475421				28.75644949	7.14383253	64.09971798	0	0	0	-1277.366037	0.9684993126	14187.2662692075	-1277.366037	0.005444264593			
1274.806037	4	1	95	0.9686792564	0.005443936498		10.67694281	6.629133908	82.69392328				28.8554102	7.146649679	63.99794012	0	0	0	-1274.806037	0.9686792564	14265.3893445097	-1274.806037	0.005443936498			
1272.246037	4	1	95	0.9688582285	0.005444444652		10.65247801	6.704329851	82.64319214				28.95505584	7.14907088	63.89587328	0	0	0	-1272.246037	0.9688582285	14341.6775151301	-1272.246037	0.005444444652			
1269.686037	4	1	95	0.9690362628	0.005445817915		10.6262473	6.78119933	82.59255337				29.05541599	7.151085051	63.79349896	0	0	0	-1269.686037	0.9690362628	14416.0256168329	-1269.686037	0.005445817915			
1267.126037	4	1	95	0.9692133934	0.005448086429		10.59820051	6.859800555	82.54199893				29.15652155	7.152680536	63.69079791	0	0	0	-1267.126037	0.9692133934	14488.3316121039	-1267.126037	0.005448086429			
1264.566037	4	1	95	0.9693896549	0.005451282433		10.56828548	6.940195637	82.49151888				29.25840488	7.153845056	63.58775007	0	0	0	-1264.566037	0.9693896549	14558.4934276726	-1264.566037	0.005451282433			
1262.006037	4	1	95	0.9695650821	0.00545543916		10.5364501	7.022446832	82.44110307				29.3610998	7.154565687	63.48433451	0	0	0	-1262.006037	0.9695650821	14626.4087013098	-1262.006037	0.00545543916			
1259.446037	4	1	95	0.9697397103	0.005460591614		10.50264124	7.106618918	82.39073984				29.46464171	7.154828815	63.38052948	0	0	0	-1259.446037	0.9697397103	14691.9542421541	-1259.446037	0.005460591614			
1256.886037	4	1	95	0.9699135755	0.005466776408		10.46680522	7.192778555	82.34041622				29.56906765	7.154620094	63.27631226	0	0	0	-1256.886037	0.9699135755	14755.0196092503	-1256.886037	0.005466776408			
1254.326037	4	1	95	0.9700867139	0.005474031771		10.42888794	7.280994209	82.29011785				29.67441641	7.153924401	63.17165919	0	0	0	-1254.326037	0.9700867139	14815.4988014085	-1254.326037	0.005474031771			
1251.766037	4	1	95	0.9702591623	0.005482397537		10.38883513	7.371336045	82.23982882				29.78072858	7.152725793	63.06654562	0	0	0	-1251.766037	0.9702591623	14873.2739719742	-1251.766037	0.005482397537			
1249.206037	4	1	95	0.970430958	0.005491915124		10.3465926	7.463875787	82.18953161				29.88804667	7.151007457	62.96094587	0	0	0	-1249.206037	0.970430958	14928.2280579703	-1249.206037	0.005491915124			
1246.646037	4	1	95	0.9706021389	0.005502627481		10.30210656	7.558686532	82.13920691				29.99641517	7.148751658	62.85483317	0	0	0	-1246.646037	0.9706021389	14980.2408624182	-1246.646037	0.005502627481			
1244.086037	4	1	95	0.9707727435	0.005514579017		10.25532391	7.655842534	82.08883355				30.10588067	7.145939689	62.74817964	0	0	0	-1244.086037	0.9707727435	15029.1980992395	-1244.086037	0.005514579017			
1241.526037	4	1	95	0.9709428108	0.005527815491		10.20619271	7.755418922	82.03838837				30.21649193	7.142551814	62.64095626	0	0	0	-1241.526037	0.9709428108	15074.9829382524	-1241.526037	0.005527815491			
1238.966037	4	1	95	0.9711123805	0.005542383862		10.15466257	7.857491377	81.98784605				30.32829995	7.138567212	62.53313283	0	0	0	-1238.966037	0.9711123805	15117.4854199562	-1238.966037	0.005542383862			
1236.406037	4	1	95	0.9712814927	0.005558332105		10.10068518	7.962135733	81.93717909				30.44135813	7.133963922	62.42467795	0	0	0	-1236.406037	0.9712814927	15156.5937020633	-1236.406037	0.005558332105			
1233.846037	4	1	95	0.9714501883	0.00557570896		10.04421488	8.069427519	81.8863576				30.55572225	7.128718779	62.31555897	0	0	0	-1233.846037	0.9714501883	15192.1992363828	-1233.846037	0.00557570896			
1231.286037	4	1	95	0.9716185086	0.005594563635		9.985209288	8.179441418	81.83534929				30.67145064	7.122807361	62.205742	0	0	0	-1231.286037	0.9716185086	15224.2104605595	-1231.286037	0.005594563635			
1228.726037	4	1	95	0.9717864954	0.005614945422		9.923629987	8.292250652	81.78411936				30.7886042	7.116203923	62.09519188	0	0	0	-1228.726037	0.9717864954	15252.5354500091	-1228.726037	0.005614945422			
1226.166037	4	1	95	0.971954191	0.005636903254		9.859443301	8.407926268	81.73263043				30.90724646	7.108881347	61.98387219	0	0	0	-1226.166037	0.971954191	15277.0913100778	-1226.166037	0.005636903254			
1223.606037	4	1	95	0.9721216381	0.005660485155		9.792621112	8.526536346	81.68084254				31.02744365	7.100811079	61.87174527	0	0	0	-1223.606037	0.9721216381	15297.8045776401	-1223.606037	0.005660485155			
1221.046037	4	1	95	0.9722888798	0.005685737608		9.723141743	8.648145099	81.62871316				31.1492647	7.09196308	61.75877222	0	0	0	-1221.046037	0.9722888798	15314.6208206838	-1221.046037	0.005685737608			
1218.486037	4	1	95	0.9724559593	0.005712704789		9.650990899	8.772811885	81.57619722				31.27278131	7.082305776	61.64491292	0	0	0	-1218.486037	0.9724559593	15327.5003882671	-1218.486037	0.005712704789			
1215.926037	4	1	95	0.97262292	0.005741427715		9.576162645	8.900590118	81.52324724				31.39806784	7.07180602	61.53012614	0	0	0	-1215.926037	0.97262292	15336.4233580612	-1215.926037	0.005741427715			
1213.366037	4	1	95	0.9727898051	0.005771943241		9.498660418	9.03152609	81.46981349				31.52520137	7.060429053	61.41436958	0	0	0	-1213.366037	0.9727898051	15341.389651538	-1213.366037	0.005771943241			
1210.806037	4	1	95	0.9729566577	0.005804282926		9.41849805	9.165657709	81.41584424				31.65426154	7.048138484	61.29759997	0	0	0	-1210.806037	0.9729566577	15342.4237469393	-1210.806037	0.005804282926			
1208.246037	4	1	95	0.9731235203	0.005838471765		9.335700789	9.303013168	81.36128604				31.78533051	7.03489628	61.17977321	0	0	0	-1208.246037	0.9731235203	15339.574568118	-1208.246037	0.005838471765			
1205.686037	4	1	95	0.9732904349	0.005874526783		9.250306284	9.443609551	81.30608416				31.91849273	7.020662769	61.0608445	0	0	0	-1205.686037	0.9732904349	15332.9198414155	-1205.686037	0.005874526783			
1203.126037	4	1	95	0.9734574424	0.00591245548		9.162365508	9.587451418	81.25018307				32.05383477	7.005396662	60.94076857	0	0	0	-1203.126037	0.9734574424	15322.5885866908	-1203.126037	0.00591245548			
1200.566037	4	1	95	0.9736245822	0.005952254157		9.071943591	9.734529374	81.19352704				32.19144506	6.989055105	60.81949984	0	0	0	-1200.566037	0.9736245822	15308.728317804	-1200.566037	0.005952254157			
1198.006037	4	1	95	0.9737918923	0.00599390612		8.979120528	9.884818668	81.1360608				32.33141352	6.971593739	60.69699274	0	0	0	-1198.006037	0.9737918923	15291.5224397532	-1198.006037	0.00599390612			
1195.446037	4	1	95	0.9739594085	0.006037379787		8.883991716	10.03827786	81.07773042				32.4738312	6.952966805	60.57320199	0	0	0	-1195.446037	0.9739594085	15271.207483028	-1195.446037	0.006037379787			
1192.886037	4	1	95	0.9741271641	0.006082626726		8.786668298	10.19484758	81.01848412				32.6187898	6.933127272	60.44808293	0	0	0	-1192.886037	0.9741271641	15248.0579037546	-1192.886037	0.006082626726			
1190.326037	4	1	95	0.9742951894	0.006129579669		8.687277273	10.35444944	80.95827328				32.7663811	6.912027	60.3215919	0	0	0	-1190.326037	0.9742951894	15222.393644713	-1190.326037	0.006129579669			
1187.766037	4	1	95	0.9744635112	0.006178150525		8.58596134	10.51698515	80.89705351				32.91669635	6.889616945	60.19368671	0	0	0	-1187.766037	0.9744635112	15194.5783782888	-1187.766037	0.006178150525			
1185.206037	4	1	95	0.9746321523	0.006228228463		8.482878458	10.68233583	80.83478571				33.06982554	6.865847398	60.06432706	0	0	0	-1185.206037	0.9746321523	15165.0311093958	-1185.206037	0.006228228463			
1182.646037	4	1	95	0.9748011307	0.006279678125		8.378201103	10.85036162	80.77143728				33.22585662	6.840668279	59.9334751	0	0	0	-1182.646037	0.9748011307	15134.2152915234	-1182.646037	0.006279678125			
1180.086037	4	1	95	0.9749704593	0.006332338015		8.27211522	11.0209016	80.70698318				33.38487461	6.814029461	59.80109593	0	0	0	-1180.086037	0.9749704593	15102.6324078653	-1180.086037	0.006332338015			
1177.526037	4	1	95	0.9751401452	0.006386019157		8.164818874	11.193774	80.64140712				33.54696064	6.78588115	59.66715821	0	0	0	-1177.526037	0.9751401452	15070.8294364479	-1177.526037	0.006386019157			
1174.966037	4	1	95	0.9753101892	0.006440504085		8.056520618	11.36877682	80.57470256				33.7121909	6.756174308	59.53163479	0	0	0	-1174.966037	0.9753101892	15039.4105809047	-1174.966037	0.006440504085			
1172.406037	4	1	95	0.9754805848	0.00649554623		7.94743761	11.5456887	80.50687369				33.8806356	6.724861116	59.39450328	0	0	0	-1172.406037	0.9754805848	15009.0143058086	-1172.406037	0.00649554623			
1169.846037	4	1	95	0.9756513182	0.006550869792		7.837793523	11.72427022	80.43793625				34.05235778	6.691895479	59.25574675	0	0	0	-1169.846037	0.9756513182	14980.2952660356	-1169.846037	0.006550869792			
1167.286037	4	1	95	0.9758223677	0.006606170139		7.727816298	11.90426546	80.36791824				34.22741211	6.657233575	59.11535432	0	0	0	-1167.286037	0.9758223677	14953.9687692357	-1167.286037	0.006606170139			
1164.726037	4	1	95	0.9759937027	0.006661115435		7.617735782	12.08540389	80.29686033				34.40584373	6.620834434	58.97332183	0	0	0	-1164.726037	0.9759937027	14930.7595360722	-1164.726037	0.006661115435			
1162.166037	4	1	95	0.9761652843	0.006715345854		7.507781393	12.2674024	80.22481621				34.58768705	6.582660519	58.82965244	0	0	0	-1162.166037	0.9761652843	14911.4209907396	-1162.166037	0.006715345854			
1159.606037	4	1	95	0.9763370639	0.006768479429		7.398179732	12.44996766	80.1518526				34.77296449	6.542678357	58.68435716	0	0	0	-1159.606037	0.9763370639	14896.738884723	-1159.606037	0.006768479429			
1157.046037	4	1	95	0.9765089838	0.006820112741		7.289152328	12.63279858	80.07804909				34.96168541	6.500859166	58.53745543	0	0	0	-1157.046037	0.9765089838	14903.1766896551	-1157.046037	0.006820112741			
1154.486037	4	1	95	0.9766806153	0.006855365132		7.180896525	12.81548556	80.00361791				35.15343648	6.457272937	58.38929059	0	0	0	-1154.486037	0.9766806153	14900.0441923602	-1154.486037	0.006855365132			
1151.926037	4	1	95	0.9768526077	0.006917193164		7.073651988	12.99792663	79.92842139				35.34901371	6.411716256	58.23927003	0	0	0	-1151.926037	0.9768526077	14888.1590005414	-1151.926037	0.006917193164			
1149.366037	4	1	95	0.9770245128	0.006961804701		6.967595641	13.17970855	79.85269581				35.54797369	6.364270247	58.08775606	0	0	0	-1149.366037	0.9770245128	14899.9288250563	-1149.366037	0.006961804701			
1146.806037	4	1	95	0.9771962337	0.00700309684		6.862909074	13.36052494	79.77656599				35.75026283	6.314931168	57.93480601	0	0	0	-1146.806037	0.9771962337	14920.4008302302	-1146.806037	0.00700309684			
1144.246037	4	1	95	0.9773676676	0.007040707058		6.759760677	13.54007391	79.70016541				35.95581107	6.263702424	57.78048651	0	0	0	-1144.246037	0.9773676676	14950.2593455421	-1144.246037	0.007040707058			
1141.686037	4	1	95	0.9775387036	0.00707420025		6.658304352	13.71806065	79.623635				36.16453061	6.210595332	57.62487405	0	0	0	-1141.686037	0.9775387036	14990.2719863633	-1141.686037	0.00707420025			
1139.126037	4	1	95	0.977709224	0.007103161507		6.558678846	13.89419957	79.54712158				36.37631589	6.155629409	57.46805471	0	0	0	-1139.126037	0.977709224	15041.1812658858	-1139.126037	0.007103161507			
1136.566037	4	1	95	0.9778791048	0.007127198656		6.461007355	14.06821623	79.47077642				36.59104361	6.09883259	57.3101238	0	0	0	-1136.566037	0.9778791048	15103.7075001	-1136.566037	0.007127198656			
1134.006037	4	1	95	0.9780482171	0.007145948487		6.365397355	14.23984908	79.39475357				36.80857315	6.040241349	57.1511855	0	0	0	-1134.006037	0.9780482171	15178.5701680898	-1134.006037	0.007145948487			
1131.446037	4	1	95	0.9782164273	0.007159063501		6.271941523	14.4088495	79.31920898				37.02874655	5.979900835	56.99135262	0	0	0	-1131.446037	0.9782164273	15266.4114867314	-1131.446037	0.007159063501			
1128.886037	4	1	95	0.9783836003	0.007166314163		6.180714639	14.57498897	79.24429639				37.25139153	5.917864184	56.83074429	0	0	0	-1128.886037	0.9783836003	15368.6288533419	-1128.886037	0.007166314163			
1126.326037	4	1	95	0.978549582	0.007166832043		6.091774783	14.73805983	79.17016538				37.47631912	5.854195047	56.66948583	0	0	0	-1126.326037	0.978549582	15485.2067032655	-1126.326037	0.007166832043			
1123.766037	4	1	95	0.9787142489	0.007161496641		6.005172614	14.89785749	79.09696989				37.70332537	5.788961714	56.50771292	0	0	0	-1123.766037	0.9787142489	15615.8988786876	-1123.766037	0.007161496641			
1121.206037	4	1	95	0.9788774658	0.007149753092		5.920941724	15.05420382	79.02485445				37.93219818	5.722240438	56.34556138	0	0	0	-1121.206037	0.9788774658	15761.9044587112	-1121.206037	0.007149753092			
1118.646037	4	1	95	0.9790390982	0.007131454464		5.839102531	15.20693925	78.95395821				38.16271288	5.654114843	56.18317228	0	0	0	-1118.646037	0.9790390982	15923.8045926858	-1118.646037	0.007131454464			
1116.086037	4	1	95	0.9791990153	0.007106572402		5.759663391	15.35592331	78.8844133				38.39463605	5.584674689	56.02068926	0	0	0	-1116.086037	0.9791990153	16102.0836837101	-1116.086037	0.007106572402			
1113.526037	4	1	95	0.9793570908	0.007075133479		5.682621499	15.50103466	78.81634384				38.62772743	5.514015126	55.85825744	0	0	0	-1113.526037	0.9793570908	16297.2160504676	-1113.526037	0.007075133479			
1110.966037	4	1	95	0.9795132039	0.007037219683		5.607963853	15.64217098	78.74986517				38.86174192	5.442235878	55.6960222	0	0	0	-1110.966037	0.9795132039	16509.6208155602	-1110.966037	0.007037219683			
1108.406037	4	1	95	0.9796672408	0.006992966156		5.535668211	15.77924862	78.68508317				39.09643153	5.369440381	55.53412809	0	0	0	-1108.406037	0.9796672408	16739.6705569442	-1108.406037	0.006992966156			
1105.846037	4	1	95	0.9798190953	0.006942557701		5.465704071	15.9122021	78.62209383				39.3315474	5.295734888	55.37271772	0	0	0	-1105.846037	0.9798190953	16987.730623425	-1105.846037	0.006942557701			
1103.286037	4	1	95	0.9799686693	0.006886224561		5.398033625	16.04098346	78.56098292				39.56684176	5.221227567	55.21193067	0	0	0	-1103.286037	0.9799686693	17254.1351748305	-1103.286037	0.006886224561			
1100.726037	4	1	95	0.9801158736	0.006824237562		5.332612688	16.16556153	78.50182578				39.80206978	5.146027601	55.05190262	0	0	0	-1100.726037	0.9801158736	17539.1719051035	-1100.726037	0.006824237562			
1098.166037	4	1	95	0.9802606284	0.006756902763		5.269391607	16.28592102	78.44468737				40.03699131	5.070244319	54.89276437	0	0	0	-1098.166037	0.9802606284	17843.0997097043	-1098.166037	0.006756902763			
1095.606037	4	1	95	0.9804028635	0.006684555768		5.208316116	16.40206154	78.38962234				40.27137249	4.993986361	54.73464115	0	0	0	-1095.606037	0.9804028635	18166.1636693024	-1095.606037	0.006684555768			
1093.046037	4	1	95	0.9805425183	0.006607555758		5.149328148	16.51399658	78.33667527				40.50498718	4.917360905	54.57765191	0	0	0	-1093.046037	0.9805425183	18508.5868005416	-1093.046037	0.006607555758			
1090.486037	4	1	95	0.9806795419	0.006526279674		5.092366598	16.6217524	78.285881				40.73761825	4.840472943	54.4219088	0	0	0	-1090.486037	0.9806795419	18870.5479196281	-1090.486037	0.006526279674			
1087.926037	4	1	95	0.9808138932	0.006441116379		5.03736803	16.72536688	78.23726509				40.96905863	4.763424646	54.26751672	0	0	0	-1087.926037	0.9808138932	19252.2151845067	-1087.926037	0.006441116379			
1085.366037	4	1	95	0.9809455403	0.006352461149		4.984267318	16.82488842	78.19084426				41.19911219	4.686314797	54.11457301	0	0	0	-1085.366037	0.9809455403	19653.738673171	-1085.366037	0.006352461149			
1082.806037	4	1	95	0.9810744605	0.006260710526		4.932998243	16.92037477	78.14662698				41.42759445	4.609238305	53.96316725	0	0	0	-1082.806037	0.9810744605	20075.2508769449	-1082.806037	0.006260710526			
1080.246037	4	1	95	0.9812006396	0.006166257641		4.883494013	17.0118919	78.10461408				41.65433306	4.532285811	53.81338113	0	0	0	-1080.246037	0.9812006396	20516.8606209843	-1080.246037	0.006166257641			
1077.686037	4	1	95	0.9813240718	0.00606948805		4.835687742	17.09951293	78.06479933				41.87916815	4.455543362	53.66528848	0	0	0	-1077.686037	0.9813240718	20978.6567129075	-1077.686037	0.00606948805			
1075.126037	4	1	95	0.9814447589	0.005970776137		4.789512858	17.18331707	78.02717008				42.1019525	4.379092178	53.51895532	0	0	0	-1075.126037	0.9814447589	21460.7423958467	-1075.126037	0.005970776137			
1072.566037	4	1	95	0.9815627097	0.005870482087		4.744903472	17.26338861	77.99170792				42.32255152	4.303008476	53.37444	0	0	0	-1072.566037	0.9815627097	21962.2042682437	-1072.566037	0.005870482087			
1070.006037	4	1	95	0.9816779497	0.005769347682		4.701800401	17.3398023	77.9583973				42.54084121	4.227361355	53.23179744	0	0	0	-1070.006037	0.9816779497	22484.0745223055	-1070.006037	0.005769347682			
1067.446037	4	1	95	0.9817904904	0.005666914325		4.660134469	17.41266353	77.927202				42.75671499	4.15221852	53.09106649	0	0	0	-1067.446037	0.9817904904	23027.3971265492	-1067.446037	0.005666914325			
1064.886037	4	1	95	0.9819003578	0.005563834094		4.61984304	17.48206701	77.89808995				42.97007365	4.077641356	52.95228499	0	0	0	-1064.886037	0.9819003578	23591.3370293544	-1064.886037	0.005563834094			
1062.326037	4	1	95	0.9820075835	0.005460430776		4.580865588	17.54810872	77.87102569				43.18083104	4.003685674	52.81548328	0	0	0	-1062.326037	0.9820075835	24175.8479945817	-1062.326037	0.005460430776			
1059.766037	4	1	95	0.9821122035	0.005356966614		4.543143369	17.61088572	77.84597091				43.38891208	3.930402351	52.68068557	0	0	0	-1059.766037	0.9821122035	24780.9910318209	-1059.766037	0.005356966614			
1057.206037	4	1	95	0.9822142572	0.00525368281		4.506619533	17.67049557	77.8228849				43.59425226	3.857837464	52.54791027	0	0	0	-1057.206037	0.9822142572	25406.8287439504	-1057.206037	0.00525368281			
1054.646037	4	1	95	0.9823137873	0.005150799186		4.471239204	17.72703574	77.80172505				43.79679706	3.786032465	52.41717047	0	0	0	-1054.646037	0.9823137873	26053.3905667072	-1054.646037	0.005150799186			
1052.086037	4	1	95	0.9824108392	0.005048514636		4.436949535	17.78060322	77.78244725				43.99650137	3.715024367	52.28847427	0	0	0	-1052.086037	0.9824108392	26720.7106489004	-1052.086037	0.005048514636			
1049.526037	4	1	95	0.9825054606	0.004947007775		4.403700062	17.83129306	77.76500687				44.19332887	3.644845958	52.16182518	0	0	0	-1049.526037	0.9825054606	27408.8582905206	-1049.526037	0.004947007775			
1046.966037	4	1	95	0.9825977008	0.004846437916		4.37144137	17.87920211	77.74935652				44.38725145	3.575526022	52.03722253	0	0	0	-1046.966037	0.9825977008	28117.8887015961	-1046.966037	0.004846437916			
1044.406037	4	1	95	0.9826876107	0.004746945489		4.340127155	17.92442247	77.73545037				44.5782486	3.507089556	51.91466185	0	0	0	-1044.406037	0.9826876107	28847.8614714641	-1044.406037	0.004746945489			
1041.846037	4	1	95	0.9827752421	0.004648653873		4.309712792	17.96704553	77.72324168				44.7663068	3.439558011	51.79413519	0	0	0	-1041.846037	0.9827752421	29598.8226895745	-1041.846037	0.004648653873			
1039.286037	4	1	95	0.9828606478	0.004551669974		4.280155666	18.00716062	77.71268371				44.95141896	3.372949523	51.67563152	0	0	0	-1039.286037	0.9828606478	30370.8273152125	-1039.286037	0.004551669974			
1036.726037	4	1	95	0.9829438809	0.00445608549		4.251415127	18.04485492	77.70372995				45.13358387	3.307279136	51.55913699	0	0	0	-1036.726037	0.9829438809	31163.9973446674	-1036.726037	0.00445608549			
1034.166037	4	1	95	0.9830249946	0.004361978046		4.223452444	18.08021324	77.69633432				45.31280566	3.242559028	51.44463531	0	0	0	-1034.166037	0.9830249946	31978.392962414	-1034.166037	0.004361978046			
1031.606037	4	1	95	0.9831040423	0.004269412329		4.196230751	18.11331799	77.69045126				45.4890933	3.17879873	51.33210797	0	0	0	-1031.606037	0.9831040423	32814.0782391272	-1031.606037	0.004269412329			
1029.046037	4	1	95	0.9831810771	0.00417844118		4.169714985	18.14424908	77.68603594				45.66246009	3.116005333	51.22153458	0	0	0	-1029.046037	0.9831810771	33671.1891066837	-1029.046037	0.00417844118			
1026.486037	4	1	95	0.9832561516	0.004089106667		4.143871824	18.17308387	77.68304431				45.83292327	3.054183691	51.11289304	0	0	0	-1026.486037	0.9832561516	34549.8473378366	-1026.486037	0.004089106667			
1023.926037	4	1	95	0.9833293179	0.004001441095		4.118669624	18.19989715	77.68143323				46.00050354	2.99333661	51.00615985	0	0	0	-1023.926037	0.9833293179	35450.118259181	-1023.926037	0.004001441095			
1021.366037	4	1	95	0.9834006276	0.003915467974		4.094078352	18.22476114	77.68116051				46.16522472	2.933465033	50.90131025	0	0	0	-1021.366037	0.9834006276	36372.1399087654	-1021.366037	0.003915467974			
1018.806037	4	1	95	0.9834701313	0.003831202925		4.070069515	18.24774548	77.682185				46.32711332	2.874568205	50.79831847	0	0	0	-1018.806037	0.9834701313	37316.0518523594	-1018.806037	0.003831202925			
1016.246037	4	1	95	0.9835378789	0.003748654528		4.046616102	18.26891728	77.68446662				46.48619828	2.816643839	50.69715788	0	0	0	-1016.246037	0.9835378789	38282.0260649855	-1016.246037	0.003748654528			
1013.686037	4	1	95	0.9836039191	0.003667825109		4.02369251	18.28834111	77.68796638				46.6425106	2.759688264	50.59780114	0	0	0	-1013.686037	0.9836039191	39270.225670555	-1013.686037	0.003667825109			
1011.126037	4	1	95	0.9836682998	0.003588711474		4.001274485	18.3060791	77.69264642				46.79608306	2.703696565	50.50022038	0	0	0	-1011.126037	0.9836682998	40280.7705088153	-1011.126037	0.003588711474			
1008.566037	4	1	95	0.9837310678	0.003511305574		3.979339052	18.32219092	77.69847003				46.94694999	2.648662714	50.40438729	0	0	0	-1008.566037	0.9837310678	41313.8475638585	-1008.566037	0.003511305574			
1006.006037	4	1	95	0.9837922688	0.003435595122		3.957864462	18.33673389	77.70540165				47.09514702	2.594579693	50.31027329	0	0	0	-1006.006037	0.9837922688	42369.6716034702	-1006.006037	0.003435595122			
1003.446037	4	1	95	0.9838519473	0.003361564153		3.936830124	18.34976303	77.71340685				47.24071084	2.541439599	50.21784956	0	0	0	-1003.446037	0.9838519473	43448.4150999718	-1003.446037	0.003361564153			
1000.886037	4	1	95	0.9839101468	0.003289193533		3.916216552	18.3613311	77.72245234				47.38367902	2.489233754	50.12708723	0	0	0	-1000.886037	0.9839101468	44550.297889025	-1000.886037	0.003289193533			
998.3260365	4	1	95	0.9839669095	0.00321846142		3.896005309	18.37148871	77.73250599				47.52408984	2.437952797	50.03795737	0	0	0	-998.3260365	0.9839669095	45675.5635970868	-998.3260365	0.00321846142			
995.7660365	4	1	95	0.9840222765	0.003149343682		3.876178951	18.38028431	77.74353673				47.66198211	2.387586771	49.95043112	0	0	0	-995.7660365	0.9840222765	46824.4009316702	-995.7660365	0.003149343682			
993.2060365	4	1	95	0.9840762878	0.003081814266		3.85672098	18.38776438	77.75551464				47.79739504	2.338125204	49.86447976	0	0	0	-993.2060365	0.9840762878	47997.1073573004	-993.2060365	0.003081814266			
990.6460365	4	1	95	0.9841289821	0.003015845541		3.837615791	18.39397336	77.76841085				47.93036809	2.289557177	49.78007473	0	0	0	-990.6460365	0.9841289821	49193.987451705	-990.6460365	0.003015845541			
988.0860365	4	1	95	0.984180397	0.002951408588		3.818848628	18.39895385	77.78219752				48.06094089	2.2418714	49.69718771	0	0	0	-988.0860365	0.984180397	50415.1862821253	-988.0860365	0.002951408588			
985.5260365	4	1	95	0.9842305692	0.002888473477		3.800405538	18.40274658	77.79684788				48.18915309	2.195056261	49.61579065	0	0	0	-985.5260365	0.9842305692	51661.0259624012	-985.5260365	0.002888473477			
982.9660365	4	1	95	0.984279534	0.002827009496		3.782273333	18.40539054	77.81233612				48.3150443	2.149099891	49.53585581	0	0	0	-982.9660365	0.984279534	52931.9009583386	-982.9660365	0.002827009496			
980.4060365	4	1	95	0.9843273257	0.002766985363		3.764439542	18.40692302	77.82863744				48.438654	2.103990206	49.4573558	0	0	0	-980.4060365	0.9843273257	54228.0438195317	-980.4060365	0.002766985363			
977.8460365	4	1	95	0.9843739776	0.002708369414		3.746892383	18.40737968	77.84572794				48.56002145	2.05971496	49.38026359	0	0	0	-977.8460365	0.9843739776	55549.7742367877	-977.8460365	0.002708369414			
975.2860365	4	1	95	0.9844195219	0.002651129758		3.729620719	18.40679461	77.86358467				48.67918566	2.016261777	49.30455256	0	0	0	-975.2860365	0.9844195219	56897.38272429	-975.2860365	0.002651129758			
972.7260365	4	1	95	0.9844639899	0.002595234426		3.712614026	18.4052004	77.88218557				48.79618531	1.973618194	49.23019649	0	0	0	-972.7260365	0.9844639899	58271.3496161188	-972.7260365	0.002595234426			
970.1660365	4	1	95	0.9845074116	0.002540651491		3.695862364	18.40262822	77.90150941				48.91105871	1.931771695	49.15716959	0	0	0	-970.1660365	0.9845074116	59672.0590304513	-970.1660365	0.002540651491			
967.6060365	4	1	95	0.9845498163	0.002487349176		3.679356344	18.39910784	77.92153582				49.02384374	1.890709732	49.08544653	0	0	0	-967.6060365	0.9845498163	61099.7630442383	-967.6060365	0.002487349176			
965.0460365	4	1	95	0.9845912323	0.002435295946		3.663087098	18.39466769	77.94224521				49.13457785	1.850419764	49.01500239	0	0	0	-965.0460365	0.9845912323	62554.8817163769	-965.0460365	0.002435295946			
962.4860365	4	1	95	0.984631687	0.002384460588		3.647046255	18.38933495	77.96361879				49.24329799	1.81088927	48.94581274	0	0	0	-962.4860365	0.984631687	64037.8225223264	-962.4860365	0.002384460588			
959.9260365	4	1	95	0.9846712069	0.002334812278		3.631225912	18.38313559	77.9856385				49.35004062	1.772105775	48.87785361	0	0	0	-959.9260365	0.9846712069	65549.0533616364	-959.9260365	0.002334812278			
957.3660365	4	1	95	0.9847098176	0.002286320974		3.615618633	18.37609432	78.00828704				49.45484163	1.734056866	48.8111015	0	0	0	-957.3660365	0.9847098176	67089.0214330454	-957.3660365	0.002286320974			
954.8060365	4	1	95	0.9847475439	0.0022389561		3.600217364	18.3682349	78.03154774				49.55773643	1.696730217	48.74553335	0	0	0	-954.8060365	0.9847475439	68658.248405622	-954.8060365	0.0022389561			
952.2460365	4	1	95	0.9847844097	0.00219268866		3.585015471	18.3595799	78.05540463				49.65875983	1.660113593	48.68112658	0	0	0	-952.2460365	0.9847844097	70257.1241812676	-952.2460365	0.00219268866			
949.6860365	4	1	95	0.9848204383	0.002147489868		3.570006703	18.3501509	78.0798424				49.75794606	1.624194867	48.61785907	0	0	0	-949.6860365	0.9848204383	71886.0130920767	-949.6860365	0.002147489868			
947.1260365	4	1	95	0.9848556522	0.002103331525		3.555185171	18.33996848	78.10484635				49.85532879	1.588962031	48.55570918	0	0	0	-947.1260365	0.9848556522	73545.6388498099	-947.1260365	0.002103331525			
944.5660365	4	1	95	0.984890073	0.002060186046		3.540545329	18.32905229	78.13040238				49.9509411	1.554403208	48.49465569	0	0	0	-944.5660365	0.984890073	75236.4829231016	-944.5660365	0.002060186046			
942.0060365	4	1	95	0.9849237218	0.002018026468		3.526081958	18.31742107	78.15649697				50.04481546	1.520506657	48.43467789	0	0	0	-942.0060365	0.9849237218	76959.012924433	-942.0060365	0.002018026468			
939.4460365	4	1	95	0.9849566189	0.001976826466		3.511790153	18.30509268	78.18311717				50.13698377	1.487260779	48.37575545	0	0	0	-939.4460365	0.9849566189	78713.9778809752	-939.4460365	0.001976826466			
936.8860365	4	1	95	0.9849887839	0.001936560355		3.497665301	18.29208415	78.21025055				50.22747733	1.45465413	48.31786855	0	0	0	-936.8860365	0.9849887839	80501.7215209871	-936.8860365	0.001936560355			
934.3260365	4	1	95	0.985020236	0.001897203095		3.483703075	18.27841173	78.23788519				50.31632684	1.422675417	48.26099774	0	0	0	-934.3260365	0.985020236	82322.7951107119	-934.3260365	0.001897203095			
931.7660365	4	1	95	0.9850509936	0.001858730385		3.46989942	18.26409088	78.2660097				50.40356243	1.39131351	48.20512406	0	0	0	-931.7660365	0.9850509936	84178.0621854209	-931.7660365	0.001858730385			
929.2060365	4	1	95	0.9850810745	0.00182111829		3.456250528	18.24913634	78.29461314				50.48921364	1.360557441	48.15022892	0	0	0	-929.2060365	0.9850810745	86068.2377102343	-929.2060365	0.00182111829			
926.6460365	4	1	95	0.9851104959	0.00178434379		3.442752839	18.23356215	78.32368501				50.57330943	1.330396407	48.09629416	0	0	0	-926.6460365	0.9851104959	87993.6579417089	-926.6460365	0.00178434379			
924.0860365	4	1	95	0.9851392747	0.001748384408		3.429403029	18.21738166	78.35321531				50.65587819	1.300819773	48.04330204	0	0	0	-924.0860365	0.9851392747	89955.0546348382	-924.0860365	0.001748384408			
921.5260365	4	1	95	0.985167427	0.00171321829		3.416197996	18.20060758	78.38319442				50.73694774	1.271817073	47.99123519	0	0	0	-921.5260365	0.985167427	91953.5279123404	-921.5260365	0.00171321829			
918.9660365	4	1	95	0.9851949684	0.0016788242		3.403134852	18.18325199	78.41361316				50.81654533	1.243378012	47.94007665	0	0	0	-918.9660365	0.9851949684	93989.4817931375	-918.9660365	0.0016788242			
916.4060365	4	1	95	0.9852219142	0.001645181506		3.390210915	18.16532635	78.44446273				50.8946977	1.215492464	47.88980984	0	0	0	-916.4060365	0.9852219142	96063.5665524982	-916.4060365	0.001645181506			
913.8460365	4	1	95	0.9852482791	0.001612270174		3.377423698	18.14684157	78.47573473				50.971431	1.188150473	47.84041853	0	0	0	-913.8460365	0.9852482791	98176.6514153034	-913.8460365	0.001612270174			
911.2860365	4	1	95	0.9852740774	0.001580070751		3.364770903	18.12780799	78.50742111				51.04677088	1.161342254	47.79188687	0	0	0	-911.2860365	0.9852740774	100329.748816633	-911.2860365	0.001580070751			
908.7260365	4	1	95	0.9852993228	0.001548564357		3.35225041	18.10823541	78.53951418				51.12074244	1.13505819	47.74419937	0	0	0	-908.7260365	0.9852993228	102523.751091627	-908.7260365	0.001548564357			
906.1660365	4	1	95	0.9853240287	0.001517723588		3.339859404	18.08813539	78.5720052				51.19336993	1.10928898	47.69734109	0	0	0	-906.1660365	0.9853240287	104759.037932859	-906.1660365	0.001517723588			
903.6060365	4	1	95	0.9853482082	0.001487557628		3.327597826	18.06751222	78.60488995				51.26467821	1.084025047	47.65129674	0	0	0	-903.6060365	0.9853482082	107036.464086997	-903.6060365	0.001487557628			
901.0460365	4	1	95	0.9853718739	0.001458022589		3.315463218	18.04637641	78.63816037				51.33469047	1.059257424	47.6060521	0	0	0	-901.0460365	0.9853718739	109428.455861032	-901.0460365	0.001458022589			
898.4860365	4	1	95	0.9853950088	0.001427315831		3.303302179	18.02506849	78.67162933				51.40334367	1.035007203	47.56164913	0	0	0	-898.4860365	0.9853950088	111789.781289679	-898.4860365	0.001427315831			
895.9260365	4	1	95	0.9854176834	0.001400822478		3.291417462	18.00292989	78.70565265				51.47083362	1.011204803	47.51796158	0	0	0	-895.9260365	0.9854176834	114131.331219044	-895.9260365	0.001400822478			
893.3660365	4	1	95	0.9854398796	0.001373109483		3.279655982	17.9803005	78.74004352				51.5370956	0.9878723117	47.47503209	0	0	0	-893.3660365	0.9854398796	116588.167687446	-893.3660365	0.001373109483			
890.8060365	4	1	95	0.9854616086	0.001345964979		3.268016006	17.95718825	78.77479574				51.60215091	0.9650013945	47.4328477	0	0	0	-890.8060365	0.9854616086	119092.453813381	-890.8060365	0.001345964979			
888.2460365	4	1	95	0.9854828811	0.001319382858		3.256496744	17.93359909	78.80990416				51.66602089	0.9425837094	47.3913954	0	0	0	-888.2460365	0.9854828811	121645.393232864	-888.2460365	0.001319382858			
885.6860365	4	1	95	0.9855037076	0.001293346932		3.245097375	17.90953891	78.84536372				51.72872635	0.9206110994	47.35066255	0	0	0	-885.6860365	0.9855037076	124247.448641895	-885.6860365	0.001293346932			
883.1260365	4	1	95	0.9855240984	0.00126784333		3.233817202	17.88501319	78.8811696				51.79028767	0.8990755577	47.31063677	0	0	0	-883.1260365	0.9855240984	126899.729716024	-883.1260365	0.00126784333			
880.5660365	4	1	95	0.9855440634	0.001242858618		3.222655656	17.86002708	78.91731726				51.85072484	0.8779692254	47.27130593	0	0	0	-880.5660365	0.9855440634	129604.422367241	-880.5660365	0.001242858618			
878.0060365	4	1	95	0.985563612	0.001218379769		3.211612289	17.83458534	78.95380237				51.91005742	0.8572843886	47.23265819	0	0	0	-878.0060365	0.985563612	132361.830029055	-878.0060365	0.001218379769			
875.4460365	4	1	95	0.9855827538	0.001194394155		3.200686772	17.80869238	78.99062084				51.96830457	0.8370134766	47.19468195	0	0	0	-875.4460365	0.9855827538	135173.156444843	-875.4460365	0.001194394155			
872.8860365	4	1	95	0.9856014977	0.001170889532		3.189878894	17.7823523	79.02776881				52.02548508	0.8171490586	47.15736586	0	0	0	-872.8860365	0.9856014977	138040.593230575	-872.8860365	0.001170889532			
870.3260365	4	1	95	0.9856198525	0.001147854031		3.179188556	17.75556883	79.06524261				52.08161737	0.7976838418	47.12069879	0	0	0	-870.3260365	0.9856198525	140964.775736704	-870.3260365	0.001147854031			
867.7660365	4	1	95	0.9856378268	0.001125276142		3.168615774	17.7283454	79.10303883				52.13671946	0.7786106685	47.08466988	0	0	0	-867.7660365	0.9856378268	143946.715262869	-867.7660365	0.001125276142			
865.2060365	4	1	95	0.985655429	0.00110314471		3.158160676	17.7006851	79.14115423				52.19080903	0.7599225139	47.04926845	0	0	0	-865.2060365	0.985655429	146987.917786841	-865.2060365	0.00110314471			
862.6460365	4	1	95	0.9856726672	0.001081448916		3.147823498	17.67259073	79.17958577				52.24390342	0.741612483	47.0144841	0	0	0	-862.6460365	0.9856726672	150090.448556053	-862.6460365	0.001081448916			
860.0860365	4	1	95	0.9856895492	0.001060178423		3.137604608	17.64406472	79.21833067				52.29601959	0.7236738073	46.98030661	0	0	0	-860.0860365	0.9856895492	153256.120631977	-860.0860365	0.001060178423			
857.5260365	4	1	95	0.9857060826	0.001039322753		3.127504437	17.61510931	79.25738625				52.3471742	0.706099846	46.94672595	0	0	0	-857.5260365	0.9857060826	156485.461763103	-857.5260365	0.001039322753			
854.9660365	4	1	95	0.985722275	0.001018872201		3.117523544	17.5857264	79.29675005				52.39738359	0.6888840793	46.91373233	0	0	0	-854.9660365	0.985722275	159780.063080017	-854.9660365	0.001018872201			
852.4060365	4	1	95	0.9857381336	0.0009988172045		3.107662597	17.5559176	79.3364198				52.44666376	0.6720201077	46.88131613	0	0	0	-852.4060365	0.9857381336	163142.01110092	-852.4060365	0.0009988172045			
849.8460365	4	1	95	0.9857536655	0.0009791484884		3.097922372	17.52568421	79.37639342				52.4950304	0.655501649	46.84946795	0	0	0	-849.8460365	0.9857536655	166573.167719168	-849.8460365	0.0009791484884			
847.2860365	4	1	95	0.9857688775	0.0009598570582		3.08830375	17.49502728	79.41666897				52.54249891	0.6393225364	46.81817855	0	0	0	-847.2860365	0.9857688775	170075.455171161	-847.2860365	0.0009598570582			
844.7260365	4	1	95	0.9857837763	0.0009409341898		3.07880772	17.46394756	79.45724472				52.58908439	0.6234767158	46.78743889	0	0	0	-844.7260365	0.9857837763	173649.822309043	-844.7260365	0.0009409341898			
842.1660365	4	1	95	0.9857983685	0.000922371421		3.069435378	17.43244554	79.49811909				52.63480165	0.6079582433	46.75724011	0	0	0	-842.1660365	0.9857983685	177298.478411485	-842.1660365	0.000922371421			
839.6060365	4	1	95	0.9858126604	0.0009041605428		3.060187932	17.4005214	79.53929066				52.67966521	0.5927612831	46.7275735	0	0	0	-839.6060365	0.9858126604	181023.056644096	-839.6060365	0.0009041605428			
837.0460365	4	1	95	0.9858266583	0.0008862935916		3.051066698	17.3681751	79.5807582				52.72368934	0.5778801053	46.69843055	0	0	0	-837.0460365	0.9858266583	184826.834268439	-837.0460365	0.0008862935916			
834.4860365	4	1	95	0.985840368	0.0008687628411		3.042073105	17.33540628	79.62252061				52.76688803	0.5633090832	46.66980288	0	0	0	-834.4860365	0.985840368	188710.987247344	-834.4860365	0.0008687628411			
831.9260365	4	1	95	0.9858537956	0.0008515607945		3.033208694	17.30221434	79.66457697				52.80927501	0.5490426915	46.6416823	0	0	0	-831.9260365	0.9858537956	192677.156208372	-831.9260365	0.0008515607945			
829.3660365	4	1	95	0.9858669467	0.0008346801772		3.024475122	17.26859838	79.7069265				52.85086375	0.535075504	46.61406075	0	0	0	-829.3660365	0.9858669467	196728.116017951	-829.3660365	0.0008346801772			
826.8060365	4	1	95	0.985879827	0.0008181139296		3.015874167	17.23455725	79.74956858				52.89166748	0.5214021911	46.58693033	0	0	0	-826.8060365	0.985879827	200865.64402368	-826.8060365	0.0008181139296			
824.2460365	4	1	95	0.9858924419	0.0008018552002		3.007407723	17.20008952	79.79250276				52.93169919	0.5080175183	46.56028329	0	0	0	-824.2460365	0.9858924419	205092.165716433	-824.2460365	0.0008018552002			
821.6860365	4	1	95	0.9859047968	0.0007858973386		2.99907781	17.16519347	79.83572872				52.97097164	0.4949163437	46.53411202	0	0	0	-821.6860365	0.9859047968	209481.329071265	-821.6860365	0.0007858973386			
821.0460365	4	1	95	0.9859078438	0.0001939820465		2.99702563	17.15638026	79.84659411				52.98066738	0.4916843884	46.52764823	0	0	0	-821.0460365	0.9859078438	210634.213724768	-821.0460365	0.0001939820465			
820.7260365	4	1	95	0.9859093609	9.659668045E-05		2.996003809	17.15196085	79.85203534				52.98549621	0.4900749226	46.52442887	0	0	0	-820.7260365	0.9859093609	84891.9330299266	-820.7260365	9.659668045E-05			
820.7060365	4	1	95	0.9859100143	2.941303181E-06	4.065483978E-05	2.994938018	17.15421059	79.85085139	31.48524591	0.8794944177	67.63525967	52.98651799	0.4900102423	46.52347176	0	0	0	-820.7060365	0.9859100143	53278.0829776455	-820.7060365	2.941303181E-06	4.065483978E-05	3.4229294792741	
820.6860365	4	1	95	0.9859103263	4.821507529E-06	1.58170339E-05	2.99448466	17.1549163	79.85059904	31.4868743	0.8792756877	67.63385002	52.9870991	0.4899237341	46.52297717	0	0	0	-820.6860365	0.9859103263	63987.1885422201	-820.6860365	4.821507529E-06	1.58170339E-05	0.987837896290438	
820.6460365	4	1	95	0.9859109537	9.649487691E-06	3.185787491E-05	2.993572501	17.15634215	79.85008535	31.49014595	0.8788377918	67.63101626	52.98826604	0.4897509159	46.52198304	0	0	0	-820.6460365	0.9859109537	63750.1012254377	-820.6460365	9.649487691E-06	3.185787491E-05	0.301407898948583	
820.5660365	4	1	95	0.9859122088	1.928734772E-05	6.374412958E-05	2.991748905	17.15919346	79.84905763	31.49669013	0.877962445	67.62534742	52.99059977	0.4894054189	46.51999481	0	0	0	-820.5660365	0.9859122088	63734.8645901574	-820.5660365	1.928734772E-05	6.374412958E-05	0.301939786495514	
820.4060365	4	1	95	0.9859147196	3.852901686E-05	0.0001276055599	2.988104667	17.1648944	79.84700093	31.5097724	0.8762145183	67.61401308	52.99526673	0.4887149705	46.5160183	0	0	0	-820.4060365	0.9859147196	63717.9447837403	-820.4060365	3.852901686E-05	0.0001276055599	0.300724326912916	
820.0860365	4	1	95	0.9859197428	7.686553478E-05	0.0002555800264	2.980827926	17.17628969	79.84288239	31.53594575	0.8727262128	67.59132803	53.00459601	0.4873364629	46.50806753	0	0	0	-820.0860365	0.9859197428	63684.3632456431	-820.0860365	7.686553478E-05	0.0002555800264	0.298359258313934	
819.4460365	4	1	95	0.9859297987	0.0001530002528	0.0005128459968	2.966321238	17.199054	79.83462476	31.58830487	0.8657821601	67.54591296	53.02324238	0.4845883147	46.49216931	0	0	0	-819.4460365	0.9859297987	63604.2707447129	-819.4460365	0.0001530002528	0.0005128459968	0.293307370231104	
818.1660365	4	1	95	0.9859499485	0.0003027291734	0.001032753232	2.937492892	17.24448109	79.81802602	31.69307613	0.8520233883	67.45490049	53.06048334	0.4791278424	46.46038882	0	0	0	-818.1660365	0.9859499485	63453.0930995391	-818.1660365	0.0003027291734	0.001032753232	0.284086704037569	
815.6060365	4	1	95	0.9859903842	0.0005948247475	0.00209052626	2.880567671	17.334935	79.78449733	31.90286558	0.8250151454	67.27211928	53.13476182	0.4683491842	46.39688899	0	0	0	-815.6060365	0.9859903842	63233.9501179117	-815.6060365	0.0005948247475	0.00209052626	-0.437442507973761	
813.0460365	4	1	95	0.9860309179	0.0005816119663	0.00211944148	2.824598557	17.42487462	79.75052683	32.11302667	0.798673063	67.08830026	53.20877689	0.4577583172	46.3334648	0	0	0	-813.0460365	0.9860309179	63073.7507617621	-813.0460365	0.0005816119663	0.00211944148	-0.448467731888211	
810.4860365	4	1	95	0.9860715593	0.0005686679869	0.002148870603	2.769560327	17.51433083	79.71610885	32.32362905	0.7729811387	66.90338981	53.28253981	0.4473531003	46.27010709	0	0	0	-810.4860365	0.9860715593	62900.3688239742	-810.4860365	0.0005686679869	0.002148870603	-0.432075644518699	
807.9260365	4	1	95	0.9861123168	0.000556015529	0.002178696466	2.71543199	17.60332563	79.68124238	32.53473416	0.747924233	66.71734161	53.35605997	0.4371312656	46.20680877	0	0	0	-807.9260365	0.9861123168	62714.4207079433	-807.9260365	0.000556015529	0.002178696466	-0.416271467899953	
805.3660365	4	1	95	0.9861531996	0.0005436428041	0.002209006688	2.662192271	17.69188373	79.645924	32.74640659	0.7234877079	66.5301057	53.42934776	0.4270906012	46.14356164	0	0	0	-805.3660365	0.9861531996	62515.2200689701	-805.3660365	0.0005436428041	0.002209006688	-0.400369058281466	
802.8060365	4	1	95	0.9861942173	0.0005315418746	0.002239845051	2.609820676	17.7800297	79.61014962	32.95871185	0.6996574485	66.3416307	53.50241386	0.4172289086	46.08035723	0	0	0	-802.8060365	0.9861942173	62302.3479895148	-802.8060365	0.0005315418746	0.002239845051	-0.384679779689628	
800.2460365	4	1	95	0.98623538	0.0005197051994	0.002271257286	2.558297459	17.86778804	79.5739145	33.17171648	0.6764198327	66.15186368	53.57526922	0.4075440019	46.01718678	0	0	0	-800.2460365	0.98623538	62075.4933202537	-800.2460365	0.0005197051994	0.002271257286	-0.369223465890361	
797.6860365	4	1	95	0.9862766981	0.0005081255679	0.002303291299	2.507603579	17.95518321	79.53721321	33.38548821	0.6537617057	65.96075009	53.64792508	0.3980337083	45.95404122	0	0	0	-797.6860365	0.9862766981	61834.3065830284	-797.6860365	0.0005081255679	0.002303291299	-0.354019219514315	
795.1260365	4	1	95	0.9863181826	0.0004967960869	0.002335997402	2.457720661	18.0422397	79.50003964	33.60009605	0.6316703552	65.76823359	53.720393	0.388695868	45.89091113	0	0	0	-795.1260365	0.9863181826	61578.4724118056	-795.1260365	0.0004967960869	0.002335997402	-0.339084691416108	
792.5660365	4	1	95	0.9863598448	0.0004857101627	0.002369428566	2.408630963	18.12898206	79.46238697	33.81561052	0.6101334889	65.57425599	53.79268488	0.3795283343	45.82778678	0	0	0	-792.5660365	0.9863598448	61307.6454689626	-792.5660365	0.0004857101627	0.002369428566	-0.324436156832829	
790.0060365	4	1	95	0.9864016967	0.0004748614841	0.002403640695	2.360317342	18.215435	79.42424766	34.03210373	0.5891392126	65.37875706	53.86481298	0.3705289739	45.76465805	0	0	0	-790.0060365	0.9864016967	61021.4467482017	-790.0060365	0.0004748614841	0.002403640695	-0.310088498781013	
787.4460365	4	1	95	0.9864437507	0.0004642440076	0.002438692925	2.312763218	18.30162336	79.38561342	34.24964957	0.5686760105	65.18167441	53.9367899	0.361695667	45.70151443	0	0	0	-787.4460365	0.9864437507	60719.4779713886	-787.4460365	0.0004642440076	0.002438692925	-0.29605520050908	
784.8860365	4	1	95	0.98648602	0.0004538519429	0.002474647951	2.265952553	18.38757225	79.3464752	34.46832391	0.5487327257	64.98294337	54.00862869	0.3530263073	45.638345	0	0	0	-784.8860365	0.98648602	60401.3881292873	-784.8860365	0.0004538519429	0.002474647951	-0.282348329023453	
782.3260365	4	1	95	0.9865285182	0.0004436797397	0.002511572394	2.219869813	18.47330706	79.30682313	34.6882047	0.5292985427	64.78249675	54.08034279	0.3445188018	45.5751384	0	0	0	-782.3260365	0.9865285182	60066.8173185159	-782.3260365	0.0004436797397	0.002511572394	-0.268978538958321	
779.7660365	4	1	95	0.9865712598	0.0004337220762	0.002549537196	2.174499949	18.55885352	79.26664653	34.90937225	0.5103629704	64.58026478	54.15194613	0.3361710716	45.5118828	0	0	0	-779.7660365	0.9865712598	59715.2514698456	-779.7660365	0.0004337220762	0.002549537196	-0.255955108642581	
777.2060365	4	1	95	0.98661426	0.0004239738476	0.002588618064	2.129828368	18.64423778	79.22593385	35.13190934	0.4919158263	64.37617484	54.2234531	0.3279810512	45.44856585	0	0	0	-777.2060365	0.98661426	59346.5235069612	-777.2060365	0.0004239738476	0.002588618064	-0.243285949643346	
774.6460365	4	1	95	0.9866575345	0.0004144301563	0.00262889596	2.085840911	18.72948648	79.18467261	35.35590151	0.4739472216	64.17015127	54.29487863	0.3199466892	45.38517468	0	0	0	-774.6460365	0.9866575345	58960.1282360706	-774.6460365	0.0004144301563	0.00262889596	-0.230977644170616	
772.0860365	4	1	95	0.9867011003	0.0004050863023	0.002670457647	2.042523827	18.81462677	79.1428494	35.58143724	0.4564475468	63.96211521	54.3662382	0.312065948	45.32169585	0	0	0	-772.0860365	0.9867011003	58555.4979960459	-772.0860365	0.0004050863023	0.002670457647	-0.21903548049015	
769.5260365	4	1	95	0.9867449751	0.000395937775	0.002713396299	1.999863752	18.89968645	79.10044979	35.80860821	0.4394074587	63.75198433	54.4375479	0.304336804	45.25811529	0	0	0	-769.5260365	0.9867449751	58132.43003149	-769.5260365	0.000395937775	0.002713396299	-0.207463501688454	
766.9660365	4	1	95	0.9867891775	0.0003869802455	0.002757812179	1.957847693	18.984694	79.0574583	36.03750956	0.4228178675	63.53967258	54.50882446	0.2967572474	45.19441829	0	0	0	-766.9660365	0.9867891775	57690.4785977119	-766.9660365	0.0003869802455	0.002757812179	-0.196264557515179	
764.4060365	4	1	95	0.9868337273	0.0003782095592	0.002803813407	1.916462998	19.06967868	79.01385833	36.26824015	0.4066699245	63.32508992	54.58008531	0.2893252829	45.13058941	0	0	0	-764.4060365	0.9868337273	57229.0427361023	-764.4060365	0.0003782095592	0.002803813407	-0.185440350070766	
761.8460365	4	1	95	0.9868786456	0.0003696217301	0.002851516816	1.875697346	19.15467059	78.96963206	36.50090293	0.3909550113	63.10814206	54.6513486	0.2820389291	45.06661247	0	0	0	-761.8460365	0.9868786456	56747.8264531558	-761.8460365	0.0003696217301	0.002851516816	-0.174991496875056	
759.2860365	4	1	95	0.9869239544	0.0003612129352	0.002901048921	1.835538721	19.23970082	78.92476046	36.73560517	0.3756647285	62.8887301	54.72263333	0.2748962187	45.00247045	0	0	0	-759.2860365	0.9869239544	56246.3499646266	-759.2860365	0.0003612129352	0.002901048921	-0.164917597032816	
756.7260365	4	1	95	0.9869696775	0.0003529795092	0.002952547012	1.7959754	19.32480151	78.87922309	36.9724589	0.3607908857	62.66675021	54.79395934	0.2678951989	44.93814546	0	0	0	-756.7260365	0.9869696775	55724.010857695	-756.7260365	0.0003529795092	0.002952547012	-0.155217283490818	
754.1660365	4	1	95	0.98701584	0.000344917941	0.003006160398	1.756995928	19.41000596	78.83299811	37.21158127	0.3463254912	62.44209323	54.86534742	0.2610339311	44.87361865	0	0	0	-754.1660365	0.98701584	55180.5484180148	-754.1660365	0.000344917941	0.003006160398	-0.145888286987486	
751.6060365	4	1	95	0.9870624685	0.0003370248701	0.003062051813	1.718589105	19.49534878	78.78606211	37.45309499	0.3322607435	62.21464427	54.93681936	0.2543104909	44.80887014	0	0	0	-751.6060365	0.9870624685	54615.441356008	-751.6060365	0.0003370248701	0.003062051813	-0.136927508631328	
749.0460365	4	1	95	0.9871095916	0.0003292970841	0.003120399026	1.680743967	19.580866	78.73839003	37.69712875	0.3185890214	61.98428223	55.00839809	0.2477229687	44.74387894	0	0	0	-749.0460365	0.9871095916	54028.0558368595	-749.0460365	0.0003292970841	0.003120399026	-0.128331077169284	
746.4860365	4	1	95	0.9871572399	0.0003217315165	0.00318139668	1.643449769	19.66659522	78.68995501	37.9438178	0.3053028762	61.75087932	55.08010772	0.241269469	44.67862281	0	0	0	-746.4860365	0.9871572399	53418.0172535797	-746.4860365	0.0003217315165	0.00318139668	-0.12009441324481	
743.9260365	4	1	95	0.9872054459	0.0003143252464	0.0032452584	1.606695967	19.75257577	78.64072827	38.19330448	0.2923950231	61.5143005	55.15197366	0.2349481109	44.61307823	0	0	0	-743.9260365	0.9872054459	52784.8887387227	-743.9260365	0.0003143252464	0.0032452584	-0.112212292100592	
741.3660365	4	1	95	0.9872542446	0.0003070754981	0.00331221922	1.570472202	19.83884888	78.59067892	38.44573882	0.2798583338	61.27440285	55.22402276	0.2287570283	44.54722021	0	0	0	-741.3660365	0.9872542446	52127.9790012961	-741.3660365	0.0003070754981	0.00331221922	-0.104678906939336	
738.8060365	4	1	95	0.9873036738	0.0002999796424	0.003382538386	1.534768279	19.9254579	78.53977382	38.70127928	0.2676858283	61.0310349	55.29628343	0.2226943694	44.4810222	0	0	0	-738.8060365	0.9873036738	51446.7628473094	-738.8060365	0.0002999796424	0.003382538386	-0.0974879250319901	
736.2460365	4	1	95	0.987353774	0.0002930351986	0.003456502606	1.499574152	20.01244849	78.48797735	38.96009348	0.2558706685	60.78403585	55.36878579	0.2167582975	44.41445592	0	0	0	-736.2460365	0.987353774	50740.9049843657	-736.2460365	0.0002930351986	0.003456502606	-0.090632548509564	
733.6860365	4	1	95	0.9874045887	0.000286239838	0.003534429827	1.464879904	20.09986888	78.43525121	39.22235909	0.2444061506	60.53323476	55.4415618	0.2109469903	44.34749121	0	0	0	-733.6860365	0.9874045887	50009.7861251047	-733.6860365	0.000286239838	0.003534429827	-0.0841055669301951	
731.1260365	4	1	95	0.9874561653	0.0002795913894	0.003616673646	1.430675726	20.18777013	78.38155415	39.48826472	0.2332856986	60.27844958	55.51464553	0.2052586405	44.28009583	0	0	0	-731.1260365	0.9874561653	49251.7878698494	-731.1260365	0.0002795913894	0.003616673646	-0.0783065813095073	
728.5660365	4	1	95	0.9875085571	0.0002729973886	0.003703870005	1.3969519	20.27620642	78.32684168	39.75801106	0.2225028579	60.01948608	55.58807328	0.199691456	44.21223527	0	0	0	-728.5660365	0.9875085571	48467.4447722263	-728.5660365	0.0002729973886	0.003703870005	-0.0724249289773631	
726.0060365	4	1	95	0.9875618175	0.0002666375119	0.00379597902	1.363698772	20.36523546	78.27106577	40.03181205	0.2120512885	59.75613667	55.66188388	0.1942436594	44.14387246	0	0	0	-726.0060365	0.9875618175	47657.754042951	-726.0060365	0.0002666375119	0.00379597902	-0.0660068404088464	
723.4460365	4	1	95	0.9876160058	0.0002605105013	0.003893565251	1.330906122	20.4549218	78.21417208	40.30990019	0.20192472	59.48817509	55.73611999	0.1889135174	44.07496649	0	0	0	-723.4460365	0.9876160058	46820.9220500536	-723.4460365	0.0002605105013	0.003893565251	-0.0607093538618336	
720.8860365	4	1	95	0.9876711884	0.0002544329849	0.003997456265	1.298565586	20.54532533	78.15610909	40.59251237	0.1921171033	59.21537053	55.81082423	0.1836992256	44.00547655	0	0	0	-720.8860365	0.9876711884	45955.4099557559	-720.8860365	0.0002544329849	0.003997456265	-0.05613427542716	
718.3260365	4	1	95	0.9877274386	0.0002484927297	0.004108256436	1.266666948	20.6365197	78.09681335	40.87991505	0.1826223669	58.93746258	55.88604576	0.1785990816	43.93535516	0	0	0	-718.3260365	0.9877274386	45060.7273960995	-718.3260365	0.0002484927297	0.004108256436	-0.0513951368100445	
715.7660365	4	1	95	0.987784836	0.0002426902214	0.004226610263	1.235200568	20.72858101	78.03621842	41.17239074	0.17343457	58.65417469	55.96183659	0.1736113695	43.86455204	0	0	0	-715.7660365	0.987784836	44136.8130997657	-715.7660365	0.0002426902214	0.004226610263	-0.0469408311212131	
713.2060365	4	1	95	0.9878434678	0.0002370247334	0.004353334119	1.204156731	20.8215914	77.97425187	41.47024414	0.1645478571	58.365208	56.03825301	0.1687343895	43.7930126	0	0	0	-713.2060365	0.9878434678	43183.0936715621	-713.2060365	0.0002370247334	0.004353334119	-0.0427481787283658	
710.6460365	4	1	95	0.9879034308	0.0002314958405	0.004489362451	1.173525612	20.91563984	77.91083455	41.77380479	0.1559564515	58.07023876	56.11535622	0.1639664574	43.72067732	0	0	0	-710.6460365	0.9879034308	42198.8871066604	-710.6460365	0.0002314958405	0.004489362451	-0.0388083154427458	
708.0860365	4	1	95	0.9879648321	0.000226103463	0.004635769836	1.143297229	21.01082303	77.84587974	42.08343015	0.1476546501	57.7689152	56.19321288	0.1593059058	43.64748121	0	0	0	-708.0860365	0.9879648321	41183.6789369525	-708.0860365	0.000226103463	0.004635769836	-0.0351123686604477	
705.5260365	4	1	95	0.9880277909	0.0002208479202	0.004793798119	1.113461396	21.10724644	77.77929216	42.39950914	0.1396368171	57.46085405	56.27189591	0.1547510835	43.57335301	0	0	0	-705.5260365	0.9880277909	40136.8111179593	-705.5260365	0.0002208479202	0.004793798119	-0.0316514851780713	
702.9660365	4	1	95	0.9880924406	0.0002157299991	0.004964890095	1.084007664	21.20502552	77.71096681	42.72246633	0.1318973776	57.14563629	56.35148532	0.1503003564	43.49821432	0	0	0	-702.9660365	0.9880924406	39057.7143798801	-702.9660365	0.0002157299991	0.004964890095	-0.0284168538596703	
700.4060365	4	1	95	0.9881589306	0.0002107510393	0.005150731602	1.054925256	21.30428719	77.64078755	43.05276687	0.1244308115	56.82280232	56.43206928	0.1459521077	43.42197861	0	0	0	-700.4060365	0.9881589306	37945.8223043036	-700.4060365	0.0002107510393	0.005150731602	-0.0253997283806236	
697.8460365	4	1	95	0.9882274296	0.000205913043	0.005353304603	1.026202988	21.40517151	77.5686255	43.39092231	0.1172316464	56.49184604	56.51374534	0.1417047387	43.34454993	0	0	0	-697.8460365	0.9882274296	36800.4932764037	-697.8460365	0.000205913043	0.005353304603	-0.022591443014696	
695.2860365	4	1	95	0.9882981287	0.0002012188145	0.005574954738	0.9978291712	21.50783379	77.49433704	43.73749758	0.1102944506	56.15220797	56.59662187	0.1375566689	43.26582146	0	0	0	-695.2860365	0.9882981287	35621.1756915487	-695.2860365	0.0002012188145	0.005574954738	-0.0199834599247466	
692.7260365	4	1	95	0.9883712456	0.0001966721362	0.005818477608	0.9697915063	21.61244708	77.41776141	44.09311818	0.1036138353	55.80326799	56.68081991	0.1335063372	43.18567375	0	0	0	-692.7260365	0.9883712456	34407.2925396489	-692.7260365	0.0001966721362	0.005818477608	-0.0175672823517599	
690.1660365	4	1	95	0.9884470299	0.0001922780222	0.006087233681	0.9420769417	21.71920519	77.33871787	44.45848514	0.09718440167	55.44433046	56.7664753	0.1295522027	43.1039725	0	0	0	-690.1660365	0.9884470299	33158.2809364661	-690.1660365	0.0001922780222	0.006087233681	-0.0153345686837064	
687.6060365	4	1	95	0.9885257695	0.0001880430055	0.006385293408	0.9146715084	21.82832643	77.25700206	44.83438019	0.09100079838	55.07461901	56.85374137	0.1256927458	43.02056589	0	0	0	-687.6060365	0.9885257695	31873.599154615	-687.6060365	0.0001880430055	0.006385293408	-0.0132772009276781	
685.0460365	4	1	95	0.988607799	0.000183975571	0.006717636803	0.887560112	21.94005826	77.17238163	45.22168609	0.08505766321	54.69325624	56.94279226	0.1219264694	42.93528127	0	0	0	-685.0460365	0.988607799	30552.7083406124	-685.0460365	0.000183975571	0.006717636803	-0.0113871103692242	
682.4860365	4	1	95	0.9886935103	0.0001800867169	0.007090419649	0.8607262728	22.05468304	77.08459068	45.62140458	0.07934962067	54.2992458	57.03382713	0.1182519008	42.84792097	0	0	0	-682.4860365	0.9886935103	29195.0842406677	-682.4860365	0.0001800867169	0.007090419649	-0.00965641429038389	
679.9260365	4	1	95	0.9887833666	0.0001763907339	0.007511339522	0.8341517942	22.17252548	76.99332272	46.03468071	0.07387126442	53.89144802	57.12707539	0.114667594	42.75825702	0	0	0	-679.9260365	0.9887833666	27800.2606265566	-679.9260365	0.0001763907339	0.007511339522	-0.00807739177437791	
677.3660365	4	1	95	0.9888779204	0.0001729062955	0.007990146897	0.8078163367	22.29396204	76.89822162	46.46283406	0.06861713541	53.46854881	57.2228036	0.1111721323	42.66602427	0	0	0	-677.3660365	0.9888779204	26367.769404012	-677.3660365	0.0001729062955	0.007990146897	-0.00664248927335973	
674.8060365	4	1	95	0.9889778388	0.0001696580166	0.00853937296	0.7816968593	22.41943333	76.79886982	46.90739924	0.06358169376	53.02901907	57.32132436	0.1077641321	42.57091151	0	0	0	-674.8060365	0.9889778388	24897.184092897	-674.8060365	0.0001696580166	0.00853937296	-0.00534432373987084	
672.2460365	4	1	95	0.9890839365	0.0001666787282	0.009175389081	0.7557668752	22.54946051	76.69477261	47.3701796	0.05875928175	52.57106112	57.42300817	0.1044422477	42.47254959	0	0	0	-672.2460365	0.9890839365	23388.1224199569	-672.2460365	0.0001666787282	0.009175389081	-0.00417568535457488	
669.6860365	4	1	95	0.9891972241	0.0001640128834	0.009919988199	0.7299954416	22.68466755	76.58533701	47.85331962	0.0541440739	52.0925363	57.52829948	0.1012051778	42.37049534	0	0	0	-669.6860365	0.9891972241	21840.2193726345	-669.6860365	0.0001640128834	0.009919988199	-0.00312953837995905	
667.1260365	4	1	95	0.9893189751	0.0001617218034	0.01080281384	0.7043457553	22.82581187	76.46984238	48.35940467	0.04973000755	51.59086533	57.63773895	0.09805167476	42.26420938	0	0	0	-667.1260365	0.9893189751	20253.20101026	-667.1260365	0.0001617218034	0.01080281384	-0.0021990209409125	
664.5660365	4	1	95	0.989450827	0.0001598920328	0.0118652171	0.6787731527	22.97382798	76.34739887	48.89160208	0.04551068342	51.06288723	57.75199497	0.09498055687	42.15302447	0	0	0	-664.5660365	0.989450827	18626.8022545936	-664.5660365	0.0001598920328	0.0118652171	-0.00137744322198356	
662.0060365	4	1	95	0.9895949342	0.0001586491719	0.01316662414	0.6532221723	23.12989109	76.21688674	49.45386673	0.04147921835	50.50465405	57.87190989	0.09199072726	42.03609938	0	0	0	-662.0060365	0.9895949342	16960.8179367775	-662.0060365	0.0001586491719	0.01316662414	-0.0006582808647151	
659.4460365	4	1	95	0.9897542128	0.0001581818797	0.01479554931	0.6276220857	23.29551352	76.07686439	50.0512527	0.03762800696	49.9111193	57.99856991	0.08908120147	41.91234889	0	0	0	-659.4460365	0.9897542128	15255.1009575874	-659.4460365	0.0001581818797	0.01479554931	-3.51823602262152E-05	
656.8860365	4	1	95	0.9899327479	0.000158785825	0.01688972193	0.6018797993	23.47269697	75.92542324	50.69039601	0.03394840137	49.27565559	58.13341575	0.08625115114	41.78033309	0	0	0	-656.8860365	0.9899327479	13509.592262639	-656.8860365	0.000158785825	0.01688972193	0.000498044826565742	
654.3260365	4	1	95	0.9901365203	0.000160950267	0.01967557148	0.5758679637	23.6641862	75.75994583	51.38033259	0.03043003418	48.58923737	58.27842724	0.08349997607	41.63807279	0	0	0	-654.3260365	0.9901365203	11724.2860883	-654.3260365	0.000160950267	0.01967557148	0.000947469887121456	
651.7660365	4	1	95	0.9903748043	0.0001655440267	0.02355280214	0.5494036597	23.87392143	75.57667491	52.13394406	0.02705967644	47.83899626	58.43645252	0.08082743165	41.48272005	0	0	0	-651.7660365	0.9903748043	9899.37872918103	-651.7660365	0.0001655440267	0.02355280214	0.00131901955968071	
649.2060365	4	1	95	0.9906631609	0.0001742647934	0.02929808687	0.5222066133	24.10792006	75.36987333	52.97075529	0.0238190175	47.0054257	58.61185075	0.07823387483	41.30991538	0	0	0	-649.2060365	0.9906631609	8035.69271515121	-649.2060365	0.0001742647934	0.02929808687	0.00161849699800276	
646.6460365	4	1	95	0.9910308888	0.0001909196161	0.03864353865	0.4938063802	24.37622415	75.12996947	53.92310353	0.0206795196	46.05621695	58.81191256	0.07572080129	41.11236664	0	0	0	-646.6460365	0.9910308888	6136.48405983268	-646.6460365	0.0001909196161	0.03864353865	0.00185290675338331	
644.0860365	4	1	95	0.9915445509	0.0002262047908	0.05639826788	0.4632936666	24.69808973	74.83861661	55.05256432	0.0175882682	44.92984742	59.05064968	0.07329225363	40.87605806	0	0	0	-644.0860365	0.9915445509	4219.95666114802	-644.0860365	0.0002262047908	0.05639826788	0.00202760902869414	
641.5260365	4	1	95	0.9924233322	0.0003251710563	0.1028007208	0.4283840736	25.12138274	74.45023318	56.51106281	0.01441365771	43.47452353	59.3629711	0.07096003473	40.56606886	0	0	0	-641.5260365	0.9924233322	2264.17879800247	-641.5260365	0.0003251710563	0.1028007208	0.0133782245727516	
640.2460365	4	1	95	0.9931709585	0.0002648079971	0.09784353069	0.4070152567	25.41808024	74.1749045	57.5120593	0.01266286137	42.47527784	59.58108111	0.06984225384	40.34907664	0	0	0	-640.2460365	0.9931709585	1355.67037214815	-640.2460365	0.0002648079971	0.09784353069	0.00973609980859178	
639.6060365	4	1	95	0.9937686902	0.0002172044199	0.08692223338	0.393825563	25.61914538	73.98702905	58.17935627	0.01165570411	41.80898802	59.72863572	0.06930366533	40.20206061	0	0	0	-639.6060365	0.9937686902	873.666476160852	-639.6060365	0.0002172044199	0.08692223338	0.00378626361630742	
639.2860365	4	1	95	0.9942076778	0.0001681938632	0.07002468553	0.3858119229	25.74911316	73.86507492	58.60568488	0.01107133963	41.38324378	59.82394044	0.0690436703	40.10701589	0	0	0	-639.2860365	0.9942076778	610.871073544029	-639.2860365	0.0001681938632	0.07002468553	0.00310260498759837	
638.9660365	4	1	95	0.995027371	0.0003279483624	0.1408658819	0.3755657833	25.92502463	73.69940958	59.17623297	0.01035467506	40.81341235	59.9528765	0.06879666959	39.97832683	0	0	0	-638.9660365	0.995027371	291.119243762408	-638.9660365	0.0003279483624	0.1408658819	0.0021453019749584	
638.8060365	4	1	95	0.9958779413	0.0003900042408	0.1704235204	0.3681522611	26.05989097	73.57195677	59.60847592	0.009857589275	40.38166649	60.0517045	0.06868566586	39.87960984	0	0	0	-638.8060365	0.9958779413	141.735468000571	-638.8060365	0.0003900042408	0.1704235204	0.00200612682735325	
638.7660365	4	1	95	0.9962000735	0.0001772876102	0.07787554304	0.3655652692	26.10859338	73.52584135	59.76343862	0.009688391151	40.22687299	60.08739257	0.06866179245	39.84394564	0	0	0	-638.7660365	0.9962000735	103.590978871777	-638.7660365	0.0001772876102	0.07787554304	0.00156086294893166	
638.7260365	4	1	95	0.9968342977	0.0003779402911	0.1664075923	0.3620706987	26.17581445	73.46211485	59.97632722	0.009463353938	40.01420943	60.136648	0.06864271032	39.79470928	0	0	0	-638.7260365	0.9968342977	48.5618960008478	-638.7260365	0.0003779402911	0.1664075923	0.0021572677651084	
638.7160365	4	1	95	0.997065371	0.0001651528087	0.07278094758	0.3608624433	26.19944807	73.43968948	60.05090708	0.009386481579	39.93970643	60.15396736	0.06863967679	39.77739296	0	0	0	-638.7160365	0.997065371	36.3373546006172	-638.7160365	0.0001651528087	0.07278094758	0.002255587977697	
638.7060365	4	1	95	0.9974885908	0.0003263379622	0.1438317021	0.3592541054	26.23123698	73.40950891	60.15098827	0.009284915484	39.83972681	60.17726275	0.06863873757	39.75409851	0	0	0	-638.7060365	0.9974885908	21.3692832477842	-638.7060365	0.0003263379622	0.1438317021	0.00226874352090625	
638.6860365	4	1	95	1	0.002265182948	0.9977348171	0.3566760579	26.2828679	73.36045604	60.31307498	0.009123895139	39.67780113							-638.6860365	1	7.96365642045968	-638.6860365	0.002265182948	0.9977348171	0.00227056788029166	
638.6660365	4	1	95	1	0.002265182948	0.9977348171	0.3566760579	26.2828679	73.36045604	60.31307498	0.009123895139	39.67780113							-638.6660365	1	NaN	-638.6660365	0.002265182948	0.9977348171	NaN	
638.6260365	4	1	95	1	0.002265182948	0.9977348171	0.3566760579	26.2828679	73.36045604	60.31307498	0.009123895139	39.67780113							-638.6260365	1	NaN	-638.6260365	0.002265182948	0.9977348171	NaN	
638.5460365	4	1	95	1	0.002265182948	0.9977348171	0.3566760579	26.2828679	73.36045604	60.31307498	0.009123895139	39.67780113							-638.5460365	1	NaN	-638.5460365	0.002265182948	0.9977348171	NaN	
638.3860365	4	1	95	1	0.002265182948	0.9977348171	0.3566760579	26.2828679	73.36045604	60.31307498	0.009123895139	39.67780113							-638.3860365	1	NaN	-638.3860365	0.002265182948	0.9977348171	NaN	
638.0660365	4	1	95	1	0.002265182948	0.9977348171	0.3566760579	26.2828679	73.36045604	60.31307498	0.009123895139	39.67780113							-638.0660365	1	NaN	-638.0660365	0.002265182948	0.9977348171	NaN	
637.4260365	4	1	95	1	0.002265182948	0.9977348171	0.3566760579	26.2828679	73.36045604	60.31307498	0.009123895139	39.67780113							-637.4260365	1	NaN	-637.4260365	0.002265182948	0.9977348171	NaN	
636.1460365	4	1	95	1	0.002265182948	0.9977348171	0.3566760579	26.2828679	73.36045604	60.31307498	0.009123895139	39.67780113							-636.1460365	1	NaN	-636.1460365	0.002265182948	0.9977348171	NaN	
633.5860365	4	1	95	1	0.002265182948	0.9977348171	0.3566760579	26.2828679	73.36045604	60.31307498	0.009123895139	39.67780113							-633.5860365	1	NaN	-633.5860365	0.002265182948	0.9977348171	NaN	
628.4660365	4	1	95	1	0.002265182948	0.9977348171	0.3566760579	26.2828679	73.36045604	60.31307498	0.009123895139	39.67780113							-628.4660365	1	NaN	-628.4660365	0.002265182948	0.9977348171	NaN	
623.3460365	4	1	95	1	0.002265182948	0.9977348171	0.3566760579	26.2828679	73.36045604	60.31307498	0.009123895139	39.67780113							-623.3460365	1	NaN	-623.3460365	0.002265182948	0.9977348171	NaN	
618.2260365	4	1	95	1	0.002265182948	0.9977348171	0.3566760579	26.2828679	73.36045604	60.31307498	0.009123895139	39.67780113							-618.2260365	1	NaN	-618.2260365	0.002265182948	0.9977348171	NaN	
613.1060365	4	1	95	1	0.002265182948	0.9977348171	0.3566760579	26.2828679	73.36045604	60.31307498	0.009123895139	39.67780113							-613.1060365	1	NaN	-613.1060365	0.002265182948	0.9977348171	NaN	
607.9860365	4	1	95	1	0.002265182948	0.9977348171	0.3566760579	26.2828679	73.36045604	60.31307498	0.009123895139	39.67780113							-607.9860365	1	NaN	-607.9860365	0.002265182948	0.9977348171	NaN	
602.8660365	4	1	95	1	0.002265182948	0.9977348171	0.3566760579	26.2828679	73.36045604	60.31307498	0.009123895139	39.67780113							-602.8660365	1	NaN	-602.8660365	0.002265182948	0.9977348171	NaN	
597.7460365	4	1	95	1	0.002265182948	0.9977348171	0.3566760579	26.2828679	73.36045604	60.31307498	0.009123895139	39.67780113							-597.7460365	1	NaN	-597.7460365	0.002265182948	0.9977348171	NaN	
592.6260365	4	1	95	1	0.002265182948	0.9977348171	0.3566760579	26.2828679	73.36045604	60.31307498	0.009123895139	39.67780113							-592.6260365	1	NaN	-592.6260365	0.002265182948	0.9977348171	NaN	
587.5060365	4	1	95	1	0.002265182948	0.9977348171	0.3566760579	26.2828679	73.36045604	60.31307498	0.009123895139	39.67780113							-587.5060365	1	NaN	-587.5060365	0.002265182948	0.9977348171	NaN	
582.3860365	4	1	95	1	0.002265182948	0.9977348171	0.3566760579	26.2828679	73.36045604	60.31307498	0.009123895139	39.67780113							-582.3860365	1	NaN	-582.3860365	0.002265182948	0.9977348171	NaN	
577.2660365	4	1	95	1	0.002265182948	0.9977348171	0.3566760579	26.2828679	73.36045604	60.31307498	0.009123895139	39.67780113							-577.2660365	1	NaN	-577.2660365	0.002265182948	0.9977348171	NaN	
572.1460365	4	1	95	1	0.002265182948	0.9977348171	0.3566760579	26.2828679	73.36045604	60.31307498	0.009123895139	39.67780113							-572.1460365	1	NaN	-572.1460365	0.002265182948	0.9977348171	NaN	
567.0260365	4	1	95	1	0.002265182948	0.9977348171	0.3566760579	26.2828679	73.36045604	60.31307498	0.009123895139	39.67780113							-567.0260365	1	NaN	-567.0260365	0.002265182948	0.9977348171	NaN	
561.9060365	4	1	95	1	0.002265182948	0.9977348171	0.3566760579	26.2828679	73.36045604	60.31307498	0.009123895139	39.67780113							-561.9060365	1	NaN	-561.9060365	0.002265182948	0.9977348171	NaN	
556.7860365	4	1	95	1	0.002265182948	0.9977348171	0.3566760579	26.2828679	73.36045604	60.31307498	0.009123895139	39.67780113							-556.7860365	1	NaN	-556.7860365	0.002265182948	0.9977348171	NaN	
551.6660365	4	1	95	1	0.002265182948	0.9977348171	0.3566760579	26.2828679	73.36045604	60.31307498	0.009123895139	39.67780113							-551.6660365	1	NaN	-551.6660365	0.002265182948	0.9977348171	NaN	
546.5460365	4	1	95	1	0.002265182948	0.9977348171	0.3566760579	26.2828679	73.36045604	60.31307498	0.009123895139	39.67780113							-546.5460365	1	NaN	-546.5460365	0.002265182948	0.9977348171	NaN	
541.4260365	4	1	95	1	0.002265182948	0.9977348171	0.3566760579	26.2828679	73.36045604	60.31307498	0.009123895139	39.67780113							-541.4260365	1	NaN	-541.4260365	0.002265182948	0.9977348171	NaN	
536.3060365	4	1	95	1	0.002265182948	0.9977348171	0.3566760579	26.2828679	73.36045604	60.31307498	0.009123895139	39.67780113							-536.3060365	1	NaN	-536.3060365	0.002265182948	0.9977348171	NaN	
531.1860365	4	1	95	1	0.002265182948	0.9977348171	0.3566760579	26.2828679	73.36045604	60.31307498	0.009123895139	39.67780113							-531.1860365	1	NaN	-531.1860365	0.002265182948	0.9977348171	NaN	
526.0660365	4	1	95	1	0.002265182948	0.9977348171	0.3566760579	26.2828679	73.36045604	60.31307498	0.009123895139	39.67780113							-526.0660365	1	NaN	-526.0660365	0.002265182948	0.9977348171	NaN	
520.9460365	4	1	95	1	0.002265182948	0.9977348171	0.3566760579	26.2828679	73.36045604	60.31307498	0.009123895139	39.67780113							-520.9460365	1	NaN	-520.9460365	0.002265182948	0.9977348171	NaN	
515.8260365	4	1	95	1	0.002265182948	0.9977348171	0.3566760579	26.2828679	73.36045604	60.31307498	0.009123895139	39.67780113							-515.8260365	1	NaN	-515.8260365	0.002265182948	0.9977348171	NaN	
510.7060365	4	1	95	1	0.002265182948	0.9977348171	0.3566760579	26.2828679	73.36045604	60.31307498	0.009123895139	39.67780113							-510.7060365	1	NaN	-510.7060365	0.002265182948	0.9977348171	NaN	
505.5860365	4	1	95	1	0.002265182948	0.9977348171	0.3566760579	26.2828679	73.36045604	60.31307498	0.009123895139	39.67780113							-505.5860365	1	NaN	-505.5860365	0.002265182948	0.9977348171	NaN	
500.4660365	4	1	95	1	0.002265182948	0.9977348171	0.3566760579	26.2828679	73.36045604	60.31307498	0.009123895139	39.67780113							-500.4660365	1	NaN	-500.4660365	0.002265182948	0.9977348171	NaN	
495.3460365	4	1	95	1	0.002265182948	0.9977348171	0.3566760579	26.2828679	73.36045604	60.31307498	0.009123895139	39.67780113							-495.3460365	1	NaN	-495.3460365	0.002265182948	0.9977348171	NaN	
490.2260365	4	1	95	1	0.002265182948	0.9977348171	0.3566760579	26.2828679	73.36045604	60.31307498	0.009123895139	39.67780113							-490.2260365	1	NaN	-490.2260365	0.002265182948	0.9977348171	NaN	
485.1060365	4	1	95	1	0.002265182948	0.9977348171	0.3566760579	26.2828679	73.36045604	60.31307498	0.009123895139	39.67780113							-485.1060365	1	NaN	-485.1060365	0.002265182948	0.9977348171	NaN	
479.9860365	4	1	95	1	0.002265182948	0.9977348171	0.3566760579	26.2828679	73.36045604	60.31307498	0.009123895139	39.67780113							-479.9860365	1	NaN	-479.9860365	0.002265182948	0.9977348171	NaN	
474.8660365	4	1	95	1	0.002265182948	0.9977348171	0.3566760579	26.2828679	73.36045604	60.31307498	0.009123895139	39.67780113							-474.8660365	1	NaN	-474.8660365	0.002265182948	0.9977348171	NaN	
469.7460365	4	1	95	1	0.002265182948	0.9977348171	0.3566760579	26.2828679	73.36045604	60.31307498	0.009123895139	39.67780113							-469.7460365	1	NaN	-469.7460365	0.002265182948	0.9977348171	NaN	
464.6260365	4	1	95	1	0.002265182948	0.9977348171	0.3566760579	26.2828679	73.36045604	60.31307498	0.009123895139	39.67780113							-464.6260365	1	NaN	-464.6260365	0.002265182948	0.9977348171	NaN	
459.5060365	4	1	95	1	0.002265182948	0.9977348171	0.3566760579	26.2828679	73.36045604	60.31307498	0.009123895139	39.67780113							-459.5060365	1	NaN	-459.5060365	0.002265182948	0.9977348171	NaN	
454.3860365	4	1	95	1	0.002265182948	0.9977348171	0.3566760579	26.2828679	73.36045604	60.31307498	0.009123895139	39.67780113							-454.3860365	1	NaN	-454.3860365	0.002265182948	0.9977348171	NaN	
449.2660365	4	1	95	1	0.002265182948	0.9977348171	0.3566760579	26.2828679	73.36045604	60.31307498	0.009123895139	39.67780113							-449.2660365	1	NaN	-449.2660365	0.002265182948	0.9977348171	NaN	
444.1460365	4	1	95	1	0.002265182948	0.9977348171	0.3566760579	26.2828679	73.36045604	60.31307498	0.009123895139	39.67780113							-444.1460365	1	NaN	-444.1460365	0.002265182948	0.9977348171	NaN	
439.0260365	4	1	95	1	0.002265182948	0.9977348171	0.3566760579	26.2828679	73.36045604	60.31307498	0.009123895139	39.67780113							-439.0260365	1	NaN	-439.0260365	0.002265182948	0.9977348171	NaN	
433.9060365	4	1	95	1	0.002265182948	0.9977348171	0.3566760579	26.2828679	73.36045604	60.31307498	0.009123895139	39.67780113							-433.9060365	1	NaN	-433.9060365	0.002265182948	0.9977348171	NaN	
428.7860365	4	1	95	1	0.002265182948	0.9977348171	0.3566760579	26.2828679	73.36045604	60.31307498	0.009123895139	39.67780113							-428.7860365	1	NaN	-428.7860365	0.002265182948	0.9977348171	NaN	
423.6660365	4	1	95	1	0.002265182948	0.9977348171	0.3566760579	26.2828679	73.36045604	60.31307498	0.009123895139	39.67780113							-423.6660365	1	NaN	-423.6660365	0.002265182948	0.9977348171	NaN	
418.5460365	4	1	95	1	0.002265182948	0.9977348171	0.3566760579	26.2828679	73.36045604	60.31307498	0.009123895139	39.67780113							-418.5460365	1	NaN	-418.5460365	0.002265182948	0.9977348171	NaN	
413.4260365	4	1	95	1	0.002265182948	0.9977348171	0.3566760579	26.2828679	73.36045604	60.31307498	0.009123895139	39.67780113							-413.4260365	1	NaN	-413.4260365	0.002265182948	0.9977348171	NaN	
408.3060365	4	1	95	1	0.002265182948	0.9977348171	0.3566760579	26.2828679	73.36045604	60.31307498	0.009123895139	39.67780113							-408.3060365	1	NaN	-408.3060365	0.002265182948	0.9977348171	NaN	
403.1860365	4	1	95	1	0.002265182948	0.9977348171	0.3566760579	26.2828679	73.36045604	60.31307498	0.009123895139	39.67780113							-403.1860365	1	NaN	-403.1860365	0.002265182948	0.9977348171	NaN	
398.0660365	4	1	95	1	0.002265182948	0.9977348171	0.3566760579	26.2828679	73.36045604	60.31307498	0.009123895139	39.67780113							-398.0660365	1	NaN	-398.0660365	0.002265182948	0.9977348171	NaN	
392.9460365	4	1	95	1	0.002265182948	0.9977348171	0.3566760579	26.2828679	73.36045604	60.31307498	0.009123895139	39.67780113							-392.9460365	1	NaN	-392.9460365	0.002265182948	0.9977348171	NaN	
387.8260365	4	1	95	1	0.002265182948	0.9977348171	0.3566760579	26.2828679	73.36045604	60.31307498	0.009123895139	39.67780113							-387.8260365	1	NaN	-387.8260365	0.002265182948	0.9977348171	NaN	
382.7060365	4	1	95	1	0.002265182948	0.9977348171	0.3566760579	26.2828679	73.36045604	60.31307498	0.009123895139	39.67780113							-382.7060365	1	NaN	-382.7060365	0.002265182948	0.9977348171	NaN	
377.5860365	4	1	95	1	0.002265182948	0.9977348171	0.3566760579	26.2828679	73.36045604	60.31307498	0.009123895139	39.67780113							-377.5860365	1	NaN	-377.5860365	0.002265182948	0.9977348171	NaN	
372.4660365	4	1	95	1	0.002265182948	0.9977348171	0.3566760579	26.2828679	73.36045604	60.31307498	0.009123895139	39.67780113							-372.4660365	1	NaN	-372.4660365	0.002265182948	0.9977348171	NaN	
367.3460365	4	1	95	1	0.002265182948	0.9977348171	0.3566760579	26.2828679	73.36045604	60.31307498	0.009123895139	39.67780113							-367.3460365	1	NaN	-367.3460365	0.002265182948	0.9977348171	NaN	
362.2260365	4	1	95	1	0.002265182948	0.9977348171	0.3566760579	26.2828679	73.36045604	60.31307498	0.009123895139	39.67780113							-362.2260365	1	NaN	-362.2260365	0.002265182948	0.9977348171	NaN	
357.1060365	4	1	95	1	0.002265182948	0.9977348171	0.3566760579	26.2828679	73.36045604	60.31307498	0.009123895139	39.67780113							-357.1060365	1	NaN	-357.1060365	0.002265182948	0.9977348171	NaN	
351.9860365	4	1	95	1	0.002265182948	0.9977348171	0.3566760579	26.2828679	73.36045604	60.31307498	0.009123895139	39.67780113							-351.9860365	1	NaN	-351.9860365	0.002265182948	0.9977348171	NaN	
346.8660365	4	1	95	1	0.002265182948	0.9977348171	0.3566760579	26.2828679	73.36045604	60.31307498	0.009123895139	39.67780113							-346.8660365	1	NaN	-346.8660365	0.002265182948	0.9977348171	NaN	
341.7460365	4	1	95	1	0.002265182948	0.9977348171	0.3566760579	26.2828679	73.36045604	60.31307498	0.009123895139	39.67780113							-341.7460365	1	NaN	-341.7460365	0.002265182948	0.9977348171	NaN	
336.6260365	4	1	95	1	0.002265182948	0.9977348171	0.3566760579	26.2828679	73.36045604	60.31307498	0.009123895139	39.67780113							-336.6260365	1	NaN	-336.6260365	0.002265182948	0.9977348171	NaN	
331.5060365	4	1	95	1	0.002265182948	0.9977348171	0.3566760579	26.2828679	73.36045604	60.31307498	0.009123895139	39.67780113							-331.5060365	1	NaN	-331.5060365	0.002265182948	0.9977348171	NaN	
326.3860365	4	1	95	1	0.002265182948	0.9977348171	0.3566760579	26.2828679	73.36045604	60.31307498	0.009123895139	39.67780113							-326.3860365	1	NaN	-326.3860365	0.002265182948	0.9977348171	NaN	
321.2660365	4	1	95	1	0.002265182948	0.9977348171	0.3566760579	26.2828679	73.36045604	60.31307498	0.009123895139	39.67780113							-321.2660365	1	NaN	-321.2660365	0.002265182948	0.9977348171	NaN	
316.1460365	4	1	95	1	0.002265182948	0.9977348171	0.3566760579	26.2828679	73.36045604	60.31307498	0.009123895139	39.67780113							-316.1460365	1	NaN	-316.1460365	0.002265182948	0.9977348171	NaN	
311.0260365	4	1	95	1	0.002265182948	0.9977348171	0.3566760579	26.2828679	73.36045604	60.31307498	0.009123895139	39.67780113							-311.0260365	1	NaN	-311.0260365	0.002265182948	0.9977348171	NaN	
305.9060365	4	1	95	1	0.002265182948	0.9977348171	0.3566760579	26.2828679	73.36045604	60.31307498	0.009123895139	39.67780113							-305.9060365	1	NaN	-305.9060365	0.002265182948	0.9977348171	NaN	
300.7860365	4	1	95	1	0.002265182948	0.9977348171	0.3566760579	26.2828679	73.36045604	60.31307498	0.009123895139	39.67780113							-300.7860365	1	NaN	-300.7860365	0.002265182948	0.9977348171	NaN	
300	4	1	95	1	0.002265182948	0.9977348171	0.3566760579	26.2828679	73.36045604	60.31307498	0.009123895139	39.67780113							-300	1	NaN	-300	0.002265182948	0.9977348171	NaN	
