T	w(CU)	w(FE)	w(TI)	fs	fw(@BCC_A2#1)	fw(@BCC_A2#2)	w(CU@BCC_A2#1)	w(FE@BCC_A2#1)	w(TI@BCC_A2#1)	w(CU@BCC_A2#2)	w(FE@BCC_A2#2)	w(TI@BCC_A2#2)	w(CU@LIQUID)	w(FE@LIQUID)	w(TI@LIQUID)	dwdT_L(CU@LIQUID)	dwdT_L(FE@LIQUID)	dwdT_L(TI@LIQUID)	-T	fs_1	-T//fs	-T_1	fw(@BCC_A2#1)_1	fw(@BCC_A2#2)_1	-T//fw(@BCC_A2)	
K	%	%	%	mole/mole	kg/kg	kg/kg	%	%	%	%	%	%	%	%	%	SI	SI	SI								
1729.943497	3	10	87	0	0		1.344564862	3.991352708	94.66408243				3	10	87	-0.0001058360885	-0.0003841469529	0.0004899830414	-1729.943497	0	154.295639657638	-1729.943497	0			
1729.933497	3	10	87	6.479134892E-05	6.395854234E-05		1.344619763	3.991566382	94.66381386				3.000105774	10.00038388	86.99951035	0	0	0	-1729.933497	6.479134892E-05	154.38754618985	-1729.933497	6.395854234E-05			
1729.913497	3	10	87	0.0001942584739	0.0001278227947		1.344729593	3.991993786	94.66327662				3.000317369	10.00115189	86.99853074	0	0	0	-1729.913497	0.0001942584739	154.459102620135	-1729.913497	0.0001278227947			
1729.873497	3	10	87	0.0004532947095	0.0002557792455		1.34494941	3.992848801	94.66220179				3.000740829	10.00268888	86.99657029	0	0	0	-1729.873497	0.0004532947095	154.465746872337	-1729.873497	0.0002557792455			
1729.793497	3	10	87	0.0009708928743	0.00051122199		1.345388845	3.994558823	94.66005233				3.001587386	10.00576147	86.99265114	0	0	0	-1729.793497	0.0009708928743	154.621147712074	-1729.793497	0.00051122199			
1729.633497	3	10	87	0.002004864051	0.00102167644		1.346267579	3.997979496	94.65575292				3.003280212	10.01190533	86.98481446	0	0	0	-1729.633497	0.002004864051	154.86204231496	-1729.633497	0.00102167644			
1729.313497	3	10	87	0.004068059762	0.002040765475		1.348024495	4.00482337	94.64715213				3.006664688	10.02418774	86.96914757	0	0	0	-1729.313497	0.004068059762	155.337648005052	-1729.313497	0.002040765475			
1728.673497	3	10	87	0.008175564316	0.004071229036		1.35153612	4.018521242	94.62994264				3.013428968	10.04873134	86.93783969	0	0	0	-1728.673497	0.008175564316	156.29224682256	-1728.673497	0.004071229036			
1727.393497	3	10	87	0.016315817	0.008101629755		1.358550548	4.045957629	94.59549182				3.026939037	10.09773379	86.87532718	0	0	0	-1727.393497	0.016315817	158.282479547	-1727.393497	0.008101629755			
1724.833497	3	10	87	0.03228378257	0.01602583327		1.37254291	4.100994558	94.52646253				3.053884017	10.19540208	86.7507139	0	0	0	-1724.833497	0.03228378257	162.598886745116	-1724.833497	0.01602583327			
1722.273497	3	10	87	0.04781637961	0.01584459267		1.386485253	4.156255494	94.45725925				3.080728501	10.29262975	86.62664175	0	0	0	-1722.273497	0.04781637961	167.128761999978	-1722.273497	0.01584459267			
1719.713497	3	10	87	0.06293028294	0.01566749878		1.400376793	4.211742039	94.38788117				3.107474342	10.38941781	86.50310785	0	0	0	-1719.713497	0.06293028294	171.726344853567	-1719.713497	0.01566749878			
1717.153497	3	10	87	0.07764209689	0.01549520159		1.414217361	4.267458143	94.3183245				3.134124545	10.48577115	86.3801043	0	0	0	-1717.153497	0.07764209689	176.388469805598	-1717.153497	0.01549520159			
1714.593497	3	10	87	0.09196741079	0.01532735496		1.428006588	4.323407069	94.24858634				3.160681771	10.58169347	86.25762476	0	0	0	-1714.593497	0.09196741079	181.115986386298	-1714.593497	0.01532735496			
1712.033497	3	10	87	0.1059210432	0.01516381475		1.441744094	4.379592108	94.1786638				3.187148663	10.67718841	86.13566293	0	0	0	-1712.033497	0.1059210432	185.90871570799	-1712.033497	0.01516381475			
1709.473497	3	10	87	0.1195170898	0.01500444488		1.455429489	4.436016595	94.10855392				3.213527856	10.77225957	86.01421257	0	0	0	-1709.473497	0.1195170898	190.766457736424	-1709.473497	0.01500444488			
1706.913497	3	10	87	0.1327689656	0.01484911517		1.469062371	4.4926839	94.03825373				3.239821976	10.86691056	85.89326746	0	0	0	-1706.913497	0.1327689656	195.688994782956	-1706.913497	0.01484911517			
1704.353497	3	10	87	0.1456894457	0.01469770127		1.482642329	4.549597437	93.96776023				3.266033637	10.96114495	85.77282142	0	0	0	-1704.353497	0.1456894457	200.676091953964	-1704.353497	0.01469770127			
1701.793497	3	10	87	0.1582907018	0.01455008436		1.496168939	4.606760655	93.89707041				3.292165448	11.05496626	85.65286829	0	0	0	-1701.793497	0.1582907018	205.727499737185	-1701.793497	0.01455008436			
1699.233497	3	10	87	0.1705843372	0.01440615081		1.50964177	4.664177047	93.82618118				3.318220013	11.14837802	85.53340197	0	0	0	-1699.233497	0.1705843372	210.842949314367	-1699.233497	0.01440615081			
1696.673497	3	10	87	0.1825814191	0.01426579197		1.523060376	4.721850147	93.75508948				3.344199927	11.24138372	85.41441635	0	0	0	-1696.673497	0.1825814191	216.022154397921	-1696.673497	0.01426579197			
1694.113497	3	10	87	0.1942925088	0.01412890388		1.536424303	4.779783529	93.68379217				3.370107782	11.33398683	85.29590539	0	0	0	-1694.113497	0.1942925088	221.264811607982	-1694.113497	0.01412890388			
1691.553497	3	10	87	0.2057276898	0.01399538705		1.549733085	4.83798081	93.61228611				3.39594617	11.42619078	85.17786305	0	0	0	-1691.553497	0.2057276898	226.570599962965	-1691.553497	0.01399538705			
1688.993497	3	10	87	0.2168965942	0.01386514622		1.562986246	4.89644565	93.5405681				3.421717675	11.517999	85.06028333	0	0	0	-1688.993497	0.2168965942	231.939178177931	-1688.993497	0.01386514622			
1686.433497	3	10	87	0.2278084275	0.01373809018		1.576183298	4.955181752	93.46863495				3.447424886	11.60941487	84.94316025	0	0	0	-1686.433497	0.2278084275	237.370187694706	-1686.433497	0.01373809018			
1683.873497	3	10	87	0.2384719914	0.01361413153		1.589323743	5.014192863	93.39648339				3.473070387	11.70044176	84.82648785	0	0	0	-1683.873497	0.2384719914	242.86325182885	-1683.873497	0.01361413153			
1681.313497	3	10	87	0.2488957056	0.01349318656		1.602407071	5.073482775	93.32411015				3.498656767	11.79108302	84.71026021	0	0	0	-1681.313497	0.2488957056	248.417974696017	-1681.313497	0.01349318656			
1678.753497	3	10	87	0.2590876279	0.01337517499		1.615432764	5.133055324	93.25151191				3.524186616	11.88134197	84.59447142	0	0	0	-1678.753497	0.2590876279	254.033940312273	-1678.753497	0.01337517499			
1676.193497	3	10	87	0.2690554734	0.0132600199		1.628400288	5.192914393	93.17868532				3.549662524	11.9712219	84.47911558	0	0	0	-1676.193497	0.2690554734	259.710714940657	-1676.193497	0.0132600199			
1673.633497	3	10	87	0.278806632	0.01314764749		1.641309102	5.253063911	93.10562699				3.575087091	12.06072608	84.36418683	0	0	0	-1673.633497	0.278806632	265.447841480696	-1673.633497	0.01314764749			
1671.073497	3	10	87	0.2883481857	0.01303798701		1.654158652	5.313507852	93.0323335				3.600462918	12.14985777	84.24967931	0	0	0	-1671.073497	0.2883481857	271.244847047354	-1671.073497	0.01303798701			
1668.513497	3	10	87	0.2976869235	0.01293097057		1.666948373	5.374250239	92.95880139				3.625792614	12.23862019	84.1355872	0	0	0	-1668.513497	0.2976869235	277.101239506111	-1668.513497	0.01293097057			
1665.953497	3	10	87	0.3068293569	0.01282653303		1.67967769	5.435295144	92.88502717				3.651078797	12.32701654	84.02190466	0	0	0	-1665.953497	0.3068293569	283.016499410084	-1665.953497	0.01282653303			
1663.393497	3	10	87	0.3157817336	0.01272461188		1.692346016	5.496646685	92.8110073				3.676324091	12.41505	83.90862591	0	0	0	-1663.393497	0.3157817336	288.990090651735	-1663.393497	0.01272461188			
1660.833497	3	10	87	0.3245500505	0.01262514713		1.704952751	5.55830903	92.73673822				3.701531131	12.50272373	83.79574514	0	0	0	-1660.833497	0.3245500505	295.021459944009	-1660.833497	0.01262514713			
1658.273497	3	10	87	0.3331400659	0.01252808118		1.717497287	5.620286398	92.66221632				3.726702565	12.59004085	83.68325659	0	0	0	-1658.273497	0.3331400659	301.110026746588	-1658.273497	0.01252808118			
1655.713497	3	10	87	0.3415573116	0.01243335875		1.729979001	5.682583057	92.58743794				3.751841049	12.67700447	83.57115448	0	0	0	-1655.713497	0.3415573116	307.255192691937	-1655.713497	0.01243335875			
1653.153497	3	10	87	0.3498071032	0.01234092676		1.742397261	5.745203326	92.51239941				3.776949257	12.76361769	83.45943305	0	0	0	-1653.153497	0.3498071032	313.456336669502	-1653.153497	0.01234092676			
1650.593497	3	10	87	0.3578945511	0.01225073424		1.754751424	5.808151575	92.437097				3.802029873	12.84988357	83.34808656	0	0	0	-1650.593497	0.3578945511	319.712814385411	-1650.593497	0.01225073424			
1648.033497	3	10	87	0.3658245697	0.01216273225		1.767040834	5.871432228	92.36152694				3.827085599	12.93580513	83.23710927	0	0	0	-1648.033497	0.3658245697	326.023961820612	-1648.033497	0.01216273225			
1645.473497	3	10	87	0.373601887	0.01207687379		1.779264823	5.935049757	92.28568542				3.852119155	13.02138541	83.12649544	0	0	0	-1645.473497	0.373601887	332.389091480602	-1645.473497	0.01207687379			
1642.913497	3	10	87	0.381231053	0.01199311375		1.791422713	5.999008693	92.20956859				3.877133276	13.10662739	83.01623934	0	0	0	-1642.913497	0.381231053	338.807493407795	-1642.913497	0.01199311375			
1640.353497	3	10	87	0.3887164482	0.0119114088		1.803513814	6.063313615	92.13317257				3.902130718	13.19153404	82.90633525	0	0	0	-1640.353497	0.3887164482	345.278433065174	-1640.353497	0.0119114088			
1637.793497	3	10	87	0.3960622912	0.01183171733		1.815537425	6.127969159	92.05649342				3.927114258	13.2761083	82.79677744	0	0	0	-1637.793497	0.3960622912	351.801153333353	-1637.793497	0.01183171733			
1635.233497	3	10	87	0.4032726462	0.0117539994		1.827492831	6.192980016	91.97952715				3.952086695	13.36035311	82.68756019	0	0	0	-1635.233497	0.4032726462	358.374879931505	-1635.233497	0.0117539994			
1632.673497	3	10	87	0.4103514296	0.01167821667		1.839379309	6.25835093	91.90226976				3.97705085	13.44427136	82.57867779	0	0	0	-1632.673497	0.4103514296	364.998806238383	-1632.673497	0.01167821667			
1630.113497	3	10	87	0.4173024173	0.01160433233		1.851196122	6.324086702	91.82471718				4.002009569	13.52786593	82.4701245	0	0	0	-1630.113497	0.4173024173	371.672107059699	-1630.113497	0.01160433233			
1627.553497	3	10	87	0.4241292501	0.01153231107		1.862942521	6.390192189	91.74686529				4.026965724	13.61113966	82.36189461	0	0	0	-1627.553497	0.4241292501	378.393931278204	-1627.553497	0.01153231107			
1624.993497	3	10	87	0.4308354405	0.01146211899		1.874617748	6.456672303	91.66870995				4.051922214	13.69409539	82.25398239	0	0	0	-1624.993497	0.4308354405	385.163400953673	-1624.993497	0.01146211899			
1622.433497	3	10	87	0.4374243776	0.01139372358		1.886221031	6.523532016	91.59024695				4.076881969	13.77673592	82.14638211	0	0	0	-1622.433497	0.4374243776	391.979626061299	-1622.433497	0.01139372358			
1619.873497	3	10	87	0.4438993327	0.01132709368		1.897751587	6.590776353	91.51147206				4.101847945	13.85906403	82.03908802	0	0	0	-1619.873497	0.4438993327	398.841677879603	-1619.873497	0.01132709368			
1617.313497	3	10	87	0.4502634646	0.01126219939		1.909208622	6.658410402	91.43238098				4.126823134	13.94108247	81.93209439	0	0	0	-1617.313497	0.4502634646	405.748605210959	-1617.313497	0.01126219939			
1614.753497	3	10	87	0.4565198241	0.01119901206		1.920591331	6.726439303	91.35296937				4.151810559	14.02279398	81.82539546	0	0	0	-1614.753497	0.4565198241	412.699440459711	-1614.753497	0.01119901206			
1612.193497	3	10	87	0.4626713586	0.01113750426		1.931898897	6.794868261	91.27323284				4.176813278	14.10420125	81.71898547	0	0	0	-1612.193497	0.4626713586	419.693188723397	-1612.193497	0.01113750426			
1609.633497	3	10	87	0.4687209165	0.01107764972		1.943130491	6.863702534	91.19316698				4.201834385	14.18530697	81.61285865	0	0	0	-1609.633497	0.4687209165	426.728825757139	-1609.633497	0.01107764972			
1607.073497	3	10	87	0.4746712514	0.01101942329		1.954285273	6.932947443	91.11276728				4.226877013	14.26611378	81.50700921	0	0	0	-1607.073497	0.4746712514	433.805300342905	-1607.073497	0.01101942329			
1604.513497	3	10	87	0.480525026	0.01096280092		1.965362393	7.002608366	91.03202924				4.251944334	14.34662432	81.40143135	0	0	0	-1604.513497	0.480525026	440.921541817247	-1604.513497	0.01096280092			
1601.953497	3	10	87	0.4862848157	0.01090775964		1.97636099	7.072690743	90.95094827				4.277039564	14.42684118	81.29611925	0	0	0	-1601.953497	0.4862848157	448.076457862763	-1601.953497	0.01090775964			
1599.393497	3	10	87	0.4919531122	0.01085427747		1.987280189	7.143200071	90.86951974				4.302165958	14.50676694	81.1910671	0	0	0	-1599.393497	0.4919531122	455.268916690149	-1599.393497	0.01085427747			
1596.833497	3	10	87	0.4975323272	0.01080233348		1.998119107	7.21414191	90.78773898				4.327326819	14.58640414	81.08626904	0	0	0	-1596.833497	0.4975323272	462.497778538125	-1596.833497	0.01080233348			
1594.273497	3	10	87	0.5030247949	0.01075190768		2.008876851	7.285521878	90.70560127				4.352525497	14.6657553	80.98171921	0	0	0	-1594.273497	0.5030247949	469.761864005053	-1594.273497	0.01075190768			
1591.713497	3	10	87	0.5084327761	0.01070298105		2.019552514	7.357345654	90.62310183				4.377765391	14.74482289	80.87741171	0	0	0	-1591.713497	0.5084327761	477.059975130809	-1591.713497	0.01070298105			
1589.153497	3	10	87	0.51375846	0.01065553547		2.030145181	7.429618978	90.54023584				4.403049948	14.8236094	80.77334066	0	0	0	-1589.153497	0.51375846	484.39089606782	-1589.153497	0.01065553547			
1586.593497	3	10	87	0.5190039679	0.01060955375		2.040653926	7.502347648	90.45699843				4.428382673	14.90211723	80.6695001	0	0	0	-1586.593497	0.5190039679	491.753362969609	-1586.593497	0.01060955375			
1584.033497	3	10	87	0.5241713555	0.01056501953		2.051077814	7.575537525	90.37338466				4.453767121	14.98034878	80.5658841	0	0	0	-1584.033497	0.5241713555	499.146104302321	-1584.033497	0.01056501953			
1581.473497	3	10	87	0.5292626154	0.01052191736		2.061415899	7.649194528	90.28938957				4.479206909	15.05830643	80.46248666	0	0	0	-1581.473497	0.5292626154	506.567832457818	-1581.473497	0.01052191736			
1578.913497	3	10	87	0.5342796794	0.01048023259		2.071667225	7.723324639	90.20500814				4.50470571	15.1359925	80.35930179	0	0	0	-1578.913497	0.5342796794	514.017211703536	-1578.913497	0.01048023259			
1576.353497	3	10	87	0.5392244214	0.0104399514		2.081830828	7.797933897	90.12023527				4.53026726	15.21340929	80.25632345	0	0	0	-1576.353497	0.5392244214	521.492894527728	-1576.353497	0.0104399514			
1573.793497	3	10	87	0.5440986588	0.01040106076		2.091905734	7.873028402	90.03506586				4.55589536	15.29055907	80.15354557	0	0	0	-1573.793497	0.5440986588	528.993507995107	-1573.793497	0.01040106076			
1571.233497	3	10	87	0.5489041554	0.01036354844		2.10189096	7.948614312	89.94949473				4.581593876	15.36744407	80.05096206	0	0	0	-1571.233497	0.5489041554	536.517653674189	-1571.233497	0.01036354844			
1568.673497	3	10	87	0.5536426227	0.01032740295		2.111785516	8.024697846	89.86351664				4.607366745	15.44406647	79.94856678	0	0	0	-1568.673497	0.5536426227	544.063909715357	-1568.673497	0.01032740295			
1566.113497	3	10	87	0.5583157225	0.01029261357		2.121588401	8.10128528	89.77712632				4.633217975	15.52042845	79.84635358	0	0	0	-1566.113497	0.5583157225	551.630831410759	-1566.113497	0.01029261357			
1563.553497	3	10	87	0.5629250681	0.01025917032		2.131298608	8.178382948	89.69031844				4.659151648	15.59653211	79.74431624	0	0	0	-1563.553497	0.5629250681	559.216943085363	-1563.553497	0.01025917032			
1560.993497	3	10	87	0.5674722268	0.01022706393		2.140915124	8.255997242	89.60308763				4.685171924	15.67237953	79.64244854	0	0	0	-1560.993497	0.5674722268	566.820757881291	-1560.993497	0.01022706393			
1558.433497	3	10	87	0.5719587207	0.01019628586		2.150436925	8.334134609	89.51542847				4.711283043	15.74797276	79.5407442	0	0	0	-1558.433497	0.5719587207	574.440757642765	-1558.433497	0.01019628586			
1555.873497	3	10	87	0.5763860293	0.01016682825		2.159862984	8.412801555	89.42733546				4.737489329	15.82331378	79.4391969	0	0	0	-1555.873497	0.5763860293	582.075402794189	-1555.873497	0.01016682825			
1553.313497	3	10	87	0.5807555901	0.01013868394		2.169192266	8.492004638	89.3388031				4.76379519	15.89840454	79.33780027	0	0	0	-1553.313497	0.5807555901	589.72314443035	-1553.313497	0.01013868394			
1550.753497	3	10	87	0.5850688008	0.01011184645		2.178423731	8.571750471	89.2498258				4.790205126	15.97324696	79.23654792	0	0	0	-1550.753497	0.5850688008	597.382394837676	-1550.753497	0.01011184645			
1548.193497	3	10	87	0.5893270203	0.01008630997		2.187556334	8.65204572	89.16039795				4.816723728	16.04784288	79.13543339	0	0	0	-1548.193497	0.5893270203	605.051549134406	-1548.193497	0.01008630997			
1545.633497	3	10	87	0.5935315704	0.01006206935		2.196589024	8.732897102	89.07051387				4.843355683	16.12219413	79.03445019	0	0	0	-1545.633497	0.5935315704	612.728980517417	-1545.633497	0.01006206935			
1543.073497	3	10	87	0.5976837368	0.01003912008		2.205520747	8.814311386	88.98016787				4.870105778	16.19630245	78.93359177	0	0	0	-1543.073497	0.5976837368	620.413075923055	-1543.073497	0.01003912008			
1540.513497	3	10	87	0.6017847702	0.01001745832		2.214350446	8.896295389	88.88935417				4.896978904	16.27016956	78.83285154	0	0	0	-1540.513497	0.6017847702	628.102154207533	-1540.513497	0.01001745832			
1537.953497	3	10	87	0.6058358883	0.009997080843		2.22307706	8.978855976	88.79806696				4.923980057	16.34379711	78.73222284	0	0	0	-1537.953497	0.6058358883	635.794545092905	-1537.953497	0.009997080843			
1535.393497	3	10	87	0.6098382758	0.009977985067		2.231699526	9.062000057	88.70630042				4.951114346	16.41718669	78.63169897	0	0	0	-1535.393497	0.6098382758	643.488569642439	-1535.393497	0.009977985067			
1532.833497	3	10	87	0.6137930865	0.009960169029		2.240216781	9.145734587	88.61404863				4.978386994	16.49033984	78.53127317	0	0	0	-1532.833497	0.6137930865	651.182500537479	-1532.833497	0.009960169029			
1530.273497	3	10	87	0.6177014438	0.009943631388		2.24862776	9.230066564	88.52130568				5.005803342	16.56325803	78.43093862	0	0	0	-1530.273497	0.6177014438	658.874623163983	-1530.273497	0.009943631388			
1527.713497	3	10	87	0.6215644419	0.009928371413		2.256931398	9.315003023	88.42806558				5.033368856	16.63594269	78.33068846	0	0	0	-1527.713497	0.6215644419	666.563200113002	-1527.713497	0.009928371413			
1525.153497	3	10	87	0.6253831467	0.009914388987		2.265126631	9.40055104	88.33432233				5.061089127	16.70839515	78.23051572	0	0	0	-1525.153497	0.6253831467	674.246499088732	-1525.153497	0.009914388987			
1522.593497	3	10	87	0.6291585966	0.009901684594		2.273212397	9.486717725	88.24006988				5.088969883	16.78061669	78.13041343	0	0	0	-1522.593497	0.6291585966	681.92275154626	-1522.593497	0.009901684594			
1520.033497	3	10	87	0.6328918038	0.009890259315		2.281187636	9.573510221	88.14530214				5.117016984	16.85260852	78.0303745	0	0	0	-1520.033497	0.6328918038	689.590174750069	-1520.033497	0.009890259315			
1517.473497	3	10	87	0.6365837548	0.009880114836		2.289051294	9.660935702	88.050013				5.145236435	16.92437176	77.93039181	0	0	0	-1517.473497	0.6365837548	697.247001370311	-1517.473497	0.009880114836			
1514.913497	3	10	87	0.6402354113	0.009871253428		2.296802317	9.749001369	87.95419631				5.173634388	16.99590747	77.83045814	0	0	0	-1514.913497	0.6402354113	704.891468882617	-1514.913497	0.009871253428			
1512.353497	3	10	87	0.6438477108	0.009863677954		2.304439661	9.837714446	87.85784589				5.202217148	17.06721661	77.73056624	0	0	0	-1512.353497	0.6438477108	712.521773996333	-1512.353497	0.009863677954			
1509.793497	3	10	87	0.6474215679	0.009857391865		2.311962287	9.927082179	87.76095553				5.230991176	17.13830008	77.63070874	0	0	0	-1509.793497	0.6474215679	720.13610842389	-1509.793497	0.009857391865			
1507.233497	3	10	87	0.6509578745	0.009852399193		2.319369162	10.01711183	87.66351901				5.259963097	17.20915867	77.53087823	0	0	0	-1507.233497	0.6509578745	727.732702228061	-1507.233497	0.009852399193			
1504.673497	3	10	87	0.6544575006	0.009848704553		2.326659264	10.10781068	87.56553005				5.289139709	17.27979309	77.43106721	0	0	0	-1504.673497	0.6544575006	735.309751083571	-1504.673497	0.009848704553			
1502.113497	3	10	87	0.6579212952	0.009846313137		2.333831581	10.19918601	87.46698241				5.318527982	17.35020393	77.33126809	0	0	0	-1502.113497	0.6579212952	742.865474884755	-1502.113497	0.009846313137			
1499.553497	3	10	87	0.6613500865	0.009845230712		2.340885111	10.29124512	87.36786977				5.34813507	17.4203917	77.23147323	0	0	0	-1499.553497	0.6613500865	750.398079340716	-1499.553497	0.009845230712			
1496.993497	3	10	87	0.6647446831	0.009845463622		2.347818866	10.3839953	87.26818584				5.377968315	17.49035681	77.13167487	0	0	0	-1496.993497	0.6647446831	757.905777835157	-1496.993497	0.009845463622			
1494.433497	3	10	87	0.668105874	0.009847018777		2.35463187	10.47744383	87.1679243				5.408035255	17.56009955	77.0318652	0	0	0	-1494.433497	0.668105874	765.386817575402	-1494.433497	0.009847018777			
1491.873497	3	10	87	0.6714344295	0.009849903659		2.361323165	10.57159801	87.06707883				5.438343629	17.62962008	76.93203629	0	0	0	-1491.873497	0.6714344295	772.83942353301	-1491.873497	0.009849903659			
1489.313497	3	10	87	0.6747311017	0.009854126315		2.367891806	10.66646509	86.9656431				5.468901389	17.69891846	76.83218015	0	0	0	-1489.313497	0.6747311017	780.261862846259	-1489.313497	0.009854126315			
1486.753497	3	10	87	0.6779966248	0.009859695354		2.37433687	10.76205233	86.8636108				5.499716702	17.76799461	76.73228868	0	0	0	-1486.753497	0.6779966248	787.652394417806	-1486.753497	0.009859695354			
1484.193497	3	10	87	0.681231716	0.009866619949		2.38065745	10.85836695	86.7609756				5.530797962	17.83684834	76.6323537	0	0	0	-1484.193497	0.681231716	795.009304374575	-1484.193497	0.009866619949			
1481.633497	3	10	87	0.6844370755	0.009874909824		2.386852663	10.95541616	86.65773118				5.562153795	17.9054793	76.53236691	0	0	0	-1481.633497	0.6844370755	802.330925715761	-1481.633497	0.009874909824			
1479.073497	3	10	87	0.6876133872	0.009884575265		2.392921648	11.05320709	86.55387126				5.59379307	17.97388699	76.43231994	0	0	0	-1479.073497	0.6876133872	809.615576445828	-1479.073497	0.009884575265			
1476.513497	3	10	87	0.6907613192	0.009895627104		2.398863568	11.15174687	86.44938956				5.625724908	18.04207078	76.33220431	0	0	0	-1476.513497	0.6907613192	816.861619071228	-1476.513497	0.009895627104			
1473.953497	3	10	87	0.693881524	0.00990807672		2.404677611	11.25104256	86.34427983				5.657958687	18.11002987	76.23201144	0	0	0	-1473.953497	0.693881524	824.06745876202	-1473.953497	0.00990807672			
1471.393497	3	10	87	0.696974639	0.009921936037		2.410362994	11.35110117	86.23853584				5.690504058	18.1777633	76.13173264	0	0	0	-1471.393497	0.696974639	831.231516552819	-1471.393497	0.009921936037			
1468.833497	3	10	87	0.7000412869	0.009937217512		2.415918964	11.45192964	86.1321514				5.723370949	18.24526993	76.03135913	0	0	0	-1468.833497	0.7000412869	838.352281413863	-1468.833497	0.009937217512			
1466.273497	3	10	87	0.7030820758	0.009953934139		2.421344799	11.55353482	86.02512038				5.756569578	18.31254843	75.93088199	0	0	0	-1466.273497	0.7030820758	845.42825315712	-1466.273497	0.009953934139			
1463.713497	3	10	87	0.7060976	0.009972099434		2.426639808	11.65592352	85.91743667				5.790110463	18.37959731	75.83029223	0	0	0	-1463.713497	0.7060976	852.4579707064	-1463.713497	0.009972099434			
1461.153497	3	10	87	0.7090884399	0.009991727435		2.431803338	11.75910242	85.80909424				5.824004432	18.44641485	75.72958072	0	0	0	-1461.153497	0.7090884399	859.440064786705	-1461.153497	0.009991727435			
1458.593497	3	10	87	0.7120551624	0.01001283269		2.43683477	11.86307812	85.70008711				5.858262637	18.51299914	75.62873822	0	0	0	-1458.593497	0.7120551624	866.373173547728	-1458.593497	0.01001283269			
1456.033497	3	10	87	0.7149983214	0.01003543025		2.441733526	11.96785711	85.59040937				5.892896564	18.57934805	75.52775539	0	0	0	-1456.033497	0.7149983214	873.256029215493	-1456.033497	0.01003543025			
1453.473497	3	10	87	0.7179184576	0.01005953566		2.446499067	12.07344575	85.48005518				5.927918042	18.6454592	75.42662276	0	0	0	-1453.473497	0.7179184576	880.087410918323	-1453.473497	0.01005953566			
1450.913497	3	10	87	0.7208160993	0.01008516494		2.451130897	12.1798503	85.36901881				5.963339262	18.71133001	75.32533073	0	0	0	-1450.913497	0.7208160993	886.866132210347	-1450.913497	0.01008516494			
1448.353497	3	10	87	0.7236917623	0.01011233461		2.455628564	12.28707684	85.2572946				5.999172786	18.77695761	75.2238696	0	0	0	-1448.353497	0.7236917623	893.591144712502	-1448.353497	0.01011233461			
1445.793497	3	10	87	0.72654595	0.01014106161		2.459991663	12.39513133	85.144877				6.035431561	18.84233891	75.12222953	0	0	0	-1445.793497	0.72654595	900.261447659034	-1445.793497	0.01014106161			
1443.233497	3	10	87	0.7293791539	0.01017136335		2.464219837	12.50401957	85.03176059				6.072128933	18.9074705	75.02040056	0	0	0	-1443.233497	0.7293791539	906.876071220756	-1443.233497	0.01017136335			
1440.673497	3	10	87	0.7321918538	0.01020325767		2.46831278	12.61374717	84.91794005				6.109278663	18.97234873	74.91837261	0	0	0	-1440.673497	0.7321918538	913.43418717087	-1440.673497	0.01020325767			
1438.113497	3	10	87	0.7349845176	0.0102367628		2.472270236	12.72431956	84.80341021				6.146894941	19.03696961	74.81613545	0	0	0	-1438.113497	0.7349845176	919.935061027837	-1438.113497	0.0102367628			
1435.553497	3	10	87	0.7377576018	0.01027189738		2.476092005	12.83574197	84.68816602				6.184992401	19.10132886	74.71367874	0	0	0	-1435.553497	0.7377576018	926.378004904328	-1435.553497	0.01027189738			
1432.993497	3	10	87	0.7405115516	0.01030868043		2.479777941	12.94801943	84.57220263				6.223586138	19.16542186	74.610992	0	0	0	-1432.993497	0.7405115516	932.762493081818	-1432.993497	0.01030868043			
1430.433497	3	10	87	0.7432468007	0.01034713129		2.483327959	13.06115674	84.4555153				6.262691725	19.22924366	74.50806462	0	0	0	-1430.433497	0.7432468007	939.088060635796	-1430.433497	0.01034713129			
1427.873497	3	10	87	0.745963772	0.01038726967		2.486742031	13.17515846	84.33809951				6.302325229	19.29278894	74.40488584	0	0	0	-1427.873497	0.745963772	945.354358244523	-1427.873497	0.01038726967			
1425.313497	3	10	87	0.7486628771	0.01042911552		2.490020189	13.29002888	84.21995093				6.342503231	19.35605199	74.30144477	0	0	0	-1425.313497	0.7486628771	951.561183298024	-1425.313497	0.01042911552			
1422.753497	3	10	87	0.7513445168	0.01047268912		2.493162532	13.40577206	84.10106541				6.383242843	19.41902675	74.19773041	0	0	0	-1422.753497	0.7513445168	957.708432977819	-1422.753497	0.01047268912			
1420.193497	3	10	87	0.7540090809	0.01051801095		2.49616922	13.52239175	83.98143903				6.424561728	19.4817067	74.09373157	0	0	0	-1420.193497	0.7540090809	963.796118638612	-1420.193497	0.01051801095			
1417.633497	3	10	87	0.7566569486	0.0105651017		2.49904048	13.6398914	83.86106812				6.466478118	19.54408493	73.98943696	0	0	0	-1417.633497	0.7566569486	969.824405919442	-1417.633497	0.0105651017			
1415.073497	3	10	87	0.7592884881	0.01061398223		2.501776607	13.75827417	83.73994923				6.509010837	19.60615404	73.88483512	0	0	0	-1415.073497	0.7592884881	975.793632136516	-1415.073497	0.01061398223			
1412.513497	3	10	87	0.7619040569	0.01066467353		2.504377965	13.87754285	83.61807918				6.552179322	19.66790621	73.77991447	0	0	0	-1412.513497	0.7619040569	981.70423640153	-1412.513497	0.01066467353			
1409.953497	3	10	87	0.7645040018	0.01071719668		2.506844987	13.99769993	83.49545509				6.596003642	19.72933308	73.67466328	0	0	0	-1409.953497	0.7645040018	987.556795200138	-1409.953497	0.01071719668			
1407.393497	3	10	87	0.767088659	0.01077157278		2.509178177	14.11874749	83.37207433				6.640504526	19.79042582	73.56906966	0	0	0	-1407.393497	0.767088659	993.352081795601	-1407.393497	0.01077157278			
1404.833497	3	10	87	0.7696583538	0.01082782296		2.511378113	14.24068726	83.24793463				6.685703381	19.85117503	73.46312159	0	0	0	-1404.833497	0.7696583538	999.091048332158	-1404.833497	0.01082782296			
1402.273497	3	10	87	0.7722134008	0.01088596824		2.513445442	14.36352055	83.12303401				6.731622318	19.91157078	73.35680691	0	0	0	-1402.273497	0.7722134008	1004.77477054963	-1402.273497	0.01088596824			
1399.713497	3	10	87	0.7747541039	0.01094602956		2.515380887	14.48724827	82.99737085				6.778284179	19.97160254	73.25011328	0	0	0	-1399.713497	0.7747541039	1010.40452631418	-1399.713497	0.01094602956			
1397.153497	3	10	87	0.7772807561	0.01100802769		2.517185243	14.61187087	82.87094388				6.825712561	20.03125917	73.14302827	0	0	0	-1397.153497	0.7772807561	1015.98175702189	-1397.153497	0.01100802769			
1394.593497	3	10	87	0.7797936397	0.01107198312		2.51885938	14.73738837	82.74375225				6.873931841	20.09052892	73.03553924	0	0	0	-1394.593497	0.7797936397	1021.50815245543	-1394.593497	0.01107198312			
1392.033497	3	10	87	0.7822930257	0.0111379161		2.520404241	14.8638003	82.61579546				6.922967208	20.14939935	72.92763344	0	0	0	-1392.033497	0.7822930257	1026.98552727635	-1392.033497	0.0111379161			
1389.473497	3	10	87	0.7847791746	0.01120584647		2.521820842	14.9911057	82.48707346				6.972844685	20.20785734	72.81929797	0	0	0	-1389.473497	0.7847791746	1032.41588852025	-1389.473497	0.01120584647			
1386.913497	3	10	87	0.7872523355	0.01127579363		2.523110271	15.1193031	82.35758663				7.023591164	20.26588906	72.71051977	0	0	0	-1386.913497	0.7872523355	1037.80155709316	-1386.913497	0.01127579363			
1384.353497	3	10	87	0.7897127463	0.01134777648		2.524273689	15.24839049	82.22733582				7.075234432	20.32347993	72.60128564	0	0	0	-1384.353497	0.7897127463	1043.14494427447	-1384.353497	0.01134777648			
1381.793497	3	10	87	0.7921606339	0.01142181331		2.525312325	15.37836531	82.09632236				7.127803204	20.38061458	72.49158222	0	0	0	-1381.793497	0.7921606339	1048.44872105976	-1381.793497	0.01142181331			
1379.233497	3	10	87	0.7945962136	0.01149792173		2.526227481	15.50922445	81.96454807				7.181327154	20.43727683	72.38139602	0	0	0	-1379.233497	0.7945962136	1053.7158411127	-1379.233497	0.01149792173			
1376.673497	3	10	87	0.7970196892	0.01157611858		2.527020521	15.64096419	81.83201529				7.235836947	20.49344967	72.27071338	0	0	0	-1376.673497	0.7970196892	1058.94939457551	-1376.673497	0.01157611858			
1374.113497	3	10	87	0.7994312531	0.01165641986		2.527692877	15.77358019	81.69872693				7.291364274	20.54911522	72.15952051	0	0	0	-1374.113497	0.7994312531	1064.1527178207	-1374.113497	0.01165641986			
1371.553497	3	10	87	0.8018310859	0.01173884061		2.528246043	15.90706751	81.56468645				7.347941887	20.60425465	72.04780346	0	0	0	-1371.553497	0.8018310859	1069.32946251497	-1371.553497	0.01173884061			
1368.993497	3	10	87	0.8042193562	0.01182339486		2.52868157	16.04142054	81.42989789				7.405603631	20.65884823	71.93554813	0	0	0	-1368.993497	0.8042193562	1074.48344406741	-1368.993497	0.01182339486			
1366.433497	3	10	87	0.8065962209	0.01191009545		2.529001065	16.17663303	81.2943659				7.464384485	20.71287522	71.82274029	0	0	0	-1366.433497	0.8065962209	1079.61873527676	-1366.433497	0.01191009545			
1363.873497	3	10	87	0.8089618246	0.01199895406		2.529206188	16.31269802	81.15809579				7.524320598	20.76631387	71.70936553	0	0	0	-1363.873497	0.8089618246	1084.73971295297	-1363.873497	0.01199895406			
1361.313497	3	10	87	0.8113162997	0.01208998098		2.529298645	16.44960787	81.02109349				7.585449326	20.81914136	71.59540931	0	0	0	-1361.313497	0.8113162997	1089.85095042853	-1361.313497	0.01208998098			
1358.753497	3	10	87	0.8136597663	0.0121831851		2.529280183	16.5873542	80.88336561				7.647809274	20.8713338	71.48085693	0	0	0	-1358.753497	0.8136597663	1094.95813995487	-1358.753497	0.0121831851			
1356.193497	3	10	87	0.8159923284	0.01227855445		2.529152306	16.72592796	80.74491974				7.711440237	20.92286605	71.36569371	0	0	0	-1356.193497	0.8159923284	1100.06447135385	-1356.193497	0.01227855445			
1353.633497	3	10	87	0.8183140891	0.01237615614		2.528917445	16.86531923	80.60576333				7.776383656	20.97371208	71.24990426	0	0	0	-1353.633497	0.8183140891	1105.17516661104	-1353.633497	0.01237615614			
1351.073497	3	10	87	0.8206251278	0.01247593719		2.528577218	17.00551742	80.46590536				7.842682051	21.02384439	71.13347356	0	0	0	-1351.073497	0.8206251278	1110.29754525648	-1351.073497	0.01247593719			
1348.513497	3	10	87	0.8229255148	0.01257791974		2.528133551	17.14651115	80.3253553				7.910379463	21.07323432	71.01638622	0	0	0	-1348.513497	0.8229255148	1115.43655063273	-1348.513497	0.01257791974			
1345.953497	3	10	87	0.8252153078	0.01268210422		2.52758838	17.28828825	80.18412337				7.9795214	21.12185189	70.89862671	0	0	0	-1345.953497	0.8252153078	1120.59831223975	-1345.953497	0.01268210422			
1343.393497	3	10	87	0.8274945513	0.01278848928		2.526943644	17.43083574	80.04222062				8.050154883	21.16966579	70.78017933	0	0	0	-1343.393497	0.8274945513	1125.78923506388	-1343.393497	0.01278848928			
1340.833497	3	10	87	0.829763277	0.01289707145		2.526201277	17.57413984	79.89965888				8.122328488	21.21664333	70.66102819	0	0	0	-1340.833497	0.829763277	1131.01598674782	-1340.833497	0.01289707145			
1338.273497	3	10	87	0.8320215033	0.01300784532		2.525363201	17.71818597	79.75645083				8.19609241	21.26275038	70.54115721	0	0	0	-1338.273497	0.8320215033	1136.28547567066	-1338.273497	0.01300784532			
1335.713497	3	10	87	0.8342692358	0.01312080318		2.524431312	17.86295872	79.61260997				8.271498503	21.30795134	70.42055015	0	0	0	-1335.713497	0.8342692358	1141.60478590596	-1335.713497	0.01312080318			
1333.153497	3	10	87	0.8365064671	0.0132359352		2.52340747	18.00844187	79.46815066				8.348600335	21.35220912	70.29919054	0	0	0	-1333.153497	0.8365064671	1146.98138627833	-1333.153497	0.0132359352			
1330.593497	3	10	87	0.8387331765	0.01335322933		2.522293494	18.15461836	79.32308815				8.427453248	21.39548504	70.17706171	0	0	0	-1330.593497	0.8387331765	1152.42290975209	-1330.593497	0.01335322933			
1328.033497	3	10	87	0.8409493307	0.01347267133		2.521091144	18.30147032	79.17743853				8.50811441	21.43773882	70.05414677	0	0	0	-1328.033497	0.8409493307	1157.93719050108	-1328.033497	0.01347267133			
1325.473497	3	10	87	0.8431548834	0.01359424471		2.519802111	18.44897909	79.0312188				8.590642875	21.47892855	69.93042858	0	0	0	-1325.473497	0.8431548834	1163.53234672558	-1325.473497	0.01359424471			
1322.913497	3	10	87	0.8453497757	0.01371793085		2.518428007	18.59712515	78.88444684				8.675099648	21.51901061	69.80588974	0	0	0	-1322.913497	0.8453497757	1169.21668992023	-1322.913497	0.01371793085			
1320.353497	3	10	87	0.8475339361	0.01384370899		2.516970351	18.74588824	78.73714141				8.761547745	21.55793965	69.6805126	0	0	0	-1320.353497	0.8475339361	1174.9987866037	-1320.353497	0.01384370899			
1317.793497	3	10	87	0.8497072807	0.01397155634		2.515430553	18.89524725	78.58932219				8.850052264	21.59566854	69.5542792	0	0	0	-1317.793497	0.8497072807	1180.88730751245	-1317.793497	0.01397155634			
1315.233497	3	10	87	0.8518697138	0.01410144817		2.513809905	19.04518036	78.44100973				8.940680452	21.63214831	69.42717124	0	0	0	-1315.233497	0.8518697138	1186.89109166577	-1315.233497	0.01410144817			
1312.673497	3	10	87	0.8540211279	0.01423335798		2.512109566	19.19566496	78.29222548				9.033501781	21.66732812	69.2991701	0	0	0	-1312.673497	0.8540211279	1193.01926560304	-1312.673497	0.01423335798			
1310.113497	3	10	87	0.8561614039	0.01436725767		2.510330543	19.34667771	78.14299175				9.128588027	21.70115522	69.17025675	0	0	0	-1310.113497	0.8561614039	1199.28103456121	-1310.113497	0.01436725767			
1307.553497	3	10	87	0.8582904119	0.01450311773		2.508473684	19.49819458	77.99333174				9.226013349	21.73357489	69.04041176	0	0	0	-1307.553497	0.8582904119	1205.68569272308	-1307.553497	0.01450311773			
1304.993497	3	10	87	0.8604080114	0.0146409075		2.50653966	19.65019086	77.84326948				9.325855154	21.76452956	68.90961529	0	0	0	-1304.993497	0.8604080114	1212.24271435696	-1304.993497	0.0146409075			
1302.433497	3	10	87	0.8625140518	0.01478059516		2.504528927	19.80264127	77.6928298				9.428191082	21.79396208	68.77784684	0	0	0	-1302.433497	0.8625140518	1216.20214304003	-1302.433497	0.01478059516			
1299.873497	3	10	87	0.8646178403	0.01498962375		2.502492619	19.95599775	77.54150963				9.533583917	21.82193251	68.64448358	0	0	0	-1299.873497	0.8646178403	1223.15704126158	-1299.873497	0.01498962375			
1297.313497	3	10	87	0.8667001613	0.01506575787		2.500328968	20.10927769	77.39039335				9.641166871	21.84812793	68.5107052	0	0	0	-1297.313497	0.8667001613	1233.00115108952	-1297.313497	0.01506575787			
1294.753497	3	10	87	0.8687703806	0.01521068686		2.498088286	20.26293141	77.2389803				9.751496373	21.87261172	68.3758919	0	0	0	-1294.753497	0.8687703806	1240.27142450822	-1294.753497	0.01521068686			
1292.193497	3	10	87	0.8708283625	0.01535772965		2.495770681	20.41693273	77.08729659				9.864666091	21.89531572	68.24001818	0	0	0	-1292.193497	0.8708283625	1247.73010794233	-1292.193497	0.01535772965			
1289.633497	3	10	87	0.8728739075	0.01550645319		2.49337541	20.57125322	76.93537137				9.980769271	21.91616994	68.10306079	0	0	0	-1289.633497	0.8728739075	1255.40047382235	-1289.633497	0.01550645319			
1287.073497	3	10	87	0.8749068206	0.01565690518		2.490901515	20.72586465	76.78323383				10.09990299	21.9351021	67.96499491	0	0	0	-1287.073497	0.8749068206	1263.28875725977	-1287.073497	0.01565690518			
1284.513497	3	10	87	0.8769269022	0.01580906608		2.488347752	20.88073855	76.6309137				10.22216782	21.95203751	67.82579468	0	0	0	-1284.513497	0.8769269022	1271.40380707264	-1284.513497	0.01580906608			
1281.953497	3	10	87	0.8789339497	0.0159629189		2.485712583	21.0358462	76.47844122				10.34766799	21.96689891	67.68543311	0	0	0	-1281.953497	0.8789339497	1279.7543911791	-1281.953497	0.0159629189			
1279.393497	3	10	87	0.8809277575	0.01611845104		2.482994162	21.19115872	76.32584711				10.47651159	21.97960644	67.54388197	0	0	0	-1279.393497	0.8809277575	1288.34911122382	-1279.393497	0.01611845104			
1276.833497	3	10	87	0.8829081188	0.01627565493		2.480190327	21.34664717	76.1731625				10.60881076	21.99007757	67.40111167	0	0	0	-1276.833497	0.8829081188	1297.19620475752	-1276.833497	0.01627565493			
1274.273497	3	10	87	0.8848748262	0.01643452849		2.477298595	21.50228252	76.02041888				10.74468195	21.99822693	67.25709112	0	0	0	-1274.273497	0.8848748262	1306.3035733544	-1274.273497	0.01643452849			
1271.713497	3	10	87	0.8868276733	0.01659507803		2.474316143	21.65803586	75.867648				10.88424614	22.00396628	67.11178758	0	0	0	-1271.713497	0.8868276733	1315.6787973792	-1271.713497	0.01659507803			
1269.153497	3	10	87	0.8887664552	0.01675731631		2.47123981	21.81387834	75.71488185				11.0276291	22.00720438	66.96516652	0	0	0	-1269.153497	0.8887664552	1325.32909574491	-1269.153497	0.01675731631			
1266.593497	3	10	87	0.8906909701	0.0169212655		2.468066095	21.96978131	75.56215259				11.17496174	22.00784682	66.81719144	0	0	0	-1266.593497	0.8906909701	1335.26112547781	-1266.593497	0.0169212655			
1264.033497	3	10	87	0.8926010203	0.01708695785		2.464791145	22.12571639	75.40949246				11.32638042	22.0057959	66.66782369	0	0	0	-1264.033497	0.8926010203	1345.48103116902	-1264.033497	0.01708695785			
1261.473497	3	10	87	0.8944964135	0.01725443683		2.461410763	22.2816555	75.25693374				11.48202728	22.00095047	66.51702225	0	0	0	-1261.473497	0.8944964135	1355.99439758529	-1261.473497	0.01725443683			
1258.913497	3	10	87	0.8963769638	0.01742375833		2.457920399	22.43757095	75.10450865				11.64205071	21.99320573	66.36474357	0	0	0	-1258.913497	0.8963769638	1366.80607855374	-1258.913497	0.01742375833			
1256.353497	3	10	87	0.8982424933	0.01759499199		2.45431516	22.59343554	74.9522493				11.8066057	21.98245306	66.21094124	0	0	0	-1256.353497	0.8982424933	1377.92024435553	-1256.353497	0.01759499199			
1253.793497	3	10	87	0.9000928328	0.01776822244		2.450589807	22.74922256	74.80018763				11.97585443	21.96857975	66.05556582	0	0	0	-1253.793497	0.9000928328	1389.34037675816	-1253.793497	0.01776822244			
1251.233497	3	10	87	0.9019278232	0.01794355072		2.446738764	22.90490589	74.64835534				12.14996669	21.95146878	65.89856453	0	0	0	-1251.233497	0.9019278232	1401.06897072713	-1251.233497	0.01794355072			
1248.673497	3	10	87	0.9037473168	0.01812109567		2.442756129	23.06046006	74.49678381				12.32912056	21.9309985	65.73988093	0	0	0	-1248.673497	0.9037473168	1413.10763134436	-1248.673497	0.01812109567			
1246.113497	3	10	87	0.9055511782	0.01830099536		2.438635677	23.21586026	74.34550406				12.51350302	21.90704233	65.57945464	0	0	0	-1246.113497	0.9055511782	1425.45697536307	-1246.113497	0.01830099536			
1243.553497	3	10	87	0.9073392856	0.01848340862		2.43437088	23.37108241	74.19454671				12.70331066	21.8794684	65.41722094	0	0	0	-1243.553497	0.9073392856	1438.11657523263	-1243.553497	0.01848340862			
1240.993497	3	10	87	0.9091115316	0.0186685165		2.429954916	23.5261032	74.04394188				12.89875046	21.84813912	65.25311042	0	0	0	-1240.993497	0.9091115316	1451.08505335819	-1240.993497	0.0186685165			
1238.433497	3	10	87	0.910867824	0.01885652389		2.425380691	23.68090008	73.89371923				13.10004067	21.81291078	65.08704855	0	0	0	-1238.433497	0.910867824	1464.35959930795	-1238.433497	0.01885652389			
1235.873497	3	10	87	0.9126080875	0.01904766102		2.420640855	23.83545129	73.74390785				13.30741177	21.77363298	64.91895524	0	0	0	-1235.873497	0.9126080875	1477.93618846042	-1235.873497	0.01904766102			
1233.313497	3	10	87	0.9143322637	0.01924218506		2.415727826	23.98973587	73.59453631				13.52110751	21.73014814	64.74874434	0	0	0	-1233.313497	0.9143322637	1491.80974464287	-1233.313497	0.01924218506			
1230.753497	3	10	87	0.9160403121	0.01944038167		2.410633817	24.14373358	73.4456326				13.74138605	21.68229083	64.57632312	0	0	0	-1230.753497	0.9160403121	1505.97373818518	-1230.753497	0.01944038167			
1228.193497	3	10	87	0.9177322108	0.01964256659		2.405350859	24.29742495	73.29722419				13.96852125	21.62988707	64.40159169	0	0	0	-1228.193497	0.9177322108	1520.42022725872	-1228.193497	0.01964256659			
1225.633497	3	10	87	0.9194079571	0.01984908705		2.399870841	24.45079114	73.14933802				14.20280406	21.57275359	64.22444235	0	0	0	-1225.633497	0.9194079571	1535.13991458323	-1225.633497	0.01984908705			
1223.073497	3	10	87	0.9210675678	0.02006032319		2.394185534	24.60381391	73.00200056				14.44454407	21.51069696	64.04475898	0	0	0	-1223.073497	0.9210675678	1550.12226292241	-1223.073497	0.02006032319			
1220.513497	3	10	87	0.9227110793	0.02027668934		2.38828664	24.75647545	72.85523791				14.69407117	21.44351263	63.8624162	0	0	0	-1220.513497	0.9227110793	1565.35534169287	-1220.513497	0.02027668934			
1217.953497	3	10	87	0.924338548	0.02049863498		2.382165825	24.90875829	72.70907589				14.95173744	21.37098391	63.67727865	0	0	0	-1217.953497	0.924338548	1580.82597196764	-1217.953497	0.02049863498			
1215.393497	3	10	87	0.9259500499	0.02072664552		2.375814772	25.06064507	72.56354016				15.21791914	21.29288077	63.48920008	0	0	0	-1215.393497	0.9259500499	1596.51987722174	-1215.393497	0.02072664552			
1212.833497	3	10	87	0.9275456805	0.02096124253		2.369225232	25.21211833	72.41865644				15.49301894	21.20895863	63.29802244	0	0	0	-1212.833497	0.9275456805	1612.42183178172	-1212.833497	0.02096124253			
1210.273497	3	10	87	0.929125554	0.02120298339		2.36238908	25.36316019	72.27445073				15.77746831	21.11895689	63.1035748	0	0	0	-1210.273497	0.929125554	1628.51592136555	-1210.273497	0.02120298339			
1207.713497	3	10	87	0.9306898026	0.02145246013		2.355298382	25.51375203	72.13094959				16.07173018	21.0225975	62.90567233	0	0	0	-1207.713497	0.9306898026	1644.78575212341	-1207.713497	0.02145246013			
1205.153497	3	10	87	0.9322385753	0.02171029701		2.347945465	25.66387403	71.9881805				16.37630171	20.91958322	62.70411507	0	0	0	-1205.153497	0.9322385753	1661.21517328442	-1205.153497	0.02171029701			
1202.593497	3	10	87	0.9337720359	0.02197714658		2.340323005	25.81350465	71.84617235				16.69171736	20.80959591	62.49868672	0	0	0	-1202.593497	0.9337720359	1677.78869242459	-1202.593497	0.02197714658			
1200.033497	3	10	87	0.9352903612	0.02225368353		2.332424114	25.96261998	71.70495591				17.01855209	20.69229458	62.28915333	0	0	0	-1200.033497	0.9352903612	1694.49241990399	-1200.033497	0.02225368353			
1197.473497	3	10	87	0.9367937376	0.02254059569		2.324242452	26.11119299	71.56456455				17.35742471	20.56731339	62.0752619	0	0	0	-1197.473497	0.9367937376	1711.37102541484	-1197.473497	0.02254059569			
1194.913497	3	10	87	0.938282262	0.02283742422		2.31576855	26.25920624	71.42502521				17.70896579	20.43428714	61.85674707	0	0	0	-1194.913497	0.938282262	1728.31830972788	-1194.913497	0.02283742422			
1192.353497	3	10	87	0.9397562966	0.02314822182		2.307001829	26.40661621	71.28638196				18.07394255	20.29276217	61.63329528	0	0	0	-1192.353497	0.9397562966	1745.32116131658	-1192.353497	0.02314822182			
1189.793497	3	10	87	0.9412159603	0.02347031954		2.297937736	26.55337549	71.14868677				18.45310973	20.14229185	61.40459841	0	0	0	-1189.793497	0.9412159603	1762.4811416013	-1189.793497	0.02347031954			
1187.233497	3	10	87	0.9426614309	0.02380532773		2.288573553	26.69943325	71.01199319				18.84729569	19.9823903	61.17031401	0	0	0	-1187.233497	0.9426614309	1779.77518223168	-1187.233497	0.02380532773			
1184.673497	3	10	87	0.9440928651	0.02415367278		2.278907968	26.84472846	70.87636357				19.25738852	19.81253688	60.93007459	0	0	0	-1184.673497	0.9440928651	1797.23546036696	-1184.673497	0.02415367278			
1182.113497	3	10	87	0.9455103866	0.02451559528		2.268941342	26.98918754	70.74187111				19.68433752	19.63217516	60.68348732	0	0	0	-1182.113497	0.9455103866	1814.91395846921	-1182.113497	0.02451559528			
1179.553497	3	10	87	0.9469140712	0.02489106834		2.258676036	27.1327215	70.60860246				20.12915299	19.44071264	60.43013436	0	0	0	-1179.553497	0.9469140712	1832.88832158265	-1179.553497	0.02489106834			
1176.993497	3	10	87	0.9483039288	0.02527968932		2.248116781	27.27522249	70.47666073				20.59290375	19.23752184	60.16957441	0	0	0	-1176.993497	0.9483039288	1851.26959800474	-1176.993497	0.02527968932			
1174.433497	3	10	87	0.9496798806	0.02568053923		2.23727112	27.41655975	70.34616913				21.076711	19.0219433	59.9013457	0	0	0	-1174.433497	0.9496798806	1870.21206621538	-1174.433497	0.02568053923			
1171.873497	3	10	87	0.9510417315	0.02609200219		2.226149917	27.55657486	70.21727523				21.58173734	18.79329139	59.62497127	0	0	0	-1171.873497	0.9510417315	1889.9258220969	-1171.873497	0.02609200219			
1169.313497	3	10	87	0.9523891357	0.02651153764		2.21476794	27.69507619	70.09015587				22.10916887	18.55086391	59.33996722	0	0	0	-1169.313497	0.9523891357	1910.69161214304	-1169.313497	0.02651153764			
1166.753497	3	10	87	0.953721557	0.02693539946		2.203144519	27.83183266	69.96502282				22.66018794	18.29395699	59.04585506	0	0	0	-1166.753497	0.953721557	1932.87973972767	-1166.753497	0.02693539946			
1164.193497	3	10	87	0.9550382205	0.02735830122		2.191304257	27.9665669	69.84212884				23.23593377	18.02188692	58.74217931	0	0	0	-1164.193497	0.9550382205	1956.97271879023	-1164.193497	0.02735830122			
1161.633497	3	10	87	0.9563380592	0.02777303206		2.179277764	28.09894802	69.72177422				23.83744744	17.7340208	58.42853176	0	0	0	-1161.633497	0.9563380592	1983.59146093241	-1161.633497	0.02777303206			
1159.073497	3	10	87	0.957619655	0.02817005485		2.16710237	28.22858465	69.60431298				24.46559804	17.42981808	58.10458388	0	0	0	-1159.073497	0.957619655	2013.52562348958	-1159.073497	0.02817005485			
1156.513497	3	10	87	0.9588811795	0.0285371261		2.154822711	28.3550191	69.49015819				25.12098728	17.10888453	57.77012819	0	0	0	-1156.513497	0.9588811795	2049.32821650261	-1156.513497	0.0285371261			
1153.953497	3	10	87	0.9601185034	0.028816235		2.142471291	28.477652	69.37987671				25.80278977	16.77155688	57.42565335	0	0	0	-1153.953497	0.9601185034	2088.98230623339	-1153.953497	0.028816235			
1151.393497	3	10	87	0.9613325748	0.02911787534		2.130147713	28.59603638	69.27381591				26.51276073	16.41692504	57.07031423	0	0	0	-1151.393497	0.9613325748	2134.21376338584	-1151.393497	0.02911787534			
1148.833497	3	10	87	0.9625181882	0.02929213571		2.117898583	28.70943705	69.17266437				27.24890195	16.04598154	56.70511651	0	0	0	-1148.833497	0.9625181882	2189.76045618398	-1148.833497	0.02929213571			
1146.273497	3	10	87	0.9636716157	0.02936054046		2.105795853	28.81714882	69.07705532				28.00944444	15.65966384	56.33089171	0	0	0	-1146.273497	0.9636716157	2256.2506357759	-1146.273497	0.02936054046			
1143.713497	3	10	87	0.9647886087	0.02929708948		2.093908717	28.9184817	68.98760959				28.79161348	15.25949764	55.94888887	0	0	0	-1143.713497	0.9647886087	2335.95117436027	-1143.713497	0.02929708948			
1141.153497	3	10	87	0.9658649488	0.02908641654		2.082310805	29.01273801	68.90495118				29.59178427	14.8474862	55.56072953	0	0	0	-1141.153497	0.9658649488	2431.11891922683	-1141.153497	0.02908641654			
1138.593497	3	10	87	0.9668965344	0.02871484505		2.071072688	29.09925939	68.82966793				30.40541729	14.42615097	55.16843174	0	0	0	-1138.593497	0.9668965344	2544.5004347461	-1138.593497	0.02871484505			
1136.033497	3	10	87	0.9678794791	0.02817222643		2.060248885	29.17753303	68.76221809				31.22712998	13.99852315	54.77434687	0	0	0	-1136.033497	0.9678794791	2678.76770362483	-1136.033497	0.02817222643			
1133.473497	3	10	87	0.9688106588	0.02746434995		2.04988081	29.24720215	68.70291704				32.05111123	13.56789864	54.38099012	0	0	0	-1133.473497	0.9688106588	2836.25642946454	-1133.473497	0.02746434995			
1130.913497	3	10	87	0.9696878913	0.02660559749		2.03999269	29.30809601	68.6519113				32.87141671	13.13767131	53.99091198	0	0	0	-1130.913497	0.9696878913	3019.0860896595	-1130.913497	0.02660559749			
1128.353497	3	10	87	0.9705100961	0.0256196081		2.030590668	29.3602413	68.60916803				33.68233873	12.71112338	53.60653789	0	0	0	-1128.353497	0.9705100961	3228.9754885524	-1128.353497	0.0256196081			
1125.793497	3	10	87	0.9712773312	0.02453636955		2.021663866	29.4038522	68.57448393				34.47873317	12.29123768	53.23002915	0	0	0	-1125.793497	0.9712773312	3467.18802924697	-1125.793497	0.02453636955			
1123.233497	3	10	87	0.9719907099	0.0233885929		2.013187057	29.43930282	68.54751012				35.25625633	11.88055916	52.86318451	0	0	0	-1123.233497	0.9719907099	3734.52311605249	-1123.233497	0.0233885929			
1120.673497	3	10	87	0.9726522294	0.02220820996		2.005124277	29.46708877	68.52778695				36.01148995	11.48111898	52.50739108	0	0	0	-1120.673497	0.9726522294	4031.34720534286	-1120.673497	0.02220820996			
1118.113497	3	10	87	0.9732645513	0.0210236826		1.997432713	29.48778513	68.51478216				36.74195931	11.09441907	52.16362161	0	0	0	-1118.113497	0.9732645513	4357.66020208041	-1118.113497	0.0210236826			
1115.553497	3	10	87	0.9738307729	0.01985838914		1.990066235	29.50200715	68.50792661				37.4460682	10.72146459	51.83246721	0	0	0	-1115.553497	0.9738307729	4713.19337874239	-1115.553497	0.01985838914			
1112.993497	3	10	87	0.9743542171	0.01872993812		1.982978168	29.51037878	68.50664305				38.12297658	10.36282939	51.51419403	0	0	0	-1112.993497	0.9743542171	5097.39311711275	-1112.993497	0.01872993812			
1110.433497	3	10	87	0.9748382816	0.01765122026		1.97612395	29.51350328	68.51037277				38.77248411	10.0187204	51.20879549	0	0	0	-1110.433497	0.9748382816	5509.63791240872	-1110.433497	0.01765122026			
1107.873497	3	10	87	0.9752862841	0.01662944095		1.969461639	29.51195426	68.5185841				39.39485314	9.689075101	50.91607176	0	0	0	-1107.873497	0.9752862841	5949.24585721412	-1107.873497	0.01662944095			
1105.313497	3	10	87	0.9757013977	0.01566880218		1.962953297	29.50626063	68.53078607				39.99070718	9.37361915	50.63567367	0	0	0	-1105.313497	0.9757013977	6415.4407804265	-1105.313497	0.01566880218			
1102.753497	3	10	87	0.9760865925	0.01477047829		1.956565122	29.49690348	68.5465314				40.56091575	9.071931248	50.367153	0	0	0	-1102.753497	0.9760865925	6907.47516859443	-1102.753497	0.01477047829			
1100.193497	3	10	87	0.9764446088	0.01393362675		1.950267442	29.48431529	68.56541726				41.10650735	8.783492646	50.11000001	0	0	0	-1100.193497	0.9764446088	7424.62606350161	-1100.193497	0.01393362675			
1097.633497	3	10	87	0.9767779488	0.01315605192		1.94403451	29.46888154	68.58708395				41.62860217	8.507725723	49.8636721	0	0	0	-1097.633497	0.9767779488	7966.20944304762	-1097.633497	0.01315605192			
1095.073497	3	10	87	0.9770888804	0.01243471403		1.937844181	29.45094374	68.61121208				42.12836189	8.244023019	49.62761509	0	0	0	-1095.073497	0.9770888804	8531.59168960093	-1095.073497	0.01243471403			
1092.513497	3	10	87	0.9773794485	0.0117661098		1.931677547	29.43080326	68.6375192				42.60695339	7.991768402	49.4012782	0	0	0	-1092.513497	0.9773794485	9120.19776042853	-1092.513497	0.0117661098			
1089.953497	3	10	87	0.9776514905	0.01114653957		1.92551856	29.40872532	68.66575612				43.06552352	7.750352013	49.18412447	0	0	0	-1089.953497	0.9776514905	9731.50104151814	-1089.953497	0.01114653957			
1087.393497	3	10	87	0.9779066545	0.01057228993		1.919353674	29.38494303	68.6957033				43.50518214	7.519180443	48.97563742	0	0	0	-1087.393497	0.9779066545	10365.0302319416	-1087.393497	0.01057228993			
1084.833497	3	10	87	0.9781464168	0.01003975251		1.913171503	29.35966111	68.72716739				43.92699148	7.297683326	48.7753252	0	0	0	-1084.833497	0.9781464168	11020.3728355549	-1084.833497	0.01003975251			
1082.273497	3	10	87	0.9783720996	0.009545496679		1.906962532	29.3330594	68.75997806				44.33195997	7.085317314	48.58272272	0	0	0	-1082.273497	0.9783720996	11697.1617594111	-1082.273497	0.009545496679			
1079.713497	3	10	87	0.9785848876	0.009086309906		1.90071884	29.30529596	68.7939852				44.72103935	6.881568156	48.39739249	0	0	0	-1079.713497	0.9785848876	12394.2085559338	-1079.713497	0.009086309906			
1077.153497	3	10	87	0.978785869	0.008660075864		1.894438288	29.27647554	68.82908617				45.09511433	6.685942992	48.21894268	0	0	0	-1077.153497	0.978785869	13112.4590318065	-1077.153497	0.008660075864			
1074.593497	3	10	87	0.9789759618	0.008261967233		1.888109836	29.24676153	68.86512863				45.45502258	6.498002347	48.04697508	0	0	0	-1074.593497	0.9789759618	13852.1106103559	-1074.593497	0.008261967233			
1072.033497	3	10	87	0.9791560303	0.007891013436		1.881730032	29.21625812	68.90201185				45.80155911	6.31731404	47.88112685	0	0	0	-1072.033497	0.9791560303	14611.9745910754	-1072.033497	0.007891013436			
1069.473497	3	10	87	0.9793268469	0.007544648148		1.875295374	29.18506032	68.9396443				46.13545506	6.143479912	47.72106503	0	0	0	-1069.473497	0.9793268469	15392.0911468891	-1069.473497	0.007544648148			
1066.913497	3	10	87	0.9794891079	0.007220798544		1.868803075	29.15325223	68.9779447				46.45739237	5.976128148	47.56647948	0	0	0	-1066.913497	0.9794891079	16192.3200987756	-1066.913497	0.007220798544			
1064.353497	3	10	87	0.9796434428	0.006917584872		1.862250962	29.12090833	69.0168407				46.76800686	5.814911748	47.41708139	0	0	0	-1064.353497	0.9796434428	17012.5746332568	-1064.353497	0.006917584872			
1061.793497	3	10	87	0.9797904208	0.006633303674		1.855637381	29.08809475	69.05626786				47.06789118	5.659506968	47.27260185	0	0	0	-1061.793497	0.9797904208	17852.7733801403	-1061.793497	0.006633303674			
1059.233497	3	10	87	0.9799305587	0.006366412087		1.848961123	29.05487026	69.09616862				47.35759791	5.509611753	47.13279034	0	0	0	-1059.233497	0.9799305587	18712.8558079803	-1059.233497	0.006366412087			
1056.673497	3	10	87	0.9800643257	0.006115512653		1.842221356	29.02128718	69.13649147				47.63764235	5.364944218	46.99741343	0	0	0	-1056.673497	0.9800643257	19592.8271818598	-1056.673497	0.006115512653			
1054.113497	3	10	87	0.9801921488	0.00587933917		1.83541757	28.98739214	69.17719029				47.90850537	5.225241198	46.86625343	0	0	0	-1054.113497	0.9801921488	20492.6710853822	-1054.113497	0.00587933917			
1051.553497	3	10	87	0.9803144177	0.005656743663		1.828549531	28.95322681	69.21822366				48.1706359	5.090256872	46.73910723	0	0	0	-1051.553497	0.9803144177	21412.3987043236	-1051.553497	0.005656743663			
1048.993497	3	10	87	0.9804314883	0.005446684514		1.821617238	28.9188284	69.25955436				48.42445342	4.959761472	46.61578511	0	0	0	-1048.993497	0.9804314883	22352.067877056	-1048.993497	0.005446684514			
1046.433497	3	10	87	0.9805436863	0.005248215709		1.814620889	28.88423025	69.30114886				48.67035015	4.833540084	46.49610977	0	0	0	-1046.433497	0.9805436863	23311.7267386678	-1046.433497	0.005248215709			
1043.873497	3	10	87	0.9806513105	0.005060477155		1.807560852	28.84946222	69.34297693				48.90869316	4.711391527	46.37991531	0	0	0	-1043.873497	0.9806513105	24291.4420431148	-1043.873497	0.005060477155			
1041.313497	3	10	87	0.9807546353	0.004882685975		1.800437641	28.81455111	69.38501125				49.13982627	4.593127326	46.2670464	0	0	0	-1041.313497	0.9807546353	25291.3346567397	-1041.313497	0.004882685975			
1038.753497	3	10	87	0.980853913	0.004714128714		1.793251889	28.77952096	69.42722715				49.36407181	4.478570757	46.15735743	0	0	0	-1038.753497	0.980853913	26311.5117318192	-1038.753497	0.004714128714			
1036.193497	3	10	87	0.9809493763	0.004554154373		1.786004336	28.74439341	69.46960225				49.58173226	4.367555967	46.05071177	0	0	0	-1036.193497	0.9809493763	27352.0763445742	-1036.193497	0.004554154373			
1033.633497	3	10	87	0.98104124	0.004402168178		1.77869581	28.70918791	69.51211628				49.79309169	4.259927172	45.94698113	0	0	0	-1033.633497	0.98104124	28413.1819533304	-1033.633497	0.004402168178			
1031.073497	3	10	87	0.9811297026	0.004257626018		1.77132721	28.67392196	69.55475083				49.9984172	4.155537913	45.84604489	0	0	0	-1031.073497	0.9811297026	29494.9966504821	-1031.073497	0.004257626018			
1028.513497	3	10	87	0.9812149479	0.004120029479		1.763899502	28.63861131	69.59748919				50.19796008	4.054250373	45.74778954	0	0	0	-1028.513497	0.9812149479	30597.6782257111	-1028.513497	0.004120029479			
1025.953497	3	10	87	0.9812971464	0.003988921411		1.7564137	28.60327018	69.64031612				50.39195706	3.955934755	45.65210818	0	0	0	-1025.953497	0.9812971464	31721.425018339	-1025.953497	0.003988921411			
1023.393497	3	10	87	0.9813764563	0.003863881963		1.748870862	28.56791135	69.68321779				50.58063128	3.860468702	45.55890002	0	0	0	-1023.393497	0.9813764563	32866.4405137626	-1023.393497	0.003863881963			
1020.833497	3	10	87	0.9814530248	0.003744525044		1.741272084	28.53254635	69.72618156				50.7641933	3.767736774	45.46806993	0	0	0	-1020.833497	0.9814530248	34032.9100961485	-1020.833497	0.003744525044			
1018.273497	3	10	87	0.981526989	0.003630495154		1.733618488	28.49718559	69.76919592				50.94284197	3.677629959	45.37952807	0	0	0	-1018.273497	0.981526989	35221.054974634	-1018.273497	0.003630495154			
1015.713497	3	10	87	0.9815984767	0.003521464547		1.725911221	28.46183841	69.81225037				51.11676528	3.590045229	45.2931895	0	0	0	-1015.713497	0.9815984767	36431.1735951613	-1015.713497	0.003521464547			
1013.153497	3	10	87	0.981667607	0.00341713069		1.718151448	28.42651326	69.85533529				51.28614104	3.50488513	45.20897383	0	0	0	-1013.153497	0.981667607	37663.4930016973	-1013.153497	0.00341713069			
1010.593497	3	10	87	0.9817344915	0.00331721398		1.710340348	28.39121773	69.89844192				51.45113765	3.422057401	45.12680495	0	0	0	-1010.593497	0.9817344915	38918.2441106221	-1010.593497	0.00331721398			
1008.033497	3	10	87	0.9817992345	0.003221455702		1.702479111	28.35595864	69.94156225				51.61191468	3.34147463	45.04661069	0	0	0	-1008.033497	0.9817992345	40195.7458362307	-1008.033497	0.003221455702			
1005.473497	3	10	87	0.9818619337	0.003129616179		1.694568932	28.32074214	69.98468893				51.76862349	3.263053931	44.96832258	0	0	0	-1005.473497	0.9818619337	41496.3080562176	-1005.473497	0.003129616179			
1002.913497	3	10	87	0.9819226807	0.003041473123		1.686611014	28.28557373	70.02781526				51.92140772	3.186716649	44.89187563	0	0	0	-1002.913497	0.9819226807	42820.1766073615	-1002.913497	0.003041473123			
1000.353497	3	10	87	0.9819815617	0.002956820137		1.67860656	28.25045835	70.07093509				52.07040385	3.112388087	44.81720806	0	0	0	-1000.353497	0.9819815617	44167.7293013054	-1000.353497	0.002956820137			
997.7934966	3	10	87	0.9820386574	0.002875465369		1.670556774	28.21540042	70.1140428				52.21574162	3.039997253	44.74426113	0	0	0	-997.7934966	0.9820386574	45539.2985179271	-997.7934966	0.002875465369			
995.2334966	3	10	87	0.982094044	0.002797230293		1.662462856	28.18040389	70.15713326				52.35754444	2.969476628	44.67297893	0	0	0	-995.2334966	0.982094044	46935.1536423007	-995.2334966	0.002797230293			
992.6734966	3	10	87	0.9821477932	0.00272194861		1.654326006	28.14547226	70.20020174				52.49592984	2.900761948	44.60330822	0	0	0	-992.6734966	0.9821477932	48355.7755461725	-992.6734966	0.00272194861			
990.1134966	3	10	87	0.9821999724	0.002649465252		1.646147417	28.11060864	70.24324394				52.63100977	2.833792008	44.53519823	0	0	0	-990.1134966	0.9821999724	49801.4232833505	-990.1134966	0.002649465252			
987.5534966	3	10	87	0.9822506456	0.002579635474		1.637928277	28.07581579	70.28625593				52.76289098	2.768508471	44.46860055	0	0	0	-987.5534966	0.9822506456	51272.5799638775	-987.5534966	0.002579635474			
984.9934966	3	10	87	0.9822998727	0.002512324039		1.629669769	28.04109614	70.32923409				52.89167532	2.704855701	44.40346897	0	0	0	-984.9934966	0.9822998727	52769.6571752402	-984.9934966	0.002512324039			
982.4334966	3	10	87	0.9823477108	0.002447404469		1.621373065	28.00645181	70.37217513				53.01746003	2.642780602	44.33975937	0	0	0	-982.4334966	0.9823477108	54292.8927263683	-982.4334966	0.002447404469			
979.8734966	3	10	87	0.9823942138	0.002384758368		1.613039332	27.97188463	70.41507603				53.14033799	2.582232468	44.27742954	0	0	0	-979.8734966	0.9823942138	55842.9253607907	-979.8734966	0.002384758368			
977.3134966	3	10	87	0.9824394325	0.002324274803		1.604669726	27.93739621	70.45793407				53.26039801	2.523162846	44.21643915	0	0	0	-977.3134966	0.9824394325	57420.1790369235	-977.3134966	0.002324274803			
974.7534966	3	10	87	0.9824834153	0.002265849745		1.596265395	27.90298789	70.50074672				53.37772502	2.465525409	44.15674957	0	0	0	-974.7534966	0.9824834153	59025.0293549456	-974.7534966	0.002265849745			
972.1934966	3	10	87	0.982526208	0.002209385548		1.587827477	27.86866082	70.54351171				53.49240033	2.409275833	44.09832384	0	0	0	-972.1934966	0.982526208	60658.0732086579	-972.1934966	0.002209385548			
969.6334966	3	10	87	0.982567854	0.002154790485		1.5793571	27.83441594	70.58622696				53.6045018	2.35437169	44.04112651	0	0	0	-969.6334966	0.982567854	62319.6433552487	-969.6334966	0.002154790485			
967.0734966	3	10	87	0.9826083948	0.002101978313		1.57085538	27.80025402	70.6288906				53.71410404	2.300772339	43.98512362	0	0	0	-967.0734966	0.9826083948	64010.2402951094	-967.0734966	0.002101978313			
964.5134966	3	10	87	0.9826478696	0.002050867884		1.562323424	27.76617566	70.67150092				53.82127859	2.248438831	43.93028258	0	0	0	-964.5134966	0.9826478696	65730.6570319513	-964.5134966	0.002050867884			
961.9534966	3	10	87	0.9826863156	0.00200138278		1.553762328	27.7321813	70.71405637				53.92609408	2.197333821	43.8765721	0	0	0	-961.9534966	0.9826863156	67481.1667581731	-961.9534966	0.00200138278			
959.3934966	3	10	87	0.9827237686	0.001953450983		1.545173177	27.69827125	70.75655557				54.02861639	2.147421476	43.82396213	0	0	0	-959.3934966	0.9827237686	69262.467717097	-959.3934966	0.001953450983			
956.8334966	3	10	87	0.9827602622	0.001907004571		1.536557045	27.66444568	70.79899727				54.12890879	2.098667402	43.77242381	0	0	0	-956.8334966	0.9827602622	71075.1206299652	-956.8334966	0.001907004571			
954.2734966	3	10	87	0.9827958289	0.001861979437		1.527914995	27.63070466	70.84138035				54.22703206	2.051038568	43.72192937	0	0	0	-954.2734966	0.9827958289	72919.6934583214	-954.2734966	0.001861979437			
951.7134966	3	10	87	0.9828304993	0.001818315032		1.519248076	27.59704811	70.88370381				54.32304466	2.004503233	43.67245211	0	0	0	-951.7134966	0.9828304993	74796.8744201057	-951.7134966	0.001818315032			
949.1534966	3	10	87	0.9828643029	0.001775954125		1.510557331	27.5634759	70.92596677				54.41700279	1.959030883	43.62396633	0	0	0	-949.1534966	0.9828643029	76707.1905240358	-949.1534966	0.001775954125			
946.5934966	3	10	87	0.9828972677	0.001734842587		1.501843788	27.52998777	70.96816845				54.50896056	1.91459217	43.57644727	0	0	0	-946.5934966	0.9828972677	78651.4323661518	-946.5934966	0.001734842587			
944.0334966	3	10	87	0.9829294205	0.001694929188		1.493108464	27.49658338	71.01030816				54.59897004	1.871158853	43.5298711	0	0	0	-944.0334966	0.9829294205	80630.1296267335	-944.0334966	0.001694929188			
941.4734966	3	10	87	0.982960787	0.001656165408		1.484352366	27.46326232	71.05238532				54.68708142	1.828703744	43.48421483	0	0	0	-941.4734966	0.982960787	82643.9964377249	-941.4734966	0.001656165408			
938.9134966	3	10	87	0.9829913917	0.001618505265		1.475576489	27.4300241	71.09439941				54.77334304	1.787200657	43.4394563	0	0	0	-938.9134966	0.9829913917	84693.7898134401	-938.9134966	0.001618505265			
936.3534966	3	10	87	0.9830212581	0.001581905157		1.466781818	27.39686817	71.13635001				54.85780151	1.746624359	43.39557413	0	0	0	-936.3534966	0.9830212581	86780.346118767	-936.3534966	0.001581905157			
933.7934966	3	10	87	0.9830504086	0.00154632371		1.457969326	27.36379391	71.17823677				54.9405018	1.706950527	43.35254767	0	0	0	-933.7934966	0.9830504086	88904.5373301189	-933.7934966	0.00154632371			
931.2334966	3	10	87	0.9830788647	0.001511721644		1.449139976	27.33080063	71.22005939				55.0214873	1.668155702	43.310357	0	0	0	-931.2334966	0.9830788647	91066.7985303931	-931.2334966	0.001511721644			
928.6734966	3	10	87	0.9831066472	0.001478061642		1.440294717	27.29788763	71.26181766				55.10079989	1.630217252	43.26898286	0	0	0	-928.6734966	0.9831066472	93268.0701243647	-928.6734966	0.001478061642			
926.1134966	3	10	87	0.9831337758	0.001445308234		1.431434493	27.2650541	71.3035114				55.17848003	1.593113332	43.22840664	0	0	0	-926.1134966	0.9831337758	95509.2516985276	-926.1134966	0.001445308234			
923.5534966	3	10	87	0.9831602696	0.001413427734		1.422560232	27.23229923	71.34514053				55.25456679	1.556822848	43.18861036	0	0	0	-923.5534966	0.9831602696	97791.1375317476	-923.5534966	0.001413427734			
920.9934966	3	10	87	0.9831861468	0.001382387944		1.413672854	27.19962216	71.38670498				55.32909797	1.521325426	43.14957661	0	0	0	-920.9934966	0.9831861468	100114.635090783	-920.9934966	0.001382387944			
918.4334966	3	10	87	0.983211425	0.001352158349		1.404773267	27.16702199	71.42820474				55.40211009	1.486601375	43.11128853	0	0	0	-918.4334966	0.983211425	102480.894562295	-918.4334966	0.001352158349			
915.8734966	3	10	87	0.9832361209	0.001322709837		1.395862369	27.13449778	71.46963985				55.4736385	1.452631661	43.07372984	0	0	0	-915.8734966	0.9832361209	104890.779762411	-915.8734966	0.001322709837			
913.3134966	3	10	87	0.9832602508	0.001294014657		1.386941049	27.10204857	71.51101039				55.54371739	1.419397876	43.03688473	0	0	0	-913.3134966	0.9832602508	107344.947411662	-913.3134966	0.001294014657			
910.7534966	3	10	87	0.9832838303	0.001266046352		1.378010184	27.06967334	71.55231647				55.61237988	1.386882213	43.00073791	0	0	0	-910.7534966	0.9832838303	109844.349844714	-910.7534966	0.001266046352			
908.1934966	3	10	87	0.9833068745	0.001238779677		1.369070641	27.03737109	71.59355827				55.67965801	1.355067437	42.96527455	0	0	0	-908.1934966	0.9833068745	112390.669285469	-908.1934966	0.001238779677			
905.6334966	3	10	87	0.9833293976	0.001212190537		1.36012328	27.00514075	71.63473597				55.74558286	1.323936864	42.93048028	0	0	0	-905.6334966	0.9833293976	114984.441171377	-905.6334966	0.001212190537			
903.0734966	3	10	87	0.9833514138	0.001186256027		1.351168949	26.97298123	71.67584982				55.8101845	1.293474335	42.89634116	0	0	0	-903.0734966	0.9833514138	117626.774210967	-903.0734966	0.001186256027			
900.5134966	3	10	87	0.9833729363	0.001160953985		1.342208529	26.94089078	71.71690069				55.87349214	1.263664196	42.86284366	0	0	0	-900.5134966	0.9833729363	120371.671403625	-900.5134966	0.001160953985			
897.9534966	3	10	87	0.9833939604	0.001135309915		1.333216625	26.9090281	71.75775527				55.93548206	1.234515592	42.83000235	0	0	0	-897.9534966	0.9833939604	123111.368243655	-897.9534966	0.001135309915			
895.3934966	3	10	87	0.9834145344	0.001112181698		1.32424649	26.87707411	71.7986794				55.99628661	1.205964608	42.79774878	0	0	0	-895.3934966	0.9834145344	125855.832673945	-895.3934966	0.001112181698			
892.8334966	3	10	87	0.9834346521	0.001088653492		1.315272665	26.84518661	71.83954072				56.05587955	1.178021898	42.76609855	0	0	0	-892.8334966	0.9834346521	128705.430195712	-892.8334966	0.001088653492			
890.2734966	3	10	87	0.9834543251	0.001065677686		1.306295893	26.81336472	71.88033939				56.11428662	1.150673679	42.7350397	0	0	0	-890.2734966	0.9834543251	131609.213403265	-890.2734966	0.001065677686			
887.7134966	3	10	87	0.9834735648	0.001043238305		1.297316969	26.78160726	71.92107577				56.17153294	1.12390652	42.70456054	0	0	0	-887.7134966	0.9834735648	134568.929571827	-887.7134966	0.001043238305			
885.1534966	3	10	87	0.9834923819	0.00102131806		1.288336663	26.74991312	71.96175022				56.2276429	1.097707396	42.67464971	0	0	0	-885.1534966	0.9834923819	137587.188157199	-885.1534966	0.00102131806			
882.5934966	3	10	87	0.9835107867	0.0009998960852		1.279355574	26.71828256	72.00236187				56.28263999	1.072063774	42.64529623	0	0	0	-882.5934966	0.9835107867	140663.465991205	-882.5934966	0.0009998960852			
880.0334966	3	10	87	0.9835287897	0.0009789710358		1.27037478	26.68671167	72.04291355				56.33654773	1.046963134	42.61648914	0	0	0	-880.0334966	0.9835287897	143799.792436978	-880.0334966	0.0009789710358			
877.4734966	3	10	87	0.9835464004	0.000958513973		1.261394864	26.65520067	72.08340446				56.38938824	1.022393662	42.5882181	0	0	0	-877.4734966	0.9835464004	146998.475605646	-877.4734966	0.000958513973			
874.9134966	3	10	87	0.9835636284	0.0009385153441		1.252416563	26.62374842	72.12383502				56.44118331	0.9983437586	42.56047293	0	0	0	-874.9134966	0.9835636284	150260.728704814	-874.9134966	0.0009385153441			
872.3534966	3	10	87	0.9835804827	0.0009189614861		1.243440605	26.59235375	72.16420564				56.49195416	0.9748021471	42.5332437	0	0	0	-872.3534966	0.9835804827	153587.586213728	-872.3534966	0.0009189614861			
869.7934966	3	10	87	0.9835969724	0.000899839275		1.234467707	26.56101549	72.2045168				56.54172139	0.9517578631	42.50652074	0	0	0	-869.7934966	0.9835969724	156980.949688178	-869.7934966	0.000899839275			
867.2334966	3	10	87	0.9836131059	0.0008811361096		1.225498581	26.52973248	72.24476894				56.59050511	0.9292002417	42.48029465	0	0	0	-867.2334966	0.9836131059	160443.641321988	-867.2334966	0.0008811361096			
864.6734966	3	10	87	0.9836288915	0.0008628398811		1.21653393	26.49850352	72.28496255				56.63832487	0.9071189065	42.45455623	0	0	0	-864.6734966	0.9836288915	163975.844674919	-864.6734966	0.0008628398811			
862.1134966	3	10	87	0.9836443374	0.0008449389518		1.207574446	26.46732745	72.3250981				56.68519971	0.8855037594	42.42929653	0	0	0	-862.1134966	0.9836443374	167579.343708962	-862.1134966	0.0008449389518			
859.5534966	3	10	87	0.9836594514	0.0008274221328		1.198620818	26.43620308	72.3651761				56.7311482	0.8643449705	42.40450683	0	0	0	-859.5534966	0.9836594514	171257.146917397	-859.5534966	0.0008274221328			
856.9934966	3	10	87	0.983674241	0.0008102786627		1.189673722	26.40512923	72.40519705				56.77618842	0.8436329681	42.38017861	0	0	0	-856.9934966	0.983674241	175011.452738972	-856.9934966	0.0008102786627			
854.4334966	3	10	87	0.9836887135	0.0007934981883		1.180733829	26.3741047	72.44516147				56.82033802	0.82335843	42.35630355	0	0	0	-854.4334966	0.9836887135	178842.777678666	-854.4334966	0.0007934981883			
851.8734966	3	10	87	0.9837028762	0.0007770707453		1.171801801	26.34312831	72.48506989				56.86361417	0.8035122746	42.33287355	0	0	0	-851.8734966	0.9837028762	182753.70281026	-851.8734966	0.0007770707453			
849.3134966	3	10	87	0.9837167359	0.0007609867412		1.162878293	26.31219887	72.52492284				56.90603366	0.7840856522	42.30988068	0	0	0	-849.3134966	0.9837167359	186746.797253419	-849.3134966	0.0007609867412			
846.7534966	3	10	87	0.9837302994	0.0007452370075		1.153963955	26.28131515	72.56472089				56.94761283	0.765069937	42.28731723	0	0	0	-846.7534966	0.9837302994	190823.717575573	-846.7534966	0.0007452370075			
844.1934966	3	10	87	0.9837435732	0.000729812504		1.145059422	26.25047601	72.60446457				56.98836766	0.7464567201	42.26517562	0	0	0	-844.1934966	0.9837435732	194988.339617777	-844.1934966	0.000729812504			
841.6334966	3	10	87	0.9837565635	0.000714704728		1.136165327	26.21968025	72.64415442				57.02831374	0.7282378011	42.24344846	0	0	0	-841.6334966	0.9837565635	199240.96921061	-841.6334966	0.000714704728			
839.0734966	3	10	87	0.9837692767	0.0006999054142		1.127282293	26.18892668	72.68379103				57.06746628	0.7104051816	42.22212854	0	0	0	-839.0734966	0.9837692767	203583.765935289	-839.0734966	0.0006999054142			
836.5134966	3	10	87	0.9837817187	0.0006854065935		1.118410938	26.15821411	72.72337495				57.10584015	0.6929510582	42.2012088	0	0	0	-836.5134966	0.9837817187	208022.061550023	-836.5134966	0.0006854065935			
833.9534966	3	10	87	0.9837938952	0.0006712005801		1.109551871	26.12754136	72.76290677				57.14344985	0.6758678162	42.18068233	0	0	0	-833.9534966	0.9837938952	212556.597730747	-833.9534966	0.0006712005801			
831.3934966	3	10	87	0.983805812	0.0006572799591		1.100705694	26.09690724	72.80238706				57.18030958	0.6591480231	42.16054239	0	0	0	-831.3934966	0.983805812	217189.166987899	-831.3934966	0.0006572799591			
828.8334966	3	10	87	0.9838174746	0.0006436375753		1.091873002	26.06631058	72.84181642				57.2164332	0.6427844229	42.14078238	0	0	0	-828.8334966	0.9838174746	221923.283559011	-828.8334966	0.0006436375753			
826.2734966	3	10	87	0.9838288884	0.000630266522		1.083054384	26.03575018	72.88119544				57.25183425	0.6267699301	42.12139582	0	0	0	-826.2734966	0.9838288884	226762.982239682	-826.2734966	0.000630266522			
823.7134966	3	10	87	0.9838400585	0.0006171601305		1.07425042	26.00522488	72.9205247				57.28652598	0.6110976242	42.1023764	0	0	0	-823.7134966	0.9838400585	231710.345729358	-823.7134966	0.0006171601305			
821.1534966	3	10	87	0.9838509901	0.0006043119604		1.065461684	25.97473349	72.95980483				57.32052135	0.5957607447	42.08371791	0	0	0	-821.1534966	0.9838509901	236769.022415153	-821.1534966	0.0006043119604			
818.5934966	3	10	87	0.983861688	0.0005917157896		1.056688743	25.94427485	72.99903641				57.35383303	0.5807526856	42.06541429	0	0	0	-818.5934966	0.983861688	241941.292355103	-818.5934966	0.0005917157896			
816.0334966	3	10	87	0.9838721572	0.0005793656059		1.047932158	25.91384778	73.03822006				57.38647342	0.5660669911	42.04745959	0	0	0	-816.0334966	0.9838721572	247228.8636491	-816.0334966	0.0005793656059			
813.4734966	3	10	87	0.9838824024	0.0005672555982		1.039192481	25.88345112	73.0773564				57.41845465	0.55169735	42.029848	0	0	0	-813.4734966	0.9838824024	252639.358840696	-813.4734966	0.0005672555982			
810.9134966	3	10	87	0.983892428	0.0005553801481		1.03047026	25.85308371	73.11644603				57.44978861	0.5376375921	42.01257379	0	0	0	-810.9134966	0.983892428	258174.606301984	-810.9134966	0.0005553801481			
808.3534966	3	10	87	0.9839022386	0.0005437338223		1.021766034	25.82274439	73.15548958				57.48048693	0.5238816834	41.99563139	0	0	0	-808.3534966	0.9839022386	263836.929532683	-808.3534966	0.0005437338223			
805.7934966	3	10	87	0.9839118385	0.0005323113653		1.013080336	25.79243199	73.19448767				57.51056098	0.510423722	41.97901529	0	0	0	-805.7934966	0.9839118385	269630.997437945	-805.7934966	0.0005323113653			
803.2334966	3	10	87	0.983921232	0.0005211076921		1.004413694	25.76214538	73.23344092				57.54002193	0.497257934	41.96272013	0	0	0	-803.2334966	0.983921232	275560.728903702	-803.2334966	0.0005211076921			
800.6734966	3	10	87	0.9839304232	0.0005101178817		0.9957666283	25.7318834	73.27234997				57.56888071	0.4843786699	41.94674062	0	0	0	-800.6734966	0.9839304232	281630.022955938	-800.6734966	0.0005101178817			
798.1134966	3	10	87	0.9839394162	0.0004993371701		0.987139652	25.70164491	73.31121544				57.59714801	0.4717804006	41.93107159	0	0	0	-798.1134966	0.9839394162	287843.287196161	-798.1134966	0.0004993371701			
795.5534966	3	10	87	0.9839482149	0.0004887609448		0.9785332728	25.67142876	73.35003796				57.62483434	0.4594577139	41.91570795	0	0	0	-795.5534966	0.9839482149	294204.934069978	-795.5534966	0.0004887609448			
792.9934966	3	10	87	0.9839568232	0.0004783847387		0.9699479919	25.64123383	73.38881818				57.65194998	0.4474053112	41.90064471	0	0	0	-792.9934966	0.9839568232	300718.118007137	-792.9934966	0.0004783847387			
790.4334966	3	10	87	0.9839652449	0.0004682042242		0.9613843041	25.61105898	73.42755672				57.67850501	0.4356180041	41.88587698	0	0	0	-790.4334966	0.9839652449	307391.642542309	-790.4334966	0.0004682042242			
787.8734966	3	10	87	0.9839734835	0.0004582152081		0.9528426982	25.58090308	73.46625422				57.70450933	0.424090711	41.87139996	0	0	0	-787.8734966	0.9839734835	314226.956192932	-787.8734966	0.0004582152081			
785.3134966	3	10	87	0.9839815428	0.0004484136264		0.9443236566	25.55076501	73.50491133				57.72997264	0.4128184546	41.8572089	0	0	0	-785.3134966	0.9839815428	321230.422284913	-785.3134966	0.0004484136264			
782.7534966	3	10	87	0.9839894261	0.0004387955395		0.9358276557	25.52064365	73.54352869				57.75490445	0.401796358	41.84329919	0	0	0	-782.7534966	0.9839894261	328405.265726756	-782.7534966	0.0004387955395			
780.1934966	3	10	87	0.9839971371	0.0004293571271		0.9273551657	25.49053789	73.58210695				57.77931411	0.3910196429	41.82966625	0	0	0	-780.1934966	0.9839971371	335758.696432688	-780.1934966	0.0004293571271			
777.6334966	3	10	87	0.9840046789	0.0004200946844		0.9189066508	25.46044661	73.62064674				57.80321076	0.380483626	41.81630561	0	0	0	-777.6334966	0.9840046789	343296.544626119	-777.6334966	0.0004200946844			
775.0734966	3	10	87	0.984012055	0.0004110046171		0.9104825695	25.43036872	73.65914871				57.82660342	0.3701837168	41.80321286	0	0	0	-775.0734966	0.984012055	351024.616649323	-775.0734966	0.0004110046171			
772.5134966	3	10	87	0.9840192684	0.0004020834373		0.9020833741	25.4003031	73.69761352				57.84950091	0.3601154149	41.79038368	0	0	0	-772.5134966	0.9840192684	358947.026671183	-772.5134966	0.0004020834373			
769.9534966	3	10	87	0.9840263225	0.0003933277603		0.893709511	25.37024867	73.73604182				57.87191189	0.3502743076	41.7778138	0	0	0	-769.9534966	0.9840263225	367072.731805377	-769.9534966	0.0003933277603			
767.3934966	3	10	87	0.9840332201	0.0003847342999		0.885361421	25.34020433	73.77443425				57.8938449	0.3406560673	41.76549904	0	0	0	-767.3934966	0.9840332201	375409.090417475	-767.3934966	0.0003847342999			
764.8334966	3	10	87	0.9840399644	0.0003762998652		0.8770395388	25.31016899	73.81279147				57.91530827	0.3312564497	41.75343528	0	0	0	-764.8334966	0.9840399644	383960.525719951	-764.8334966	0.0003762998652			
762.2734966	3	10	87	0.9840465582	0.0003680213571		0.8687442938	25.28014158	73.85111413				57.93631025	0.3220712908	41.74161846	0	0	0	-762.2734966	0.9840465582	392735.5097778	-762.2734966	0.0003680213571			
759.7134966	3	10	87	0.9840530045	0.000359895765		0.8604761093	25.250121	73.88940289				57.95685889	0.3130965057	41.73004461	0	0	0	-759.7134966	0.9840530045	401738.287802797	-759.7134966	0.000359895765			
757.1534966	3	10	87	0.9840593061	0.0003519201634		0.8522354032	25.2201062	73.9276584				57.97696213	0.3043280857	41.71870979	0	0	0	-757.1534966	0.9840593061	410978.628927563	-757.1534966	0.0003519201634			
754.5934966	3	10	87	0.9840654658	0.0003440917088		0.8440225877	25.19009609	73.96588133				57.99662777	0.2957620968	41.70761014	0	0	0	-754.5934966	0.9840654658	420467.774893219	-754.5934966	0.0003440917088			
752.0334966	3	10	87	0.9840714862	0.0003364076369		0.8358380694	25.16008961	74.00407232				58.01586347	0.2873946775	41.69674185	0	0	0	-752.0334966	0.9840714862	430209.800297539	-752.0334966	0.0003364076369			
749.4734966	3	10	87	0.9840773701	0.0003288652598		0.8276822496	25.1300857	74.04223205				58.03467677	0.2792220374	41.68610119	0	0	0	-749.4734966	0.9840773701	440213.747982505	-749.4734966	0.0003288652598			
746.9134966	3	10	87	0.98408312	0.000321461963		0.8195555238	25.10008331	74.08036116				58.05307508	0.2712404548	41.67568446	0	0	0	-746.9134966	0.98408312	450495.703757554	-746.9134966	0.000321461963			
744.3534966	3	10	87	0.9840887384	0.0003141952031		0.8114582825	25.07008139	74.11846033				58.07106569	0.2634462752	41.66548803	0	0	0	-744.3534966	0.9840887384	461053.020391196	-744.3534966	0.0003141952031			
741.7934966	3	10	87	0.984094228	0.0003070625049		0.8033909104	25.04007888	74.15653021				58.08865577	0.25583591	41.65550832	0	0	0	-741.7934966	0.984094228	471900.212831316	-741.7934966	0.0003070625049			
739.2334966	3	10	87	0.9840995911	0.0003000614592		0.795353787	25.01007474	74.19457148				58.10585236	0.2484058344	41.64574181	0	0	0	-739.2334966	0.9840995911	483055.545493836	-739.2334966	0.0003000614592			
736.6734966	3	10	87	0.9841048301	0.0002931897205		0.7873472867	24.98006793	74.23258478				58.12266241	0.2411525858	41.63618501	0	0	0	-736.6734966	0.9841048301	494516.619442163	-736.6734966	0.0002931897205			
734.1134966	3	10	87	0.9841099475	0.0002864450046		0.7793717784	24.95005742	74.2705708				58.13909274	0.2340727629	41.62683449	0	0	0	-734.1134966	0.9841099475	506299.991213288	-734.1134966	0.0002864450046			
731.5534966	3	10	87	0.9841149455	0.0002798250865		0.7714276259	24.92004218	74.3085302				58.15515008	0.2271630236	41.6176869	0	0	0	-731.5534966	0.9841149455	518427.488939198	-731.5534966	0.0002798250865			
728.9934966	3	10	87	0.9841198263	0.0002733303172		0.7635151529	24.89002152	74.34646333				58.17084123	0.2204200861	41.60873868	0	0	0	-728.9934966	0.9841198263	530896.294064866	-728.9934966	0.0002733303172			
726.4334966	3	10	87	0.9841245923	0.0002669536223		0.7556347539	24.85999404	74.38437121				58.18617251	0.2138407193	41.59998677	0	0	0	-726.4334966	0.9841245923	543714.408411099	-726.4334966	0.0002669536223			
723.8734966	3	10	87	0.9841292457	0.0002606953295		0.7477867714	24.82995875	74.42225448				58.20115033	0.2074217529	41.59142792	0	0	0	-723.8734966	0.9841292457	556912.784088143	-723.8734966	0.0002606953295			
721.3134966	3	10	87	0.9841337885	0.000254553488		0.7399715488	24.79991464	74.46011381				58.21578099	0.2011600689	41.58305894	0	0	0	-721.3134966	0.9841337885	570500.075291864	-721.3134966	0.000254553488			
718.7534966	3	10	87	0.9841382229	0.0002485261389		0.7321894243	24.7698607	74.49794987				58.2300707	0.1950526025	41.57487669	0	0	0	-718.7534966	0.9841382229	584480.138313581	-718.7534966	0.0002485261389			
716.1934966	3	10	87	0.984142551	0.0002426113712		0.724440731	24.73979592	74.53576334				58.2440256	0.1890963403	41.56687806	0	0	0	-716.1934966	0.984142551	598875.498886276	-716.1934966	0.0002426113712			
713.6334966	3	10	87	0.9841467748	0.0002368073199		0.7167257972	24.7097193	74.5735549				58.2576517	0.1832883197	41.55905998	0	0	0	-713.6334966	0.9841467748	613703.399356229	-713.6334966	0.0002368073199			
711.0734966	3	10	87	0.9841508963	0.0002311121644		0.7090449464	24.67962983	74.61132522				58.27095495	0.1776256274	41.55141943	0	0	0	-711.0734966	0.9841508963	628983.011158402	-711.0734966	0.0002311121644			
708.5134966	3	10	87	0.9841549174	0.000225524127		0.7013984969	24.64952653	74.64907498				58.28394119	0.1721053984	41.54395341	0	0	0	-708.5134966	0.9841549174	644717.105738399	-708.5134966	0.000225524127			
705.9534966	3	10	87	0.9841588402	0.0002200414713		0.6937867625	24.61940838	74.68680485				58.29661619	0.1667248153	41.536659	0	0	0	-705.9534966	0.9841588402	660926.849834787	-705.9534966	0.0002200414713			
703.3934966	3	10	87	0.9841626665	0.0002146625008		0.686210052	24.58927442	74.72451553				58.30898562	0.1614811068	41.52953327	0	0	0	-703.3934966	0.9841626665	677649.601761469	-703.3934966	0.0002146625008			
700.8334966	3	10	87	0.9841663981	0.0002093855577		0.6786686694	24.55912364	74.7622077				58.32105509	0.1563715471	41.52257336	0	0	0	-700.8334966	0.9841663981	694880.954018962	-700.8334966	0.0002093855577			
698.2734966	3	10	87	0.984170037	0.0002042090211		0.6711629142	24.52895506	74.79988203				58.33283011	0.1513934549	41.51577644	0	0	0	-698.2734966	0.984170037	712645.688018589	-698.2734966	0.0002042090211			
695.7134966	3	10	87	0.9841735849	0.0001991313062		0.6636930809	24.4987677	74.83753922				58.34431611	0.1465441922	41.5091397	0	0	0	-695.7134966	0.9841735849	730976.495494904	-695.7134966	0.0001991313062			
693.1534966	3	10	87	0.9841770436	0.0001941508624		0.6562594595	24.46856059	74.87517995				58.35551845	0.1418211639	41.50266039	0	0	0	-693.1534966	0.9841770436	749891.062088176	-693.1534966	0.0001941508624			
690.5934966	3	10	87	0.9841804148	0.0001892661728		0.6488623355	24.43833274	74.91280492				58.36644242	0.1372218167	41.49633577	0	0	0	-690.5934966	0.9841804148	769404.888730234	-690.5934966	0.0001892661728			
688.0334966	3	10	87	0.9841837003	0.0001844757524		0.6415019894	24.40808319	74.95041482				58.37709321	0.1327436383	41.49016315	0	0	0	-688.0334966	0.9841837003	789548.387462944	-688.0334966	0.0001844757524			
685.4734966	3	10	87	0.9841869017	0.0001797781475		0.6341786976	24.37781096	74.98801035				58.38747597	0.1283841565	41.48413987	0	0	0	-685.4734966	0.9841869017	810337.233208898	-685.4734966	0.0001797781475			
682.9134966	3	10	87	0.9841900208	0.000175171934		0.6268927317	24.34751508	75.02559219				58.39759576	0.1241409387	41.47826331	0	0	0	-682.9134966	0.9841900208	831806.218655244	-682.9134966	0.000175171934			
680.3534966	3	10	87	0.9841930591	0.0001706557168		0.6196443588	24.31719459	75.06316105				58.40745755	0.1200115911	41.47253086	0	0	0	-680.3534966	0.9841930591	854001.079858788	-680.3534966	0.0001706557168			
677.7934966	3	10	87	0.9841960182	0.0001662281286		0.6124338416	24.28684852	75.10071764				58.41706628	0.1159937577	41.46693996	0	0	0	-677.7934966	0.9841960182	876915.990461662	-677.7934966	0.0001662281286			
675.2334966	3	10	87	0.9841988998	0.0001618878288		0.6052614385	24.25647591	75.13826265				58.4264268	0.1120851201	41.46148808	0	0	0	-675.2334966	0.9841988998	900588.861789522	-675.2334966	0.0001618878288			
672.6734966	3	10	87	0.9842017054	0.0001576335029		0.5981274031	24.22607581	75.17579679				58.43554388	0.1082833963	41.45617272	0	0	0	-672.6734966	0.9842017054	925073.480424903	-672.6734966	0.0001576335029			
670.1134966	3	10	87	0.9842044365	0.0001534638609		0.5910319852	24.19564724	75.21332078				58.44442226	0.1045863406	41.4509914	0	0	0	-670.1134966	0.9842044365	950378.342406536	-670.1134966	0.0001534638609			
667.5534966	3	10	87	0.9842070947	0.0001493776372		0.5839754297	24.16518925	75.25083532				58.45306657	0.1009917425	41.44594169	0	0	0	-667.5534966	0.9842070947	976568.934978609	-667.5534966	0.0001493776372			
664.9934966	3	10	87	0.9842096813	0.000145373589		0.5769579774	24.13470089	75.28834113				58.46148142	0.09749742636	41.44102116	0	0	0	-664.9934966	0.9842096813	1003648.90755049	-664.9934966	0.000145373589			
662.4334966	3	10	87	0.984212198	0.0001414504959		0.5699798651	24.10418119	75.32583894				58.46967132	0.09410125091	41.43622743	0	0	0	-662.4334966	0.984212198	1031653.9163518	-662.4334966	0.0001414504959			
659.8734966	3	10	87	0.9842146461	0.0001376071591		0.5630413249	24.07362921	75.36332946				58.47764074	0.09080110841	41.43155815	0	0	0	-659.8734966	0.9842146461	1060671.64845542	-659.8734966	0.0001376071591			
657.3134966	3	10	87	0.984217027	0.0001338424003		0.5561425849	24.04304399	75.40081342				58.48539409	0.08759492427	41.42701098	0	0	0	-657.3134966	0.984217027	1090693.26919453	-657.3134966	0.0001338424003			
654.7534966	3	10	87	0.9842193422	0.000130155061		0.5492838689	24.01242458	75.43829155				58.49293571	0.08448065655	41.42258364	0	0	0	-654.7534966	0.9842193422	1121777.80263278	-654.7534966	0.000130155061			
652.1934966	3	10	87	0.984221593	0.0001265440022		0.5424653968	23.98177001	75.47576459				58.50026987	0.08145629539	41.41827383	0	0	0	-652.1934966	0.984221593	1154085.60831531	-652.1934966	0.0001265440022			
650.9134966	3	10	87	0.9842226943	6.192165507E-05		0.5390714875	23.96642709	75.49450142				58.50385915	0.07997720718	41.41616365	0	0	0	-650.9134966	0.9842226943	1168020.56700135	-650.9134966	6.192165507E-05			
650.7534966	3	10	87	0.9842228312	7.70859733E-06		0.5386478513	23.96451006	75.49684209				58.50430555	0.07979384792	41.41590061	0	0	0	-650.7534966	0.9842228312	1169495.78004024	-650.7534966	7.70859733E-06			
650.7334966	3	10	87	0.9842228483	9.595177304E-07		0.5385948731	23.96427081	75.49713432				58.50436115	0.07977096138	41.41586789	0	0	0	-650.7334966	0.9842228483	1169590.64521829	-650.7334966	9.595177304E-07			
650.7234966	3	10	87	0.9842228565	4.592180149E-07		0.538568516	23.96414952	75.49728197				58.50438805	0.07975951436	41.41585243	0	0	0	-650.7234966	0.9842228565	1168058.41479322	-650.7234966	4.592180149E-07			
650.7034966	3	10	87	0.9842290904	1.634979968E-06	0.0003865213332	0.5382254228	23.96764713	75.49412745	52.46971104	0.02570019001	47.50458877	58.50681631	0.07974132319	41.41344236	0	0	0	-650.7034966	0.9842290904	4907.826582413	-650.7034966	1.634979968E-06	0.0003865213332	0.000676758882382466	
650.6834966	3	10	87	0.9842325143	1.330214338E-06	0.0002118989656	0.5380136807	23.96945427	75.49253205	52.47617782	0.02567480676	47.49814737	58.50817159	0.07972100924	41.4121074	0	0	0	-650.6834966	0.9842325143	5835.4358144063	-650.6834966	1.330214338E-06	0.0002118989656	-0.0185054330947733	
650.6434966	3	10	87	0.9842393828	2.659383697E-06	0.0004252043304	0.5375899757	23.97307436	75.48933566	52.48913093	0.02562405858	47.48524501	58.51088628	0.07968039644	41.40943333	0	0	0	-650.6434966	0.9842393828	5812.94922719756	-650.6434966	2.659383697E-06	0.0004252043304	0.00622040063286869	
650.5634966	3	10	87	0.9842531965	5.32717417E-06	0.0008556033723	0.536741946	23.98033434	75.48292371	52.51510481	0.02552265333	47.45937254	58.51632988	0.07959922872	41.40407089	0	0	0	-650.5634966	0.9842531965	5769.76735120719	-650.5634966	5.32717417E-06	0.0008556033723	0.00617078515914478	
650.4034966	3	10	87	0.9842811387	1.068933342E-05	0.001732562063	0.5350432367	23.99493618	75.47002059	52.56733513	0.02532017651	47.40734469	58.52727588	0.07943712562	41.393287	0	0	0	-650.4034966	0.9842811387	5683.30453550943	-650.4034966	1.068933342E-05	0.001732562063	0.00606096549668257	
650.0834966	3	10	87	0.9843383254	2.152394311E-05	0.003553562277	0.5316348391	24.02447546	75.4438897	52.67292538	0.02491663681	47.30215798	58.54940736	0.07911387925	41.37147876	0	0	0	-650.0834966	0.9843383254	5510.88195740792	-650.0834966	2.152394311E-05	0.003553562277	0.00585244622169393	
649.4434966	3	10	87	0.9844583358	4.373602965E-05	0.007490519244	0.5247707566	24.08496803	75.39026122	52.88890503	0.02411481017	47.08698016	58.59468637	0.07847109522	41.32684253	0	0	0	-649.4434966	0.9844583358	5167.93533474446	-649.4434966	4.373602965E-05	0.007490519244	0.0054648070281183	
648.1634966	3	10	87	0.9847249157	9.068610926E-05	0.01679458766	0.5108231861	24.21225517	75.27692164	53.34211421	0.02253046768	46.63535532	58.68977412	0.07720058374	41.2330253	0	0	0	-648.1634966	0.9847249157	4497.91447248448	-648.1634966	9.068610926E-05	0.01679458766	0.00479145094683681	
645.6034966	3	10	87	0.9854144854	0.0002019519397	0.04435743625	0.481714077	24.49917649	75.01910944	54.35640122	0.01941934449	45.62417943	58.9032592	0.07472120542	41.02201959	0	0	0	-645.6034966	0.9854144854	3225.23832188845	-645.6034966	0.0002019519397	0.04435743625	0.00299242966262315	
643.0434966	3	10	87	0.9864374943	0.0002528915979	0.06918592655	0.4498427233	24.85333006	74.69682722	55.5913069	0.01631908141	44.39237402	59.16538123	0.07232959402	40.76228918	0	0	0	-643.0434966	0.9864374943	2081.74978132387	-643.0434966	0.0002528915979	0.06918592655	0.00208053006313405	
640.4834966	3	10	87	0.9885424993	0.0004374208065	0.1538713781	0.4113498763	25.35517548	74.23347465	57.30141058	0.01300612873	42.68558329	59.53488008	0.07004624899	40.39507367	0	0	0	-640.4834966	0.9885424993	908.357717153004	-640.4834966	0.0004374208065	0.1538713781	0.0789912889512237	
639.8434966	3	10	87	0.9893527442	0.0001797121272	0.07017841829	0.3990435397	25.53778727	74.06316919	57.91045931	0.01204741446	42.07749328	59.66894916	0.06950122792	40.26154961	0	0	0	-639.8434966	0.9893527442	660.130573620284	-639.8434966	0.0001797121272	0.07017841829	-0.00542103278436389	
639.2034966	3	10	87	0.9909122295	0.0003492459772	0.1456660891	0.3834668829	25.78836944	73.82816368	58.73366067	0.01090429091	41.25543504	59.85271842	0.06897827313	40.07830331	0	0	0	-639.2034966	0.9909122295	303.238187207765	-639.2034966	0.0003492459772	0.1456660891	0.00211231819485053	
638.8834966	3	10	87	0.9926584251	0.0004420841006	0.191365837	0.3721137185	25.98698438	73.6409019	59.37537701	0.01012096213	40.61450202	59.99828091	0.06873741452	39.93298168	0	0	0	-638.8834966	0.9926584251	132.414315524826	-638.8834966	0.0004420841006	0.191365837	0.00174299754564661	
638.8034966	3	10	87	0.9933757213	0.0002223752504	0.0973353613	0.3680034961	26.06266723	73.56932927	59.61732562	0.009847800296	40.37282658	60.05373773	0.06868408383	39.87757819	0	0	0	-638.8034966	0.9933757213	90.5360418023355	-638.8034966	0.0002223752504	0.0973353613	0.00232670806628855	
638.7634966	3	10	87	0.9939097167	0.0001828450657	0.0803325806	0.3653790454	26.11213384	73.52248712	59.77468008	0.009676296492	40.21564363	60.08998686	0.06866039213	39.84135275	0	0	0	-638.7634966	0.9939097167	62.3164692048781	-638.7634966	0.0001828450657	0.0803325806	0.00233692643115447	
638.7234966	3	10	87	0.99500793	0.0004082949391	0.1797934155	0.361782989	26.1814248	73.45679222	59.99404214	0.009445007623	39.99651285	60.14075886	0.06864184501	39.7905993	0	0	0	-638.7234966	0.99500793	27.4462361483975	-638.7234966	0.0004082949391	0.1797934155	0.00247733879579344	
638.7134966	3	10	87	0.9954237793	0.0001884782089	0.08306461385	0.3605061221	26.20645833	73.43303555	60.07300015	0.009363905539	39.91763595	60.15910453	0.06863916595	39.7722563	0	0	0	-638.7134966	0.9954237793	19.9721552320534	-638.7134966	0.0001884782089	0.08306461385	0.00229868211703654	
638.7034966	3	10	87	0.9963086546	0.0004376118898	0.1928650507	0.35870556	26.24216588	73.39912856	60.18533458	0.009250473108	39.80541494	60.18527171	0.06863923051	39.74608906	0	0	0	-638.7034966	0.9963086546	10.1634782398539	-638.7034966	0.0004376118898	0.1928650507	0.00226918577760171	
638.6834966	3	10	87	1	0.002265295357	0.9977347046	0.3565438993	26.28539748	73.35805862	60.32110917	0.009115685989	39.66977514							-638.6834966	1	5.41807873085557	-638.6834966	0.002265295357	0.9977347046	0.0022707819313897	
638.6634966	3	10	87	1	0.002265295357	0.9977347046	0.3565438993	26.28539748	73.35805862	60.32110917	0.009115685989	39.66977514							-638.6634966	1	NaN	-638.6634966	0.002265295357	0.9977347046	NaN	
638.6234966	3	10	87	1	0.002265295357	0.9977347046	0.3565438993	26.28539748	73.35805862	60.32110917	0.009115685989	39.66977514							-638.6234966	1	NaN	-638.6234966	0.002265295357	0.9977347046	NaN	
638.5434966	3	10	87	1	0.002265295357	0.9977347046	0.3565438993	26.28539748	73.35805862	60.32110917	0.009115685989	39.66977514							-638.5434966	1	NaN	-638.5434966	0.002265295357	0.9977347046	NaN	
638.3834966	3	10	87	1	0.002265295357	0.9977347046	0.3565438993	26.28539748	73.35805862	60.32110917	0.009115685989	39.66977514							-638.3834966	1	NaN	-638.3834966	0.002265295357	0.9977347046	NaN	
638.0634966	3	10	87	1	0.002265295357	0.9977347046	0.3565438993	26.28539748	73.35805862	60.32110917	0.009115685989	39.66977514							-638.0634966	1	NaN	-638.0634966	0.002265295357	0.9977347046	NaN	
637.4234966	3	10	87	1	0.002265295357	0.9977347046	0.3565438993	26.28539748	73.35805862	60.32110917	0.009115685989	39.66977514							-637.4234966	1	NaN	-637.4234966	0.002265295357	0.9977347046	NaN	
636.1434966	3	10	87	1	0.002265295357	0.9977347046	0.3565438993	26.28539748	73.35805862	60.32110917	0.009115685989	39.66977514							-636.1434966	1	NaN	-636.1434966	0.002265295357	0.9977347046	NaN	
633.5834966	3	10	87	1	0.002265295357	0.9977347046	0.3565438993	26.28539748	73.35805862	60.32110917	0.009115685989	39.66977514							-633.5834966	1	NaN	-633.5834966	0.002265295357	0.9977347046	NaN	
628.4634966	3	10	87	1	0.002265295357	0.9977347046	0.3565438993	26.28539748	73.35805862	60.32110917	0.009115685989	39.66977514							-628.4634966	1	NaN	-628.4634966	0.002265295357	0.9977347046	NaN	
623.3434966	3	10	87	1	0.002265295357	0.9977347046	0.3565438993	26.28539748	73.35805862	60.32110917	0.009115685989	39.66977514							-623.3434966	1	NaN	-623.3434966	0.002265295357	0.9977347046	NaN	
618.2234966	3	10	87	1	0.002265295357	0.9977347046	0.3565438993	26.28539748	73.35805862	60.32110917	0.009115685989	39.66977514							-618.2234966	1	NaN	-618.2234966	0.002265295357	0.9977347046	NaN	
613.1034966	3	10	87	1	0.002265295357	0.9977347046	0.3565438993	26.28539748	73.35805862	60.32110917	0.009115685989	39.66977514							-613.1034966	1	NaN	-613.1034966	0.002265295357	0.9977347046	NaN	
607.9834966	3	10	87	1	0.002265295357	0.9977347046	0.3565438993	26.28539748	73.35805862	60.32110917	0.009115685989	39.66977514							-607.9834966	1	NaN	-607.9834966	0.002265295357	0.9977347046	NaN	
602.8634966	3	10	87	1	0.002265295357	0.9977347046	0.3565438993	26.28539748	73.35805862	60.32110917	0.009115685989	39.66977514							-602.8634966	1	NaN	-602.8634966	0.002265295357	0.9977347046	NaN	
597.7434966	3	10	87	1	0.002265295357	0.9977347046	0.3565438993	26.28539748	73.35805862	60.32110917	0.009115685989	39.66977514							-597.7434966	1	NaN	-597.7434966	0.002265295357	0.9977347046	NaN	
592.6234966	3	10	87	1	0.002265295357	0.9977347046	0.3565438993	26.28539748	73.35805862	60.32110917	0.009115685989	39.66977514							-592.6234966	1	NaN	-592.6234966	0.002265295357	0.9977347046	NaN	
587.5034966	3	10	87	1	0.002265295357	0.9977347046	0.3565438993	26.28539748	73.35805862	60.32110917	0.009115685989	39.66977514							-587.5034966	1	NaN	-587.5034966	0.002265295357	0.9977347046	NaN	
582.3834966	3	10	87	1	0.002265295357	0.9977347046	0.3565438993	26.28539748	73.35805862	60.32110917	0.009115685989	39.66977514							-582.3834966	1	NaN	-582.3834966	0.002265295357	0.9977347046	NaN	
577.2634966	3	10	87	1	0.002265295357	0.9977347046	0.3565438993	26.28539748	73.35805862	60.32110917	0.009115685989	39.66977514							-577.2634966	1	NaN	-577.2634966	0.002265295357	0.9977347046	NaN	
572.1434966	3	10	87	1	0.002265295357	0.9977347046	0.3565438993	26.28539748	73.35805862	60.32110917	0.009115685989	39.66977514							-572.1434966	1	NaN	-572.1434966	0.002265295357	0.9977347046	NaN	
567.0234966	3	10	87	1	0.002265295357	0.9977347046	0.3565438993	26.28539748	73.35805862	60.32110917	0.009115685989	39.66977514							-567.0234966	1	NaN	-567.0234966	0.002265295357	0.9977347046	NaN	
561.9034966	3	10	87	1	0.002265295357	0.9977347046	0.3565438993	26.28539748	73.35805862	60.32110917	0.009115685989	39.66977514							-561.9034966	1	NaN	-561.9034966	0.002265295357	0.9977347046	NaN	
556.7834966	3	10	87	1	0.002265295357	0.9977347046	0.3565438993	26.28539748	73.35805862	60.32110917	0.009115685989	39.66977514							-556.7834966	1	NaN	-556.7834966	0.002265295357	0.9977347046	NaN	
551.6634966	3	10	87	1	0.002265295357	0.9977347046	0.3565438993	26.28539748	73.35805862	60.32110917	0.009115685989	39.66977514							-551.6634966	1	NaN	-551.6634966	0.002265295357	0.9977347046	NaN	
546.5434966	3	10	87	1	0.002265295357	0.9977347046	0.3565438993	26.28539748	73.35805862	60.32110917	0.009115685989	39.66977514							-546.5434966	1	NaN	-546.5434966	0.002265295357	0.9977347046	NaN	
541.4234966	3	10	87	1	0.002265295357	0.9977347046	0.3565438993	26.28539748	73.35805862	60.32110917	0.009115685989	39.66977514							-541.4234966	1	NaN	-541.4234966	0.002265295357	0.9977347046	NaN	
536.3034966	3	10	87	1	0.002265295357	0.9977347046	0.3565438993	26.28539748	73.35805862	60.32110917	0.009115685989	39.66977514							-536.3034966	1	NaN	-536.3034966	0.002265295357	0.9977347046	NaN	
531.1834966	3	10	87	1	0.002265295357	0.9977347046	0.3565438993	26.28539748	73.35805862	60.32110917	0.009115685989	39.66977514							-531.1834966	1	NaN	-531.1834966	0.002265295357	0.9977347046	NaN	
526.0634966	3	10	87	1	0.002265295357	0.9977347046	0.3565438993	26.28539748	73.35805862	60.32110917	0.009115685989	39.66977514							-526.0634966	1	NaN	-526.0634966	0.002265295357	0.9977347046	NaN	
520.9434966	3	10	87	1	0.002265295357	0.9977347046	0.3565438993	26.28539748	73.35805862	60.32110917	0.009115685989	39.66977514							-520.9434966	1	NaN	-520.9434966	0.002265295357	0.9977347046	NaN	
515.8234966	3	10	87	1	0.002265295357	0.9977347046	0.3565438993	26.28539748	73.35805862	60.32110917	0.009115685989	39.66977514							-515.8234966	1	NaN	-515.8234966	0.002265295357	0.9977347046	NaN	
510.7034966	3	10	87	1	0.002265295357	0.9977347046	0.3565438993	26.28539748	73.35805862	60.32110917	0.009115685989	39.66977514							-510.7034966	1	NaN	-510.7034966	0.002265295357	0.9977347046	NaN	
505.5834966	3	10	87	1	0.002265295357	0.9977347046	0.3565438993	26.28539748	73.35805862	60.32110917	0.009115685989	39.66977514							-505.5834966	1	NaN	-505.5834966	0.002265295357	0.9977347046	NaN	
500.4634966	3	10	87	1	0.002265295357	0.9977347046	0.3565438993	26.28539748	73.35805862	60.32110917	0.009115685989	39.66977514							-500.4634966	1	NaN	-500.4634966	0.002265295357	0.9977347046	NaN	
495.3434966	3	10	87	1	0.002265295357	0.9977347046	0.3565438993	26.28539748	73.35805862	60.32110917	0.009115685989	39.66977514							-495.3434966	1	NaN	-495.3434966	0.002265295357	0.9977347046	NaN	
490.2234966	3	10	87	1	0.002265295357	0.9977347046	0.3565438993	26.28539748	73.35805862	60.32110917	0.009115685989	39.66977514							-490.2234966	1	NaN	-490.2234966	0.002265295357	0.9977347046	NaN	
485.1034966	3	10	87	1	0.002265295357	0.9977347046	0.3565438993	26.28539748	73.35805862	60.32110917	0.009115685989	39.66977514							-485.1034966	1	NaN	-485.1034966	0.002265295357	0.9977347046	NaN	
479.9834966	3	10	87	1	0.002265295357	0.9977347046	0.3565438993	26.28539748	73.35805862	60.32110917	0.009115685989	39.66977514							-479.9834966	1	NaN	-479.9834966	0.002265295357	0.9977347046	NaN	
474.8634966	3	10	87	1	0.002265295357	0.9977347046	0.3565438993	26.28539748	73.35805862	60.32110917	0.009115685989	39.66977514							-474.8634966	1	NaN	-474.8634966	0.002265295357	0.9977347046	NaN	
469.7434966	3	10	87	1	0.002265295357	0.9977347046	0.3565438993	26.28539748	73.35805862	60.32110917	0.009115685989	39.66977514							-469.7434966	1	NaN	-469.7434966	0.002265295357	0.9977347046	NaN	
464.6234966	3	10	87	1	0.002265295357	0.9977347046	0.3565438993	26.28539748	73.35805862	60.32110917	0.009115685989	39.66977514							-464.6234966	1	NaN	-464.6234966	0.002265295357	0.9977347046	NaN	
459.5034966	3	10	87	1	0.002265295357	0.9977347046	0.3565438993	26.28539748	73.35805862	60.32110917	0.009115685989	39.66977514							-459.5034966	1	NaN	-459.5034966	0.002265295357	0.9977347046	NaN	
454.3834966	3	10	87	1	0.002265295357	0.9977347046	0.3565438993	26.28539748	73.35805862	60.32110917	0.009115685989	39.66977514							-454.3834966	1	NaN	-454.3834966	0.002265295357	0.9977347046	NaN	
449.2634966	3	10	87	1	0.002265295357	0.9977347046	0.3565438993	26.28539748	73.35805862	60.32110917	0.009115685989	39.66977514							-449.2634966	1	NaN	-449.2634966	0.002265295357	0.9977347046	NaN	
444.1434966	3	10	87	1	0.002265295357	0.9977347046	0.3565438993	26.28539748	73.35805862	60.32110917	0.009115685989	39.66977514							-444.1434966	1	NaN	-444.1434966	0.002265295357	0.9977347046	NaN	
439.0234966	3	10	87	1	0.002265295357	0.9977347046	0.3565438993	26.28539748	73.35805862	60.32110917	0.009115685989	39.66977514							-439.0234966	1	NaN	-439.0234966	0.002265295357	0.9977347046	NaN	
433.9034966	3	10	87	1	0.002265295357	0.9977347046	0.3565438993	26.28539748	73.35805862	60.32110917	0.009115685989	39.66977514							-433.9034966	1	NaN	-433.9034966	0.002265295357	0.9977347046	NaN	
428.7834966	3	10	87	1	0.002265295357	0.9977347046	0.3565438993	26.28539748	73.35805862	60.32110917	0.009115685989	39.66977514							-428.7834966	1	NaN	-428.7834966	0.002265295357	0.9977347046	NaN	
423.6634966	3	10	87	1	0.002265295357	0.9977347046	0.3565438993	26.28539748	73.35805862	60.32110917	0.009115685989	39.66977514							-423.6634966	1	NaN	-423.6634966	0.002265295357	0.9977347046	NaN	
418.5434966	3	10	87	1	0.002265295357	0.9977347046	0.3565438993	26.28539748	73.35805862	60.32110917	0.009115685989	39.66977514							-418.5434966	1	NaN	-418.5434966	0.002265295357	0.9977347046	NaN	
413.4234966	3	10	87	1	0.002265295357	0.9977347046	0.3565438993	26.28539748	73.35805862	60.32110917	0.009115685989	39.66977514							-413.4234966	1	NaN	-413.4234966	0.002265295357	0.9977347046	NaN	
408.3034966	3	10	87	1	0.002265295357	0.9977347046	0.3565438993	26.28539748	73.35805862	60.32110917	0.009115685989	39.66977514							-408.3034966	1	NaN	-408.3034966	0.002265295357	0.9977347046	NaN	
403.1834966	3	10	87	1	0.002265295357	0.9977347046	0.3565438993	26.28539748	73.35805862	60.32110917	0.009115685989	39.66977514							-403.1834966	1	NaN	-403.1834966	0.002265295357	0.9977347046	NaN	
398.0634966	3	10	87	1	0.002265295357	0.9977347046	0.3565438993	26.28539748	73.35805862	60.32110917	0.009115685989	39.66977514							-398.0634966	1	NaN	-398.0634966	0.002265295357	0.9977347046	NaN	
392.9434966	3	10	87	1	0.002265295357	0.9977347046	0.3565438993	26.28539748	73.35805862	60.32110917	0.009115685989	39.66977514							-392.9434966	1	NaN	-392.9434966	0.002265295357	0.9977347046	NaN	
387.8234966	3	10	87	1	0.002265295357	0.9977347046	0.3565438993	26.28539748	73.35805862	60.32110917	0.009115685989	39.66977514							-387.8234966	1	NaN	-387.8234966	0.002265295357	0.9977347046	NaN	
382.7034966	3	10	87	1	0.002265295357	0.9977347046	0.3565438993	26.28539748	73.35805862	60.32110917	0.009115685989	39.66977514							-382.7034966	1	NaN	-382.7034966	0.002265295357	0.9977347046	NaN	
377.5834966	3	10	87	1	0.002265295357	0.9977347046	0.3565438993	26.28539748	73.35805862	60.32110917	0.009115685989	39.66977514							-377.5834966	1	NaN	-377.5834966	0.002265295357	0.9977347046	NaN	
372.4634966	3	10	87	1	0.002265295357	0.9977347046	0.3565438993	26.28539748	73.35805862	60.32110917	0.009115685989	39.66977514							-372.4634966	1	NaN	-372.4634966	0.002265295357	0.9977347046	NaN	
367.3434966	3	10	87	1	0.002265295357	0.9977347046	0.3565438993	26.28539748	73.35805862	60.32110917	0.009115685989	39.66977514							-367.3434966	1	NaN	-367.3434966	0.002265295357	0.9977347046	NaN	
362.2234966	3	10	87	1	0.002265295357	0.9977347046	0.3565438993	26.28539748	73.35805862	60.32110917	0.009115685989	39.66977514							-362.2234966	1	NaN	-362.2234966	0.002265295357	0.9977347046	NaN	
357.1034966	3	10	87	1	0.002265295357	0.9977347046	0.3565438993	26.28539748	73.35805862	60.32110917	0.009115685989	39.66977514							-357.1034966	1	NaN	-357.1034966	0.002265295357	0.9977347046	NaN	
351.9834966	3	10	87	1	0.002265295357	0.9977347046	0.3565438993	26.28539748	73.35805862	60.32110917	0.009115685989	39.66977514							-351.9834966	1	NaN	-351.9834966	0.002265295357	0.9977347046	NaN	
346.8634966	3	10	87	1	0.002265295357	0.9977347046	0.3565438993	26.28539748	73.35805862	60.32110917	0.009115685989	39.66977514							-346.8634966	1	NaN	-346.8634966	0.002265295357	0.9977347046	NaN	
341.7434966	3	10	87	1	0.002265295357	0.9977347046	0.3565438993	26.28539748	73.35805862	60.32110917	0.009115685989	39.66977514							-341.7434966	1	NaN	-341.7434966	0.002265295357	0.9977347046	NaN	
336.6234966	3	10	87	1	0.002265295357	0.9977347046	0.3565438993	26.28539748	73.35805862	60.32110917	0.009115685989	39.66977514							-336.6234966	1	NaN	-336.6234966	0.002265295357	0.9977347046	NaN	
331.5034966	3	10	87	1	0.002265295357	0.9977347046	0.3565438993	26.28539748	73.35805862	60.32110917	0.009115685989	39.66977514							-331.5034966	1	NaN	-331.5034966	0.002265295357	0.9977347046	NaN	
326.3834966	3	10	87	1	0.002265295357	0.9977347046	0.3565438993	26.28539748	73.35805862	60.32110917	0.009115685989	39.66977514							-326.3834966	1	NaN	-326.3834966	0.002265295357	0.9977347046	NaN	
321.2634966	3	10	87	1	0.002265295357	0.9977347046	0.3565438993	26.28539748	73.35805862	60.32110917	0.009115685989	39.66977514							-321.2634966	1	NaN	-321.2634966	0.002265295357	0.9977347046	NaN	
316.1434966	3	10	87	1	0.002265295357	0.9977347046	0.3565438993	26.28539748	73.35805862	60.32110917	0.009115685989	39.66977514							-316.1434966	1	NaN	-316.1434966	0.002265295357	0.9977347046	NaN	
311.0234966	3	10	87	1	0.002265295357	0.9977347046	0.3565438993	26.28539748	73.35805862	60.32110917	0.009115685989	39.66977514							-311.0234966	1	NaN	-311.0234966	0.002265295357	0.9977347046	NaN	
305.9034966	3	10	87	1	0.002265295357	0.9977347046	0.3565438993	26.28539748	73.35805862	60.32110917	0.009115685989	39.66977514							-305.9034966	1	NaN	-305.9034966	0.002265295357	0.9977347046	NaN	
300.7834966	3	10	87	1	0.002265295357	0.9977347046	0.3565438993	26.28539748	73.35805862	60.32110917	0.009115685989	39.66977514							-300.7834966	1	NaN	-300.7834966	0.002265295357	0.9977347046	NaN	
300	3	10	87	1	0.002265295357	0.9977347046	0.3565438993	26.28539748	73.35805862	60.32110917	0.009115685989	39.66977514							-300	1	NaN	-300	0.002265295357	0.9977347046	NaN	
