T	w(CU)	w(FE)	w(TI)	fs	fw(@BCC_A2#1)	fw(@BCC_A2#2)	w(CU@BCC_A2#1)	w(FE@BCC_A2#1)	w(TI@BCC_A2#1)	w(CU@BCC_A2#2)	w(FE@BCC_A2#2)	w(TI@BCC_A2#2)	w(CU@LIQUID)	w(FE@LIQUID)	w(TI@LIQUID)	dwdT_L(CU@LIQUID)	dwdT_L(FE@LIQUID)	dwdT_L(TI@LIQUID)	-T	fs_1	-T//fs	-T_1	fw(@BCC_A2#1)_1	fw(@BCC_A2#2)_1	-T//fw(@BCC_A2)	
K	%	%	%	mole/mole	kg/kg	kg/kg	%	%	%	%	%	%	%	%	%	SI	SI	SI								
1764.735581	6	6	88	0	0		2.566018998	2.211926595	95.22205441				6	6	88	-0.000265470283	-0.000292844642	0.000558314925	-1764.735581	0	127.436476610903	-1764.735581	0			
1764.725581	6	6	88	7.844740511E-05	7.734361858E-05		2.566148452	2.212062669	95.22178888				6.000265366	6.000292695	87.99944194	0	0	0	-1764.725581	7.844740511E-05	127.511408178117	-1764.725581	7.734361858E-05			
1764.705581	6	6	88	0.0002352040797	0.0001545742541		2.566407391	2.212334852	95.22125776				6.000796166	6.000878233	87.9983256	0	0	0	-1764.705581	0.0002352040797	127.582080434358	-1764.705581	0.0001545742541			
1764.665581	6	6	88	0.0005487483464	0.0003092271861		2.566925242	2.212879248	95.22019551				6.001858194	6.002049789	87.99609202	0	0	0	-1764.665581	0.0005487483464	127.614633530911	-1764.665581	0.0003092271861			
1764.585581	6	6	88	0.001175234116	0.0006180525932		2.567961305	2.213968233	95.21807046				6.0039815	6.004392101	87.9916264	0	0	0	-1764.585581	0.001175234116	127.760016818411	-1764.585581	0.0006180525932			
1764.425581	6	6	88	0.002426338715	0.001234931617		2.570032693	2.216146313	95.21382099				6.008227097	6.009075686	87.98269722	0	0	0	-1764.425581	0.002426338715	128.011644935311	-1764.425581	0.001234931617			
1764.105581	6	6	88	0.004921266382	0.002465746614		2.574174223	2.220503495	95.20532228				6.016714179	6.018438746	87.96484707	0	0	0	-1764.105581	0.004921266382	128.510643989316	-1764.105581	0.002465746614			
1763.465581	6	6	88	0.00988217735	0.004915109632		2.582452302	2.229221952	95.18832575				6.033671942	6.037148424	87.92917963	0	0	0	-1763.465581	0.00988217735	129.513789296435	-1763.465581	0.004915109632			
1762.185581	6	6	88	0.01968965988	0.009765342187		2.598988549	2.246675279	95.15433617				6.067522225	6.074502026	87.85797575	0	0	0	-1762.185581	0.01968965988	131.610332629552	-1762.185581	0.009765342187			
1759.625581	6	6	88	0.03882947134	0.01925057014		2.631978198	2.281649282	95.08637252				6.134956888	6.148950157	87.71609295	0	0	0	-1759.625581	0.03882947134	136.125706324343	-1759.625581	0.01925057014			
1757.065581	6	6	88	0.05732407008	0.01896925362		2.664862733	2.316712599	95.01842467				6.202054363	6.223049645	87.57489599	0	0	0	-1757.065581	0.05732407008	140.842623949268	-1757.065581	0.01896925362			
1754.505581	6	6	88	0.0752029427	0.01869477627		2.697640074	2.351864707	94.95049522				6.2688163	6.296798493	87.43438521	0	0	0	-1754.505581	0.0752029427	145.654440006392	-1754.505581	0.01869477627			
1751.945581	6	6	88	0.09249531687	0.01842841714		2.730310684	2.387107662	94.88258165				6.335249217	6.370199779	87.294551	0	0	0	-1751.945581	0.09249531687	150.557386198516	-1751.945581	0.01842841714			
1749.385581	6	6	88	0.1092282977	0.01816946234		2.762874243	2.422442729	94.81468303				6.401358127	6.443254986	87.15538689	0	0	0	-1749.385581	0.1092282977	155.55327004745	-1749.385581	0.01816946234			
1746.825581	6	6	88	0.1254273921	0.01791761667		2.795330405	2.457871194	94.7467984				6.467147968	6.515965583	87.01688645	0	0	0	-1746.825581	0.1254273921	160.642427016288	-1746.825581	0.01791761667			
1744.265581	6	6	88	0.1411166262	0.01767260448		2.827678813	2.493394368	94.67892682				6.532623622	6.588333038	86.87904334	0	0	0	-1744.265581	0.1411166262	165.825167070359	-1744.265581	0.01767260448			
1741.705581	6	6	88	0.156318649	0.01743416378		2.859919093	2.529013589	94.61106732				6.597789911	6.660358817	86.74185127	0	0	0	-1741.705581	0.156318649	171.101788844585	-1741.705581	0.01743416378			
1739.145581	6	6	88	0.1710548281	0.01720204594		2.892050854	2.564730218	94.54321893				6.662651602	6.732044383	86.60530401	0	0	0	-1739.145581	0.1710548281	176.472581359344	-1739.145581	0.01720204594			
1736.585581	6	6	88	0.1853453369	0.01697601486		2.924073691	2.600545643	94.47538067				6.72721341	6.803391193	86.4693954	0	0	0	-1736.585581	0.1853453369	181.937820370149	-1736.585581	0.01697601486			
1734.025581	6	6	88	0.1992092361	0.01675584622		2.955987183	2.636461277	94.40755154				6.791479996	6.874400701	86.3341193	0	0	0	-1734.025581	0.1992092361	187.497771039656	-1734.025581	0.01675584622			
1731.465581	6	6	88	0.2126645472	0.01654132669		2.987790892	2.672478559	94.33973055				6.855455972	6.945074356	86.19946967	0	0	0	-1731.465581	0.2126645472	193.152684589202	-1731.465581	0.01654132669			
1728.905581	6	6	88	0.2257283221	0.01633225338		3.019484367	2.708598955	94.27191668				6.919145903	7.015413602	86.06544049	0	0	0	-1728.905581	0.2257283221	198.902799367451	-1728.905581	0.01633225338			
1726.345581	6	6	88	0.2384167055	0.0161284331		3.051067136	2.744823957	94.20410891				6.982554309	7.085419875	85.93202582	0	0	0	-1726.345581	0.2384167055	204.748344643832	-1726.345581	0.0161284331			
1723.785581	6	6	88	0.2507449937	0.01592968187		3.082538715	2.781155083	94.1363062				7.045685662	7.155094607	85.79921973	0	0	0	-1723.785581	0.2507449937	210.68953514205	-1723.785581	0.01592968187			
1721.225581	6	6	88	0.2627276886	0.01573582435		3.113898601	2.817593877	94.06850752				7.108544396	7.224439223	85.66701638	0	0	0	-1721.225581	0.2627276886	216.726571438263	-1721.225581	0.01573582435			
1718.665581	6	6	88	0.2743785479	0.01554669332		3.145146275	2.854141913	94.00071181				7.171134902	7.293455139	85.53540996	0	0	0	-1718.665581	0.2743785479	222.859644660737	-1718.665581	0.01554669332			
1716.105581	6	6	88	0.2857106309	0.01536212928		3.176281203	2.890800789	93.93291801				7.233461531	7.362143768	85.4043947	0	0	0	-1716.105581	0.2857106309	229.088931569441	-1716.105581	0.01536212928			
1713.545581	6	6	88	0.2967363421	0.01518197997		3.207302832	2.927572133	93.86512503				7.295528599	7.430506511	85.27396489	0	0	0	-1713.545581	0.2967363421	235.414594575615	-1713.545581	0.01518197997			
1710.985581	6	6	88	0.3074674706	0.01500609997		3.238210592	2.964457602	93.79733181				7.357340385	7.498544763	85.14411485	0	0	0	-1710.985581	0.3074674706	241.836785455939	-1710.985581	0.01500609997			
1708.425581	6	6	88	0.3179152273	0.01483435033		3.269003896	3.001458878	93.72953723				7.418901131	7.566259912	85.01483896	0	0	0	-1708.425581	0.3179152273	248.355641102785	-1708.425581	0.01483435033			
1705.865581	6	6	88	0.3280902793	0.01466659822		3.299682138	3.038577676	93.66174019				7.48021505	7.633653335	84.88613162	0	0	0	-1705.865581	0.3280902793	254.971285221059	-1705.865581	0.01466659822			
1703.305581	6	6	88	0.3380027819	0.01450271662		3.330244697	3.075815738	93.59393957				7.541286321	7.700726401	84.75798728	0	0	0	-1703.305581	0.3380027819	261.683828174225	-1703.305581	0.01450271662			
1700.745581	6	6	88	0.3476624084	0.01434258396		3.36069093	3.113174835	93.52613424				7.602119093	7.767480471	84.63040044	0	0	0	-1700.745581	0.3476624084	268.493367785412	-1700.745581	0.01434258396			
1698.185581	6	6	88	0.3570783778	0.0141860839		3.391020178	3.15065677	93.45832305				7.662717487	7.833916896	84.50336562	0	0	0	-1698.185581	0.3570783778	275.399984585589	-1698.185581	0.0141860839			
1695.625581	6	6	88	0.366259481	0.01403310498		3.421231763	3.188263375	93.39050486				7.723085596	7.900037016	84.37687739	0	0	0	-1695.625581	0.366259481	282.403747794883	-1695.625581	0.01403310498			
1693.065581	6	6	88	0.3752141045	0.01388354044		3.451324986	3.225996516	93.3226785				7.783227487	7.965842164	84.25093035	0	0	0	-1693.065581	0.3752141045	289.504714161648	-1693.065581	0.01388354044			
1690.505581	6	6	88	0.3839502533	0.01373728796		3.48129913	3.263858086	93.25484278				7.843147201	8.031333661	84.12551914	0	0	0	-1690.505581	0.3839502533	296.702921017357	-1690.505581	0.01373728796			
1687.945581	6	6	88	0.392475572	0.01359424939		3.511153459	3.301850014	93.18699653				7.902848759	8.096512817	84.00063842	0	0	0	-1687.945581	0.392475572	303.998392834046	-1687.945581	0.01359424939			
1685.385581	6	6	88	0.4007973644	0.01345433061		3.540887214	3.339974261	93.11913853				7.962336155	8.161380934	83.87628291	0	0	0	-1685.385581	0.4007973644	311.39114066854	-1685.385581	0.01345433061			
1682.825581	6	6	88	0.408922612	0.01331744129		3.570499617	3.378232818	93.05126756				8.021613367	8.225939299	83.75244733	0	0	0	-1682.825581	0.408922612	318.881159782451	-1682.825581	0.01331744129			
1680.265581	6	6	88	0.4168579913	0.01318349473		3.59998987	3.416627715	92.98338242				8.080684348	8.290189193	83.62912646	0	0	0	-1680.265581	0.4168579913	326.468432234749	-1680.265581	0.01318349473			
1677.705581	6	6	88	0.4246098899	0.01305240764		3.629357152	3.455161011	92.91548184				8.139553037	8.354131881	83.50631508	0	0	0	-1677.705581	0.4246098899	334.152917879521	-1677.705581	0.01305240764			
1675.145581	6	6	88	0.4321844221	0.01292410002		3.658600621	3.493834804	92.84756457				8.198223354	8.41776862	83.38400803	0	0	0	-1675.145581	0.4321844221	341.934566827573	-1675.145581	0.01292410002			
1672.585581	6	6	88	0.4395874425	0.01279849501		3.687719412	3.532651225	92.77962936				8.256699201	8.481100652	83.26220015	0	0	0	-1672.585581	0.4395874425	349.813315673346	-1672.585581	0.01279849501			
1670.025581	6	6	88	0.4468245599	0.01267551869		3.716712639	3.571612444	92.71167492				8.314984468	8.544129211	83.14088632	0	0	0	-1670.025581	0.4468245599	357.78907529311	-1670.025581	0.01267551869			
1667.465581	6	6	88	0.4539011498	0.01255510001		3.745579391	3.610720663	92.64369995				8.37308303	8.606855514	83.02006146	0	0	0	-1667.465581	0.4539011498	365.861744291639	-1667.465581	0.01255510001			
1664.905581	6	6	88	0.4608223661	0.01243717059		3.774318734	3.649978127	92.57570314				8.430998748	8.66928077	82.89972048	0	0	0	-1664.905581	0.4608223661	374.031210981036	-1664.905581	0.01243717059			
1662.345581	6	6	88	0.4675931521	0.01232166466		3.802929711	3.689387116	92.50768317				8.488735474	8.731406172	82.77985835	0	0	0	-1662.345581	0.4675931521	382.297338008919	-1662.345581	0.01232166466			
1659.785581	6	6	88	0.4742182514	0.01220851891		3.831411339	3.72894995	92.43963871				8.546297048	8.793232902	82.66047005	0	0	0	-1659.785581	0.4742182514	390.659971927054	-1659.785581	0.01220851891			
1657.225581	6	6	88	0.4807022173	0.01209767238		3.859762611	3.768668988	92.3715684				8.603687301	8.854762128	82.54155057	0	0	0	-1657.225581	0.4807022173	399.118951224943	-1657.225581	0.01209767238			
1654.665581	6	6	88	0.4870494222	0.01198906637		3.887982494	3.808546631	92.30347088				8.660910057	8.915995004	82.42309494	0	0	0	-1654.665581	0.4870494222	407.674082635812	-1654.665581	0.01198906637			
1652.105581	6	6	88	0.4932640667	0.01188264432		3.916069928	3.848585319	92.23534475				8.717969132	8.976932671	82.3050982	0	0	0	-1652.105581	0.4932640667	416.325158510452	-1652.105581	0.01188264432			
1649.545581	6	6	88	0.4993501874	0.01177835174		3.944023829	3.888787536	92.16718863				8.774868335	9.037576256	82.18755541	0	0	0	-1649.545581	0.4993501874	425.071960154122	-1649.545581	0.01177835174			
1646.985581	6	6	88	0.5053116649	0.01167613612		3.971843083	3.929155809	92.09900111				8.831611474	9.097926872	82.07046165	0	0	0	-1646.985581	0.5053116649	433.914242068995	-1646.985581	0.01167613612			
1644.425581	6	6	88	0.5111522312	0.01157594683		3.99952655	3.969692707	92.03078074				8.888202351	9.157985618	81.95381203	0	0	0	-1644.425581	0.5111522312	442.851747607651	-1644.425581	0.01157594683			
1641.865581	6	6	88	0.5168754764	0.01147773505		4.027073059	4.010400846	91.96252609				8.944644765	9.217753577	81.83760166	0	0	0	-1641.865581	0.5168754764	451.884193294203	-1641.865581	0.01147773505			
1639.305581	6	6	88	0.5224848557	0.01138145369		4.054481415	4.051282885	91.8942357				9.000942515	9.277231817	81.72182567	0	0	0	-1639.305581	0.5224848557	461.011276167839	-1639.305581	0.01138145369			
1636.745581	6	6	88	0.5279836952	0.01128705733		4.081750388	4.092341532	91.82590808				9.057099401	9.336421393	81.60647921	0	0	0	-1636.745581	0.5279836952	470.23267546259	-1636.745581	0.01128705733			
1634.185581	6	6	88	0.5333751981	0.01119450215		4.108878721	4.13357954	91.75754174				9.113119222	9.395323341	81.49155744	0	0	0	-1634.185581	0.5333751981	479.548053114833	-1634.185581	0.01119450215			
1631.625581	6	6	88	0.5386624499	0.01110374586		4.135865126	4.174999713	91.68913516				9.16900578	9.453938685	81.37705553	0	0	0	-1631.625581	0.5386624499	488.957046199334	-1631.625581	0.01110374586			
1629.065581	6	6	88	0.5438484241	0.01101474761		4.162708281	4.216604903	91.62068682				9.224762881	9.512268429	81.26296869	0	0	0	-1629.065581	0.5438484241	498.459265108085	-1629.065581	0.01101474761			
1626.505581	6	6	88	0.5489359869	0.01092746802		4.189406835	4.258398012	91.55219515				9.280394335	9.570313565	81.1492921	0	0	0	-1626.505581	0.5489359869	508.054308275267	-1626.505581	0.01092746802			
1623.945581	6	6	88	0.553927902	0.01084186901		4.215959403	4.300381995	91.4836586				9.335903957	9.628075063	81.03602098	0	0	0	-1623.945581	0.553927902	517.741754075504	-1623.945581	0.01084186901			
1621.385581	6	6	88	0.558826835	0.01075791383		4.242364564	4.342559858	91.41507558				9.391295571	9.685553882	80.92315055	0	0	0	-1621.385581	0.558826835	527.521150219557	-1621.385581	0.01075791383			
1618.825581	6	6	88	0.5636353579	0.01067556701		4.268620866	4.384934662	91.34644447				9.446573007	9.742750958	80.81067604	0	0	0	-1618.825581	0.5636353579	537.392027902023	-1618.825581	0.01067556701			
1616.265581	6	6	88	0.5683559528	0.01059479423		4.29472682	4.427509522	91.27776366				9.501740105	9.799667213	80.69859268	0	0	0	-1616.265581	0.5683559528	547.35388060994	-1616.265581	0.01059479423			
1613.705581	6	6	88	0.5729910163	0.01051556239		4.320680903	4.47028761	91.20903149				9.556800718	9.856303549	80.58689573	0	0	0	-1613.705581	0.5729910163	557.406196709229	-1613.705581	0.01051556239			
1611.145581	6	6	88	0.5775428623	0.01043783948		4.346481552	4.513272156	91.14024629				9.611758707	9.912660852	80.47558044	0	0	0	-1611.145581	0.5775428623	567.548438284549	-1611.145581	0.01043783948			
1608.585581	6	6	88	0.5820137263	0.01036159456		4.372127169	4.556466445	91.07140639				9.666617948	9.968739986	80.36464207	0	0	0	-1608.585581	0.5820137263	577.780024379206	-1608.585581	0.01036159456			
1606.025581	6	6	88	0.5864057682	0.01028679776		4.397616118	4.599873825	91.00251006				9.721382332	10.0245418	80.25407587	0	0	0	-1606.025581	0.5864057682	588.1003743665	-1606.025581	0.01028679776			
1603.465581	6	6	88	0.5907210755	0.0102134202		4.422946723	4.643497704	90.93355557				9.776055766	10.08006712	80.14387712	0	0	0	-1603.465581	0.5907210755	598.50887787043	-1603.465581	0.0102134202			
1600.905581	6	6	88	0.5949616663	0.01014143395		4.448117268	4.687341552	90.86454118				9.830642171	10.13531675	80.03404108	0	0	0	-1600.905581	0.5949616663	609.004878425077	-1600.905581	0.01014143395			
1598.345581	6	6	88	0.5991294924	0.01007081205		4.473125996	4.731408905	90.7954651				9.88514549	10.19029148	79.92456303	0	0	0	-1598.345581	0.5991294924	619.587703260139	-1598.345581	0.01007081205			
1595.785581	6	6	88	0.6032264416	0.01000152841		4.49797111	4.775703361	90.72632553				9.939569684	10.24499208	79.81543824	0	0	0	-1595.785581	0.6032264416	630.2566640862	-1595.785581	0.01000152841			
1593.225581	6	6	88	0.6072543405	0.009933557832		4.522650767	4.820228586	90.65712065				9.993918736	10.29941928	79.70666198	0	0	0	-1593.225581	0.6072543405	641.011041374114	-1593.225581	0.009933557832			
1590.665581	6	6	88	0.6112149568	0.009866875952		4.547163084	4.864988315	90.5878486				10.04819665	10.35357383	79.59822953	0	0	0	-1590.665581	0.6112149568	651.850069260275	-1590.665581	0.009866875952			
1588.105581	6	6	88	0.615110002	0.009801459224		4.571506132	4.909986351	90.51850752				10.10240745	10.4074564	79.49013614	0	0	0	-1588.105581	0.615110002	662.772985974039	-1588.105581	0.009801459224			
1585.545581	6	6	88	0.6189411329	0.009737284893		4.595677936	4.955226569	90.4490955				10.15655521	10.4610677	79.3823771	0	0	0	-1585.545581	0.6189411329	673.77896733445	-1585.545581	0.009737284893			
1582.985581	6	6	88	0.6227099548	0.009674330966		4.619676476	5.000712916	90.37961061				10.21064398	10.51440836	79.27494766	0	0	0	-1582.985581	0.6227099548	684.867178677274	-1582.985581	0.009674330966			
1580.425581	6	6	88	0.6264180223	0.009612576193		4.643499682	5.046449414	90.3100509				10.2646779	10.56747903	79.16784308	0	0	0	-1580.425581	0.6264180223	696.036764333878	-1580.425581	0.009612576193			
1577.865581	6	6	88	0.6300668423	0.009552000037		4.667145439	5.092440161	90.2404144				10.31866109	10.6202803	79.06105861	0	0	0	-1577.865581	0.6300668423	707.286814767346	-1577.865581	0.009552000037			
1575.305581	6	6	88	0.6336578751	0.009492582662		4.69061158	5.138689333	90.17069909				10.37259773	10.67281277	78.95458949	0	0	0	-1575.305581	0.6336578751	718.61639498295	-1575.305581	0.009492582662			
1572.745581	6	6	88	0.6371925368	0.009434304902		4.713895889	5.185201184	90.10090293				10.42649203	10.725077	78.84843098	0	0	0	-1572.745581	0.6371925368	730.024547663352	-1572.745581	0.009434304902			
1570.185581	6	6	88	0.6406722003	0.009377148253		4.736996096	5.23198005	90.03102385				10.48034821	10.77707351	78.74257828	0	0	0	-1570.185581	0.6406722003	741.510290325529	-1570.185581	0.009377148253			
1567.625581	6	6	88	0.6440981975	0.00932109484		4.759909881	5.279030351	89.96105977				10.53417057	10.82880281	78.63702662	0	0	0	-1567.625581	0.6440981975	753.072585268712	-1567.625581	0.00932109484			
1565.065581	6	6	88	0.6474718205	0.009266127413		4.782634868	5.32635659	89.89100854				10.58796342	10.88026538	78.5317712	0	0	0	-1565.065581	0.6474718205	764.710371358975	-1565.065581	0.009266127413			
1562.505581	6	6	88	0.6507943233	0.009212229322		4.805168627	5.373963359	89.82086801				10.64173111	10.93146167	78.42680722	0	0	0	-1562.505581	0.6507943233	776.422553370116	-1562.505581	0.009212229322			
1559.945581	6	6	88	0.654066923	0.009159384502		4.827508673	5.421855336	89.75063599				10.69547803	10.98239211	78.32212986	0	0	0	-1559.945581	0.654066923	788.208020090091	-1559.945581	0.009159384502			
1557.385581	6	6	88	0.6572908012	0.009107577461		4.849652461	5.470037293	89.68031025				10.74920864	11.03305709	78.21773428	0	0	0	-1557.385581	0.6572908012	800.065581814596	-1557.385581	0.009107577461			
1554.825581	6	6	88	0.6604671056	0.009056793261		4.871597389	5.518514092	89.60988852				10.80292741	11.08345696	78.11361563	0	0	0	-1554.825581	0.6604671056	811.994056197412	-1554.825581	0.009056793261			
1552.265581	6	6	88	0.6635969506	0.009007017508		4.893340796	5.567290691	89.53936851				10.85663889	11.13359208	78.00976903	0	0	0	-1552.265581	0.6635969506	823.992197702144	-1552.265581	0.009007017508			
1549.705581	6	6	88	0.6666814193	0.008958236335		4.914879958	5.616372146	89.4687479				10.91034765	11.18346273	77.90618961	0	0	0	-1549.705581	0.6666814193	836.05871838496	-1549.705581	0.008958236335			
1547.145581	6	6	88	0.6697215639	0.008910436395		4.93621209	5.66576361	89.3980243				10.96405835	11.23306919	77.80287246	0	0	0	-1547.145581	0.6697215639	848.192332114063	-1547.145581	0.008910436395			
1544.585581	6	6	88	0.6727184072	0.008863604841		4.957334344	5.71547034	89.32719532				11.01777566	11.2824117	77.69981264	0	0	0	-1544.585581	0.6727184072	860.391681424994	-1544.585581	0.008863604841			
1542.025581	6	6	88	0.6756729435	0.008817729328		4.978243805	5.765497694	89.2562585				11.07150435	11.33149045	77.5970052	0	0	0	-1542.025581	0.6756729435	872.655344292858	-1542.025581	0.008817729328			
1539.465581	6	6	88	0.6785861399	0.008772797988		4.998937494	5.815851139	89.18521137				11.12524921	11.38030562	77.49444517	0	0	0	-1539.465581	0.6785861399	884.981899313491	-1539.465581	0.008772797988			
1536.905581	6	6	88	0.6814589367	0.008728799427		5.019412364	5.866536248	89.11405139				11.17901511	11.42885734	77.39212755	0	0	0	-1536.905581	0.6814589367	897.369894418356	-1536.905581	0.008728799427			
1534.345581	6	6	88	0.6842922488	0.00868572272		5.039665299	5.917558706	89.04277599				11.23280699	11.4771457	77.2900473	0	0	0	-1534.345581	0.6842922488	909.817777868651	-1534.345581	0.00868572272			
1531.785581	6	6	88	0.6870869665	0.008643557393		5.059693112	5.968924312	88.97138258				11.28662985	11.52517077	77.18819938	0	0	0	-1531.785581	0.6870869665	922.324025375842	-1531.785581	0.008643557393			
1529.225581	6	6	88	0.689843956	0.008602293423		5.079492546	6.02063898	88.89986847				11.34048876	11.57293256	77.08657869	0	0	0	-1529.225581	0.689843956	934.887029582419	-1529.225581	0.008602293423			
1526.665581	6	6	88	0.6925640608	0.008561921225		5.09906027	6.072708742	88.82823099				11.39438884	11.62043105	76.98518011	0	0	0	-1526.665581	0.6925640608	947.505108686948	-1526.665581	0.008561921225			
1524.105581	6	6	88	0.6952481021	0.008522431647		5.118392879	6.125139752	88.75646737				11.44833533	11.66766618	76.88399849	0	0	0	-1524.105581	0.6952481021	960.176573074079	-1524.105581	0.008522431647			
1521.545581	6	6	88	0.6978968797	0.008483815964		5.137486893	6.177938288	88.68457482				11.50233351	11.71463784	76.78302865	0	0	0	-1521.545581	0.6978968797	972.899704789946	-1521.545581	0.008483815964			
1518.985581	6	6	88	0.7005111725	0.008446065873		5.156338753	6.231110754	88.61255049				11.55638874	11.7613459	76.68226536	0	0	0	-1518.985581	0.7005111725	985.672744188915	-1518.985581	0.008446065873			
1516.425581	6	6	88	0.7030917394	0.008409173481		5.174944823	6.284663682	88.5403915				11.61050649	11.80779015	76.58170336	0	0	0	-1516.425581	0.7030917394	998.493783225172	-1516.425581	0.008409173481			
1513.865581	6	6	88	0.7056393203	0.008373131309		5.193301387	6.338603739	88.46809487				11.66469229	11.85397036	76.48133735	0	0	0	-1513.865581	0.7056393203	1011.36096736462	-1513.865581	0.008373131309			
1511.305581	6	6	88	0.7081546359	0.008337932281		5.211404647	6.392937725	88.39565763				11.71895178	11.89988624	76.38116197	0	0	0	-1511.305581	0.7081546359	1024.27238062505	-1511.305581	0.008337932281			
1508.745581	6	6	88	0.7106383892	0.00830356972		5.229250723	6.447672578	88.3230767				11.77329068	11.94553747	76.28117185	0	0	0	-1508.745581	0.7106383892	1037.22600819388	-1508.745581	0.00830356972			
1506.185581	6	6	88	0.7130912655	0.008270037351		5.246835649	6.502815377	88.25034897				11.82771481	11.99092364	76.18136155	0	0	0	-1506.185581	0.7130912655	1050.21985770374	-1506.185581	0.008270037351			
1503.625581	6	6	88	0.7155139332	0.008237329289		5.264155375	6.558373346	88.17747128				11.88223008	12.03604434	76.08172558	0	0	0	-1503.625581	0.7155139332	1063.25176355646	-1503.625581	0.008237329289			
1501.065581	6	6	88	0.7179070447	0.008205440039		5.281205763	6.614353855	88.10444038				11.93684252	12.08089906	75.98225842	0	0	0	-1501.065581	0.7179070447	1076.31961743244	-1501.065581	0.008205440039			
1498.505581	6	6	88	0.7202712361	0.008174364498		5.297982586	6.670764423	88.03125299				11.99155827	12.12548726	75.88295447	0	0	0	-1498.505581	0.7202712361	1089.42126374154	-1498.505581	0.008174364498			
1495.945581	6	6	88	0.7226071285	0.008144097948		5.31448153	6.727612725	87.95790575				12.04638356	12.16980834	75.78380809	0	0	0	-1495.945581	0.7226071285	1102.55436298244	-1495.945581	0.008144097948			
1493.385581	6	6	88	0.7249153283	0.008114636056		5.330698185	6.784906589	87.88439523				12.10132476	12.21386165	75.68481359	0	0	0	-1493.385581	0.7249153283	1115.71662824603	-1493.385581	0.008114636056			
1490.825581	6	6	88	0.7271964274	0.008085974873		5.346628052	6.842654004	87.81071794				12.15638834	12.25764644	75.58596521	0	0	0	-1490.825581	0.7271964274	1128.90572623249	-1490.825581	0.008085974873			
1488.265581	6	6	88	0.7294510039	0.008058110835		5.362266537	6.900863123	87.73687034				12.21158091	12.30116195	75.48725714	0	0	0	-1488.265581	0.7294510039	1142.11919680245	-1488.265581	0.008058110835			
1485.705581	6	6	88	0.7316796226	0.008031040759		5.37760895	6.959542263	87.66284879				12.2669092	12.34440733	75.38868348	0	0	0	-1485.705581	0.7316796226	1155.35453973785	-1485.705581	0.008031040759			
1483.145581	6	6	88	0.7338828353	0.008004761848		5.392650504	7.018699911	87.58864959				12.32238007	12.38738164	75.29023828	0	0	0	-1483.145581	0.7338828353	1168.60920570351	-1483.145581	0.008004761848			
1480.585581	6	6	88	0.7360611813	0.007979271687		5.407386316	7.078344727	87.51426896				12.37800054	12.43008392	75.19191553	0	0	0	-1480.585581	0.7360611813	1181.88059126969	-1480.585581	0.007979271687			
1478.025581	6	6	88	0.7382151877	0.00795456825		5.421811402	7.138485546	87.43970305				12.43377776	12.4725131	75.09370914	0	0	0	-1478.025581	0.7382151877	1195.16599996378	-1478.025581	0.00795456825			
1475.465581	6	6	88	0.74034537	0.007930649893		5.435920679	7.199131382	87.36494794				12.48971902	12.51466806	74.99561293	0	0	0	-1475.465581	0.74034537	1208.46269241375	-1475.465581	0.007930649893			
1472.905581	6	6	88	0.7424522322	0.007907515366		5.449708963	7.260291433	87.2899996				12.54583177	12.55654758	74.89762065	0	0	0	-1472.905581	0.7424522322	1221.76787388787	-1472.905581	0.007907515366			
1470.345581	6	6	88	0.7445362674	0.007885163806		5.463170966	7.321975082	87.21485395				12.60212364	12.59815037	74.79972598	0	0	0	-1470.345581	0.7445362674	1235.07863279508	-1470.345581	0.007885163806			
1467.785581	6	6	88	0.7465979581	0.007863594748		5.476301299	7.384191899	87.1395068				12.65860241	12.63947507	74.70192251	0	0	0	-1467.785581	0.7465979581	1248.39204735496	-1467.785581	0.007863594748			
1465.225581	6	6	88	0.7486377764	0.007842808122		5.489094467	7.44695165	87.06395388				12.71527604	12.68052023	74.60420373	0	0	0	-1465.225581	0.7486377764	1261.70515093281	-1465.225581	0.007842808122			
1462.665581	6	6	88	0.7506561844	0.007822804261		5.501544871	7.510264295	86.98819083				12.77215265	12.7212843	74.50656304	0	0	0	-1462.665581	0.7506561844	1275.01476723704	-1462.665581	0.007822804261			
1460.105581	6	6	88	0.7526536349	0.007803583903		5.513646806	7.57413999	86.9122132				12.82924058	12.76176566	74.40899377	0	0	0	-1460.105581	0.7526536349	1288.31775650724	-1460.105581	0.007803583903			
1457.545581	6	6	88	0.754630571	0.007785148197		5.525394461	7.638589097	86.83601644				12.88654833	12.80196256	74.31148911	0	0	0	-1457.545581	0.754630571	1301.61097073621	-1457.545581	0.007785148197			
1454.985581	6	6	88	0.7565874269	0.007767498707		5.536781918	7.703622181	86.7595959				12.94408463	12.84187319	74.21404218	0	0	0	-1454.985581	0.7565874269	1314.89106286209	-1454.985581	0.007767498707			
1452.425581	6	6	88	0.7585246281	0.00775063742		5.547803154	7.769250015	86.68294683				13.0018584	12.88149563	74.11664597	0	0	0	-1452.425581	0.7585246281	1328.15463350856	-1452.425581	0.00775063742			
1449.865581	6	6	88	0.7604425917	0.007734566747		5.558452037	7.835483583	86.60606438				13.05987878	12.92082783	74.01929339	0	0	0	-1449.865581	0.7604425917	1341.39822787442	-1449.865581	0.007734566747			
1447.305581	6	6	88	0.7623417266	0.007719289537		5.568722328	7.902334082	86.52894359				13.11815513	12.95986767	73.9219772	0	0	0	-1447.305581	0.7623417266	1354.61832953308	-1447.305581	0.007719289537			
1444.745581	6	6	88	0.7642224338	0.007704809079		5.578607681	7.969812927	86.45157939				13.17669706	12.99861288	73.82469007	0	0	0	-1444.745581	0.7642224338	1367.81139386825	-1444.745581	0.007704809079			
1442.185581	6	6	88	0.7660851065	0.00769112911		5.588101643	8.03793175	86.37396661				13.2355144	13.03706109	73.72742451	0	0	0	-1442.185581	0.7660851065	1380.9736914398	-1442.185581	0.00769112911			
1439.625581	6	6	88	0.7679301308	0.007678253825		5.597197658	8.106702406	86.29609994				13.29461725	13.07520981	73.63017294	0	0	0	-1439.625581	0.7679301308	1394.10141590943	-1439.625581	0.007678253825			
1437.065581	6	6	88	0.7697578855	0.007666187885		5.605889059	8.176136972	86.21797397				13.35401596	13.11305642	73.53292762	0	0	0	-1437.065581	0.7697578855	1407.19078317892	-1437.065581	0.007666187885			
1434.505581	6	6	88	0.7715687425	0.007654936427		5.61416908	8.246247751	86.13958317				13.41372115	13.15059817	73.43568068	0	0	0	-1434.505581	0.7715687425	1420.23788360122	-1434.505581	0.007654936427			
1431.945581	6	6	88	0.773363067	0.00764450507		5.622030849	8.317047273	86.06092188				13.47374373	13.18783216	73.33842411	0	0	0	-1431.945581	0.773363067	1433.23866866649	-1431.945581	0.00764450507			
1429.385581	6	6	88	0.7751412179	0.007634899933		5.629467392	8.388548299	85.98198431				13.5340949	13.22475537	73.24114973	0	0	0	-1429.385581	0.7751412179	1446.1891093944	-1429.385581	0.007634899933			
1426.825581	6	6	88	0.7769035476	0.007626127637		5.636471636	8.460763817	85.90276455				13.59478615	13.26136461	73.14384924	0	0	0	-1426.825581	0.7769035476	1459.08502186375	-1426.825581	0.007626127637			
1424.265581	6	6	88	0.7786504028	0.007618195323		5.643036411	8.533707048	85.82325654				13.65582931	13.29765656	73.04651414	0	0	0	-1424.265581	0.7786504028	1471.92211351125	-1424.265581	0.007618195323			
1421.705581	6	6	88	0.7803821242	0.007611110661		5.64915445	8.607391444	85.74345411				13.71723651	13.33362771	72.94913578	0	0	0	-1421.705581	0.7803821242	1484.69609049404	-1421.705581	0.007611110661			
1419.145581	6	6	88	0.782099047	0.007604881862		5.654818393	8.681830689	85.66335092				13.77902025	13.3692744	72.85170535	0	0	0	-1419.145581	0.782099047	1497.40253879268	-1419.145581	0.007604881862			
1416.585581	6	6	88	0.7838015009	0.007599517697		5.660020793	8.7570387	85.58294051				13.84119336	13.40459281	72.75421383	0	0	0	-1416.585581	0.7838015009	1510.0369538485	-1416.585581	0.007599517697			
1414.025581	6	6	88	0.7854898105	0.007595027502		5.664754115	8.833029624	85.50221626				13.90376906	13.43957892	72.65665203	0	0	0	-1414.025581	0.7854898105	1522.59478777664	-1414.025581	0.007595027502			
1411.465581	6	6	88	0.7871642952	0.007591421199		5.669010742	8.909817838	85.42117142				13.96676093	13.47422851	72.55901056	0	0	0	-1411.465581	0.7871642952	1535.07134726741	-1411.465581	0.007591421199			
1408.905581	6	6	88	0.7888252698	0.007588709309		5.67278298	8.98741795	85.33979907				14.03018297	13.50853721	72.46127983	0	0	0	-1408.905581	0.7888252698	1547.4618903477	-1408.905581	0.007588709309			
1406.345581	6	6	88	0.7904730442	0.007586902967		5.676063064	9.065844793	85.25809214				14.09404958	13.54250039	72.36345003	0	0	0	-1406.345581	0.7904730442	1559.76165991267	-1406.345581	0.007586902967			
1403.785581	6	6	88	0.7921079239	0.007586013937		5.678843159	9.145113424	85.17604342				14.1583756	13.57611324	72.26551116	0	0	0	-1403.785581	0.7921079239	1571.9657019614	-1403.785581	0.007586013937			
1401.225581	6	6	88	0.7937302101	0.007586054637		5.681115371	9.225239121	85.09364551				14.22317632	13.60937072	72.16745296	0	0	0	-1401.225581	0.7937302101	1584.06899627997	-1401.225581	0.007586054637			
1398.665581	6	6	88	0.7953401999	0.007587038145		5.68287175	9.306237378	85.01089087				14.28846748	13.64226757	72.06926495	0	0	0	-1398.665581	0.7953401999	1596.06650698668	-1398.665581	0.007587038145			
1396.105581	6	6	88	0.7969381863	0.007588978223		5.6841043	9.388123903	84.9277718				14.35426532	13.67479827	71.9709364	0	0	0	-1396.105581	0.7969381863	1607.95313057515	-1396.105581	0.007588978223			
1393.545581	6	6	88	0.7985244585	0.007591889336		5.684804984	9.470914609	84.84428041				14.4205866	13.70695705	71.87245635	0	0	0	-1393.545581	0.7985244585	1619.72369893531	-1393.545581	0.007591889336			
1390.985581	6	6	88	0.8000993019	0.007595786675		5.684965733	9.554625606	84.76040866				14.48744857	13.73873789	71.77381353	0	0	0	-1390.985581	0.8000993019	1631.37292074848	-1390.985581	0.007595786675			
1388.425581	6	6	88	0.8016629985	0.007600686165		5.684578458	9.639273201	84.67614834				14.55486907	13.77013448	71.67499645	0	0	0	-1388.425581	0.8016629985	1642.89532890637	-1388.425581	0.007600686165			
1385.865581	6	6	88	0.803215827	0.007606604499		5.683635058	9.724873883	84.59149106				14.62286647	13.80114024	71.57599329	0	0	0	-1385.865581	0.803215827	1654.28564674521	-1385.865581	0.007606604499			
1383.305581	6	6	88	0.8047580625	0.007613559153		5.682127427	9.811444316	84.50642826				14.69145976	13.83174827	71.47679197	0	0	0	-1383.305581	0.8047580625	1665.53835999774	-1383.305581	0.007613559153			
1380.745581	6	6	88	0.8062899774	0.007621568407		5.680047471	9.899001327	84.4209512				14.76066854	13.86195137	71.37738009	0	0	0	-1380.745581	0.8062899774	1676.64783358685	-1380.745581	0.007621568407			
1378.185581	6	6	88	0.8078118409	0.007630651369		5.677387118	9.987561896	84.33505099				14.83051307	13.89174201	71.27774492	0	0	0	-1378.185581	0.8078118409	1687.6086810788	-1378.185581	0.007630651369			
1375.625581	6	6	88	0.8093239192	0.007640827999		5.674138331	10.07714315	84.24871852				14.90101426	13.92111232	71.17787342	0	0	0	-1375.625581	0.8093239192	1698.41516795505	-1375.625581	0.007640827999			
1373.065581	6	6	88	0.8108264761	0.007652119131		5.67029312	10.16776232	84.16194456				14.97219374	13.95005407	71.07775219	0	0	0	-1373.065581	0.8108264761	1709.06154532154	-1373.065581	0.007652119131			
1370.505581	6	6	88	0.8123197726	0.007664546497		5.665843561	10.25943677	84.07471967				15.04407385	13.97855865	70.9773675	0	0	0	-1370.505581	0.8123197726	1719.54215563849	-1370.505581	0.007664546497			
1367.945581	6	6	88	0.8138040673	0.00767813275		5.660781807	10.35218395	83.98703424				15.11667771	14.00661707	70.87670522	0	0	0	-1367.945581	0.8138040673	1729.85121769558	-1367.945581	0.00767813275			
1365.385581	6	6	88	0.8152796164	0.007692901493		5.655100108	10.44602139	83.89887851				15.19002922	14.03421992	70.77575086	0	0	0	-1365.385581	0.8152796164	1739.98305663297	-1365.385581	0.007692901493			
1362.825581	6	6	88	0.8167466737	0.0077088773		5.648790827	10.54096665	83.81024253				15.26415311	14.06135737	70.67448952	0	0	0	-1362.825581	0.8167466737	1749.93181181779	-1362.825581	0.0077088773			
1360.265581	6	6	88	0.8182054911	0.007726085743		5.641846459	10.63703734	83.7211162				15.33907498	14.08801914	70.57290588	0	0	0	-1360.265581	0.8182054911	1759.69486126108	-1360.265581	0.007726085743			
1357.705581	6	6	88	0.819656313	0.007744525273		5.634258901	10.73425126	83.63148984				15.41482104	14.11419439	70.47098457	0	0	0	-1357.705581	0.819656313	1769.25975535086	-1357.705581	0.007744525273			
1355.145581	6	6	88	0.8210993981	0.007764309418		5.62602251	10.83262566	83.54135183				15.49141929	14.13987206	70.36870865	0	0	0	-1355.145581	0.8210993981	1778.6201082776	-1355.145581	0.007764309418			
1352.585581	6	6	88	0.8225349881	0.00778538661		5.617129698	10.93217823	83.45069207				15.56889792	14.16504033	70.26606175	0	0	0	-1352.585581	0.8225349881	1787.77610579827	-1352.585581	0.00778538661			
1350.025581	6	6	88	0.8239633281	0.007807815792		5.607573862	11.03292642	83.35949972				15.64728641	14.18968692	70.16302667	0	0	0	-1350.025581	0.8239633281	1796.71859217843	-1350.025581	0.007807815792			
1347.465581	6	6	88	0.8253846619	0.007831628215		5.597348647	11.13488757	83.26776379				15.72661534	14.21379899	70.05958567	0	0	0	-1347.465581	0.8253846619	1805.44170072229	-1347.465581	0.007831628215			
1344.905581	6	6	88	0.8267992315	0.007856855618		5.586447954	11.23807887	83.17547317				15.80691636	14.23736311	69.95572053	0	0	0	-1344.905581	0.8267992315	1813.93990184207	-1344.905581	0.007856855618			
1342.345581	6	6	88	0.8282072773	0.007883531691		5.574865979	11.34251737	83.08261665				15.88822232	14.26036523	69.85141245	0	0	0	-1342.345581	0.8282072773	1822.20757345933	-1342.345581	0.007883531691			
1339.785581	6	6	88	0.8296090383	0.007911691072		5.562597235	11.44821988	82.98918288				15.97056725	14.28279066	69.74664209	0	0	0	-1339.785581	0.8296090383	1830.23919793915	-1339.785581	0.007911691072			
1337.225581	6	6	88	0.831004752	0.007941369631		5.549636575	11.55520297	82.89516045				16.05398647	14.304624	69.64138953	0	0	0	-1337.225581	0.831004752	1838.02936648441	-1337.225581	0.007941369631			
1334.665581	6	6	88	0.8323946546	0.007972604497		5.535979222	11.66348293	82.80053785				16.13851661	14.32584917	69.53563423	0	0	0	-1334.665581	0.8323946546	1845.5725892486	-1334.665581	0.007972604497			
1332.105581	6	6	88	0.8337789812	0.008005434082		5.521620795	11.7730757	82.7053035				16.22419567	14.34644931	69.42935502	0	0	0	-1332.105581	0.8337789812	1852.86383580844	-1332.105581	0.008005434082			
1329.545581	6	6	88	0.8351579652	0.0080398981		5.506557338	11.88399686	82.6094458				16.3110631	14.36640681	69.32253009	0	0	0	-1329.545581	0.8351579652	1859.89807095869	-1329.545581	0.0080398981			
1326.985581	6	6	88	0.8365318392	0.008076037597		5.490785349	11.99626156	82.51295309				16.39915985	14.3857032	69.21513695	0	0	0	-1326.985581	0.8365318392	1866.67027283797	-1326.985581	0.008076037597			
1324.425581	6	6	88	0.8379008344	0.008113894968		5.474301807	12.10988447	82.41581372				16.48852844	14.40431918	69.10715238	0	0	0	-1324.425581	0.8379008344	1873.17597232638	-1324.425581	0.008113894968			
1321.865581	6	6	88	0.8392651807	0.008153513974		5.457104203	12.22487975	82.31801605				16.57921303	14.42223451	68.99855245	0	0	0	-1321.865581	0.8392651807	1879.41051750682	-1321.865581	0.008153513974			
1319.305581	6	6	88	0.8406251072	0.008194939768		5.439190567	12.34126098	82.21954846				16.67125948	14.43942804	68.88931248	0	0	0	-1319.305581	0.8406251072	1885.36970161417	-1319.305581	0.008194939768			
1316.745581	6	6	88	0.8419808414	0.008238218904		5.420559499	12.45904109	82.12039941				16.76471545	14.45587759	68.77940696	0	0	0	-1316.745581	0.8419808414	1891.04955589043	-1316.745581	0.008238218904			
1314.185581	6	6	88	0.84333261	0.008283399355		5.401210198	12.57823237	82.02055744				16.85963045	14.47155995	68.6688096	0	0	0	-1314.185581	0.84333261	1896.44615983025	-1314.185581	0.008283399355			
1311.625581	6	6	88	0.8446806384	0.008330530528		5.381142487	12.69884631	81.9200112				16.95605596	14.48645081	68.55749323	0	0	0	-1311.625581	0.8446806384	1901.55620012907	-1311.625581	0.008330530528			
1309.065581	6	6	88	0.8460251507	0.008379663268		5.360356845	12.82089364	81.81874951				17.05404547	14.50052472	68.44542981	0	0	0	-1309.065581	0.8460251507	1906.37642058545	-1309.065581	0.008379663268			
1306.505581	6	6	88	0.84736637	0.008430849869		5.338854432	12.94438422	81.71676135				17.15365462	14.51375502	68.33259036	0	0	0	-1306.505581	0.84736637	1910.90412680776	-1306.505581	0.008430849869			
1303.945581	6	6	88	0.8487045177	0.008484144075		5.316637116	13.06932696	81.61403592				17.25494126	14.52611378	68.21894496	0	0	0	-1303.945581	0.8487045177	1915.13683160279	-1303.945581	0.008484144075			
1301.385581	6	6	88	0.8500398143	0.00853960108		5.293707496	13.19572982	81.51056268				17.35796556	14.53757174	68.1044627	0	0	0	-1301.385581	0.8500398143	1914.37180887489	-1301.385581	0.00853960108			
1298.825581	6	6	88	0.8513790358	0.008639609115		5.270090762	13.32399546	81.40591378				17.46331014	14.54814848	67.98854139	0	0	0	-1298.825581	0.8513790358	1918.0431547995	-1298.825581	0.008639609115			
1296.265581	6	6	88	0.8527092622	0.008657430688		5.245745908	13.45334104	81.30091305				17.57000736	14.55770724	67.87228541	0	0	0	-1296.265581	0.8527092622	1926.10851361364	-1296.265581	0.008657430688			
1293.705581	6	6	88	0.8540372491	0.008719484676		5.220701236	13.5841634	81.19513537				17.67863448	14.56626985	67.75509567	0	0	0	-1293.705581	0.8540372491	1929.16682728611	-1293.705581	0.008719484676			
1291.145581	6	6	88	0.8553632606	0.00878423561		5.194961699	13.71646739	81.08857092				17.78926619	14.57380003	67.63693379	0	0	0	-1291.145581	0.8553632606	1931.89246181724	-1291.145581	0.00878423561			
1288.585581	6	6	88	0.8566875025	0.008851405705		5.168534646	13.85025432	80.98121103				17.90197541	14.58026076	67.51776383	0	0	0	-1288.585581	0.8566875025	1934.32069529474	-1288.585581	0.008851405705			
1286.025581	6	6	88	0.8580101865	0.008921109686		5.141427514	13.98552499	80.87304749				18.01683874	14.58561337	67.39754789	0	0	0	-1286.025581	0.8580101865	1936.44619466078	-1286.025581	0.008921109686			
1283.465581	6	6	88	0.8593315226	0.00899341628		5.113648604	14.12227876	80.76407263				18.13393599	14.58981728	67.27624673	0	0	0	-1283.465581	0.8593315226	1938.26965768045	-1283.465581	0.00899341628			
1280.905581	6	6	88	0.8606517188	0.009068394681		5.085207085	14.26051353	80.65427938				18.25335029	14.59283	67.15381971	0	0	0	-1280.905581	0.8606517188	1939.79230283402	-1280.905581	0.009068394681			
1278.345581	6	6	88	0.8619709811	0.009146115458		5.056113	14.40022568	80.54366132				18.3751683	14.59460696	67.03022474	0	0	0	-1278.345581	0.8619709811	1941.01608815548	-1278.345581	0.009146115458			
1275.785581	6	6	88	0.8632895129	0.009226650433		5.026377274	14.54140995	80.43221277				18.49948031	14.59510148	66.90541821	0	0	0	-1275.785581	0.8632895129	1941.9436325003	-1275.785581	0.009226650433			
1273.225581	6	6	88	0.8646075151	0.009310072539		4.996011711	14.68405948	80.31992881				18.62638043	14.59426459	66.77935497	0	0	0	-1273.225581	0.8646075151	1942.57806283327	-1273.225581	0.009310072539			
1270.665581	6	6	88	0.8659251857	0.009396455734		4.965028995	14.82816562	80.20680538				18.75596677	14.592045	66.65198823	0	0	0	-1270.665581	0.8659251857	1942.92337320341	-1270.665581	0.009396455734			
1268.105581	6	6	88	0.8672427194	0.009485874861		4.933442681	14.97371799	80.09283933				18.88834161	14.58838891	66.52326948	0	0	0	-1268.105581	0.8672427194	1942.98603633317	-1268.105581	0.009485874861			
1265.545581	6	6	88	0.868560305	0.009578387009		4.901266793	15.12070518	79.97802803				19.02361129	14.58323995	66.39314876	0	0	0	-1265.545581	0.868560305	1942.76791291835	-1265.545581	0.009578387009			
1262.985581	6	6	88	0.8698781346	0.009674121814		4.868517383	15.26911138	79.86237124				19.1618875	14.57653899	66.2615735	0	0	0	-1262.985581	0.8698781346	1942.27515512492	-1262.985581	0.009674121814			
1260.425581	6	6	88	0.8711963889	0.009773103746		4.835210195	15.41892123	79.74586857				19.30328592	14.5682241	66.12848998	0	0	0	-1260.425581	0.8711963889	1941.51833976192	-1260.425581	0.009773103746			
1257.865581	6	6	88	0.8725152462	0.009875426017		4.801362178	15.57011656	79.62852126				19.44792741	14.55823032	65.99384227	0	0	0	-1257.865581	0.8725152462	1940.5037432205	-1257.865581	0.009875426017			
1255.305581	6	6	88	0.8738348795	0.009981164742		4.766991088	15.72267704	79.51033187				19.595938	14.54648961	65.85757239	0	0	0	-1255.305581	0.8738348795	1939.24010354183	-1255.305581	0.009981164742			
1252.745581	6	6	88	0.8751554563	0.01009039531		4.732115473	15.8765802	79.39130433				19.74744908	14.53293063	65.71962029	0	0	0	-1252.745581	0.8751554563	1937.73726447888	-1252.745581	0.01009039531			
1250.185581	6	6	88	0.8764771375	0.01020319201		4.696754651	16.03180128	79.27144407				19.90259766	14.51747865	65.57992369	0	0	0	-1250.185581	0.8764771375	1936.00614700099	-1250.185581	0.01020319201			
1247.625581	6	6	88	0.8778000772	0.01031962742		4.660928684	16.18831319	79.15075812				20.06152653	14.50005536	65.4384181	0	0	0	-1247.625581	0.8778000772	1934.05864151375	-1247.625581	0.01031962742			
1245.065581	6	6	88	0.8791244217	0.01043977186		4.624658359	16.34608642	79.02925522				20.22438457	14.48057875	65.29503668	0	0	0	-1245.065581	0.8791244217	1931.90764849131	-1245.065581	0.01043977186			
1242.505581	6	6	88	0.8804503092	0.01056369303		4.587965166	16.50508892	78.90694592				20.39132689	14.45896291	65.1497102	0	0	0	-1242.505581	0.8804503092	1929.5674751403	-1242.505581	0.01056369303			
1239.945581	6	6	88	0.8817778682	0.01069145342		4.55087126	16.66528603	78.78384271				20.56251511	14.43511791	65.00236698	0	0	0	-1239.945581	0.8817778682	1927.05379631569	-1239.945581	0.01069145342			
1237.385581	6	6	88	0.8831072172	0.01082311186		4.513399453	16.82664036	78.65996018				20.73811752	14.40894966	64.85293282	0	0	0	-1237.385581	0.8831072172	1924.38338863984	-1237.385581	0.01082311186			
1234.825581	6	6	88	0.8844384634	0.01095872063		4.475573183	16.98911166	78.53531516				20.91830935	14.38035969	64.70133096	0	0	0	-1234.825581	0.8844384634	1921.57466689573	-1234.825581	0.01095872063			
1232.265581	6	6	88	0.8857717016	0.01109832446		4.437416501	17.15265665	78.40992685				21.1032729	14.34924505	64.54748204	0	0	0	-1232.265581	0.8857717016	1918.64777571585	-1232.265581	0.01109832446			
1229.705581	6	6	88	0.8871070127	0.0112419589		4.398954045	17.31722891	78.28381704				21.29319777	14.31549816	64.39130407	0	0	0	-1229.705581	0.8871070127	1915.62446708817	-1229.705581	0.0112419589			
1227.145581	6	6	88	0.8884444627	0.01138964837		4.360211027	17.48277868	78.1570103				21.48828092	14.27900668	64.2327124	0	0	0	-1227.145581	0.8884444627	1912.52833286922	-1227.145581	0.01138964837			
1224.585581	6	6	88	0.8897841008	0.01154140392		4.321213223	17.64925262	78.02953415				21.68872686	14.23965336	64.07161978	0	0	0	-1224.585581	0.8897841008	1909.38546667571	-1224.585581	0.01154140392			
1222.025581	6	6	88	0.8911259574	0.0116972206		4.281986964	17.81659367	77.90141936				21.89474763	14.19731599	63.90793638	0	0	0	-1222.025581	0.8911259574	1906.22412209797	-1222.025581	0.0116972206			
1219.465581	6	6	88	0.8924700426	0.01185707438		4.242559131	17.98474071	77.77270016				22.10656284	14.15186732	63.74156984	0	0	0	-1219.465581	0.8924700426	1903.07487338231	-1219.465581	0.01185707438			
1216.905581	6	6	88	0.8938163439	0.01202091856		4.202957166	18.15362829	77.64341455				22.32439959	14.10317498	63.57242543	0	0	0	-1216.905581	0.8938163439	1899.97163001788	-1216.905581	0.01202091856			
1214.345581	6	6	88	0.8951648232	0.01218868		4.163209067	18.32318635	77.51360459				22.54849222	14.05110159	63.4004062	0	0	0	-1214.345581	0.8951648232	1896.95138118256	-1214.345581	0.01218868			
1211.785581	6	6	88	0.8965154148	0.01236025382		4.123343415	18.4933398	77.38331678				22.7790821	13.99550471	63.22541319	0	0	0	-1211.785581	0.8965154148	1894.05458112663	-1211.785581	0.01236025382			
1209.225581	6	6	88	0.8978680218	0.01253549832		4.083389391	18.66400816	77.25260245				23.01641715	13.93623706	63.04734579	0	0	0	-1209.225581	0.8978680218	1891.32597751453	-1209.225581	0.01253549832			
1206.665581	6	6	88	0.8992225129	0.01271422871		4.043376811	18.83510505	77.12151814				23.26075121	13.87314671	62.86610208	0	0	0	-1206.665581	0.8992225129	1888.81481889975	-1206.665581	0.01271422871			
1204.105581	6	6	88	0.9005787185	0.01289620992		4.00333616	19.00653774	76.9901261				23.51234325	13.80607739	62.68157936	0	0	0	-1204.105581	0.9005787185	1886.57544651007	-1204.105581	0.01289620992			
1201.545581	6	6	88	0.9019364267	0.01308114867		3.963298635	19.17820658	76.85849478				23.77145627	13.73486896	62.49367478	0	0	0	-1201.545581	0.9019364267	1884.66799150738	-1201.545581	0.01308114867			
1198.985581	6	6	88	0.9032953785	0.01326868438		3.923296203	19.35000441	76.72669938				24.03835591	13.65935801	62.30228608	0	0	0	-1198.985581	0.9032953785	1883.15912699236	-1198.985581	0.01326868438			
1196.425581	6	6	88	0.9046552629	0.01345837917		3.883361653	19.52181589	76.59482245				24.31330878	13.57937864	62.10731258	0	0	0	-1196.425581	0.9046552629	1882.12288886846	-1196.425581	0.01345837917			
1193.865581	6	6	88	0.9060157112	0.01364970682		3.843528661	19.69351683	76.4629545				24.59658028	13.49476343	61.90865629	0	0	0	-1193.865581	0.9060157112	1881.64145434766	-1193.865581	0.01364970682			
1191.305581	6	6	88	0.9073762914	0.01384204075		3.803831855	19.86497345	76.33119469				24.88843202	13.4053447	61.70622328	0	0	0	-1191.305581	0.9073762914	1881.80618006117	-1191.305581	0.01384204075			
1188.745581	6	6	88	0.9087365016	0.01403464122		3.764306884	20.03604162	76.19965149				25.1891187	13.31095601	61.49992529	0	0	0	-1188.745581	0.9087365016	1882.71886800622	-1188.745581	0.01403464122			
1186.185581	6	6	88	0.9100957634	0.01422664199		3.724990476	20.2065661	76.06844342				25.49888433	13.21143403	61.28968164	0	0	0	-1186.185581	0.9100957634	1884.49267754955	-1186.185581	0.01422664199			
1183.625581	6	6	88	0.9114534151	0.01441703672		3.685920497	20.37637978	75.93769972				25.81795788	13.10662072	61.0754214	0	0	0	-1183.625581	0.9114534151	1887.25370515423	-1183.625581	0.01441703672			
1181.065581	6	6	88	0.9128087043	0.01460466577		3.647135991	20.54530296	75.80756105				26.1465481	12.99636595	60.85708595	0	0	0	-1181.065581	0.9128087043	1891.14189829658	-1181.065581	0.01460466577			
1178.505581	6	6	88	0.9141607817	0.01478820413		3.608677202	20.71314271	75.67818009				26.48483765	12.88053053	60.63463182	0	0	0	-1178.505581	0.9141607817	1896.31283839656	-1178.505581	0.01478820413			
1175.945581	6	6	88	0.9155086936	0.01496615143		3.570585567	20.87969237	75.54972206				26.8329764	12.75898972	60.40803388	0	0	0	-1175.945581	0.9155086936	1903.07136502503	-1175.945581	0.01496615143			
1173.385581	6	6	88	0.9168511913	0.01513508468		3.532898726	21.0447444	75.42235687				27.19104436	12.63165686	60.17729878	0	0	0	-1173.385581	0.9168511913	1911.44602610201	-1173.385581	0.01513508468			
1170.825581	6	6	88	0.9181873242	0.01529706167		3.495665169	21.20805611	75.29627873				27.55914476	12.49842503	59.94243021	0	0	0	-1170.825581	0.9181873242	1921.55415282308	-1170.825581	0.01529706167			
1168.265581	6	6	88	0.9195157458	0.01544728354		3.45892918	21.36937533	75.17169549				27.93726841	12.35924288	59.70348871	0	0	0	-1168.265581	0.9195157458	1933.78654205357	-1168.265581	0.01544728354			
1165.705581	6	6	88	0.9208350423	0.01558410228		3.422735964	21.52844025	75.04882378				28.32535305	12.21408696	59.46055999	0	0	0	-1165.705581	0.9208350423	1948.35979183756	-1165.705581	0.01558410228			
1163.145581	6	6	88	0.9221436836	0.01570516911		3.38713111	21.684977	74.92789189				28.72326079	12.06297166	59.21376755	0	0	0	-1163.145581	0.9221436836	1965.5482109222	-1163.145581	0.01570516911			
1160.585581	6	6	88	0.9234400296	0.01580803128		3.352160194	21.83870138	74.80913843				29.13076914	11.90595441	58.96327645	0	0	0	-1160.585581	0.9234400296	1985.64794690864	-1160.585581	0.01580803128			
1158.025581	6	6	88	0.9247223398	0.01589018378		3.317868302	21.9893212	74.6928105				29.54756269	11.74314068	58.70929663	0	0	0	-1158.025581	0.9247223398	2008.97652634986	-1158.025581	0.01589018378			
1155.465581	6	6	88	0.9259887884	0.01594913563		3.284299453	22.13653941	74.57916113				29.9732262	11.5746883	58.45208551	0	0	0	-1155.465581	0.9259887884	2037.58959183097	-1155.465581	0.01594913563			
1152.905581	6	6	88	0.9272354251	0.01595611536		3.251476511	22.27997517	74.46854832				30.40651099	11.40110398	58.19238503	0	0	0	-1152.905581	0.9272354251	2068.31303490308	-1152.905581	0.01595611536			
1150.345581	6	6	88	0.9284644853	0.01598823964		3.219477589	22.41950409	74.36101832				30.84824296	11.22207711	57.92967993	0	0	0	-1150.345581	0.9284644853	2101.75778797692	-1150.345581	0.01598823964			
1147.785581	6	6	88	0.929671867	0.0159634359		3.188318847	22.55475698	74.25692417				31.29695608	11.0382335	57.66481042	0	0	0	-1147.785581	0.929671867	2141.61298337931	-1147.785581	0.0159634359			
1145.225581	6	6	88	0.9308556716	0.01590751052		3.158033216	22.68546034	74.15650645				31.75181864	10.84995922	57.39822213	0	0	0	-1145.225581	0.9308556716	2186.50167203487	-1145.225581	0.01590751052			
1142.665581	6	6	88	0.9320140587	0.01581933002		3.128648998	22.81135804	74.05999297				32.2119018	10.65769554	57.13040267	0	0	0	-1142.665581	0.9320140587	2236.84891858377	-1142.665581	0.01581933002			
1140.105581	6	6	88	0.9331452517	0.0156979213		3.100187984	22.93222176	73.96759026				32.67618822	10.46193716	56.86187462	0	0	0	-1140.105581	0.9331452517	2293.07067497879	-1140.105581	0.0156979213			
1137.545581	6	6	88	0.9342476166	0.01554340533		3.07266589	23.04785361	73.8794805				33.14359704	10.26321961	56.59318335	0	0	0	-1137.545581	0.9342476166	2355.5427560159	-1137.545581	0.01554340533			
1134.985581	6	6	88	0.9353196921	0.01535645415		3.046091879	23.15809003	73.79581809				33.61300011	10.06211104	56.32488885	0	0	0	-1134.985581	0.9353196921	2424.63235552771	-1134.985581	0.01535645415			
1132.425581	6	6	88	0.936360219	0.01513835755		3.020468284	23.26280531	73.7167264				34.08324294	9.859201753	56.05755531	0	0	0	-1132.425581	0.936360219	2500.68760112085	-1132.425581	0.01513835755			
1129.865581	6	6	88	0.9373681651	0.01489100047		2.995790578	23.36191397	73.64229545				34.55316702	9.655092752	55.79174023	0	0	0	-1129.865581	0.9373681651	2584.03163408372	-1129.865581	0.01489100047			
1127.305581	6	6	88	0.9383427419	0.01461679477		2.972047549	23.45537174	73.57258072				35.02163217	9.450384029	55.5279838	0	0	0	-1127.305581	0.9383427419	2674.95855860589	-1127.305581	0.01461679477			
1124.745581	6	6	88	0.9392834135	0.01431858612		2.949221811	23.54317447	73.50760371				35.48753758	9.245663223	55.2667992	0	0	0	-1124.745581	0.9392834135	2773.73008146588	-1124.745581	0.01431858612			
1122.185581	6	6	88	0.9401898968	0.0139995432		2.927289801	23.62536001	73.44735019				35.94984073	9.04149515	55.00866412	0	0	0	-1122.185581	0.9401898968	2880.57435593097	-1122.185581	0.0139995432			
1119.625581	6	6	88	0.9410621535	0.01366303578		2.906223354	23.70200015	73.39177649				36.40757319	8.838412836	54.75401397	0	0	0	-1119.625581	0.9410621535	2995.68469630234	-1119.625581	0.01366303578			
1117.065581	6	6	88	0.9419003758	0.01331251526		2.885989889	23.77320081	73.3408093				36.85985289	8.636910187	54.50323692	0	0	0	-1117.065581	0.9419003758	3119.2201562286	-1117.065581	0.01331251526			
1114.505581	6	6	88	0.9427049659	0.01295140219		2.866553407	23.83909685	73.29434974				37.30589257	8.437436582	54.25667085	0	0	0	-1114.505581	0.9427049659	3251.30712808813	-1114.505581	0.01295140219			
1111.945581	6	6	88	0.943476512	0.01258298905		2.847875343	23.89984746	73.2522772				37.74500453	8.240393375	54.01460209	0	0	0	-1111.945581	0.943476512	3392.04096303331	-1111.945581	0.01258298905			
1109.385581	6	6	88	0.9442157618	0.0122103618		2.82991539	23.95563149	73.21445312				38.17660196	8.046132207	53.77726583	0	0	0	-1109.385581	0.9442157618	3541.48836630197	-1109.385581	0.0122103618			
1106.825581	6	6	88	0.9449235953	0.0118363421		2.812632254	24.0066428	73.18072495				38.60019726	7.854954916	53.54484782	0	0	0	-1106.825581	0.9449235953	3699.69233040265	-1106.825581	0.0118363421			
1104.265581	6	6	88	0.9456009971	0.01146344977		2.795984337	24.05308589	73.15092977				39.01539798	7.667114811	53.31748721	0	0	0	-1104.265581	0.9456009971	3866.6732331574	-1104.265581	0.01146344977			
1101.705581	6	6	88	0.9462490317	0.01109388385		2.779930324	24.09517195	73.12489773				39.4219009	7.482818983	53.09528012	0	0	0	-1101.705581	0.9462490317	4042.43350449014	-1101.705581	0.01109388385			
1099.145581	6	6	88	0.946868819	0.01072951934		2.764429672	24.13311527	73.10245505				39.81948486	7.302231409	52.87828373	0	0	0	-1099.145581	0.946868819	4226.96079193644	-1099.145581	0.01072951934			
1096.585581	6	6	88	0.947461514	0.01037191646		2.749443003	24.1671303	73.08342669				40.20800283	7.12547655	52.66652062	0	0	0	-1096.585581	0.947461514	4420.23020768487	-1096.585581	0.01037191646			
1094.025581	6	6	88	0.9480282881	0.01002233901		2.734932409	24.19742906	73.06763853				40.58737364	6.952643239	52.45998313	0	0	0	-1094.025581	0.9480282881	4622.20810401924	-1094.025581	0.01002233901			
1091.465581	6	6	88	0.9485703139	0.009681779		2.720861669	24.22421914	73.05491919				40.95757375	6.783788649	52.2586376	0	0	0	-1091.465581	0.9485703139	4832.85538824189	-1091.465581	0.009681779			
1088.905581	6	6	88	0.949088752	0.009350984673		2.707196401	24.24770209	73.04510151				41.3186293	6.618942212	52.06242848	0	0	0	-1088.905581	0.949088752	5052.12699032983	-1088.905581	0.009350984673			
1086.345581	6	6	88	0.9495847415	0.00903049006		2.693904148	24.26807225	73.0380236				41.67060861	6.458109366	51.87128203	0	0	0	-1086.345581	0.9495847415	5279.9762623414	-1086.345581	0.00903049006			
1083.785581	6	6	88	0.9500593912	0.00872064429		2.680954417	24.28551585	73.03352973				42.01361525	6.301275064	51.68510969	0	0	0	-1083.785581	0.9500593912	5516.35696621604	-1083.785581	0.00872064429			
1081.225581	6	6	88	0.9505137741	0.008421639615		2.668318677	24.30021054	73.03147079				42.34778183	6.148406997	51.50381117	0	0	0	-1081.225581	0.9505137741	5761.22230641562	-1081.225581	0.008421639615			
1078.665581	6	6	88	0.9509489229	0.008133537377		2.655970325	24.31232497	73.03170471				42.67326437	5.999458509	51.32727712	0	0	0	-1078.665581	0.9509489229	6014.52784949527	-1078.665581	0.008133537377			
1076.105581	6	6	88	0.9513658272	0.007856291498		2.64388463	24.32201876	73.03409661				42.99023743	5.854371194	51.15539138	0	0	0	-1076.105581	0.9513658272	6276.23231375611	-1076.105581	0.007856291498			
1073.545581	6	6	88	0.9517654317	0.007589769312		2.632038659	24.3294425	73.03851884				43.29888975	5.713077195	50.98803306	0	0	0	-1073.545581	0.9517654317	6545.85377028704	-1073.545581	0.007589769312			
1070.985581	6	6	88	0.9521486845	0.007334526023		2.620416529	24.33471286	73.04487061				43.59941909	5.575494376	50.82508653	0	0	0	-1070.985581	0.9521486845	6823.9334242549	-1070.985581	0.007334526023			
1068.425581	6	6	88	0.9525163767	0.007088563727		2.608992114	24.33799163	73.05301626				43.89202707	5.441552175	50.66642076	0	0	0	-1068.425581	0.9525163767	7110.72843815664	-1068.425581	0.007088563727			
1065.865581	6	6	88	0.9528693262	0.006852749695		2.59774822	24.33940151	73.06285027				44.17693176	5.311162193	50.51190604	0	0	0	-1065.865581	0.9528693262	7405.72397868898	-1065.865581	0.006852749695			
1063.305581	6	6	88	0.9532082983	0.006626596728		2.586668223	24.33905927	73.07427251				44.45434713	5.184236115	50.36141676	0	0	0	-1063.305581	0.9532082983	7708.97574606907	-1063.305581	0.006626596728			
1060.745581	6	6	88	0.9535340155	0.006409761782		2.575736819	24.3370741	73.08718908				44.72448771	5.060683741	50.21482854	0	0	0	-1060.745581	0.9535340155	8020.47107113441	-1060.745581	0.006409761782			
1058.185581	6	6	88	0.9538471595	0.006201891401		2.564939942	24.33354809	73.10151196				44.98756719	4.940413863	50.07201895	0	0	0	-1058.185581	0.9538471595	8340.20081928886	-1058.185581	0.006201891401			
1055.625581	6	6	88	0.9541483728	0.006002626347		2.55426467	24.32857657	73.11715876				45.24379711	4.823335003	49.93286789	0	0	0	-1055.625581	0.9541483728	8668.16592431968	-1055.625581	0.006002626347			
1053.065581	6	6	88	0.9544382604	0.005811606684		2.543699141	24.32224853	73.13405233				45.49338591	4.709356028	49.79725807	0	0	0	-1053.065581	0.9544382604	9004.36964888674	-1053.065581	0.005811606684			
1050.505581	6	6	88	0.9547173921	0.005628475609		2.53323247	24.31464701	73.15212052				45.73653815	4.598386641	49.66507521	0	0	0	-1050.505581	0.9547173921	9348.82205658692	-1050.505581	0.005628475609			
1047.945581	6	6	88	0.954986304	0.005452882426		2.522854677	24.30584952	73.1712958				45.9734539	4.490337786	49.53620831	0	0	0	-1047.945581	0.954986304	9701.53980047137	-1047.945581	0.005452882426			
1045.385581	6	6	88	0.9552455007	0.005284484804		2.51255661	24.29592834	73.19151505				46.20432829	4.38512196	49.41054975	0	0	0	-1045.385581	0.9552455007	10062.5449473635	-1045.385581	0.005284484804			
1042.825581	6	6	88	0.9554954569	0.005122950442		2.502329886	24.28495093	73.21271918				46.42935118	4.282653464	49.28799536	0	0	0	-1042.825581	0.9554954569	10431.8628659101	-1042.825581	0.005122950442			
1040.265581	6	6	88	0.9557366195	0.004967958261		2.492166824	24.27298023	73.23485294				46.64870692	4.18284859	49.16844449	0	0	0	-1040.265581	0.9557366195	10809.5247906509	-1040.265581	0.004967958261			
1037.705581	6	6	88	0.955969409	0.004819199197		2.482060392	24.26007497	73.25786464				46.86257421	4.085625763	49.05180003	0	0	0	-1037.705581	0.955969409	11195.5749360866	-1037.705581	0.004819199197			
1035.145581	6	6	88	0.9561942211	0.004676376694		2.472004152	24.24628997	73.28170587				47.07112606	3.990905639	48.9379683	0	0	0	-1035.145581	0.9561942211	11590.0528926385	-1035.145581	0.004676376694			
1032.585581	6	6	88	0.9564114287	0.004539206935		2.461992214	24.23167642	73.30633136				47.27452972	3.89861117	48.82685911	0	0	0	-1032.585581	0.9564114287	11993.0075475814	-1032.585581	0.004539206935			
1030.025581	6	6	88	0.9566213828	0.004407418892		2.452019193	24.21628212	73.33169869				47.47294676	3.808667641	48.7183856	0	0	0	-1030.025581	0.9566213828	12404.5018740677	-1030.025581	0.004407418892			
1027.465581	6	6	88	0.9568244141	0.00428075421		2.442080162	24.20015172	73.35776811				47.66653309	3.721002684	48.61246423	0	0	0	-1027.465581	0.9568244141	12824.5862284632	-1027.465581	0.00428075421			
1024.905581	6	6	88	0.9570208347	0.004158966983		2.432170623	24.18332697	73.3845024				47.85543908	3.635546269	48.50901465	0	0	0	-1024.905581	0.9570208347	13253.3268546603	-1024.905581	0.004158966983			
1022.345581	6	6	88	0.9572109386	0.004041823444		2.422286468	24.16584688	73.41186665				48.0398097	3.552230692	48.40795961	0	0	0	-1022.345581	0.9572109386	13690.8022639345	-1022.345581	0.004041823444			
1019.785581	6	6	88	0.9573950033	0.003929101586		2.412423948	24.14774795	73.43982811				48.21978459	3.470990536	48.30922488	0	0	0	-1019.785581	0.9573950033	14137.0844570151	-1019.785581	0.003929101586			
1017.225581	6	6	88	0.9575732908	0.00382059074		2.402579646	24.1290643	73.46835605				48.39549825	3.39176263	48.21273912	0	0	0	-1017.225581	0.9575732908	14592.2563841046	-1017.225581	0.00382059074			
1014.665581	6	6	88	0.9577460485	0.003716091128		2.392750448	24.10982791	73.49742164				48.56708022	3.314486001	48.11843377	0	0	0	-1014.665581	0.9577460485	15056.4026974731	-1014.665581	0.003716091128			
1012.105581	6	6	88	0.9579135103	0.003615413393		2.382933522	24.09006869	73.52699778				48.73465518	3.239101822	48.026243	0	0	0	-1012.105581	0.9579135103	15529.613679064	-1012.105581	0.003615413393			
1009.545581	6	6	88	0.9580758973	0.003518378124		2.373126293	24.06981468	73.55705903				48.89834315	3.165553347	47.9361035	0	0	0	-1009.545581	0.9580758973	16011.9928405542	-1009.545581	0.003518378124			
1006.985581	6	6	88	0.9582334186	0.00342481538		2.363326424	24.04909213	73.58758145				49.05825966	3.093785854	47.84795449	0	0	0	-1006.985581	0.9582334186	16503.637186041	-1006.985581	0.00342481538			
1004.425581	6	6	88	0.9583862723	0.003334564221		2.353531799	24.02792567	73.61854253				49.2145159	3.023746578	47.76173753	0	0	0	-1004.425581	0.9583862723	17004.6645969746	-1004.425581	0.003334564221			
1001.865581	6	6	88	0.9585346457	0.003247472243		2.343740503	24.0063384	73.6499211				49.36721888	2.95538465	47.67739647	0	0	0	-1001.865581	0.9585346457	17515.1810268595	-1001.865581	0.003247472243			
999.3055812	6	6	88	0.9586787167	0.003163395135		2.333950808	23.98435197	73.68169723				49.51647164	2.888651027	47.59487734	0	0	0	-999.3055812	0.9586787167	18035.2946250318	-999.3055812	0.003163395135			
996.7455812	6	6	88	0.9588186538	0.00308219624		2.324161159	23.96198671	73.71385213				49.66237333	2.823498433	47.51412824	0	0	0	-996.7455812	0.9588186538	18565.1508988643	-996.7455812	0.00308219624			
994.1855812	6	6	88	0.9589546167	0.003003746144		2.314370159	23.93926172	73.74636812				49.80501943	2.75988129	47.43509928	0	0	0	-994.1855812	0.9589546167	19104.8747640787	-994.1855812	0.003003746144			
991.6255812	6	6	88	0.9590867572	0.002927922271		2.30457656	23.91619492	73.77922852				49.94450188	2.697755654	47.35774247	0	0	0	-991.6255812	0.9590867572	19654.586686641	-991.6255812	0.002927922271			
989.0655812	6	6	88	0.9592152195	0.002854608507		2.294779247	23.89280314	73.81241762				50.08090921	2.637079158	47.28201163	0	0	0	-989.0655812	0.9592152195	20214.4447103124	-989.0655812	0.002854608507			
986.5055812	6	6	88	0.9593401404	0.002783694837		2.284977234	23.86910221	73.84592056				50.21432671	2.577810947	47.20786234	0	0	0	-986.5055812	0.9593401404	20784.5953327137	-986.5055812	0.002783694837			
983.9455812	6	6	88	0.9594616502	0.002715076996		2.275169649	23.845107	73.87972335				50.34483653	2.519911621	47.13525185	0	0	0	-983.9455812	0.9594616502	21365.1696985601	-983.9455812	0.002715076996			
981.3855812	6	6	88	0.9595798729	0.002648656149		2.26535573	23.8208315	73.91381277				50.47251786	2.463343177	47.06413896	0	0	0	-981.3855812	0.9595798729	21956.354601018	-981.3855812	0.002648656149			
978.8255812	6	6	88	0.9596949262	0.002584338578		2.255534812	23.79628885	73.94817634				50.597447	2.408068952	46.99448405	0	0	0	-978.8255812	0.9596949262	22558.2951202883	-978.8255812	0.002584338578			
976.2655812	6	6	88	0.9598069227	0.002522035394		2.245706323	23.77149142	73.98280225				50.71969753	2.354053573	46.9262489	0	0	0	-976.2655812	0.9598069227	23171.1666079796	-976.2655812	0.002522035394			
973.7055812	6	6	88	0.9599159692	0.002461662259		2.23586978	23.74645086	74.01767936				50.83934039	2.301262903	46.85939671	0	0	0	-973.7055812	0.9599159692	23795.1544757204	-973.7055812	0.002461662259			
971.1455812	6	6	88	0.9600221679	0.002403139126		2.226024773	23.7211781	74.05279713				50.95644402	2.249663991	46.79389199	0	0	0	-971.1455812	0.9600221679	24430.4250308516	-971.1455812	0.002403139126			
968.5855812	6	6	88	0.9601256161	0.002346389999		2.216170972	23.69568345	74.08814558				51.07107443	2.199225024	46.72970054	0	0	0	-968.5855812	0.9601256161	25077.184689377	-968.5855812	0.002346389999			
966.0255812	6	6	88	0.9602264067	0.002291342698		2.20630811	23.66997662	74.12371527				51.18329536	2.149915283	46.66678936	0	0	0	-966.0255812	0.9602264067	25735.6279100912	-966.0255812	0.002291342698			
963.4655812	6	6	88	0.9603246284	0.002237928647		2.196435986	23.64406672	74.1594973				51.2931683	2.101705097	46.6051266	0	0	0	-963.4655812	0.9603246284	26405.9517547691	-963.4655812	0.002237928647			
960.9055812	6	6	88	0.960420366	0.002186082668		2.186554457	23.61796235	74.19548319				51.40075266	2.0545658	46.54468154	0	0	0	-960.9055812	0.960420366	27088.3521246931	-960.9055812	0.002186082668			
958.3455812	6	6	88	0.9605137006	0.002135742788		2.176663434	23.5916716	74.23166497				51.5061058	2.008469692	46.48542451	0	0	0	-958.3455812	0.9605137006	27783.0637064776	-958.3455812	0.002135742788			
955.7855812	6	6	88	0.9606047096	0.002086850063		2.166762878	23.56520208	74.26803504				51.60928314	1.963389999	46.42732686	0	0	0	-955.7855812	0.9606047096	28490.3113608863	-955.7855812	0.002086850063			
953.2255812	6	6	88	0.9606934672	0.002039348408		2.1568528	23.53856096	74.30458624				51.71033826	1.919300836	46.3703609	0	0	0	-953.2255812	0.9606934672	29210.3272064152	-953.2255812	0.002039348408			
950.6655812	6	6	88	0.9607800443	0.001993184435		2.14693325	23.51175497	74.34131178				51.80932293	1.876177172	46.31449989	0	0	0	-950.6655812	0.9607800443	29943.336182181	-950.6655812	0.001993184435			
948.1055812	6	6	88	0.960864509	0.001948307306		2.137004322	23.48479048	74.3782052				51.90628723	1.833994794	46.25971798	0	0	0	-948.1055812	0.960864509	30689.5789103798	-948.1055812	0.001948307306			
945.5455812	6	6	88	0.9609469264	0.001904668596		2.127066144	23.45767345	74.41526041				52.00127958	1.792730275	46.20599014	0	0	0	-945.5455812	0.9609469264	31449.3578559142	-945.5455812	0.001904668596			
942.9855812	6	6	88	0.9610273588	0.001862222153		2.117118882	23.43040949	74.45247163				52.09434685	1.752360945	46.15329221	0	0	0	-942.9855812	0.9610273588	32222.8852093292	-942.9855812	0.001862222153			
940.4255812	6	6	88	0.9611058663	0.001820923982		2.107162733	23.4030039	74.48983337				52.18553438	1.712864856	46.10160077	0	0	0	-940.4255812	0.9611058663	33010.4405640792	-940.4255812	0.001820923982			
937.8655812	6	6	88	0.9611825062	0.001780732125		2.097197923	23.37546163	74.52734044				52.27488607	1.67422076	46.05089317	0	0	0	-937.8655812	0.9611825062	33812.3340773718	-937.8655812	0.001780732125			
935.3055812	6	6	88	0.9612573337	0.001741606551		2.087224707	23.34778737	74.56498792				52.36244446	1.636408075	46.00114747	0	0	0	-935.3055812	0.9612573337	34628.8150069885	-935.3055812	0.001741606551			
932.7455812	6	6	88	0.9613304018	0.001703509054		2.077243365	23.31998549	74.60277114				52.4482507	1.599406863	45.95234244	0	0	0	-932.7455812	0.9613304018	35460.2119912323	-932.7455812	0.001703509054			
930.1855812	6	6	88	0.9614017613	0.001666403258		2.067254205	23.2920601	74.6406857				52.5323447	1.563197804	45.90445749	0	0	0	-930.1855812	0.9614017613	36306.8156386287	-930.1855812	0.001666403258			
927.6255812	6	6	88	0.9614714612	0.001630254113		2.057257549	23.26401507	74.67872738				52.61476514	1.527762172	45.85747268	0	0	0	-927.6255812	0.9614714612	37168.9582960053	-927.6255812	0.001630254113			
925.0655812	6	6	88	0.9615395484	0.001595028435		2.047253744	23.23585405	74.71689221				52.69554952	1.493081812	45.81136867	0	0	0	-925.0655812	0.9615395484	38046.9413587666	-925.0655812	0.001595028435			
922.5055812	6	6	88	0.9616060683	0.001560694406		2.037243155	23.20758041	74.75517643				52.77473417	1.459139119	45.76612671	0	0	0	-922.5055812	0.9616060683	38941.1093103711	-922.5055812	0.001560694406			
919.9455812	6	6	88	0.9616710643	0.001527221599		2.027226165	23.17919736	74.79357648				52.85235439	1.425917013	45.7217286	0	0	0	-919.9455812	0.9616710643	39851.8559640633	-919.9455812	0.001527221599			
917.3855812	6	6	88	0.9617345783	0.001494580911		2.017203172	23.15070786	74.83208897				52.92844437	1.393398925	45.6781567	0	0	0	-917.3855812	0.9617345783	40779.490969135	-917.3855812	0.001494580911			
914.8255812	6	6	88	0.9617966507	0.001462744494		2.007174591	23.1221147	74.87071071				53.00303735	1.361568774	45.63539388	0	0	0	-914.8255812	0.9617966507	41724.3758789935	-914.8255812	0.001462744494			
912.2655812	6	6	88	0.9618573204	0.001431685692		1.99714085	23.09342048	74.90943867				53.07616554	1.33041095	45.59342351	0	0	0	-912.2655812	0.9618573204	42686.8950998421	-912.2655812	0.001431685692			
909.7055812	6	6	88	0.9619166249	0.001401379087		1.987102392	23.0646276	74.94827				53.14786026	1.299910296	45.55222945	0	0	0	-909.7055812	0.9619166249	43667.4985577181	-909.7055812	0.001401379087			
907.1455812	6	6	88	0.9619746002	0.001371800013		1.977059666	23.03573835	74.98720199				53.21815192	1.27005209	45.51179599	0	0	0	-907.1455812	0.9619746002	44666.5822692076	-907.1455812	0.001371800013			
904.5855812	6	6	88	0.9620312812	0.001342925152		1.967013133	23.00675481	75.02623205				53.28707008	1.240822032	45.47210789	0	0	0	-904.5855812	0.9620312812	45684.4879065855	-904.5855812	0.001342925152			
902.0255812	6	6	88	0.9620867016	0.001314732049		1.956963266	22.97767895	75.06535778				53.35464345	1.212206227	45.43315032	0	0	0	-902.0255812	0.9620867016	46745.9635928834	-902.0255812	0.001314732049			
899.4655812	6	6	88	0.9621408394	0.001285908471		1.94685739	22.94872067	75.10442194				53.42083357	1.184219011	45.39494742	0	0	0	-899.4655812	0.9621408394	47801.4249526724	-899.4655812	0.001285908471			
896.9055812	6	6	88	0.9621938357	0.001260327341		1.936802497	22.91946489	75.14373261				53.48580135	1.15679089	45.35740776	0	0	0	-896.9055812	0.9621938357	48854.9444796018	-896.9055812	0.001260327341			
894.3455812	6	6	88	0.9622456654	0.001234053009		1.926745749	22.89012183	75.18313242				53.54950585	1.129937623	45.32055653	0	0	0	-894.3455812	0.9622456654	49952.8973998432	-894.3455812	0.001234053009			
891.7855812	6	6	88	0.9622963575	0.001208376564		1.916687501	22.86069339	75.22261911				53.61197251	1.103646871	45.28438061	0	0	0	-891.7855812	0.9622963575	51072.0828227411	-891.7855812	0.001208376564			
889.2255812	6	6	88	0.9623459404	0.001183283079		1.906628275	22.83118084	75.26219089				53.67322523	1.077906631	45.24886814	0	0	0	-889.2255812	0.9623459404	52212.9119954341	-889.2255812	0.001183283079			
886.6655812	6	6	88	0.9623944414	0.001158754191		1.896568556	22.80158549	75.30184596				53.73329065	1.052704971	45.21400438	0	0	0	-886.6655812	0.9623944414	53375.9897213212	-886.6655812	0.001158754191			
884.1055812	6	6	88	0.9624418869	0.001134773175		1.88650885	22.77190847	75.34158268				53.79219125	1.028030547	45.1797782	0	0	0	-884.1055812	0.9624418869	54561.8261744003	-884.1055812	0.001134773175			
881.5455812	6	6	88	0.9624883025	0.001111323824		1.876449659	22.74215084	75.3813995				53.84995008	1.003872225	45.14617769	0	0	0	-881.5455812	0.9624883025	55770.9932813606	-881.5455812	0.001111323824			
878.9855812	6	6	88	0.9625337129	0.001088390605		1.866391488	22.71231358	75.42129493				53.9065896	0.9802191619	45.11319124	0	0	0	-878.9855812	0.9625337129	57004.0561866066	-878.9855812	0.001088390605			
876.4255812	6	6	88	0.9625781421	0.001065958578		1.856334847	22.68239755	75.4612676				53.9621317	0.9570607965	45.0808075	0	0	0	-876.4255812	0.9625781421	58261.5832065122	-876.4255812	0.001065958578			
873.8655812	6	6	88	0.9626216133	0.001044013374		1.846280248	22.65240355	75.50131621				54.0165977	0.9343868397	45.04901546	0	0	0	-873.8655812	0.9626216133	59544.2674110529	-873.8655812	0.001044013374			
871.3055812	6	6	88	0.9626641489	0.001022541166		1.836228206	22.62233226	75.54143954				54.0700084	0.9121872655	45.01780433	0	0	0	-871.3055812	0.9626641489	60852.5779593392	-871.3055812	0.001022541166			
868.7455812	6	6	88	0.9627057709	0.001001528648		1.826179239	22.59218431	75.58163645				54.12238407	0.8904523015	44.98716363	0	0	0	-868.7455812	0.9627057709	62187.3597888829	-868.7455812	0.001001528648			
866.1855812	6	6	88	0.9627465001	0.0009809630075		1.816133866	22.56196023	75.6219059				54.17374449	0.8691724211	44.95708309	0	0	0	-866.1855812	0.9627465001	63549.173476397	-866.1855812	0.0009809630075			
863.6255812	6	6	88	0.9627863573	0.0009608319091		1.806092605	22.53166049	75.6622469				54.22410895	0.848338335	44.92755272	0	0	0	-863.6255812	0.9627863573	64938.7090173403	-863.6255812	0.0009608319091			
861.0655812	6	6	88	0.9628253621	0.0009411234687		1.79605598	22.50128549	75.70265853				54.27349626	0.8279409833	44.89856275	0	0	0	-861.0655812	0.9628253621	66356.811250984	-861.0655812	0.0009411234687			
858.5055812	6	6	88	0.9628635339	0.0009218262363		1.786024511	22.47083555	75.74313994				54.32192481	0.8079715281	44.87010366	0	0	0	-858.5055812	0.9628635339	67804.1165955136	-858.5055812	0.0009218262363			
855.9455812	6	6	88	0.9629008913	0.0009029291767		1.775998722	22.44031092	75.78369036				54.36941254	0.7884213464	44.84216612	0	0	0	-855.9455812	0.9629008913	69281.3576531854	-855.9455812	0.0009029291767			
853.3855812	6	6	88	0.9629374526	0.0008844216799		1.765979179	22.40971109	75.82430973				54.41597694	0.7692820227	44.81474104	0	0	0	-853.3855812	0.9629374526	70789.2687308043	-853.3855812	0.0008844216799			
850.8255812	6	6	88	0.9629732354	0.0008662934302		1.755966317	22.37903762	75.86499607				54.46163513	0.7505453429	44.78781952	0	0	0	-850.8255812	0.9629732354	72328.9273361506	-850.8255812	0.0008662934302			
848.2655812	6	6	88	0.9630082567	0.0008485346527		1.745960708	22.34828983	75.90574946				54.5064038	0.7322032866	44.76139291	0	0	0	-848.2655812	0.9630082567	73900.9796077958	-848.2655812	0.0008485346527			
845.7055812	6	6	88	0.9630425333	0.0008311356154		1.735962868	22.3174678	75.94656933				54.5502993	0.7142480233	44.73545268	0	0	0	-845.7055812	0.9630425333	75506.2591899889	-845.7055812	0.0008311356154			
843.1455812	6	6	88	0.9630760813	0.000814087201		1.725973317	22.28657148	75.9874552				54.59333757	0.6966719043	44.70999052	0	0	0	-843.1455812	0.9630760813	77145.8566275269	-843.1455812	0.000814087201			
840.5855812	6	6	88	0.9631089164	0.0007973805172		1.715992576	22.2556008	76.02840662				54.63553422	0.6794674579	44.68499832	0	0	0	-840.5855812	0.9631089164	78820.6197562235	-840.5855812	0.0007973805172			
838.0255812	6	6	88	0.9631410539	0.0007810069785		1.706021163	22.22455562	76.06942322				54.67690451	0.6626273833	44.66046811	0	0	0	-838.0255812	0.9631410539	80531.4530639164	-838.0255812	0.0007810069785			
835.4655812	6	6	88	0.9631725087	0.0007649582934		1.696059595	22.19343576	76.11050464				54.71746333	0.6461445461	44.63639212	0	0	0	-835.4655812	0.9631725087	82279.3242470205	-835.4655812	0.0007649582934			
832.9055812	6	6	88	0.9632032953	0.0007492264527		1.686108389	22.162241	76.15165061				54.75722529	0.6300119724	44.61276274	0	0	0	-832.9055812	0.9632032953	84065.5594191331	-832.9055812	0.0007492264527			
830.3455812	6	6	88	0.9632334276	0.0007338037179		1.676168058	22.13097107	76.19286087				54.79620465	0.6142228444	44.58957251	0	0	0	-830.3455812	0.9632334276	85890.9877007515	-830.3455812	0.0007338037179			
827.7855812	6	6	88	0.9632629195	0.0007186826101		1.666239115	22.09962565	76.23413524				54.83441538	0.5987704957	44.56681412	0	0	0	-827.7855812	0.9632629195	87756.392240703	-827.7855812	0.0007186826101			
825.2255812	6	6	88	0.9632917844	0.0007038559		1.656322071	22.06820439	76.27547354				54.87187116	0.5836484062	44.54448043	0	0	0	-825.2255812	0.9632917844	89663.6584818328	-825.2255812	0.0007038559			
822.6655812	6	6	88	0.963320035	0.0006893165976		1.646417432	22.03670689	76.31687567				54.90858537	0.5688501984	44.52256443	0	0	0	-822.6655812	0.963320035	91613.4908780632	-822.6655812	0.0006893165976			
820.1055812	6	6	88	0.9633476843	0.0006750579431		1.636525706	22.00513274	76.35834156				54.94457111	0.5543696326	44.50105926	0	0	0	-820.1055812	0.9633476843	93607.091714896	-820.1055812	0.0006750579431			
817.5455812	6	6	88	0.9633747444	0.0006610733968		1.626647395	21.97348145	76.39987115				54.97984121	0.5402006031	44.47995819	0	0	0	-817.5455812	0.9633747444	95646.1191472879	-817.5455812	0.0006610733968			
814.9855812	6	6	88	0.9634012274	0.000647356633		1.616783001	21.94175253	76.44146447				55.01440825	0.5263371343	44.45925461	0	0	0	-814.9855812	0.9634012274	97731.3639864004	-814.9855812	0.000647356633			
812.4255812	6	6	88	0.9634271451	0.0006339015285		1.606933023	21.90994544	76.48312154				55.04828455	0.5127733768	44.43894207	0	0	0	-812.4255812	0.9634271451	99864.3719651387	-812.4255812	0.0006339015285			
809.8655812	6	6	88	0.9634525089	0.0006207021566		1.597097954	21.8780596	76.52484245				55.08148217	0.4995036037	44.41901422	0	0	0	-809.8655812	0.9634525089	102046.79665235	-809.8655812	0.0006207021566			
807.3055812	6	6	88	0.9634773299	0.0006077527795		1.58727829	21.84609441	76.5666273				55.11401295	0.4865222071	44.39946484	0	0	0	-807.3055812	0.9634773299	104280.002467142	-807.3055812	0.0006077527795			
804.7455812	6	6	88	0.963501619	0.0005950478405		1.577474519	21.81404924	76.60847624				55.14588849	0.473823695	44.38028782	0	0	0	-804.7455812	0.963501619	106565.447991552	-804.7455812	0.0005950478405			
802.1855812	6	6	88	0.9635253868	0.0005825819573		1.56768713	21.78192342	76.65038945				55.17712015	0.4614026875	44.36147716	0	0	0	-802.1855812	0.9635253868	108904.415703482	-802.1855812	0.0005825819573			
799.6255812	6	6	88	0.9635486438	0.0005703499159		1.557916605	21.74971626	76.69236714				55.20771909	0.449253914	44.343027	0	0	0	-799.6255812	0.9635486438	111299.03531252	-799.6255812	0.0005703499159			
797.0655812	6	6	88	0.9635713999	0.0005583466634		1.548163426	21.71742703	76.73440954				55.23769624	0.43737221	44.32493155	0	0	0	-797.0655812	0.9635713999	113750.729430651	-797.0655812	0.0005583466634			
794.5055812	6	6	88	0.9635936652	0.0005465673027		1.538428071	21.68505498	76.77651695				55.26706235	0.4257525141	44.30718514	0	0	0	-794.5055812	0.9635936652	116261.158734633	-794.5055812	0.0005465673027			
791.9455812	6	6	88	0.9636154492	0.0005350070862		1.528711013	21.65259934	76.81868965				55.29582794	0.4143898656	44.2897822	0	0	0	-791.9455812	0.9636154492	118832.458796005	-791.9455812	0.0005350070862			
789.3855812	6	6	88	0.9636367614	0.0005236614107		1.519012726	21.6200593	76.86092798				55.32400334	0.4032794009	44.27271726	0	0	0	-789.3855812	0.9636367614	121466.182480267	-789.3855812	0.0005236614107			
786.8255812	6	6	88	0.963657611	0.0005125258116		1.509333676	21.58743402	76.9032323				55.3515987	0.3924163516	44.25598495	0	0	0	-786.8255812	0.963657611	124164.483846631	-786.8255812	0.0005125258116			
784.2655812	6	6	88	0.963678007	0.0005015959581		1.499674328	21.55472266	76.94560302				55.37862398	0.3817960418	44.23957998	0	0	0	-784.2655812	0.963678007	126929.369910465	-784.2655812	0.0005015959581			
781.7055812	6	6	88	0.9636979582	0.0004908676483		1.490035144	21.52192432	76.98804053				55.40508895	0.3714138854	44.22349716	0	0	0	-781.7055812	0.9636979582	129762.962921065	-781.7055812	0.0004908676483			
779.1455812	6	6	88	0.9637174732	0.0004803368044		1.480416581	21.48903812	77.0305453				55.43100323	0.3612653836	44.20773138	0	0	0	-779.1455812	0.9637174732	132667.511114903	-779.1455812	0.0004803368044			
776.5855812	6	6	88	0.9637365604	0.0004699994683		1.470819093	21.45606312	77.07311779				55.45637625	0.3513461232	44.19227763	0	0	0	-776.5855812	0.9637365604	135644.64973716	-776.5855812	0.0004699994683			
774.0255812	6	6	88	0.9637552282	0.000459851797		1.461243132	21.42299836	77.11575851				55.48121727	0.3416517736	44.17713096	0	0	0	-774.0255812	0.9637552282	138697.272535864	-774.0255812	0.000459851797			
771.4655812	6	6	88	0.9637734845	0.0004498900589		1.451689145	21.38984289	77.15846797				55.5055354	0.3321780854	44.16228652	0	0	0	-771.4655812	0.9637734845	141828.337997622	-771.4655812	0.0004498900589			
768.9055812	6	6	88	0.9637913372	0.0004401106295		1.442157575	21.35659569	77.20124673				55.52933959	0.3229208875	44.14773953	0	0	0	-768.9055812	0.9637913372	145039.502799183	-768.9055812	0.0004401106295			
766.3455812	6	6	88	0.9638087941	0.0004305099876		1.432648862	21.32325576	77.24409538				55.55263863	0.313876086	44.13348528	0	0	0	-766.3455812	0.9638087941	148333.707473549	-766.3455812	0.0004305099876			
763.7855812	6	6	88	0.9638258627	0.0004210847117		1.423163444	21.28982206	77.2870145				55.57544119	0.3050396615	44.11951915	0	0	0	-763.7855812	0.9638258627	151714.019894832	-763.7855812	0.0004210847117			
761.2255812	6	6	88	0.9638425504	0.0004118314764		1.413701753	21.25629352	77.33000473				55.59775575	0.2964076676	44.10583659	0	0	0	-761.2255812	0.9638425504	155182.822883595	-761.2255812	0.0004118314764			
758.6655812	6	6	88	0.9638588645	0.0004027470491		1.404264219	21.22266907	77.37306671				55.61959067	0.2879762289	44.0924331	0	0	0	-758.6655812	0.9638588645	158743.082031747	-758.6655812	0.0004027470491			
756.1055812	6	6	88	0.9638748121	0.0003938282865		1.394851267	21.1889476	77.41620113				55.64095419	0.2797415394	44.07930427	0	0	0	-756.1055812	0.9638748121	162398.421490294	-756.1055812	0.0003938282865			
753.5455812	6	6	88	0.9638904001	0.0003850721318		1.385463321	21.155128	77.45940868				55.66185439	0.2716998607	44.06644575	0	0	0	-753.5455812	0.9638904001	166151.610645781	-753.5455812	0.0003850721318			
750.9855812	6	6	88	0.9639056354	0.0003764756112		1.376100798	21.12120912	77.50269009				55.68229922	0.2638475206	44.05385325	0	0	0	-750.9855812	0.9639056354	170006.201795591	-750.9855812	0.0003764756112			
748.4255812	6	6	88	0.9639205246	0.0003680358314		1.366764113	21.0871898	77.54604609				55.70229653	0.256180911	44.04152256	0	0	0	-748.4255812	0.9639205246	173965.190451987	-748.4255812	0.0003680358314			
745.8655812	6	6	88	0.9639350744	0.0003597499768		1.357453679	21.05306886	77.58947746				55.721854	0.2486964869	44.02944951	0	0	0	-745.8655812	0.9639350744	178032.544757538	-745.8655812	0.0003597499768			
743.3055812	6	6	88	0.9639492911	0.0003516153063		1.348169903	21.0188451	77.632985				55.74097924	0.2413907645	44.01763	0	0	0	-743.3055812	0.9639492911	182212.880321108	-743.3055812	0.0003516153063			
740.7455812	6	6	88	0.963963181	0.0003436291512		1.33891319	20.9845173	77.67656951				55.75967969	0.2342603202	44.00605999	0	0	0	-740.7455812	0.963963181	186508.585411027	-740.7455812	0.0003436291512			
738.1855812	6	6	88	0.9639767504	0.0003357889124		1.32968394	20.95008422	77.72023184				55.77796271	0.2273017887	43.9947355	0	0	0	-738.1855812	0.9639767504	190924.192257874	-738.1855812	0.0003357889124			
735.6255812	6	6	88	0.9639900053	0.0003280920584		1.320482551	20.9155446	77.76397285				55.79583554	0.2205118622	43.9836526	0	0	0	-735.6255812	0.9639900053	195465.120829806	-735.6255812	0.0003280920584			
733.0655812	6	6	88	0.9640029516	0.0003205361221		1.311309416	20.88089716	77.80779343				55.8133053	0.2138872887	43.97280741	0	0	0	-733.0655812	0.9640029516	200134.116814271	-733.0655812	0.0003205361221			
730.5055812	6	6	88	0.9640155953	0.0003131186995		1.302164927	20.8461406	77.85169447				55.83037901	0.2074248708	43.96219612	0	0	0	-730.5055812	0.9640155953	204937.416402944	-730.5055812	0.0003131186995			
727.9455812	6	6	88	0.9640279419	0.0003058374472		1.293049471	20.8112736	77.89567693				55.84706358	0.2011214647	43.95181496	0	0	0	-727.9455812	0.9640279419	209878.635245159	-727.9455812	0.0003058374472			
725.3855812	6	6	88	0.9640399973	0.0002986900798		1.28396343	20.77629483	77.93974174				55.86336581	0.1949739788	43.94166021	0	0	0	-725.3855812	0.9640399973	214962.171698221	-725.3855812	0.0002986900798			
722.8255812	6	6	88	0.9640517669	0.0002916743685		1.274907186	20.74120293	77.98388988				55.87929243	0.1889793727	43.9317282	0	0	0	-722.8255812	0.9640517669	220195.731727499	-722.8255812	0.0002916743685			
720.2655812	6	6	88	0.9640632561	0.000284788139		1.265881114	20.70599652	78.02812236				55.89485003	0.183134656	43.92201532	0	0	0	-720.2655812	0.9640632561	225584.109792427	-720.2655812	0.000284788139			
717.7055812	6	6	88	0.9640744702	0.0002780292695		1.25688559	20.67067421	78.0724402				55.91004512	0.1774368875	43.91251799	0	0	0	-717.7055812	0.9640744702	231232.721445406	-717.7055812	0.0002780292695			
717.5455812	6	6	88	0.9640751616	1.714560353E-05		1.256324908	20.66845981	78.07521528				55.91098221	0.1770855511	43.91193224	0	0	0	-717.5455812	0.9640751616	231638.088409701	-717.5455812	1.714560353E-05			
717.4655812	6	6	88	0.9640755068	8.561539725E-06		1.256044372	20.66735378	78.07660185				55.91145014	0.176910127	43.91163973	0	0	0	-717.4655812	0.9640755068	231749.710233456	-717.4655812	8.561539725E-06			
717.4455812	6	6	88	0.9640755931	2.139333418E-06		1.255974238	20.66707726	78.0769485				55.91156707	0.1768662954	43.91156664	0	0	0	-717.4455812	0.9640755931	224359.005565725	-717.4455812	2.139333418E-06			
717.4255812	6	6	88	0.9640781205	1.68123464E-06	6.567593737E-05	1.255549189	20.66880404	78.07564677	40.98220744	0.1793558113	58.83843675	55.91263954	0.1768319938	43.91052847	0	0	0	-717.4255812	0.9640781205	12914.7570668287	-717.4255812	1.68123464E-06	6.567593737E-05	-0.00648106949983065	
717.4055812	6	6	88	0.9640794131	1.904825956E-06	3.245762434E-05	1.255303863	20.66951661	78.07517952	40.98447609	0.1792838293	58.83624008	55.9132282	0.1767928773	43.90997892	0	0	0	-717.4055812	0.9640794131	15447.3636722596	-717.4055812	1.904825956E-06	3.245762434E-05	5.02124561901155	
717.3655812	6	6	88	0.9640820111	3.837421231E-06	6.524201214E-05	1.254811313	20.67095319	78.07423549	40.98903542	0.1791396311	58.83182495	55.91441118	0.1767147126	43.9088741	0	0	0	-717.3655812	0.9640820111	15393.2028113225	-717.3655812	3.837421231E-06	6.524201214E-05	0.0588475076556398	
717.2855812	6	6	88	0.9640872104	7.66970331E-06	0.0001305881135	1.253826539	20.67382694	78.07234652	40.9981567	0.1788514996	58.8229918	55.91677757	0.1765584643	43.90666396	0	0	0	-717.2855812	0.9640872104	15376.4126180645	-717.2855812	7.66970331E-06	0.0001305881135	0.0582060533666378	
717.1255812	6	6	88	0.9640976299	1.519745485E-05	0.0002619118966	1.25185825	20.67957704	78.06856471	41.01641534	0.1782760927	58.80530857	55.92151226	0.1762462906	43.90224145	0	0	0	-717.1255812	0.9640976299	15343.6883325199	-717.1255812	1.519745485E-05	0.0002619118966	0.0573495096410246	
716.8055812	6	6	88	0.9641185185	3.032482322E-05	0.000525433943	1.247926682	20.69108786	78.06098546	41.05299379	0.1771288417	58.76987737	55.93098796	0.1756232906	43.89338874	0	0	0	-716.8055812	0.9641185185	15294.13445082	-716.8055812	3.032482322E-05	0.000525433943	0.0570988169263586	
716.1655812	6	6	88	0.9641605038	6.037959526E-05	0.001057551659	1.240083548	20.71415232	78.04576413	41.12639725	0.1748485537	58.69875419	55.9499681	0.174382476	43.87564942	0	0	0	-716.1655812	0.9641605038	15192.8821068158	-716.1655812	6.037959526E-05	0.001057551659	0.0558832686166674	
714.8855812	6	6	88	0.9642453239	0.0001196799363	0.002142370929	1.224476548	20.76045846	78.01506499	41.27420775	0.1703445107	58.55544774	55.98804482	0.171921632	43.84003355	0	0	0	-714.8855812	0.9642453239	14988.5112873816	-714.8855812	0.0001196799363	0.002142370929	0.0535219463059184	
712.3255812	6	6	88	0.9644185344	0.0002351005527	0.00439903141	1.193575772	20.85381546	77.95260877	41.57398577	0.1615600063	58.26445423	56.06469023	0.1670823467	43.76822743	0	0	0	-712.3255812	0.9644185344	14614.5297994591	-712.3255812	0.0002351005527	0.00439903141	-0.0339964544214739	
709.7655812	6	6	88	0.9645957518	0.000229625844	0.004538485906	1.163084302	20.94824283	77.88867287	41.87959039	0.1530688436	57.96734077	56.14204475	0.162351533	43.69560372	0	0	0	-709.7655812	0.9645957518	14275.2403981522	-709.7655812	0.000229625844	0.004538485906	-0.0374853579158775	
707.2055812	6	6	88	0.964777302	0.0002242804684	0.004688740741	1.132992089	21.04384019	77.82316772	42.19138975	0.1448653395	57.66374492	56.22017705	0.15772753	43.62209542	0	0	0	-707.2055812	0.964777302	13925.281150026	-707.2055812	0.0002242804684	0.004688740741	-0.0338959812728267	
704.6455812	6	6	88	0.9649635483	0.0002190721429	0.004851087908	1.103288865	21.14071628	77.75599485	42.5097845	0.1369438798	57.35327162	56.29916239	0.1532086925	43.54762892	0	0	0	-704.6455812	0.9649635483	13564.4577691802	-704.6455812	0.0002190721429	0.004851087908	-0.0305139229131876	
702.0855812	6	6	88	0.9651548969	0.0002140018323	0.005027048729	1.073964077	21.23899032	77.6870456	42.83521258	0.1292989093	57.03548851	56.37908346	0.1487933921	43.47212314	0	0	0	-702.0855812	0.9651548969	13192.5765600664	-702.0855812	0.0002140018323	0.005027048729	-0.0273550812166754	
699.5255812	6	6	88	0.9653518045	0.0002090710907	0.005218404254	1.045006816	21.33879354	77.61619964	43.16815439	0.121924925	56.70992069	56.46003151	0.1444800182	43.39548847	0	0	0	-699.5255812	0.9653518045	12809.4317174107	-699.5255812	0.0002090710907	0.005218404254	-0.0244107545829906	
696.9655812	6	6	88	0.9655547869	0.0002042821782	0.005427253045	1.016405737	21.44027099	77.54332327	43.50913898	0.1148164695	56.37604455	56.54210761	0.1402669782	43.31762541	0	0	0	-696.9655812	0.9655547869	12414.8227383068	-696.9655812	0.0002042821782	0.005427253045	-0.0216723398319603	
694.4055812	6	6	88	0.9657644297	0.0001996382105	0.005656084209	0.988148955	21.54358378	77.46826727	43.85875026	0.1079681344	56.0332816	56.62542429	0.1361526984	43.23842301	0	0	0	-694.4055812	0.9657644297	12008.5507055117	-694.4055812	0.0001996382105	0.005656084209	-0.0191312578622946	
691.8455812	6	6	88	0.9659814015	0.0001951433713	0.005907874365	0.9602239282	21.64891171	77.39086436	44.21764093	0.1013745054	55.68098456	56.71010741	0.1321356245	43.15775697	0	0	0	-691.8455812	0.9659814015	11590.4240414165	-691.8455812	0.0001951433713	0.005907874365	-0.0167790834037584	
689.2855812	6	6	88	0.9662064702	0.0001908031493	0.006186208254	0.9326173105	21.75645657	77.31092612	44.58653577	0.09503022443	55.318434	56.79629848	0.1282142226	43.0754873	0	0	0	-689.2855812	0.9662064702	11160.2531599284	-689.2855812	0.0001908031493	0.006186208254	-0.014607612823339	
686.7255812	6	6	88	0.966440524	0.0001866246981	0.006495444215	0.9053147717	21.86644612	77.22823911	44.96625017	0.08892993014	54.9448199	56.88415759	0.1243869807	42.99145543	0	0	0	-686.7255812	0.966440524	10717.8465536111	-686.7255812	0.0001866246981	0.006495444215	-0.0126086756024416	
684.1655812	6	6	88	0.9666845979	0.0001826172939	0.006840932281	0.8783007733	21.97913909	77.14256014	45.35770541	0.08306825749	54.55922633	56.97386695	0.12065241	42.90548064	0	0	0	-684.1655812	0.9666845979	10263.0286457797	-684.1655812	0.0001826172939	0.006840932281	-0.0107742866212896	
681.6055812	6	6	88	0.9669399074	0.0001787929663	0.00722931103	0.8515582866	22.09483149	77.05361023	45.76194948	0.07743982256	54.1606107	57.06563547	0.1170090467	42.81735549	0	0	0	-681.6055812	0.9669399074	9795.62814472057	-681.6055812	0.0001787929663	0.00722931103	-0.00909661782621237	
679.0455812	6	6	88	0.9672078939	0.0001751673707	0.007668917298	0.825068432	22.21386462	76.96106695	46.18018351	0.07203920362	53.74777728	57.15970446	0.1134554545	42.72684008	0	0	0	-679.0455812	0.9672078939	9315.48165687771	-679.0455812	0.0001751673707	0.007668917298	-0.00756800583489659	
676.4855812	6	6	88	0.9674902834	0.0001717610182	0.008170362014	0.798810012	22.33663544	76.86455455	46.6137959	0.06686091738	53.31934318	57.2563552	0.1099902275	42.63365458	0	0	0	-676.4855812	0.9674902834	8822.43730239082	-676.4855812	0.0001717610182	0.008170362014	-0.00618095525011493	
673.9255812	6	6	88	0.9677891678	0.0001686010467	0.008747356167	0.7727588957	22.46361017	76.76363094	47.06440683	0.06189938814	52.87369378	57.35591867	0.1066119947	42.53746934	0	0	0	-673.9255812	0.9677891678	8316.35189560043	-673.9255812	0.0001686010467	0.008747356167	-0.00492814227508117	
671.3655812	6	6	88	0.9681071151	0.0001657238257	0.009417923125	0.7468871946	22.59534245	76.65777035	47.53392765	0.05714890694	52.40892345	57.45878873	0.1033194247	42.43789185	0	0	0	-671.3655812	0.9681071151	7797.10113592846	-671.3655812	0.0001657238257	0.009417923125	-0.00380241720606803	
668.8055812	6	6	88	0.9684473267	0.0001631788948	0.01020622525	0.7211621335	22.73249815	76.54633971	48.02464146	0.05260357581	51.92275496	57.56544003	0.1001112335	42.33444874	0	0	0	-668.8055812	0.9684473267	7264.56933197571	-668.8055812	0.0001631788948	0.01020622525	-0.00279680382879885	
666.2455812	6	6	88	0.9688138642	0.000161035096	0.01114540025	0.69554447	22.87588986	76.42856567	48.53931524	0.04825722947	51.41242754	57.67645299	0.09698619446	42.22656081	0	0	0	-666.2455812	0.9688138642	6718.65906599186	-666.2455812	0.000161035096	0.01114540025	-0.00190449983520649	
663.6855812	6	6	88	0.9692119887	0.0001593904629	0.01228212231	0.6699862196	23.02652636	76.30348742	49.08135977	0.04410332202	50.87453691	57.79254968	0.09394315264	42.11350717	0	0	0	-663.6855812	0.9692119887	6159.29178159416	-663.6855812	0.0001593904629	0.01228212231	-0.00111887421474524	
661.1255812	6	6	88	0.9696486854	0.0001583888436	0.01368424591	0.6444272772	23.18568575	76.16988697	49.65506543	0.04013475683	50.30479981	57.91464681	0.09098104605	41.99437215	0	0	0	-661.1255812	0.9696486854	5586.40580238252	-661.1255812	0.0001583888436	0.01368424591	-0.000433459689223786	
658.5655812	6	6	88	0.9701335134	0.0001582492656	0.01545426667	0.6187902049	23.35502763	76.02618217	50.26596457	0.03634360903	49.69769182	58.04393722	0.0880989379	41.86796384	0	0	0	-658.5655812	0.9701335134	4999.95741767161	-658.5655812	0.0001582492656	0.01545426667	0.000158040888847254	
656.0055812	6	6	88	0.9706800527	0.000159320928	0.01775447436	0.5929718113	23.53677339	75.8702548	50.92140322	0.03272073563	49.04587605	58.18202098	0.08529606815	41.73268295	0	0	0	-656.0055812	0.9706800527	4399.93022594718	-656.0055812	0.000159320928	0.01775447436	0.000661768807815856	
653.4455812	6	6	88	0.9713085444	0.0001621945647	0.02085769151	0.5668287419	23.73401315	75.6991581	51.63152851	0.02925496082	48.33921653	58.33112861	0.08257194042	41.58629945	0	0	0	-653.4455812	0.9713085444	3786.34240649776	-653.4455812	0.0001621945647	0.02085769151	0.00108374539183663	
650.8855812	6	6	88	0.9720511434	0.0001679505708	0.02525998922	0.5401509195	23.95126832	75.50858076	52.41108458	0.02593164542	47.56298377	58.49453084	0.07992647998	41.42554268	0	0	0	-650.8855812	0.9720511434	3159.30562723548	-650.8855812	0.0001679505708	0.02525998922	0.00142985706406344	
648.3255812	6	6	88	0.9729636891	0.0001787892294	0.03196606532	0.5126074624	24.19563064	75.2917619	53.28302446	0.02272977921	46.69424576	58.67736894	0.07736035029	41.24527071	0	0	0	-648.3255812	0.9729636891	2519.24194571165	-648.3255812	0.0001787892294	0.03196606532	0.00170705397034523	
645.7655812	6	6	88	0.9741571152	0.0002000037265	0.04336321037	0.4836198771	24.4794187	75.03696143	54.2869189	0.01961490174	45.6934662	58.88859338	0.07487567993	41.03653094	0	0	0	-645.7655812	0.9741571152	1868.09769456813	-645.7655812	0.0002000037265	0.04336321037	0.00192046087796024	
643.2055812	6	6	88	0.975908647	0.0002479415513	0.06683759053	0.4519884384	24.82795165	74.72005992	55.50352505	0.01651768915	44.47995726	59.14664147	0.07247817623	40.78088036	0	0	0	-643.2055812	0.975908647	1218.72563800601	-643.2055812	0.0002479415513	0.06683759053	0.00207281645953321	
640.6455812	6	6	88	0.9793806317	0.0004129876525	0.1428210417	0.4141901634	25.31474156	74.27106828	57.16555684	0.01323433695	42.82120882	59.50517254	0.0701864895	40.42464097	0	0	0	-640.6455812	0.9793806317	561.742832967341	-640.6455812	0.0004129876525	0.1428210417	-0.0126068716757238	
640.0055812	6	6	88	0.9806694951	0.0001614529312	0.06200349653	0.4023642354	25.48726956	74.11036621	57.74272623	0.01230128816	42.24497248	59.63187539	0.06963773149	40.29848688	0	0	0	-640.0055812	0.9806694951	419.883150958555	-640.0055812	0.0001614529312	0.06200349653	0.000628541318923625	
639.3655812	6	6	88	0.9828963508	0.0002791297015	0.1144952244	0.38794328	25.71392774	73.89812898	58.49066222	0.01122472351	41.49811306	59.79814349	0.06910745018	40.13274906	0	0	0	-639.3655812	0.9828963508	222.14359070897	-639.3655812	0.0002791297015	0.1144952244	0.00784334846706149	
639.0455812	6	6	88	0.9848302038	0.0002639196871	0.1125019428	0.3784649146	25.87407034	73.74746475	59.01174846	0.01055397195	40.97769757	59.91553407	0.06885609914	40.01560983	0	0	0	-639.0455812	0.9848302038	129.07168879232	-639.0455812	0.0002639196871	0.1125019428	0.00648525581210501	
638.8855812	6	6	88	0.986454662	0.0002456517248	0.1066289597	0.3722066112	25.98530079	73.6424926	59.36997566	0.01012720158	40.61989714	59.99704702	0.06873887884	39.9342141	0	0	0	-638.8855812	0.986454662	78.0784911379851	-638.8855812	0.0002456517248	0.1066289597	0.0028898607358715	
638.8055812	6	6	88	0.987748891	0.00021750348	0.09518642368	0.368123819	26.06042342	73.57145276	59.61017099	0.009855718678	40.37997329	60.05209352	0.06868540093	39.87922108	0	0	0	-638.8055812	0.987748891	50.2587315317846	-638.8055812	0.00021750348	0.09518642368	0.0024056241808545	
638.7655812	6	6	88	0.988708261	0.0001776424364	0.07803580069	0.3655316783	26.10923207	73.52523626	59.76546652	0.009686208537	40.22484727	60.08786059	0.06866154166	39.84347787	0	0	0	-638.7655812	0.988708261	34.7560158125565	-638.7655812	0.0001776424364	0.07803580069	0.00233762852800622	
638.7255812	6	6	88	0.9906180498	0.0003829785329	0.1686294343	0.3620200945	26.17680038	73.46117953	59.97944093	0.009460125065	40.01109895	60.13737042	0.06864255008	39.79398703	0	0	0	-638.7255812	0.9906180498	16.067406117744	-638.7255812	0.0003829785329	0.1686294343	0.00211269605281723	
638.7155812	6	6	88	0.9913183863	0.0001688959655	0.07443131259	0.3608003902	26.2006676	73.43853201	60.05475136	0.009382546944	39.93586609	60.15486104	0.06863957573	39.77649939	0	0	0	-638.7155812	0.9913183863	11.9628408161817	-638.7155812	0.0001688959655	0.07443131259	0.00225160119201061	
638.7055812	6	6	88	0.9926295436	0.0003417572194	0.1506267982	0.3591625966	26.23305703	73.40778038	60.15671036	0.009279162718	39.83401048	60.17859653	0.06863879026	39.75276468	0	0	0	-638.7055812	0.9926295436	6.88480735397684	-638.7055812	0.0003417572194	0.1506267982	0.00226881533908267	
638.6855812	6	6	88	1	0.0022652008	0.9977347992	0.3566539717	26.28328864	73.36005739	60.3144129	0.009122522653	39.67646458							-638.6855812	1	2.7135361658176	-638.6855812	0.0022652008	0.9977347992	0.00227060018123946	
638.6655812	6	6	88	1	0.0022652008	0.9977347992	0.3566539717	26.28328864	73.36005739	60.3144129	0.009122522653	39.67646458							-638.6655812	1	NaN	-638.6655812	0.0022652008	0.9977347992	NaN	
638.6255812	6	6	88	1	0.0022652008	0.9977347992	0.3566539717	26.28328864	73.36005739	60.3144129	0.009122522653	39.67646458							-638.6255812	1	NaN	-638.6255812	0.0022652008	0.9977347992	NaN	
638.5455812	6	6	88	1	0.0022652008	0.9977347992	0.3566539717	26.28328864	73.36005739	60.3144129	0.009122522653	39.67646458							-638.5455812	1	NaN	-638.5455812	0.0022652008	0.9977347992	NaN	
638.3855812	6	6	88	1	0.0022652008	0.9977347992	0.3566539717	26.28328864	73.36005739	60.3144129	0.009122522653	39.67646458							-638.3855812	1	NaN	-638.3855812	0.0022652008	0.9977347992	NaN	
638.0655812	6	6	88	1	0.0022652008	0.9977347992	0.3566539717	26.28328864	73.36005739	60.3144129	0.009122522653	39.67646458							-638.0655812	1	NaN	-638.0655812	0.0022652008	0.9977347992	NaN	
637.4255812	6	6	88	1	0.0022652008	0.9977347992	0.3566539717	26.28328864	73.36005739	60.3144129	0.009122522653	39.67646458							-637.4255812	1	NaN	-637.4255812	0.0022652008	0.9977347992	NaN	
636.1455812	6	6	88	1	0.0022652008	0.9977347992	0.3566539717	26.28328864	73.36005739	60.3144129	0.009122522653	39.67646458							-636.1455812	1	NaN	-636.1455812	0.0022652008	0.9977347992	NaN	
633.5855812	6	6	88	1	0.0022652008	0.9977347992	0.3566539717	26.28328864	73.36005739	60.3144129	0.009122522653	39.67646458							-633.5855812	1	NaN	-633.5855812	0.0022652008	0.9977347992	NaN	
628.4655812	6	6	88	1	0.0022652008	0.9977347992	0.3566539717	26.28328864	73.36005739	60.3144129	0.009122522653	39.67646458							-628.4655812	1	NaN	-628.4655812	0.0022652008	0.9977347992	NaN	
623.3455812	6	6	88	1	0.0022652008	0.9977347992	0.3566539717	26.28328864	73.36005739	60.3144129	0.009122522653	39.67646458							-623.3455812	1	NaN	-623.3455812	0.0022652008	0.9977347992	NaN	
618.2255812	6	6	88	1	0.0022652008	0.9977347992	0.3566539717	26.28328864	73.36005739	60.3144129	0.009122522653	39.67646458							-618.2255812	1	NaN	-618.2255812	0.0022652008	0.9977347992	NaN	
613.1055812	6	6	88	1	0.0022652008	0.9977347992	0.3566539717	26.28328864	73.36005739	60.3144129	0.009122522653	39.67646458							-613.1055812	1	NaN	-613.1055812	0.0022652008	0.9977347992	NaN	
607.9855812	6	6	88	1	0.0022652008	0.9977347992	0.3566539717	26.28328864	73.36005739	60.3144129	0.009122522653	39.67646458							-607.9855812	1	NaN	-607.9855812	0.0022652008	0.9977347992	NaN	
602.8655812	6	6	88	1	0.0022652008	0.9977347992	0.3566539717	26.28328864	73.36005739	60.3144129	0.009122522653	39.67646458							-602.8655812	1	NaN	-602.8655812	0.0022652008	0.9977347992	NaN	
597.7455812	6	6	88	1	0.0022652008	0.9977347992	0.3566539717	26.28328864	73.36005739	60.3144129	0.009122522653	39.67646458							-597.7455812	1	NaN	-597.7455812	0.0022652008	0.9977347992	NaN	
592.6255812	6	6	88	1	0.0022652008	0.9977347992	0.3566539717	26.28328864	73.36005739	60.3144129	0.009122522653	39.67646458							-592.6255812	1	NaN	-592.6255812	0.0022652008	0.9977347992	NaN	
587.5055812	6	6	88	1	0.0022652008	0.9977347992	0.3566539717	26.28328864	73.36005739	60.3144129	0.009122522653	39.67646458							-587.5055812	1	NaN	-587.5055812	0.0022652008	0.9977347992	NaN	
582.3855812	6	6	88	1	0.0022652008	0.9977347992	0.3566539717	26.28328864	73.36005739	60.3144129	0.009122522653	39.67646458							-582.3855812	1	NaN	-582.3855812	0.0022652008	0.9977347992	NaN	
577.2655812	6	6	88	1	0.0022652008	0.9977347992	0.3566539717	26.28328864	73.36005739	60.3144129	0.009122522653	39.67646458							-577.2655812	1	NaN	-577.2655812	0.0022652008	0.9977347992	NaN	
572.1455812	6	6	88	1	0.0022652008	0.9977347992	0.3566539717	26.28328864	73.36005739	60.3144129	0.009122522653	39.67646458							-572.1455812	1	NaN	-572.1455812	0.0022652008	0.9977347992	NaN	
567.0255812	6	6	88	1	0.0022652008	0.9977347992	0.3566539717	26.28328864	73.36005739	60.3144129	0.009122522653	39.67646458							-567.0255812	1	NaN	-567.0255812	0.0022652008	0.9977347992	NaN	
561.9055812	6	6	88	1	0.0022652008	0.9977347992	0.3566539717	26.28328864	73.36005739	60.3144129	0.009122522653	39.67646458							-561.9055812	1	NaN	-561.9055812	0.0022652008	0.9977347992	NaN	
556.7855812	6	6	88	1	0.0022652008	0.9977347992	0.3566539717	26.28328864	73.36005739	60.3144129	0.009122522653	39.67646458							-556.7855812	1	NaN	-556.7855812	0.0022652008	0.9977347992	NaN	
551.6655812	6	6	88	1	0.0022652008	0.9977347992	0.3566539717	26.28328864	73.36005739	60.3144129	0.009122522653	39.67646458							-551.6655812	1	NaN	-551.6655812	0.0022652008	0.9977347992	NaN	
546.5455812	6	6	88	1	0.0022652008	0.9977347992	0.3566539717	26.28328864	73.36005739	60.3144129	0.009122522653	39.67646458							-546.5455812	1	NaN	-546.5455812	0.0022652008	0.9977347992	NaN	
541.4255812	6	6	88	1	0.0022652008	0.9977347992	0.3566539717	26.28328864	73.36005739	60.3144129	0.009122522653	39.67646458							-541.4255812	1	NaN	-541.4255812	0.0022652008	0.9977347992	NaN	
536.3055812	6	6	88	1	0.0022652008	0.9977347992	0.3566539717	26.28328864	73.36005739	60.3144129	0.009122522653	39.67646458							-536.3055812	1	NaN	-536.3055812	0.0022652008	0.9977347992	NaN	
531.1855812	6	6	88	1	0.0022652008	0.9977347992	0.3566539717	26.28328864	73.36005739	60.3144129	0.009122522653	39.67646458							-531.1855812	1	NaN	-531.1855812	0.0022652008	0.9977347992	NaN	
526.0655812	6	6	88	1	0.0022652008	0.9977347992	0.3566539717	26.28328864	73.36005739	60.3144129	0.009122522653	39.67646458							-526.0655812	1	NaN	-526.0655812	0.0022652008	0.9977347992	NaN	
520.9455812	6	6	88	1	0.0022652008	0.9977347992	0.3566539717	26.28328864	73.36005739	60.3144129	0.009122522653	39.67646458							-520.9455812	1	NaN	-520.9455812	0.0022652008	0.9977347992	NaN	
515.8255812	6	6	88	1	0.0022652008	0.9977347992	0.3566539717	26.28328864	73.36005739	60.3144129	0.009122522653	39.67646458							-515.8255812	1	NaN	-515.8255812	0.0022652008	0.9977347992	NaN	
510.7055812	6	6	88	1	0.0022652008	0.9977347992	0.3566539717	26.28328864	73.36005739	60.3144129	0.009122522653	39.67646458							-510.7055812	1	NaN	-510.7055812	0.0022652008	0.9977347992	NaN	
505.5855812	6	6	88	1	0.0022652008	0.9977347992	0.3566539717	26.28328864	73.36005739	60.3144129	0.009122522653	39.67646458							-505.5855812	1	NaN	-505.5855812	0.0022652008	0.9977347992	NaN	
500.4655812	6	6	88	1	0.0022652008	0.9977347992	0.3566539717	26.28328864	73.36005739	60.3144129	0.009122522653	39.67646458							-500.4655812	1	NaN	-500.4655812	0.0022652008	0.9977347992	NaN	
495.3455812	6	6	88	1	0.0022652008	0.9977347992	0.3566539717	26.28328864	73.36005739	60.3144129	0.009122522653	39.67646458							-495.3455812	1	NaN	-495.3455812	0.0022652008	0.9977347992	NaN	
490.2255812	6	6	88	1	0.0022652008	0.9977347992	0.3566539717	26.28328864	73.36005739	60.3144129	0.009122522653	39.67646458							-490.2255812	1	NaN	-490.2255812	0.0022652008	0.9977347992	NaN	
485.1055812	6	6	88	1	0.0022652008	0.9977347992	0.3566539717	26.28328864	73.36005739	60.3144129	0.009122522653	39.67646458							-485.1055812	1	NaN	-485.1055812	0.0022652008	0.9977347992	NaN	
479.9855812	6	6	88	1	0.0022652008	0.9977347992	0.3566539717	26.28328864	73.36005739	60.3144129	0.009122522653	39.67646458							-479.9855812	1	NaN	-479.9855812	0.0022652008	0.9977347992	NaN	
474.8655812	6	6	88	1	0.0022652008	0.9977347992	0.3566539717	26.28328864	73.36005739	60.3144129	0.009122522653	39.67646458							-474.8655812	1	NaN	-474.8655812	0.0022652008	0.9977347992	NaN	
469.7455812	6	6	88	1	0.0022652008	0.9977347992	0.3566539717	26.28328864	73.36005739	60.3144129	0.009122522653	39.67646458							-469.7455812	1	NaN	-469.7455812	0.0022652008	0.9977347992	NaN	
464.6255812	6	6	88	1	0.0022652008	0.9977347992	0.3566539717	26.28328864	73.36005739	60.3144129	0.009122522653	39.67646458							-464.6255812	1	NaN	-464.6255812	0.0022652008	0.9977347992	NaN	
459.5055812	6	6	88	1	0.0022652008	0.9977347992	0.3566539717	26.28328864	73.36005739	60.3144129	0.009122522653	39.67646458							-459.5055812	1	NaN	-459.5055812	0.0022652008	0.9977347992	NaN	
454.3855812	6	6	88	1	0.0022652008	0.9977347992	0.3566539717	26.28328864	73.36005739	60.3144129	0.009122522653	39.67646458							-454.3855812	1	NaN	-454.3855812	0.0022652008	0.9977347992	NaN	
449.2655812	6	6	88	1	0.0022652008	0.9977347992	0.3566539717	26.28328864	73.36005739	60.3144129	0.009122522653	39.67646458							-449.2655812	1	NaN	-449.2655812	0.0022652008	0.9977347992	NaN	
444.1455812	6	6	88	1	0.0022652008	0.9977347992	0.3566539717	26.28328864	73.36005739	60.3144129	0.009122522653	39.67646458							-444.1455812	1	NaN	-444.1455812	0.0022652008	0.9977347992	NaN	
439.0255812	6	6	88	1	0.0022652008	0.9977347992	0.3566539717	26.28328864	73.36005739	60.3144129	0.009122522653	39.67646458							-439.0255812	1	NaN	-439.0255812	0.0022652008	0.9977347992	NaN	
433.9055812	6	6	88	1	0.0022652008	0.9977347992	0.3566539717	26.28328864	73.36005739	60.3144129	0.009122522653	39.67646458							-433.9055812	1	NaN	-433.9055812	0.0022652008	0.9977347992	NaN	
428.7855812	6	6	88	1	0.0022652008	0.9977347992	0.3566539717	26.28328864	73.36005739	60.3144129	0.009122522653	39.67646458							-428.7855812	1	NaN	-428.7855812	0.0022652008	0.9977347992	NaN	
423.6655812	6	6	88	1	0.0022652008	0.9977347992	0.3566539717	26.28328864	73.36005739	60.3144129	0.009122522653	39.67646458							-423.6655812	1	NaN	-423.6655812	0.0022652008	0.9977347992	NaN	
418.5455812	6	6	88	1	0.0022652008	0.9977347992	0.3566539717	26.28328864	73.36005739	60.3144129	0.009122522653	39.67646458							-418.5455812	1	NaN	-418.5455812	0.0022652008	0.9977347992	NaN	
413.4255812	6	6	88	1	0.0022652008	0.9977347992	0.3566539717	26.28328864	73.36005739	60.3144129	0.009122522653	39.67646458							-413.4255812	1	NaN	-413.4255812	0.0022652008	0.9977347992	NaN	
408.3055812	6	6	88	1	0.0022652008	0.9977347992	0.3566539717	26.28328864	73.36005739	60.3144129	0.009122522653	39.67646458							-408.3055812	1	NaN	-408.3055812	0.0022652008	0.9977347992	NaN	
403.1855812	6	6	88	1	0.0022652008	0.9977347992	0.3566539717	26.28328864	73.36005739	60.3144129	0.009122522653	39.67646458							-403.1855812	1	NaN	-403.1855812	0.0022652008	0.9977347992	NaN	
398.0655812	6	6	88	1	0.0022652008	0.9977347992	0.3566539717	26.28328864	73.36005739	60.3144129	0.009122522653	39.67646458							-398.0655812	1	NaN	-398.0655812	0.0022652008	0.9977347992	NaN	
392.9455812	6	6	88	1	0.0022652008	0.9977347992	0.3566539717	26.28328864	73.36005739	60.3144129	0.009122522653	39.67646458							-392.9455812	1	NaN	-392.9455812	0.0022652008	0.9977347992	NaN	
387.8255812	6	6	88	1	0.0022652008	0.9977347992	0.3566539717	26.28328864	73.36005739	60.3144129	0.009122522653	39.67646458							-387.8255812	1	NaN	-387.8255812	0.0022652008	0.9977347992	NaN	
382.7055812	6	6	88	1	0.0022652008	0.9977347992	0.3566539717	26.28328864	73.36005739	60.3144129	0.009122522653	39.67646458							-382.7055812	1	NaN	-382.7055812	0.0022652008	0.9977347992	NaN	
377.5855812	6	6	88	1	0.0022652008	0.9977347992	0.3566539717	26.28328864	73.36005739	60.3144129	0.009122522653	39.67646458							-377.5855812	1	NaN	-377.5855812	0.0022652008	0.9977347992	NaN	
372.4655812	6	6	88	1	0.0022652008	0.9977347992	0.3566539717	26.28328864	73.36005739	60.3144129	0.009122522653	39.67646458							-372.4655812	1	NaN	-372.4655812	0.0022652008	0.9977347992	NaN	
367.3455812	6	6	88	1	0.0022652008	0.9977347992	0.3566539717	26.28328864	73.36005739	60.3144129	0.009122522653	39.67646458							-367.3455812	1	NaN	-367.3455812	0.0022652008	0.9977347992	NaN	
362.2255812	6	6	88	1	0.0022652008	0.9977347992	0.3566539717	26.28328864	73.36005739	60.3144129	0.009122522653	39.67646458							-362.2255812	1	NaN	-362.2255812	0.0022652008	0.9977347992	NaN	
357.1055812	6	6	88	1	0.0022652008	0.9977347992	0.3566539717	26.28328864	73.36005739	60.3144129	0.009122522653	39.67646458							-357.1055812	1	NaN	-357.1055812	0.0022652008	0.9977347992	NaN	
351.9855812	6	6	88	1	0.0022652008	0.9977347992	0.3566539717	26.28328864	73.36005739	60.3144129	0.009122522653	39.67646458							-351.9855812	1	NaN	-351.9855812	0.0022652008	0.9977347992	NaN	
346.8655812	6	6	88	1	0.0022652008	0.9977347992	0.3566539717	26.28328864	73.36005739	60.3144129	0.009122522653	39.67646458							-346.8655812	1	NaN	-346.8655812	0.0022652008	0.9977347992	NaN	
341.7455812	6	6	88	1	0.0022652008	0.9977347992	0.3566539717	26.28328864	73.36005739	60.3144129	0.009122522653	39.67646458							-341.7455812	1	NaN	-341.7455812	0.0022652008	0.9977347992	NaN	
336.6255812	6	6	88	1	0.0022652008	0.9977347992	0.3566539717	26.28328864	73.36005739	60.3144129	0.009122522653	39.67646458							-336.6255812	1	NaN	-336.6255812	0.0022652008	0.9977347992	NaN	
331.5055812	6	6	88	1	0.0022652008	0.9977347992	0.3566539717	26.28328864	73.36005739	60.3144129	0.009122522653	39.67646458							-331.5055812	1	NaN	-331.5055812	0.0022652008	0.9977347992	NaN	
326.3855812	6	6	88	1	0.0022652008	0.9977347992	0.3566539717	26.28328864	73.36005739	60.3144129	0.009122522653	39.67646458							-326.3855812	1	NaN	-326.3855812	0.0022652008	0.9977347992	NaN	
321.2655812	6	6	88	1	0.0022652008	0.9977347992	0.3566539717	26.28328864	73.36005739	60.3144129	0.009122522653	39.67646458							-321.2655812	1	NaN	-321.2655812	0.0022652008	0.9977347992	NaN	
316.1455812	6	6	88	1	0.0022652008	0.9977347992	0.3566539717	26.28328864	73.36005739	60.3144129	0.009122522653	39.67646458							-316.1455812	1	NaN	-316.1455812	0.0022652008	0.9977347992	NaN	
311.0255812	6	6	88	1	0.0022652008	0.9977347992	0.3566539717	26.28328864	73.36005739	60.3144129	0.009122522653	39.67646458							-311.0255812	1	NaN	-311.0255812	0.0022652008	0.9977347992	NaN	
305.9055812	6	6	88	1	0.0022652008	0.9977347992	0.3566539717	26.28328864	73.36005739	60.3144129	0.009122522653	39.67646458							-305.9055812	1	NaN	-305.9055812	0.0022652008	0.9977347992	NaN	
300.7855812	6	6	88	1	0.0022652008	0.9977347992	0.3566539717	26.28328864	73.36005739	60.3144129	0.009122522653	39.67646458							-300.7855812	1	NaN	-300.7855812	0.0022652008	0.9977347992	NaN	
300	6	6	88	1	0.0022652008	0.9977347992	0.3566539717	26.28328864	73.36005739	60.3144129	0.009122522653	39.67646458							-300	1	NaN	-300	0.0022652008	0.9977347992	NaN	
