T	w(CU)	w(FE)	w(TI)	fs	fw(@BCC_A2#1)	fw(@BCC_A2#2)	w(CU@BCC_A2#1)	w(FE@BCC_A2#1)	w(TI@BCC_A2#1)	w(CU@BCC_A2#2)	w(FE@BCC_A2#2)	w(TI@BCC_A2#2)	w(CU@LIQUID)	w(FE@LIQUID)	w(TI@LIQUID)	dwdT_L(CU@LIQUID)	dwdT_L(FE@LIQUID)	dwdT_L(TI@LIQUID)	-T	fs_1	-T//fs	-T_1	fw(@BCC_A2#1)_1	fw(@BCC_A2#2)_1	-T//fw(@BCC_A2)	
K	%	%	%	mole/mole	kg/kg	kg/kg	%	%	%	%	%	%	%	%	%	SI	SI	SI								
1795.479056	8	3	89	0	0		3.289354478	1.048184201	95.66246132				8	3	89	-0.0004595699856	-0.000190419649	0.0006499896345	-1795.479056	0	100.93647165859	-1795.479056	0			
1795.469056	8	3	89	9.904617081E-05	9.760151683E-05		3.289563684	1.048262496	95.66217382				8.000459447	3.000190351	88.9993502	0	0	0	-1795.469056	9.904617081E-05	100.989557751954	-1795.469056	9.760151683E-05			
1795.449056	8	3	89	0.0002969824828	0.0001950786691		3.289982068	1.048419092	95.66159884				8.001378422	3.000571126	88.99805045	0	0	0	-1795.449056	0.0002969824828	101.047941473763	-1795.449056	0.0001950786691			
1795.409056	8	3	89	0.0006927923655	0.0003901722525		3.290818819	1.04873229	95.66044889				8.003216807	3.00133287	88.99545032	0	0	0	-1795.409056	0.0006927923655	101.095545876044	-1795.409056	0.0003901722525			
1795.329056	8	3	89	0.00148354593	0.0007797336789		3.292492214	1.049358729	95.65814906				8.006892589	3.002855986	88.99025143	0	0	0	-1795.329056	0.00148354593	101.230982779918	-1795.329056	0.0007797336789			
1795.169056	8	3	89	0.003062170025	0.001557849636		3.295839185	1.050611873	95.65354894				8.014242374	3.00590167	88.97985596	0	0	0	-1795.169056	0.003062170025	101.477772458623	-1795.169056	0.001557849636			
1794.849056	8	3	89	0.00620792933	0.003109247065		3.302530717	1.05311854	95.64435074				8.028934838	3.011990839	88.95907432	0	0	0	-1794.849056	0.00620792933	101.973041650713	-1794.849056	0.003109247065			
1794.209056	8	3	89	0.01245384132	0.006192838188		3.315906684	1.058133966	95.62595935				8.058291384	3.024160373	88.91754824	0	0	0	-1794.209056	0.01245384132	103.006032485331	-1794.209056	0.006192838188			
1792.929056	8	3	89	0.0247535536	0.01227350602		3.342628998	1.068173657	95.58919735				8.116888414	3.048465554	88.83464603	0	0	0	-1792.929056	0.0247535536	105.130097229286	-1792.929056	0.01227350602			
1790.369056	8	3	89	0.04863562833	0.02413122655		3.395957902	1.088287467	95.51575463				8.233628218	3.096937131	88.66943465	0	0	0	-1790.369056	0.04863562833	109.569709908105	-1790.369056	0.02413122655			
1787.809056	8	3	89	0.07152400228	0.02370287588		3.449139718	1.108443969	95.44241631				8.34978682	3.145213798	88.50499938	0	0	0	-1787.809056	0.07152400228	114.287527222858	-1787.809056	0.02370287588			
1785.249056	8	3	89	0.0934741633	0.02328690575		3.50217039	1.128642128	95.36918748				8.465363414	3.193292488	88.3413441	0	0	0	-1785.249056	0.0934741633	119.126361605557	-1785.249056	0.02328690575			
1782.689056	8	3	89	0.1145399248	0.02288516692		3.555051122	1.148882785	95.29606609				8.580367831	3.241174309	88.17845786	0	0	0	-1782.689056	0.1145399248	124.083067008763	-1782.689056	0.02288516692			
1780.129056	8	3	89	0.1347706039	0.02249632159		3.60778142	1.169166162	95.22305242				8.694806402	3.288858988	88.01633461	0	0	0	-1780.129056	0.1347706039	129.160136874581	-1780.129056	0.02249632159			
1777.569056	8	3	89	0.1542120295	0.02211975779		3.660360776	1.189492499	95.15014672				8.80868533	3.336346269	87.8549684	0	0	0	-1777.569056	0.1542120295	134.358448386522	-1777.569056	0.02211975779			
1775.009056	8	3	89	0.1729068455	0.0217549088		3.712788684	1.209862057	95.07734926				8.922010732	3.383635924	87.69435334	0	0	0	-1775.009056	0.1729068455	139.678851412141	-1775.009056	0.0217549088			
1772.449056	8	3	89	0.1908947764	0.02140124135		3.765064642	1.230275116	95.00466024				9.034788631	3.430727751	87.53448362	0	0	0	-1772.449056	0.1908947764	145.122187359921	-1772.449056	0.02140124135			
1769.889056	8	3	89	0.2082128681	0.02105825411		3.817188145	1.250731976	94.93207988				9.147024967	3.477621573	87.37535346	0	0	0	-1769.889056	0.2082128681	150.689286143622	-1769.889056	0.02105825411			
1767.329056	8	3	89	0.2248957055	0.02072547543		3.869158692	1.271232956	94.85960835				9.258725593	3.524317237	87.21695717	0	0	0	-1767.329056	0.2248957055	156.380967082724	-1767.329056	0.02072547543			
1764.769056	8	3	89	0.2409756094	0.02040246112		3.920975782	1.291778394	94.78724582				9.369896283	3.570814612	87.0592891	0	0	0	-1764.769056	0.2409756094	162.198037641307	-1764.769056	0.02040246112			
1762.209056	8	3	89	0.2564828154	0.02008879253		3.972638914	1.312368647	94.71499244				9.480542733	3.617113587	86.90234368	0	0	0	-1762.209056	0.2564828154	168.141294066504	-1762.209056	0.02008879253			
1759.649056	8	3	89	0.2714456359	0.01978407468		4.024147587	1.33300409	94.64284832				9.590670562	3.663214072	86.74611537	0	0	0	-1759.649056	0.2714456359	174.211523316156	-1759.649056	0.01978407468			
1757.089056	8	3	89	0.2858906075	0.0194879347		4.075501304	1.353685117	94.57081358				9.700285319	3.709115997	86.59059868	0	0	0	-1757.089056	0.2858906075	180.409499105205	-1757.089056	0.0194879347			
1754.529056	8	3	89	0.2998426258	0.01920002021		4.126699563	1.37441214	94.4988883				9.80939248	3.754819309	86.43578821	0	0	0	-1754.529056	0.2998426258	186.735984982536	-1754.529056	0.01920002021			
1751.969056	8	3	89	0.3133250673	0.01891999801		4.177741868	1.395185586	94.42707255				9.917997455	3.800323973	86.28167857	0	0	0	-1751.969056	0.3133250673	193.191735136794	-1751.969056	0.01891999801			
1749.409056	8	3	89	0.3263599015	0.01864755275		4.228627718	1.416005904	94.35536638				10.02610559	3.84562997	86.12826444	0	0	0	-1749.409056	0.3263599015	199.777489569612	-1749.409056	0.01864755275			
1746.849056	8	3	89	0.3389677933	0.01838238579		4.279356616	1.436873557	94.28376983				10.13372216	3.890737298	85.97554054	0	0	0	-1746.849056	0.3389677933	206.493979324717	-1746.849056	0.01838238579			
1744.289056	8	3	89	0.3511681961	0.01812421405		4.329928061	1.457789028	94.21228291				10.2408524	3.93564597	85.82350163	0	0	0	-1744.289056	0.3511681961	213.341925654508	-1744.289056	0.01812421405			
1741.729056	8	3	89	0.3629794378	0.01787276908		4.380341553	1.478752816	94.14090563				10.34750145	3.980356012	85.67214254	0	0	0	-1741.729056	0.3629794378	220.322037183641	-1741.729056	0.01787276908			
1739.169056	8	3	89	0.3744187994	0.01762779607		4.430596593	1.499765437	94.06963797				10.45367443	4.024867464	85.52145811	0	0	0	-1739.169056	0.3744187994	227.435011056904	-1739.169056	0.01762779607			
1736.609056	8	3	89	0.3855025873	0.01738905304		4.480692678	1.520827424	93.9984799				10.55937638	4.069180381	85.37144324	0	0	0	-1736.609056	0.3855025873	234.681533708926	-1736.609056	0.01738905304			
1734.049056	8	3	89	0.3962461996	0.01715631003		4.530629305	1.541939329	93.92743137				10.6646123	4.113294828	85.22209287	0	0	0	-1734.049056	0.3962461996	242.06228190148	-1734.049056	0.01715631003			
1731.489056	8	3	89	0.4066641872	0.01692934833		4.580405968	1.56310172	93.85649231				10.76938713	4.157210884	85.07340199	0	0	0	-1731.489056	0.4066641872	249.577919547372	-1731.489056	0.01692934833			
1728.929056	8	3	89	0.4167703103	0.01670795986		4.630022161	1.584315181	93.78566266				10.87370576	4.200928637	84.92536561	0	0	0	-1728.929056	0.4167703103	257.229103177042	-1728.929056	0.01670795986			
1726.369056	8	3	89	0.4265775899	0.0164919465		4.679477374	1.605580315	93.71494231				10.97757303	4.244448188	84.77797878	0	0	0	-1726.369056	0.4265775899	265.016472430273	-1726.369056	0.0164919465			
1723.809056	8	3	89	0.4360983566	0.01628111949		4.728771095	1.62689774	93.64433116				11.08099376	4.287769647	84.6312366	0	0	0	-1723.809056	0.4360983566	272.940657727715	-1723.809056	0.01628111949			
1721.249056	8	3	89	0.445344294	0.01607529891		4.77790281	1.648268094	93.5738291				11.18397268	4.330893134	84.48513419	0	0	0	-1721.249056	0.445344294	281.002283245702	-1721.249056	0.01607529891			
1718.689056	8	3	89	0.4543264802	0.01587431316		4.826871999	1.669692029	93.50343597				11.2865145	4.37381878	84.33966672	0	0	0	-1718.689056	0.4543264802	289.201952777241	-1718.689056	0.01587431316			
1716.129056	8	3	89	0.4630554259	0.0156779985		4.875678141	1.691170218	93.43315164				11.3886239	4.416546721	84.19482938	0	0	0	-1716.129056	0.4630554259	297.5402658419	-1716.129056	0.0156779985			
1713.569056	8	3	89	0.471541109	0.01548619857		4.92432071	1.712703347	93.36297594				11.49030549	4.459077105	84.05061741	0	0	0	-1713.569056	0.471541109	306.017808117479	-1713.569056	0.01548619857			
1711.009056	8	3	89	0.4797930079	0.01529876402		4.972799174	1.734292124	93.2929087				11.59156386	4.501410086	83.90702606	0	0	0	-1711.009056	0.4797930079	314.635149512349	-1711.009056	0.01529876402			
1708.449056	8	3	89	0.4878201314	0.01511555209		5.021112999	1.75593727	93.22294973				11.69240355	4.543545827	83.76405062	0	0	0	-1708.449056	0.4878201314	323.392858018405	-1708.449056	0.01511555209			
1705.889056	8	3	89	0.4956310467	0.01493642627		5.069261642	1.777639528	93.15309883				11.79282908	4.585484497	83.62168642	0	0	0	-1705.889056	0.4956310467	332.29148444148	-1705.889056	0.01493642627			
1703.329056	8	3	89	0.503233906	0.01476125597		5.117244559	1.799399655	93.08335579				11.89284492	4.627226271	83.47992881	0	0	0	-1703.329056	0.503233906	341.331559898992	-1703.329056	0.01476125597			
1700.769056	8	3	89	0.5106364708	0.01458991617		5.165061196	1.821218429	93.01372037				11.99245549	4.668771333	83.33877317	0	0	0	-1700.769056	0.5106364708	350.513615397689	-1700.769056	0.01458991617			
1698.209056	8	3	89	0.5178461341	0.01442228717		5.212710994	1.843096645	92.94419236				12.09166522	4.71011987	83.19821491	0	0	0	-1698.209056	0.5178461341	359.838167744953	-1698.209056	0.01442228717			
1695.649056	8	3	89	0.5248699421	0.01425825429		5.260193387	1.865035115	92.8747715				12.19047846	4.751272077	83.05824947	0	0	0	-1695.649056	0.5248699421	369.305714322537	-1695.649056	0.01425825429			
1693.089056	8	3	89	0.5317146137	0.01409770758		5.307507802	1.887034671	92.80545753				12.28889955	4.792228153	82.91887229	0	0	0	-1693.089056	0.5317146137	378.916745412032	-1693.089056	0.01409770758			
1690.529056	8	3	89	0.5383865589	0.01394054165		5.354653656	1.909096162	92.73625018				12.38693281	4.832988302	82.78007888	0	0	0	-1690.529056	0.5383865589	388.671736201977	-1690.529056	0.01394054165			
1687.969056	8	3	89	0.5448918961	0.01378665538		5.40163036	1.931220459	92.66714918				12.48458252	4.873552734	82.64186475	0	0	0	-1687.969056	0.5448918961	398.571158270157	-1687.969056	0.01378665538			
1685.409056	8	3	89	0.5512364678	0.01363595171		5.448437315	1.95340845	92.59815423				12.58185291	4.913921661	82.50422543	0	0	0	-1685.409056	0.5512364678	408.615457673304	-1685.409056	0.01363595171			
1682.849056	8	3	89	0.5574258564	0.01348833748		5.495073914	1.975661041	92.52926505				12.67874822	4.9540953	82.36715647	0	0	0	-1682.849056	0.5574258564	418.805073302199	-1682.849056	0.01348833748			
1680.289056	8	3	89	0.5634653974	0.01334372319		5.541539538	1.997979159	92.4604813				12.77527265	4.994073873	82.23065348	0	0	0	-1680.289056	0.5634653974	429.140430526991	-1680.289056	0.01334372319			
1677.729056	8	3	89	0.5693601934	0.01320202284		5.587833559	2.020363752	92.39180269				12.87143035	5.033857602	82.09471204	0	0	0	-1677.729056	0.5693601934	439.621938615973	-1677.729056	0.01320202284			
1675.169056	8	3	89	0.5751151258	0.01306315378		5.633955338	2.042815786	92.32322888				12.96722548	5.073446716	81.9593278	0	0	0	-1675.169056	0.5751151258	450.250001049329	-1675.169056	0.01306315378			
1672.609056	8	3	89	0.5807348668	0.01292703653		5.679904224	2.065336248	92.25475953				13.06266216	5.112841444	81.82449639	0	0	0	-1672.609056	0.5807348668	461.025005037946	-1672.609056	0.01292703653			
1670.049056	8	3	89	0.58622389	0.01279359462		5.725679556	2.087926146	92.1863943				13.15774449	5.152042018	81.69021349	0	0	0	-1670.049056	0.58622389	471.947314275569	-1670.049056	0.01279359462			
1667.489056	8	3	89	0.5915864811	0.01266275448		5.771280657	2.11058651	92.11813283				13.25247654	5.191048672	81.55647479	0	0	0	-1667.489056	0.5915864811	483.017284975005	-1667.489056	0.01266275448			
1664.929056	8	3	89	0.5968267469	0.01253444528		5.81670684	2.133318389	92.04997477				13.34686237	5.229861643	81.42327599	0	0	0	-1664.929056	0.5968267469	494.235273028569	-1664.929056	0.01253444528			
1662.369056	8	3	89	0.6019486246	0.01240859881		5.861957404	2.156122854	91.98191974				13.44090601	5.268481169	81.29061282	0	0	0	-1662.369056	0.6019486246	505.601593664908	-1662.369056	0.01240859881			
1659.809056	8	3	89	0.6069558906	0.01228514939		5.907031632	2.179001001	91.91396737				13.53461147	5.306907488	81.15848104	0	0	0	-1659.809056	0.6069558906	517.116562322177	-1659.809056	0.01228514939			
1657.249056	8	3	89	0.6118521679	0.01216403368		5.951928794	2.201953945	91.84611726				13.62798276	5.34514084	81.0268764	0	0	0	-1657.249056	0.6118521679	528.780490064158	-1657.249056	0.01216403368			
1654.689056	8	3	89	0.616640934	0.01204519068		5.996648143	2.224982825	91.77836903				13.72102385	5.383181467	80.89579468	0	0	0	-1654.689056	0.616640934	540.593648963798	-1654.689056	0.01204519068			
1652.129056	8	3	89	0.6213255281	0.01192856153		6.041188918	2.248088803	91.71072228				13.8137387	5.421029609	80.76523169	0	0	0	-1652.129056	0.6213255281	552.556305911199	-1652.129056	0.01192856153			
1649.569056	8	3	89	0.6259091575	0.01181408947		6.085550339	2.271273064	91.6431766				13.90613126	5.458685507	80.63518323	0	0	0	-1649.569056	0.6259091575	564.668730254175	-1649.569056	0.01181408947			
1647.009056	8	3	89	0.6303949039	0.01170171976		6.12973161	2.29453682	91.57573157				13.99820545	5.496149404	80.50564514	0	0	0	-1647.009056	0.6303949039	576.931149400939	-1647.009056	0.01170171976			
1644.449056	8	3	89	0.6347857298	0.01159139953		6.173731917	2.317881303	91.50838678				14.08996519	5.533421539	80.37661327	0	0	0	-1644.449056	0.6347857298	589.343774445837	-1644.449056	0.01159139953			
1641.889056	8	3	89	0.6390844837	0.01148307777		6.217550428	2.341307772	91.4411418				14.18141438	5.570502153	80.24808347	0	0	0	-1641.889056	0.6390844837	601.906835951167	-1641.889056	0.01148307777			
1639.329056	8	3	89	0.6432939053	0.01137670521		6.261186289	2.364817513	91.3739962				14.2725569	5.607391486	80.12005161	0	0	0	-1639.329056	0.6432939053	614.620508832017	-1639.329056	0.01137670521			
1636.769056	8	3	89	0.6474166312	0.01127223425		6.304638628	2.388411836	91.30694954				14.36339663	5.644089775	79.9925136	0	0	0	-1636.769056	0.6474166312	627.484967351683	-1636.769056	0.01127223425			
1634.209056	8	3	89	0.6514551988	0.01116961892		6.347906553	2.412092077	91.24000137				14.45393743	5.680597257	79.86546532	0	0	0	-1634.209056	0.6514551988	640.500367601302	-1634.209056	0.01116961892			
1631.649056	8	3	89	0.6554120516	0.01106881478		6.390989148	2.4358596	91.17315125				14.54418314	5.716914167	79.73890269	0	0	0	-1631.649056	0.6554120516	653.666850072927	-1631.649056	0.01106881478			
1629.089056	8	3	89	0.6592895427	0.01096977885		6.433885476	2.459715797	91.10639873				14.63413762	5.753040739	79.61282164	0	0	0	-1629.089056	0.6592895427	666.984531712419	-1629.089056	0.01096977885			
1626.529056	8	3	89	0.6630899396	0.01087246962		6.476594578	2.483662086	91.03974334				14.72380468	5.788977203	79.48721811	0	0	0	-1626.529056	0.6630899396	680.453521513724	-1626.529056	0.01087246962			
1623.969056	8	3	89	0.6668154272	0.01077684688		6.519115469	2.507699917	90.97318461				14.81318816	5.824723787	79.36208805	0	0	0	-1623.969056	0.6668154272	694.073909205694	-1623.969056	0.01077684688			
1621.409056	8	3	89	0.6704681122	0.01068287178		6.561447141	2.531830765	90.90672209				14.90229186	5.860280716	79.23742742	0	0	0	-1621.409056	0.6704681122	707.84575819302	-1621.409056	0.01068287178			
1618.849056	8	3	89	0.6740500259	0.0105905067		6.603588559	2.556056138	90.8403553				14.99111959	5.895648214	79.11323219	0	0	0	-1618.849056	0.6740500259	721.769106665123	-1618.849056	0.0105905067			
1616.289056	8	3	89	0.6775631281	0.01049971523		6.645538664	2.580377574	90.77408376				15.07967515	5.9308265	78.98949835	0	0	0	-1616.289056	0.6775631281	735.84399406615	-1616.289056	0.01049971523			
1613.729056	8	3	89	0.6810093094	0.01041046213		6.687296366	2.604796643	90.70790699				15.16796233	5.965815788	78.86622188	0	0	0	-1613.729056	0.6810093094	750.07043875505	-1613.729056	0.01041046213			
1611.169056	8	3	89	0.6843903949	0.01032271326		6.728860551	2.629314944	90.6418245				15.25598492	6.000616291	78.74339879	0	0	0	-1611.169056	0.6843903949	764.448414958937	-1611.169056	0.01032271326			
1608.609056	8	3	89	0.6877081465	0.01023643559		6.770230074	2.653934112	90.57583581				15.34374669	6.035228216	78.62102509	0	0	0	-1608.609056	0.6877081465	778.977911778514	-1608.609056	0.01023643559			
1606.049056	8	3	89	0.6909642657	0.01015159707		6.811403759	2.678655814	90.50994043				15.43125144	6.069651767	78.49909679	0	0	0	-1606.049056	0.6909642657	793.658860329735	-1606.049056	0.01015159707			
1603.489056	8	3	89	0.6941603963	0.01006816669		6.852380402	2.70348175	90.44413785				15.51850294	6.10388714	78.37760992	0	0	0	-1603.489056	0.6941603963	808.491198540481	-1603.489056	0.01006816669			
1600.929056	8	3	89	0.6972981264	0.009986114382		6.893158764	2.728413657	90.37842758				15.60550495	6.137934531	78.25656052	0	0	0	-1600.929056	0.6972981264	823.47486512042	-1600.929056	0.009986114382			
1598.369056	8	3	89	0.7003789909	0.009905410991		6.933737575	2.753453308	90.31280912				15.69226126	6.171794127	78.13594462	0	0	0	-1598.369056	0.7003789909	838.60970596468	-1598.369056	0.009905410991			
1595.809056	8	3	89	0.703404474	0.009826028265		6.974115531	2.77860251	90.24728196				15.77877562	6.205466111	78.01575827	0	0	0	-1595.809056	0.703404474	853.895577304211	-1595.809056	0.009826028265			
1593.249056	8	3	89	0.7063760107	0.009747938803		7.014291293	2.803863111	90.1818456				15.86505182	6.238950659	77.89599752	0	0	0	-1593.249056	0.7063760107	869.332387816922	-1593.249056	0.009747938803			
1590.689056	8	3	89	0.7092949888	0.009671116032		7.054263484	2.829236995	90.11649952				15.95109363	6.272247942	77.77665843	0	0	0	-1590.689056	0.7092949888	884.919914017966	-1590.689056	0.009671116032			
1588.129056	8	3	89	0.7121627515	0.009595534176		7.094030692	2.854726085	90.05124322				16.03690481	6.305358125	77.65773707	0	0	0	-1588.129056	0.7121627515	900.657937801771	-1588.129056	0.009595534176			
1585.569056	8	3	89	0.7149805983	0.009521168228		7.133591467	2.880332348	89.98607619				16.12248915	6.338281363	77.53922949	0	0	0	-1585.569056	0.7149805983	916.546271915097	-1585.569056	0.009521168228			
1583.009056	8	3	89	0.7177497872	0.009447993923		7.172944318	2.906057787	89.92099789				16.20785041	6.371017808	77.42113178	0	0	0	-1583.009056	0.7177497872	932.584652040396	-1583.009056	0.009447993923			
1580.449056	8	3	89	0.7204715362	0.009375987715		7.212087714	2.931904453	89.85600783				16.29299239	6.403567603	77.30344001	0	0	0	-1580.449056	0.7204715362	948.772800073524	-1580.449056	0.009375987715			
1577.889056	8	3	89	0.7231470249	0.009305126747		7.251020081	2.957874436	89.79110548				16.37791886	6.435930882	77.18615025	0	0	0	-1577.889056	0.7231470249	965.110438279596	-1577.889056	0.009305126747			
1575.329056	8	3	89	0.7257773958	0.009235388835		7.289739804	2.983969874	89.72629032				16.46263363	6.468107773	77.06925859	0	0	0	-1575.329056	0.7257773958	981.597244056298	-1575.329056	0.009235388835			
1572.769056	8	3	89	0.728363756	0.009166752439		7.328245222	3.010192948	89.66156183				16.54714049	6.500098395	76.95276112	0	0	0	-1572.769056	0.728363756	998.232825795052	-1572.769056	0.009166752439			
1570.209056	8	3	89	0.7309071785	0.009099196644		7.366534628	3.036545888	89.59691948				16.63144324	6.531902857	76.8366539	0	0	0	-1570.209056	0.7309071785	1015.01685111623	-1570.209056	0.009099196644			
1567.649056	8	3	89	0.7334087031	0.009032701143		7.404606268	3.06303097	89.53236276				16.7155457	6.563521261	76.72093304	0	0	0	-1567.649056	0.7334087031	1031.94890248416	-1567.649056	0.009032701143			
1565.089056	8	3	89	0.7358693383	0.008967246211		7.44245834	3.089650523	89.46789114				16.79945168	6.594953699	76.60559462	0	0	0	-1565.089056	0.7358693383	1049.02856777705	-1565.089056	0.008967246211			
1562.529056	8	3	89	0.7382900617	0.008902812691		7.480088991	3.116406923	89.40350409				16.88316503	6.626200252	76.49063472	0	0	0	-1562.529056	0.7382900617	1066.25537699658	-1562.529056	0.008902812691			
1559.969056	8	3	89	0.740671822	0.008839381974		7.517496316	3.143302601	89.33920108				16.96668958	6.657260993	76.37604942	0	0	0	-1559.969056	0.740671822	1083.62882134563	-1559.969056	0.008839381974			
1557.409056	8	3	89	0.7430155393	0.008776935985		7.554678359	3.170340039	89.2749816				17.05002919	6.688135983	76.26183483	0	0	0	-1557.409056	0.7430155393	1101.14844902971	-1557.409056	0.008776935985			
1554.849056	8	3	89	0.7453221065	0.008715457157		7.591633107	3.197521775	89.21084512				17.13318772	6.718825271	76.14798701	0	0	0	-1554.849056	0.7453221065	1118.81369757211	-1554.849056	0.008715457157			
1552.289056	8	3	89	0.7475923903	0.008654928429		7.628358491	3.224850405	89.1467911				17.21616905	6.749328899	76.03450205	0	0	0	-1552.289056	0.7475923903	1136.62392929363	-1552.289056	0.008654928429			
1549.729056	8	3	89	0.7498272323	0.008595333222		7.664852385	3.252328582	89.08281903				17.29897709	6.779646893	75.92137602	0	0	0	-1549.729056	0.7498272323	1154.57861896963	-1549.729056	0.008595333222			
1547.169056	8	3	89	0.7520274492	0.008536655425		7.701112601	3.279959017	89.01892838				17.38161572	6.80977927	75.80860501	0	0	0	-1547.169056	0.7520274492	1172.67709122	-1547.169056	0.008536655425			
1544.609056	8	3	89	0.7541938348	0.008478879383		7.737136893	3.307744484	88.95511862				17.46408889	6.839726032	75.69618508	0	0	0	-1544.609056	0.7541938348	1190.91868232432	-1544.609056	0.008478879383			
1542.049056	8	3	89	0.7563271596	0.008421989886		7.772922948	3.335687821	88.89138923				17.54640053	6.869487171	75.58411229	0	0	0	-1542.049056	0.7563271596	1209.30274295015	-1542.049056	0.008421989886			
1539.489056	8	3	89	0.7584281726	0.00836597215		7.808468389	3.363791928	88.82773968				17.62855462	6.899062663	75.47238272	0	0	0	-1539.489056	0.7584281726	1227.82845254131	-1539.489056	0.00836597215			
1536.929056	8	3	89	0.7604976016	0.008310811811		7.843770772	3.392059775	88.76416945				17.71055512	6.928452472	75.36099241	0	0	0	-1536.929056	0.7604976016	1246.49509348878	-1536.929056	0.008310811811			
1534.369056	8	3	89	0.7625361539	0.008256494911		7.878827583	3.420494398	88.70067802				17.79240604	6.957656547	75.24993742	0	0	0	-1534.369056	0.7625361539	1265.30189980765	-1534.369056	0.008256494911			
1531.809056	8	3	89	0.7645445171	0.008203007884		7.913636237	3.449098905	88.63726486				17.8741114	6.986674824	75.13921377	0	0	0	-1531.809056	0.7645445171	1284.2479706536	-1531.809056	0.008203007884			
1529.249056	8	3	89	0.76652336	0.008150337552		7.948194075	3.477876476	88.57392945				17.95567526	7.015507221	75.02881752	0	0	0	-1529.249056	0.76652336	1303.33240868744	-1529.249056	0.008150337552			
1526.689056	8	3	89	0.7684733329	0.00809847111		7.982498363	3.506830365	88.51067127				18.03710168	7.044153644	74.91874468	0	0	0	-1526.689056	0.7684733329	1322.55436603904	-1526.689056	0.00809847111			
1524.129056	8	3	89	0.7703950683	0.008047396116		8.016546289	3.535963905	88.44748981				18.11839476	7.072613979	74.80899126	0	0	0	-1524.129056	0.7703950683	1341.91290233255	-1524.129056	0.008047396116			
1521.569056	8	3	89	0.7722891816	0.007997100484		8.050334959	3.565280507	88.38438453				18.19955862	7.100888099	74.69955328	0	0	0	-1521.569056	0.7722891816	1361.40699500934	-1521.569056	0.007997100484			
1519.009056	8	3	89	0.7741562717	0.007947572473		8.083861398	3.594783663	88.32135494				18.28059742	7.128975857	74.59042672	0	0	0	-1519.009056	0.7741562717	1381.03558946872	-1519.009056	0.007947572473			
1516.449056	8	3	89	0.7759969215	0.007898800683		8.117122545	3.624476951	88.2584005				18.36151534	7.156877091	74.48160757	0	0	0	-1516.449056	0.7759969215	1400.79762008262	-1516.449056	0.007898800683			
1513.889056	8	3	89	0.7778116984	0.00785077404		8.15011525	3.654364034	88.19552072				18.44231658	7.184591618	74.3730918	0	0	0	-1513.889056	0.7778116984	1420.69199730323	-1513.889056	0.00785077404			
1511.329056	8	3	89	0.7796011548	0.007803481793		8.182836274	3.684448663	88.13271506				18.5230054	7.212119239	74.26487536	0	0	0	-1511.329056	0.7796011548	1440.71759298385	-1511.329056	0.007803481793			
1508.769056	8	3	89	0.7813658286	0.007756913507		8.215282285	3.714734686	88.06998303				18.60358606	7.239459732	74.1569542	0	0	0	-1508.769056	0.7813658286	1460.87318098677	-1508.769056	0.007756913507			
1506.209056	8	3	89	0.7831062438	0.007711059054		8.247449852	3.745226039	88.00732411				18.68406289	7.26661286	74.04932425	0	0	0	-1506.209056	0.7831062438	1481.15750314223	-1506.209056	0.007711059054			
1503.649056	8	3	89	0.7848229108	0.007665908606		8.279335449	3.775926762	87.94473779				18.76444024	7.29357836	73.9419814	0	0	0	-1503.649056	0.7848229108	1501.56924755361	-1503.649056	0.007665908606			
1501.089056	8	3	89	0.786516327	0.007621452632		8.310935443	3.806840991	87.88222357				18.84472248	7.320355952	73.83492157	0	0	0	-1501.089056	0.786516327	1522.10708545318	-1501.089056	0.007621452632			
1498.529056	8	3	89	0.788186977	0.007577681888		8.342246101	3.83797297	87.81978093				18.92491406	7.346945332	73.72814061	0	0	0	-1498.529056	0.788186977	1542.76964940374	-1498.529056	0.007577681888			
1495.969056	8	3	89	0.7898353332	0.007534587414		8.373263576	3.869327047	87.75740938				19.00501943	7.373346172	73.6216344	0	0	0	-1495.969056	0.7898353332	1563.55548012628	-1495.969056	0.007534587414			
1493.409056	8	3	89	0.7914618561	0.00749216053		8.403983914	3.900907682	87.6951084				19.08504312	7.399558124	73.51539875	0	0	0	-1493.409056	0.7914618561	1584.46314817207	-1493.409056	0.00749216053			
1490.849056	8	3	89	0.7930669946	0.007450392825		8.434403043	3.93271945	87.63287751				19.16498968	7.425580814	73.4094295	0	0	0	-1490.849056	0.7930669946	1605.49099124111	-1490.849056	0.007450392825			
1488.289056	8	3	89	0.7946511868	0.00740927616		8.464516773	3.964767043	87.57071618				19.24486372	7.451413842	73.30372243	0	0	0	-1488.289056	0.7946511868	1626.63751254498	-1488.289056	0.00740927616			
1485.729056	8	3	89	0.7962148595	0.007368802658		8.494320791	3.997055274	87.50862393				19.3246699	7.477056785	73.19827332	0	0	0	-1485.729056	0.7962148595	1647.90103296317	-1485.729056	0.007368802658			
1483.169056	8	3	89	0.7977584296	0.007328964703		8.523810658	4.029589083	87.44660026				19.40441292	7.502509192	73.09307789	0	0	0	-1483.169056	0.7977584296	1669.27971290869	-1483.169056	0.007328964703			
1480.609056	8	3	89	0.7992823036	0.007289754936		8.552981804	4.06237354	87.38464466				19.48409754	7.527770584	72.98813188	0	0	0	-1480.609056	0.7992823036	1690.77198480816	-1480.609056	0.007289754936			
1478.049056	8	3	89	0.8007868781	0.007251166248		8.581829525	4.095413847	87.32275663				19.56372857	7.552840455	72.88343097	0	0	0	-1478.049056	0.8007868781	1712.3759071527	-1478.049056	0.007251166248			
1475.489056	8	3	89	0.8022725405	0.007213191783		8.61034898	4.128715347	87.26093567				19.6433109	7.577718269	72.77897083	0	0	0	-1475.489056	0.8022725405	1734.0895961425	-1475.489056	0.007213191783			
1472.929056	8	3	89	0.8037396687	0.007175824928		8.638535182	4.162283524	87.19918129				19.72284946	7.602403462	72.67474708	0	0	0	-1472.929056	0.8037396687	1755.91107367426	-1472.929056	0.007175824928			
1470.369056	8	3	89	0.805188632	0.007139059319		8.666382999	4.196124011	87.13749299				19.80234923	7.626895435	72.57075533	0	0	0	-1470.369056	0.805188632	1777.83828681079	-1470.369056	0.007139059319			
1467.809056	8	3	89	0.8066197908	0.007102888828		8.693887146	4.230242594	87.07587026				19.88181529	7.651193562	72.46699115	0	0	0	-1467.809056	0.8066197908	1799.86924950841	-1467.809056	0.007102888828			
1465.249056	8	3	89	0.8080334972	0.00706730757		8.721042182	4.264645218	87.0143126				19.96125276	7.675297179	72.36345006	0	0	0	-1465.249056	0.8080334972	1822.00167626392	-1465.249056	0.00706730757			
1462.689056	8	3	89	0.8094300953	0.007032309898		8.747842502	4.299337989	86.95281951				20.04066684	7.699205592	72.26012757	0	0	0	-1462.689056	0.8094300953	1844.23333792917	-1462.689056	0.007032309898			
1460.129056	8	3	89	0.8108099212	0.006997890402		8.774282336	4.334327183	86.89139048				20.12006281	7.722918068	72.15701912	0	0	0	-1460.129056	0.8108099212	1866.56198523985	-1460.129056	0.006997890402			
1457.569056	8	3	89	0.8121733034	0.006964043903		8.800355743	4.369619253	86.830025				20.19944601	7.746433842	72.05412015	0	0	0	-1457.569056	0.8121733034	1888.98521279321	-1457.569056	0.006964043903			
1455.009056	8	3	89	0.813520563	0.006930765463		8.8260566	4.40522083	86.76872257				20.27882187	7.769752106	71.95142603	0	0	0	-1455.009056	0.813520563	1911.50050200967	-1455.009056	0.006930765463			
1452.449056	8	3	89	0.814852014	0.006898050372		8.851378603	4.441138734	86.70748266				20.3581959	7.792872017	71.84893208	0	0	0	-1452.449056	0.814852014	1934.10528238549	-1452.449056	0.006898050372			
1449.889056	8	3	89	0.8161679634	0.006865894156		8.876315261	4.477379978	86.64630476				20.4375737	7.815792691	71.74663361	0	0	0	-1449.889056	0.8161679634	1956.79691529508	-1449.889056	0.006865894156			
1447.329056	8	3	89	0.8174687115	0.006834292575		8.900859883	4.513951777	86.58518834				20.51696095	7.8385132	71.64452585	0	0	0	-1447.329056	0.8174687115	1979.5726903162	-1447.329056	0.006834292575			
1444.769056	8	3	89	0.818754552	0.006803241623		8.925005579	4.550861551	86.52413287				20.59636343	7.861032577	71.54260399	0	0	0	-1444.769056	0.818754552	2002.42980688678	-1444.769056	0.006803241623			
1442.209056	8	3	89	0.8200257723	0.006772737526		8.948745251	4.588116939	86.46313781				20.67578702	7.883349807	71.44086318	0	0	0	-1442.209056	0.8200257723	2025.36528691578	-1442.209056	0.006772737526			
1439.649056	8	3	89	0.8212826537	0.006742776749		8.972071585	4.625725798	86.40220262				20.75523768	7.90546383	71.33929849	0	0	0	-1439.649056	0.8212826537	2048.37619999111	-1439.649056	0.006742776749			
1437.089056	8	3	89	0.8225254714	0.006713355992		8.994977046	4.663696221	86.34132673				20.8347215	7.927373538	71.23790496	0	0	0	-1437.089056	0.8225254714	2071.45931720357	-1437.089056	0.006713355992			
1434.529056	8	3	89	0.8237544951	0.006684472193		9.01745387	4.702036536	86.28050959				20.91424466	7.949077774	71.13667756	0	0	0	-1434.529056	0.8237544951	2094.61136171632	-1434.529056	0.006684472193			
1431.969056	8	3	89	0.8249699887	0.006656122532		9.039494057	4.740755321	86.21975062				20.99381347	7.970575331	71.0356112	0	0	0	-1431.969056	0.8249699887	2117.82923651179	-1431.969056	0.006656122532			
1429.409056	8	3	89	0.8261722106	0.00662830443		9.061089361	4.77986141	86.15904923				21.07343433	7.991864946	70.93470072	0	0	0	-1429.409056	0.8261722106	2141.10933597596	-1429.409056	0.00662830443			
1426.849056	8	3	89	0.8273614142	0.006601015555		9.082231286	4.819363903	86.09840481				21.1531138	8.012945303	70.8339409	0	0	0	-1426.849056	0.8273614142	2164.44796381564	-1426.849056	0.006601015555			
1424.289056	8	3	89	0.8285378477	0.006574253824		9.102911077	4.859272176	86.03781675				21.23285853	8.03381503	70.73332644	0	0	0	-1424.289056	0.8285378477	2187.84167781349	-1424.289056	0.006574253824			
1421.729056	8	3	89	0.8297017542	0.006548017403		9.123119707	4.899595891	85.9772844				21.31267532	8.054472693	70.63285199	0	0	0	-1421.729056	0.8297017542	2211.28655072489	-1421.729056	0.006548017403			
1419.169056	8	3	89	0.8308533723	0.006522304719		9.142847876	4.940345007	85.91680712				21.39257111	8.0749168	70.53251209	0	0	0	-1419.169056	0.8308533723	2234.77853716353	-1419.169056	0.006522304719			
1416.609056	8	3	89	0.8319929358	0.006497114458		9.162085994	4.98152979	85.85638422				21.47255298	8.095145793	70.43230122	0	0	0	-1416.609056	0.8319929358	2258.31383170088	-1416.609056	0.006497114458			
1414.049056	8	3	89	0.8331206739	0.006472445567		9.180824179	5.023160826	85.79601499				21.55262817	8.11515805	70.33221378	0	0	0	-1414.049056	0.8331206739	2281.88798360637	-1414.049056	0.006472445567			
1411.489056	8	3	89	0.8342368118	0.00644829727		9.199052242	5.065249032	85.73569873				21.63280404	8.134951878	70.23224408	0	0	0	-1411.489056	0.8342368118	2305.49658914788	-1411.489056	0.00644829727			
1408.929056	8	3	89	0.8353415702	0.006424669065		9.21675968	5.107805667	85.67543465				21.71308816	8.154525517	70.13238632	0	0	0	-1408.929056	0.8353415702	2329.13536009988	-1408.929056	0.006424669065			
1406.369056	8	3	89	0.8364351658	0.006401560729		9.233935665	5.150842347	85.61522199				21.79348823	8.173877128	70.03263464	0	0	0	-1406.369056	0.8364351658	2352.79941109596	-1406.369056	0.006401560729			
1403.809056	8	3	89	0.8375178115	0.006378972334		9.250569036	5.194371058	85.55505991				21.87401216	8.1930048	69.93298304	0	0	0	-1403.809056	0.8375178115	2376.4838627356	-1403.809056	0.006378972334			
1401.249056	8	3	89	0.8385897163	0.006356904247		9.266648282	5.238404169	85.49494755				21.95466801	8.211906539	69.83342545	0	0	0	-1401.249056	0.8385897163	2400.18394834416	-1401.249056	0.006356904247			
1398.689056	8	3	89	0.8396510854	0.006335357138		9.282161539	5.282954448	85.43488401				22.03546405	8.23058027	69.73395568	0	0	0	-1398.689056	0.8396510854	2423.89433680383	-1398.689056	0.006335357138			
1396.129056	8	3	89	0.8407021207	0.006314331992		9.297096573	5.328035075	85.37486835				22.11640876	8.249023831	69.63456741	0	0	0	-1396.129056	0.8407021207	2447.60945674766	-1396.129056	0.006314331992			
1393.569056	8	3	89	0.8417430206	0.006293830116		9.31144077	5.37365966	85.31489957				22.19751079	8.26723497	69.53525423	0	0	0	-1393.569056	0.8417430206	2471.32405426178	-1393.569056	0.006293830116			
1391.009056	8	3	89	0.84277398	0.006273853149		9.325181126	5.419842257	85.25497662				22.27877906	8.285211342	69.43600959	0	0	0	-1391.009056	0.84277398	2495.03237243111	-1391.009056	0.006273853149			
1388.449056	8	3	89	0.8437951908	0.006254403075		9.338304233	5.466597382	85.19509839				22.36022268	8.302950505	69.33682682	0	0	0	-1388.449056	0.8437951908	2518.72813161574	-1388.449056	0.006254403075			
1385.889056	8	3	89	0.8448068419	0.006235482228		9.350796265	5.51394003	85.1352637				22.441851	8.320449914	69.23769908	0	0	0	-1385.889056	0.8448068419	2542.40523424059	-1385.889056	0.006235482228			
1383.329056	8	3	89	0.8458091191	0.006217093311		9.362642971	5.561885696	85.07547133				22.52367363	8.33770692	69.13861945	0	0	0	-1383.329056	0.8458091191	2566.05739290883	-1383.329056	0.006217093311			
1380.769056	8	3	89	0.8468022054	0.006199239406		9.373829654	5.610450388	85.01571996				22.60570043	8.354718762	69.0395808	0	0	0	-1380.769056	0.8468022054	2589.67800629131	-1380.769056	0.006199239406			
1378.209056	8	3	89	0.847786281	0.006181923986		9.384341165	5.659650653	84.95600818				22.68794154	8.371482567	68.94057589	0	0	0	-1378.209056	0.847786281	2613.25998740292	-1378.209056	0.006181923986			
1375.649056	8	3	89	0.8487615237	0.00616515093		9.394161888	5.709503591	84.89633452				22.77040736	8.387995339	68.8415973	0	0	0	-1375.649056	0.8487615237	2636.7963010962	-1375.649056	0.00616515093			
1373.089056	8	3	89	0.8497281085	0.006148924544		9.403275722	5.760026881	84.8366974				22.85310862	8.404253957	68.74263743	0	0	0	-1373.089056	0.8497281085	2660.27951710659	-1373.089056	0.006148924544			
1370.529056	8	3	89	0.8506862083	0.006133249567		9.411666073	5.811238799	84.77709513				22.93605631	8.420255171	68.64368852	0	0	0	-1370.529056	0.8506862083	2683.70184009633	-1370.529056	0.006133249567			
1367.969056	8	3	89	0.8516359935	0.006118131199		9.419315838	5.863158245	84.71752592				23.01926179	8.435995594	68.54474261	0	0	0	-1367.969056	0.8516359935	2707.05561512974	-1367.969056	0.006118131199			
1365.409056	8	3	89	0.8525776323	0.006103575112		9.426207392	5.915804759	84.65798785				23.10273674	8.451471693	68.44579157	0	0	0	-1365.409056	0.8525776323	2730.33249895988	-1365.409056	0.006103575112			
1362.849056	8	3	89	0.8535112909	0.006089587471		9.432322571	5.969198549	84.59847888				23.18649317	8.46667979	68.34682704	0	0	0	-1362.849056	0.8535112909	2753.52355720018	-1362.849056	0.006089587471			
1360.289056	8	3	89	0.8544371337	0.00607617496		9.437642663	6.023360516	84.53899682				23.2705435	8.481616047	68.24784045	0	0	0	-1360.289056	0.8544371337	2776.62871893909	-1360.289056	0.00607617496			
1357.729056	8	3	89	0.8553553173	0.006063307882		9.44214701	6.078312519	84.47954047				23.3549	8.496276374	68.14882363	0	0	0	-1357.729056	0.8553553173	2799.62110906442	-1357.729056	0.006063307882			
1355.169056	8	3	89	0.8562660139	0.006051106537		9.445818591	6.134076423	84.42010499				23.4395769	8.510656783	68.04976632	0	0	0	-1355.169056	0.8562660139	2822.48983076477	-1355.169056	0.006051106537			
1352.609056	8	3	89	0.8571693778	0.006039474173		9.44863586	6.190675543	84.3606886				23.52458742	8.524752851	67.95065973	0	0	0	-1352.609056	0.8571693778	2845.24016014782	-1352.609056	0.006039474173			
1350.049056	8	3	89	0.8580655677	0.006028457702		9.450578098	6.24813374	84.30128816				23.60994574	8.538560059	67.8514942	0	0	0	-1350.049056	0.8580655677	2867.85290392539	-1350.049056	0.006028457702			
1347.489056	8	3	89	0.8589547407	0.006018066835		9.451623977	6.306475689	84.24190033				23.69566649	8.552073689	67.75225982	0	0	0	-1347.489056	0.8589547407	2890.317388451	-1347.489056	0.006018066835			
1344.929056	8	3	89	0.8598370526	0.006008311981		9.451751557	6.365726907	84.18252154				23.78176483	8.565288815	67.65294636	0	0	0	-1344.929056	0.8598370526	2912.62224875736	-1344.929056	0.006008311981			
1342.369056	8	3	89	0.860712658	0.005999204237		9.450938272	6.425913785	84.12314794				23.8682564	8.578200295	67.55354331	0	0	0	-1342.369056	0.860712658	2934.75589538954	-1342.369056	0.005999204237			
1339.809056	8	3	89	0.8615817103	0.005990755424		9.449160918	6.48706361	84.06377547				23.9551574	8.590802757	67.45403984	0	0	0	-1339.809056	0.8615817103	2956.70633915134	-1339.809056	0.005990755424			
1337.249056	8	3	89	0.8624443619	0.005982978116		9.446395652	6.549204596	84.00439975				24.0424846	8.603090588	67.35442481	0	0	0	-1337.249056	0.8624443619	2978.46119226301	-1337.249056	0.005982978116			
1334.689056	8	3	89	0.8633007642	0.005975885686		9.442617978	6.612365908	83.94501611				24.13025535	8.615057926	67.25468673	0	0	0	-1334.689056	0.8633007642	3000.00729340907	-1334.689056	0.005975885686			
1332.129056	8	3	89	0.864151068	0.005969492328		9.437802747	6.676577694	83.88561956				24.21848763	8.626698638	67.15481373	0	0	0	-1332.129056	0.864151068	3021.33159938081	-1332.129056	0.005969492328			
1329.569056	8	3	89	0.864995423	0.005963813105		9.431924151	6.741871108	83.82620474				24.30720008	8.638006317	67.0547936	0	0	0	-1329.569056	0.864995423	3042.42025447507	-1329.569056	0.005963813105			
1327.009056	8	3	89	0.8658339787	0.005958863978		9.424955726	6.808278337	83.76676594				24.39641203	8.648974259	66.95461371	0	0	0	-1327.009056	0.8658339787	3063.25863024612	-1327.009056	0.005958863978			
1324.449056	8	3	89	0.8666668839	0.005954661854		9.416870349	6.875832624	83.70729703				24.48614352	8.659595452	66.85426103	0	0	0	-1324.449056	0.8666668839	3083.83216775071	-1324.449056	0.005954661854			
1321.889056	8	3	89	0.8674942871	0.005951224622		9.407640247	6.944568295	83.64779146				24.57641536	8.669862556	66.75372209	0	0	0	-1321.889056	0.8674942871	3104.1256938774	-1321.889056	0.005951224622			
1319.329056	8	3	89	0.8683163364	0.005948571198		9.397237004	7.014520777	83.58824222				24.66724915	8.679767891	66.65298296	0	0	0	-1319.329056	0.8683163364	3124.1231898339	-1319.329056	0.005948571198			
1316.769056	8	3	89	0.86913318	0.005946721569		9.385631574	7.085726621	83.52864181				24.75866735	8.689303412	66.55202924	0	0	0	-1316.769056	0.86913318	3143.80838293583	-1316.769056	0.005946721569			
1314.209056	8	3	89	0.8699449658	0.005945696837		9.372794297	7.158223512	83.46898219				24.85069326	8.698460696	66.45084604	0	0	0	-1314.209056	0.8699449658	3163.16451930192	-1314.209056	0.005945696837			
1311.649056	8	3	89	0.870751842	0.005945519262		9.358694924	7.232050291	83.40925479				24.94335115	8.707230914	66.34941794	0	0	0	-1311.649056	0.870751842	3182.17401580545	-1311.649056	0.005945519262			
1309.089056	8	3	89	0.8715539569	0.005946212316		9.34330264	7.307246956	83.3494504				25.03666621	8.715604817	66.24772897	0	0	0	-1309.089056	0.8715539569	3200.81941687618	-1309.089056	0.005946212316			
1306.529056	8	3	89	0.872351459	0.00594780072		9.326586105	7.383854674	83.28955922				25.13066471	8.723572704	66.14576259	0	0	0	-1306.529056	0.872351459	3219.08222388207	-1306.529056	0.00594780072			
1303.969056	8	3	89	0.8731444974	0.005950310494		9.308513488	7.461915774	83.22957074				25.22537394	8.731124406	66.04350165	0	0	0	-1303.969056	0.8731444974	3236.94329938335	-1303.969056	0.005950310494			
1301.409056	8	3	89	0.8739332217	0.005953769005		9.289052524	7.541473744	83.16947373				25.32082236	8.738249252	65.94092839	0	0	0	-1301.409056	0.8739332217	3246.0153543277	-1301.409056	0.005953769005			
1298.849056	8	3	89	0.8747218159	0.005988864581		9.268245993	7.622816069	83.10893794				25.41753839	8.74496952	65.83749209	0	0	0	-1298.849056	0.8747218159	3263.13099632987	-1298.849056	0.005988864581			
1296.289056	8	3	89	0.8755023497	0.005963707818		9.245906521	7.705506517	83.04858696				25.51455761	8.751204983	65.73423741	0	0	0	-1296.289056	0.8755023497	3288.02976785	-1296.289056	0.005963707818			
1293.729056	8	3	89	0.8762789988	0.005970030731		9.222079378	7.789830774	82.98808985				25.61240729	8.75697842	65.63061429	0	0	0	-1293.729056	0.8762789988	3304.12816460077	-1293.729056	0.005970030731			
1291.169056	8	3	89	0.8770519441	0.005977617544		9.196731792	7.875837363	82.92743085				25.71112292	8.762276758	65.52660033	0	0	0	-1291.169056	0.8770519441	3319.66921925117	-1291.169056	0.005977617544			
1288.609056	8	3	89	0.8778213375	0.005986294067		9.169831038	7.963574181	82.86659478				25.81073919	8.767086367	65.42217445	0	0	0	-1288.609056	0.8778213375	3334.68853375912	-1288.609056	0.005986294067			
1286.049056	8	3	89	0.8785873349	0.005996121445		9.141342518	8.053092642	82.80556484				25.91129273	8.771392938	65.31731433	0	0	0	-1286.049056	0.8785873349	3349.15704985139	-1286.049056	0.005996121445			
1283.489056	8	3	89	0.8793500941	0.006007139748		9.111233789	8.144442724	82.74432349				26.01282181	8.775181435	65.21199676	0	0	0	-1283.489056	0.8793500941	3363.05090715323	-1283.489056	0.006007139748			
1280.929056	8	3	89	0.8801097745	0.006019390466		9.079472158	8.237675898	82.68285194				26.11536637	8.77843605	65.10619758	0	0	0	-1280.929056	0.8801097745	3376.34731461574	-1280.929056	0.006019390466			
1278.369056	8	3	89	0.880866537	0.00603291677		9.046025464	8.332844266	82.62113027				26.21896815	8.781140159	64.99989169	0	0	0	-1278.369056	0.880866537	3389.02239894666	-1278.369056	0.00603291677			
1275.809056	8	3	89	0.8816205447	0.006047763469		9.010862259	8.430000424	82.55913732				26.32367076	8.783276272	64.89305297	0	0	0	-1275.809056	0.8816205447	3401.05284333266	-1275.809056	0.006047763469			
1273.249056	8	3	89	0.8823719621	0.006063976986		8.973952016	8.529197296	82.49685069				26.42951974	8.784825991	64.78565427	0	0	0	-1273.249056	0.8823719621	3412.41523057434	-1273.249056	0.006063976986			
1270.689056	8	3	89	0.8831209561	0.00608160531		8.935265354	8.630487941	82.43424671				26.53656269	8.785769957	64.67766735	0	0	0	-1270.689056	0.8831209561	3423.08638961393	-1270.689056	0.00608160531			
1268.129056	8	3	89	0.8838676951	0.006100697933		8.89477428	8.733925342	82.37130038				26.64484934	8.786087795	64.56906287	0	0	0	-1268.129056	0.8838676951	3433.0441019917	-1268.129056	0.006100697933			
1265.569056	8	3	89	0.8846123497	0.006121305756		8.852452464	8.839562152	82.30798538				26.7544316	8.785758063	64.45981033	0	0	0	-1265.569056	0.8846123497	3442.2656092577	-1265.569056	0.006121305756			
1263.009056	8	3	89	0.8853550925	0.00614348097		8.808275524	8.947450422	82.24427405				26.86536375	8.784758196	64.34987806	0	0	0	-1263.009056	0.8853550925	3450.72950633989	-1263.009056	0.00614348097			
1260.449056	8	3	89	0.886096098	0.006167276904		8.762221339	9.057641286	82.18013738				26.97770241	8.783064445	64.23923314	0	0	0	-1260.449056	0.886096098	3458.41560648853	-1260.449056	0.006167276904			
1257.889056	8	3	89	0.8868355425	0.006192747836		8.714270386	9.170184613	82.115545				27.09150674	8.780651817	64.12784145	0	0	0	-1257.889056	0.8868355425	3465.30455800409	-1257.889056	0.006192747836			
1255.329056	8	3	89	0.8875736042	0.006219948755		8.664406091	9.285128625	82.05046528				27.20683843	8.777494017	64.01566755	0	0	0	-1255.329056	0.8875736042	3471.37792369441	-1255.329056	0.006219948755			
1252.769056	8	3	89	0.8883104631	0.006248935621		8.612615206	9.402519481	81.98486531				27.32376186	8.773563385	63.90267475	0	0	0	-1252.769056	0.8883104631	3476.62038162173	-1252.769056	0.006248935621			
1250.209056	8	3	89	0.8890463002	0.006279762889		8.558888196	9.52240081	81.91871099				27.44234415	8.76883083	63.78882502	0	0	0	-1250.209056	0.8890463002	3481.01744031863	-1250.209056	0.006279762889			
1247.649056	8	3	89	0.8897812984	0.00631248632		8.503219644	9.644813221	81.85196713				27.56265522	8.763265772	63.67407901	0	0	0	-1247.649056	0.8897812984	3484.55718278812	-1247.649056	0.00631248632			
1245.089056	8	3	89	0.890515641	0.006347160385		8.445608666	9.76979377	81.78459756				27.68476786	8.756836079	63.55839606	0	0	0	-1245.089056	0.890515641	3487.23078155273	-1245.089056	0.006347160385			
1242.529056	8	3	89	0.8912495124	0.00638383827		8.386059328	9.897375395	81.71656528				27.80875782	8.749508004	63.44173418	0	0	0	-1242.529056	0.8912495124	3489.03138626339	-1242.529056	0.00638383827			
1239.969056	8	3	89	0.8919830971	0.006422571262		8.324581069	10.02758631	81.64783262				27.93470378	8.741246131	63.32405009	0	0	0	-1239.969056	0.8919830971	3489.95628747395	-1239.969056	0.006422571262			
1237.409056	8	3	89	0.8927165795	0.006463408053		8.261189109	10.16044939	81.5783615				28.06268746	8.732013319	63.20529922	0	0	0	-1237.409056	0.8927165795	3490.00670755655	-1237.409056	0.006463408053			
1234.849056	8	3	89	0.893450143	0.006506393959		8.19590485	10.29598151	81.50811364				28.19279358	8.721770651	63.08543577	0	0	0	-1234.849056	0.893450143	3489.18779802038	-1234.849056	0.006506393959			
1232.289056	8	3	89	0.8941839698	0.006551570034		8.128756255	10.43419287	81.43705087				28.32510984	8.710477392	62.96441277	0	0	0	-1232.289056	0.8941839698	3487.5086142643	-1232.289056	0.006551570034			
1229.729056	8	3	89	0.89491824	0.006598972091		8.059778191	10.57508636	81.36513545				28.45972691	8.698090951	62.84218214	0	0	0	-1229.729056	0.89491824	3484.98396228509	-1229.729056	0.006598972091			
1227.169056	8	3	89	0.8956531306	0.006648629615		7.989012739	10.71865681	81.29233045				28.59673836	8.684566858	62.71869478	0	0	0	-1227.169056	0.8956531306	3481.63407230967	-1227.169056	0.006648629615			
1224.609056	8	3	89	0.8963888147	0.00670056457		7.916509449	10.8648904	81.21860015				28.73624056	8.669858742	62.59390069	0	0	0	-1224.609056	0.8963888147	3477.48400354365	-1224.609056	0.00670056457			
1222.049056	8	3	89	0.8971254607	0.006754790094		7.842325538	11.01376395	81.14391052				28.87833255	8.653918334	62.46774912	0	0	0	-1222.049056	0.8971254607	3472.56608015266	-1222.049056	0.006754790094			
1219.489056	8	3	89	0.8978632304	0.006811309109		7.766526023	11.16524431	81.06822967				29.02311583	8.636695481	62.34018869	0	0	0	-1219.489056	0.8978632304	3466.91828659179	-1219.489056	0.006811309109			
1216.929056	8	3	89	0.8986022788	0.006870112798		7.689183776	11.3192878	80.99152842				29.1706942	8.618138175	62.21116763	0	0	0	-1216.929056	0.8986022788	3460.58565159078	-1216.929056	0.006870112798			
1214.369056	8	3	89	0.8993427515	0.006931178988		7.610379488	11.47583969	80.91378083				29.32117345	8.598192608	62.08063394	0	0	0	-1214.369056	0.8993427515	3453.62046885493	-1214.369056	0.006931178988			
1211.809056	8	3	89	0.9000847843	0.006994470463		7.530201555	11.63483368	80.83496476				29.47466103	8.576803251	61.94853572	0	0	0	-1211.809056	0.9000847843	3446.08194430449	-1211.809056	0.006994470463			
1209.249056	8	3	89	0.9008285006	0.007059933188		7.448745861	11.7961916	80.75506254				29.63126569	8.553912954	61.81482135	0	0	0	-1209.249056	0.9008285006	3438.03728117731	-1209.249056	0.007059933188			
1206.689056	8	3	89	0.9015740104	0.007127494464		7.366115463	11.95982303	80.6740615				29.79109699	8.529463088	61.67943992	0	0	0	-1206.689056	0.9015740104	3429.56104052333	-1206.689056	0.007127494464			
1204.129056	8	3	89	0.9023214078	0.007197061046		7.282420186	12.12562516	80.59195465				29.9542648	8.503393707	61.54234149	0	0	0	-1204.129056	0.9023214078	3420.73593306011	-1204.129056	0.007197061046			
1201.569056	8	3	89	0.9030707695	0.007268517239		7.197776117	12.29348264	80.50874124				30.12087869	8.475643757	61.40347755	0	0	0	-1201.569056	0.9030707695	3411.65194576303	-1201.569056	0.007268517239			
1199.009056	8	3	89	0.9038221525	0.007341723		7.112305013	12.46326761	80.42442738				30.29104724	8.446151323	61.26280143	0	0	0	-1199.009056	0.9038221525	3402.40711845341	-1199.009056	0.007341723			
1196.449056	8	3	89	0.9045755921	0.007416512082		7.026133623	12.63483979	80.33902659				30.46487731	8.414853917	61.12026877	0	0	0	-1196.449056	0.9045755921	3393.10762209426	-1196.449056	0.007416512082			
1193.889056	8	3	89	0.9053310994	0.00749269026		6.939392937	12.80804674	80.25256033				30.64247315	8.381688812	60.97583804	0	0	0	-1193.889056	0.9053310994	3383.86678080399	-1193.889056	0.00749269026			
1191.329056	8	3	89	0.9060886596	0.007570033677		6.852217383	12.98272416	80.16505846				30.82393547	8.346593432	60.8294711	0	0	0	-1191.329056	0.9060886596	3374.80548030838	-1191.329056	0.007570033677			
1188.769056	8	3	89	0.9068482292	0.007648287376		6.764743962	13.15869635	80.07655969				31.00936043	8.309505786	60.68113379	0	0	0	-1188.769056	0.9068482292	3366.05180873709	-1188.769056	0.007648287376			
1186.209056	8	3	89	0.9076097344	0.007727164055		6.677111356	13.33577675	79.98711189				31.19883852	8.270364954	60.53079653	0	0	0	-1186.209056	0.9076097344	3357.74097594055	-1186.209056	0.007727164055			
1183.649056	8	3	89	0.9083730683	0.007806343138		6.589459019	13.51376859	79.89677239				31.39245333	8.229111634	60.37843503	0	0	0	-1183.649056	0.9083730683	3350.01454412277	-1183.649056	0.007806343138			
1181.089056	8	3	89	0.9091380897	0.0078854702		6.501926255	13.69246562	79.80560813				31.59028033	8.185688737	60.22403093	0	0	0	-1181.089056	0.9091380897	3343.02042001369	-1181.089056	0.0078854702			
1178.529056	8	3	89	0.9099046204	0.007964156849		6.414651309	13.87165291	79.71369578				31.79238545	8.140042031	60.06757251	0	0	0	-1178.529056	0.9099046204	3336.91286661015	-1178.529056	0.007964156849			
1175.969056	8	3	89	0.9106724442	0.008041981138		6.327770478	14.05110783	79.6211217				31.99882372	8.09212084	59.90905544	0	0	0	-1175.969056	0.9106724442	3331.85113650407	-1175.969056	0.008041981138			
1173.409056	8	3	89	0.9114413051	0.008118488579		6.241417253	14.23060092	79.52798183				32.20963775	8.041878785	59.74848346	0	0	0	-1173.409056	0.9114413051	3328.00011056302	-1173.409056	0.008118488579			
1170.849056	8	3	89	0.9122109064	0.008193193858		6.155721506	14.40989702	79.43438147				32.42485634	7.989274556	59.58586911	0	0	0	-1170.849056	0.9122109064	3325.52875543737	-1170.849056	0.008193193858			
1168.289056	8	3	89	0.9129809101	0.008265583318		6.070808733	14.58875636	79.3404349				32.64449287	7.934272719	59.42123441	0	0	0	-1168.289056	0.9129809101	3324.61099270059	-1168.289056	0.008265583318			
1165.729056	8	3	89	0.9137509362	0.008335118285		5.986799341	14.76693571	79.24626495				32.86854392	7.876844543	59.25461154	0	0	0	-1165.729056	0.9137509362	3325.42399096142	-1165.729056	0.008335118285			
1163.169056	8	3	89	0.9145205636	0.008401239283		5.903808016	14.9441896	79.15200239				33.09698779	7.816968818	59.08604339	0	0	0	-1163.169056	0.9145205636	3328.14797281036	-1163.169056	0.008401239283			
1160.609056	8	3	89	0.9152893303	0.00846337119		5.821943143	15.12027164	79.05778521				33.32978317	7.754632677	58.91558415	0	0	0	-1160.609056	0.9152893303	3332.96643534461	-1160.609056	0.00846337119			
1158.049056	8	3	89	0.9160567351	0.008520929318		5.741306302	15.29493584	78.96375786				33.56686794	7.689832373	58.74329968	0	0	0	-1158.049056	0.9160567351	3340.06502774583	-1158.049056	0.008520929318			
1155.489056	8	3	89	0.9168222393	0.008573326409		5.661991824	15.46793794	78.87007024				33.80815809	7.622574022	58.56926788	0	0	0	-1155.489056	0.9168222393	3352.88613182058	-1155.489056	0.008573326409			
1152.929056	8	3	89	0.9175837981	0.008603337269		5.584066192	15.63894459	78.77698922				34.05306746	7.553011036	58.3939215	0	0	0	-1152.929056	0.9175837981	3365.0538666479	-1152.929056	0.008603337269			
1150.369056	8	3	89	0.9183437636	0.008660337861		5.50764818	15.80790636	78.68444546				34.3024229	7.480899195	58.2166779	0	0	0	-1150.369056	0.9183437636	3376.83438624512	-1150.369056	0.008660337861			
1147.809056	8	3	89	0.9191000291	0.008693921859		5.432789031	15.97449766	78.59271331				34.55559423	7.406412338	58.03799343	0	0	0	-1147.809056	0.9191000291	3394.9330018336	-1147.809056	0.008693921859			
1145.249056	8	3	89	0.9198519189	0.008719903189		5.359551438	16.13849408	78.50195449				34.81239905	7.32960329	57.85799766	0	0	0	-1145.249056	0.9198519189	3416.47729074133	-1145.249056	0.008719903189			
1142.689056	8	3	89	0.9205986838	0.008737316284		5.287983376	16.29969405	78.41232257				35.07263637	7.25053806	57.67682557	0	0	0	-1142.689056	0.9205986838	3441.39853431186	-1142.689056	0.008737316284			
1140.129056	8	3	89	0.9213397301	0.008747315808		5.218135313	16.4578845	78.32398018				35.33608691	7.169287894	57.49462519	0	0	0	-1140.129056	0.9213397301	3469.71746263997	-1140.129056	0.008747315808			
1137.569056	8	3	89	0.922074364	0.008748632197		5.150044133	16.61287338	78.23708249				35.60250378	7.085940352	57.31155587	0	0	0	-1137.569056	0.922074364	3501.81741525993	-1137.569056	0.008748632197			
1135.009056	8	3	89	0.922801897	0.008741020512		5.083738463	16.76448195	78.15177958				35.87162141	7.000593984	57.1277846	0	0	0	-1135.009056	0.922801897	3537.85871088217	-1135.009056	0.008741020512			
1132.449056	8	3	89	0.9235216507	0.00872428683		5.019238879	16.91254543	78.06821569				36.14315608	6.913358075	56.94348584	0	0	0	-1132.449056	0.9235216507	3578.00304461145	-1132.449056	0.00872428683			
1129.889056	8	3	89	0.9242329624	0.008698307803		4.956558087	17.05691396	77.98652795				36.41680789	6.824351935	56.75884018	0	0	0	-1129.889056	0.9242329624	3622.41311516326	-1129.889056	0.008698307803			
1127.329056	8	3	89	0.9249351899	0.008663024063		4.895701096	17.19745378	77.90684512				36.69226312	6.733704053	56.57403283	0	0	0	-1127.329056	0.9249351899	3671.24909810909	-1127.329056	0.008663024063			
1124.769056	8	3	89	0.925627718	0.008618465956		4.836665573	17.33404783	77.82928659				36.96919704	6.641550978	56.38925198	0	0	0	-1124.769056	0.925627718	3724.66294167307	-1124.769056	0.008618465956			
1122.209056	8	3	89	0.9263099647	0.008564753377		4.779442256	17.46659625	77.7539615				37.24727675	6.54803606	56.20468719	0	0	0	-1122.209056	0.9263099647	3782.79683042586	-1122.209056	0.008564753377			
1119.649056	8	3	89	0.926981387	0.008502090918		4.724015396	17.59501658	77.68096802				37.52616426	6.45330811	56.02052763	0	0	0	-1119.649056	0.926981387	3845.78494791745	-1119.649056	0.008502090918			
1117.089056	8	3	89	0.927641485	0.008430762791		4.67036324	17.71924389	77.61039287				37.8055195	6.357519988	55.83696051	0	0	0	-1117.089056	0.927641485	3913.7530631801	-1117.089056	0.008430762791			
1114.529056	8	3	89	0.9282898062	0.008351126989		4.618458541	17.83923058	77.54231088				38.08500342	6.260827157	55.65416942	0	0	0	-1114.529056	0.9282898062	3986.81746426678	-1114.529056	0.008351126989			
1111.969056	8	3	89	0.9289259483	0.008263607252		4.568269097	17.95494602	77.47678489				38.3642809	6.163386232	55.47233287	0	0	0	-1111.969056	0.9289259483	4065.08647999186	-1111.969056	0.008263607252			
1109.409056	8	3	89	0.9295495612	0.008168684745		4.519758306	18.06637606	77.41386564				38.64302356	6.065353564	55.29162287	0	0	0	-1109.409056	0.9295495612	4148.65906552606	-1109.409056	0.008168684745			
1106.849056	8	3	89	0.9301603485	0.008066888347		4.472885721	18.17352226	77.35359202				38.92091238	5.966883884	55.11220373	0	0	0	-1106.849056	0.9301603485	4237.62475717048	-1106.849056	0.008066888347			
1104.289056	8	3	89	0.9307580678	0.007958784525		4.427607615	18.27640105	77.29599133				39.19763998	5.868129035	54.93423099	0	0	0	-1104.289056	0.9307580678	4332.06529677514	-1104.289056	0.007958784525			
1101.729056	8	3	89	0.9313425301	0.007844967016		4.383877529	18.37504273	77.24107974				39.47291267	5.769236825	54.7578505	0	0	0	-1101.729056	0.9313425301	4432.05370097736	-1101.729056	0.007844967016			
1099.169056	8	3	89	0.9319135989	0.007726046651		4.341646804	18.46949035	77.18886285				39.7464522	5.670349996	54.58319781	0	0	0	-1099.169056	0.9319135989	4537.65432047416	-1099.169056	0.007726046651			
1096.609056	8	3	89	0.9324711883	0.007602641638		4.300865092	18.55979856	77.13933635				40.01799707	5.571605349	54.41039758	0	0	0	-1096.609056	0.9324711883	4648.92472513805	-1096.609056	0.007602641638			
1094.049056	8	3	89	0.9330152605	0.007475368521		4.261480833	18.6460324	77.09248676				40.28730367	5.473133008	54.23956333	0	0	0	-1094.049056	0.9330152605	4765.91589249045	-1094.049056	0.007475368521			
1091.489056	8	3	89	0.933545823	0.007344834037		4.223441704	18.72826607	77.04829222				40.55414694	5.375055836	54.07079722	0	0	0	-1091.489056	0.933545823	4888.67097600477	-1091.489056	0.007344834037			
1088.929056	8	3	89	0.9340629257	0.007211627987		4.186695027	18.80658169	77.00672328				40.81832085	5.277488999	53.90419015	0	0	0	-1088.929056	0.9340629257	5017.22773600449	-1088.929056	0.007211627987			
1086.369056	8	3	89	0.9345666571	0.007076317204		4.151188135	18.88106812	76.96774374				41.07963851	5.180539663	53.73982183	0	0	0	-1086.369056	0.9345666571	5151.61949374141	-1086.369056	0.007076317204			
1083.809056	8	3	89	0.9350571409	0.006939440647		4.116868702	18.95181979	76.93131151				41.33793208	5.084306834	53.57776108	0	0	0	-1083.809056	0.9350571409	5291.87329650408	-1083.809056	0.006939440647			
1081.249056	8	3	89	0.9355345325	0.006801505597		4.083685035	19.0189356	76.89737936				41.59305245	4.988881299	53.41806625	0	0	0	-1081.249056	0.9355345325	5438.01334313537	-1081.249056	0.006801505597			
1078.689056	8	3	89	0.935999015	0.006662984982		4.051586569	19.08251697	76.86589646				41.8448687	4.894345687	53.26078561	0	0	0	-1078.689056	0.935999015	5590.06020099323	-1078.689056	0.006662984982			
1076.129056	8	3	89	0.936450796	0.00652431528		4.020523047	19.1426708	76.83680616				42.09326746	4.800774599	53.10595794	0	0	0	-1076.129056	0.936450796	5747.70739120172	-1076.129056	0.00652431528			
1073.569056	8	3	89	0.9368901514	0.006386458857		3.990452439	19.19948526	76.8100623				42.33815163	4.708231146	52.95361723	0	0	0	-1073.569056	0.9368901514	5911.33315205495	-1073.569056	0.006386458857			
1071.009056	8	3	89	0.9373172742	0.006248586194		3.961321016	19.2530859	76.78559309				42.57943947	4.616779019	52.80378151	0	0	0	-1071.009056	0.9373172742	6081.2263316486	-1071.009056	0.006248586194			
1068.449056	8	3	89	0.937732427	0.006111681016		3.933083474	19.30357996	76.76333657				42.81706617	4.526469901	52.65646393	0	0	0	-1068.449056	0.937732427	6257.0730347573	-1068.449056	0.006111681016			
1065.889056	8	3	89	0.9381358824	0.005976006326		3.905695883	19.3510745	76.74322962				43.05097979	4.437349022	52.51167119	0	0	0	-1065.889056	0.9381358824	6438.89730116268	-1065.889056	0.005976006326			
1063.329056	8	3	89	0.9385279218	0.005841816291		3.87911596	19.39567561	76.72520843				43.28114127	4.349455187	52.36940354	0	0	0	-1063.329056	0.9385279218	6626.71085032359	-1063.329056	0.005841816291			
1060.769056	8	3	89	0.9389088334	0.005709333333		3.853303115	19.43748794	76.70920894				43.50752343	4.262821164	52.22965541	0	0	0	-1060.769056	0.9389088334	6820.52450131956	-1060.769056	0.005709333333			
1058.209056	8	3	89	0.9392789098	0.005578749016		3.828218471	19.47661429	76.69516724				43.73010994	4.177474106	52.09241595	0	0	0	-1058.209056	0.9392789098	7020.35025364116	-1058.209056	0.005578749016			
1055.649056	8	3	89	0.9396384462	0.005450226223		3.803824857	19.5131553	76.68301984				43.94889437	4.093435958	51.95766968	0	0	0	-1055.649056	0.9396384462	7226.20179073126	-1055.649056	0.005450226223			
1053.089056	8	3	89	0.9399877385	0.005323901333		3.780086802	19.54720921	76.67270399				44.16387922	4.010723868	51.82539692	0	0	0	-1053.089056	0.9399877385	7438.09388044997	-1053.089056	0.005323901333			
1050.529056	8	3	89	0.940327082	0.00519988642		3.756970509	19.57887162	76.66415787				44.37507504	3.929350584	51.69557437	0	0	0	-1050.529056	0.940327082	7656.03959460699	-1050.529056	0.00519988642			
1047.969056	8	3	89	0.9406567702	0.005078271426		3.734443818	19.60823535	76.65732083				44.58249959	3.84932484	51.56817557	0	0	0	-1047.969056	0.9406567702	7880.05821198092	-1047.969056	0.005078271426			
1045.409056	8	3	89	0.9409770932	0.004959126278		3.712476172	19.6353903	76.65213353				44.786177	3.770651721	51.44317128	0	0	0	-1045.409056	0.9409770932	8110.16719843644	-1045.409056	0.004959126278			
1042.849056	8	3	89	0.9412883375	0.004842502923		3.691038559	19.6604234	76.64853804				44.98613704	3.693333013	51.32052994	0	0	0	-1042.849056	0.9412883375	8346.38778961737	-1042.849056	0.004842502923			
1040.289056	8	3	89	0.9415907844	0.004728437257		3.670103472	19.68341854	76.64647799				45.18241444	3.617367533	51.20021803	0	0	0	-1040.289056	0.9415907844	8588.746064031	-1040.289056	0.004728437257			
1037.729056	8	3	89	0.9418847099	0.004616950936		3.649644846	19.70445654	76.64589861				45.37504822	3.542751436	51.08220034	0	0	0	-1037.729056	0.9418847099	8837.26433370249	-1037.729056	0.004616950936			
1035.169056	8	3	89	0.9421703841	0.004508053068		3.629638007	19.72361519	76.64674681				45.56408112	3.469478504	50.96644037	0	0	0	-1035.169056	0.9421703841	9091.97075030539	-1035.169056	0.004508053068			
1032.609056	8	3	89	0.9424480706	0.004401741772		3.610059607	19.74096921	76.64897118				45.74955906	3.397540415	50.85290052	0	0	0	-1032.609056	0.9424480706	9352.89863001474	-1032.609056	0.004401741772			
1030.049056	8	3	89	0.9427180262	0.004298005609		3.590887574	19.75659036	76.65252206				45.93153064	3.326926985	50.74154238	0	0	0	-1030.049056	0.9427180262	9620.08164265882	-1030.049056	0.004298005609			
1027.489056	8	3	89	0.9429805008	0.00419682489		3.572101046	19.77054746	76.6573515				46.11004668	3.257626402	50.63232692	0	0	0	-1027.489056	0.9429805008	9893.55457580303	-1027.489056	0.00419682489			
1024.929056	8	3	89	0.9432357372	0.004098172863		3.553680318	19.78290641	76.66341327				46.28515984	3.18962543	50.52521473	0	0	0	-1024.929056	0.9432357372	10173.3576223503	-1024.929056	0.004098172863			
1022.369056	8	3	89	0.9434839709	0.004002016778		3.535606785	19.79373036	76.67066285				46.45692428	3.1229096	50.42016612	0	0	0	-1022.369056	0.9434839709	10459.5352576163	-1022.369056	0.004002016778			
1019.809056	8	3	89	0.9437254301	0.003908318852		3.517862884	19.80307969	76.67905743				46.62539526	3.057463385	50.31714135	0	0	0	-1019.809056	0.9437254301	10752.1322963794	-1019.809056	0.003908318852			
1017.249056	8	3	89	0.9439603358	0.003817037123		3.500432042	19.81101215	76.68855581				46.79062893	2.993270358	50.21610071	0	0	0	-1017.249056	0.9439603358	11051.1954416521	-1017.249056	0.003817037123			
1014.689056	8	3	89	0.9441889018	0.003728126214		3.483298625	19.81758293	76.69911844				46.95268201	2.930313332	50.11700466	0	0	0	-1014.689056	0.9441889018	11356.7798933032	-1014.689056	0.003728126214			
1012.129056	8	3	89	0.9444113346	0.003641538013		3.466447888	19.82284476	76.71070735				47.1116116	2.868574494	50.01981391	0	0	0	-1012.129056	0.9444113346	11668.9410567578	-1012.129056	0.003641538013			
1009.569056	8	3	89	0.9446278338	0.003557222264		3.449865925	19.82684799	76.72328608				47.26747495	2.808035517	49.92448953	0	0	0	-1009.569056	0.9446278338	11987.7336122092	-1009.569056	0.003557222264			
1007.009056	8	3	89	0.9448385921	0.003475127094		3.433539625	19.82964067	76.7368197				47.4203293	2.748677664	49.83099303	0	0	0	-1007.009056	0.9448385921	12313.2228540255	-1007.009056	0.003475127094			
1004.449056	8	3	89	0.9450437953	0.003395199472		3.41745663	19.83126867	76.7512747				47.57023173	2.690481887	49.73928638	0	0	0	-1004.449056	0.9450437953	12645.4780015065	-1004.449056	0.003395199472			
1001.889056	8	3	89	0.9452436226	0.003317385606		3.401605289	19.83177575	76.76661897				47.71723898	2.633428903	49.64933211	0	0	0	-1001.889056	0.9452436226	12984.5635008878	-1001.889056	0.003317385606			
999.3290561	8	3	89	0.9454382469	0.003241631288		3.385974624	19.83120363	76.78282175				47.86140739	2.577499274	49.56109333	0	0	0	-999.3290561	0.9454382469	13330.5494741965	-999.3290561	0.003241631288			
996.7690561	8	3	89	0.9456278348	0.003167882196		3.370554287	19.82959213	76.79985358				48.00279275	2.522673472	49.47453378	0	0	0	-996.7690561	0.9456278348	13683.5218426211	-996.7690561	0.003167882196			
994.2090561	8	3	89	0.9458125466	0.003096084145		3.355334529	19.8269792	76.81768628				48.14145023	2.468931937	49.38961783	0	0	0	-994.2090561	0.9458125466	14043.5579367574	-994.2090561	0.003096084145			
991.6490561	8	3	89	0.945992537	0.003026183307		3.340306164	19.82340102	76.83629282				48.27743432	2.416255125	49.30631055	0	0	0	-991.6490561	0.945992537	14410.7360815464	-991.6490561	0.003026183307			
989.0890561	8	3	89	0.9461679549	0.002958126394		3.325460537	19.81889209	76.85564737				48.41079875	2.364623563	49.22457769	0	0	0	-989.0890561	0.9461679549	14785.1478765179	-989.0890561	0.002958126394			
986.5290561	8	3	89	0.9463389437	0.002891860815		3.310789498	19.81348529	76.87572521				48.54159642	2.314017878	49.1443857	0	0	0	-986.5290561	0.9463389437	15166.8846510802	-986.5290561	0.002891860815			
983.9690561	8	3	89	0.9465056415	0.0028273348		3.296285367	19.80721198	76.89650266				48.66987941	2.264418839	49.06570175	0	0	0	-983.9690561	0.9465056415	15556.045652024	-983.9690561	0.0028273348			
981.4090561	8	3	89	0.9466681812	0.002764497509		3.281940915	19.80010201	76.91795708				48.79569888	2.215807385	48.98849373	0	0	0	-981.4090561	0.9466681812	15952.7227525323	-981.4090561	0.002764497509			
978.8490561	8	3	89	0.946826691	0.002703299118		3.267749331	19.79218386	76.94006681				48.91910511	2.168164649	48.91273024	0	0	0	-978.8490561	0.946826691	16357.0212461384	-978.8490561	0.002703299118			
976.2890561	8	3	89	0.9469812941	0.002643690884		3.253704204	19.78348466	76.96281113				49.04014742	2.121471984	48.8383806	0	0	0	-976.2890561	0.9469812941	16769.0634776995	-976.2890561	0.002643690884			
973.7290561	8	3	89	0.9471321091	0.002585625197		3.239799501	19.77403028	76.98617022				49.15887417	2.07571098	48.76541485	0	0	0	-973.7290561	0.9471321091	17188.9411885306	-973.7290561	0.002585625197			
971.1690561	8	3	89	0.9472792506	0.002529055623		3.226029542	19.76384535	77.0101251				49.27533278	2.030863479	48.69380374	0	0	0	-971.1690561	0.9472792506	17616.7770219353	-971.1690561	0.002529055623			
968.6090561	8	3	89	0.9474228285	0.00247393693		3.212388983	19.75295336	77.03465766				49.38956969	1.98691159	48.62351872	0	0	0	-968.6090561	0.9474228285	18052.703035874	-968.6090561	0.00247393693			
966.0490561	8	3	89	0.9475629489	0.002420225105		3.198872797	19.74137668	77.05975053				49.50163039	1.943837701	48.55453191	0	0	0	-966.0490561	0.9475629489	18496.8366523069	-966.0490561	0.002420225105			
963.4890561	8	3	89	0.9476997139	0.002367877362		3.185476257	19.72913663	77.08538711				49.61155936	1.901624484	48.48681616	0	0	0	-963.4890561	0.9476997139	18949.3042008995	-963.4890561	0.002367877362			
960.9290561	8	3	89	0.947833222	0.00231685215		3.172194918	19.71625353	77.11155155				49.71940015	1.860254906	48.42034494	0	0	0	-960.9290561	0.947833222	19410.2381169105	-960.9290561	0.00231685215			
958.3690561	8	3	89	0.947963568	0.002267109142		3.159024605	19.70274674	77.13822866				49.82519536	1.819712233	48.35509241	0	0	0	-958.3690561	0.947963568	19879.7891210886	-958.3690561	0.002267109142			
955.8090561	8	3	89	0.9480908432	0.002218609231		3.145961394	19.6886347	77.16540391				49.9289866	1.779980032	48.29103337	0	0	0	-955.8090561	0.9480908432	20358.0972226857	-955.8090561	0.002218609231			
953.2490561	8	3	89	0.9482151357	0.002171314512		3.133001602	19.67393498	77.19306342				50.03081458	1.741042175	48.22814325	0	0	0	-953.2490561	0.9482151357	20845.3054476032	-953.2490561	0.002171314512			
950.6890561	8	3	89	0.9483365304	0.002125188268		3.120141772	19.65866432	77.22119391				50.13071906	1.702882842	48.1663981	0	0	0	-950.6890561	0.9483365304	21341.5747700424	-950.6890561	0.002125188268			
948.1290561	8	3	89	0.9484551091	0.00208019495		3.107378663	19.64283866	77.24978268				50.22873891	1.665486518	48.10577457	0	0	0	-948.1290561	0.9484551091	21847.0678853697	-948.1290561	0.00208019495			
945.5690561	8	3	89	0.9485709507	0.002036300379		3.09470925	19.62647315	77.2788176				50.32491207	1.628837992	48.04624994	0	0	0	-945.5690561	0.9485709507	22361.9380475768	-945.5690561	0.002036300379			
943.0090561	8	3	89	0.9486841314	0.001993470802		3.082130675	19.60958229	77.30828704				50.41927564	1.592922364	47.98780199	0	0	0	-943.0090561	0.9486841314	22886.3674438014	-943.0090561	0.001993470802			
940.4490561	8	3	89	0.9487947245	0.001951674268		3.069640276	19.59217985	77.33817987				50.51186583	1.557725032	47.93040914	0	0	0	-940.4490561	0.9487947245	23420.534530308	-940.4490561	0.001951674268			
937.8890561	8	3	89	0.9489028009	0.001910879649		3.057235565	19.57427894	77.36848549				50.60271801	1.523231694	47.8740503	0	0	0	-937.8890561	0.9489028009	23964.6179283581	-937.8890561	0.001910879649			
935.3290561	8	3	89	0.9490084289	0.001871056857		3.044914217	19.55589205	77.39919373				50.69186671	1.489428348	47.81870494	0	0	0	-935.3290561	0.9490084289	24518.7988629536	-935.3290561	0.001871056857			
932.7690561	8	3	89	0.9491116746	0.001832176813		3.032674067	19.53703104	77.43029489				50.77934566	1.456301282	47.76435306	0	0	0	-932.7690561	0.9491116746	25083.2663477454	-932.7690561	0.001832176813			
930.2090561	8	3	89	0.9492126017	0.00179421142		3.020513096	19.51770722	77.46177969				50.86518777	1.423837076	47.71097515	0	0	0	-930.2090561	0.9492126017	25658.2501112963	-930.2090561	0.00179421142			
927.6490561	8	3	89	0.9493112716	0.001757133529		3.008429427	19.49793133	77.49363924				50.94942521	1.392022593	47.6585522	0	0	0	-927.6490561	0.9493112716	26243.9330032099	-927.6490561	0.001757133529			
925.0890561	8	3	89	0.9494077439	0.001720917018		2.996421325	19.47771358	77.5258651				51.03208936	1.360844977	47.60706567	0	0	0	-925.0890561	0.9494077439	26840.5157653968	-925.0890561	0.001720917018			
922.5290561	8	3	89	0.949502076	0.00168553635		2.984487168	19.45706369	77.55844914				51.11321086	1.330291651	47.55649749	0	0	0	-922.5290561	0.949502076	27448.2534594928	-922.5290561	0.00168553635			
919.9690561	8	3	89	0.9495943233	0.001650967162		2.972625464	19.4359909	77.59138363				51.19281965	1.300350307	47.50683004	0	0	0	-919.9690561	0.9495943233	28067.3614617237	-919.9690561	0.001650967162			
917.4090561	8	3	89	0.9496845395	0.001617185822		2.960834837	19.41450398	77.62466118				51.27094496	1.271008903	47.45804614	0	0	0	-917.4090561	0.9496845395	28698.0718062977	-917.4090561	0.001617185822			
914.8490561	8	3	89	0.9497727764	0.001584169509		2.94911402	19.39261125	77.65827473				51.34761531	1.242255657	47.41012903	0	0	0	-914.8490561	0.9497727764	29340.6447846038	-914.8490561	0.001584169509			
912.2890561	8	3	89	0.9498590841	0.001551896181		2.937461854	19.3703206	77.69221754				51.42285857	1.214079047	47.36306238	0	0	0	-912.2890561	0.9498590841	29995.2873181992	-912.2890561	0.001551896181			
909.7290561	8	3	89	0.9499435113	0.001520344552		2.925877281	19.34763953	77.72648319				51.49670196	1.186467796	47.31683025	0	0	0	-909.7290561	0.9499435113	30662.2738088468	-909.7290561	0.001520344552			
907.1690561	8	3	89	0.9500261048	0.001489494063		2.914359337	19.32457512	77.76106554				51.56917205	1.159410876	47.27141708	0	0	0	-907.1690561	0.9500261048	31341.9059760869	-907.1690561	0.001489494063			
904.6090561	8	3	89	0.95010691	0.00145932486		2.902907153	19.3011341	77.79595875				51.64029479	1.132897498	47.22680771	0	0	0	-904.6090561	0.95010691	32034.4498458407	-904.6090561	0.00145932486			
902.0490561	8	3	89	0.9501859708	0.001429817764		2.891519946	19.27732283	77.83115723				51.71009556	1.106917108	47.18298733	0	0	0	-902.0490561	0.9501859708	32760.3399498729	-902.0490561	0.001429817764			
899.4890561	8	3	89	0.9502632377	0.001399283989		2.880082348	19.25343883	77.86647882				51.77851762	1.081489347	47.13999303	0	0	0	-899.4890561	0.9502632377	33478.3410827687	-899.4890561	0.001399283989			
896.9290561	8	3	89	0.9503389376	0.001372736866		2.868823301	19.22890414	77.90227256				51.84574921	1.056543463	47.09770733	0	0	0	-896.9290561	0.9503389376	34191.6802486583	-896.9290561	0.001372736866			
894.3690561	8	3	89	0.9504130168	0.001345108137		2.857627508	19.20401599	77.9383565				51.91173153	1.032100239	47.05616823	0	0	0	-894.3690561	0.9504130168	34938.7529814329	-894.3690561	0.001345108137			
891.8090561	8	3	89	0.9504855139	0.001318065396		2.846494042	19.17878049	77.97472547				51.97648735	1.008150126	47.01536252	0	0	0	-891.8090561	0.9504855139	35700.2814154735	-891.8090561	0.001318065396			
889.2490561	8	3	89	0.9505564663	0.001291599308		2.835422572	19.15320224	78.01137519				52.0400393	0.9846836443	46.97527706	0	0	0	-889.2490561	0.9505564663	36476.5916092652	-889.2490561	0.001291599308			
886.6890561	8	3	89	0.9506259103	0.001265692806		2.824412724	19.12728582	78.04830145				52.10240943	0.9616915452	46.93589903	0	0	0	-886.6890561	0.9506259103	37267.9602500584	-886.6890561	0.001265692806			
884.1290561	8	3	89	0.9506938813	0.001240330858		2.813464195	19.10103556	78.08550025				52.16361929	0.9391647779	46.89721593	0	0	0	-884.1290561	0.9506938813	38074.7806004836	-884.1290561	0.001240330858			
881.5690561	8	3	89	0.9507604133	0.001215498945		2.802576742	19.07445547	78.12296779				52.22368997	0.9170944849	46.85921554	0	0	0	-881.5690561	0.9507604133	38897.4760061275	-881.5690561	0.001215498945			
879.0090561	8	3	89	0.9508255394	0.001191183031		2.791750185	19.04754935	78.16070047				52.28264207	0.8954719974	46.82188593	0	0	0	-879.0090561	0.9508255394	39736.3359333847	-879.0090561	0.001191183031			
876.4490561	8	3	89	0.9508892919	0.001167369546		2.780984404	19.02032071	78.19869489				52.34049574	0.8742888302	46.78521543	0	0	0	-876.4490561	0.9508892919	40591.7734975528	-876.4490561	0.001167369546			
873.8890561	8	3	89	0.9509517019	0.001144045372		2.770279337	18.99277285	78.23694782				52.3972707	0.8535366778	46.74919263	0	0	0	-873.8890561	0.9509517019	41464.2314615425	-873.8890561	0.001144045372			
871.3290561	8	3	89	0.9510127997	0.001121197826		2.759634977	18.96490881	78.27545621				52.45298622	0.8332074095	46.71380637	0	0	0	-871.3290561	0.9510127997	42354.0991164286	-871.3290561	0.001121197826			
868.7690561	8	3	89	0.9510726147	0.00109881464		2.749051372	18.93673143	78.3142172				52.50766117	0.8132930652	46.67904576	0	0	0	-868.7690561	0.9510726147	43261.7571683134	-868.7690561	0.00109881464			
866.2090561	8	3	89	0.9511311756	0.001076883949		2.738528624	18.90824331	78.35322807				52.56131401	0.7937858509	46.64490014	0	0	0	-866.2090561	0.9511311756	44187.7019170934	-866.2090561	0.001076883949			
863.6490561	8	3	89	0.95118851	0.00105539428		2.728066883	18.87944684	78.39248627				52.61396279	0.7746781351	46.61135907	0	0	0	-863.6490561	0.95118851	45132.4229367211	-863.6490561	0.00105539428			
861.0890561	8	3	89	0.9512446449	0.00103433453		2.717666354	18.85034422	78.43198943				52.6656252	0.7559624441	46.57841235	0	0	0	-861.0890561	0.9512446449	46096.2987649708	-861.0890561	0.00103433453			
858.5290561	8	3	89	0.9512996066	0.001013694094		2.707327304	18.82093736	78.47173533				52.71631852	0.7376314574	46.54605002	0	0	0	-858.5290561	0.9512996066	47079.8625470615	-858.5290561	0.001013694094			
855.9690561	8	3	89	0.9513534205	0.0009934623003		2.697050014	18.79122812	78.51172186				52.76605971	0.7196780067	46.51426228	0	0	0	-855.9690561	0.9513534205	48083.6412567355	-855.9690561	0.0009934623003			
853.4090561	8	3	89	0.9514061114	0.000973629231		2.686834832	18.76121809	78.55194708				52.81486536	0.7020950691	46.48303957	0	0	0	-853.4090561	0.9514061114	49108.1694494518	-853.4090561	0.000973629231			
850.8490561	8	3	89	0.9514577033	0.00095418515		2.676682148	18.73090868	78.59240917				52.86275171	0.6848757645	46.45237253	0	0	0	-850.8490561	0.9514577033	50153.8633149109	-850.8490561	0.00095418515			
848.2890561	8	3	89	0.9515082199	0.000935120633		2.666592402	18.70030111	78.63310649				52.90973467	0.6680133518	46.42225198	0	0	0	-848.2890561	0.9515082199	51221.3949944833	-848.2890561	0.000935120633			
845.7290561	8	3	89	0.9515576837	0.0009164265538		2.656566074	18.66939644	78.67403748				52.95582982	0.6515012253	46.39266895	0	0	0	-845.7290561	0.9515576837	52311.3484193812	-845.7290561	0.0009164265538			
843.1690561	8	3	89	0.9516061171	0.000898094076		2.646603692	18.63819554	78.71520077				53.00105244	0.6353329119	46.36361464	0	0	0	-843.1690561	0.9516061171	53424.1714923075	-843.1690561	0.000898094076			
840.6090561	8	3	89	0.9516535417	0.0008801146416		2.636705826	18.60669912	78.75659506				53.04541749	0.6195020669	46.33508045	0	0	0	-840.6090561	0.9516535417	54560.5995490601	-840.6090561	0.0008801146416			
838.0490561	8	3	89	0.9516999785	0.0008624799617		2.626873088	18.57490771	78.79821921				53.08893962	0.6040024715	46.30705791	0	0	0	-838.0490561	0.9516999785	55721.3188310044	-838.0490561	0.0008624799617			
835.4890561	8	3	89	0.9517454479	0.0008451820064		2.617106135	18.54282168	78.84007219				53.13163321	0.5888280291	46.27953876	0	0	0	-835.4890561	0.9517454479	56906.8723403632	-835.4890561	0.0008451820064			
832.9290561	8	3	89	0.95178997	0.0008282129956		2.607405665	18.51044125	78.88215309				53.17351235	0.5739727626	46.25251488	0	0	0	-832.9290561	0.95178997	58117.8462298267	-832.9290561	0.0008282129956			
830.3690561	8	3	89	0.9518335643	0.0008115653905		2.59777242	18.47776646	78.92446112				53.21459086	0.5594308112	46.22597833	0	0	0	-830.3690561	0.9518335643	59355.1283986979	-830.3690561	0.0008115653905			
827.8090561	8	3	89	0.9518762496	0.0007952318847		2.588207185	18.44479721	78.9669956				53.25488227	0.5451964274	46.19992131	0	0	0	-827.8090561	0.9518762496	60619.3835942539	-827.8090561	0.0007952318847			
825.2490561	8	3	89	0.9519180445	0.0007792053961		2.578710786	18.41153325	79.00975597				53.29439987	0.5312639744	46.17433615	0	0	0	-825.2490561	0.9519180445	61911.3465604704	-825.2490561	0.0007792053961			
822.6890561	8	3	89	0.9519589669	0.0007634790591		2.569284093	18.37797414	79.05274177				53.3331567	0.5176279234	46.14921538	0	0	0	-822.6890561	0.9519589669	63231.7670486842	-822.6890561	0.0007634790591			
820.1290561	8	3	89	0.9519990345	0.0007480462169		2.559928019	18.34411933	79.09595265				53.37116554	0.5042828504	46.12455161	0	0	0	-820.1290561	0.9519990345	64581.3915363745	-820.1290561	0.0007480462169			
817.5690561	8	3	89	0.9520382644	0.0007329004145		2.55064352	18.3099681	79.13938838				53.40843893	0.4912234342	46.10033763	0	0	0	-817.5690561	0.9520382644	65961.1584556705	-817.5690561	0.0007329004145			
815.0090561	8	3	89	0.9520766733	0.0007180353909		2.541431596	18.27551958	79.18304883				53.44498919	0.4784444536	46.07656635	0	0	0	-815.0090561	0.9520766733	67371.9099737543	-815.0090561	0.0007180353909			
812.4490561	8	3	89	0.9521142775	0.0007034450735		2.532293292	18.24077275	79.22693396				53.4808284	0.4659407847	46.05323082	0	0	0	-812.4490561	0.9521142775	68814.4437765332	-812.4490561	0.0007034450735			
809.8890561	8	3	89	0.952151093	0.0006891235704		2.523229698	18.20572645	79.27104386				53.51596842	0.4537073991	46.03032418	0	0	0	-809.8890561	0.952151093	70289.8074317083	-809.8890561	0.0006891235704			
807.3290561	8	3	89	0.9521871352	0.000675065165		2.514241949	18.17037936	79.31537869				53.55042089	0.441739361	46.00783975	0	0	0	-807.3290561	0.9521871352	71798.7886860452	-807.3290561	0.000675065165			
804.7690561	8	3	89	0.9522224195	0.0006612643096		2.505331228	18.13473003	79.35993874				53.58419726	0.4300318252	45.98577091	0	0	0	-804.7690561	0.9522224195	73342.4778387367	-804.7690561	0.0006612643096			
802.2090561	8	3	89	0.9522569605	0.0006477156197		2.496498764	18.09877684	79.4047244				53.61730875	0.4185800348	45.96411121	0	0	0	-802.2090561	0.9522569605	74921.8562626679	-802.2090561	0.0006477156197			
799.6490561	8	3	89	0.9522907729	0.0006344138682		2.487745835	18.06251803	79.44973613				53.6497664	0.4073793193	45.94285428	0	0	0	-799.6490561	0.9522907729	76537.928883066	-799.6490561	0.0006344138682			
797.0890561	8	3	89	0.9523238707	0.0006213540045		2.479073805	18.025951	79.4949752				53.68158104	0.3964250923	45.92199387	0	0	0	-797.0890561	0.9523238707	78215.2653465244	-797.0890561	0.0006213540045			
796.4490561	8	3	89	0.9523320309	0.0001532947924		2.47692343	18.01674683	79.50632974				53.68943136	0.393724321	45.91684432	0	0	0	-796.4490561	0.9523320309	78658.889626015	-796.4490561	0.0001532947924			
796.1290561	8	3	89	0.9523360932	7.632111993E-05		2.475850994	18.01213473	79.51201427				53.69334034	0.3923795837	45.91428008	0	0	0	-796.1290561	0.9523360932	78877.2520380652	-796.1290561	7.632111993E-05			
796.0490561	8	3	89	0.9523371071	1.905014232E-05		2.475583346	18.01098019	79.51343646				53.69431606	0.3920439532	45.91363999	0	0	0	-796.0490561	0.9523371071	79989.7714004779	-796.0490561	1.905014232E-05			
796.0290561	8	3	89	0.9523373563	4.666727788E-06		2.475519872	18.01068119	79.51379894				53.69455617	0.3919599896	45.91348384	0	0	0	-796.0290561	0.9523373563	79622.9118214742	-796.0290561	4.666727788E-06			
796.0190561	8	3	89	0.9523374824	2.365474429E-06		2.475486885	18.01053577	79.51397735				53.6946775	0.3919180451	45.91340446	0	0	0	-796.0190561	0.9523374824	75715.6764148909	-796.0190561	2.365474429E-06			
795.9990561	8	3	89	0.9523398472	2.620845516E-06	4.418817245E-05	2.474638876	18.01259705	79.51276407	33.52682162	0.6391408094	65.83403757	53.6957034	0.3918611391	45.91243546	0	0	0	-795.9990561	0.9523398472	14862.7208951448	-795.9990561	2.620845516E-06	4.418817245E-05	-0.125909176286245	
795.9790561	8	3	89	0.9523409651	3.877232915E-06	1.809764968E-05	2.474252269	18.01327038	79.51247735	33.52849195	0.6389691641	65.83253889	53.69626698	0.3917883433	45.91194467	0	0	0	-795.9790561	0.9523409651	17860.0129496864	-795.9790561	3.877232915E-06	1.809764968E-05	0.826301193277641	
795.9390561	8	3	89	0.9523432125	7.767735921E-06	3.641400232E-05	2.473475044	18.01462975	79.51189521	33.53184805	0.6386254775	65.82952647	53.69739879	0.3916429044	45.9109583	0	0	0	-795.9390561	0.9523432125	17797.1572212231	-795.9390561	7.767735921E-06	3.641400232E-05	0.212562095216174	
795.8590561	8	3	89	0.9523477082	1.55261415E-05	7.286022087E-05	2.471921174	18.01734824	79.51073058	33.53856146	0.6379384726	65.82350007	53.69966232	0.3913521503	45.90898553	0	0	0	-795.8590561	0.9523477082	17792.3424767961	-795.8590561	1.55261415E-05	7.286022087E-05	0.212651023010976	
795.6990561	8	3	89	0.9523567033	3.101574364E-05	0.0001458531025	2.468815784	18.02278425	79.50839996	33.55198544	0.636566546	65.81144801	53.70418915	0.3907711299	45.90503972	0	0	0	-795.6990561	0.9523567033	17784.2351396611	-795.6990561	3.101574364E-05	0.0001458531025	0.211793971150839	
795.3790561	8	3	89	0.9523747033	6.18780967E-05	0.0002921436531	2.462614354	18.0336525	79.50373315	33.57884841	0.6338288335	65.78732276	53.71323958	0.3896111942	45.89714923	0	0	0	-795.3790561	0.9523747033	17767.3066706481	-795.3790561	6.18780967E-05	0.0002921436531	0.209627097389631	
794.7390561	8	3	89	0.9524107671	0.000122847615	0.000586781769	2.450248737	18.05537412	79.49437714	33.63261662	0.628379435	65.73900394	53.73133292	0.3872992245	45.88136786	0	0	0	-794.7390561	0.9524107671	17731.0731178751	-794.7390561	0.000122847615	0.000586781769	0.205681295966789	
793.4590561	8	3	89	0.9524830815	0.000243548769	0.001180891573	2.425665281	18.0987601	79.47557462	33.74032541	0.6175841105	65.64209048	53.76748708	0.3827071228	45.8498058	0	0	0	-793.4590561	0.9524830815	17668.3445295602	-793.4590561	0.000243548769	0.001180891573	0.200260278802584	
790.8990561	8	3	89	0.9526285054	0.0004788110023	0.002391426206	2.377083543	18.18530912	79.43760733	33.95646806	0.5964018585	65.44713009	53.83967014	0.3736493148	45.78668055	0	0	0	-790.8990561	0.9526285054	17563.5250900782	-790.8990561	0.0004788110023	0.002391426206	-0.297547129184515	
788.3390561	8	3	89	0.9527745978	0.0004679224385	0.002426354552	2.329266553	18.27158626	79.39914719	34.17363755	0.5757546959	65.25060776	53.91169814	0.3647583131	45.72354355	0	0	0	-788.3390561	0.9527745978	17479.4958562504	-788.3390561	0.0004679224385	0.002426354552	-0.302837460419343	
785.7790561	8	3	89	0.9529214237	0.0004574518161	0.002461998935	2.282198332	18.35761582	79.36018585	34.39190948	0.5556312908	65.05245923	53.98358361	0.3560320011	45.66038439	0	0	0	-785.7790561	0.9529214237	17389.6759333545	-785.7790561	0.0004574518161	0.002461998935	-0.287050337913688	
783.2190561	8	3	89	0.9530690295	0.0004472035337	0.002498577387	2.235863398	18.4434224	79.3207142	34.61136042	0.5360207227	64.85261886	54.05533965	0.3474682719	45.59719208	0	0	0	-783.2190561	0.9530690295	17295.1905541047	-783.2190561	0.0004472035337	0.002498577387	-0.273603469569928	
780.6590561	8	3	89	0.9532174644	0.0004371716229	0.002536170929	2.190246538	18.52903162	79.28072185	34.83206983	0.516912389	64.65101778	54.12698001	0.3390650416	45.53395494	0	0	0	-780.6590561	0.9532174644	17195.9002242145	-780.6590561	0.0004371716229	0.002536170929	-0.260458272904846	
778.0990561	8	3	89	0.9533667801	0.0004273509025	0.002574853557	2.145333001	18.61446946	79.24019754	35.0541196	0.4982960014	64.4475844	54.19851893	0.3308202401	45.47066083	0	0	0	-778.0990561	0.9533667801	17091.674223317	-778.0990561	0.0004273509025	0.002574853557	-0.247664728818051	
775.5390561	8	3	89	0.9535170313	0.000417736405	0.002614704342	2.101108479	18.69976239	79.19912913	35.2775943	0.4801615704	64.24224413	54.26997114	0.3227318111	45.40729705	0	0	0	-775.5390561	0.9535170313	16982.4076430207	-775.5390561	0.000417736405	0.002614704342	-0.235229878632791	
772.9790561	8	3	89	0.9536682751	0.0004083233624	0.002655807955	2.057559082	18.78493738	79.15750354	35.50258133	0.4624993906	64.03491927	54.34135193	0.314797712	45.34385036	0	0	0	-772.9790561	0.9536682751	16867.984852655	-772.9790561	0.0004083233624	0.002655807955	-0.223159472804966	
770.4190561	8	3	89	0.9538205722	0.000399107199	0.002698255262	2.014671313	18.87002198	79.1153067	35.72917125	0.4453000273	63.82552872	54.41267716	0.3070159144	45.28030693	0	0	0	-770.4190561	0.9538205722	16748.2743718132	-770.4190561	0.000399107199	0.002698255262	-0.211457975158827	
767.8590561	8	3	89	0.9539739864	0.0003900835232	0.002742143971	1.972432052	18.95504444	79.07252351	35.95745795	0.4285543037	63.61398775	54.48396334	0.2993844037	45.21665226	0	0	0	-767.8590561	0.9539739864	16623.166765074	-767.8590561	0.0003900835232	0.002742143971	-0.200128652171707	
765.2990561	8	3	89	0.9541285852	0.0003812481205	0.002787579368	1.93082853	19.04003372	79.02913775	36.18753896	0.4122532883	63.40020775	54.55522764	0.2919011796	45.15287118	0	0	0	-765.2990561	0.9541285852	16492.5373946526	-765.2990561	0.0003812481205	0.002787579368	-0.189173598114549	
762.7390561	8	3	89	0.95428444	0.0003725969467	0.002834675143	1.889848314	19.12501963	78.98513206	36.41951577	0.3963882838	63.18409595	54.62648797	0.2845642557	45.08894778	0	0	0	-762.7390561	0.95428444	16356.2510827429	-762.7390561	0.0003725969467	0.002834675143	-0.178593805122297	
760.1790561	8	3	89	0.9544416267	0.0003641261224	0.002883554315	1.849479283	19.2100329	78.94048782	36.6534941	0.3809508154	62.96555509	54.69776301	0.2773716598	45.02486533	0	0	0	-760.1790561	0.9544416267	16214.1807403979	-760.1790561	0.0003641261224	0.002883554315	-0.16838921634412	
757.6190561	8	3	89	0.9546002256	0.000355831928	0.002934350284	1.809709613	19.29510529	78.8951851	36.88958428	0.365932621	62.7444831	54.76907231	0.2703214342	44.96060625	0	0	0	-757.6190561	0.9546002256	16066.2016112561	-757.6190561	0.000355831928	0.002934350284	-0.158558793221779	
755.0590561	8	3	89	0.9547603222	0.000347710799	0.002987208014	1.770527758	19.38026968	78.84920256	37.12790162	0.3513256407	62.52077273	54.84043631	0.2634116351	44.89615205	0	0	0	-755.0590561	0.9547603222	15912.1644050138	-755.0590561	0.000347710799	0.002987208014	-0.149100579059847	
752.4990561	8	3	89	0.9549220077	0.0003397593226	0.003042285385	1.731922431	19.46556022	78.80251735	37.36856685	0.3371220076	62.29431114	54.91187646	0.2566403334	44.83148321	0	0	0	-752.4990561	0.9549220077	15751.945410376	-752.4990561	0.0003397593226	0.003042285385	-0.140011755383864	
749.9390561	8	3	89	0.9550853789	0.000331974235	0.003099754724	1.693882588	19.55101241	78.755105	37.61170652	0.3233140388	62.06497944	54.98341526	0.2500056142	44.76657912	0	0	0	-749.9390561	0.9550853789	15585.4083678245	-749.9390561	0.000331974235	0.003099754724	-0.131288711993877	
747.3790561	8	3	89	0.9552505396	0.0003243524189	0.003159804565	1.65639741	19.6366633	78.70693929	37.85745352	0.3098942261	61.83265226	55.05507641	0.243505577	44.70141801	0	0	0	-747.3790561	0.9552505396	15412.3948922088	-747.3790561	0.0003243524189	0.003159804565	-0.122927109108787	
744.8190561	8	3	89	0.9554176008	0.0003168909029	0.00322264165	1.619456285	19.72255159	78.65799212	38.10594765	0.2968552286	61.59719712	55.12688485	0.2371383359	44.63597682	0	0	0	-744.8190561	0.9554176008	15232.7710290871	-744.8190561	0.0003168909029	0.00322264165	-0.114921942640728	
742.2590561	8	3	89	0.9555866813	0.0003095868603	0.003288493249	1.58304879	19.80871784	78.60823337	38.35733618	0.2841898642	61.35847395	55.19886691	0.2309020196	44.57023107	0	0	0	-742.2590561	0.9555866813	15046.392099703	-742.2590561	0.0003095868603	0.003288493249	-0.107267598707306	
739.6990561	8	3	89	0.9557579088	0.0003024376108	0.003357609818	1.547164675	19.89520462	78.5576307	38.61177457	0.2718911021	61.11633433	55.27105045	0.2247947713	44.50415478	0	0	0	-739.6990561	0.9557579088	14853.1067331899	-739.6990561	0.0003024376108	0.003357609818	-0.0999579238049365	
737.1390561	8	3	89	0.9559314206	0.0002954406214	0.003430268083	1.511793846	19.98205677	78.50614939	38.86942713	0.2599520555	60.87062082	55.34346496	0.218814749	44.43772029	0	0	0	-737.1390561	0.9559314206	14652.7635581881	-737.1390561	0.0002954406214	0.003430268083	-0.0929862762405554	
734.5790561	8	3	89	0.9561073648	0.00028859351	0.003506774629	1.476926341	20.06932158	78.45375208	39.13046792	0.2483659744	60.62116611	55.41614176	0.2129601254	44.37089812	0	0	0	-734.5790561	0.9561073648	14445.2046451688	-734.5790561	0.00028859351	0.003506774629	-0.0863455803611567	
732.0190561	8	3	89	0.9562859014	0.0002818940498	0.003587470071	1.442552317	20.1570491	78.40039859	39.39508162	0.2371262391	60.36779214	55.48911414	0.207229088	44.30365677	0	0	0	-732.0190561	0.9562859014	14229.9946554325	-732.0190561	0.0002818940498	0.003587470071	-0.0804402441113058	
729.4590561	8	3	89	0.9564672109	0.000275249986	0.003672973599	1.408662026	20.24529238	78.34604559	39.66346459	0.2262263532	60.11030905	55.56241761	0.2016198393	44.23596255	0	0	0	-729.4590561	0.9564672109	14007.2582836463	-729.4590561	0.000275249986	0.003672973599	-0.074450070819935	
726.8990561	8	3	89	0.9566514739	0.0002688403814	0.00376323194	1.375245795	20.33410786	78.29064634	39.935826	0.2156599376	59.84851407	55.63609008	0.1961305969	44.16777932	0	0	0	-726.8990561	0.9566514739	13777.1277396688	-726.8990561	0.0002688403814	0.00376323194	-0.0683310670536653	
724.3390561	8	3	89	0.956838895	0.000262571432	0.003858962294	1.342294002	20.4235557	78.2341503	40.21238911	0.205420724	59.58219016	55.71017216	0.1907595932	44.09906824	0	0	0	-724.3390561	0.956838895	13539.3165457712	-724.3390561	0.000262571432	0.003858962294	-0.0625449362259243	
721.7790561	8	3	89	0.9570296921	0.0002565362751	0.003960520916	1.309796444	20.51370324	78.17650032	40.49339686	0.1955025097	59.31110063	55.7847085	0.1855051048	44.0297864	0	0	0	-721.7790561	0.9570296921	13293.6010725046	-721.7790561	0.0002565362751	0.003960520916	-0.0574286188388693	
719.2190561	8	3	89	0.9572241108	0.000250549213	0.004068785994	1.277744748	20.60461339	78.11764187	40.77909742	0.1858993087	59.03500328	55.85974388	0.1803653377	43.95989078	0	0	0	-719.2190561	0.9572241108	13039.521031184	-719.2190561	0.000250549213	0.004068785994	-0.0530252611259182	
716.6590561	8	3	89	0.9574224217	0.0002446987508	0.004184417572	1.246128679	20.69636327	78.05750805	41.06977004	0.1766051096	58.75362485	55.93532995	0.1753385992	43.88933145	0	0	0	-716.6590561	0.9574224217	12776.9803320175	-716.6590561	0.0002446987508	0.004184417572	-0.0484644817683973	
714.0990561	8	3	89	0.9576249189	0.0002389855297	0.004308121982	1.214938553	20.78903285	77.9960286	41.3657114	0.1676140278	58.46667457	56.01152146	0.1704231839	43.81805535	0	0	0	-714.0990561	0.9576249189	12505.9165136713	-714.0990561	0.0002389855297	0.004308121982	-0.0441815624041153	
711.5390561	8	3	89	0.9578319273	0.0002334090153	0.004440790208	1.184164588	20.88270861	77.9331268	41.66724205	0.1589202598	58.17383769	56.08837782	0.1656174023	43.74600478	0	0	0	-711.5390561	0.9578319273	12226.1633588106	-711.5390561	0.0002334090153	0.004440790208	-0.0401545248978601	
708.9790561	8	3	89	0.9580438062	0.0002279690017	0.004583445145	1.153796862	20.97748445	77.86871868	41.97470934	0.1505180775	57.87477258	56.1659637	0.1609195809	43.67311672	0	0	0	-708.9790561	0.9580438062	11937.5551868757	-708.9790561	0.0002279690017	0.004583445145	-0.0363744986381136	
706.4190561	8	3	89	0.9582609553	0.0002226656622	0.004737266833	1.123825265	21.07346266	77.80271208	42.28849077	0.1424018223	57.56910741	56.24434976	0.1563280629	43.59932218	0	0	0	-706.4190561	0.9582609553	11639.9109665495	-706.4190561	0.0002226656622	0.004737266833	-0.0328326198929822	
703.8590561	8	3	89	0.9584838206	0.0002174996118	0.004903623666	1.094239448	21.17075504	77.73500552	42.60899795	0.1345658987	57.25643615	56.32361342	0.1518412081	43.52454538	0	0	0	-703.8590561	0.9584838206	11333.0684078669	-703.8590561	0.0002174996118	0.004903623666	-0.0295200608036304	
701.2990561	8	3	89	0.9587129015	0.0002124719864	0.005084111291	1.065028757	21.26948433	77.66548691	42.93668127	0.1270047684	56.93631396	56.40383987	0.1474573938	43.44870273	0	0	0	-701.2990561	0.9587129015	11016.8556017829	-701.2990561	0.0002124719864	0.005084111291	-0.0264280502321351	
698.7390561	8	3	89	0.9589487606	0.0002075845428	0.005280601528	1.036182159	21.36978579	77.59403205	43.27203537	0.1197129432	56.60825169	56.48512324	0.1431750148	43.37170174	0	0	0	-698.7390561	0.9589487606	10691.0961614105	-698.7390561	0.0002075845428	0.005280601528	-0.0235478925250953	
696.1790561	8	3	89	0.9591920341	0.0002028397872	0.005495304397	1.007688153	21.47180917	77.52050268	43.61560568	0.1126849778	56.27170935	56.56756795	0.1389924842	43.29343957	0	0	0	-696.1790561	0.9591920341	10355.6301878188	-696.1790561	0.0002028397872	0.005495304397	-0.0208710131115506	
693.6190561	8	3	89	0.9594434453	0.0001982411363	0.005730847035	0.9795346673	21.575721	77.44474433	43.96799507	0.1059154738	55.92608946	56.65129038	0.134908234	43.21380139	0	0	0	-693.6190561	0.9594434453	10010.2881505824	-693.6190561	0.0001982411363	0.005730847035	-0.0183888717350297	
691.0590561	8	3	89	0.9597038219	0.0001937931472	0.005990378626	0.9517089294	21.68170746	77.36658361	44.32987826	0.0993990244	55.57072272	56.73642093	0.1309207162	43.13265835	0	0	0	-691.0590561	0.9597038219	9654.90469331096	-691.0590561	0.0001937931472	0.005990378626	-0.0160930818720126	
688.4990561	8	3	89	0.9599741163	0.0001895017777	0.006277701836	0.924197312	21.78997785	77.28582484	44.70200594	0.09313027547	55.20486379	56.8231065	0.1270284036	43.04986509	0	0	0	-688.4990561	0.9599741163	9289.32457981121	-688.4990561	0.0001895017777	0.006277701836	-0.0139754787289924	
685.9390561	8	3	89	0.9602554325	0.0001853747777	0.006597453332	0.8969851398	21.90076886	77.202246	45.08522409	0.08710386593	54.82767205	56.91151355	0.123229791	42.96525666	0	0	0	-685.9390561	0.9602554325	8913.39135195232	-685.9390561	0.0001853747777	0.006597453332	-0.0120279392651324	
683.3790561	8	3	89	0.9605490599	0.0001814221928	0.006955343021	0.8700564498	22.01434994	77.11559361	45.48049047	0.0813144267	54.43819511	57.00183195	0.1195233971	42.87864466	0	0	0	-683.3790561	0.9605490599	8526.95624497883	-683.3790561	0.0001814221928	0.006955343021	-0.0102425259676731	
680.8190561	8	3	89	0.9608565173	0.0001776570598	0.007358481204	0.8433936873	22.13103006	77.02557625	45.888897	0.07575656444	54.03534644	57.09427988	0.1159077663	42.78981235	0	0	0	-680.8190561	0.9608565173	8129.87715969486	-680.8190561	0.0001776570598	0.007358481204	-0.00861146082059878	
678.2590561	8	3	89	0.9611796107	0.0001740963743	0.007815832531	0.8169773161	22.25116639	76.93185629	46.31169831	0.07042484134	53.61787685	57.18911006	0.1123814711	42.69850847	0	0	0	-678.2590561	0.9611796107	7722.01899951389	-678.2590561	0.0001740963743	0.007815832531	-0.00712713137007729	
675.6990561	8	3	89	0.9615205107	0.0001707624636	0.008338857861	0.7907853111	22.37517554	76.83403914	46.75034867	0.06531374936	53.18433758	57.28661785	0.1089431161	42.60443904	0	0	0	-675.6990561	0.9615205107	7303.2563378553	-675.6990561	0.0001707624636	0.008338857861	-0.0057820948312976	
673.1390561	8	3	89	0.9618818575	0.0001676849747	0.008942441185	0.7647924867	22.5035484	76.73165911	47.20655057	0.06041767682	52.73303175	57.38715196	0.1055913417	42.50725669	0	0	0	-673.1390561	0.9618818575	6873.47270636826	-673.1390561	0.0001676849747	0.008942441185	-0.0045690807386687	
670.5790561	8	3	89	0.9622669074	0.0001649038244	0.009646260606	0.7389695906	22.63687008	76.62416033	47.68231979	0.05573086345	52.26194935	57.49112891	0.1023248301	42.40654626	0	0	0	-670.5790561	0.9622669074	6432.56325545274	-670.5790561	0.0001649038244	0.009646260606	-0.00348099254133381	
668.0190561	8	3	89	0.9626797402	0.0001624736951	0.01047687227	0.713282055	22.77584727	76.51087067	48.18007434	0.05124733883	51.76867832	57.59905276	0.09914231385	42.30180492	0	0	0	-668.0190561	0.9626797402	5980.43904595785	-668.0190561	0.0001624736951	0.01047687227	-0.0025109079149157	
665.4590561	8	3	89	0.9631255631	0.0001604711095	0.01147097935	0.6876882348	22.92134671	76.39096506	48.70275914	0.04696083487	51.25028003	57.71154301	0.09604258644	42.19241441	0	0	0	-665.4590561	0.9631255631	5517.02241408965	-665.4590561	0.0001604711095	0.01147097935	-0.00165207724591241	
662.8990561	8	3	89	0.9636111693	0.0001590059757	0.01268075217	0.662136848	23.07445071	76.26341245	49.25402557	0.04286465804	50.70310977	57.82937482	0.09302451884	42.07760066	0	0	0	-662.8990561	0.9636111693	5042.24992145826	-662.8990561	0.0001590059757	0.01268075217	-0.000897921423287609	
660.3390561	8	3	89	0.9641456567	0.0001582412699	0.01418287114	0.6365631323	23.23654022	76.12689664	49.838499	0.03895149508	50.12254951	57.95353933	0.09008708342	41.95637359	0	0	0	-660.3390561	0.9641456567	4556.07377030218	-660.3390561	0.0001582412699	0.01418287114	-0.000242023831373516	
657.7790561	8	3	89	0.964741608	0.0001584284101	0.01609472751	0.6108828378	23.40942394	75.97969322	50.46219518	0.03521309345	49.50259173	58.0853374	0.087229391	41.82743321	0	0	0	-657.7790561	0.964741608	4058.4644143279	-657.7790561	0.0001584284101	0.01609472751	0.000321865001869713	
655.2190561	8	3	89	0.9654171406	0.0001599749362	0.01860534853	0.5849823622	23.59554917	75.81946847	51.13318914	0.0316397947	48.83517106	58.22653295	0.08445075095	41.6890163	0	0	0	-655.2190561	0.9654171406	3549.41547322238	-655.2190561	0.0001599749362	0.01860534853	0.000799841608650573	
652.6590561	8	3	89	0.9661997372	0.0001635853068	0.02203948821	0.5587015163	23.79836829	75.64293019	51.86279202	0.02821956508	48.10898841	58.37961966	0.08175077477	41.53862957	0	0	0	-652.6590561	0.9661997372	3028.95781573532	-652.6590561	0.0001635853068	0.02203948821	0.00119788661759579	
650.0990561	8	3	89	0.9671341194	0.0001705860892	0.02700520329	0.5318008781	24.02302907	75.44517006	52.66775246	0.02493622809	47.30731132	58.54832382	0.07912956931	41.37254661	0	0	0	-650.0990561	0.9671341194	2497.23583624614	-650.0990561	0.0001705860892	0.02700520329	0.00152185255690852	
647.5390561	8	3	89	0.9683007167	0.0001837944607	0.03478670285	0.5038927374	24.27782647	75.2182808	53.57485764	0.02176571496	46.40337664	58.73866307	0.07658813883	41.18474879	0	0	0	-647.5390561	0.9683007167	1954.80397611898	-647.5390561	0.0001837944607	0.03478670285	0.00177871698254218	
644.9790561	8	3	89	0.9698686055	0.0002104482005	0.04864353396	0.4742696624	24.5777876	74.94794273	54.63227205	0.01866642863	45.34906152	58.96156335	0.07412936234	40.96430729	0	0	0	-644.9790561	0.9698686055	1404.41432901049	-644.9790561	0.0002104482005	0.04864353396	0.00197369191500607	
642.4190561	8	3	89	0.9723090938	0.000275853641	0.0799803024	0.4413462122	24.95626492	74.60238887	55.94613487	0.01554704602	44.03831808	59.24132895	0.07176112933	40.68690992	0	0	0	-642.4190561	0.9723090938	854.966479766499	-642.4190561	0.000275853641	0.0799803024	0.00879717901975145	
641.1390561	8	3	89	0.9741066694	0.0001904322819	0.06423892522	0.4223653289	25.20166664	74.37596803	56.78377023	0.01390567592	43.2023241	59.4220438	0.07061780011	40.5073384	0	0	0	-641.1390561	0.9741066694	597.83711000592	-641.1390561	0.0001904322819	0.06423892522	0.00651533424645439	
639.8590561	8	3	89	0.9774020797	0.0003283199583	0.1263283174	0.3993698152	25.53278127	74.06784892	57.89386393	0.01207220072	42.09406387	59.66527584	0.0695142786	40.26520988	0	0	0	-639.8590561	0.9774020797	292.411548066135	-639.8590561	0.0003283199583	0.1263283174	0.00108535905329248	
639.2190561	8	3	89	0.9806269011	0.0003407935678	0.1419134698	0.3839219133	25.78070466	73.83537343	58.70870594	0.01093656208	41.2803575	59.84710007	0.06899052618	40.08390941	0	0	0	-639.2190561	0.9806269011	147.203669544149	-639.2190561	0.0003407935678	0.1419134698	0.00114775687351071	
638.8990561	8	3	89	0.984112932	0.0004145541799	0.1791908304	0.3728105275	25.974362	73.65282747	59.3348853	0.01016782242	40.65494687	59.98903142	0.06874833652	39.94222024	0	0	0	-638.8990561	0.984112932	67.7501970002257	-638.8990561	0.0004145541799	0.1791908304	0.00173917904054943	
638.8190561	8	3	89	0.9854855545	0.0001968607672	0.08606227021	0.3688924494	26.04611762	73.58498993	59.56454123	0.009906408209	40.42555236	60.04161125	0.06869397852	39.88969477	0	0	0	-638.8190561	0.9854855545	48.4065385160514	-638.8190561	0.0001968607672	0.08606227021	0.00232082989601928	
638.7790561	8	3	89	0.9864502034	0.0001508824748	0.06622065727	0.366469496	26.09147109	73.54205942	59.70902622	0.009747279748	40.2812265	60.074845	0.06866924459	39.85648576	0	0	0	-638.7790561	0.9864502034	35.1329061207049	-638.7790561	0.0001508824748	0.06622065727	0.00234665701737825	
638.7390561	8	3	89	0.9880931019	0.0002746893669	0.1208643112	0.363378401	26.15046217	73.48615942	59.89617304	0.009547090478	40.09427987	60.11807142	0.0686480258	39.81328055	0	0	0	-638.7390561	0.9880931019	18.9071329478809	-638.7390561	0.0002746893669	0.1208643112	0.00237909374068074	
638.7190561	8	3	89	0.9894951897	0.0002664973102	0.1174105562	0.3612564899	26.19171681	73.4470267	60.02652778	0.009411496257	39.96406072	60.14830205	0.06864043819	39.78305752	0	0	0	-638.7190561	0.9894951897	11.1839288636486	-638.7190561	0.0002664973102	0.1174105562	0.00234410617595024	
638.7090561	8	3	89	0.9906524072	0.0002492528544	0.1098580219	0.3598156619	26.22009248	73.42009185	60.11593547	0.009320276141	39.87474425	60.16909619	0.06863862282	39.76226518	0	0	0	-638.7090561	0.9906524072	7.38070109070549	-638.7090561	0.0002492528544	0.1098580219	0.00228351383050191	
638.6990561	8	3	89	0.9955548409	0.001187600508	0.5232216643	0.3573362127	26.26964037	73.37302342	60.2715483	0.009164924024	39.71928678	60.20540817	0.0686422091	39.72594962	0	0	0	-638.6990561	0.9955548409	3.33602492932621	-638.6990561	0.001187600508	0.5232216643	0.0022835767742967	
638.6890561	8	3	89	0.9980564325	0.0012750045	0.5614757022	0.3563808506	26.28847323	73.35514592	60.33111585	0.009105182198	39.65977897	60.21925576	0.06863785651	39.71210638	0	0	0	-638.6890561	0.9980564325	7.57732548312691	-638.6890561	0.0012750045	0.5614757022	0.00996298298467177	
638.6790561	8	3	89	0.9991502167	0.001275153638	0.5614906669	0.3560355902	26.29491881	73.3490456	60.35195157	0.009083331612	39.6389651	60.22403337	0.06863030471	39.70733632	0	0	0	-638.6790561	0.9991502167	10.6199219869327	-638.6790561	0.001275153638	0.5614906669	0.00996572265764196	
638.6690561	8	3	89	1	0.00226576214	0.9977342379	0.3559058338	26.29697719	73.34711697	60.35906958	0.009074816487	39.6318556							-638.6690561	1	11.7677059551433	-638.6690561	0.00226576214	0.9977342379	0.00227076928544581	
638.6590561	8	3	89	1	0.00226576214	0.9977342379	0.3559058338	26.29697719	73.34711697	60.35906958	0.009074816487	39.6318556							-638.6590561	1	NaN	-638.6590561	0.00226576214	0.9977342379	NaN	
638.6390561	8	3	89	1	0.00226576214	0.9977342379	0.3559058338	26.29697719	73.34711697	60.35906958	0.009074816487	39.6318556							-638.6390561	1	NaN	-638.6390561	0.00226576214	0.9977342379	NaN	
638.5990561	8	3	89	1	0.00226576214	0.9977342379	0.3559058338	26.29697719	73.34711697	60.35906958	0.009074816487	39.6318556							-638.5990561	1	NaN	-638.5990561	0.00226576214	0.9977342379	NaN	
638.5190561	8	3	89	1	0.00226576214	0.9977342379	0.3559058338	26.29697719	73.34711697	60.35906958	0.009074816487	39.6318556							-638.5190561	1	NaN	-638.5190561	0.00226576214	0.9977342379	NaN	
638.3590561	8	3	89	1	0.00226576214	0.9977342379	0.3559058338	26.29697719	73.34711697	60.35906958	0.009074816487	39.6318556							-638.3590561	1	NaN	-638.3590561	0.00226576214	0.9977342379	NaN	
638.0390561	8	3	89	1	0.00226576214	0.9977342379	0.3559058338	26.29697719	73.34711697	60.35906958	0.009074816487	39.6318556							-638.0390561	1	NaN	-638.0390561	0.00226576214	0.9977342379	NaN	
637.3990561	8	3	89	1	0.00226576214	0.9977342379	0.3559058338	26.29697719	73.34711697	60.35906958	0.009074816487	39.6318556							-637.3990561	1	NaN	-637.3990561	0.00226576214	0.9977342379	NaN	
636.1190561	8	3	89	1	0.00226576214	0.9977342379	0.3559058338	26.29697719	73.34711697	60.35906958	0.009074816487	39.6318556							-636.1190561	1	NaN	-636.1190561	0.00226576214	0.9977342379	NaN	
633.5590561	8	3	89	1	0.00226576214	0.9977342379	0.3559058338	26.29697719	73.34711697	60.35906958	0.009074816487	39.6318556							-633.5590561	1	NaN	-633.5590561	0.00226576214	0.9977342379	NaN	
628.4390561	8	3	89	1	0.00226576214	0.9977342379	0.3559058338	26.29697719	73.34711697	60.35906958	0.009074816487	39.6318556							-628.4390561	1	NaN	-628.4390561	0.00226576214	0.9977342379	NaN	
623.3190561	8	3	89	1	0.00226576214	0.9977342379	0.3559058338	26.29697719	73.34711697	60.35906958	0.009074816487	39.6318556							-623.3190561	1	NaN	-623.3190561	0.00226576214	0.9977342379	NaN	
618.1990561	8	3	89	1	0.00226576214	0.9977342379	0.3559058338	26.29697719	73.34711697	60.35906958	0.009074816487	39.6318556							-618.1990561	1	NaN	-618.1990561	0.00226576214	0.9977342379	NaN	
613.0790561	8	3	89	1	0.00226576214	0.9977342379	0.3559058338	26.29697719	73.34711697	60.35906958	0.009074816487	39.6318556							-613.0790561	1	NaN	-613.0790561	0.00226576214	0.9977342379	NaN	
607.9590561	8	3	89	1	0.00226576214	0.9977342379	0.3559058338	26.29697719	73.34711697	60.35906958	0.009074816487	39.6318556							-607.9590561	1	NaN	-607.9590561	0.00226576214	0.9977342379	NaN	
602.8390561	8	3	89	1	0.00226576214	0.9977342379	0.3559058338	26.29697719	73.34711697	60.35906958	0.009074816487	39.6318556							-602.8390561	1	NaN	-602.8390561	0.00226576214	0.9977342379	NaN	
597.7190561	8	3	89	1	0.00226576214	0.9977342379	0.3559058338	26.29697719	73.34711697	60.35906958	0.009074816487	39.6318556							-597.7190561	1	NaN	-597.7190561	0.00226576214	0.9977342379	NaN	
592.5990561	8	3	89	1	0.00226576214	0.9977342379	0.3559058338	26.29697719	73.34711697	60.35906958	0.009074816487	39.6318556							-592.5990561	1	NaN	-592.5990561	0.00226576214	0.9977342379	NaN	
587.4790561	8	3	89	1	0.00226576214	0.9977342379	0.3559058338	26.29697719	73.34711697	60.35906958	0.009074816487	39.6318556							-587.4790561	1	NaN	-587.4790561	0.00226576214	0.9977342379	NaN	
582.3590561	8	3	89	1	0.00226576214	0.9977342379	0.3559058338	26.29697719	73.34711697	60.35906958	0.009074816487	39.6318556							-582.3590561	1	NaN	-582.3590561	0.00226576214	0.9977342379	NaN	
577.2390561	8	3	89	1	0.00226576214	0.9977342379	0.3559058338	26.29697719	73.34711697	60.35906958	0.009074816487	39.6318556							-577.2390561	1	NaN	-577.2390561	0.00226576214	0.9977342379	NaN	
572.1190561	8	3	89	1	0.00226576214	0.9977342379	0.3559058338	26.29697719	73.34711697	60.35906958	0.009074816487	39.6318556							-572.1190561	1	NaN	-572.1190561	0.00226576214	0.9977342379	NaN	
566.9990561	8	3	89	1	0.00226576214	0.9977342379	0.3559058338	26.29697719	73.34711697	60.35906958	0.009074816487	39.6318556							-566.9990561	1	NaN	-566.9990561	0.00226576214	0.9977342379	NaN	
561.8790561	8	3	89	1	0.00226576214	0.9977342379	0.3559058338	26.29697719	73.34711697	60.35906958	0.009074816487	39.6318556							-561.8790561	1	NaN	-561.8790561	0.00226576214	0.9977342379	NaN	
556.7590561	8	3	89	1	0.00226576214	0.9977342379	0.3559058338	26.29697719	73.34711697	60.35906958	0.009074816487	39.6318556							-556.7590561	1	NaN	-556.7590561	0.00226576214	0.9977342379	NaN	
551.6390561	8	3	89	1	0.00226576214	0.9977342379	0.3559058338	26.29697719	73.34711697	60.35906958	0.009074816487	39.6318556							-551.6390561	1	NaN	-551.6390561	0.00226576214	0.9977342379	NaN	
546.5190561	8	3	89	1	0.00226576214	0.9977342379	0.3559058338	26.29697719	73.34711697	60.35906958	0.009074816487	39.6318556							-546.5190561	1	NaN	-546.5190561	0.00226576214	0.9977342379	NaN	
541.3990561	8	3	89	1	0.00226576214	0.9977342379	0.3559058338	26.29697719	73.34711697	60.35906958	0.009074816487	39.6318556							-541.3990561	1	NaN	-541.3990561	0.00226576214	0.9977342379	NaN	
536.2790561	8	3	89	1	0.00226576214	0.9977342379	0.3559058338	26.29697719	73.34711697	60.35906958	0.009074816487	39.6318556							-536.2790561	1	NaN	-536.2790561	0.00226576214	0.9977342379	NaN	
531.1590561	8	3	89	1	0.00226576214	0.9977342379	0.3559058338	26.29697719	73.34711697	60.35906958	0.009074816487	39.6318556							-531.1590561	1	NaN	-531.1590561	0.00226576214	0.9977342379	NaN	
526.0390561	8	3	89	1	0.00226576214	0.9977342379	0.3559058338	26.29697719	73.34711697	60.35906958	0.009074816487	39.6318556							-526.0390561	1	NaN	-526.0390561	0.00226576214	0.9977342379	NaN	
520.9190561	8	3	89	1	0.00226576214	0.9977342379	0.3559058338	26.29697719	73.34711697	60.35906958	0.009074816487	39.6318556							-520.9190561	1	NaN	-520.9190561	0.00226576214	0.9977342379	NaN	
515.7990561	8	3	89	1	0.00226576214	0.9977342379	0.3559058338	26.29697719	73.34711697	60.35906958	0.009074816487	39.6318556							-515.7990561	1	NaN	-515.7990561	0.00226576214	0.9977342379	NaN	
510.6790561	8	3	89	1	0.00226576214	0.9977342379	0.3559058338	26.29697719	73.34711697	60.35906958	0.009074816487	39.6318556							-510.6790561	1	NaN	-510.6790561	0.00226576214	0.9977342379	NaN	
505.5590561	8	3	89	1	0.00226576214	0.9977342379	0.3559058338	26.29697719	73.34711697	60.35906958	0.009074816487	39.6318556							-505.5590561	1	NaN	-505.5590561	0.00226576214	0.9977342379	NaN	
500.4390561	8	3	89	1	0.00226576214	0.9977342379	0.3559058338	26.29697719	73.34711697	60.35906958	0.009074816487	39.6318556							-500.4390561	1	NaN	-500.4390561	0.00226576214	0.9977342379	NaN	
495.3190561	8	3	89	1	0.00226576214	0.9977342379	0.3559058338	26.29697719	73.34711697	60.35906958	0.009074816487	39.6318556							-495.3190561	1	NaN	-495.3190561	0.00226576214	0.9977342379	NaN	
490.1990561	8	3	89	1	0.00226576214	0.9977342379	0.3559058338	26.29697719	73.34711697	60.35906958	0.009074816487	39.6318556							-490.1990561	1	NaN	-490.1990561	0.00226576214	0.9977342379	NaN	
485.0790561	8	3	89	1	0.00226576214	0.9977342379	0.3559058338	26.29697719	73.34711697	60.35906958	0.009074816487	39.6318556							-485.0790561	1	NaN	-485.0790561	0.00226576214	0.9977342379	NaN	
479.9590561	8	3	89	1	0.00226576214	0.9977342379	0.3559058338	26.29697719	73.34711697	60.35906958	0.009074816487	39.6318556							-479.9590561	1	NaN	-479.9590561	0.00226576214	0.9977342379	NaN	
474.8390561	8	3	89	1	0.00226576214	0.9977342379	0.3559058338	26.29697719	73.34711697	60.35906958	0.009074816487	39.6318556							-474.8390561	1	NaN	-474.8390561	0.00226576214	0.9977342379	NaN	
469.7190561	8	3	89	1	0.00226576214	0.9977342379	0.3559058338	26.29697719	73.34711697	60.35906958	0.009074816487	39.6318556							-469.7190561	1	NaN	-469.7190561	0.00226576214	0.9977342379	NaN	
464.5990561	8	3	89	1	0.00226576214	0.9977342379	0.3559058338	26.29697719	73.34711697	60.35906958	0.009074816487	39.6318556							-464.5990561	1	NaN	-464.5990561	0.00226576214	0.9977342379	NaN	
459.4790561	8	3	89	1	0.00226576214	0.9977342379	0.3559058338	26.29697719	73.34711697	60.35906958	0.009074816487	39.6318556							-459.4790561	1	NaN	-459.4790561	0.00226576214	0.9977342379	NaN	
454.3590561	8	3	89	1	0.00226576214	0.9977342379	0.3559058338	26.29697719	73.34711697	60.35906958	0.009074816487	39.6318556							-454.3590561	1	NaN	-454.3590561	0.00226576214	0.9977342379	NaN	
449.2390561	8	3	89	1	0.00226576214	0.9977342379	0.3559058338	26.29697719	73.34711697	60.35906958	0.009074816487	39.6318556							-449.2390561	1	NaN	-449.2390561	0.00226576214	0.9977342379	NaN	
444.1190561	8	3	89	1	0.00226576214	0.9977342379	0.3559058338	26.29697719	73.34711697	60.35906958	0.009074816487	39.6318556							-444.1190561	1	NaN	-444.1190561	0.00226576214	0.9977342379	NaN	
438.9990561	8	3	89	1	0.00226576214	0.9977342379	0.3559058338	26.29697719	73.34711697	60.35906958	0.009074816487	39.6318556							-438.9990561	1	NaN	-438.9990561	0.00226576214	0.9977342379	NaN	
433.8790561	8	3	89	1	0.00226576214	0.9977342379	0.3559058338	26.29697719	73.34711697	60.35906958	0.009074816487	39.6318556							-433.8790561	1	NaN	-433.8790561	0.00226576214	0.9977342379	NaN	
428.7590561	8	3	89	1	0.00226576214	0.9977342379	0.3559058338	26.29697719	73.34711697	60.35906958	0.009074816487	39.6318556							-428.7590561	1	NaN	-428.7590561	0.00226576214	0.9977342379	NaN	
423.6390561	8	3	89	1	0.00226576214	0.9977342379	0.3559058338	26.29697719	73.34711697	60.35906958	0.009074816487	39.6318556							-423.6390561	1	NaN	-423.6390561	0.00226576214	0.9977342379	NaN	
418.5190561	8	3	89	1	0.00226576214	0.9977342379	0.3559058338	26.29697719	73.34711697	60.35906958	0.009074816487	39.6318556							-418.5190561	1	NaN	-418.5190561	0.00226576214	0.9977342379	NaN	
413.3990561	8	3	89	1	0.00226576214	0.9977342379	0.3559058338	26.29697719	73.34711697	60.35906958	0.009074816487	39.6318556							-413.3990561	1	NaN	-413.3990561	0.00226576214	0.9977342379	NaN	
408.2790561	8	3	89	1	0.00226576214	0.9977342379	0.3559058338	26.29697719	73.34711697	60.35906958	0.009074816487	39.6318556							-408.2790561	1	NaN	-408.2790561	0.00226576214	0.9977342379	NaN	
403.1590561	8	3	89	1	0.00226576214	0.9977342379	0.3559058338	26.29697719	73.34711697	60.35906958	0.009074816487	39.6318556							-403.1590561	1	NaN	-403.1590561	0.00226576214	0.9977342379	NaN	
398.0390561	8	3	89	1	0.00226576214	0.9977342379	0.3559058338	26.29697719	73.34711697	60.35906958	0.009074816487	39.6318556							-398.0390561	1	NaN	-398.0390561	0.00226576214	0.9977342379	NaN	
392.9190561	8	3	89	1	0.00226576214	0.9977342379	0.3559058338	26.29697719	73.34711697	60.35906958	0.009074816487	39.6318556							-392.9190561	1	NaN	-392.9190561	0.00226576214	0.9977342379	NaN	
387.7990561	8	3	89	1	0.00226576214	0.9977342379	0.3559058338	26.29697719	73.34711697	60.35906958	0.009074816487	39.6318556							-387.7990561	1	NaN	-387.7990561	0.00226576214	0.9977342379	NaN	
382.6790561	8	3	89	1	0.00226576214	0.9977342379	0.3559058338	26.29697719	73.34711697	60.35906958	0.009074816487	39.6318556							-382.6790561	1	NaN	-382.6790561	0.00226576214	0.9977342379	NaN	
377.5590561	8	3	89	1	0.00226576214	0.9977342379	0.3559058338	26.29697719	73.34711697	60.35906958	0.009074816487	39.6318556							-377.5590561	1	NaN	-377.5590561	0.00226576214	0.9977342379	NaN	
372.4390561	8	3	89	1	0.00226576214	0.9977342379	0.3559058338	26.29697719	73.34711697	60.35906958	0.009074816487	39.6318556							-372.4390561	1	NaN	-372.4390561	0.00226576214	0.9977342379	NaN	
367.3190561	8	3	89	1	0.00226576214	0.9977342379	0.3559058338	26.29697719	73.34711697	60.35906958	0.009074816487	39.6318556							-367.3190561	1	NaN	-367.3190561	0.00226576214	0.9977342379	NaN	
362.1990561	8	3	89	1	0.00226576214	0.9977342379	0.3559058338	26.29697719	73.34711697	60.35906958	0.009074816487	39.6318556							-362.1990561	1	NaN	-362.1990561	0.00226576214	0.9977342379	NaN	
357.0790561	8	3	89	1	0.00226576214	0.9977342379	0.3559058338	26.29697719	73.34711697	60.35906958	0.009074816487	39.6318556							-357.0790561	1	NaN	-357.0790561	0.00226576214	0.9977342379	NaN	
351.9590561	8	3	89	1	0.00226576214	0.9977342379	0.3559058338	26.29697719	73.34711697	60.35906958	0.009074816487	39.6318556							-351.9590561	1	NaN	-351.9590561	0.00226576214	0.9977342379	NaN	
346.8390561	8	3	89	1	0.00226576214	0.9977342379	0.3559058338	26.29697719	73.34711697	60.35906958	0.009074816487	39.6318556							-346.8390561	1	NaN	-346.8390561	0.00226576214	0.9977342379	NaN	
341.7190561	8	3	89	1	0.00226576214	0.9977342379	0.3559058338	26.29697719	73.34711697	60.35906958	0.009074816487	39.6318556							-341.7190561	1	NaN	-341.7190561	0.00226576214	0.9977342379	NaN	
336.5990561	8	3	89	1	0.00226576214	0.9977342379	0.3559058338	26.29697719	73.34711697	60.35906958	0.009074816487	39.6318556							-336.5990561	1	NaN	-336.5990561	0.00226576214	0.9977342379	NaN	
331.4790561	8	3	89	1	0.00226576214	0.9977342379	0.3559058338	26.29697719	73.34711697	60.35906958	0.009074816487	39.6318556							-331.4790561	1	NaN	-331.4790561	0.00226576214	0.9977342379	NaN	
326.3590561	8	3	89	1	0.00226576214	0.9977342379	0.3559058338	26.29697719	73.34711697	60.35906958	0.009074816487	39.6318556							-326.3590561	1	NaN	-326.3590561	0.00226576214	0.9977342379	NaN	
321.2390561	8	3	89	1	0.00226576214	0.9977342379	0.3559058338	26.29697719	73.34711697	60.35906958	0.009074816487	39.6318556							-321.2390561	1	NaN	-321.2390561	0.00226576214	0.9977342379	NaN	
316.1190561	8	3	89	1	0.00226576214	0.9977342379	0.3559058338	26.29697719	73.34711697	60.35906958	0.009074816487	39.6318556							-316.1190561	1	NaN	-316.1190561	0.00226576214	0.9977342379	NaN	
310.9990561	8	3	89	1	0.00226576214	0.9977342379	0.3559058338	26.29697719	73.34711697	60.35906958	0.009074816487	39.6318556							-310.9990561	1	NaN	-310.9990561	0.00226576214	0.9977342379	NaN	
305.8790561	8	3	89	1	0.00226576214	0.9977342379	0.3559058338	26.29697719	73.34711697	60.35906958	0.009074816487	39.6318556							-305.8790561	1	NaN	-305.8790561	0.00226576214	0.9977342379	NaN	
300.7590561	8	3	89	1	0.00226576214	0.9977342379	0.3559058338	26.29697719	73.34711697	60.35906958	0.009074816487	39.6318556							-300.7590561	1	NaN	-300.7590561	0.00226576214	0.9977342379	NaN	
300	8	3	89	1	0.00226576214	0.9977342379	0.3559058338	26.29697719	73.34711697	60.35906958	0.009074816487	39.6318556							-300	1	NaN	-300	0.00226576214	0.9977342379	NaN	
