T	w(CU)	w(FE)	w(TI)	fs	fw(@BCC_A2#1)	fw(@BCC_A2#2)	w(CU@BCC_A2#1)	w(FE@BCC_A2#1)	w(TI@BCC_A2#1)	w(CU@BCC_A2#2)	w(FE@BCC_A2#2)	w(TI@BCC_A2#2)	w(CU@LIQUID)	w(FE@LIQUID)	w(TI@LIQUID)	dwdT_L(CU@LIQUID)	dwdT_L(FE@LIQUID)	dwdT_L(TI@LIQUID)	-T	fs_1	-T//fs	-T_1	fw(@BCC_A2#1)_1	fw(@BCC_A2#2)_1	-T//fw(@BCC_A2)	
K	%	%	%	mole/mole	kg/kg	kg/kg	%	%	%	%	%	%	%	%	%	SI	SI	SI								
1682.513175	7	9	84	0	0		3.135875456	3.729879692	93.13424485				7	9	84	-0.0002005511716	-0.0002735221054	0.000474073277	-1682.513175	0	189.11660985614	-1682.513175	0			
1682.503175	7	9	84	5.285727733E-05	5.193842961E-05		3.13597627	3.730045748	93.13397798				7.000200455	9.000273362	83.99952618	0	0	0	-1682.503175	5.285727733E-05	189.26080589907	-1682.503175	5.193842961E-05			
1682.483175	7	9	84	0.0001584512013	0.0001037762289		3.136177946	3.7303779	93.13344415				7.000601439	9.000820241	83.99857832	0	0	0	-1682.483175	0.0001584512013	189.385080922981	-1682.483175	0.0001037762289			
1682.443175	7	9	84	0.0003697051696	0.0002076392538		3.136581272	3.731042246	93.13237648				7.00140382	9.001914537	83.99668164	0	0	0	-1682.443175	0.0003697051696	189.392866458717	-1682.443175	0.0002076392538			
1682.363175	7	9	84	0.0007918967912	0.0004150548452		3.137388405	3.73237121	93.13024038				7.003008031	9.004102277	83.99288969	0	0	0	-1682.363175	0.0007918967912	189.549637670139	-1682.363175	0.0004150548452			
1682.203175	7	9	84	0.001635449609	0.0008295730239		3.139001828	3.735029421	93.12596875				7.006216009	9.008476751	83.98530724	0	0	0	-1682.203175	0.001635449609	189.793994911068	-1682.203175	0.0008295730239			
1681.883175	7	9	84	0.003319362185	0.001657398082		3.142227476	3.740347667	93.11742486				7.012630173	9.01722169	83.97014814	0	0	0	-1681.883175	0.003319362185	190.274327179529	-1681.883175	0.001657398082			
1681.243175	7	9	84	0.006674470051	0.003307830455		3.148673982	3.750991466	93.10033455				7.025451372	9.03469554	83.93985309	0	0	0	-1681.243175	0.006674470051	191.237853282988	-1681.243175	0.003307830455			
1679.963175	7	9	84	0.01333425382	0.006588006482		3.161547829	3.772308391	93.06614378				7.051065538	9.069579138	83.87935532	0	0	0	-1679.963175	0.01333425382	193.242091322135	-1679.963175	0.006588006482			
1677.403175	7	9	84	0.02644254111	0.0130562539		3.187217538	3.815060714	92.99772175				7.102180402	9.139091192	83.75872841	0	0	0	-1677.403175	0.02644254111	197.582561253549	-1677.403175	0.0130562539			
1674.843175	7	9	84	0.03925425761	0.01293129322		3.212777116	3.857978989	92.92924389				7.153134142	9.208276786	83.63858907	0	0	0	-1674.843175	0.03925425761	202.134924158667	-1674.843175	0.01293129322			
1672.283175	7	9	84	0.05177867202	0.01280853199		3.238224842	3.901064498	92.86071066				7.20392882	9.277135692	83.51893549	0	0	0	-1672.283175	0.05177867202	206.74488235648	-1672.283175	0.01280853199			
1669.723175	7	9	84	0.06402530774	0.01268855013		3.263560197	3.944320308	92.79211949				7.254568767	9.345670321	83.39976091	0	0	0	-1669.723175	0.06402530774	211.408604757174	-1669.723175	0.01268855013			
1667.163175	7	9	84	0.0760031401	0.01257111832		3.288782286	3.987748963	92.72346875				7.30505768	9.413882215	83.28106011	0	0	0	-1667.163175	0.0760031401	216.127199189639	-1667.163175	0.01257111832			
1664.603175	7	9	84	0.08772077463	0.01245616799		3.313890188	4.031353042	92.65475677				7.355399239	9.481772893	83.16282787	0	0	0	-1664.603175	0.08772077463	220.900542731909	-1664.603175	0.01245616799			
1662.043175	7	9	84	0.09918646697	0.01234363456		3.338882959	4.075135169	92.58598187				7.405597119	9.54934386	83.04505902	0	0	0	-1662.043175	0.09918646697	225.728491461709	-1662.043175	0.01234363456			
1659.483175	7	9	84	0.11040814	0.01223345569		3.363759631	4.119098007	92.51714236				7.45565499	9.616596604	82.92774841	0	0	0	-1659.483175	0.11040814	230.610892157284	-1659.483175	0.01223345569			
1656.923175	7	9	84	0.1213934002	0.01212557141		3.388519213	4.163244265	92.44823652				7.505576517	9.683532593	82.81089089	0	0	0	-1656.923175	0.1213934002	235.547579736306	-1656.923175	0.01212557141			
1654.363175	7	9	84	0.1321495531	0.01201992393		3.413160689	4.207576692	92.37926262				7.55536536	9.750153284	82.69448136	0	0	0	-1654.363175	0.1321495531	240.538376034748	-1654.363175	0.01201992393			
1651.803175	7	9	84	0.1426836179	0.01191645764		3.437683017	4.252098083	92.3102189				7.605025177	9.816460112	82.57851471	0	0	0	-1651.803175	0.1426836179	245.583094482182	-1651.803175	0.01191645764			
1649.243175	7	9	84	0.1530023408	0.01181511897		3.462085133	4.296811278	92.24110359				7.654559628	9.882454496	82.46298588	0	0	0	-1649.243175	0.1530023408	250.68153414901	-1649.243175	0.01181511897			
1646.683175	7	9	84	0.1631122085	0.0117158563		3.486365944	4.341719163	92.17191489				7.703972367	9.948137838	82.34788979	0	0	0	-1646.683175	0.1631122085	255.833480561633	-1646.683175	0.0117158563			
1644.123175	7	9	84	0.17301946	0.01161861988		3.510524331	4.386824671	92.102651				7.753267054	10.01351152	82.23322142	0	0	0	-1644.123175	0.17301946	261.038708406459	-1644.123175	0.01161861988			
1641.563175	7	9	84	0.1827300984	0.01152336179		3.53455915	4.432130782	92.03331007				7.80244735	10.07857691	82.11897574	0	0	0	-1641.563175	0.1827300984	266.296980926078	-1641.563175	0.01152336179			
1639.003175	7	9	84	0.1922499015	0.01143003581		3.558469228	4.477640525	91.96389025				7.851516918	10.14333536	82.00514772	0	0	0	-1639.003175	0.1922499015	271.608047445314	-1639.003175	0.01143003581			
1636.443175	7	9	84	0.2015844325	0.01133859736		3.582253365	4.523356979	91.89438966				7.900479427	10.20778819	81.89173238	0	0	0	-1636.443175	0.2015844325	276.971641461363	-1636.443175	0.01133859736			
1633.883175	7	9	84	0.2107390496	0.0112490035		3.605910333	4.569283273	91.82480639				7.949338552	10.27193671	81.77872474	0	0	0	-1633.883175	0.2107390496	282.387487688403	-1633.883175	0.0112490035			
1631.323175	7	9	84	0.2197189151	0.01116121275		3.629438873	4.615422588	91.75513854				7.998097976	10.33578222	81.66611981	0	0	0	-1631.323175	0.2197189151	287.855294227543	-1631.323175	0.01116121275			
1628.763175	7	9	84	0.2285290045	0.01107518514		3.652837699	4.661778156	91.68538415				8.046761387	10.39932598	81.55391263	0	0	0	-1628.763175	0.2285290045	293.374756730809	-1628.763175	0.01107518514			
1626.203175	7	9	84	0.2371741144	0.0109908821		3.676105494	4.708353264	91.61554124				8.095332486	10.46256925	81.44209827	0	0	0	-1626.203175	0.2371741144	298.945557611561	-1626.203175	0.0109908821			
1623.643175	7	9	84	0.2456588707	0.0109082664		3.69924091	4.755151253	91.54560784				8.143814983	10.52551325	81.33067177	0	0	0	-1623.643175	0.2456588707	304.567362487753	-1623.643175	0.0109082664			
1621.083175	7	9	84	0.2539877359	0.01082730211		3.722242569	4.802175521	91.47558191				8.192212602	10.5881592	81.21962819	0	0	0	-1621.083175	0.2539877359	310.239822877662	-1621.083175	0.01082730211			
1618.523175	7	9	84	0.2621650163	0.01074795458		3.74510906	4.84942952	91.40546142				8.240529078	10.6505083	81.10896262	0	0	0	-1618.523175	0.2621650163	315.962579668333	-1618.523175	0.01074795458			
1615.963175	7	9	84	0.2701948684	0.01067019033		3.76783894	4.896916761	91.3352443				8.288768163	10.7125617	80.99867014	0	0	0	-1615.963175	0.2701948684	321.735254644717	-1615.963175	0.01067019033			
1613.403175	7	9	84	0.2780813058	0.01059397707		3.790430734	4.944640815	91.26492845				8.336933623	10.77432055	80.88874582	0	0	0	-1613.403175	0.2780813058	327.557455979856	-1613.403175	0.01059397707			
1610.843175	7	9	84	0.2858282047	0.01051928361		3.812882931	4.992605312	91.19451176				8.385029243	10.83578599	80.77918477	0	0	0	-1610.843175	0.2858282047	333.42877390142	-1610.843175	0.01051928361			
1608.283175	7	9	84	0.2934393103	0.01044607985		3.835193988	5.040813943	91.12399207				8.433058825	10.89695912	80.66998206	0	0	0	-1608.283175	0.2934393103	339.34878694487	-1608.283175	0.01044607985			
1605.723175	7	9	84	0.3009182415	0.01037433674		3.857362327	5.089270463	91.05336721				8.481026193	10.95784101	80.5611328	0	0	0	-1605.723175	0.3009182415	345.317058866353	-1605.723175	0.01037433674			
1603.163175	7	9	84	0.3082684968	0.01030402621		3.879386332	5.137978688	90.98263498				8.528935192	11.01843273	80.45263208	0	0	0	-1603.163175	0.3082684968	351.33312807816	-1603.163175	0.01030402621			
1600.603175	7	9	84	0.315493459	0.01023512119		3.901264353	5.186942502	90.91179314				8.576789689	11.07873531	80.34447501	0	0	0	-1600.603175	0.315493459	357.396524974248	-1600.603175	0.01023512119			
1598.043175	7	9	84	0.3225963998	0.01016759551		3.922994702	5.236165854	90.84083944				8.624593577	11.13874976	80.23665667	0	0	0	-1598.043175	0.3225963998	363.506763759735	-1598.043175	0.01016759551			
1595.483175	7	9	84	0.3295804844	0.01010142396		3.944575655	5.285652759	90.76977159				8.672350773	11.19847707	80.12917216	0	0	0	-1595.483175	0.3295804844	369.66333332058	-1595.483175	0.01010142396			
1592.923175	7	9	84	0.336448776	0.01003658215		3.966005447	5.335407302	90.69858725				8.720065222	11.2579182	80.02201657	0	0	0	-1592.923175	0.336448776	375.865715265239	-1592.923175	0.01003658215			
1590.363175	7	9	84	0.3432042393	0.009973046576		3.987282276	5.38543364	90.62728408				8.7677409	11.3170741	79.915185	0	0	0	-1590.363175	0.3432042393	382.113363499901	-1590.363175	0.009973046576			
1587.803175	7	9	84	0.3498497453	0.009910794542		4.008404298	5.435735999	90.5558597				8.815381811	11.37594567	79.80867252	0	0	0	-1587.803175	0.3498497453	388.405721228294	-1587.803175	0.009910794542			
1585.243175	7	9	84	0.3563880739	0.009849804149		4.029369632	5.48631868	90.48431169				8.862991993	11.43453379	79.70247422	0	0	0	-1585.243175	0.3563880739	394.742216274054	-1585.243175	0.009849804149			
1582.683175	7	9	84	0.3628219184	0.00979005427		4.050176351	5.537186056	90.41263759				8.910575515	11.49283933	79.59658516	0	0	0	-1582.683175	0.3628219184	401.122248210939	-1582.683175	0.00979005427			
1580.123175	7	9	84	0.3691538883	0.009731524521		4.07082249	5.588342579	90.34083493				8.958136485	11.55086311	79.49100041	0	0	0	-1580.123175	0.3691538883	407.545202789212	-1580.123175	0.009731524521			
1577.563175	7	9	84	0.3753865129	0.009674195251		4.091306038	5.639792775	90.26890119				9.005679046	11.60860594	79.38571501	0	0	0	-1577.563175	0.3753865129	414.010447704735	-1577.563175	0.009674195251			
1575.003175	7	9	84	0.381522244	0.009618047506		4.111624944	5.691541252	90.1968338				9.053207381	11.6660686	79.28072402	0	0	0	-1575.003175	0.381522244	420.517327861474	-1575.003175	0.009618047506			
1572.443175	7	9	84	0.3875634593	0.009563063023		4.131777108	5.743592697	90.12463019				9.100725713	11.72325183	79.17602246	0	0	0	-1572.443175	0.3875634593	427.065171245051	-1572.443175	0.009563063023			
1569.883175	7	9	84	0.3935124647	0.009509224199		4.151760389	5.795951878	90.05228773				9.148238309	11.78015634	79.07160535	0	0	0	-1569.883175	0.3935124647	433.653284802783	-1569.883175	0.009509224199			
1567.323175	7	9	84	0.3993714975	0.009456514082		4.171572596	5.848623649	89.97980375				9.195749478	11.83678282	78.9674677	0	0	0	-1567.323175	0.3993714975	440.280958654574	-1567.323175	0.009456514082			
1564.763175	7	9	84	0.4051427284	0.009404916345		4.191211496	5.901612946	89.90717556				9.243263578	11.89313192	78.8636045	0	0	0	-1564.763175	0.4051427284	446.947458546679	-1564.763175	0.009404916345			
1562.203175	7	9	84	0.4108282646	0.009354415283		4.210674803	5.954924796	89.8344004				9.290785014	11.94920427	78.76001071	0	0	0	-1562.203175	0.4108282646	453.652023025128	-1562.203175	0.009354415283			
1559.643175	7	9	84	0.4164301517	0.009304995778		4.229960186	6.00856431	89.7614755				9.338318244	12.00500046	78.6566813	0	0	0	-1559.643175	0.4164301517	460.393880496563	-1559.643175	0.009304995778			
1557.083175	7	9	84	0.4219503761	0.009256643304		4.249065263	6.062536693	89.68839804				9.385867774	12.06052103	78.5536112	0	0	0	-1557.083175	0.4219503761	467.172230390206	-1557.083175	0.009256643304			
1554.523175	7	9	84	0.4273908672	0.009209343902		4.267987604	6.116847239	89.61516516				9.43343817	12.11576651	78.45079532	0	0	0	-1554.523175	0.4273908672	473.986251061387	-1554.523175	0.009209343902			
1551.963175	7	9	84	0.4327534994	0.009163084165		4.286724726	6.171501338	89.54177394				9.481034053	12.17073738	78.34822857	0	0	0	-1551.963175	0.4327534994	480.835105027621	-1551.963175	0.009163084165			
1549.403175	7	9	84	0.438040094	0.009117851237		4.305274093	6.226504473	89.46822143				9.528660101	12.2254341	78.2459058	0	0	0	-1549.403175	0.438040094	487.71792670855	-1549.403175	0.009117851237			
1546.843175	7	9	84	0.4432524213	0.009073632785		4.32363312	6.281862227	89.39450465				9.576321057	12.27985707	78.14382188	0	0	0	-1546.843175	0.4432524213	494.633823967752	-1546.843175	0.009073632785			
1544.283175	7	9	84	0.4483922023	0.009030417006		4.341799165	6.337580279	89.32062056				9.624021728	12.33400667	78.04197161	0	0	0	-1544.283175	0.4483922023	501.581883810458	-1544.283175	0.009030417006			
1541.723175	7	9	84	0.4534611105	0.008988192599		4.359769533	6.393664411	89.24656606				9.671766985	12.38788323	77.94034979	0	0	0	-1541.723175	0.4534611105	508.561165376252	-1541.723175	0.008988192599			
1539.163175	7	9	84	0.4584607736	0.008946948767		4.377541475	6.450120506	89.17233802				9.719561771	12.44148704	77.83895119	0	0	0	-1539.163175	0.4584607736	515.570718222447	-1539.163175	0.008946948767			
1536.603175	7	9	84	0.4633927748	0.008906675205		4.395112183	6.506954553	89.09793326				9.7674111	12.49481837	77.73777053	0	0	0	-1536.603175	0.4633927748	522.609559371477	-1536.603175	0.008906675205			
1534.043175	7	9	84	0.4682586548	0.008867362088		4.412478795	6.564172646	89.02334856				9.815320061	12.54787741	77.63680253	0	0	0	-1534.043175	0.4682586548	529.676666975246	-1534.043175	0.008867362088			
1531.483175	7	9	84	0.4730599131	0.008829000064		4.429638389	6.62178099	88.94858062				9.863293819	12.60066434	77.53604184	0	0	0	-1531.483175	0.4730599131	536.771015391558	-1531.483175	0.008829000064			
1528.923175	7	9	84	0.4777980092	0.008791580252		4.446587986	6.679785895	88.87362612				9.911337621	12.65317927	77.43548311	0	0	0	-1528.923175	0.4777980092	543.891541251489	-1528.923175	0.008791580252			
1526.363175	7	9	84	0.4824743644	0.008755094225		4.463324546	6.738193789	88.79848166				9.959456797	12.70542228	77.33512092	0	0	0	-1526.363175	0.4824743644	551.037155091542	-1526.363175	0.008755094225			
1523.803175	7	9	84	0.4870903627	0.008719534015		4.479844971	6.79701121	88.72314382				10.00765676	12.7573934	77.23494983	0	0	0	-1523.803175	0.4870903627	558.206756762824	-1523.803175	0.008719534015			
1521.243175	7	9	84	0.4916473522	0.008684892095		4.4961461	6.856244813	88.64760909				10.05594303	12.80909261	77.13496437	0	0	0	-1521.243175	0.4916473522	565.399187740192	-1521.243175	0.008684892095			
1518.683175	7	9	84	0.4961466467	0.008651161382		4.512224711	6.915901371	88.57187392				10.10432119	12.86051982	77.03515899	0	0	0	-1518.683175	0.4961466467	572.613293401624	-1518.683175	0.008651161382			
1516.123175	7	9	84	0.500589526	0.008618335232		4.52807752	6.975987777	88.4959347				10.15279694	12.91167493	76.93552814	0	0	0	-1516.123175	0.500589526	579.847882814458	-1516.123175	0.008618335232			
1513.563175	7	9	84	0.504977238	0.008586407429		4.543701178	7.036511046	88.41978778				10.20137608	12.96255774	76.83606619	0	0	0	-1513.563175	0.504977238	587.101720581123	-1513.563175	0.008586407429			
1511.003175	7	9	84	0.5093109991	0.008555372186		4.559092274	7.097478317	88.34342941				10.2500645	13.01316803	76.73676747	0	0	0	-1511.003175	0.5093109991	594.373569351104	-1511.003175	0.008555372186			
1508.443175	7	9	84	0.5135919955	0.008525224142		4.574247332	7.158896852	88.26685582				10.29886822	13.0635055	76.63762628	0	0	0	-1508.443175	0.5135919955	601.662146955856	-1508.443175	0.008525224142			
1505.883175	7	9	84	0.5178213842	0.008495958354		4.58916281	7.220774044	88.19006315				10.34779335	13.1135698	76.53863684	0	0	0	-1505.883175	0.5178213842	608.966147098083	-1505.883175	0.008495958354			
1503.323175	7	9	84	0.5220002939	0.008467570299		4.6038351	7.283117413	88.11304749				10.39684613	13.16336053	76.43979334	0	0	0	-1503.323175	0.5220002939	616.28423390464	-1503.323175	0.008467570299			
1500.763175	7	9	84	0.526129826	0.008440055872		4.618260527	7.345934612	88.03580486				10.44603291	13.21287722	76.34108988	0	0	0	-1500.763175	0.526129826	623.615044442156	-1500.763175	0.008440055872			
1498.203175	7	9	84	0.5302110554	0.008413411379		4.632435352	7.409233427	87.95833122				10.49536016	13.26211931	76.24252053	0	0	0	-1498.203175	0.5302110554	630.957174848235	-1498.203175	0.008413411379			
1495.643175	7	9	84	0.5342450316	0.008387633541		4.646355764	7.473021777	87.88062246				10.5448345	13.31108621	76.14407929	0	0	0	-1495.643175	0.5342450316	638.309215506006	-1495.643175	0.008387633541			
1493.083175	7	9	84	0.538232779	0.008362719489		4.660017886	7.537307721	87.80267439				10.59446266	13.35977724	76.0457601	0	0	0	-1493.083175	0.538232779	645.669695691121	-1493.083175	0.008362719489			
1490.523175	7	9	84	0.5421752986	0.008338666768		4.673417774	7.602099454	87.72448277				10.64425152	13.40819166	75.94755682	0	0	0	-1490.523175	0.5421752986	653.037131324048	-1490.523175	0.008338666768			
1487.963175	7	9	84	0.5460735677	0.008315473333		4.686551413	7.667405313	87.64604327				10.6942081	13.45632865	75.84946325	0	0	0	-1487.963175	0.5460735677	660.410031662014	-1487.963175	0.008315473333			
1485.403175	7	9	84	0.5499285414	0.008293137548		4.69941472	7.733233775	87.5673515				10.74433957	13.50418732	75.75147312	0	0	0	-1485.403175	0.5499285414	667.786806307462	-1485.403175	0.008293137548			
1482.843175	7	9	84	0.5537411534	0.008271658195		4.712003543	7.799593463	87.48840299				10.79465324	13.55176668	75.65358008	0	0	0	-1482.843175	0.5537411534	675.165904506036	-1482.843175	0.008271658195			
1480.283175	7	9	84	0.5575123158	0.008251034463		4.724313659	7.866493144	87.4091932				10.84515661	13.59906568	75.55577771	0	0	0	-1480.283175	0.5575123158	682.545712306119	-1480.283175	0.008251034463			
1477.723175	7	9	84	0.561242921	0.008231265961		4.736340776	7.93394173	87.32971749				10.89585731	13.64608319	75.4580595	0	0	0	-1477.723175	0.561242921	689.924581434684	-1477.723175	0.008231265961			
1475.163175	7	9	84	0.5649338412	0.008212352711		4.748080535	8.001948284	87.24997118				10.94676317	13.69281796	75.36041887	0	0	0	-1475.163175	0.5649338412	697.300843794033	-1475.163175	0.008212352711			
1472.603175	7	9	84	0.56858593	0.008194295156		4.759528504	8.070522016	87.16994948				10.99788217	13.73926869	75.26284914	0	0	0	-1472.603175	0.56858593	704.672787519494	-1472.603175	0.008194295156			
1470.043175	7	9	84	0.5722000222	0.008177094161		4.770680185	8.139672287	87.08964753				11.0492225	13.78543396	75.16534354	0	0	0	-1470.043175	0.5722000222	712.038684341218	-1470.043175	0.008177094161			
1467.483175	7	9	84	0.575776935	0.008160751016		4.781531008	8.209408609	87.00906038				11.10079251	13.83131226	75.06789522	0	0	0	-1467.483175	0.575776935	719.396741535865	-1467.483175	0.008160751016			
1464.923175	7	9	84	0.5793174683	0.008145267438		4.792076338	8.279740647	86.92818302				11.15260079	13.87690198	74.97049723	0	0	0	-1464.923175	0.5793174683	726.745185422536	-1464.923175	0.008145267438			
1462.363175	7	9	84	0.582822405	0.008130645579		4.80231147	8.350678219	86.84701031				11.20465609	13.9222014	74.87314251	0	0	0	-1462.363175	0.582822405	734.082166221573	-1462.363175	0.008130645579			
1459.803175	7	9	84	0.5862925122	0.008116888026		4.812231631	8.422231296	86.76553707				11.2569674	13.9672087	74.7758239	0	0	0	-1459.803175	0.5862925122	741.405797430654	-1459.803175	0.008116888026			
1457.243175	7	9	84	0.5897285411	0.008103997809		4.821831986	8.494410005	86.68375801				11.30954391	14.01192195	74.67853414	0	0	0	-1457.243175	0.5897285411	748.714224252791	-1457.243175	0.008103997809			
1454.683175	7	9	84	0.5931312275	0.008091978404		4.831107629	8.567224626	86.60166775				11.36239506	14.05633908	74.58126585	0	0	0	-1454.683175	0.5931312275	756.005481176417	-1454.683175	0.008091978404			
1452.123175	7	9	84	0.596501293	0.008080833741		4.840053594	8.640685594	86.51926081				11.41553052	14.10045793	74.48401155	0	0	0	-1452.123175	0.596501293	763.277599762913	-1452.123175	0.008080833741			
1449.563175	7	9	84	0.5998394445	0.008070568207		4.84866485	8.714803499	86.43653165				11.46896019	14.1442762	74.38676362	0	0	0	-1449.563175	0.5998394445	770.528600686646	-1449.563175	0.008070568207			
1447.003175	7	9	84	0.6031463754	0.008061186655		4.856936305	8.789589084	86.35347461				11.52269423	14.18779145	74.28951432	0	0	0	-1447.003175	0.6031463754	777.75645210044	-1447.003175	0.008061186655			
1444.443175	7	9	84	0.6064227655	0.00805269441		4.864862808	8.865053247	86.27008394				11.57674309	14.23100112	74.19225579	0	0	0	-1444.443175	0.6064227655	784.959107624334	-1444.443175	0.00805269441			
1441.883175	7	9	84	0.6096692818	0.008045097278		4.87243915	8.941207039	86.18635381				11.63111744	14.27390251	74.09498005	0	0	0	-1441.883175	0.6096692818	792.134459172629	-1441.883175	0.008045097278			
1439.323175	7	9	84	0.6128865788	0.008038401548		4.879660066	9.018061661	86.10227827				11.6858283	14.31649275	73.99767895	0	0	0	-1439.323175	0.6128865788	799.280367070518	-1439.323175	0.008038401548			
1436.763175	7	9	84	0.616075299	0.008032614006		4.886520236	9.095628465	86.0178513				11.74088692	14.35876886	73.90034422	0	0	0	-1436.763175	0.616075299	806.394722910656	-1436.763175	0.008032614006			
1434.203175	7	9	84	0.6192360727	0.008027741944		4.893014291	9.173918952	85.93306676				11.7963049	14.40072766	73.80296744	0	0	0	-1434.203175	0.6192360727	813.47533089268	-1434.203175	0.008027741944			
1431.643175	7	9	84	0.6223695194	0.008023793164		4.899136813	9.252944769	85.84791842				11.85209414	14.44236583	73.70554003	0	0	0	-1431.643175	0.6223695194	820.519961059748	-1431.643175	0.008023793164			
1429.083175	7	9	84	0.6254762472	0.008020775989		4.904882339	9.332717707	85.76239995				11.90826687	14.48367987	73.60805326	0	0	0	-1429.083175	0.6254762472	827.52640526419	-1429.083175	0.008020775989			
1426.523175	7	9	84	0.6285568537	0.008018699279		4.910245365	9.413249697	85.67650494				11.96483567	14.5246661	73.51049823	0	0	0	-1426.523175	0.6285568537	834.492389553405	-1426.523175	0.008018699279			
1423.963175	7	9	84	0.6316119261	0.008017572429		4.915220348	9.494552808	85.59022684				12.02181346	14.56532068	73.41286587	0	0	0	-1423.963175	0.6316119261	841.415607156097	-1423.963175	0.008017572429			
1421.403175	7	9	84	0.6346420418	0.008017405393		4.91980171	9.576639244	85.50355905				12.07921353	14.60563953	73.31514694	0	0	0	-1421.403175	0.6346420418	848.29374701023	-1421.403175	0.008017405393			
1418.843175	7	9	84	0.6376477683	0.008018208686		4.923983843	9.659521339	85.41649482				12.13704956	14.64561842	73.21733202	0	0	0	-1418.843175	0.6376477683	855.124475958246	-1418.843175	0.008018208686			
1416.283175	7	9	84	0.6406296639	0.008019993398		4.927761116	9.74321155	85.32902733				12.19533563	14.68525288	73.11941148	0	0	0	-1416.283175	0.6406296639	861.905426297331	-1416.283175	0.008019993398			
1413.723175	7	9	84	0.6435882777	0.008022771208		4.931127873	9.827722455	85.24114967				12.25408623	14.72453823	73.02137554	0	0	0	-1413.723175	0.6435882777	868.63421996618	-1413.723175	0.008022771208			
1411.163175	7	9	84	0.6465241501	0.008026554393		4.934078447	9.913066747	85.15285481				12.31331626	14.76346957	72.92321416	0	0	0	-1411.163175	0.6465241501	875.308424880047	-1411.163175	0.008026554393			
1408.603175	7	9	84	0.6494378131	0.008031355843		4.936607158	9.999257224	85.06413562				12.3730411	14.80204176	72.82491714	0	0	0	-1408.603175	0.6494378131	881.925627279272	-1408.603175	0.008031355843			
1406.043175	7	9	84	0.6523297903	0.008037189073		4.938708323	10.08630679	84.97498489				12.43327655	14.84024942	72.72647404	0	0	0	-1406.043175	0.6523297903	888.483400857898	-1406.043175	0.008037189073			
1403.483175	7	9	84	0.6552005974	0.008044068238		4.940376261	10.17422843	84.88539531				12.49403892	14.87808689	72.6278742	0	0	0	-1403.483175	0.6552005974	894.979276747538	-1403.483175	0.008044068238			
1400.923175	7	9	84	0.6580507424	0.008052008144		4.941605301	10.26303523	84.79535947				12.55534501	14.91554828	72.52910672	0	0	0	-1400.923175	0.6580507424	901.41075540187	-1400.923175	0.008052008144			
1398.363175	7	9	84	0.660880726	0.008061024267		4.942389788	10.35274033	84.70486988				12.61721213	14.95262739	72.43016048	0	0	0	-1398.363175	0.660880726	907.775371030689	-1398.363175	0.008061024267			
1395.803175	7	9	84	0.6636910414	0.008071132762		4.942724091	10.44335697	84.61391894				12.67965816	14.98931776	72.33102408	0	0	0	-1395.803175	0.6636910414	914.070658515048	-1395.803175	0.008071132762			
1393.243175	7	9	84	0.6664821749	0.008082350482		4.942602609	10.53489841	84.52249899				12.7427015	15.02561259	72.23168591	0	0	0	-1393.243175	0.6664821749	920.294107120438	-1393.243175	0.008082350482			
1390.683175	7	9	84	0.669254606	0.008094694993		4.942019785	10.62737796	84.43060225				12.80636116	15.06150481	72.13213403	0	0	0	-1390.683175	0.669254606	926.443189271553	-1390.683175	0.008094694993			
1388.123175	7	9	84	0.6720088078	0.008108184588		4.940970108	10.72080899	84.3382209				12.87065674	15.09698698	72.03235629	0	0	0	-1388.123175	0.6720088078	932.515395566571	-1388.123175	0.008108184588			
1385.563175	7	9	84	0.6747452469	0.008122838305		4.939448127	10.81520485	84.24534702				12.93560847	15.13205133	71.9323402	0	0	0	-1385.563175	0.6747452469	938.50826885581	-1385.563175	0.008122838305			
1383.003175	7	9	84	0.6774643836	0.00813867594		4.937448458	10.91057892	84.15197262				13.00123726	15.16668974	71.83207299	0	0	0	-1383.003175	0.6774643836	944.419285684303	-1383.003175	0.00813867594			
1380.443175	7	9	84	0.6801666725	0.008155718069		4.934965797	11.00694456	84.05808964				13.06756467	15.20089372	71.73154161	0	0	0	-1380.443175	0.6801666725	950.245961093677	-1380.443175	0.008155718069			
1377.883175	7	9	84	0.6828525621	0.008173986061		4.931994928	11.10431511	83.96368997				13.13461299	15.23465436	71.63073265	0	0	0	-1377.883175	0.6828525621	955.985828656051	-1377.883175	0.008173986061			
1375.323175	7	9	84	0.6855224955	0.008193502096		4.928530736	11.20270385	83.86876541				13.20240523	15.26796237	71.5296324	0	0	0	-1375.323175	0.6855224955	961.636409990751	-1375.323175	0.008193502096			
1372.763175	7	9	84	0.6881769102	0.008214289183		4.924568217	11.30212402	83.77330776				13.27096519	15.30080802	71.42822679	0	0	0	-1372.763175	0.6881769102	967.195265545137	-1372.763175	0.008214289183			
1370.203175	7	9	84	0.6908162385	0.008236371177		4.920102492	11.40258878	83.67730873				13.34031745	15.33318114	71.32650141	0	0	0	-1370.203175	0.6908162385	972.659999457394	-1370.203175	0.008236371177			
1367.643175	7	9	84	0.6934409073	0.008259772798		4.915128817	11.50411117	83.58076002				13.41048743	15.36507109	71.22444147	0	0	0	-1367.643175	0.6934409073	978.028240413431	-1367.643175	0.008259772798			
1365.083175	7	9	84	0.6960513386	0.008284519649		4.909642598	11.60670412	83.48365328				13.48150142	15.39646676	71.12203182	0	0	0	-1365.083175	0.6960513386	983.297569377557	-1365.083175	0.008284519649			
1362.523175	7	9	84	0.6986479497	0.008310638233		4.903639401	11.71038043	83.38598017				13.55338659	15.4273565	71.0192569	0	0	0	-1362.523175	0.6986479497	988.46570833678	-1362.523175	0.008310638233			
1359.963175	7	9	84	0.7012311527	0.008338155974		4.897114972	11.81515271	83.28773232				13.62617109	15.45772817	70.91610075	0	0	0	-1359.963175	0.7012311527	993.531985142306	-1359.963175	0.008338155974			
1357.403175	7	9	84	0.7038013472	0.0083670749		4.890064613	11.92103354	83.18890185				13.69988377	15.48756893	70.8125473	0	0	0	-1357.403175	0.7038013472	998.490837443196	-1357.403175	0.0083670749			
1354.843175	7	9	84	0.7063589531	0.008397505141		4.882485767	12.02803485	83.08947938				13.77455523	15.51686571	70.70857906	0	0	0	-1354.843175	0.7063589531	1003.33982832711	-1354.843175	0.008397505141			
1352.283175	7	9	84	0.7089043625	0.008429401661		4.87437429	12.13616874	82.98945697				13.85021649	15.54560451	70.60417901	0	0	0	-1352.283175	0.7089043625	1008.07970644351	-1352.283175	0.008429401661			
1349.723175	7	9	84	0.7114379714	0.008462822995		4.865726919	12.24544687	82.88882621				13.92689987	15.57377082	70.49932931	0	0	0	-1349.723175	0.7114379714	1012.70683840045	-1349.723175	0.008462822995			
1347.163175	7	9	84	0.7139601713	0.008497801096		4.856540635	12.35588063	82.78757874				14.00463888	15.60134945	70.39401167	0	0	0	-1347.163175	0.7139601713	1017.21923040668	-1347.163175	0.008497801096			
1344.603175	7	9	84	0.7164713496	0.008534369661		4.846812687	12.46748107	82.68570624				14.0834682	15.62832455	70.28820725	0	0	0	-1344.603175	0.7164713496	1021.61495102026	-1344.603175	0.008534369661			
1342.043175	7	9	84	0.7189718894	0.008572563236		4.836540605	12.58025889	82.58320051				14.16342379	15.6546795	70.18189671	0	0	0	-1342.043175	0.7189718894	1025.89217197733	-1342.043175	0.008572563236			
1339.483175	7	9	84	0.7214621697	0.008612417437		4.825722214	12.69422439	82.48005339				14.2445429	15.68039696	70.07506014	0	0	0	-1339.483175	0.7214621697	1030.04917268633	-1339.483175	0.008612417437			
1336.923175	7	9	84	0.7239425652	0.008653968978		4.81435565	12.80938747	82.37625688				14.32686416	15.70545875	69.96767709	0	0	0	-1336.923175	0.7239425652	1034.08427858915	-1336.923175	0.008653968978			
1334.363175	7	9	84	0.7264134468	0.008697255681		4.802439374	12.92575756	82.27180307				14.4104276	15.72984591	69.85972649	0	0	0	-1334.363175	0.7264134468	1037.99592735484	-1334.363175	0.008697255681			
1331.803175	7	9	84	0.7288751811	0.008742316506		4.789972188	13.0433436	82.16668421				14.49527474	15.75353858	69.75118669	0	0	0	-1331.803175	0.7288751811	1041.78277489262	-1331.803175	0.008742316506			
1329.243175	7	9	84	0.7313281304	0.008789191567		4.776953247	13.16215402	82.06089273				14.58144864	15.77651599	69.64203537	0	0	0	-1329.243175	0.7313281304	1045.44344500987	-1329.243175	0.008789191567			
1326.683175	7	9	84	0.7337726534	0.008837922147		4.763382075	13.28219671	81.95442121				14.66899399	15.79875643	69.53224958	0	0	0	-1326.683175	0.7337726534	1048.97674463038	-1326.683175	0.008837922147			
1324.123175	7	9	84	0.7362091042	0.008888550726		4.749258581	13.40347895	81.84726247				14.75795714	15.82023718	69.42180568	0	0	0	-1324.123175	0.7362091042	1052.38164089925	-1324.123175	0.008888550726			
1321.563175	7	9	84	0.7386378331	0.008941120993		4.734583068	13.52600738	81.73940955				14.84838621	15.8409345	69.31067929	0	0	0	-1321.563175	0.7386378331	1055.65718158251	-1321.563175	0.008941120993			
1319.003175	7	9	84	0.741059186	0.008995677873		4.719356247	13.64978802	81.63085573				14.94033114	15.86082354	69.19884532	0	0	0	-1319.003175	0.741059186	1058.80260104798	-1319.003175	0.008995677873			
1316.443175	7	9	84	0.7434735047	0.009052267546		4.703579252	13.77482617	81.52159458				15.0338438	15.8798783	69.0862779	0	0	0	-1316.443175	0.7434735047	1061.81723689178	-1316.443175	0.009052267546			
1313.883175	7	9	84	0.7458811267	0.009110937464		4.687253648	13.90112639	81.41161996				15.12897805	15.89807161	68.97295034	0	0	0	-1313.883175	0.7458811267	1064.70063980226	-1313.883175	0.009110937464			
1311.323175	7	9	84	0.748282385	0.009171736372		4.670381443	14.02869248	81.30092608				15.22578982	15.91537502	68.85883515	0	0	0	-1311.323175	0.748282385	1067.45248662962	-1311.323175	0.009171736372			
1308.763175	7	9	84	0.7506776083	0.009234714336		4.652965096	14.15752743	81.18950748				15.32433726	15.9317588	68.74390394	0	0	0	-1308.763175	0.7506776083	1070.07264852081	-1308.763175	0.009234714336			
1306.203175	7	9	84	0.7530671205	0.009299922752		4.635007531	14.28763339	81.07735908				15.42468075	15.94719182	68.62812743	0	0	0	-1306.203175	0.7530671205	1072.56112265388	-1306.203175	0.009299922752			
1303.643175	7	9	84	0.7554512412	0.00936741438		4.616512137	14.41901163	80.96447623				15.52688309	15.96164151	68.5114754	0	0	0	-1303.643175	0.7554512412	1074.91812413726	-1303.643175	0.00936741438			
1301.083175	7	9	84	0.7578302848	0.009437243352		4.597482779	14.55166251	80.85085471				15.63100955	15.97507383	68.39391662	0	0	0	-1301.083175	0.7578302848	1074.54262170083	-1301.083175	0.009437243352			
1298.523175	7	9	84	0.7602160783	0.0095556232		4.577949436	14.68600154	80.73604902				15.73764712	15.98751128	68.27484161	0	0	0	-1298.523175	0.7602160783	1076.66018103931	-1298.523175	0.0095556232			
1295.963175	7	9	84	0.7625858395	0.00958435525		4.55786463	14.82119727	80.6209381				15.84583613	15.99879552	68.15536836	0	0	0	-1295.963175	0.7625858395	1081.24444549079	-1295.963175	0.00958435525			
1293.403175	7	9	84	0.7649513703	0.009661289083		4.537259625	14.95766048	80.5050799				15.95615781	16.00895154	68.03489064	0	0	0	-1293.403175	0.7649513703	1083.09291678817	-1293.403175	0.009661289083			
1290.843175	7	9	84	0.7673130487	0.009741106916		4.516141013	15.09538857	80.38847042				16.06869287	16.01793739	67.91336974	0	0	0	-1290.843175	0.7673130487	1084.79729462492	-1290.843175	0.009741106916			
1288.283175	7	9	84	0.7696711515	0.009823508059		4.494515059	15.23437631	80.27110863				16.18352034	16.02571025	67.79076942	0	0	0	-1288.283175	0.7696711515	1086.37751434496	-1288.283175	0.009823508059			
1285.723175	7	9	84	0.7720259638	0.00990861357		4.472389086	15.37461823	80.15299268				16.30072317	16.03222539	67.66705145	0	0	0	-1285.723175	0.7720259638	1087.83185236911	-1285.723175	0.00990861357			
1283.163175	7	9	84	0.7743777651	0.009996490703		4.449769296	15.516107	80.0341237				16.42038779	16.037436	67.54217621	0	0	0	-1283.163175	0.7743777651	1089.16175664229	-1283.163175	0.009996490703			
1280.603175	7	9	84	0.7767268298	0.01008720934		4.426663976	15.65883483	79.91450119				16.54260428	16.04129307	67.41610265	0	0	0	-1280.603175	0.7767268298	1090.36892349815	-1280.603175	0.01008720934			
1278.043175	7	9	84	0.7790734261	0.01018084051		4.403081351	15.80279253	79.79412611				16.66746651	16.04374528	67.28878821	0	0	0	-1278.043175	0.7790734261	1091.4560392135	-1278.043175	0.01018084051			
1275.483175	7	9	84	0.7814178133	0.01027744458		4.379029727	15.94797061	79.67299966				16.79507217	16.04473891	67.16018891	0	0	0	-1275.483175	0.7814178133	1092.4240501831	-1275.483175	0.01027744458			
1272.923175	7	9	84	0.7837602524	0.01037713188		4.354519014	16.09435571	79.55112528				16.92552364	16.04421771	67.03025866	0	0	0	-1272.923175	0.7837602524	1093.27533395889	-1272.923175	0.01037713188			
1270.363175	7	9	84	0.7861009898	0.0104799437		4.329558448	16.24193575	79.4285058				17.05892721	16.04212273	66.89895006	0	0	0	-1270.363175	0.7861009898	1094.01384725915	-1270.363175	0.0104799437			
1267.803175	7	9	84	0.7884402672	0.01058596904		4.304158074	16.39069653	79.30514539				17.19539396	16.03839227	66.76621377	0	0	0	-1267.803175	0.7884402672	1094.64196205256	-1267.803175	0.01058596904			
1265.243175	7	9	84	0.7907783189	0.01069528739		4.27832836	16.54062252	79.18104912				17.33503979	16.03296168	66.63199854	0	0	0	-1265.243175	0.7907783189	1095.16285599779	-1265.243175	0.01069528739			
1262.683175	7	9	84	0.7931153714	0.01080797971		4.252080193	16.6916968	79.056223				17.47798568	16.02576323	66.4962511	0	0	0	-1262.683175	0.7931153714	1095.58006568421	-1262.683175	0.01080797971			
1260.123175	7	9	84	0.7954516426	0.01092412845		4.225424862	16.84390109	78.93067405				17.62435794	16.01672596	66.3589161	0	0	0	-1260.123175	0.7954516426	1095.89736353009	-1260.123175	0.01092412845			
1257.563175	7	9	84	0.7977873419	0.01104381748		4.198374044	16.99721562	78.80441034				17.77428848	16.00577553	66.21993599	0	0	0	-1257.563175	0.7977873419	1096.11877511047	-1257.563175	0.01104381748			
1255.003175	7	9	84	0.8001226693	0.01116713217		4.170939801	17.15161916	78.67744104				17.92791511	15.99283401	66.07925088	0	0	0	-1255.003175	0.8001226693	1096.24871303514	-1255.003175	0.01116713217			
1252.443175	7	9	84	0.8024578149	0.01129415804		4.143134543	17.30708897	78.54977649				18.08538175	15.97781976	65.93679849	0	0	0	-1252.443175	0.8024578149	1096.2919466571	-1252.443175	0.01129415804			
1249.883175	7	9	84	0.8047929581	0.01142498225		4.114971037	17.46360072	78.42142825				18.24683882	15.9606472	65.79251398	0	0	0	-1249.883175	0.8047929581	1096.25352424667	-1249.883175	0.01142498225			
1247.323175	7	9	84	0.8071282674	0.01155969216		4.08646239	17.62112843	78.29240918				18.41244353	15.94122663	65.64632985	0	0	0	-1247.323175	0.8071282674	1096.13883575432	-1247.323175	0.01155969216			
1244.763175	7	9	84	0.8094638993	0.01169837515		4.057622033	17.77964442	78.16273354				18.58236018	15.91946404	65.49817579	0	0	0	-1244.763175	0.8094638993	1095.95381605468	-1244.763175	0.01169837515			
1242.203175	7	9	84	0.8117999972	0.01184111816		4.028463715	17.93911925	78.03241704				18.75676054	15.89526087	65.34797859	0	0	0	-1242.203175	0.8117999972	1095.70477248764	-1242.203175	0.01184111816			
1239.643175	7	9	84	0.814136691	0.01198800701		3.999001495	18.09952158	77.90147692				18.93582418	15.86851384	65.19566198	0	0	0	-1239.643175	0.814136691	1095.39844675422	-1239.643175	0.01198800701			
1237.083175	7	9	84	0.8164740957	0.01213912566		3.969249733	18.26081813	77.76993213				19.11973883	15.83911466	65.04114651	0	0	0	-1237.083175	0.8164740957	1095.04226423186	-1237.083175	0.01213912566			
1234.523175	7	9	84	0.8188123099	0.01229455519		3.939223092	18.42297352	77.63780338				19.30870073	15.80694988	64.88434939	0	0	0	-1234.523175	0.8188123099	1094.64416126629	-1234.523175	0.01229455519			
1231.963175	7	9	84	0.8211514151	0.01245437268		3.908936534	18.58595017	77.5051133				19.50291503	15.77190058	64.72518439	0	0	0	-1231.963175	0.8211514151	1094.21278700497	-1231.963175	0.01245437268			
1229.403175	7	9	84	0.8234914733	0.01261864952		3.878405329	18.74970809	77.37188658				19.70259609	15.73384219	64.56356172	0	0	0	-1229.403175	0.8234914733	1093.75758892265	-1229.403175	0.01261864952			
1226.843175	7	9	84	0.8258325259	0.01278745039		3.847645053	18.91420478	77.23815017				19.90796788	15.69264424	64.39938788	0	0	0	-1226.843175	0.8258325259	1093.28885101854	-1226.843175	0.01278745039			
1224.283175	7	9	84	0.8281745911	0.01296083012		3.81667161	19.07939497	77.10393342				20.1192643	15.64817013	64.23256557	0	0	0	-1224.283175	0.8281745911	1092.81794383762	-1224.283175	0.01296083012			
1221.723175	7	9	84	0.8305176617	0.01313883173		3.785501248	19.2452304	76.96926835				20.33672945	15.6002769	64.06299365	0	0	0	-1221.723175	0.8305176617	1092.35727157121	-1221.723175	0.01313883173			
1219.163175	7	9	84	0.8328617027	0.01332148325		3.754150583	19.41165953	76.83418988				20.56061794	15.54881506	63.890567	0	0	0	-1219.163175	0.8328617027	1091.9206642828	-1219.163175	0.01332148325			
1216.603175	7	9	84	0.8352066474	0.01350879393		3.722636631	19.57862726	76.69873611				20.79119506	15.49362839	63.71517655	0	0	0	-1216.603175	0.8352066474	1091.5235165788	-1216.603175	0.01350879393			
1214.043175	7	9	84	0.8375523944	0.01370074985		3.690976846	19.74607454	76.56294862				21.02873692	15.43455379	63.53670929	0	0	0	-1214.043175	0.8375523944	1091.18283679709	-1214.043175	0.01370074985			
1211.483175	7	9	84	0.8398988035	0.01389730865		3.659189168	19.91393795	76.42687288				21.27353046	15.3714212	63.35504834	0	0	0	-1211.483175	0.8398988035	1090.9177912771	-1211.483175	0.01389730865			
1208.923175	7	9	84	0.8422456904	0.01409839315		3.627292078	20.0821493	76.29055862				21.52587335	15.30405358	63.17007308	0	0	0	-1208.923175	0.8422456904	1090.74990776719	-1208.923175	0.01409839315			
1206.363175	7	9	84	0.8445928218	0.01430388405		3.595304664	20.25063502	76.15406032				21.78607368	15.23226692	62.9816594	0	0	0	-1206.363175	0.8445928218	1090.70336027974	-1206.363175	0.01430388405			
1203.803175	7	9	84	0.846939909	0.01451361105		3.563246697	20.4193156	76.0174377				22.05444949	15.15587045	62.78968006	0	0	0	-1203.803175	0.846939909	1090.80554959717	-1203.803175	0.01451361105			
1201.243175	7	9	84	0.8492866007	0.01472734271		3.531138719	20.58810494	75.88075634				22.33132798	15.07466688	62.59400515	0	0	0	-1201.243175	0.8492866007	1091.08754372453	-1201.243175	0.01472734271			
1198.683175	7	9	84	0.851632475	0.01494477443		3.499002134	20.75690954	75.74408832				22.6170444	14.98845287	62.39450273	0	0	0	-1198.683175	0.851632475	1091.58459610902	-1198.683175	0.01494477443			
1196.123175	7	9	84	0.8539770304	0.01516551472		3.466859323	20.92562774	75.60751294				22.91194053	14.89701975	62.19103973	0	0	0	-1196.123175	0.8539770304	1092.33689259188	-1196.123175	0.01516551472			
1193.563175	7	9	84	0.8563196752	0.01538906933		3.434733757	21.09414871	75.47111753				23.21636265	14.80015436	61.98348299	0	0	0	-1193.563175	0.8563196752	1093.39021579406	-1193.563175	0.01538906933			
1191.003175	7	9	84	0.8586597165	0.01561482333		3.402650126	21.26235154	75.33499833				23.53065891	14.69764038	61.77170071	0	0	0	-1191.003175	0.8586597165	1094.7968503087	-1191.003175	0.01561482333			
1188.443175	7	9	84	0.8609963469	0.01584202095		3.370634474	21.43010408	75.19926144				23.85517599	14.58925988	61.55556413	0	0	0	-1188.443175	0.8609963469	1096.61656554961	-1188.443175	0.01584202095			
1185.883175	7	9	84	0.8633286309	0.01606974342		3.338714338	21.59726183	75.06402383				24.19025485	14.47479544	61.33494971	0	0	0	-1185.883175	0.8633286309	1098.91757002446	-1185.883175	0.01606974342			
1183.323175	7	9	84	0.8656554897	0.01629688494		3.306918887	21.76366672	74.92941439				24.53622559	14.35403273	61.10974169	0	0	0	-1183.323175	0.8656554897	1101.7778264225	-1183.323175	0.01629688494			
1180.763175	7	9	84	0.8679756849	0.01652212738		3.275279061	21.92914587	74.79557507				24.89340107	14.22676374	60.87983519	0	0	0	-1180.763175	0.8679756849	1105.35282764819	-1180.763175	0.01652212738			
1178.203175	7	9	84	0.870287525	0.01674226714		3.243822906	22.09352421	74.66265288				25.2620359	14.09281362	60.64515049	0	0	0	-1178.203175	0.870287525	1109.65832272862	-1178.203175	0.01674226714			
1175.643175	7	9	84	0.8725897578	0.01695933117		3.212589957	22.25658791	74.53082213				25.64243101	13.9519728	60.40559619	0	0	0	-1175.643175	0.8725897578	1114.76685459944	-1175.643175	0.01695933117			
1173.083175	7	9	84	0.8748804714	0.01716834493		3.181616786	22.4181091	74.40027412				26.03478202	13.80408413	60.16113385	0	0	0	-1173.083175	0.8748804714	1120.89406410183	-1173.083175	0.01716834493			
1170.523175	7	9	84	0.8771576206	0.01736756106		3.150942323	22.57784502	74.27121266				26.43924296	13.64901194	59.9117451	0	0	0	-1170.523175	0.8771576206	1128.16577369907	-1170.523175	0.01736756106			
1167.963175	7	9	84	0.8794189222	0.01755426527		3.120607523	22.73553373	74.14385875				26.85589845	13.4866545	59.65744705	0	0	0	-1167.963175	0.8794189222	1136.74820220073	-1167.963175	0.01755426527			
1165.403175	7	9	84	0.8816618463	0.01772543865		3.090655246	22.89089418	74.01845058				27.28474918	13.31695199	59.39829882	0	0	0	-1165.403175	0.8816618463	1146.82739639166	-1165.403175	0.01772543865			
1162.843175	7	9	84	0.8838836132	0.01787778021		3.061130012	23.04362702	73.89524297				27.72569654	13.13989504	59.13440843	0	0	0	-1162.843175	0.8838836132	1158.61029377729	-1162.843175	0.01787778021			
1160.283175	7	9	84	0.8860811982	0.01800775068		3.032077651	23.19341619	73.77450616				28.17852692	12.95553357	58.86593952	0	0	0	-1160.283175	0.8860811982	1172.32506842839	-1160.283175	0.01800775068			
1157.723175	7	9	84	0.8882513472	0.01811164327		3.0035448	23.33993145	73.65652375				28.64289665	12.76398556	58.59311779	0	0	0	-1157.723175	0.8882513472	1188.22131600767	-1157.723175	0.01811164327			
1155.163175	7	9	84	0.8903906027	0.01818568566		2.97557827	23.48283199	73.54158974				29.11831842	12.56544516	58.31623643	0	0	0	-1155.163175	0.8903906027	1207.56003269892	-1155.163175	0.01818568566			
1152.603175	7	9	84	0.8924919787	0.01819698518		2.94820511	23.62169031	73.43010458				29.60335682	12.36052569	58.03611749	0	0	0	-1152.603175	0.8924919787	1228.58926474208	-1152.603175	0.01819698518			
1150.043175	7	9	84	0.8945585648	0.01822982268		2.921507667	23.75632789	73.32216445				30.09878938	12.14892486	57.75228576	0	0	0	-1150.043175	0.8945585648	1251.78831102465	-1150.043175	0.01822982268			
1147.483175	7	9	84	0.8965829958	0.01819201163		2.895506682	23.88632952	73.2181638				30.60284806	11.93144093	57.46571101	0	0	0	-1147.483175	0.8965829958	1279.34390226373	-1147.483175	0.01819201163			
1144.923175	7	9	84	0.8985616624	0.01811243643		2.870242114	24.01136694	73.11839095				31.11442786	11.70860705	57.17696509	0	0	0	-1144.923175	0.8985616624	1310.56340859793	-1144.923175	0.01811243643			
1142.363175	7	9	84	0.9004909597	0.01798833679		2.845747535	24.13113781	73.02311465				31.63225635	11.48105208	56.88669157	0	0	0	-1142.363175	0.9004909597	1345.82776557931	-1142.363175	0.01798833679			
1139.803175	7	9	84	0.9023674762	0.01781863836		2.822049838	24.24537575	72.93257441				32.15493445	11.24948196	56.59558358	0	0	0	-1139.803175	0.9023674762	1385.4744763941	-1139.803175	0.01781863836			
1137.243175	7	9	84	0.9041881322	0.01760364655		2.799169206	24.35385443	72.84697637				32.68096851	11.01466255	56.30436895	0	0	0	-1137.243175	0.9041881322	1429.82299882118	-1137.243175	0.01760364655			
1134.683175	7	9	84	0.9059502513	0.01734461766		2.777118312	24.45639383	72.76648786				33.20879936	10.7774047	56.01379593	0	0	0	-1134.683175	0.9059502513	1479.18298763678	-1134.683175	0.01734461766			
1132.123175	7	9	84	0.9076516321	0.01704387236		2.755902031	24.5528645	72.69123347				33.73683915	10.53854543	55.72461543	0	0	0	-1132.123175	0.9076516321	1533.84381307824	-1132.123175	0.01704387236			
1129.563175	7	9	84	0.9092906018	0.01670471442		2.735516801	24.64319403	72.62128917				34.2635096	10.29892755	55.43756285	0	0	0	-1129.563175	0.9092906018	1594.06909012276	-1129.563175	0.01670471442			
1127.003175	7	9	84	0.9108660478	0.01633127745		2.715951723	24.72736231	72.55668596				34.7872794	10.05937968	55.15334092	0	0	0	-1127.003175	0.9108660478	1660.09271011937	-1127.003175	0.01633127745			
1124.443175	7	9	84	0.9123774253	0.01592832642		2.697188502	24.80540391	72.49740759				35.3066981	9.820697436	54.87260447	0	0	0	-1124.443175	0.9123774253	1732.11588460627	-1124.443175	0.01592832642			
1121.883175	7	9	84	0.9138247428	0.01550103254		2.679202398	24.87740353	72.44339407				35.82042476	9.583627211	54.59594803	0	0	0	-1121.883175	0.9138247428	1810.30625524585	-1121.883175	0.01550103254			
1119.323175	7	9	84	0.9152085262	0.0150547341		2.661963193	24.94349102	72.39454579				36.32724989	9.34885324	54.32389687	0	0	0	-1119.323175	0.9152085262	1894.79771337676	-1119.323175	0.0150547341			
1116.763175	7	9	84	0.9165297686	0.01459472245		2.645436265	25.00383509	72.35072865				36.82611026	9.116988336	54.05690141	0	0	0	-1116.763175	0.9165297686	1985.69172142711	-1116.763175	0.01459472245			
1114.203175	7	9	84	0.9177898677	0.014126053		2.629583697	25.0586364	72.3117799				37.31609641	8.888568377	53.79533522	0	0	0	-1114.203175	0.9177898677	2083.05965601257	-1114.203175	0.014126053			
1111.643175	7	9	84	0.9189905583	0.01365339886		2.614365353	25.10812053	72.27751412				37.79645386	8.66405027	53.53949587	0	0	0	-1111.643175	0.9189905583	2186.94565950883	-1111.643175	0.01365339886			
1109.083175	7	9	84	0.9201338426	0.01318094889		2.599739868	25.15253102	72.24772911				38.26657875	8.443812919	53.28960833	0	0	0	-1109.083175	0.9201338426	2297.37036866603	-1109.083175	0.01318094889			
1106.523175	7	9	84	0.9212219231	0.01271234885		2.585665523	25.19212306	72.22221142				38.72600929	8.228160581	53.04583013	0	0	0	-1106.523175	0.9212219231	2414.33389516442	-1106.523175	0.01271234885			
1103.963175	7	9	84	0.9222571409	0.01225068031		2.572100985	25.22715776	72.20074125				39.17441419	8.017327986	52.80825783	0	0	0	-1103.963175	0.9222571409	2537.82024826204	-1103.963175	0.01225068031			
1101.403175	7	9	84	0.9232419198	0.01179846997		2.559005901	25.2578974	72.1830967				39.61157933	7.811486615	52.57693406	0	0	0	-1101.403175	0.9232419198	2667.80043717512	-1101.403175	0.01179846997			
1098.843175	7	9	84	0.9241787194	0.01135772134		2.546341365	25.28460134	72.16905729				40.03739354	7.610751587	52.35185487	0	0	0	-1098.843175	0.9241787194	2804.23528603015	-1098.843175	0.01135772134			
1096.283175	7	9	84	0.9250699954	0.01092996113		2.534070247	25.30752294	72.15840682				40.45183435	7.415188747	52.1329769	0	0	0	-1096.283175	0.9250699954	2947.07893553428	-1096.283175	0.01092996113			
1093.723175	7	9	84	0.9259181678	0.01051629398		2.522157426	25.32690707	72.1509355				40.8549543	7.224821612	51.92022408	0	0	0	-1093.723175	0.9259181678	3096.28052310157	-1093.723175	0.01051629398			
1091.163175	7	9	84	0.9267255965	0.01011746008		2.510569921	25.34298846	72.14644162				41.24686812	7.039637948	51.71349393	0	0	0	-1091.163175	0.9267255965	3251.78716570104	-1091.163175	0.01011746008			
1088.603175	7	9	84	0.9274945624	0.009733892094		2.499276955	25.35599048	72.14473257				41.62774112	6.859595823	51.51266306	0	0	0	-1088.603175	0.9274945624	3413.54519262473	-1088.603175	0.009733892094			
1086.043175	7	9	84	0.9282272548	0.009365768662		2.488249953	25.36612445	72.1456256				41.99777889	6.684629071	51.31759204	0	0	0	-1086.043175	0.9282272548	3581.50098302656	-1086.043175	0.009365768662			
1083.483175	7	9	84	0.9289257627	0.009013063012		2.477462501	25.37358934	72.14894816				42.35721822	6.514652119	51.12812966	0	0	0	-1083.483175	0.9289257627	3755.60421342304	-1083.483175	0.009013063012			
1080.923175	7	9	84	0.9295920694	0.008675585889		2.466890274	25.37857174	72.15453799				42.70631934	6.349564188	50.94411647	0	0	0	-1080.923175	0.9295920694	3935.80610340764	-1080.923175	0.008675585889			
1078.363175	7	9	84	0.9302280513	0.008353022629		2.456510935	25.38124607	72.16224299				43.04535935	6.189252911	50.76538774	0	0	0	-1078.363175	0.9302280513	4122.06141581052	-1078.363175	0.008353022629			
1075.803175	7	9	84	0.9308354773	0.008044964539		2.446304027	25.38177495	72.17192102				43.37462664	6.033597401	50.59177596	0	0	0	-1075.803175	0.9308354773	4314.01422506795	-1075.803175	0.008044964539			
1073.243175	7	9	84	0.9314160906	0.007751787333		2.436256225	25.38028163	72.18346215				43.69441409	5.882462915	50.42312299	0	0	0	-1073.243175	0.9314160906	4512.04466978742	-1073.243175	0.007751787333			
1070.683175	7	9	84	0.9319713492	0.007470979237		2.426343818	25.37693904	72.19671714				44.00501396	5.735731351	50.25925468	0	0	0	-1070.683175	0.9319713492	4716.31242277058	-1070.683175	0.007470979237			
1068.123175	7	9	84	0.9325027331	0.007203340739		2.416552233	25.37187498	72.21157278				44.30673269	5.593265976	50.10000133	0	0	0	-1068.123175	0.9325027331	4926.43784413197	-1068.123175	0.007203340739			
1065.563175	7	9	84	0.9330116129	0.006948097674		2.406867361	25.36521009	72.22792255				44.59986593	5.454933398	49.94520067	0	0	0	-1065.563175	0.9330116129	5142.45630358703	-1065.563175	0.006948097674			
1063.003175	7	9	84	0.9334992698	0.006704675781		2.397276376	25.3570561	72.24566752				44.88470495	5.320600794	49.79469426	0	0	0	-1063.003175	0.9334992698	5364.35169145153	-1063.003175	0.006704675781			
1060.443175	7	9	84	0.9339669011	0.006472506006		2.387767631	25.34751644	72.26471593				45.16153519	5.190136798	49.64832801	0	0	0	-1060.443175	0.9339669011	5592.1091702969	-1060.443175	0.006472506006			
1057.883175	7	9	84	0.9344156255	0.006251029272		2.378330555	25.33668683	72.28498261				45.43063514	5.063412225	49.50595263	0	0	0	-1057.883175	0.9344156255	5825.72220131544	-1057.883175	0.006251029272			
1055.323175	7	9	84	0.9348464873	0.006039701368		2.368955564	25.32465584	72.3063886				45.69227557	4.940300618	49.36742381	0	0	0	-1055.323175	0.9348464873	6065.18890668502	-1055.323175	0.006039701368			
1052.763175	7	9	84	0.935260462	0.005837996259		2.359633971	25.31150542	72.32886061				45.94671894	4.82067866	49.2326024	0	0	0	-1052.763175	0.935260462	6310.50847876209	-1052.763175	0.005837996259			
1050.203175	7	9	84	0.9356584608	0.00564540833		2.350357909	25.29731143	72.35233066				46.19421901	4.704426471	49.10135452	0	0	0	-1050.203175	0.9356584608	6561.6899747233	-1050.203175	0.00564540833			
1047.643175	7	9	84	0.9360413345	0.005461453798		2.341120258	25.28214408	72.37673566				46.43502069	4.591427819	48.97355149	0	0	0	-1047.643175	0.9360413345	6818.7436015856	-1047.643175	0.005461453798			
1045.083175	7	9	84	0.9364098786	0.005285671473		2.331914574	25.2660684	72.40201703				46.66935994	4.481570247	48.84906982	0	0	0	-1045.083175	0.9364098786	7081.68350926859	-1045.083175	0.005285671473			
1042.523175	7	9	84	0.9367648365	0.005117623015		2.322735033	25.24914461	72.42812036				46.89746374	4.374745144	48.72779112	0	0	0	-1042.523175	0.9367648365	7350.5328459704	-1042.523175	0.005117623015			
1039.963175	7	9	84	0.9371069034	0.004956892812		2.313576375	25.23142852	72.45499511				47.11955027	4.270847772	48.60960195	0	0	0	-1039.963175	0.9371069034	7625.31258030616	-1039.963175	0.004956892812			
1037.403175	7	9	84	0.9374367302	0.004803087576		2.30443385	25.21297188	72.48259427				47.33582902	4.169777244	48.49439374	0	0	0	-1037.403175	0.9374367302	7906.05249653229	-1037.403175	0.004803087576			
1034.843175	7	9	84	0.9377549259	0.004655835729		2.295303175	25.1938227	72.51087413				47.54650098	4.071436484	48.38206254	0	0	0	-1034.843175	0.9377549259	8192.7868631617	-1034.843175	0.004655835729			
1032.283175	7	9	84	0.9380620613	0.004514786648		2.286180492	25.17402551	72.53979399				47.75175891	3.975732151	48.27250894	0	0	0	-1032.283175	0.9380620613	8485.54927796038	-1032.283175	0.004514786648			
1029.723175	7	9	84	0.9383586715	0.004379609809		2.277062329	25.1536217	72.56931597				47.9517876	3.88257456	48.16563784	0	0	0	-1029.723175	0.9383586715	8784.38121900794	-1029.723175	0.004379609809			
1027.163175	7	9	84	0.9386452584	0.004249993871		2.267945566	25.13264967	72.59940476				48.14676413	3.791877577	48.0613583	0	0	0	-1027.163175	0.9386452584	9089.33061431183	-1027.163175	0.004249993871			
1024.603175	7	9	84	0.938922293	0.00412564573		2.258827405	25.11114517	72.63002742				48.33685814	3.70355851	47.95958335	0	0	0	-1024.603175	0.938922293	9400.44389161399	-1024.603175	0.00412564573			
1022.043175	7	9	84	0.939190218	0.004006289566		2.249705341	25.08914141	72.66115325				48.52223218	3.617537996	47.86022983	0	0	0	-1022.043175	0.939190218	9717.77204298314	-1022.043175	0.004006289566			
1019.483175	7	9	84	0.9394494494	0.003891665885		2.240577136	25.0666693	72.69275356				48.70304193	3.533739884	47.76321819	0	0	0	-1019.483175	0.9394494494	10041.3745822473	-1019.483175	0.003891665885			
1016.923175	7	9	84	0.9397003785	0.003781530599		2.231440795	25.04375763	72.72480157				48.87943654	3.452091106	47.66847236	0	0	0	-1016.923175	0.9397003785	10371.3093231518	-1016.923175	0.003781530599			
1014.363175	7	9	84	0.9399433738	0.003675654113		2.222294546	25.02043322	72.75727223				49.0515589	3.372521565	47.57591954	0	0	0	-1014.363175	0.9399433738	10707.6429755413	-1014.363175	0.003675654113			
1011.803175	7	9	84	0.9401787822	0.003573820464		2.213136823	24.99672105	72.79014212				49.21954591	3.294964007	47.48549008	0	0	0	-1011.803175	0.9401787822	11050.4421724379	-1011.803175	0.003573820464			
1009.243175	7	9	84	0.940406931	0.003475826483		2.203966244	24.97264443	72.82338933				49.38352876	3.219353908	47.39711733	0	0	0	-1009.243175	0.940406931	11399.7768230568	-1009.243175	0.003475826483			
1006.683175	7	9	84	0.9406281288	0.003381481004		2.194781596	24.94822509	72.85699331				49.54363319	3.145629354	47.31073746	0	0	0	-1006.683175	0.9406281288	11755.7247824093	-1006.683175	0.003381481004			
1004.123175	7	9	84	0.940842667	0.003290604118		2.185581825	24.92348332	72.89093485				49.69997973	3.073730926	47.22628935	0	0	0	-1004.123175	0.940842667	12118.3666512656	-1004.123175	0.003290604118			
1001.563175	7	9	84	0.9410508208	0.003203026459		2.176366018	24.89843806	72.92519592				49.85268397	3.003601598	47.14371444	0	0	0	-1001.563175	0.9410508208	12487.7831139663	-1001.563175	0.003203026459			
999.0031755	7	9	84	0.9412528505	0.003118588537		2.167133392	24.87310702	72.95975959				50.00185676	2.935186622	47.06295662	0	0	0	-999.0031755	0.9412528505	12864.0652286476	-999.0031755	0.003118588537			
996.4431755	7	9	84	0.9414490022	0.00303714011		2.157883286	24.84750672	72.99460999				50.14760447	2.868433431	46.9839621	0	0	0	-996.4431755	0.9414490022	13247.301113416	-996.4431755	0.00303714011			
993.8831755	7	9	84	0.9416395091	0.002958539595		2.148615146	24.82165263	73.02973223				50.29002915	2.803291537	46.90667931	0	0	0	-993.8831755	0.9416395091	13637.5840050822	-993.8831755	0.002958539595			
991.3231755	7	9	84	0.9418245919	0.002882653516		2.13932852	24.79555919	73.06511229				50.4292288	2.739712441	46.83105875	0	0	0	-991.3231755	0.9418245919	14035.0143468447	-991.3231755	0.002882653516			
988.7631755	7	9	84	0.94200446	0.002809355984		2.130023051	24.76923994	73.10073701				50.56529751	2.67764954	46.75705295	0	0	0	-988.7631755	0.94200446	14439.6980513991	-988.7631755	0.002809355984			
986.2031755	7	9	84	0.9421793118	0.002738528219		2.120698461	24.74270752	73.13659402				50.69832567	2.617058039	46.68461629	0	0	0	-986.2031755	0.9421793118	14851.7438738718	-986.2031755	0.002738528219			
983.6431755	7	9	84	0.9423493358	0.002670058092		2.111354556	24.71597378	73.17267167				50.82840012	2.557894872	46.61370501	0	0	0	-983.6431755	0.9423493358	15271.2577111772	-983.6431755	0.002670058092			
981.0831755	7	9	84	0.942514711	0.00260383971		2.10199121	24.68904979	73.208959				50.95560435	2.500118622	46.54427703	0	0	0	-981.0831755	0.942514711	15698.3577337761	-981.0831755	0.00260383971			
978.5231755	7	9	84	0.9426756075	0.002539773018		2.092608363	24.66194595	73.24544568				51.08001864	2.443689444	46.47629192	0	0	0	-978.5231755	0.9426756075	16133.1629710002	-978.5231755	0.002539773018			
975.9631755	7	9	84	0.9428321871	0.002477763434		2.083206016	24.63467198	73.28212201				51.20172021	2.388568996	46.40971079	0	0	0	-975.9631755	0.9428321871	16575.7993964416	-975.9631755	0.002477763434			
973.4031755	7	9	84	0.9429846037	0.002417721507		2.073784226	24.60723696	73.31897881				51.32078338	2.33472037	46.34449625	0	0	0	-973.4031755	0.9429846037	17026.3894159895	-973.4031755	0.002417721507			
970.8431755	7	9	84	0.943133004	0.002359562595		2.0643431	24.57964944	73.35600746				51.43727966	2.282108027	46.28061231	0	0	0	-970.8431755	0.943133004	17485.0727838256	-970.8431755	0.002359562595			
968.2831755	7	9	84	0.9432775275	0.002303206572		2.054882792	24.5519174	73.39319981				51.55127794	2.230697735	46.21802433	0	0	0	-968.2831755	0.9432775275	17951.9951235143	-968.2831755	0.002303206572			
965.7231755	7	9	84	0.9434183073	0.002248577545		2.045403498	24.52404832	73.43054818				51.66284455	2.180456511	46.15669893	0	0	0	-965.7231755	0.9434183073	18427.2820520852	-965.7231755	0.002248577545			
963.1631755	7	9	84	0.9435554705	0.002195603601		2.035905456	24.49604921	73.46804533				51.77204344	2.131352567	46.09660399	0	0	0	-963.1631755	0.9435554705	18911.0845947064	-963.1631755	0.002195603601			
960.6031755	7	9	84	0.9436891382	0.00214421656		2.026388938	24.46792664	73.50568442				51.87893623	2.083355251	46.03770851	0	0	0	-960.6031755	0.9436891382	19403.5631651874	-960.6031755	0.00214421656			
958.0431755	7	9	84	0.9438194261	0.002094351753		2.01685425	24.43968675	73.543459				51.98358235	2.036435006	45.97998264	0	0	0	-958.0431755	0.9438194261	19904.8737620975	-958.0431755	0.002094351753			
955.4831755	7	9	84	0.9439464447	0.00204594781		2.00730173	24.4113353	73.58136297				52.08603913	1.990563311	45.92339756	0	0	0	-955.4831755	0.9439464447	20415.184280286	-955.4831755	0.00204594781			
952.9231755	7	9	84	0.9440702996	0.001998946465		1.997731741	24.38287767	73.61939059				52.18636188	1.945712647	45.86792547	0	0	0	-952.9231755	0.9440702996	20934.6470128459	-952.9231755	0.001998946465			
950.3631755	7	9	84	0.944191092	0.001953292373		1.988144674	24.35431892	73.65753641				52.28460401	1.901856442	45.81353955	0	0	0	-950.3631755	0.944191092	21463.4296714564	-950.3631755	0.001953292373			
947.8031755	7	9	84	0.9443089186	0.001908932936		1.978540943	24.32566375	73.69579531				52.38081707	1.858969042	45.76021389	0	0	0	-947.8031755	0.9443089186	22001.7394731575	-947.8031755	0.001908932936			
945.2431755	7	9	84	0.9444238718	0.001865818147		1.968920983	24.29691657	73.73416244				52.47505089	1.81702566	45.70792345	0	0	0	-945.2431755	0.9444238718	22549.758957695	-945.2431755	0.001865818147			
942.6831755	7	9	84	0.9445360403	0.001823900438		1.959285251	24.26808152	73.77263322				52.56735359	1.776002347	45.65664407	0	0	0	-942.6831755	0.9445360403	23107.6497808937	-942.6831755	0.001823900438			
940.1231755	7	9	84	0.9446455092	0.00178313454		1.949634218	24.23916245	73.81120333				52.65777169	1.735875955	45.60635235	0	0	0	-940.1231755	0.9446455092	23675.6183804734	-940.1231755	0.00178313454			
937.5631755	7	9	84	0.9447523599	0.001743477355		1.939968374	24.21016294	73.84986869				52.7463502	1.696624101	45.5570257	0	0	0	-937.5631755	0.9447523599	24253.8853360114	-937.5631755	0.001743477355			
935.0031755	7	9	84	0.9448566705	0.00170488783		1.930288225	24.18108636	73.88862542				52.83313262	1.658225135	45.50864225	0	0	0	-935.0031755	0.9448566705	24842.652384896	-935.0031755	0.00170488783			
932.4431755	7	9	84	0.944958516	0.001667326845		1.920594287	24.15193583	73.92746989				52.91816105	1.620658113	45.46118083	0	0	0	-932.4431755	0.944958516	25442.1305599874	-932.4431755	0.001667326845			
929.8831755	7	9	84	0.9450579684	0.001630757104		1.910887092	24.12271426	73.96639865				53.00147627	1.583902764	45.41462097	0	0	0	-929.8831755	0.9450579684	26052.5373593868	-929.8831755	0.001630757104			
927.3231755	7	9	84	0.9451550969	0.001595143124		1.901167185	24.09342434	74.00540847				53.0831177	1.547939465	45.36894283	0	0	0	-927.3231755	0.9451550969	26674.110316605	-927.3231755	0.001595143124			
924.7631755	7	9	84	0.9452499679	0.001560450789		1.891435112	24.06406862	74.04449627				53.16312359	1.512749213	45.3241272	0	0	0	-924.7631755	0.9452499679	27307.0899579825	-924.7631755	0.001560450789			
922.2031755	7	9	84	0.9453426453	0.001526647789		1.881691436	24.03464943	74.08365914				53.24153096	1.478313603	45.28015544	0	0	0	-922.2031755	0.9453426453	27951.7206746128	-922.2031755	0.001526647789			
919.6431755	7	9	84	0.9454331905	0.001493703187		1.871936725	24.00516892	74.12289436				53.31837568	1.444614799	45.23700952	0	0	0	-919.6431755	0.9454331905	28608.2431250479	-919.6431755	0.001493703187			
917.0831755	7	9	84	0.9455216627	0.001461587423		1.862171556	23.9756291	74.16219934				53.39369256	1.411635514	45.19467193	0	0	0	-917.0831755	0.9455216627	29276.9116511244	-917.0831755	0.001461587423			
914.5231755	7	9	84	0.9456081188	0.001430272248		1.852396509	23.94603183	74.20157166				53.46751532	1.37935899	45.15312569	0	0	0	-914.5231755	0.9456081188	29958.0240506847	-914.5231755	0.001430272248			
911.9631755	7	9	84	0.9456926135	0.001399730652		1.842612175	23.91637879	74.24100903				53.53987669	1.347768975	45.11235434	0	0	0	-911.9631755	0.9456926135	30651.8354212873	-911.9631755	0.001399730652			
909.4031755	7	9	84	0.9457751997	0.001369936907		1.832819149	23.88667154	74.28050931				53.6108084	1.316849703	45.0723419	0	0	0	-909.4031755	0.9457751997	31358.6292277221	-909.4031755	0.001369936907			
906.8431755	7	9	84	0.9458559282	0.001340866073		1.823018025	23.85691152	74.32007045				53.68034129	1.286585877	45.03307284	0	0	0	-906.8431755	0.9458559282	32078.7076585548	-906.8431755	0.001340866073			
904.2831755	7	9	84	0.9459348481	0.001312494597		1.813209404	23.82710005	74.35969054				53.74850527	1.25696265	44.99453208	0	0	0	-904.2831755	0.9459348481	32812.3615661222	-904.2831755	0.001312494597			
901.7231755	7	9	84	0.9460120067	0.001284799819		1.80339389	23.79723832	74.39936779				53.81532942	1.227965607	44.95670498	0	0	0	-901.7231755	0.9460120067	33576.7079900664	-901.7231755	0.001284799819			
899.1631755	7	9	84	0.9460873767	0.001256544669		1.793526541	23.7675231	74.43895036				53.88077869	1.199607951	44.91961336	0	0	0	-899.1631755	0.9460873767	34337.4383071211	-899.1631755	0.001256544669			
896.6031755	7	9	84	0.9461611493	0.001231375234		1.783699238	23.73756347	74.47873729				53.94500804	1.171821023	44.88317094	0	0	0	-896.6031755	0.9461611493	35097.4308790392	-896.6031755	0.001231375234			
894.0431755	7	9	84	0.9462332927	0.001205582916		1.77386687	23.70755657	74.51857656				54.00797989	1.144619482	44.84740063	0	0	0	-894.0431755	0.9462332927	35888.6832078808	-894.0431755	0.001205582916			
891.4831755	7	9	84	0.946303848	0.001180383262		1.764029931	23.6775036	74.55846647				54.06971997	1.11799056	44.81228947	0	0	0	-891.4831755	0.946303848	36695.2115544106	-891.4831755	0.001180383262			
888.9231755	7	9	84	0.9463728548	0.001155760793		1.75418904	23.64740522	74.59840574				54.13025351	1.091921765	44.77782473	0	0	0	-888.9231755	0.9463728548	37517.5212460573	-888.9231755	0.001155760793			
886.3631755	7	9	84	0.946440351	0.001131691571		1.744344516	23.6172637	74.63839178				54.18960479	1.066401086	44.74399412	0	0	0	-886.3631755	0.946440351	38355.702677776	-886.3631755	0.001131691571			
883.8031755	7	9	84	0.9465063746	0.001108175614		1.734497502	23.5870765	74.678426				54.24779819	1.041416478	44.71078533	0	0	0	-883.8031755	0.9465063746	39210.167946221	-883.8031755	0.001108175614			
881.2431755	7	9	84	0.946570961	0.00108517991		1.72464832	23.55684569	74.71850599				54.30485664	1.016956585	44.67818677	0	0	0	-881.2431755	0.946570961	40081.5351121674	-881.2431755	0.00108517991			
878.6831755	7	9	84	0.946634145	0.001062694468		1.714797563	23.52657171	74.75863072				54.36080274	0.9930102351	44.64618703	0	0	0	-878.6831755	0.946634145	40970.1550984663	-878.6831755	0.001062694468			
876.1231755	7	9	84	0.94669596	0.001040704343		1.704945825	23.49625495	74.79879922				54.4156585	0.9695665534	44.61477495	0	0	0	-876.1231755	0.94669596	41876.3878801262	-876.1231755	0.001040704343			
873.5631755	7	9	84	0.9467564388	0.001019195157		1.695093697	23.46589571	74.83901059				54.46944537	0.9466149519	44.58393967	0	0	0	-873.5631755	0.9467564388	42800.7266653659	-873.5631755	0.001019195157			
871.0031755	7	9	84	0.9468156126	0.0009981530866		1.685241769	23.43549423	74.879264				54.52218426	0.9241451194	44.55367062	0	0	0	-871.0031755	0.9468156126	43743.6098876814	-871.0031755	0.0009981530866			
868.4431755	7	9	84	0.9468735122	0.0009775648376		1.675390631	23.40505069	74.91955868				54.57389552	0.9021470118	44.52395747	0	0	0	-868.4431755	0.9468735122	44705.4378791471	-868.4431755	0.0009775648376			
865.8831755	7	9	84	0.9469301671	0.000957417618		1.66554087	23.37456521	74.95989392				54.62459901	0.8806108431	44.49479015	0	0	0	-865.8831755	0.9469301671	45686.8687371747	-865.8831755	0.000957417618			
863.3231755	7	9	84	0.9469856058	0.000937699146		1.655693116	23.34403716	75.00026973				54.67431409	0.8595270767	44.46615883	0	0	0	-863.3231755	0.9469856058	46688.2504740403	-863.3231755	0.000937699146			
860.7631755	7	9	84	0.9470398564	0.0009183975109		1.645847861	23.31346794	75.0406842				54.72305965	0.8388864162	44.43805393	0	0	0	-860.7631755	0.9470398564	47710.1126298629	-860.7631755	0.0009183975109			
858.2031755	7	9	84	0.9470929457	0.0008995013287		1.636005732	23.28285683	75.08113744				54.77085412	0.8186797983	44.41046609	0	0	0	-858.2031755	0.9470929457	48753.0961990664	-858.2031755	0.0008995013287			
855.6431755	7	9	84	0.9471448999	0.0008809996054		1.626167306	23.25220373	75.12162897				54.81771546	0.7988983842	44.38338616	0	0	0	-855.6431755	0.9471448999	49817.6864227738	-855.6431755	0.0008809996054			
853.0831755	7	9	84	0.9471957444	0.0008628817478		1.616333158	23.2215085	75.16215834				54.86366122	0.7795335526	44.35680522	0	0	0	-853.0831755	0.9471957444	50904.4489846356	-853.0831755	0.0008628817478			
850.5231755	7	9	84	0.9472455039	0.0008451375459		1.606503862	23.19077098	75.20272516				54.90870855	0.7605768924	44.33071456	0	0	0	-850.5231755	0.9472455039	52014.0028682856	-850.5231755	0.0008451375459			
847.9631755	7	9	84	0.9472942023	0.0008277572432		1.596679992	23.15999089	75.24332911				54.95287415	0.7420201952	44.30510566	0	0	0	-847.9631755	0.9472942023	53146.9026250473	-847.9631755	0.0008277572432			
845.4031755	7	9	84	0.947341863	0.0008107311715		1.586862109	23.12916802	75.28396987				54.99617437	0.7238554503	44.27997018	0	0	0	-845.4031755	0.947341863	54303.8187058898	-845.4031755	0.0008107311715			
842.8431755	7	9	84	0.9473885085	0.000794050265		1.577050776	23.09830207	75.32464716				55.03862519	0.7060748367	44.25529997	0	0	0	-842.8431755	0.9473885085	55485.4598985212	-842.8431755	0.000794050265			
840.2831755	7	9	84	0.9474341608	0.00077770569		1.567246552	23.06739268	75.36536076				55.0802422	0.6886707176	44.23108708	0	0	0	-840.2831755	0.9474341608	56692.3569585134	-840.2831755	0.00077770569			
837.7231755	7	9	84	0.9474788414	0.0007616889209		1.557449994	23.0364395	75.40611051				55.12104066	0.6716356346	44.20732371	0	0	0	-837.7231755	0.9474788414	57925.4096996001	-837.7231755	0.0007616889209			
835.1631755	7	9	84	0.9475225708	0.0007459917276		1.547661654	23.0054421	75.44689625				55.16103547	0.654962302	44.18400223	0	0	0	-835.1631755	0.9475225708	59185.2222337976	-835.1631755	0.0007459917276			
832.6031755	7	9	84	0.9475653695	0.0007306061632		1.537882082	22.97440004	75.48771787				55.2002412	0.6386436011	44.1611152	0	0	0	-832.6031755	0.9475653695	60472.4185098751	-832.6031755	0.0007306061632			
830.0431755	7	9	84	0.9476072571	0.000715524552		1.528111822	22.94331286	75.52857532				55.23867212	0.6226725755	44.13865531	0	0	0	-830.0431755	0.9476072571	61787.9880366699	-830.0431755	0.000715524552			
827.4831755	7	9	84	0.9476482527	0.00070073948		1.518351416	22.91218004	75.56946854				55.27634217	0.6070424255	44.11661541	0	0	0	-827.4831755	0.9476482527	63132.6375699904	-827.4831755	0.00070073948			
824.9231755	7	9	84	0.947688375	0.0006862437817		1.508601402	22.88100106	75.61039754				55.31326499	0.5917465039	44.0949885	0	0	0	-824.9231755	0.947688375	64507.206184696	-824.9231755	0.0006862437817			
822.3631755	7	9	84	0.9477276421	0.0006720305319		1.498862312	22.84977534	75.65136235				55.34945395	0.5767783107	44.07376773	0	0	0	-822.3631755	0.9477276421	65912.5794552795	-822.3631755	0.0006720305319			
819.8031755	7	9	84	0.9477660717	0.0006580930354		1.489134676	22.81850231	75.69236302				55.38492213	0.562131489	44.05294639	0	0	0	-819.8031755	0.9477660717	67349.5385735907	-819.8031755	0.0006580930354			
817.2431755	7	9	84	0.9478036811	0.0006444248178		1.479419019	22.78718134	75.73339964				55.41968231	0.5477998207	44.03251787	0	0	0	-817.2431755	0.9478036811	68819.1001350587	-817.2431755	0.0006444248178			
814.6831755	7	9	84	0.947840487	0.0006310196172		1.469715863	22.75581181	75.77447233				55.45374703	0.5337772222	44.01247574	0	0	0	-814.6831755	0.947840487	70322.1433980752	-814.6831755	0.0006310196172			
812.1231755	7	9	84	0.9478765059	0.0006178713753		1.460025724	22.72439304	75.81558124				55.48712859	0.5200577405	43.99281367	0	0	0	-812.1231755	0.9478765059	71859.7387615578	-812.1231755	0.0006178713753			
809.5631755	7	9	84	0.9479117536	0.0006049742295		1.450349114	22.69292435	75.85672654				55.51983899	0.5066355491	43.97352546	0	0	0	-809.5631755	0.9479117536	73432.882313497	-809.5631755	0.0006049742295			
807.0031755	7	9	84	0.9479462458	0.0005923225056		1.440686542	22.66140503	75.89790843				55.55189004	0.4935049448	43.95460501	0	0	0	-807.0031755	0.9479462458	75042.5746726958	-807.0031755	0.0005923225056			
804.4431755	7	9	84	0.9479799976	0.0005799107103		1.431038512	22.62983435	75.93912714				55.58329329	0.4806603436	43.93604637	0	0	0	-804.4431755	0.9479799976	76689.9449026821	-804.4431755	0.0005799107103			
801.8831755	7	9	84	0.9480130239	0.000567733524		1.421405523	22.59821156	75.98038292				55.61406006	0.4680962774	43.91784367	0	0	0	-801.8831755	0.9480130239	78376.1151287879	-801.8831755	0.000567733524			
799.3231755	7	9	84	0.9480453391	0.0005557857945		1.411788069	22.56653589	76.02167604				55.64420145	0.455807391	43.89999116	0	0	0	-799.3231755	0.9480453391	80102.2444532563	-799.3231755	0.0005557857945			
796.7631755	7	9	84	0.9480769574	0.0005440625307		1.402186643	22.53480656	76.0630068				55.67372835	0.4437884384	43.88248321	0	0	0	-796.7631755	0.9480769574	81869.596964128	-796.7631755	0.0005440625307			
794.2031755	7	9	84	0.9481078925	0.0005325588959		1.392601729	22.50302275	76.10437553				55.70265145	0.43203428	43.86531427	0	0	0	-794.2031755	0.9481078925	83679.3421369141	-794.2031755	0.0005325588959			
791.6431755	7	9	84	0.948138158	0.0005212702027		1.383033808	22.47118363	76.14578256				55.73098122	0.4205398796	43.8484789	0	0	0	-791.6431755	0.948138158	85533.0581696859	-791.6431755	0.0005212702027			
789.0831755	7	9	84	0.9481677668	0.0005101919068		1.373483359	22.43928837	76.18722827				55.75872795	0.4093003013	43.83197175	0	0	0	-789.0831755	0.9481677668	87431.7498047535	-789.0831755	0.0005101919068			
786.5231755	7	9	84	0.9481967321	0.0004993196021		1.363950853	22.4073361	76.22871305				55.78590171	0.398310707	43.81578758	0	0	0	-786.5231755	0.9481967321	89377.0631749722	-786.5231755	0.0004993196021			
783.9631755	7	9	84	0.9482250661	0.0004886490154		1.354436758	22.37532594	76.2702373				55.81251242	0.3875663537	43.79992123	0	0	0	-783.9631755	0.9482250661	91370.4163960858	-783.9631755	0.0004886490154			
781.4031755	7	9	84	0.9482527814	0.0004781760013		1.344941537	22.34325701	76.31180145				55.83856979	0.3770625907	43.78436762	0	0	0	-781.4031755	0.9482527814	93413.159278941	-781.4031755	0.0004781760013			
778.8431755	7	9	84	0.9482798898	0.0004678965379		1.335465649	22.31112839	76.35340596				55.86408338	0.3667948573	43.76912177	0	0	0	-778.8431755	0.9482798898	95507.0693172213	-778.8431755	0.0004678965379			
776.2831755	7	9	84	0.9483064032	0.0004578067218		1.326009548	22.27893916	76.39505129				55.88906255	0.3567586803	43.75417877	0	0	0	-776.2831755	0.9483064032	97653.6186412556	-776.2831755	0.0004578067218			
773.7231755	7	9	84	0.948332333	0.0004479027643		1.316573682	22.24668839	76.43673793				55.91351651	0.3469496716	43.73953382	0	0	0	-773.7231755	0.948332333	99854.8499655116	-773.7231755	0.0004479027643			
771.1631755	7	9	84	0.9483576904	0.0004381809867		1.307158498	22.21437511	76.47846639				55.93745432	0.3373635261	43.72518216	0	0	0	-771.1631755	0.9483576904	102112.170631692	-771.1631755	0.0004381809867			
768.6031755	7	9	84	0.9483824865	0.0004286378168		1.297764434	22.18199836	76.5202372				55.96088485	0.3279960195	43.71111913	0	0	0	-768.6031755	0.9483824865	104427.484331903	-768.6031755	0.0004286378168			
766.0431755	7	9	84	0.948406732	0.0004192697846		1.288391926	22.14955717	76.5620509				55.98381685	0.3188430063	43.69734015	0	0	0	-766.0431755	0.948406732	106802.985999112	-766.0431755	0.0004192697846			
763.4831755	7	9	84	0.9484304374	0.000410073519		1.279041405	22.11705054	76.60390805				56.00625889	0.3099004173	43.68384069	0	0	0	-763.4831755	0.9484304374	109240.099117027	-763.4831755	0.000410073519			
760.9231755	7	9	84	0.9484536132	0.0004010457441		1.269713298	22.08447746	76.64580924				56.02821942	0.3011642583	43.67061632	0	0	0	-760.9231755	0.9484536132	111741.315923377	-760.9231755	0.0004010457441			
758.3631755	7	9	84	0.9484762693	0.0003921832757		1.260408025	22.05183691	76.68775506				56.04970674	0.2926306079	43.65766265	0	0	0	-758.3631755	0.9484762693	114308.655694884	-758.3631755	0.0003921832757			
755.8031755	7	9	84	0.9484984158	0.0003834830184		1.251126003	22.01912786	76.72974613				56.070729	0.2842956154	43.64497538	0	0	0	-755.8031755	0.9484984158	116944.42611552	-755.8031755	0.0003834830184			
753.2431755	7	9	84	0.9485200622	0.000374941962		1.241867646	21.98634927	76.77178308				56.09129423	0.2761554997	43.63255027	0	0	0	-753.2431755	0.9485200622	119650.869549045	-753.2431755	0.000374941962			
750.6831755	7	9	84	0.9485412182	0.0003665571786		1.23263336	21.95350008	76.81386656				56.11141033	0.2682065468	43.62038313	0	0	0	-750.6831755	0.9485412182	122430.248533408	-750.6831755	0.0003665571786			
748.1231755	7	9	84	0.948561893	0.0003583258201		1.223423548	21.92057921	76.85599724				56.13108504	0.2604451089	43.60846985	0	0	0	-748.1231755	0.948561893	125285.374756992	-748.1231755	0.0003583258201			
745.5631755	7	9	84	0.9485820958	0.0003502451147		1.21423861	21.8875856	76.89817579				56.15032603	0.2528676024	43.59680637	0	0	0	-745.5631755	0.9485820958	128218.7317767	-745.5631755	0.0003502451147			
743.0031755	7	9	84	0.9486018355	0.0003423123649		1.205078939	21.85451813	76.94040293				56.1691408	0.2454705062	43.58538869	0	0	0	-743.0031755	0.9486018355	131233.177975623	-743.0031755	0.0003423123649			
740.4431755	7	9	84	0.9486211209	0.0003345249443		1.195944924	21.82137572	76.98267935				56.18753676	0.2382503606	43.57421288	0	0	0	-740.4431755	0.9486211209	134331.07301009	-740.4431755	0.0003345249443			
737.8831755	7	9	84	0.9486399607	0.0003268802954		1.18683695	21.78815725	77.0250058				56.20552118	0.2312037658	43.56327505	0	0	0	-737.8831755	0.9486399607	137515.610774865	-737.8831755	0.0003268802954			
735.3231755	7	9	84	0.9486583633	0.0003193759276		1.177755399	21.75486157	77.06738303				56.22310124	0.2243273803	43.55257138	0	0	0	-735.3231755	0.9486583633	140790.12311309	-735.3231755	0.0003193759276			
732.7631755	7	9	84	0.948676337	0.000312009414		1.168700645	21.72148757	77.10981178				56.240284	0.2176179196	43.54209808	0	0	0	-732.7631755	0.948676337	144157.809329072	-732.7631755	0.000312009414			
730.2031755	7	9	84	0.9486938899	0.0003047783896		1.15967306	21.68803408	77.15229286				56.25707641	0.2110721551	43.53185143	0	0	0	-730.2031755	0.9486938899	147621.55162742	-730.2031755	0.0003047783896			
727.6431755	7	9	84	0.9487110301	0.0002976805493		1.150673011	21.65449995	77.19482704				56.27348531	0.2046869126	43.52182777	0	0	0	-727.6431755	0.9487110301	151184.872277481	-727.6431755	0.0002976805493			
725.0831755	7	9	84	0.9487277654	0.0002907136457		1.14170086	21.62088399	77.23741515				56.28951745	0.1984590712	43.51202348	0	0	0	-725.0831755	0.9487277654	154852.340069323	-725.0831755	0.0002907136457			
722.5231755	7	9	84	0.9487441034	0.0002838754869		1.132756966	21.58718503	77.280058				56.30517947	0.1923855623	43.50243497	0	0	0	-722.5231755	0.9487441034	158626.892100961	-722.5231755	0.0002838754869			
719.9631755	7	9	84	0.9487600518	0.0002771639348		1.123841683	21.55340187	77.32275645				56.32047791	0.186463368	43.49305872	0	0	0	-719.9631755	0.9487600518	162512.17959738	-719.9631755	0.0002771639348			
717.4031755	7	9	84	0.948775618	0.0002705796632		1.114955301	21.51953368	77.36551102				56.33541944	0.1806895215	43.48389104	0	0	0	-717.4031755	0.948775618	166512.934236151	-717.4031755	0.0002705796632			
714.8431755	7	9	84	0.9487908093	0.0002641151016		1.106098219	21.48557889	77.40832289				56.35001018	0.1750611034	43.47492872	0	0	0	-714.8431755	0.9487908093	170633.152758875	-714.8431755	0.0002641151016			
712.2831755	7	9	84	0.9488056329	0.000257771076		1.097270783	21.45153624	77.45119298				56.3642564	0.1695752417	43.46616836	0	0	0	-712.2831755	0.9488056329	174877.624251545	-712.2831755	0.000257771076			
709.7231755	7	9	84	0.9488200958	0.0002515456077		1.08847333	21.41740448	77.49412219				56.37816427	0.1642291118	43.45760661	0	0	0	-709.7231755	0.9488200958	179251.37778762	-709.7231755	0.0002515456077			
707.1631755	7	9	84	0.9488342049	0.0002454368007		1.079706193	21.38318235	77.53711146				56.39173987	0.1590199352	43.44924019	0	0	0	-707.1631755	0.9488342049	183758.438891254	-707.1631755	0.0002454368007			
704.6031755	7	9	84	0.9488479671	0.0002394428019		1.070969699	21.34886858	77.58016172				56.4049892	0.1539449782	43.44106583	0	0	0	-704.6031755	0.9488479671	188404.433172887	-704.6031755	0.0002394428019			
702.0431755	7	9	84	0.948861389	0.0002335618005		1.062264174	21.31446191	77.62327392				56.41791815	0.149001551	43.4330803	0	0	0	-702.0431755	0.948861389	193196.38503993	-702.0431755	0.0002335618005			
700.7631755	7	9	84	0.9488679732	0.0001146045053		1.057923529	21.29722097	77.6448555				56.424263	0.1465783181	43.42915869	0	0	0	-700.7631755	0.9488679732	195124.733267094	-700.7631755	0.0001146045053			
700.6831755	7	9	84	0.9488683831	7.139705797E-06		1.057652265	21.29614388	77.64620385				56.42465797	0.14642793	43.4289141	0	0	0	-700.6831755	0.9488683831	195712.175724768	-700.6831755	7.139705797E-06			
700.6431755	7	9	84	0.9488685872	3.553105155E-06		1.057516751	21.29560468	77.64687857				56.42485469	0.1463527875	43.42879252	0	0	0	-700.6431755	0.9488685872	198275.089219903	-700.6431755	3.553105155E-06			
700.6231755	7	9	84	0.9488686875	1.740018641E-06		1.057449473	21.29533194	77.64721859				56.42495149	0.1463152147	43.4287333	0	0	0	-700.6231755	0.9488686875	199269.433591738	-700.6231755	1.740018641E-06			
700.6131755	7	9	84	0.9488687377	8.706748739E-07		1.057415827	21.29519562	77.64738855				56.42499991	0.1462964313	43.42870366	0	0	0	-700.6131755	0.9488687377	196956.300770779	-700.6131755	8.706748739E-07			
700.5931755	7	9	84	0.9488730341	1.509064934E-06	7.929631709E-05	1.05703801	21.29698365	77.64597834	43.02837379	0.124967376	56.84665883	56.4261458	0.1462665511	43.42758765	0	0	0	-700.5931755	0.9488730341	7486.40554354127	-700.5931755	1.509064934E-06	7.929631709E-05	-0.0139693831856682	
700.5731755	7	9	84	0.9488752668	1.631452911E-06	4.029032032E-05	1.056812902	21.29775856	77.64542853	43.03096815	0.1249100711	56.84412178	56.42677585	0.1462329019	43.42699124	0	0	0	-700.5731755	0.9488752668	8942.38423203615	-700.5731755	1.631452911E-06	4.029032032E-05	-1.01421993127958	
700.5331755	7	9	84	0.9488797554	3.293751483E-06	8.099291238E-05	1.056361001	21.29932043	77.64431857	43.03618243	0.1247952601	56.83902231	56.4280423	0.146165661	43.42579204	0	0	0	-700.5331755	0.9488797554	8908.98635730032	-700.5331755	3.293751483E-06	8.099291238E-05	0.0407352142237552	
700.4531755	7	9	84	0.9488887401	6.582933164E-06	0.0001621550958	1.055457477	21.30244524	77.64209729	43.04661549	0.1245658649	56.82881864	56.43057594	0.1460312525	43.42339281	0	0	0	-700.4531755	0.9488887401	8896.52572640145	-700.4531755	6.582933164E-06	0.0001621550958	0.0401621328554869	
700.2931755	7	9	84	0.9489067551	1.301861161E-05	0.0003253715703	1.05365149	21.30869957	77.63764894	43.06750545	0.1241078321	56.80838672	56.43564659	0.1457627277	43.41859069	0	0	0	-700.2931755	0.9489067551	8871.47079566836	-700.2931755	1.301861161E-05	0.0003253715703	0.0394552160512776	
699.9731755	7	9	84	0.9489429077	2.597846645E-05	0.0006534255782	1.050043726	21.32122736	77.62872892	43.10937781	0.1231948954	56.76742729	56.44580011	0.1452268918	43.408973	0	0	0	-699.9731755	0.9489429077	8830.83642097819	-699.9731755	2.597846645E-05	0.0006534255782	0.0392571870608665	
699.3331755	7	9	84	0.949015722	5.173105248E-05	0.001317927526	1.042844996	21.34636017	77.61079484	43.1934958	0.1213815038	56.6851227	56.46615974	0.1441599044	43.38968035	0	0	0	-699.3331755	0.949015722	8748.37061546219	-699.3331755	5.173105248E-05	0.001317927526	0.0382714795685249	
698.0531755	7	9	84	0.9491634433	0.000102560745	0.002681386968	1.028513893	21.39694467	77.57454143	43.36325561	0.1178043456	56.51894004	56.50709357	0.1420446949	43.35086174	0	0	0	-698.0531755	0.9491634433	8582.11216552865	-698.0531755	0.000102560745	0.002681386968	0.0363670784268178	
695.4931755	7	9	84	0.9494677918	0.0002015788482	0.005556287675	1.000112331	21.49945692	77.50043075	43.70912737	0.1108461521	56.18002648	56.5898686	0.1378886494	43.27224275	0	0	0	-695.4931755	0.9494677918	8275.36149611417	-695.4931755	0.0002015788482	0.005556287675	-0.0146817898968422	
692.9331755	7	9	84	0.9497824936	0.0001970344229	0.005797883939	0.9720479419	21.60390543	77.42404663	44.06399103	0.1041449771	55.831864	56.67395487	0.1338304669	43.19221466	0	0	0	-692.9331755	0.9497824936	7994.79577735565	-692.9331755	0.0001970344229	0.005797883939	-0.0177264026747291	
690.3731755	7	9	84	0.9501086153	0.0001926277491	0.006064457817	0.94430774	21.71048223	77.34521003	44.42854158	0.09769541802	55.473763	56.7594869	0.1298686056	43.1106445	0	0	0	-690.3731755	0.9501086153	7706.08072579195	-690.3731755	0.0001926277491	0.006064457817	-0.0155085797916401	
687.8131755	7	9	84	0.950447385	0.000188379573	0.006359974981	0.9168778384	21.81940349	77.26371867	44.80355339	0.09149212301	55.10495448	56.84661647	0.1260015439	43.02738199	0	0	0	-687.8131755	0.950447385	7409.10855902498	-687.8131755	0.000188379573	0.006359974981	-0.0134373435780321	
685.2531755	7	9	84	0.9508002292	0.0001842982078	0.006689333257	0.8897432428	21.93091409	77.17934267	45.18990049	0.08552973029	54.72456978	56.93551591	0.122227783	42.94225631	0	0	0	-685.2531755	0.9508002292	7103.7552061442	-685.2531755	0.0001842982078	0.006689333257	-0.0115340131650295	
682.6931755	7	9	84	0.9511688174	0.0001803944229	0.007058581256	0.8628875966	22.04529335	77.09181906	45.58857415	0.07980286603	54.33162299	57.02638215	0.1185458481	42.855072	0	0	0	-682.6931755	0.9511688174	6789.90516961595	-682.6931755	0.0001803944229	0.007058581256	-0.00979070915681827	
680.1331755	7	9	84	0.9515551208	0.0001766822068	0.007475275115	0.8362928565	22.1628622	77.00084495	46.00070679	0.07430612714	53.92498709	57.11944196	0.114954291	42.76560375	0	0	0	-680.1331755	0.9515551208	6467.44375719892	-680.1331755	0.0001766822068	0.007475275115	-0.00819969725552223	
677.5731755	7	9	84	0.9519614901	0.0001731798283	0.007948975635	0.8099388753	22.28399251	76.90606861	46.42760248	0.06903405979	53.50336346	57.21495857	0.1114516925	42.67358974	0	0	0	-677.5731755	0.9519614901	6136.26286157574	-677.5731755	0.0001731798283	0.007948975635	-0.00675341022797773	
675.0131755	7	9	84	0.952390759	0.0001699113483	0.008491955016	0.7838028552	22.40911916	76.80707799	46.87077667	0.06398113186	53.06524219	57.31324046	0.108036666	42.57872287	0	0	0	-675.0131755	0.952390759	5796.26415602242	-675.0131755	0.0001699113483	0.008491955016	-0.00544445134160808	
672.4531755	7	9	84	0.9528463866	0.0001669088253	0.009120223721	0.7578586217	22.53875606	76.70338532	47.33200857	0.05914169682	52.60884974	57.41465292	0.1047078627	42.48063922	0	0	0	-672.4531755	0.9528463866	5447.35705950005	-672.4531755	0.0001669088253	0.009120223721	-0.00426559636739242	
669.8931755	7	9	84	0.9533326559	0.0001642156076	0.009855059873	0.7320756381	22.67351783	76.59440653	47.81341176	0.05450994504	52.13207829	57.5196337	0.1014639774	42.37890233	0	0	0	-669.8931755	0.9533326559	5089.46004793561	-669.8931755	0.0001642156076	0.009855059873	-0.00320979569293279	
667.3331755	7	9	84	0.9538549587	0.0001618913939	0.01072535264	0.7064176405	22.81414972	76.47943264	48.31753137	0.05007983624	51.63238879	57.62871463	0.09830375751	42.27298161	0	0	0	-667.3331755	0.9538549587	4722.50283921732	-667.3331755	0.0001618913939	0.01072535264	-0.00227017323100013	
664.7731755	7	9	84	0.9544202143	0.0001600202685	0.01177131253	0.6808406947	22.96156984	76.35758947	48.84748108	0.04584500307	51.10667392	57.74255231	0.0952260156	42.16222167	0	0	0	-664.7731755	0.9544202143	4346.4259228685	-664.7731755	0.0001600202685	0.01177131253	-0.00144002547764458	
662.2131755	7	9	84	0.9550375093	0.0001587239593	0.01305057591	0.6552903535	23.11693091	76.22777874	49.40714225	0.04179860861	50.55105914	57.8619728	0.09222964699	42.04579756	0	0	0	-662.2131755	0.9550375093	3961.18124207122	-662.2131755	0.0001587239593	0.01305057591	-0.000712814541905338	
659.6531755	7	9	84	0.9557191097	0.0001581847511	0.01464872046	0.6296973426	23.28171326	76.0885894	50.00146501	0.03793311623	49.96060187	57.98803915	0.08931365679	41.9226472	0	0	0	-659.6531755	0.9557191097	3566.73572241855	-659.6531755	0.0001581847511	0.01464872046	-8.21758780147583E-05	
657.0931755	7	9	84	0.9564821482	0.0001586872304	0.01669838676	0.6039707356	23.45787135	75.93815792	50.63693257	0.03423998364	49.32882745	58.12215785	0.0864772018	41.79136495	0	0	0	-657.0931755	0.9564821482	3163.06846684068	-657.0931755	0.0001586872304	0.01669838676	0.000458098261219419	
654.5331755	7	9	84	0.9573516072	0.0001607000377	0.019416565	0.5779865758	23.64807661	75.77393681	51.32234691	0.03070900123	48.64694409	58.26625547	0.08371965964	41.65002487	0	0	0	-654.5331755	0.9573516072	2750.17999263253	-654.5331755	0.0001607000377	0.019416565	0.000914082367339803	
651.9731755	7	9	84	0.9583660201	0.0001650498752	0.02318377491	0.5515676055	23.85614787	75.59228452	52.0701936	0.02732726984	47.90247913	58.42309197	0.08104075002	41.49586728	0	0	0	-651.9731755	0.9583660201	2328.11076243582	-651.9731755	0.0001650498752	0.02318377491	0.001291710675431	
649.4131755	7	9	84	0.9595895615	0.0001733378737	0.02873282711	0.5244438561	24.08788339	75.38767275	52.89930426	0.02407698773	47.07661875	58.59686698	0.07844076705	41.32469225	0	0	0	-649.4131755	0.9595895615	1897.03000549173	-649.4131755	0.0001733378737	0.02873282711	0.00159680850841325	
646.8531755	7	9	84	0.9611417036	0.000189106646	0.0376762529	0.4961661474	24.35287665	75.15095721	53.84058752	0.02093078896	46.13848169	58.79454423	0.07592108057	41.12953469	0	0	0	-646.8531755	0.9611417036	1457.60452876921	-646.8531755	0.000189106646	0.0376762529	0.00183636591563983	
644.2931755	7	9	84	0.9632886248	0.0002220891981	0.05439174569	0.4658786772	24.6692642	74.86485712	54.95207335	0.01783875876	45.03008789	59.02931845	0.07348542596	40.89719612	0	0	0	-644.2931755	0.9632886248	1013.44471841475	-644.2931755	0.0002220891981	0.05439174569	0.00201571121492342	
641.7331755	7	9	84	0.9668691097	0.0003113258277	0.09643104507	0.4314943143	25.08082043	74.48768525	56.37278514	0.01468070957	43.61253415	59.3331085	0.07114450586	40.59574699	0	0	0	-641.7331755	0.9668691097	562.725022419448	-641.7331755	0.0003113258277	0.09643104507	0.00919207185766388	
640.4531755	7	9	84	0.9697873047	0.0002413789383	0.08729440091	0.410809783	25.36292956	74.22626066	57.32742904	0.01296302338	42.65960793	59.54057668	0.07002009481	40.38940322	0	0	0	-640.4531755	0.9697873047	354.957451133008	-640.4531755	0.0002413789383	0.08729440091	0.00620193541871948	
639.8131755	7	9	84	0.9719779845	0.0001836919374	0.07196213933	0.3984030304	25.54764105	74.05395592	57.94310987	0.01199885566	42.04489127	59.67617957	0.06947582805	40.2543446	0	0	0	-639.8131755	0.9719779845	243.673712186606	-639.8131755	0.0001836919374	0.07196213933	0.00411332966293624	
639.1731755	7	9	84	0.9763031658	0.0003669474263	0.1535240051	0.3825652065	25.80361778	73.81381701	58.78326995	0.01084053743	41.20588951	59.86389582	0.06895448193	40.0671497	0	0	0	-639.1731755	0.9763031658	113.21913310584	-639.1731755	0.0003669474263	0.1535240051	-0.000802995688401156	
639.0131755	7	9	84	0.9778965216	0.0001559445486	0.06690408802	0.3773239811	25.89400675	73.72866927	59.07618192	0.01047521103	40.91334287	59.93014508	0.06883166956	40.00102326	0	0	0	-639.0131755	0.9778965216	84.7615533631229	-639.0131755	0.0001559445486	0.06690408802	0.00188652864137848	
638.8531755	7	9	84	0.9806864403	0.000288821877	0.1257112105	0.3706745874	26.01324287	73.61608254	59.45948436	0.01002468644	40.53049095	60.01752243	0.06871656504	39.91376101	0	0	0	-638.8531755	0.9806864403	43.8992757878657	-638.8531755	0.000288821877	0.1257112105	0.00178404302092634	
638.7731755	7	9	84	0.9832058691	0.0002963147535	0.129994296	0.3660696676	26.09902926	73.53490107	59.7330528	0.009721207739	40.257226	60.08038304	0.06866583874	39.85095112	0	0	0	-638.7731755	0.9832058691	24.1959916604684	-638.7731755	0.0002963147535	0.129994296	0.00189070567376457	
638.7331755	7	9	84	0.9855268675	0.0003130255523	0.1377760998	0.3628165705	26.1613256	73.47585783	59.93054116	0.009511040463	40.0599478	60.12603196	0.06864546472	39.80532257	0	0	0	-638.7331755	0.9855268675	13.0121322493798	-638.7331755	0.0003130255523	0.1377760998	0.00217982100250429	
638.7131755	7	9	84	0.987762699	0.0003496005586	0.1540491778	0.3604568358	26.2074303	73.43211286	60.07606208	0.009360786274	39.91457713	60.15981691	0.06863912369	39.77154397	0	0	0	-638.7131755	0.987762699	6.6188306955416	-638.7131755	0.0003496005586	0.1540491778	0.00225279067621552	
638.7031755	7	9	84	0.9902323522	0.000456751385	0.2012953549	0.3586308491	26.2436574	73.39771175	60.19002099	0.009245787791	39.80073323	60.18636497	0.06863931765	39.74499571	0	0	0	-638.7031755	0.9902323522	3.64520642388613	-638.7031755	0.000456751385	0.2012953549	0.00226808718407639	
638.6831755	7	9	84	1	0.002265311251	0.9977346887	0.3565259211	26.28574319	73.35773089	60.32220591	0.009114569832	39.66867952							-638.6831755	1	2.04757587595405	-638.6831755	0.002265311251	0.9977346887	0.00227080681383594	
638.6631755	7	9	84	1	0.002265311251	0.9977346887	0.3565259211	26.28574319	73.35773089	60.32220591	0.009114569832	39.66867952							-638.6631755	1	NaN	-638.6631755	0.002265311251	0.9977346887	NaN	
638.6231755	7	9	84	1	0.002265311251	0.9977346887	0.3565259211	26.28574319	73.35773089	60.32220591	0.009114569832	39.66867952							-638.6231755	1	NaN	-638.6231755	0.002265311251	0.9977346887	NaN	
638.5431755	7	9	84	1	0.002265311251	0.9977346887	0.3565259211	26.28574319	73.35773089	60.32220591	0.009114569832	39.66867952							-638.5431755	1	NaN	-638.5431755	0.002265311251	0.9977346887	NaN	
638.3831755	7	9	84	1	0.002265311251	0.9977346887	0.3565259211	26.28574319	73.35773089	60.32220591	0.009114569832	39.66867952							-638.3831755	1	NaN	-638.3831755	0.002265311251	0.9977346887	NaN	
638.0631755	7	9	84	1	0.002265311251	0.9977346887	0.3565259211	26.28574319	73.35773089	60.32220591	0.009114569832	39.66867952							-638.0631755	1	NaN	-638.0631755	0.002265311251	0.9977346887	NaN	
637.4231755	7	9	84	1	0.002265311251	0.9977346887	0.3565259211	26.28574319	73.35773089	60.32220591	0.009114569832	39.66867952							-637.4231755	1	NaN	-637.4231755	0.002265311251	0.9977346887	NaN	
636.1431755	7	9	84	1	0.002265311251	0.9977346887	0.3565259211	26.28574319	73.35773089	60.32220591	0.009114569832	39.66867952							-636.1431755	1	NaN	-636.1431755	0.002265311251	0.9977346887	NaN	
633.5831755	7	9	84	1	0.002265311251	0.9977346887	0.3565259211	26.28574319	73.35773089	60.32220591	0.009114569832	39.66867952							-633.5831755	1	NaN	-633.5831755	0.002265311251	0.9977346887	NaN	
628.4631755	7	9	84	1	0.002265311251	0.9977346887	0.3565259211	26.28574319	73.35773089	60.32220591	0.009114569832	39.66867952							-628.4631755	1	NaN	-628.4631755	0.002265311251	0.9977346887	NaN	
623.3431755	7	9	84	1	0.002265311251	0.9977346887	0.3565259211	26.28574319	73.35773089	60.32220591	0.009114569832	39.66867952							-623.3431755	1	NaN	-623.3431755	0.002265311251	0.9977346887	NaN	
618.2231755	7	9	84	1	0.002265311251	0.9977346887	0.3565259211	26.28574319	73.35773089	60.32220591	0.009114569832	39.66867952							-618.2231755	1	NaN	-618.2231755	0.002265311251	0.9977346887	NaN	
613.1031755	7	9	84	1	0.002265311251	0.9977346887	0.3565259211	26.28574319	73.35773089	60.32220591	0.009114569832	39.66867952							-613.1031755	1	NaN	-613.1031755	0.002265311251	0.9977346887	NaN	
607.9831755	7	9	84	1	0.002265311251	0.9977346887	0.3565259211	26.28574319	73.35773089	60.32220591	0.009114569832	39.66867952							-607.9831755	1	NaN	-607.9831755	0.002265311251	0.9977346887	NaN	
602.8631755	7	9	84	1	0.002265311251	0.9977346887	0.3565259211	26.28574319	73.35773089	60.32220591	0.009114569832	39.66867952							-602.8631755	1	NaN	-602.8631755	0.002265311251	0.9977346887	NaN	
597.7431755	7	9	84	1	0.002265311251	0.9977346887	0.3565259211	26.28574319	73.35773089	60.32220591	0.009114569832	39.66867952							-597.7431755	1	NaN	-597.7431755	0.002265311251	0.9977346887	NaN	
592.6231755	7	9	84	1	0.002265311251	0.9977346887	0.3565259211	26.28574319	73.35773089	60.32220591	0.009114569832	39.66867952							-592.6231755	1	NaN	-592.6231755	0.002265311251	0.9977346887	NaN	
587.5031755	7	9	84	1	0.002265311251	0.9977346887	0.3565259211	26.28574319	73.35773089	60.32220591	0.009114569832	39.66867952							-587.5031755	1	NaN	-587.5031755	0.002265311251	0.9977346887	NaN	
582.3831755	7	9	84	1	0.002265311251	0.9977346887	0.3565259211	26.28574319	73.35773089	60.32220591	0.009114569832	39.66867952							-582.3831755	1	NaN	-582.3831755	0.002265311251	0.9977346887	NaN	
577.2631755	7	9	84	1	0.002265311251	0.9977346887	0.3565259211	26.28574319	73.35773089	60.32220591	0.009114569832	39.66867952							-577.2631755	1	NaN	-577.2631755	0.002265311251	0.9977346887	NaN	
572.1431755	7	9	84	1	0.002265311251	0.9977346887	0.3565259211	26.28574319	73.35773089	60.32220591	0.009114569832	39.66867952							-572.1431755	1	NaN	-572.1431755	0.002265311251	0.9977346887	NaN	
567.0231755	7	9	84	1	0.002265311251	0.9977346887	0.3565259211	26.28574319	73.35773089	60.32220591	0.009114569832	39.66867952							-567.0231755	1	NaN	-567.0231755	0.002265311251	0.9977346887	NaN	
561.9031755	7	9	84	1	0.002265311251	0.9977346887	0.3565259211	26.28574319	73.35773089	60.32220591	0.009114569832	39.66867952							-561.9031755	1	NaN	-561.9031755	0.002265311251	0.9977346887	NaN	
556.7831755	7	9	84	1	0.002265311251	0.9977346887	0.3565259211	26.28574319	73.35773089	60.32220591	0.009114569832	39.66867952							-556.7831755	1	NaN	-556.7831755	0.002265311251	0.9977346887	NaN	
551.6631755	7	9	84	1	0.002265311251	0.9977346887	0.3565259211	26.28574319	73.35773089	60.32220591	0.009114569832	39.66867952							-551.6631755	1	NaN	-551.6631755	0.002265311251	0.9977346887	NaN	
546.5431755	7	9	84	1	0.002265311251	0.9977346887	0.3565259211	26.28574319	73.35773089	60.32220591	0.009114569832	39.66867952							-546.5431755	1	NaN	-546.5431755	0.002265311251	0.9977346887	NaN	
541.4231755	7	9	84	1	0.002265311251	0.9977346887	0.3565259211	26.28574319	73.35773089	60.32220591	0.009114569832	39.66867952							-541.4231755	1	NaN	-541.4231755	0.002265311251	0.9977346887	NaN	
536.3031755	7	9	84	1	0.002265311251	0.9977346887	0.3565259211	26.28574319	73.35773089	60.32220591	0.009114569832	39.66867952							-536.3031755	1	NaN	-536.3031755	0.002265311251	0.9977346887	NaN	
531.1831755	7	9	84	1	0.002265311251	0.9977346887	0.3565259211	26.28574319	73.35773089	60.32220591	0.009114569832	39.66867952							-531.1831755	1	NaN	-531.1831755	0.002265311251	0.9977346887	NaN	
526.0631755	7	9	84	1	0.002265311251	0.9977346887	0.3565259211	26.28574319	73.35773089	60.32220591	0.009114569832	39.66867952							-526.0631755	1	NaN	-526.0631755	0.002265311251	0.9977346887	NaN	
520.9431755	7	9	84	1	0.002265311251	0.9977346887	0.3565259211	26.28574319	73.35773089	60.32220591	0.009114569832	39.66867952							-520.9431755	1	NaN	-520.9431755	0.002265311251	0.9977346887	NaN	
515.8231755	7	9	84	1	0.002265311251	0.9977346887	0.3565259211	26.28574319	73.35773089	60.32220591	0.009114569832	39.66867952							-515.8231755	1	NaN	-515.8231755	0.002265311251	0.9977346887	NaN	
510.7031755	7	9	84	1	0.002265311251	0.9977346887	0.3565259211	26.28574319	73.35773089	60.32220591	0.009114569832	39.66867952							-510.7031755	1	NaN	-510.7031755	0.002265311251	0.9977346887	NaN	
505.5831755	7	9	84	1	0.002265311251	0.9977346887	0.3565259211	26.28574319	73.35773089	60.32220591	0.009114569832	39.66867952							-505.5831755	1	NaN	-505.5831755	0.002265311251	0.9977346887	NaN	
500.4631755	7	9	84	1	0.002265311251	0.9977346887	0.3565259211	26.28574319	73.35773089	60.32220591	0.009114569832	39.66867952							-500.4631755	1	NaN	-500.4631755	0.002265311251	0.9977346887	NaN	
495.3431755	7	9	84	1	0.002265311251	0.9977346887	0.3565259211	26.28574319	73.35773089	60.32220591	0.009114569832	39.66867952							-495.3431755	1	NaN	-495.3431755	0.002265311251	0.9977346887	NaN	
490.2231755	7	9	84	1	0.002265311251	0.9977346887	0.3565259211	26.28574319	73.35773089	60.32220591	0.009114569832	39.66867952							-490.2231755	1	NaN	-490.2231755	0.002265311251	0.9977346887	NaN	
485.1031755	7	9	84	1	0.002265311251	0.9977346887	0.3565259211	26.28574319	73.35773089	60.32220591	0.009114569832	39.66867952							-485.1031755	1	NaN	-485.1031755	0.002265311251	0.9977346887	NaN	
479.9831755	7	9	84	1	0.002265311251	0.9977346887	0.3565259211	26.28574319	73.35773089	60.32220591	0.009114569832	39.66867952							-479.9831755	1	NaN	-479.9831755	0.002265311251	0.9977346887	NaN	
474.8631755	7	9	84	1	0.002265311251	0.9977346887	0.3565259211	26.28574319	73.35773089	60.32220591	0.009114569832	39.66867952							-474.8631755	1	NaN	-474.8631755	0.002265311251	0.9977346887	NaN	
469.7431755	7	9	84	1	0.002265311251	0.9977346887	0.3565259211	26.28574319	73.35773089	60.32220591	0.009114569832	39.66867952							-469.7431755	1	NaN	-469.7431755	0.002265311251	0.9977346887	NaN	
464.6231755	7	9	84	1	0.002265311251	0.9977346887	0.3565259211	26.28574319	73.35773089	60.32220591	0.009114569832	39.66867952							-464.6231755	1	NaN	-464.6231755	0.002265311251	0.9977346887	NaN	
459.5031755	7	9	84	1	0.002265311251	0.9977346887	0.3565259211	26.28574319	73.35773089	60.32220591	0.009114569832	39.66867952							-459.5031755	1	NaN	-459.5031755	0.002265311251	0.9977346887	NaN	
454.3831755	7	9	84	1	0.002265311251	0.9977346887	0.3565259211	26.28574319	73.35773089	60.32220591	0.009114569832	39.66867952							-454.3831755	1	NaN	-454.3831755	0.002265311251	0.9977346887	NaN	
449.2631755	7	9	84	1	0.002265311251	0.9977346887	0.3565259211	26.28574319	73.35773089	60.32220591	0.009114569832	39.66867952							-449.2631755	1	NaN	-449.2631755	0.002265311251	0.9977346887	NaN	
444.1431755	7	9	84	1	0.002265311251	0.9977346887	0.3565259211	26.28574319	73.35773089	60.32220591	0.009114569832	39.66867952							-444.1431755	1	NaN	-444.1431755	0.002265311251	0.9977346887	NaN	
439.0231755	7	9	84	1	0.002265311251	0.9977346887	0.3565259211	26.28574319	73.35773089	60.32220591	0.009114569832	39.66867952							-439.0231755	1	NaN	-439.0231755	0.002265311251	0.9977346887	NaN	
433.9031755	7	9	84	1	0.002265311251	0.9977346887	0.3565259211	26.28574319	73.35773089	60.32220591	0.009114569832	39.66867952							-433.9031755	1	NaN	-433.9031755	0.002265311251	0.9977346887	NaN	
428.7831755	7	9	84	1	0.002265311251	0.9977346887	0.3565259211	26.28574319	73.35773089	60.32220591	0.009114569832	39.66867952							-428.7831755	1	NaN	-428.7831755	0.002265311251	0.9977346887	NaN	
423.6631755	7	9	84	1	0.002265311251	0.9977346887	0.3565259211	26.28574319	73.35773089	60.32220591	0.009114569832	39.66867952							-423.6631755	1	NaN	-423.6631755	0.002265311251	0.9977346887	NaN	
418.5431755	7	9	84	1	0.002265311251	0.9977346887	0.3565259211	26.28574319	73.35773089	60.32220591	0.009114569832	39.66867952							-418.5431755	1	NaN	-418.5431755	0.002265311251	0.9977346887	NaN	
413.4231755	7	9	84	1	0.002265311251	0.9977346887	0.3565259211	26.28574319	73.35773089	60.32220591	0.009114569832	39.66867952							-413.4231755	1	NaN	-413.4231755	0.002265311251	0.9977346887	NaN	
408.3031755	7	9	84	1	0.002265311251	0.9977346887	0.3565259211	26.28574319	73.35773089	60.32220591	0.009114569832	39.66867952							-408.3031755	1	NaN	-408.3031755	0.002265311251	0.9977346887	NaN	
403.1831755	7	9	84	1	0.002265311251	0.9977346887	0.3565259211	26.28574319	73.35773089	60.32220591	0.009114569832	39.66867952							-403.1831755	1	NaN	-403.1831755	0.002265311251	0.9977346887	NaN	
398.0631755	7	9	84	1	0.002265311251	0.9977346887	0.3565259211	26.28574319	73.35773089	60.32220591	0.009114569832	39.66867952							-398.0631755	1	NaN	-398.0631755	0.002265311251	0.9977346887	NaN	
392.9431755	7	9	84	1	0.002265311251	0.9977346887	0.3565259211	26.28574319	73.35773089	60.32220591	0.009114569832	39.66867952							-392.9431755	1	NaN	-392.9431755	0.002265311251	0.9977346887	NaN	
387.8231755	7	9	84	1	0.002265311251	0.9977346887	0.3565259211	26.28574319	73.35773089	60.32220591	0.009114569832	39.66867952							-387.8231755	1	NaN	-387.8231755	0.002265311251	0.9977346887	NaN	
382.7031755	7	9	84	1	0.002265311251	0.9977346887	0.3565259211	26.28574319	73.35773089	60.32220591	0.009114569832	39.66867952							-382.7031755	1	NaN	-382.7031755	0.002265311251	0.9977346887	NaN	
377.5831755	7	9	84	1	0.002265311251	0.9977346887	0.3565259211	26.28574319	73.35773089	60.32220591	0.009114569832	39.66867952							-377.5831755	1	NaN	-377.5831755	0.002265311251	0.9977346887	NaN	
372.4631755	7	9	84	1	0.002265311251	0.9977346887	0.3565259211	26.28574319	73.35773089	60.32220591	0.009114569832	39.66867952							-372.4631755	1	NaN	-372.4631755	0.002265311251	0.9977346887	NaN	
367.3431755	7	9	84	1	0.002265311251	0.9977346887	0.3565259211	26.28574319	73.35773089	60.32220591	0.009114569832	39.66867952							-367.3431755	1	NaN	-367.3431755	0.002265311251	0.9977346887	NaN	
362.2231755	7	9	84	1	0.002265311251	0.9977346887	0.3565259211	26.28574319	73.35773089	60.32220591	0.009114569832	39.66867952							-362.2231755	1	NaN	-362.2231755	0.002265311251	0.9977346887	NaN	
357.1031755	7	9	84	1	0.002265311251	0.9977346887	0.3565259211	26.28574319	73.35773089	60.32220591	0.009114569832	39.66867952							-357.1031755	1	NaN	-357.1031755	0.002265311251	0.9977346887	NaN	
351.9831755	7	9	84	1	0.002265311251	0.9977346887	0.3565259211	26.28574319	73.35773089	60.32220591	0.009114569832	39.66867952							-351.9831755	1	NaN	-351.9831755	0.002265311251	0.9977346887	NaN	
346.8631755	7	9	84	1	0.002265311251	0.9977346887	0.3565259211	26.28574319	73.35773089	60.32220591	0.009114569832	39.66867952							-346.8631755	1	NaN	-346.8631755	0.002265311251	0.9977346887	NaN	
341.7431755	7	9	84	1	0.002265311251	0.9977346887	0.3565259211	26.28574319	73.35773089	60.32220591	0.009114569832	39.66867952							-341.7431755	1	NaN	-341.7431755	0.002265311251	0.9977346887	NaN	
336.6231755	7	9	84	1	0.002265311251	0.9977346887	0.3565259211	26.28574319	73.35773089	60.32220591	0.009114569832	39.66867952							-336.6231755	1	NaN	-336.6231755	0.002265311251	0.9977346887	NaN	
331.5031755	7	9	84	1	0.002265311251	0.9977346887	0.3565259211	26.28574319	73.35773089	60.32220591	0.009114569832	39.66867952							-331.5031755	1	NaN	-331.5031755	0.002265311251	0.9977346887	NaN	
326.3831755	7	9	84	1	0.002265311251	0.9977346887	0.3565259211	26.28574319	73.35773089	60.32220591	0.009114569832	39.66867952							-326.3831755	1	NaN	-326.3831755	0.002265311251	0.9977346887	NaN	
321.2631755	7	9	84	1	0.002265311251	0.9977346887	0.3565259211	26.28574319	73.35773089	60.32220591	0.009114569832	39.66867952							-321.2631755	1	NaN	-321.2631755	0.002265311251	0.9977346887	NaN	
316.1431755	7	9	84	1	0.002265311251	0.9977346887	0.3565259211	26.28574319	73.35773089	60.32220591	0.009114569832	39.66867952							-316.1431755	1	NaN	-316.1431755	0.002265311251	0.9977346887	NaN	
311.0231755	7	9	84	1	0.002265311251	0.9977346887	0.3565259211	26.28574319	73.35773089	60.32220591	0.009114569832	39.66867952							-311.0231755	1	NaN	-311.0231755	0.002265311251	0.9977346887	NaN	
305.9031755	7	9	84	1	0.002265311251	0.9977346887	0.3565259211	26.28574319	73.35773089	60.32220591	0.009114569832	39.66867952							-305.9031755	1	NaN	-305.9031755	0.002265311251	0.9977346887	NaN	
300.7831755	7	9	84	1	0.002265311251	0.9977346887	0.3565259211	26.28574319	73.35773089	60.32220591	0.009114569832	39.66867952							-300.7831755	1	NaN	-300.7831755	0.002265311251	0.9977346887	NaN	
300	7	9	84	1	0.002265311251	0.9977346887	0.3565259211	26.28574319	73.35773089	60.32220591	0.009114569832	39.66867952							-300	1	NaN	-300	0.002265311251	0.9977346887	NaN	
