T	w(CU)	w(FE)	w(TI)	fs	fw(@BCC_A2#1)	fw(@BCC_A2#2)	w(CU@BCC_A2#1)	w(FE@BCC_A2#1)	w(TI@BCC_A2#1)	w(CU@BCC_A2#2)	w(FE@BCC_A2#2)	w(TI@BCC_A2#2)	w(CU@LIQUID)	w(FE@LIQUID)	w(TI@LIQUID)	dwdT_L(CU@LIQUID)	dwdT_L(FE@LIQUID)	dwdT_L(TI@LIQUID)	-T	fs_1	-T//fs	-T_1	fw(@BCC_A2#1)_1	fw(@BCC_A2#2)_1	-T//fw(@BCC_A2)	
K	%	%	%	mole/mole	kg/kg	kg/kg	%	%	%	%	%	%	%	%	%	SI	SI	SI								
1771.039498	3	8	89	0	0		1.304718301	2.991256453	95.70402525				3	8	89	-0.000134584133	-0.0003976323277	0.0005322164606	-1771.039498	0	124.44532161026	-1771.039498	0			
1771.029498	3	8	89	8.033511766E-05	7.941328129E-05		1.304786262	2.99144802	95.70376572				3.000134516	8.000397381	88.9994681	0	0	0	-1771.029498	8.033511766E-05	124.511804271192	-1771.029498	7.941328129E-05			
1771.009498	3	8	89	0.0002408768062	0.0001587230677		1.304922183	2.991831181	95.70324664				3.000403593	8.001192384	88.99840402	0	0	0	-1771.009498	0.0002408768062	124.568436930775	-1771.009498	0.0001587230677			
1770.969498	3	8	89	0.0005620359629	0.0003175717785		1.305194002	2.992597548	95.70220845				3.00094204	8.002783261	88.9962747	0	0	0	-1770.969498	0.0005620359629	124.593463723202	-1770.969498	0.0003175717785			
1770.889498	3	8	89	0.001203665095	0.000634612863		1.305737943	2.994130618	95.70013144				3.002018478	8.005963689	88.99201783	0	0	0	-1770.889498	0.001203665095	124.744082806594	-1770.889498	0.000634612863			
1770.729498	3	8	89	0.0024850302	0.001268163264		1.306825337	2.997196978	95.69597769				3.004170816	8.012323104	88.98350608	0	0	0	-1770.729498	0.0024850302	124.990032549121	-1770.729498	0.001268163264			
1770.409498	3	8	89	0.005040211947	0.002532087908		1.308999481	3.003331528	95.68766899				3.008473341	8.025036176	88.96649048	0	0	0	-1770.409498	0.005040211947	125.483174542105	-1770.409498	0.002532087908			
1769.769498	3	8	89	0.01012057703	0.00504731252		1.313345203	3.015607965	95.67104683				3.017069822	8.050439304	88.93249087	0	0	0	-1769.769498	0.01012057703	126.474376342584	-1769.769498	0.00504731252			
1768.489498	3	8	89	0.02016285711	0.01002789339		1.322026394	3.040190292	95.63778331				3.034228764	8.101153641	88.8646176	0	0	0	-1768.489498	0.02016285711	128.546624678611	-1768.489498	0.01002789339			
1765.929498	3	8	89	0.03975502451	0.0197670697		1.339345651	3.089474431	95.57117992				3.068407419	8.202218146	88.72937444	0	0	0	-1765.929498	0.03975502451	133.019698556866	-1765.929498	0.0197670697			
1763.369498	3	8	89	0.05867673286	0.01947782714		1.356610837	3.138919377	95.50446979				3.102411621	8.302798418	88.59478996	0	0	0	-1763.369498	0.05867673286	137.698633295396	-1763.369498	0.01947782714			
1760.809498	3	8	89	0.07695960612	0.01919626463		1.373820982	3.18852537	95.43765365				3.136243348	8.402893956	88.4608627	0	0	0	-1760.809498	0.07695960612	142.469956797994	-1760.809498	0.01919626463			
1758.249498	3	8	89	0.09463467584	0.01892347488		1.390976234	3.238295816	95.37072795				3.169906701	8.502510341	88.32758296	0	0	0	-1758.249498	0.09463467584	147.330274928505	-1758.249498	0.01892347488			
1755.689498	3	8	89	0.1117307367	0.01865875051		1.408076382	3.288233162	95.30369046				3.203405103	8.601651249	88.19494365	0	0	0	-1755.689498	0.1117307367	152.28097866064	-1755.689498	0.01865875051			
1753.129498	3	8	89	0.1282748422	0.01840176281		1.4251212	3.338339878	95.23653892				3.236741936	8.70032032	88.06293774	0	0	0	-1753.129498	0.1282748422	157.322198804306	-1753.129498	0.01840176281			
1750.569498	3	8	89	0.1442924354	0.01815220411		1.44211045	3.388618466	95.16927108				3.269920539	8.798521168	87.93155829	0	0	0	-1750.569498	0.1442924354	162.454038802131	-1750.569498	0.01815220411			
1748.009498	3	8	89	0.1598074642	0.01790978279		1.459043878	3.439071457	95.10188467				3.302944221	8.896257383	87.8007984	0	0	0	-1748.009498	0.1598074642	167.676586946449	-1748.009498	0.01790978279			
1745.449498	3	8	89	0.1748424881	0.01767422262		1.47592122	3.489701412	95.03437737				3.335816251	8.993532532	87.67065122	0	0	0	-1745.449498	0.1748424881	172.989913836467	-1745.449498	0.01767422262			
1742.889498	3	8	89	0.1894187755	0.0174452618		1.492742199	3.540510926	94.96674687				3.368539868	9.090350152	87.54110998	0	0	0	-1742.889498	0.1894187755	178.394072268683	-1742.889498	0.0174452618			
1740.329498	3	8	89	0.2035563935	0.01722265206		1.509506522	3.591502623	94.89899085				3.401118279	9.18671376	87.41216796	0	0	0	-1740.329498	0.2035563935	183.889094801163	-1740.329498	0.01722265206			
1737.769498	3	8	89	0.2172742903	0.01700615778		1.526213888	3.642679158	94.83110695				3.433554662	9.282626842	87.2838185	0	0	0	-1737.769498	0.2172742903	189.474998263119	-1737.769498	0.01700615778			
1735.209498	3	8	89	0.2305903704	0.01679555523		1.542863979	3.694043219	94.7630928				3.465852164	9.378092863	87.15605497	0	0	0	-1735.209498	0.2305903704	195.151780838958	-1735.209498	0.01679555523			
1732.649498	3	8	89	0.2435215648	0.0165906318		1.559456468	3.745597527	94.694946				3.498013909	9.473115261	87.02887083	0	0	0	-1732.649498	0.2435215648	200.919421536378	-1732.649498	0.0165906318			
1730.089498	3	8	89	0.2560838949	0.01639118539		1.575991013	3.797344835	94.62666415				3.530042994	9.56769745	86.90225956	0	0	0	-1730.089498	0.2560838949	206.777880614732	-1730.089498	0.01639118539			
1727.529498	3	8	89	0.2682925321	0.01619702374		1.592467261	3.849287929	94.55824481				3.561942491	9.661842818	86.77621469	0	0	0	-1727.529498	0.2682925321	212.72709926026	-1727.529498	0.01619702374			
1724.969498	3	8	89	0.2801618523	0.01600796383		1.608884845	3.901429631	94.48968552				3.593715451	9.755554726	86.65072982	0	0	0	-1724.969498	0.2801618523	218.767000163157	-1724.969498	0.01600796383			
1722.409498	3	8	89	0.2917054867	0.0158238314		1.625243386	3.953772793	94.42098382				3.625364903	9.848836515	86.52579858	0	0	0	-1722.409498	0.2917054867	224.897485851025	-1722.409498	0.0158238314			
1719.849498	3	8	89	0.3029363686	0.0156444604		1.641542494	4.006320305	94.3521372				3.656893859	9.941691496	86.40141465	0	0	0	-1719.849498	0.3029363686	231.118438766262	-1719.849498	0.0156444604			
1717.289498	3	8	89	0.3138667769	0.01546969252		1.657781765	4.059075092	94.28314314				3.688305308	10.03412296	86.27757173	0	0	0	-1717.289498	0.3138667769	237.429722089904	-1717.289498	0.01546969252			
1714.729498	3	8	89	0.3245083762	0.0152993768		1.673960783	4.112040112	94.2139991				3.719602224	10.12613417	86.15426361	0	0	0	-1714.729498	0.3245083762	243.831178645669	-1714.729498	0.0152993768			
1712.169498	3	8	89	0.3348722543	0.01513336916		1.690079119	4.165218363	94.14470252				3.750787566	10.21772836	86.03148408	0	0	0	-1712.169498	0.3348722543	250.322630220871	-1712.169498	0.01513336916			
1709.609498	3	8	89	0.3449689568	0.01497153208		1.706136332	4.218612875	94.07525079				3.781864278	10.30890875	85.90922697	0	0	0	-1709.609498	0.3449689568	256.903880829972	-1709.609498	0.01497153208			
1707.049498	3	8	89	0.3548085192	0.0148137342		1.722131968	4.27222672	94.00564131				3.812835288	10.39967853	85.78748619	0	0	0	-1707.049498	0.3548085192	263.574711585935	-1707.049498	0.0148137342			
1704.489498	3	8	89	0.3644004972	0.01465985002		1.73806556	4.326063003	93.93587144				3.843703514	10.49004086	85.66625562	0	0	0	-1704.489498	0.3644004972	270.334878785457	-1704.489498	0.01465985002			
1701.929498	3	8	89	0.3737539946	0.01450975954		1.753936629	4.380124871	93.8659385				3.874471863	10.57999889	85.54552924	0	0	0	-1701.929498	0.3737539946	277.184122077494	-1701.929498	0.01450975954			
1699.369498	3	8	89	0.382877689	0.01436334806		1.769744684	4.434415506	93.79583981				3.905143232	10.66955574	85.42530103	0	0	0	-1699.369498	0.382877689	284.122160730157	-1699.369498	0.01436334806			
1696.809498	3	8	89	0.3917798563	0.01422050582		1.785489219	4.488938133	93.72557265				3.935720507	10.75871449	85.305565	0	0	0	-1696.809498	0.3917798563	291.148686281196	-1696.809498	0.01422050582			
1694.249498	3	8	89	0.4004683935	0.01408112777		1.801169716	4.543696014	93.65513427				3.966206569	10.84747822	85.18631521	0	0	0	-1694.249498	0.4004683935	298.263373048744	-1694.249498	0.01408112777			
1691.689498	3	8	89	0.4089508394	0.01394511337		1.816785645	4.598692453	93.5845219				3.996604291	10.93584997	85.06754573	0	0	0	-1691.689498	0.4089508394	305.465867020848	-1691.689498	0.01394511337			
1689.129498	3	8	89	0.4172343951	0.01381236631		1.832336461	4.653930793	93.51373275				4.026916542	11.02383277	84.94925069	0	0	0	-1689.129498	0.4172343951	312.755797025287	-1689.129498	0.01381236631			
1686.569498	3	8	89	0.4253259415	0.01368279433		1.847821608	4.709414422	93.44276397				4.057146185	11.11142961	84.8314242	0	0	0	-1686.569498	0.4253259415	320.132767063143	-1686.569498	0.01368279433			
1684.009498	3	8	89	0.4332320576	0.01355630903		1.863240516	4.765146765	93.37161272				4.087296082	11.19864347	84.71406044	0	0	0	-1684.009498	0.4332320576	327.596355460822	-1684.009498	0.01355630903			
1681.449498	3	8	89	0.4409590359	0.01343282564		1.8785926	4.821131295	93.30027611				4.11736909	11.2854773	84.59715361	0	0	0	-1681.449498	0.4409590359	335.146121443938	-1681.449498	0.01343282564			
1678.889498	3	8	89	0.4485128981	0.01331226291		1.893877264	4.877371524	93.22875121				4.14736807	11.37193402	84.48069791	0	0	0	-1678.889498	0.4485128981	342.781590434968	-1678.889498	0.01331226291			
1676.329498	3	8	89	0.4558994093	0.0131945429		1.909093897	4.93387101	93.15703509				4.177295878	11.45801655	84.36468758	0	0	0	-1676.329498	0.4558994093	350.502274727687	-1676.329498	0.0131945429			
1673.769498	3	8	89	0.4631240909	0.0130795908		1.924241875	4.990633355	93.08512477				4.207155374	11.54372775	84.24911688	0	0	0	-1673.769498	0.4631240909	358.307656779448	-1673.769498	0.0130795908			
1671.209498	3	8	89	0.4701922338	0.01296733487		1.93932056	5.047662207	93.01301723				4.236949421	11.62907049	84.13398009	0	0	0	-1671.209498	0.4701922338	366.197190933238	-1671.209498	0.01296733487			
1668.649498	3	8	89	0.4771089097	0.01285770622		1.9543293	5.104961257	92.94070944				4.266680885	11.7140476	84.01927152	0	0	0	-1668.649498	0.4771089097	374.17031209582	-1668.649498	0.01285770622			
1666.089498	3	8	89	0.4838789824	0.01275063872		1.969267429	5.162534245	92.86819833				4.296352637	11.79866189	83.90498548	0	0	0	-1666.089498	0.4838789824	382.226424747275	-1666.089498	0.01275063872			
1663.529498	3	8	89	0.4905071182	0.01264606887		1.984134267	5.220384957	92.79548078				4.325967553	11.88291614	83.7911163	0	0	0	-1663.529498	0.4905071182	390.364908027146	-1663.529498	0.01264606887			
1660.969498	3	8	89	0.4969977957	0.01254393566		1.998929121	5.278517227	92.72255365				4.355528518	11.96681313	83.67765835	0	0	0	-1660.969498	0.4969977957	398.58511613561	-1660.969498	0.01254393566			
1658.409498	3	8	89	0.503355315	0.01244418051		2.013651282	5.336934935	92.64941378				4.385038424	12.05035558	83.56460599	0	0	0	-1658.409498	0.503355315	406.886378083564	-1658.409498	0.01244418051			
1655.849498	3	8	89	0.5095838064	0.01234674712		2.028300028	5.395642013	92.57605796				4.414500171	12.13354622	83.45195361	0	0	0	-1655.849498	0.5095838064	415.267989644475	-1655.849498	0.01234674712			
1653.289498	3	8	89	0.5156872388	0.01225158142		2.04287462	5.454642439	92.50248294				4.443916674	12.21638774	83.33969559	0	0	0	-1653.289498	0.5156872388	423.72922090219	-1653.289498	0.01225158142			
1650.729498	3	8	89	0.5216694272	0.0121586314		2.057374308	5.513940244	92.42868545				4.473290855	12.2988828	83.22782634	0	0	0	-1650.729498	0.5216694272	432.269322626292	-1650.729498	0.0121586314			
1648.169498	3	8	89	0.52753404	0.01206784711		2.071798325	5.573539509	92.35466217				4.502625652	12.38103406	83.11634029	0	0	0	-1648.169498	0.52753404	440.887506997879	-1648.169498	0.01206784711			
1645.609498	3	8	89	0.5332846062	0.01197918054		2.086145889	5.633444364	92.28040975				4.531924016	12.46284413	83.00523186	0	0	0	-1645.609498	0.5332846062	449.582958805355	-1645.609498	0.01197918054			
1643.049498	3	8	89	0.5389245216	0.0118925855		2.100416204	5.693658993	92.2059248				4.561188914	12.54431561	82.89449548	0	0	0	-1643.049498	0.5389245216	458.354840295552	-1643.049498	0.0118925855			
1640.489498	3	8	89	0.5444570551	0.01180801762		2.114608459	5.754187633	92.13120391				4.59042333	12.62545107	82.7841256	0	0	0	-1640.489498	0.5444570551	467.202276304973	-1640.489498	0.01180801762			
1637.929498	3	8	89	0.5498853546	0.01172543425		2.128721826	5.815034573	92.0562436				4.619630265	12.70625307	82.67411667	0	0	0	-1637.929498	0.5498853546	476.124377388822	-1637.929498	0.01172543425			
1635.369498	3	8	89	0.5552124521	0.01164479437		2.142755465	5.876204155	91.98104038				4.648812741	12.78672412	82.56446314	0	0	0	-1635.369498	0.5552124521	485.120207004661	-1635.369498	0.01164479437			
1632.809498	3	8	89	0.5604412697	0.01156605854		2.156708518	5.937700778	91.9055907				4.6779738	12.86686673	82.45515947	0	0	0	-1632.809498	0.5604412697	494.188793378733	-1632.809498	0.01156605854			
1630.249498	3	8	89	0.5655746239	0.01148918887		2.170580112	5.999528893	91.829891				4.707116503	12.94668338	82.34620012	0	0	0	-1630.249498	0.5655746239	503.32916228148	-1630.249498	0.01148918887			
1627.689498	3	8	89	0.5706152303	0.01141414891		2.184369359	6.061693008	91.75393763				4.73624394	13.02617651	82.23757955	0	0	0	-1627.689498	0.5706152303	512.540296564091	-1627.689498	0.01141414891			
1625.129498	3	8	89	0.5755657083	0.01134090367		2.198075354	6.124197688	91.67772696				4.765359221	13.10534856	82.12929222	0	0	0	-1625.129498	0.5755657083	521.821124740212	-1625.129498	0.01134090367			
1622.569498	3	8	89	0.5804285855	0.01126941947		2.211697179	6.187047554	91.60125527				4.794465484	13.18420191	82.02133261	0	0	0	-1622.569498	0.5804285855	531.170564912468	-1622.569498	0.01126941947			
1620.009498	3	8	89	0.5852063011	0.01119966398		2.225233897	6.250247283	91.52451882				4.823565895	13.26273895	81.91369515	0	0	0	-1620.009498	0.5852063011	540.587524232255	-1620.009498	0.01119966398			
1617.449498	3	8	89	0.5899012099	0.01113160613		2.238684557	6.313801611	91.44751383				4.852663648	13.34096203	81.80637432	0	0	0	-1617.449498	0.5899012099	550.070832580262	-1617.449498	0.01113160613			
1614.889498	3	8	89	0.5945155865	0.01106521607		2.252048192	6.377715334	91.37023647				4.881761969	13.41887346	81.69936457	0	0	0	-1614.889498	0.5945155865	559.619313400709	-1614.889498	0.01106521607			
1612.329498	3	8	89	0.5990516277	0.01100046516		2.265323818	6.441993304	91.29268288				4.910864114	13.49647555	81.59266034	0	0	0	-1612.329498	0.5990516277	569.231758243301	-1612.329498	0.01100046516			
1609.769498	3	8	89	0.6035114567	0.01093732586		2.278510435	6.506640434	91.21484913				4.939973374	13.57377055	81.48625607	0	0	0	-1609.769498	0.6035114567	578.906926640037	-1609.769498	0.01093732586			
1607.209498	3	8	89	0.6078971253	0.01087577179		2.291607028	6.571661699	91.13673127				4.969093075	13.65076073	81.3801462	0	0	0	-1607.209498	0.6078971253	588.643536658672	-1607.209498	0.01087577179			
1604.649498	3	8	89	0.6122106178	0.01081577759		2.304612564	6.63706213	91.05832531				4.998226582	13.72744827	81.27432514	0	0	0	-1604.649498	0.6122106178	598.440272368856	-1604.649498	0.01081577759			
1602.089498	3	8	89	0.6164538529	0.01075731899		2.317525995	6.702846823	90.97962718				5.027377295	13.80383538	81.16878732	0	0	0	-1602.089498	0.6164538529	608.295791224835	-1602.089498	0.01075731899			
1599.529498	3	8	89	0.6206286871	0.01070037269		2.330346257	6.769020933	90.90063281				5.056548656	13.87992421	81.06352713	0	0	0	-1599.529498	0.6206286871	618.208712929959	-1599.529498	0.01070037269			
1596.969498	3	8	89	0.6247369166	0.01064491638		2.343072268	6.835589679	90.82133805				5.08574415	13.95571689	80.95853896	0	0	0	-1596.969498	0.6247369166	628.177639675231	-1596.969498	0.01064491638			
1594.409498	3	8	89	0.6287802801	0.0105909287		2.355702931	6.90255834	90.74173873				5.114967305	14.03121551	80.85381718	0	0	0	-1594.409498	0.6287802801	638.201103636947	-1594.409498	0.0105909287			
1591.849498	3	8	89	0.6327604612	0.01053838921		2.368237134	6.969932259	90.66183061				5.144221695	14.10642214	80.74935616	0	0	0	-1591.849498	0.6327604612	648.277633778649	-1591.849498	0.01053838921			
1589.289498	3	8	89	0.6366790901	0.01048727835		2.380673745	7.037716841	90.58160941				5.173510943	14.18133882	80.64515024	0	0	0	-1589.289498	0.6366790901	658.405721980327	-1589.289498	0.01048727835			
1586.729498	3	8	89	0.6405377462	0.01043757745		2.393011619	7.105917556	90.50107082				5.202838718	14.25596755	80.54119373	0	0	0	-1586.729498	0.6405377462	668.58380101374	-1586.729498	0.01043757745			
1584.169498	3	8	89	0.6443379599	0.01038926869		2.405249594	7.174539936	90.42021047				5.232208746	14.3303103	80.43748095	0	0	0	-1584.169498	0.6443379599	678.810311957604	-1584.169498	0.01038926869			
1581.609498	3	8	89	0.6480812142	0.01034233504		2.417386492	7.243589578	90.33902393				5.261624802	14.40436902	80.33400618	0	0	0	-1581.609498	0.6480812142	689.083626424741	-1581.609498	0.01034233504			
1579.049498	3	8	89	0.6517689472	0.01029676032		2.429421116	7.313072141	90.25750674				5.291090721	14.4781456	80.23076368	0	0	0	-1579.049498	0.6517689472	699.402069437592	-1579.049498	0.01029676032			
1576.489498	3	8	89	0.6554025533	0.01025252909		2.441352258	7.382993351	90.17565439				5.320610392	14.55164191	80.12774769	0	0	0	-1576.489498	0.6554025533	709.763985528656	-1576.489498	0.01025252909			
1573.929498	3	8	89	0.6589833848	0.01020962672		2.453178691	7.453358996	90.09346231				5.350187769	14.6248598	80.02495243	0	0	0	-1573.929498	0.6589833848	720.16765070373	-1573.929498	0.01020962672			
1571.369498	3	8	89	0.6625127539	0.01016803929		2.464899171	7.52417493	90.0109259				5.379826865	14.69780106	79.92237208	0	0	0	-1571.369498	0.6625127539	730.611297527183	-1571.369498	0.01016803929			
1568.809498	3	8	89	0.6659919339	0.01012775363		2.476512442	7.59544707	89.92804049				5.409531761	14.77046744	79.8200008	0	0	0	-1568.809498	0.6659919339	741.09312742279	-1568.809498	0.01012775363			
1566.249498	3	8	89	0.6694221609	0.01008875727		2.48801723	7.6671814	89.84480137				5.439306603	14.84286068	79.71783272	0	0	0	-1566.249498	0.6694221609	751.611334315859	-1566.249498	0.01008875727			
1563.689498	3	8	89	0.6728046347	0.01005103846		2.499412247	7.739383965	89.76120379				5.469155609	14.91498245	79.61586194	0	0	0	-1563.689498	0.6728046347	762.164054551894	-1563.689498	0.01005103846			
1561.129498	3	8	89	0.6761405208	0.01001458613		2.510696187	7.812060877	89.67724294				5.49908307	14.98683439	79.51408254	0	0	0	-1561.129498	0.6761405208	772.749381163396	-1561.129498	0.01001458613			
1558.569498	3	8	89	0.6794309511	0.009979389859		2.521867734	7.885218311	89.59291396				5.529093351	15.0584181	79.41248854	0	0	0	-1558.569498	0.6794309511	783.36541471874	-1558.569498	0.009979389859			
1556.009498	3	8	89	0.6826770253	0.00994543992		2.532925552	7.958862504	89.50821194				5.559190897	15.12973515	79.31107396	0	0	0	-1556.009498	0.6826770253	794.010172609121	-1556.009498	0.00994543992			
1553.449498	3	8	89	0.6858798123	0.00991272721		2.543868295	8.03299976	89.42313194				5.589380233	15.20078703	79.20983274	0	0	0	-1553.449498	0.6858798123	804.681673493527	-1553.449498	0.00991272721			
1550.889498	3	8	89	0.6890403508	0.009881243273		2.554694601	8.107636444	89.33766896				5.619665969	15.27157522	79.10875882	0	0	0	-1550.889498	0.6890403508	815.37791112989	-1550.889498	0.009881243273			
1548.329498	3	8	89	0.6921596508	0.009850980274		2.565403094	8.182778983	89.25181792				5.650052802	15.34210112	79.00784607	0	0	0	-1548.329498	0.6921596508	826.096795249438	-1548.329498	0.009850980274			
1545.769498	3	8	89	0.6952386946	0.009821931001		2.575992385	8.258433867	89.16557375				5.68054552	15.41236612	78.90708836	0	0	0	-1545.769498	0.6952386946	836.836255839654	-1545.769498	0.009821931001			
1543.209498	3	8	89	0.6982784374	0.009794088839		2.586461072	8.334607647	89.07893128				5.711149004	15.48237153	78.80647947	0	0	0	-1543.209498	0.6982784374	847.594178618358	-1543.209498	0.009794088839			
1540.649498	3	8	89	0.7012798087	0.009767447782		2.596807741	8.411306935	88.99188532				5.741868232	15.55211861	78.70601316	0	0	0	-1540.649498	0.7012798087	858.368398345554	-1540.649498	0.009767447782			
1538.089498	3	8	89	0.7042437129	0.009742002409		2.607030965	8.488538403	88.90443063				5.772708283	15.62160857	78.60568314	0	0	0	-1538.089498	0.7042437129	869.156755308439	-1538.089498	0.009742002409			
1535.529498	3	8	89	0.7071710302	0.00971774788		2.617129305	8.56630878	88.81656192				5.803674341	15.69084258	78.50548308	0	0	0	-1535.529498	0.7071710302	879.957030041043	-1535.529498	0.00971774788			
1532.969498	3	8	89	0.7100626176	0.009694679936		2.627101312	8.644624854	88.72827383				5.834771696	15.75982171	78.40540659	0	0	0	-1532.969498	0.7100626176	890.766993774064	-1532.969498	0.009694679936			
1530.409498	3	8	89	0.7129193094	0.009672794884		2.636945525	8.72349347	88.639561				5.866005752	15.82854702	78.30544722	0	0	0	-1530.409498	0.7129193094	901.584397382267	-1530.409498	0.009672794884			
1527.849498	3	8	89	0.7157419182	0.009652089594		2.646660475	8.802921529	88.550418				5.897382028	15.89701948	78.20559849	0	0	0	-1527.849498	0.7157419182	912.406933588004	-1527.849498	0.009652089594			
1525.289498	3	8	89	0.7185312356	0.009632561497		2.656244681	8.882915982	88.46083934				5.928906162	15.96523999	78.10585385	0	0	0	-1525.289498	0.7185312356	923.232272794988	-1525.289498	0.009632561497			
1522.729498	3	8	89	0.7212880329	0.009614208574		2.665696656	8.963483838	88.37081951				5.960583918	16.0332094	78.00620668	0	0	0	-1522.729498	0.7212880329	934.058107239794	-1522.729498	0.009614208574			
1520.169498	3	8	89	0.7240130615	0.009597029352		2.675014902	9.044632152	88.28035295				5.992421188	16.10092848	77.90665034	0	0	0	-1520.169498	0.7240130615	944.882074278042	-1520.169498	0.009597029352			
1517.609498	3	8	89	0.726707054	0.009581022906		2.684197916	9.12636803	88.18943405				6.024423995	16.16839792	77.80717808	0	0	0	-1517.609498	0.726707054	955.701786668112	-1517.609498	0.009581022906			
1515.049498	3	8	89	0.7293707244	0.009566188847		2.693244189	9.208698625	88.09805719				6.056598504	16.23561836	77.70778313	0	0	0	-1515.049498	0.7293707244	966.514854178187	-1515.049498	0.009566188847			
1512.489498	3	8	89	0.732004769	0.009552527323		2.702152203	9.291631134	88.00621666				6.088951019	16.30259035	77.60845863	0	0	0	-1512.489498	0.732004769	977.318826772843	-1512.489498	0.009552527323			
1509.929498	3	8	89	0.7346098669	0.009540039012		2.710920438	9.375172797	87.91390676				6.121487995	16.36931433	77.50919767	0	0	0	-1509.929498	0.7346098669	988.111276704825	-1509.929498	0.009540039012			
1507.369498	3	8	89	0.7371866804	0.009528725124		2.71954737	9.459330894	87.82112174				6.154216038	16.43579071	77.40999325	0	0	0	-1507.369498	0.7371866804	998.889775305611	-1507.369498	0.009528725124			
1504.809498	3	8	89	0.7397358556	0.009518587393		2.728031471	9.544112743	87.72785579				6.187141913	16.50201977	77.31083832	0	0	0	-1504.809498	0.7397358556	1009.65182850986	-1504.809498	0.009518587393			
1502.249498	3	8	89	0.7422580231	0.009509628078		2.736371212	9.629525695	87.63410309				6.22027255	16.56800171	77.21172574	0	0	0	-1502.249498	0.7422580231	1020.39499016832	-1502.249498	0.009509628078			
1499.689498	3	8	89	0.744753798	0.009501849956		2.744565063	9.715577133	87.5398578				6.253615049	16.63373663	77.11264832	0	0	0	-1499.689498	0.744753798	1031.11677135207	-1499.689498	0.009501849956			
1497.129498	3	8	89	0.747223781	0.009495256329		2.752611494	9.80227447	87.44511404				6.287176685	16.69922456	77.01359875	0	0	0	-1497.129498	0.747223781	1041.81464063634	-1497.129498	0.009495256329			
1494.569498	3	8	89	0.7496685584	0.00948985101		2.760508977	9.889625143	87.34986588				6.320964916	16.76446539	76.91456969	0	0	0	-1494.569498	0.7496685584	1052.48613736676	-1494.569498	0.00948985101			
1492.009498	3	8	89	0.7520887026	0.009485638328		2.768255987	9.97763661	87.2541074				6.354987387	16.82945892	76.81555369	0	0	0	-1492.009498	0.7520887026	1063.12874370845	-1492.009498	0.009485638328			
1489.449498	3	8	89	0.7544847727	0.009482623128		2.775851003	10.06631635	87.15783265				6.389251943	16.89420484	76.71654321	0	0	0	-1489.449498	0.7544847727	1073.7399436108	-1489.449498	0.009482623128			
1486.889498	3	8	89	0.7568573147	0.009480810764		2.783292508	10.15567184	87.06103565				6.423766626	16.95870272	76.61753065	0	0	0	-1486.889498	0.7568573147	1084.31728479244	-1486.889498	0.009480810764			
1484.329498	3	8	89	0.7592068618	0.009480207098		2.790578994	10.24571059	86.96371041				6.458539691	17.02295201	76.5185083	0	0	0	-1484.329498	0.7592068618	1094.85823796383	-1484.329498	0.009480207098			
1481.769498	3	8	89	0.7615339352	0.009480818506		2.797708959	10.3364401	86.86585094				6.493579608	17.08695202	76.41946837	0	0	0	-1481.769498	0.7615339352	1105.36031050532	-1481.769498	0.009480818506			
1479.209498	3	8	89	0.7638390439	0.009482651864		2.804680914	10.42786787	86.76745121				6.528895073	17.15070195	76.32040297	0	0	0	-1479.209498	0.7638390439	1115.82108543249	-1479.209498	0.009482651864			
1476.649498	3	8	89	0.7661226853	0.009485714556		2.811493378	10.5200014	86.66850522				6.564495016	17.21420086	76.22130413	0	0	0	-1476.649498	0.7661226853	1126.23802932662	-1476.649498	0.009485714556			
1474.089498	3	8	89	0.7683853458	0.009490014468		2.818144886	10.61284818	86.56900694				6.600388604	17.27744765	76.12216375	0	0	0	-1474.089498	0.7683853458	1136.60870748864	-1474.089498	0.009490014468			
1471.529498	3	8	89	0.7706275005	0.009495559988		2.824633984	10.70641566	86.46895036				6.636585257	17.34044108	76.02297366	0	0	0	-1471.529498	0.7706275005	1146.93077978973	-1471.529498	0.009495559988			
1468.969498	3	8	89	0.7728496138	0.00950236		2.830959239	10.8007113	86.36832946				6.673094653	17.40317976	75.92372558	0	0	0	-1468.969498	0.7728496138	1157.20179974809	-1468.969498	0.00950236			
1466.409498	3	8	89	0.7750521399	0.009510423891		2.837119232	10.89574252	86.26713824				6.709926736	17.46566214	75.82441113	0	0	0	-1466.409498	0.7750521399	1167.41936104721	-1466.409498	0.009510423891			
1463.849498	3	8	89	0.7772355228	0.009519761534		2.843112567	10.9915167	86.16537073				6.74709173	17.52788647	75.7250218	0	0	0	-1463.849498	0.7772355228	1177.58117396929	-1463.849498	0.009519761534			
1461.289498	3	8	89	0.7794001965	0.009530383301		2.848937868	11.08804118	86.06302095				6.784600143	17.58985087	75.62554898	0	0	0	-1461.289498	0.7794001965	1187.68496024346	-1461.289498	0.009530383301			
1458.729498	3	8	89	0.7815465854	0.009542300049		2.854593786	11.18532325	85.96008297				6.822462784	17.65155324	75.52598397	0	0	0	-1458.729498	0.7815465854	1197.72845034597	-1458.729498	0.009542300049			
1456.169498	3	8	89	0.7836751045	0.00955552312		2.860078994	11.28337014	85.85655087				6.860690766	17.7129913	75.42631793	0	0	0	-1456.169498	0.7836751045	1207.70943463919	-1456.169498	0.00955552312			
1453.609498	3	8	89	0.7857861596	0.009570064338		2.865392196	11.38218902	85.75241879				6.899295525	17.77416257	75.32654191	0	0	0	-1453.609498	0.7857861596	1217.62576281895	-1453.609498	0.009570064338			
1451.049498	3	8	89	0.7878801475	0.009585936005		2.870532124	11.48178698	85.6476809				6.938288826	17.83506435	75.22664682	0	0	0	-1451.049498	0.7878801475	1227.47531315646	-1451.049498	0.009585936005			
1448.489498	3	8	89	0.7899574563	0.009603150894		2.875497544	11.58217104	85.54233141				6.977682775	17.89569374	75.12662349	0	0	0	-1448.489498	0.7899574563	1237.25602029175	-1448.489498	0.009603150894			
1445.929498	3	8	89	0.7920184655	0.009621722245		2.880287256	11.68334812	85.43636462				7.017489834	17.95604759	75.02646257	0	0	0	-1445.929498	0.7920184655	1246.96596441036	-1445.929498	0.009621722245			
1443.369498	3	8	89	0.794063546	0.00964166376		2.884900096	11.78532505	85.32977486				7.057722833	18.01612253	74.92615464	0	0	0	-1443.369498	0.794063546	1256.6032503536	-1443.369498	0.00964166376			
1440.809498	3	8	89	0.7960930606	0.009662989595		2.88933494	11.88810852	85.22255654				7.098394982	18.07591493	74.82569009	0	0	0	-1440.809498	0.7960930606	1266.16600792043	-1440.809498	0.009662989595			
1438.249498	3	8	89	0.798107364	0.009685714352		2.893590704	11.99170515	85.11470415				7.139519885	18.13542089	74.72505922	0	0	0	-1438.249498	0.798107364	1275.65244696627	-1438.249498	0.009685714352			
1435.689498	3	8	89	0.8001068031	0.009709853073		2.897666348	12.09612138	85.00621228				7.181111555	18.19463627	74.62425218	0	0	0	-1435.689498	0.8001068031	1285.06099085548	-1435.689498	0.009709853073			
1433.129498	3	8	89	0.8020917166	0.009735421228		2.901560878	12.20136353	84.89707559				7.223184426	18.25355662	74.52325896	0	0	0	-1433.129498	0.8020917166	1294.39004635273	-1433.129498	0.009735421228			
1430.569498	3	8	89	0.804062436	0.009762434707		2.905273349	12.30743778	84.78728887				7.265753373	18.3121772	74.42206943	0	0	0	-1430.569498	0.804062436	1303.6381098862	-1430.569498	0.009762434707			
1428.009498	3	8	89	0.8060192849	0.009790909809		2.908802864	12.41435012	84.67684701				7.308833723	18.37049296	74.32067332	0	0	0	-1428.009498	0.8060192849	1312.80388696715	-1428.009498	0.009790909809			
1425.449498	3	8	89	0.8079625796	0.00982086323		2.91214858	12.52210639	84.56574503				7.352441276	18.42849854	74.21906019	0	0	0	-1425.449498	0.8079625796	1321.88610476083	-1425.449498	0.00982086323			
1422.889498	3	8	89	0.809892629	0.009852312047		2.915309711	12.63071222	84.45397807				7.396592315	18.48618823	74.11721946	0	0	0	-1422.889498	0.809892629	1330.88356928197	-1422.889498	0.009852312047			
1420.329498	3	8	89	0.811809735	0.009885273708		2.918285526	12.74017304	84.34154143				7.441303631	18.54355597	74.01514039	0	0	0	-1420.329498	0.811809735	1339.79534573325	-1420.329498	0.009885273708			
1417.769498	3	8	89	0.8137141919	0.00991976601		2.921075354	12.85049408	84.22843057				7.486592537	18.60059536	73.91281211	0	0	0	-1417.769498	0.8137141919	1348.62057861678	-1417.769498	0.00991976601			
1415.209498	3	8	89	0.8156062873	0.009955807093		2.923678587	12.96168033	84.11464108				7.532476887	18.65729957	73.81022355	0	0	0	-1415.209498	0.8156062873	1357.35843023744	-1415.209498	0.009955807093			
1412.649498	3	8	89	0.8174863017	0.009993415406		2.92609468	13.07373654	84.00016878				7.578975097	18.71366141	73.70736349	0	0	0	-1412.649498	0.8174863017	1366.00843030276	-1412.649498	0.009993415406			
1410.089498	3	8	89	0.8193545084	0.0100326097		2.928323154	13.18666721	83.88500964				7.626106163	18.76967326	73.60422057	0	0	0	-1410.089498	0.8193545084	1374.57008303402	-1410.089498	0.0100326097			
1407.529498	3	8	89	0.8212111742	0.010073409		2.930363598	13.30047655	83.76915985				7.673889683	18.82532708	73.50078324	0	0	0	-1407.529498	0.8212111742	1383.04305336421	-1407.529498	0.010073409			
1404.969498	3	8	89	0.8230565588	0.01011583259		2.932215674	13.41516851	83.65261582				7.722345879	18.88061436	73.39703976	0	0	0	-1404.969498	0.8230565588	1391.42734733249	-1404.969498	0.01011583259			
1402.409498	3	8	89	0.824890915	0.01015989996		2.933879112	13.53074671	83.53537417				7.771495618	18.93552612	73.29297826	0	0	0	-1402.409498	0.824890915	1399.72302163195	-1402.409498	0.01015989996			
1399.849498	3	8	89	0.8267144889	0.01020563083		2.935353718	13.64721449	83.41743179				7.821360438	18.99005291	73.18858665	0	0	0	-1399.849498	0.8267144889	1407.93021632739	-1399.849498	0.01020563083			
1397.289498	3	8	89	0.82852752	0.01025304509		2.936639373	13.76457482	83.29878581				7.871962568	19.04418474	73.08385269	0	0	0	-1397.289498	0.82852752	1416.04942684524	-1397.289498	0.01025304509			
1394.729498	3	8	89	0.8303302407	0.01030216274		2.937736034	13.88283034	83.17943363				7.923324954	19.09791111	72.97876394	0	0	0	-1394.729498	0.8303302407	1424.0812692594	-1394.729498	0.01030216274			
1392.169498	3	8	89	0.832122877	0.01035300392		2.938643738	14.00198332	83.05937295				7.975471285	19.15122095	72.87330777	0	0	0	-1392.169498	0.832122877	1432.02660981832	-1392.169498	0.01035300392			
1389.609498	3	8	89	0.8339056477	0.01040558885		2.939362599	14.12203564	82.93860176				8.028426022	19.20410261	72.76747136	0	0	0	-1389.609498	0.8339056477	1439.88647340977	-1389.609498	0.01040558885			
1387.049498	3	8	89	0.8356787653	0.01045993778		2.939892813	14.24298881	82.81711838				8.082214421	19.25654386	72.66124172	0	0	0	-1387.049498	0.8356787653	1447.6620576435	-1387.049498	0.01045993778			
1384.489498	3	8	89	0.8374424352	0.01051607096		2.940234656	14.36484389	82.69492145				8.136862562	19.3085318	72.55460564	0	0	0	-1384.489498	0.8374424352	1455.35492567838	-1384.489498	0.01051607096			
1381.929498	3	8	89	0.8391968561	0.01057400862		2.940388486	14.48760153	82.57200999				8.192397382	19.36005292	72.4475497	0	0	0	-1381.929498	0.8391968561	1462.96673054382	-1381.929498	0.01057400862			
1379.369498	3	8	89	0.8409422199	0.01063377091		2.940354742	14.61126191	82.44838335				8.2488467	19.41109301	72.34006029	0	0	0	-1379.369498	0.8409422199	1470.4994180842	-1379.369498	0.01063377091			
1376.809498	3	8	89	0.8426787116	0.01069537785		2.940133946	14.73582476	82.32404129				8.306239254	19.46163714	72.23212361	0	0	0	-1376.809498	0.8426787116	1477.95518848874	-1376.809498	0.01069537785			
1374.249498	3	8	89	0.8444065093	0.01075884931		2.939726701	14.86128933	82.19898397				8.364604728	19.51166967	72.12372561	0	0	0	-1374.249498	0.8444065093	1485.33645588107	-1374.249498	0.01075884931			
1371.689498	3	8	89	0.8461257842	0.01082420495		2.93913369	14.98765435	82.07321196				8.423973789	19.56117417	72.01485204	0	0	0	-1371.689498	0.8461257842	1492.64598007246	-1371.689498	0.01082420495			
1369.129498	3	8	89	0.8478367003	0.0108914642		2.938355678	15.11491804	81.94672628				8.484378121	19.61013344	71.90548844	0	0	0	-1369.129498	0.8478367003	1499.88660398659	-1369.129498	0.0108914642			
1366.569498	3	8	89	0.849539415	0.01096064614		2.937393506	15.2430781	81.8195284				8.545850459	19.65852943	71.79562011	0	0	0	-1366.569498	0.849539415	1507.06161289126	-1366.569498	0.01096064614			
1364.009498	3	8	89	0.851234078	0.01103176954		2.936248095	15.37213165	81.69162025				8.608424629	19.70634325	71.68523212	0	0	0	-1364.009498	0.851234078	1514.17445894649	-1364.009498	0.01103176954			
1361.449498	3	8	89	0.8529208325	0.01110485276		2.934920439	15.50207528	81.56300428				8.672135583	19.75355511	71.57430931	0	0	0	-1361.449498	0.8529208325	1521.22882363691	-1361.449498	0.01110485276			
1358.889498	3	8	89	0.854599814	0.01117991371		2.933411607	15.63290496	81.43368343				8.737019442	19.80014428	71.46283628	0	0	0	-1358.889498	0.854599814	1528.23030033622	-1358.889498	0.01117991371			
1356.329498	3	8	89	0.8562711478	0.01125694907		2.9317224	15.76461613	81.30366147				8.803113415	19.84608901	71.35079757	0	0	0	-1356.329498	0.8562711478	1535.17995743751	-1356.329498	0.01125694907			
1353.769498	3	8	89	0.8579349618	0.01133604119		2.929854753	15.89720347	81.17294177				8.870456343	19.89136681	71.23817685	0	0	0	-1353.769498	0.8579349618	1542.08221781683	-1353.769498	0.01133604119			
1351.209498	3	8	89	0.859591367	0.01141714552		2.927809669	16.03066118	81.04152916				8.939088005	19.93595391	71.12495809	0	0	0	-1351.209498	0.859591367	1548.94463471484	-1351.209498	0.01141714552			
1348.649498	3	8	89	0.8612404705	0.01150029895		2.925588556	16.16498273	80.90942871				9.00904965	19.97982554	71.01112481	0	0	0	-1348.649498	0.8612404705	1555.77085657712	-1348.649498	0.01150029895			
1346.089498	3	8	89	0.8628823716	0.01158551656		2.923192877	16.300161	80.77664613				9.080383913	20.02295583	70.89666025	0	0	0	-1346.089498	0.8628823716	1562.5664074684	-1346.089498	0.01158551656			
1343.529498	3	8	89	0.8645171621	0.01167281281		2.920624147	16.43618815	80.64318771				9.153134869	20.06531778	70.78154735	0	0	0	-1343.529498	0.8645171621	1569.33690463773	-1343.529498	0.01167281281			
1340.969498	3	8	89	0.8661449263	0.01176220142		2.917883927	16.57305569	80.50906038				9.227348084	20.10688316	70.66576876	0	0	0	-1340.969498	0.8661449263	1576.08834405494	-1340.969498	0.01176220142			
1338.409498	3	8	89	0.8677657407	0.01185369534		2.914973815	16.71075446	80.37427173				9.303070666	20.14762253	70.54930681	0	0	0	-1338.409498	0.8677657407	1582.82705582241	-1338.409498	0.01185369534			
1335.849498	3	8	89	0.8693796741	0.01194730669		2.911895448	16.84927457	80.23882998				9.380351322	20.18750517	70.4321435	0	0	0	-1335.849498	0.8693796741	1589.559514051	-1335.849498	0.01194730669			
1333.289498	3	8	89	0.8709867877	0.0120430468		2.908650483	16.98860547	80.10274405				9.459240417	20.22649905	70.31426053	0	0	0	-1333.289498	0.8709867877	1596.29263577035	-1333.289498	0.0120430468			
1330.729498	3	8	89	0.8725871346	0.01214092614		2.905240602	17.12873588	79.96602352				9.539790029	20.26457075	70.19563922	0	0	0	-1330.729498	0.8725871346	1603.03343254229	-1330.729498	0.01214092614			
1328.169498	3	8	89	0.8741807606	0.01224095436		2.901667492	17.26965381	79.8286787				9.622054016	20.30168547	70.07626051	0	0	0	-1328.169498	0.8741807606	1609.78922232833	-1328.169498	0.01224095436			
1325.609498	3	8	89	0.8757677033	0.01234314027		2.897932847	17.41134658	79.69072057				9.706088079	20.33780693	69.956105	0	0	0	-1325.609498	0.8757677033	1616.56767253432	-1325.609498	0.01234314027			
1323.049498	3	8	89	0.8773479928	0.01244749189		2.894038354	17.55380078	79.55216086				9.79194983	20.37289734	69.83515283	0	0	0	-1323.049498	0.8773479928	1623.37656289383	-1323.049498	0.01244749189			
1320.489498	3	8	89	0.8789216513	0.01255401644		2.889985681	17.6970023	79.41301202				9.879698867	20.40691737	69.71338376	0	0	0	-1320.489498	0.8789216513	1630.2239843077	-1320.489498	0.01255401644			
1317.929498	3	8	89	0.8804886934	0.01266272045		2.885776476	17.8409363	79.27328722				9.969396842	20.43982609	69.59077707	0	0	0	-1317.929498	0.8804886934	1637.11819484792	-1317.929498	0.01266272045			
1315.369498	3	8	89	0.882049126	0.01277360974		2.881412346	17.98558727	79.13300038				10.06110755	20.47158088	69.46731157	0	0	0	-1315.369498	0.882049126	1644.06767216262	-1315.369498	0.01277360974			
1312.809498	3	8	89	0.8836029485	0.01288668957		2.876894854	18.13093898	78.99216616				10.154897	20.50213743	69.34296557	0	0	0	-1312.809498	0.8836029485	1651.08117554609	-1312.809498	0.01288668957			
1310.249498	3	8	89	0.8851501526	0.01300196472		2.872225508	18.27697454	78.85079995				10.25083351	20.53144967	69.21771682	0	0	0	-1310.249498	0.8851501526	1658.16748053602	-1310.249498	0.01300196472			
1307.689498	3	8	89	0.886690723	0.01311943959		2.867405744	18.42367635	78.7089179				10.34898779	20.55946969	69.09154252	0	0	0	-1307.689498	0.886690723	1665.33554940958	-1307.689498	0.01311943959			
1305.129498	3	8	89	0.8882246369	0.01323911839		2.86243692	18.57102619	78.56653689				10.44943308	20.58614769	68.96441923	0	0	0	-1305.129498	0.8882246369	1672.59463659737	-1305.129498	0.01323911839			
1302.569498	3	8	89	0.8897518645	0.01336100526		2.857320302	18.71900518	78.42367452				10.55224517	20.61143196	68.83632287	0	0	0	-1302.569498	0.8897518645	1679.95386509985	-1302.569498	0.01336100526			
1300.009498	3	8	89	0.8912723693	0.0134851044		2.852056778	18.86759461	78.28034861				10.65750259	20.63526874	68.70722866	0	0	0	-1300.009498	0.8912723693	1683.56253026468	-1300.009498	0.0134851044			
1297.449498	3	8	89	0.8927930346	0.01367372792		2.846694073	19.01723624	78.13606969				10.76578551	20.65770081	68.57651368	0	0	0	-1297.449498	0.8927930346	1691.2242784226	-1297.449498	0.01367372792			
1294.889498	3	8	89	0.894299888	0.01374019247		2.841140289	19.16698368	77.99187603				10.87618964	20.67846699	68.44534338	0	0	0	-1294.889498	0.894299888	1702.82168287026	-1294.889498	0.01374019247			
1292.329498	3	8	89	0.8957998403	0.01387070048		2.835442079	19.31727811	77.84727981				10.98928947	20.69761257	68.31309796	0	0	0	-1292.329498	0.8957998403	1710.68708218169	-1292.329498	0.01387070048			
1289.769498	3	8	89	0.8972928695	0.01400379448		2.829600682	19.46809908	77.70230023				11.10517925	20.71507429	68.17974646	0	0	0	-1289.769498	0.8972928695	1718.680739011	-1289.769498	0.01400379448			
1287.209498	3	8	89	0.8987789023	0.01413907686		2.823616527	19.61942385	77.55695962				11.22395259	20.73078719	68.04526022	0	0	0	-1287.209498	0.8987789023	1726.83319275628	-1287.209498	0.01413907686			
1284.649498	3	8	89	0.9002578682	0.01427663297		2.817489917	19.77122984	77.41128024				11.3457072	20.74468403	67.90960878	0	0	0	-1284.649498	0.9002578682	1735.14894655509	-1284.649498	0.01427663297			
1282.089498	3	8	89	0.9017296922	0.01441648199		2.811220977	19.92349409	77.26528493				11.47054461	20.75669496	67.77276043	0	0	0	-1282.089498	0.9017296922	1743.63647373058	-1282.089498	0.01441648199			
1279.529498	3	8	89	0.9031942956	0.01455864511		2.804809642	20.07619327	77.11899709				11.59857034	20.76674753	67.63468213	0	0	0	-1279.529498	0.9031942956	1752.30408666159	-1279.529498	0.01455864511			
1276.969498	3	8	89	0.904651596	0.01470314729		2.798255643	20.22930374	76.97244061				11.72989408	20.7747665	67.49533943	0	0	0	-1276.969498	0.904651596	1761.15985953513	-1276.969498	0.01470314729			
1274.409498	3	8	89	0.9061015082	0.01485001773		2.791558502	20.38280159	76.82563991				11.86462996	20.78067376	67.35469628	0	0	0	-1274.409498	0.9061015082	1770.21175204076	-1274.409498	0.01485001773			
1271.849498	3	8	89	0.907543944	0.01499929046		2.784717521	20.53666266	76.67861981				12.00289679	20.78438821	67.212715	0	0	0	-1271.849498	0.907543944	1779.46727820698	-1271.849498	0.01499929046			
1269.289498	3	8	89	0.9089788136	0.01515100504		2.777731776	20.69086263	76.53140559				12.14481834	20.78582563	67.06935604	0	0	0	-1269.289498	0.9089788136	1788.93344070272	-1269.289498	0.01515100504			
1266.729498	3	8	89	0.9104060255	0.01530520723		2.770600107	20.845377	76.38402289				12.2905236	20.7848985	66.92457791	0	0	0	-1266.729498	0.9104060255	1798.61706668767	-1266.729498	0.01530520723			
1264.169498	3	8	89	0.9118254873	0.01546194928		2.763321122	21.00018117	76.23649771				12.44014717	20.78151586	66.77833698	0	0	0	-1264.169498	0.9118254873	1808.5244222321	-1264.169498	0.01546194928			
1261.609498	3	8	89	0.9132371062	0.01562129261		2.755893177	21.15525051	76.08885631				12.59382954	20.77558317	66.6305873	0	0	0	-1261.609498	0.9132371062	1818.66124088681	-1261.609498	0.01562129261			
1259.049498	3	8	89	0.9146407897	0.01578330592		2.748314386	21.31056035	75.94112527				12.75171752	20.76700206	66.48128042	0	0	0	-1259.049498	0.9146407897	1829.0324960169	-1259.049498	0.01578330592			
1256.489498	3	8	89	0.9160364464	0.01594806782		2.740582614	21.46608603	75.79333135				12.91396465	20.75567016	66.33036518	0	0	0	-1256.489498	0.9160364464	1839.64275671305	-1256.489498	0.01594806782			
1253.929498	3	8	89	0.9174239861	0.01611566738		2.732695481	21.62180298	75.64550154				13.08073166	20.74148085	66.17778749	0	0	0	-1253.929498	0.9174239861	1850.49594676375	-1253.929498	0.01611566738			
1251.369498	3	8	89	0.9188033209	0.01628620504		2.724650359	21.77768669	75.49766295				13.25218694	20.72432301	66.02349005	0	0	0	-1251.369498	0.9188033209	1861.59497495862	-1251.369498	0.01628620504			
1248.809498	3	8	89	0.9201743658	0.01645979368		2.716444379	21.93371279	75.34984283				13.42850712	20.70408075	65.86741213	0	0	0	-1248.809498	0.9201743658	1872.94221512823	-1248.809498	0.01645979368			
1246.249498	3	8	89	0.921537039	0.01663655959		2.708074436	22.08985706	75.2020685				13.60987765	20.68063309	65.70948926	0	0	0	-1246.249498	0.921537039	1884.53918162807	-1246.249498	0.01663655959			
1243.689498	3	8	89	0.9228912629	0.01681664357		2.699537196	22.24609543	75.05436737				13.79649346	20.65385363	65.5496529	0	0	0	-1243.689498	0.9228912629	1896.3863390975	-1243.689498	0.01681664357			
1241.129498	3	8	89	0.9242369646	0.01700020198		2.690829105	22.40240402	74.90676688				13.98855966	20.62361019	65.38783016	0	0	0	-1241.129498	0.9242369646	1908.48338072314	-1241.129498	0.01700020198			
1238.569498	3	8	89	0.9255740764	0.01718740779		2.681946404	22.55875911	74.75929449				14.18629229	20.58976436	65.22394335	0	0	0	-1238.569498	0.9255740764	1920.82902601381	-1238.569498	0.01718740779			
1236.009498	3	8	89	0.9269025365	0.0173784517		2.672885142	22.71513716	74.6119777				14.38991924	20.55217109	65.05790967	0	0	0	-1236.009498	0.9269025365	1933.42117642659	-1236.009498	0.0173784517			
1233.449498	3	8	89	0.9282222892	0.01757354306		2.663641193	22.87151476	74.46484405				14.59968111	20.51067818	64.88964072	0	0	0	-1233.449498	0.9282222892	1946.25639599046	-1233.449498	0.01757354306			
1230.889498	3	8	89	0.9295332862	0.01777291252		2.654210238	23.02786954	74.31792023				14.81583225	20.46512568	64.71904207	0	0	0	-1230.889498	0.9295332862	1959.33074979479	-1230.889498	0.01777291252			
1228.329498	3	8	89	0.9308354856	0.01797680644		2.644587955	23.18417633	74.17123571				15.03864183	20.41534542	64.54601275	0	0	0	-1228.329498	0.9308354856	1972.63933484184	-1228.329498	0.01797680644			
1225.769498	3	8	89	0.9321288537	0.01818549722		2.634769794	23.34041279	74.02481741				15.26839507	20.36116021	64.37044472	0	0	0	-1225.769498	0.9321288537	1986.17603433415	-1225.769498	0.01818549722			
1223.209498	3	8	89	0.9334133643	0.01839927743		2.62475118	23.49655545	73.87869337				15.50539454	20.30238318	64.19222227	0	0	0	-1223.209498	0.9334133643	1999.93433006678	-1223.209498	0.01839927743			
1220.649498	3	8	89	0.9346889993	0.01861846165		2.614527504	23.65258055	73.73289195				15.74996156	20.23881699	64.01122145	0	0	0	-1220.649498	0.9346889993	2013.90698239392	-1220.649498	0.01861846165			
1218.089498	3	8	89	0.9359557484	0.01884338634		2.604094166	23.80846388	73.58744195				16.0024377	20.17025297	63.82730933	0	0	0	-1218.089498	0.9359557484	2028.08645118799	-1218.089498	0.01884338634			
1215.529498	3	8	89	0.9372136091	0.01907440923		2.593446625	23.96418056	73.44237281				16.26318649	20.09647016	63.64034336	0	0	0	-1215.529498	0.9372136091	2042.46496916401	-1215.529498	0.01907440923			
1212.969498	3	8	89	0.9384625863	0.01931190803		2.582580445	24.11970474	73.29771481				16.53259512	20.01723432	63.45017056	0	0	0	-1212.969498	0.9384625863	2057.0347749752	-1212.969498	0.01931190803			
1210.409498	3	8	89	0.939702692	0.01955627829		2.571491363	24.27500932	73.15349932				16.81107635	19.93229687	63.25662678	0	0	0	-1210.409498	0.939702692	2071.78906036626	-1210.409498	0.01955627829			
1207.849498	3	8	89	0.9409339438	0.01980793012		2.560175357	24.4300655	73.00975914				17.09907049	19.84139368	63.05953583	0	0	0	-1207.849498	0.9409339438	2086.72227926439	-1207.849498	0.01980793012			
1205.289498	3	8	89	0.9421563643	0.02006728339		2.548628722	24.58484236	72.86652892				17.3970475	19.74424388	62.85870862	0	0	0	-1205.289498	0.9421563643	2101.8305344985	-1205.289498	0.02006728339			
1202.729498	3	8	89	0.9433699793	0.02033476102		2.536848163	24.73930624	72.72384559				17.70550911	19.64054859	62.6539423	0	0	0	-1202.729498	0.9433699793	2117.11318705414	-1202.729498	0.02033476102			
1200.169498	3	8	89	0.9445748155	0.02061077977		2.524830899	24.89342007	72.58174903				18.02499104	19.52998957	62.44501939	0	0	0	-1200.169498	0.9445748155	2132.57363002103	-1200.169498	0.02061077977			
1197.609498	3	8	89	0.9457708981	0.02089573777		2.512574781	25.04714252	72.4402827				18.35606511	19.41222795	62.23170694	0	0	0	-1197.609498	0.9457708981	2148.22068276021	-1197.609498	0.02089573777			
1195.049498	3	8	89	0.9469582473	0.02118999782		2.500078434	25.200427	72.29949456				18.69934132	19.28690294	62.01375574	0	0	0	-1195.049498	0.9469582473	2164.07081598669	-1195.049498	0.02118999782			
1192.489498	3	8	89	0.9481368739	0.02149386542		2.487341412	25.35322051	72.15943808				19.05546962	19.15363064	61.79089974	0	0	0	-1192.489498	0.9481368739	2180.23330096782	-1192.489498	0.02149386542			
1189.929498	3	8	89	0.949306686	0.02180627938		2.474360178	25.50547721	72.02016261				19.42510234	19.01203267	61.56286499	0	0	0	-1189.929498	0.949306686	2196.61147800139	-1189.929498	0.02180627938			
1187.369498	3	8	89	0.9504678016	0.02213091693		2.461141275	25.65711845	71.88174028				19.80902709	18.86164244	61.32933048	0	0	0	-1187.369498	0.9504678016	2213.23438175618	-1187.369498	0.02213091693			
1184.809498	3	8	89	0.9516201095	0.02246437804		2.447687667	25.80805773	71.7442546				20.20800163	18.70200934	61.08998903	0	0	0	-1184.809498	0.9516201095	2230.31131542385	-1184.809498	0.02246437804			
1182.249498	3	8	89	0.9527635143	0.02280736965		2.434004751	25.95819953	71.60779572				20.6228413	18.53265198	60.84450672	0	0	0	-1182.249498	0.9527635143	2247.8940884621	-1182.249498	0.02280736965			
1179.689498	3	8	89	0.9538978688	0.02315926704		2.420100105	26.10743171	71.47246819				21.05439817	18.35306639	60.59253545	0	0	0	-1179.689498	0.9538978688	2266.12062327755	-1179.689498	0.02315926704			
1177.129498	3	8	89	0.9550229581	0.02351903332		2.405983864	26.25562235	71.33839379				21.50355478	18.16272916	60.33371606	0	0	0	-1177.129498	0.9550229581	2285.17120672294	-1177.129498	0.02351903332			
1174.569498	3	8	89	0.9561384828	0.02388509766		2.391669137	26.40261605	71.20571481				21.97121436	17.96110255	60.06768309	0	0	0	-1174.569498	0.9561384828	2305.27901980567	-1174.569498	0.02388509766			
1172.009498	3	8	89	0.9572440369	0.0242552067		2.377172482	26.5482298	71.07459772				22.4582862	17.7476422	59.79407161	0	0	0	-1172.009498	0.9572440369	2326.74354204953	-1172.009498	0.0242552067			
1169.449498	3	8	89	0.9583390835	0.02462624832		2.36251441	26.69224836	70.94523723				22.96566481	17.52180833	59.51252686	0	0	0	-1169.449498	0.9583390835	2349.94467952014	-1169.449498	0.02462624832			
1166.889498	3	8	89	0.9594229268	0.02499404895		2.347719929	26.83441932	70.81786076				23.49420138	17.28308131	59.22271732	0	0	0	-1166.889498	0.9594229268	2375.3612678182	-1166.889498	0.02499404895			
1164.329498	3	8	89	0.9604946807	0.02535315148		2.332819079	26.97444803	70.69273289				24.04466554	17.03098261	58.92435185	0	0	0	-1164.329498	0.9604946807	2403.59161566781	-1164.329498	0.02535315148			
1161.769498	3	8	89	0.9615532359	0.02569658962		2.317847437	27.11199282	70.57015974				24.61769609	16.76510215	58.61720175	0	0	0	-1161.769498	0.9615532359	2435.37555144448	-1161.769498	0.02569658962			
1159.209498	3	8	89	0.9625972276	0.02601568218		2.302846504	27.24666094	70.45049256				25.21373914	16.48513281	58.30112805	0	0	0	-1159.209498	0.9625972276	2471.618907715	-1159.209498	0.02601568218			
1156.649498	3	8	89	0.9636250064	0.02629990262		2.287863911	27.37800618	70.33412991				25.8329738	16.19091219	57.97611401	0	0	0	-1156.649498	0.9636250064	2515.36717342898	-1156.649498	0.02629990262			
1154.089498	3	8	89	0.9646330965	0.02649684043		2.272934084	27.50545138	70.22161454				26.47423218	15.88295066	57.64281715	0	0	0	-1154.089498	0.9646330965	2563.88192308225	-1154.089498	0.02649684043			
1151.529498	3	8	89	0.9656223341	0.02671292041		2.258154776	27.62860929	70.11323594				27.13886869	15.56057653	57.30055478	0	0	0	-1151.529498	0.9656223341	2618.97058708066	-1151.529498	0.02671292041			
1148.969498	3	8	89	0.9665886026	0.02681246009		2.243570379	27.74680769	70.00962193				27.82476139	15.22482806	56.95041054	0	0	0	-1148.969498	0.9665886026	2686.13160672207	-1148.969498	0.02681246009			
1146.409498	3	8	89	0.9675291165	0.02682019986		2.229247356	27.85943215	69.9113205				28.53014866	14.87662106	56.59323028	0	0	0	-1146.409498	0.9675291165	2765.60178475097	-1146.409498	0.02682019986			
1143.849498	3	8	89	0.968440814	0.02671854001		2.215247291	27.9658962	69.81885651				29.2525458	14.51729404	56.23016016	0	0	0	-1143.849498	0.968440814	2859.45734998031	-1143.849498	0.02671854001			
1141.289498	3	8	89	0.969320789	0.0265001357		2.201633519	28.06562325	69.73274323				29.98892823	14.14848945	55.86258231	0	0	0	-1141.289498	0.969320789	2969.72120799202	-1141.289498	0.0265001357			
1138.729498	3	8	89	0.9701662609	0.02615681227		2.188465676	28.15807379	69.65346054				30.73564524	13.77220038	55.49215438	0	0	0	-1138.729498	0.9701662609	3098.90786994085	-1138.729498	0.02615681227			
1136.169498	3	8	89	0.9709746464	0.02568356085		2.175788988	28.24282573	69.58138529				31.48851378	13.39074448	55.12074174	0	0	0	-1136.169498	0.9709746464	3249.41797968645	-1136.169498	0.02568356085			
1133.609498	3	8	89	0.9717438707	0.02508565316		2.163636739	28.31958117	69.51678209				32.24308972	13.00660622	54.75030405	0	0	0	-1133.609498	0.9717438707	3423.3448160621	-1133.609498	0.02508565316			
1131.049498	3	8	89	0.9724724626	0.02437370113		2.15202765	28.38818517	69.45978718				32.99485661	12.62233126	54.38281213	0	0	0	-1131.049498	0.9724724626	3622.60452602673	-1131.049498	0.02437370113			
1128.489498	3	8	89	0.9731596394	0.02356398183		2.140965334	28.44863354	69.41040112				33.73945542	12.24039765	54.02014693	0	0	0	-1128.489498	0.9731596394	3848.79678343929	-1128.489498	0.02356398183			
1125.929498	3	8	89	0.9738053287	0.02267681118		2.130439086	28.50106745	69.36849346				34.47289096	11.86309844	53.6640106	0	0	0	-1125.929498	0.9738053287	4103.15989389877	-1125.929498	0.02267681118			
1123.369498	3	8	89	0.9744101293	0.02173451301		2.120425806	28.54575651	69.33381768				35.19168981	11.49245003	53.31586016	0	0	0	-1123.369498	0.9744101293	4386.55758047165	-1123.369498	0.02173451301			
1120.809498	3	8	89	0.9749752232	0.02075940465		2.110892661	28.58307393	69.30603341				35.89299611	11.13013448	52.97686942	0	0	0	-1120.809498	0.9749752232	4699.49658580473	-1120.809498	0.02075940465			
1118.249498	3	8	89	0.9755022572	0.01977210117		2.101800014	28.61346809	69.28473189				36.57460471	10.77747677	52.64791852	0	0	0	-1118.249498	0.9755022572	5042.1851389781	-1118.249498	0.01977210117			
1115.689498	3	8	89	0.9759932104	0.01879025989		2.093104159	28.63743507	69.26946077				37.2349365	10.43545446	52.32960904	0	0	0	-1115.689498	0.9759932104	5414.49771937652	-1115.689498	0.01879025989			
1113.129498	3	8	89	0.9764502849	0.01782871634		2.084760261	28.65548954	69.2597502				37.87300147	10.1047159	52.02228263	0	0	0	-1113.129498	0.9764502849	5816.16350113633	-1113.129498	0.01782871634			
1110.569498	3	8	89	0.9768757737	0.01689791031		2.076723566	28.66815012	69.25512632				38.4882864	9.785639131	51.72607447	0	0	0	-1110.569498	0.9768757737	6246.78192837288	-1110.569498	0.01689791031			
1108.009498	3	8	89	0.9772719899	0.01600569929		2.068951348	28.67591957	69.25512908				39.08068988	9.478367356	51.44094276	0	0	0	-1108.009498	0.9772719899	6705.792642235	-1108.009498	0.01600569929			
1105.449498	3	8	89	0.9776411965	0.01515698496		2.061403704	28.67927521	69.25932109				39.65043016	9.182859182	51.16671066	0	0	0	-1105.449498	0.9776411965	7192.60026911234	-1105.449498	0.01515698496			
1102.889498	3	8	89	0.9779855603	0.01435440491		2.054044072	28.6786623	69.26729362				40.19796681	8.898931836	50.90310136	0	0	0	-1102.889498	0.9779855603	7706.58077504855	-1102.889498	0.01435440491			
1100.329498	3	8	89	0.9783071233	0.01359884709		2.046839465	28.67449069	69.27866985				40.72393347	8.626298632	50.6497679	0	0	0	-1100.329498	0.9783071233	8247.10820251097	-1100.329498	0.01359884709			
1097.769498	3	8	89	0.9786077864	0.01288990449		2.039760455	28.66713381	69.29310574				41.22908239	8.364600161	50.40631745	0	0	0	-1097.769498	0.9786077864	8813.57856351399	-1097.769498	0.01288990449			
1095.209498	3	8	89	0.9788893031	0.01222626197		2.032781043	28.65692939	69.31028956				41.71424023	8.113429324	50.17233045	0	0	0	-1095.209498	0.9788893031	9405.41487960118	-1095.209498	0.01222626197			
1092.649498	3	8	89	0.9791532804	0.01160600177		2.025878419	28.64418117	69.32994041				42.18027381	7.872350908	49.94737528	0	0	0	-1092.649498	0.9791532804	10022.0737520207	-1092.649498	0.01160600177			
1090.089498	3	8	89	0.9794011839	0.01102683891		2.019032695	28.62916119	69.35180611				42.62806439	7.640916486	49.73101912	0	0	0	-1090.089498	0.9794011839	10663.058166665	-1090.089498	0.01102683891			
1087.529498	3	8	89	0.9796343455	0.01048629582		2.012226608	28.61211252	69.37566088				43.05848875	7.41867548	49.52283577	0	0	0	-1087.529498	0.9796343455	11327.9163241427	-1087.529498	0.01048629582			
1084.969498	3	8	89	0.979853973	0.009981827763		2.005445235	28.59325188	69.40130288				43.47240574	7.205183166	49.32241109	0	0	0	-1084.969498	0.979853973	12016.2403375027	-1084.969498	0.009981827763			
1082.409498	3	8	89	0.9800611601	0.009510909987		1.998675725	28.57277239	69.42855189				43.87064707	7.000006282	49.12934664	0	0	0	-1082.409498	0.9800611601	12727.6619393522	-1082.409498	0.009510909987			
1079.849498	3	8	89	0.9802568967	0.00907109583		1.991907039	28.550846	69.45724696				44.25401133	6.802726802	48.94326187	0	0	0	-1079.849498	0.9802568967	13461.8624221941	-1079.849498	0.00907109583			
1077.289498	3	8	89	0.9804420783	0.008660053355		1.985129728	28.52762587	69.48724441				44.62326038	6.612944318	48.76379531	0	0	0	-1077.289498	0.9804420783	14217.5849907623	-1077.289498	0.008660053355			
1074.729498	3	8	89	0.9806175379	0.008276393959		1.97834011	28.50321696	69.51844293				44.97910979	6.430269454	48.59062076	0	0	0	-1074.729498	0.9806175379	14995.9322159759	-1074.729498	0.008276393959			
1072.169498	3	8	89	0.9807839796	0.007916121366		1.971525745	28.47777836	69.55069589				45.3222425	6.254354248	48.42340326	0	0	0	-1072.169498	0.9807839796	15797.2097322173	-1072.169498	0.007916121366			
1069.609498	3	8	89	0.9809420748	0.007578737398		1.96468173	28.45141526	69.58390301				45.65331442	6.08485094	48.26183464	0	0	0	-1069.609498	0.9809420748	16620.1389854447	-1069.609498	0.007578737398			
1067.049498	3	8	89	0.981092428	0.007262233436		1.957803196	28.42422438	69.61797242				45.97293334	5.921436511	48.10563015	0	0	0	-1067.049498	0.981092428	17464.7893331902	-1067.049498	0.007262233436			
1064.489498	3	8	89	0.9812355884	0.006964992722		1.950886058	28.39629228	69.65282166				46.28167077	5.763806682	47.95452255	0	0	0	-1064.489498	0.9812355884	18331.0597635772	-1064.489498	0.006964992722			
1061.929498	3	8	89	0.9813720556	0.006685532259		1.943926912	28.36769647	69.68837662				46.58006361	5.61167515	47.80826124	0	0	0	-1061.929498	0.9813720556	19218.8609450121	-1061.929498	0.006685532259			
1059.369498	3	8	89	0.981502285	0.00642249342		1.936922947	28.33850646	69.72457059				46.86861597	5.464772739	47.66661129	0	0	0	-1059.369498	0.981502285	20128.1294065515	-1059.369498	0.00642249342			
1056.809498	3	8	89	0.9816266921	0.006174633068		1.929871863	28.30878468	69.76134346				47.147801	5.322846493	47.5293525	0	0	0	-1056.809498	0.9816266921	21058.8596792537	-1056.809498	0.006174633068			
1054.249498	3	8	89	0.9817456564	0.005940814432		1.922771806	28.27858723	69.79864096				47.4180628	5.185658743	47.39627845	0	0	0	-1054.249498	0.9817456564	22011.0230901572	-1054.249498	0.005940814432			
1051.689498	3	8	89	0.9818595257	0.005719998245		1.915621308	28.24796466	69.83641404				47.67981824	5.052986183	47.26719557	0	0	0	-1051.689498	0.9818595257	22984.6427708806	-1051.689498	0.005719998245			
1049.129498	3	8	89	0.9819686184	0.005511234326		1.908419239	28.21696249	69.87461828				47.93345874	4.924618971	47.14192229	0	0	0	-1049.129498	0.9819686184	23979.757361846	-1049.129498	0.005511234326			
1046.569498	3	8	89	0.9820732272	0.005313653679		1.901164761	28.18562182	69.91321342				48.17935198	4.800359857	47.02028817	0	0	0	-1046.569498	0.9820732272	24996.4049705092	-1046.569498	0.005313653679			
1044.009498	3	8	89	0.9821736211	0.005126461179		1.893857289	28.15397979	69.95216292				48.41784347	4.680023354	46.90213318	0	0	0	-1044.009498	0.9821736211	26034.6834320022	-1044.009498	0.005126461179			
1041.449498	3	8	89	0.9822700478	0.004948928831		1.886496462	28.12206998	69.99143356				48.64925812	4.563434955	46.78730692	0	0	0	-1041.449498	0.9822700478	27094.687454068	-1041.449498	0.004948928831			
1038.889498	3	8	89	0.9823627358	0.004780389605		1.879082109	28.08992281	70.03099508				48.87390163	4.450430393	46.67566797	0	0	0	-1038.889498	0.9823627358	28176.5185243178	-1038.889498	0.004780389605			
1036.329498	3	8	89	0.9824518962	0.004620231822		1.871614229	28.05756583	70.07081994				49.0920618	4.34085495	46.56708325	0	0	0	-1036.329498	0.9824518962	29280.3120211501	-1036.329498	0.004620231822			
1033.769498	3	8	89	0.9825377242	0.004467894047		1.864092967	28.02502405	70.11088298				49.30400979	4.234562804	46.46142741	0	0	0	-1033.769498	0.9825377242	30406.1901342326	-1033.769498	0.004467894047			
1031.209498	3	8	89	0.9826204008	0.004322860471		1.856518594	27.99232018	70.15116123				49.51000125	4.131416436	46.35858231	0	0	0	-1031.209498	0.9826204008	31554.3397713631	-1031.209498	0.004322860471			
1028.649498	3	8	89	0.9827000936	0.004184656728		1.848891492	27.95947483	70.19163367				49.71027741	4.031286057	46.25843654	0	0	0	-1028.649498	0.9827000936	32724.9449327514	-1028.649498	0.004184656728			
1026.089498	3	8	89	0.9827769585	0.004052846114		1.84121214	27.92650678	70.23228108				49.90506602	3.934049098	46.16088488	0	0	0	-1026.089498	0.9827769585	33918.1755620146	-1026.089498	0.004052846114			
1023.529498	3	8	89	0.9828511404	0.003927026179		1.833481099	27.89343309	70.27308581				50.09458231	3.839589718	46.06582798	0	0	0	-1023.529498	0.9828511404	35134.2683230907	-1023.529498	0.003927026179			
1020.969498	3	8	89	0.9829227742	0.003806825644		1.825699004	27.8602693	70.3140317				50.2790298	3.747798361	45.97317184	0	0	0	-1020.969498	0.9829227742	36373.3963142639	-1020.969498	0.003806825644			
1018.409498	3	8	89	0.9829919859	0.003691901621		1.817866552	27.82702956	70.35510389				50.45860111	3.658571338	45.88282755	0	0	0	-1018.409498	0.9829919859	37635.8313704214	-1018.409498	0.003691901621			
1015.849498	3	8	89	0.9830588928	0.003581937106		1.809984494	27.79372676	70.39628874				50.63347866	3.571810444	45.7947109	0	0	0	-1015.849498	0.9830588928	38921.8618273844	-1015.849498	0.003581937106			
1013.289498	3	8	89	0.9831236047	0.003476638713		1.802053629	27.76037267	70.4375737				50.80383534	3.487422598	45.70874207	0	0	0	-1013.289498	0.9831236047	40231.6892046925	-1013.289498	0.003476638713			
1010.729498	3	8	89	0.9831862244	0.003375734625		1.794074795	27.726978	70.47894721				50.96983514	3.405319517	45.62484534	0	0	0	-1010.729498	0.9831862244	41565.5702319333	-1010.729498	0.003375734625			
1008.169498	3	8	89	0.9832468482	0.003278972748		1.786048864	27.6935525	70.52039863				51.13163373	3.325417407	45.54294887	0	0	0	-1008.169498	0.9832468482	42923.9094201234	-1008.169498	0.003278972748			
1005.609498	3	8	89	0.9833055661	0.003186119032		1.777976739	27.66010509	70.56191817				51.28937896	3.247636679	45.46298436	0	0	0	-1005.609498	0.9833055661	44306.9249161303	-1005.609498	0.003186119032			
1003.049498	3	8	89	0.9833624631	0.003096955963		1.769859345	27.62664389	70.60349676				51.44321139	3.171901686	45.38488693	0	0	0	-1003.049498	0.9833624631	45714.9465782633	-1003.049498	0.003096955963			
1000.489498	3	8	89	0.9834176186	0.003011281189		1.761697632	27.59317629	70.64512608				51.59326471	3.098140481	45.30859481	0	0	0	-1000.489498	0.9834176186	47148.4060593385	-1000.489498	0.003011281189			
997.9294979	3	8	89	0.9834711075	0.002928906272		1.753492564	27.55970902	70.68679841				51.73966618	3.026284588	45.23404923	0	0	0	-997.9294979	0.9834711075	48607.5334972376	-997.9294979	0.002928906272			
995.3694979	3	8	89	0.9835230004	0.002849655568		1.745245119	27.52624823	70.72850665				51.88253703	2.956268792	45.16119418	0	0	0	-995.3694979	0.9835230004	50092.7257567779	-995.3694979	0.002849655568			
992.8094979	3	8	89	0.9835733637	0.002773365192		1.736956289	27.49279949	70.77024422				52.02199281	2.888030943	45.08997625	0	0	0	-992.8094979	0.9835733637	51604.4516280404	-992.8094979	0.002773365192			
990.2494979	3	8	89	0.98362226	0.002699882095		1.728627073	27.45936788	70.81200505				52.15814373	2.821511775	45.0203445	0	0	0	-990.2494979	0.98362226	53143.0204852062	-990.2494979	0.002699882095			
987.6894979	3	8	89	0.9836697486	0.00262906321		1.720258478	27.425958	70.85378352				52.29109496	2.756654738	44.9522503	0	0	0	-987.6894979	0.9836697486	54708.8199158245	-987.6894979	0.00262906321			
985.1294979	3	8	89	0.9837158854	0.002560774683		1.711851515	27.39257403	70.89557445				52.42094698	2.693405837	44.88564718	0	0	0	-985.1294979	0.9837158854	56302.3329231365	-985.1294979	0.002560774683			
982.5694979	3	8	89	0.9837607233	0.002494891166		1.7034072	27.35921976	70.93737304				52.54779577	2.631713488	44.82049074	0	0	0	-982.5694979	0.9837607233	57923.9676857479	-982.5694979	0.002494891166			
980.0094979	3	8	89	0.9838043124	0.002431295177		1.694926549	27.3258986	70.97917485				52.67173313	2.571528382	44.75673849	0	0	0	-980.0094979	0.9838043124	59574.2821933933	-980.0094979	0.002431295177			
977.4494979	3	8	89	0.9838467	0.002369876511		1.686410581	27.29261364	71.02097578				52.79284687	2.512803353	44.69434977	0	0	0	-977.4494979	0.9838467	61253.5977160051	-977.4494979	0.002369876511			
974.8894979	3	8	89	0.9838879313	0.002310531702		1.677860311	27.25936764	71.06277204				52.91122109	2.455493265	44.63328565	0	0	0	-974.8894979	0.9838879313	62962.5343171842	-974.8894979	0.002310531702			
972.3294979	3	8	89	0.9839280487	0.002253163534		1.669276755	27.22616312	71.10456013				53.0269363	2.399554897	44.57350881	0	0	0	-972.3294979	0.9839280487	64701.6028012491	-972.3294979	0.002253163534			
969.7694979	3	8	89	0.9839670929	0.00219768059		1.660660926	27.19300227	71.1463368				53.14006969	2.344946838	44.51498347	0	0	0	-969.7694979	0.9839670929	66471.1337848819	-969.7694979	0.00219768059			
967.2094979	3	8	89	0.9840051024	0.002143996836		1.652013834	27.1598871	71.18809906				53.25069528	2.291629394	44.45767532	0	0	0	-967.2094979	0.9840051024	68271.9087514086	-967.2094979	0.002143996836			
964.6494979	3	8	89	0.9840421137	0.002092031247		1.643336484	27.12681936	71.22984416				53.35888409	2.239564493	44.40155142	0	0	0	-964.6494979	0.9840421137	70104.3280994571	-964.6494979	0.002092031247			
962.0894979	3	8	89	0.9840781618	0.002041707456		1.634629877	27.09380059	71.27156954				53.46470427	2.188715602	44.34658012	0	0	0	-962.0894979	0.9840781618	71969.0550689729	-962.0894979	0.002041707456			
959.5294979	3	8	89	0.9841132797	0.001992953429		1.625895009	27.06083214	71.31327285				53.56822132	2.139047646	44.29273103	0	0	0	-959.5294979	0.9841132797	73866.7324676498	-959.5294979	0.001992953429			
956.9694979	3	8	89	0.9841474991	0.001945701179		1.617132869	27.0279152	71.35495193				53.66949815	2.090526934	44.23997492	0	0	0	-956.9694979	0.9841474991	75797.8582722132	-956.9694979	0.001945701179			
954.4094979	3	8	89	0.9841808501	0.001899886486		1.608344443	26.99505077	71.39660479				53.76859524	2.043121089	44.18828367	0	0	0	-954.4094979	0.9841808501	77763.0990255372	-954.4094979	0.001899886486			
951.8494979	3	8	89	0.9842133615	0.001855448652		1.599530707	26.9622397	71.43822959				53.8655708	1.996798979	44.13763022	0	0	0	-951.8494979	0.9842133615	79763.1330965057	-951.8494979	0.001855448652			
949.2894979	3	8	89	0.9842450607	0.001812330266		1.590692632	26.92948271	71.47982466				53.96048081	1.95153066	44.08798853	0	0	0	-949.2894979	0.9842450607	81798.5792649248	-949.2894979	0.001812330266			
946.7294979	3	8	89	0.984275974	0.001770476992		1.581831182	26.89678037	71.52138845				54.05337919	1.907287312	44.0393335	0	0	0	-946.7294979	0.984275974	83870.3056361141	-946.7294979	0.001770476992			
944.1694979	3	8	89	0.9843061263	0.001729837371		1.572947313	26.86413314	71.56291955				54.14431787	1.86404119	43.99164094	0	0	0	-944.1694979	0.9843061263	85978.9338038937	-944.1694979	0.001729837371			
941.6094979	3	8	89	0.9843355417	0.001690362636		1.564041976	26.83154135	71.60441667				54.23334691	1.821765567	43.94488753	0	0	0	-941.6094979	0.9843355417	88125.0485001292	-941.6094979	0.001690362636			
939.0494979	3	8	89	0.9843642431	0.001652006548		1.55511611	26.79900524	71.64587865				54.32051455	1.780434689	43.89905076	0	0	0	-939.0494979	0.9843642431	90309.5162422588	-939.0494979	0.001652006548			
936.4894979	3	8	89	0.9843922525	0.001614725232		1.54617065	26.76652495	71.6873044				54.40586733	1.740023728	43.85410894	0	0	0	-936.4894979	0.9843922525	92533.3067565576	-936.4894979	0.001614725232			
933.9294979	3	8	89	0.9844195908	0.001578477035		1.537206521	26.7341005	71.72869298				54.48945018	1.700508737	43.81004109	0	0	0	-933.9294979	0.9844195908	94797.2277711195	-933.9294979	0.001578477035			
931.3694979	3	8	89	0.9844462782	0.001543222393		1.528224641	26.70173186	71.7700435				54.57130643	1.661866613	43.76682696	0	0	0	-931.3694979	0.9844462782	97101.7771581536	-931.3694979	0.001543222393			
928.8094979	3	8	89	0.9844723341	0.001508923698		1.519225919	26.6694189	71.81135518				54.65147796	1.624075054	43.72444698	0	0	0	-928.8094979	0.9844723341	99448.1714822682	-928.8094979	0.001508923698			
926.2494979	3	8	89	0.9844977769	0.00147554519		1.510211257	26.63716143	71.85262732				54.73000523	1.587112527	43.68288224	0	0	0	-926.2494979	0.9844977769	101837.008277429	-926.2494979	0.00147554519			
923.6894979	3	8	89	0.9845226246	0.001443052895		1.501181549	26.60495915	71.8938593				54.80692732	1.55095823	43.64211445	0	0	0	-923.6894979	0.9845226246	104269.364255631	-923.6894979	0.001443052895			
921.1294979	3	8	89	0.9845468941	0.001411414309		1.492137678	26.57281174	71.93505058				54.88228205	1.515592061	43.60212589	0	0	0	-921.1294979	0.9845468941	106746.394075737	-921.1294979	0.001411414309			
918.5694979	3	8	89	0.9845706019	0.001380598635		1.48308052	26.54071882	71.97620066				54.95610598	1.480994588	43.56289944	0	0	0	-918.5694979	0.9845706019	109268.660029284	-918.5694979	0.001380598635			
916.0094979	3	8	89	0.9845937638	0.001350576467		1.474010944	26.50867993	72.01730913				55.02843449	1.447147018	43.52441849	0	0	0	-916.0094979	0.9845937638	111837.274319508	-916.0094979	0.001350576467			
913.4494979	3	8	89	0.984616395	0.001321319772		1.464929809	26.47669457	72.05837563				55.09930185	1.414031171	43.48666698	0	0	0	-913.4494979	0.984616395	114453.583874142	-913.4494979	0.001321319772			
910.8894979	3	8	89	0.98463851	0.001292801806		1.455837966	26.44476218	72.09939986				55.16874122	1.381629452	43.44962933	0	0	0	-910.8894979	0.98463851	117118.316075148	-910.8894979	0.001292801806			
908.3294979	3	8	89	0.984660123	0.001264997046		1.446736258	26.41288216	72.14038158				55.23678473	1.349924828	43.41329044	0	0	0	-908.3294979	0.984660123	119832.713024973	-908.3294979	0.001264997046			
905.7694979	3	8	89	0.9846812474	0.001237881123		1.43762552	26.38105389	72.18132059				55.30346352	1.318900804	43.37763568	0	0	0	-905.7694979	0.9846812474	122598.094134817	-905.7694979	0.001237881123			
903.2094979	3	8	89	0.9847018963	0.001211430861		1.42850658	26.34927664	72.22221678				55.36880775	1.2885414	43.34265085	0	0	0	-903.2094979	0.9847018963	125415.493874455	-903.2094979	0.001211430861			
900.6494979	3	8	89	0.9847220822	0.001185623802		1.419380255	26.31754974	72.26307				55.43284671	1.258831129	43.30832216	0	0	0	-900.6494979	0.9847220822	128343.211110673	-900.6494979	0.001185623802			
898.0894979	3	8	89	0.9847418003	0.001159437604		1.410218307	26.28603721	72.30374448				55.49555468	1.229779889	43.27466543	0	0	0	-898.0894979	0.9847418003	131263.927027377	-898.0894979	0.001159437604			
895.5294979	3	8	89	0.9847610967	0.001135873474		1.401079758	26.25440833	72.34451191				55.55706832	1.20132271	43.24160897	0	0	0	-895.5294979	0.9847610967	134188.781306694	-895.5294979	0.001135873474			
892.9694979	3	8	89	0.9847799651	0.001111871095		1.39193626	26.22282689	72.38523685				55.61735937	1.173470996	43.20916963	0	0	0	-892.9694979	0.9847799651	137226.851114063	-892.9694979	0.001111871095			
890.4094979	3	8	89	0.9847984165	0.001088430687		1.382788444	26.19129372	72.42591784				55.67645366	1.146211099	43.17733524	0	0	0	-890.4094979	0.9847984165	140322.603750586	-890.4094979	0.001088430687			
887.8494979	3	8	89	0.9848164615	0.001065536254		1.373637135	26.15980725	72.46655561				55.73437641	1.119529715	43.14609387	0	0	0	-887.8494979	0.9848164615	143478.889754168	-887.8494979	0.001065536254			
885.2894979	3	8	89	0.98483411	0.001043170235		1.36448309	26.12836668	72.50715023				55.79115213	1.093413936	43.11543394	0	0	0	-885.2894979	0.98483411	146696.703811011	-885.2894979	0.001043170235			
882.7294979	3	8	89	0.984851372	0.001021311409		1.355326879	26.09697259	72.54770053				55.84680441	1.067851342	43.08534425	0	0	0	-882.7294979	0.984851372	149976.981888016	-882.7294979	0.001021311409			
880.1694979	3	8	89	0.9848682569	0.0009999585945		1.346169599	26.06562128	72.58820912				55.90135687	1.04282952	43.05581361	0	0	0	-880.1694979	0.9848682569	153321.410133921	-880.1694979	0.0009999585945			
877.6094979	3	8	89	0.984884774	0.0009790822632		1.337011809	26.03431328	72.62867491				55.95483175	1.018336755	43.0268315	0	0	0	-877.6094979	0.984884774	156731.596000881	-877.6094979	0.0009790822632			
875.0494979	3	8	89	0.9849009321	0.000958672776		1.327854234	26.00304768	72.66909808				56.00725095	0.9943615413	42.99838751	0	0	0	-875.0494979	0.9849009321	160210.203072829	-875.0494979	0.000958672776			
872.4894979	3	8	89	0.9849167397	0.0009387162679		1.318697591	25.97182357	72.70947884				56.05863579	0.9708926939	42.97047151	0	0	0	-872.4894979	0.9849167397	163757.619427542	-872.4894979	0.0009387162679			
869.9294979	3	8	89	0.9849322053	0.0009191994178		1.309542592	25.94064002	72.74981739				56.10900702	0.9479193329	42.94307365	0	0	0	-869.9294979	0.9849322053	167376.028451225	-869.9294979	0.0009191994178			
867.3694979	3	8	89	0.9849473368	0.0009001094312		1.30038994	25.90949608	72.79011398				56.15838481	0.9254308734	42.91618432	0	0	0	-867.3694979	0.9849473368	171068.17665817	-867.3694979	0.0009001094312			
864.8094979	3	8	89	0.984962142	0.0008814340128		1.29124033	25.87839078	72.83036889				56.20678885	0.9034170154	42.88979413	0	0	0	-864.8094979	0.984962142	174834.930896086	-864.8094979	0.0008814340128			
862.2494979	3	8	89	0.9849766285	0.0008631613427		1.282094451	25.84732317	72.87058238				56.25423831	0.8818677328	42.86389396	0	0	0	-862.2494979	0.9849766285	178677.75140281	-862.2494979	0.0008631613427			
859.6894979	3	8	89	0.9849908037	0.000845280056		1.272952981	25.81629225	72.91075477				56.30075184	0.8607732639	42.8384749	0	0	0	-859.6894979	0.9849908037	182599.563535435	-859.6894979	0.000845280056			
857.1294979	3	8	89	0.9850046746	0.0008277792191		1.263816596	25.78529704	72.95088636				56.34634766	0.8401241018	42.81352824	0	0	0	-857.1294979	0.9850046746	186602.116788205	-857.1294979	0.0008277792191			
854.5694979	3	8	89	0.9850182482	0.0008106483113		1.25468596	25.75433653	72.99097751				56.39104351	0.8199109857	42.7890455	0	0	0	-854.5694979	0.9850182482	190687.539023358	-854.5694979	0.0008106483113			
852.0094979	3	8	89	0.9850315311	0.0007938772062		1.245561732	25.72340972	73.03102855				56.4348567	0.800124892	42.76501841	0	0	0	-852.0094979	0.9850315311	194858.667451432	-852.0094979	0.0007938772062			
849.4494979	3	8	89	0.9850445298	0.0007774561532		1.236444563	25.69251558	73.07103986				56.47780411	0.7807570262	42.74143886	0	0	0	-849.4494979	0.9850445298	199116.423915212	-849.4494979	0.0007774561532			
846.8894979	3	8	89	0.9850572507	0.0007613758338		1.227335101	25.66165306	73.11101184				56.5199022	0.7617988149	42.71829898	0	0	0	-846.8894979	0.9850572507	203464.212019088	-846.8894979	0.0007613758338			
844.3294979	3	8	89	0.9850696998	0.0007456270523		1.218233979	25.63082116	73.15094486				56.56116706	0.7432418986	42.69559104	0	0	0	-844.3294979	0.9850696998	207904.729900886	-844.3294979	0.0007456270523			
841.7694979	3	8	89	0.9850818831	0.0007302011644		1.209141828	25.60001884	73.19083933				56.6016144	0.7250781241	42.67330748	0	0	0	-841.7694979	0.9850818831	212440.30605239	-841.7694979	0.0007302011644			
839.2094979	3	8	89	0.9850938063	0.0007150897644		1.200059269	25.56924506	73.23069567				56.64125952	0.7072995377	42.65144094	0	0	0	-839.2094979	0.9850938063	217072.235983804	-839.2094979	0.0007150897644			
836.6494979	3	8	89	0.9851054752	0.0007002847463		1.190986918	25.53849878	73.27051431				56.68011742	0.6898983785	42.6299842	0	0	0	-836.6494979	0.9851054752	221804.125597867	-836.6494979	0.0007002847463			
834.0894979	3	8	89	0.9851168951	0.0006857782917		1.181925385	25.50777893	73.31029569				56.7182027	0.6728670718	42.60893022	0	0	0	-834.0894979	0.9851168951	226638.398824703	-834.0894979	0.0006857782917			
831.5294979	3	8	89	0.9851280715	0.0006715628569		1.172875272	25.47708447	73.35004026				56.75552967	0.6561982234	42.5882721	0	0	0	-831.5294979	0.9851280715	231579.35622765	-831.5294979	0.0006715628569			
828.9694979	3	8	89	0.9851390093	0.0006576311614		1.163837174	25.44641433	73.3897485				56.79211229	0.6398846136	42.5680031	0	0	0	-828.9694979	0.9851390093	236628.735003234	-828.9694979	0.0006576311614			
826.4094979	3	8	89	0.9851497138	0.000643976177		1.154811679	25.41576745	73.42942087				56.82796421	0.6239191913	42.5481166	0	0	0	-826.4094979	0.9851497138	241789.24780414	-826.4094979	0.000643976177			
823.8494979	3	8	89	0.9851601897	0.0006305911167		1.145799369	25.38514278	73.46905785				56.86309879	0.6082950689	42.52860614	0	0	0	-823.8494979	0.9851601897	247066.473707881	-823.8494979	0.0006305911167			
821.2894979	3	8	89	0.9851704418	0.0006174694254		1.13680082	25.35453924	73.50865994				56.89752909	0.5930055167	42.50946539	0	0	0	-821.2894979	0.9851704418	252459.608918059	-821.2894979	0.0006174694254			
818.7294979	3	8	89	0.9851804749	0.0006046047698		1.127816599	25.32395576	73.54822764				56.93126788	0.5780439584	42.49068816	0	0	0	-818.7294979	0.9851804749	257974.006791363	-818.7294979	0.0006046047698			
816.1694979	3	8	89	0.9851902934	0.0005919910292		1.118847269	25.29339128	73.58776145				56.96432768	0.5634039661	42.47226836	0	0	0	-816.1694979	0.9851902934	263615.159719159	-816.1694979	0.0005919910292			
813.6094979	3	8	89	0.9851999017	0.0005796222874		1.109893384	25.26284473	73.62726189				56.9967207	0.5490792554	42.45420004	0	0	0	-813.6094979	0.9851999017	269385.206436222	-813.6094979	0.0005796222874			
811.0494979	3	8	89	0.9852093041	0.0005674928239		1.100955494	25.23231503	73.66672948				57.02845894	0.5350636813	42.43647737	0	0	0	-811.0494979	0.9852093041	275287.661996536	-811.0494979	0.0005674928239			
808.4894979	3	8	89	0.9852185048	0.0005555971063		1.092034142	25.20180111	73.70616475				57.05955413	0.5213512338	42.41909464	0	0	0	-808.4894979	0.9852185048	281326.245311232	-808.4894979	0.0005555971063			
805.9294979	3	8	89	0.9852275079	0.0005439297825		1.083129863	25.1713019	73.74556823				57.09001774	0.507936034	42.40204623	0	0	0	-805.9294979	0.9852275079	287504.900048918	-805.9294979	0.0005439297825			
803.3694979	3	8	89	0.9852363174	0.000532485674		1.074243187	25.14081633	73.78494048				57.11986103	0.4948123295	42.38532664	0	0	0	-803.3694979	0.9852363174	293827.817676829	-803.3694979	0.000532485674			
800.8094979	3	8	89	0.9852449372	0.0005212597687		1.065374637	25.11034333	73.82428204				57.14909502	0.4819744916	42.36893048	0	0	0	-800.8094979	0.9852449372	300301.301489667	-800.8094979	0.0005212597687			
798.2494979	3	8	89	0.985253371	0.0005102472143		1.056524731	25.07988181	73.86359345				57.17773053	0.4694170107	42.35285246	0	0	0	-798.2494979	0.985253371	306926.361969295	-798.2494979	0.0005102472143			
795.6894979	3	8	89	0.9852616227	0.0004994433124		1.04769398	25.04943072	73.9028753				57.20577813	0.4571344933	42.33708738	0	0	0	-795.6894979	0.9852616227	313710.339965144	-795.6894979	0.0004994433124			
793.1294979	3	8	89	0.9852696957	0.0004888435123		1.038882889	25.01898898	73.94212813				57.23324821	0.4451216584	42.32163014	0	0	0	-793.1294979	0.9852696957	320660.139477904	-793.1294979	0.0004888435123			
790.5694979	3	8	89	0.9852775936	0.0004784434054		1.030091955	24.98855552	73.98135252				57.26015094	0.4333733345	42.30647573	0	0	0	-790.5694979	0.9852775936	327775.844762474	-790.5694979	0.0004784434054			
788.0094979	3	8	89	0.9852853199	0.0004682387196		1.021321673	24.95812927	74.02054906				57.28649631	0.421884456	42.29161923	0	0	0	-788.0094979	0.9852853199	335065.507570147	-788.0094979	0.0004682387196			
785.4494979	3	8	89	0.9852928779	0.0004582253143		1.012572529	24.92770916	74.05971831				57.31229411	0.4106500605	42.27705583	0	0	0	-785.4494979	0.9852928779	342533.044293391	-785.4494979	0.0004582253143			
782.8894979	3	8	89	0.985300271	0.0004483991753		1.003845003	24.89729413	74.09886086				57.33755395	0.3996652858	42.26278077	0	0	0	-782.8894979	0.985300271	350185.551935918	-782.8894979	0.0004483991753			
780.3294979	3	8	89	0.9853075023	0.0004387564101		0.9951395704	24.86688311	74.13797732				57.36228525	0.3889253672	42.24878939	0	0	0	-780.3294979	0.9853075023	358029.855636906	-780.3294979	0.0004387564101			
777.7694979	3	8	89	0.985314575	0.0004292932431		0.9864566999	24.83647504	74.17706826				57.38649726	0.3784256344	42.23507711	0	0	0	-777.7694979	0.985314575	366066.020773871	-777.7694979	0.0004292932431			
775.2094979	3	8	89	0.9853214923	0.0004200060117		0.9777968546	24.80606886	74.21613429				57.41019907	0.3681615092	42.22163942	0	0	0	-775.2094979	0.9853214923	374307.410005716	-775.2094979	0.0004200060117			
772.6494979	3	8	89	0.985328257	0.0004108911615		0.9691604917	24.77566349	74.25517601				57.43339959	0.358128503	42.2084719	0	0	0	-772.6494979	0.985328257	382762.098013663	-772.6494979	0.0004108911615			
770.0894979	3	8	89	0.9853348721	0.000401945243		0.9605480627	24.7452579	74.29419404				57.45610759	0.3483222141	42.1955702	0	0	0	-770.0894979	0.9853348721	391427.877930879	-770.0894979	0.000401945243			
767.5294979	3	8	89	0.9853413406	0.000393164907		0.9519600135	24.71485101	74.33318898				57.47833165	0.3387383258	42.18293003	0	0	0	-767.5294979	0.9853413406	400313.755767898	-767.5294979	0.000393164907			
764.9694979	3	8	89	0.9853476653	0.0003845469013		0.9433967842	24.68444177	74.37216144				57.50008023	0.3293726034	42.17054717	0	0	0	-764.9694979	0.9853476653	409435.81600723	-764.9694979	0.0003845469013			
762.4094979	3	8	89	0.9853538488	0.0003760880673		0.9348588091	24.65402914	74.41111205				57.52136162	0.3202208928	42.15841749	0	0	0	-762.4094979	0.9853538488	418794.303844799	-762.4094979	0.0003760880673			
759.8494979	3	8	89	0.985359894	0.0003677853361		0.9263465173	24.62361205	74.45004143				57.54218398	0.3112791179	42.1465369	0	0	0	-759.8494979	0.985359894	428397.567095571	-759.8494979	0.0003677853361			
757.2894979	3	8	89	0.9853658034	0.000359635726		0.9178603319	24.59318946	74.48895021				57.56255533	0.3025432787	42.13490139	0	0	0	-757.2894979	0.9853658034	438256.041710853	-757.2894979	0.000359635726			
754.7294979	3	8	89	0.9853715797	0.0003516363384		0.909400671	24.56276032	74.52783901				57.58248354	0.2940094492	42.12350701	0	0	0	-754.7294979	0.9853715797	448370.865209048	-754.7294979	0.0003516363384			
752.1694979	3	8	89	0.9853772255	0.0003437843556		0.9009679467	24.53232359	74.56670846				57.60197636	0.2856737758	42.11234987	0	0	0	-752.1694979	0.9853772255	458762.62090521	-752.1694979	0.0003437843556			
749.6094979	3	8	89	0.9853827431	0.0003360770376		0.8925625661	24.50187822	74.60555921				57.6210414	0.2775324753	42.10142612	0	0	0	-749.6094979	0.9853827431	469440.361419222	-749.6094979	0.0003360770376			
747.0494979	3	8	89	0.985388135	0.0003285117192		0.8841849307	24.47142318	74.64439189				57.63968615	0.2695818329	42.09073201	0	0	0	-747.0494979	0.985388135	480401.457655181	-747.0494979	0.0003285117192			
744.4894979	3	8	89	0.9853934037	0.0003210858075		0.8758354367	24.44095741	74.68320715				57.65791799	0.2618182009	42.08026381	0	0	0	-744.4894979	0.9853934037	491660.31250911	-744.4894979	0.0003210858075			
741.9294979	3	8	89	0.9853985515	0.0003137967792		0.8675144749	24.41047989	74.72200563				57.67574414	0.2542379967	42.07001787	0	0	0	-741.9294979	0.9853985515	503231.883376071	-741.9294979	0.0003137967792			
739.3694979	3	8	89	0.9854035807	0.0003066421784		0.859222431	24.37998958	74.76078799				57.69317174	0.2468377015	42.05999056	0	0	0	-739.3694979	0.9854035807	515128.127239908	-739.3694979	0.0003066421784			
736.8094979	3	8	89	0.9854084935	0.0002996196138		0.8509596854	24.34948545	74.79955487				57.71020781	0.2396138584	42.05017834	0	0	0	-736.8094979	0.9854084935	527361.267470127	-736.8094979	0.0002996196138			
734.2494979	3	8	89	0.9854132921	0.0002927267567		0.8427266132	24.31896646	74.83830692				57.72685924	0.2325630712	42.04057769	0	0	0	-734.2494979	0.9854132921	539932.879283347	-734.2494979	0.0002927267567			
731.6894979	3	8	89	0.9854179788	0.0002859613386		0.8345235845	24.28843159	74.87704482				57.74313282	0.2256820031	42.03118517	0	0	0	-731.6894979	0.9854179788	552856.213419471	-731.6894979	0.0002859613386			
729.1294979	3	8	89	0.9854225557	0.0002793211494		0.8263509642	24.25787981	74.91576922				57.75903526	0.2189673746	42.02199737	0	0	0	-729.1294979	0.9854225557	566156.799374485	-729.1294979	0.0002793211494			
726.5694979	3	8	89	0.9854270248	0.0002728065964		0.8182090735	24.22731046	74.95448047				57.77457332	0.2124159651	42.01301072	0	0	0	-726.5694979	0.9854270248	579836.503921495	-726.5694979	0.0002728065964			
724.0094979	3	8	89	0.9854313883	0.0002664105205		0.8100983114	24.19672211	74.99317958				57.78975329	0.2060246037	42.00422211	0	0	0	-724.0094979	0.9854313883	593919.189486695	-724.0094979	0.0002664105205			
721.4494979	3	8	89	0.985435648	0.00026013333		0.8020190227	24.16611378	75.0318672				57.80458155	0.1997901778	41.99562827	0	0	0	-721.4494979	0.985435648	608412.167920031	-721.4494979	0.00026013333			
718.8894979	3	8	89	0.9854398061	0.0002539730717		0.7939715521	24.13548445	75.070544				57.81906438	0.1937096262	41.987226	0	0	0	-718.8894979	0.9854398061	623319.896267893	-718.8894979	0.0002539730717			
716.3294979	3	8	89	0.9854438645	0.0002479277972		0.7859562398	24.10483309	75.10921067				57.83320797	0.1877799393	41.97901209	0	0	0	-716.3294979	0.9854438645	638681.928057056	-716.3294979	0.0002479277972			
713.7694979	3	8	89	0.985447825	0.000241995605		0.7779734205	24.07415871	75.14786787				57.84701842	0.1819981579	41.97098343	0	0	0	-713.7694979	0.985447825	654501.314328878	-713.7694979	0.000241995605			
711.2094979	3	8	89	0.9854516896	0.0002361746387		0.7700234245	24.04346027	75.18651631				57.86050173	0.1763613718	41.9631369	0	0	0	-711.2094979	0.9854516896	670800.132714584	-711.2094979	0.0002361746387			
708.6494979	3	8	89	0.98545546	0.0002304630859		0.7621065772	24.01273677	75.22515666				57.87366382	0.1708667194	41.95546946	0	0	0	-708.6494979	0.98545546	687588.164576762	-708.6494979	0.0002304630859			
706.0894979	3	8	89	0.9854591382	0.000224859176		0.7542231991	23.98198719	75.26378961				57.88651053	0.165511386	41.94797808	0	0	0	-706.0894979	0.9854591382	704880.174530103	-706.0894979	0.000224859176			
703.5294979	3	8	89	0.9854627259	0.0002193611795		0.746373606	23.95121053	75.30241587				57.89904759	0.1602926032	41.9406598	0	0	0	-703.5294979	0.9854627259	722717.257810618	-703.5294979	0.0002193611795			
700.9694979	3	8	89	0.9854662248	0.0002139674057		0.738558109	23.92040577	75.34103613				57.91128068	0.1552076477	41.93351167	0	0	0	-700.9694979	0.9854662248	741104.231064435	-700.9694979	0.0002139674057			
698.4094979	3	8	89	0.9854696367	0.0002086762021		0.7307770147	23.8895719	75.37965108				57.92321537	0.1502538408	41.92653079	0	0	0	-698.4094979	0.9854696367	760056.559037512	-698.4094979	0.0002086762021			
695.8494979	3	8	89	0.9854729633	0.0002034859527		0.7230306247	23.85870793	75.41826145				57.93485715	0.1454285469	41.9197143	0	0	0	-695.8494979	0.9854729633	779612.220290435	-695.8494979	0.0002034859527			
693.2894979	3	8	89	0.9854762062	0.0001983950764		0.7153192365	23.82781283	75.45686793				57.94621146	0.1407291732	41.91305936	0	0	0	-693.2894979	0.9854762062	799800.651569393	-693.2894979	0.0001983950764			
690.7294979	3	8	89	0.985479367	0.0001934020265		0.7076431426	23.79688562	75.49547124				57.95728364	0.1361531683	41.90656319	0	0	0	-690.7294979	0.985479367	820627.38010437	-690.7294979	0.0001934020265			
688.1694979	3	8	89	0.9854824474	0.0001885052888		0.7000026312	23.76592527	75.5340721				57.96807896	0.1316980222	41.90022302	0	0	0	-688.1694979	0.9854824474	842111.020066524	-688.1694979	0.0001885052888			
685.6094979	3	8	89	0.985485449	0.0001837033808		0.6923979859	23.73493079	75.57267122				57.97860261	0.1273612645	41.89403613	0	0	0	-685.6094979	0.985485449	864297.862993034	-685.6094979	0.0001837033808			
683.0494979	3	8	89	0.9854883733	0.0001789948505		0.684829486	23.70390118	75.61126934				57.98885972	0.1231404646	41.88799982	0	0	0	-683.0494979	0.9854883733	887207.655928739	-683.0494979	0.0001789948505			
680.4894979	3	8	89	0.9854912219	0.0001743782753		0.6772974062	23.67283542	75.64986718				57.99885533	0.1190332304	41.88211144	0	0	0	-680.4894979	0.9854912219	910880.198553321	-680.4894979	0.0001743782753			
677.9294979	3	8	89	0.9854939962	0.0001698522608		0.6698020169	23.64173251	75.68846547				58.00859443	0.1150372076	41.87636837	0	0	0	-677.9294979	0.9854939962	935353.788318616	-677.9294979	0.0001698522608			
675.3694979	3	8	89	0.9854966977	0.00016541544		0.6623435842	23.61059145	75.72706496				58.01808193	0.1111500793	41.87076799	0	0	0	-675.3694979	0.9854966977	960618.622972862	-675.3694979	0.00016541544			
672.8094979	3	8	89	0.985499328	0.0001610664723		0.6549223698	23.57941124	75.76566639				58.02732267	0.1073695654	41.86530777	0	0	0	-672.8094979	0.985499328	986737.298715627	-672.8094979	0.0001610664723			
670.2494979	3	8	89	0.9855018884	0.0001568040424		0.6475386311	23.54819086	75.8042705				58.03632143	0.1036934213	41.85998515	0	0	0	-670.2494979	0.9855018884	1013751.31391807	-670.2494979	0.0001568040424			
667.6894979	3	8	89	0.9855043804	0.0001526268593		0.6401926214	23.51692932	75.84287806				58.04508293	0.1001194383	41.85479763	0	0	0	-667.6894979	0.9855043804	1041672.08591718	-667.6894979	0.0001526268593			
665.1294979	3	8	89	0.9855068054	0.0001485336557		0.6328845896	23.48562561	75.8814898				58.05361181	0.09664544212	41.84974275	0	0	0	-665.1294979	0.9855068054	1070594.32755701	-665.1294979	0.0001485336557			
662.5694979	3	8	89	0.9855091646	0.0001445231871		0.6256147805	23.45427871	75.92010651				58.06191265	0.0932692927	41.84481806	0	0	0	-662.5694979	0.9855091646	1100500.36074326	-662.5694979	0.0001445231871			
660.0094979	3	8	89	0.9855114596	0.0001405942305		0.6183834348	23.42288762	75.95872894				58.06998998	0.0899888837	41.84002114	0	0	0	-660.0094979	0.9855114596	1131602.68244636	-660.0094979	0.0001405942305			
658.7294979	3	8	89	0.9855125829	6.882672508E-05		0.6147824861	23.40717264	75.97804488				58.0739447	0.08838392807	41.83767137	0	0	0	-658.7294979	0.9855125829	1147384.27110331	-658.7294979	6.882672508E-05			
658.0894979	3	8	89	0.9855131388	3.406153311E-05		0.6129856163	23.39931137	75.98770301				58.07590183	0.08759015134	41.83650801	0	0	0	-658.0894979	0.9855131388	1155115.90074546	-658.0894979	3.406153311E-05			
657.9294979	3	8	89	0.9855132772	8.481830232E-06		0.6125368247	23.39734495	75.99011823				58.07638914	0.0873925994	41.83621826	0	0	0	-657.9294979	0.9855132772	1115531.36272242	-657.9294979	8.481830232E-06			
657.9094979	3	8	89	0.9855170677	1.426313839E-06	0.0002544366085	0.6121948329	23.400327	75.98747817	50.42937328	0.03539941923	49.5352273	58.07841709	0.08737309525	41.83420981	0	0	0	-657.9094979	0.9855170677	8664.52670407031	-657.9094979	1.426313839E-06	0.0002544366085	0.0301104484312592	
657.8894979	3	8	89	0.9855189934	1.233351169E-06	0.0001287352478	0.6119943323	23.40171245	75.98629322	50.43437882	0.03537089097	49.53025029	58.07947216	0.08735103829	41.8331768	0	0	0	-657.8894979	0.9855189934	10361.6694318838	-657.8894979	1.233351169E-06	0.0001287352478	-0.201324632184176	
657.8494979	3	8	89	0.985522872	2.466859087E-06	0.0002593378019	0.611591808	23.40450269	75.98390551	50.44444342	0.03531370294	49.52024288	58.08159456	0.08730696101	41.83109848	0	0	0	-657.8494979	0.985522872	10301.4538725352	-657.8494979	2.466859087E-06	0.0002593378019	0.00944526781938007	
657.7694979	3	8	89	0.9855306554	4.934992027E-06	0.0005206178521	0.6107866275	23.41009247	75.97912091	50.46460657	0.03519945166	49.50019398	58.085846	0.08721886391	41.82693514	0	0	0	-657.7694979	0.9855306554	10254.8303178779	-657.7694979	4.934992027E-06	0.0005206178521	0.00941336302702878	
657.6094979	3	8	89	0.98554633	9.875416756E-06	0.001049191729	0.6091756278	23.42131068	75.96951369	50.50507494	0.03497141294	49.45995365	58.09437642	0.08704290036	41.81858068	0	0	0	-657.6094979	0.98554633	10161.093926558	-657.6094979	9.875416756E-06	0.001049191729	0.00928236000623409	
657.2894979	3	8	89	0.9855781177	1.977270239E-05	0.002130780456	0.605950963	23.44390419	75.95014485	50.58656103	0.0345173211	49.37892165	58.11154774	0.08669192494	41.80176034	0	0	0	-657.2894979	0.9855781177	9973.79916864952	-657.2894979	1.977270239E-05	0.002130780456	0.00902717436025106	
656.6494979	3	8	89	0.9856435412	3.965382253E-05	0.004398182963	0.5994899688	23.48974065	75.91076938	50.7518521	0.033616727	49.21453117	58.14635242	0.08599364774	41.76765393	0	0	0	-656.6494979	0.9856435412	9599.02583512341	-656.6494979	3.965382253E-05	0.004398182963	0.00854370337290898	
655.3694979	3	8	89	0.9857825293	7.990674161E-05	0.00939951491	0.5865131095	23.58418945	75.82929744	51.09226635	0.03184542089	48.87588823	58.21793539	0.08461186367	41.69745275	0	0	0	-655.3694979	0.9857825293	8854.51485438275	-655.3694979	7.990674161E-05	0.00939951491	0.00766768002456899	
652.8094979	3	8	89	0.986100873	0.0001633019215	0.02180331358	0.5602602484	23.78590634	75.65383341	51.81802984	0.02841659004	48.15355357	58.37023564	0.08190726767	41.54785709	0	0	0	-652.8094979	0.986100873	7451.96121998915	-652.8094979	0.0001633019215	0.02180331358	0.00288899016449386	
650.2494979	3	8	89	0.9864801657	0.0001700420517	0.02665328184	0.5334047933	24.00909555	75.45749965	52.6179529	0.02512576721	47.35692134	58.53788573	0.07928141749	41.38283285	0	0	0	-650.2494979	0.9864801657	6158.60240164963	-650.2494979	0.0001700420517	0.02665328184	0.00150412166700044	
647.6894979	3	8	89	0.9869521993	0.0001827553543	0.03421009748	0.5055709478	24.26180036	75.23262869	53.5180216	0.02194952601	46.46002887	58.72671999	0.07673524524	41.19654477	0	0	0	-647.6894979	0.9869521993	4839.01026456797	-647.6894979	0.0001827553543	0.03421009748	0.00176547281432428	
645.1294979	3	8	89	0.9875830375	0.0002082400601	0.0475385032	0.4760788774	24.55846858	74.96545254	54.56456321	0.0188478018	45.41658898	58.94724174	0.07427147025	40.97848679	0	0	0	-645.1294979	0.9875830375	3499.23754372302	-645.1294979	0.0002082400601	0.0475385032	0.00196393100398089	
642.5694979	3	8	89	0.9885526313	0.0002696707936	0.07708770414	0.4434295236	24.9306554	74.62591508	55.85804105	0.01573421597	44.12622473	59.22244248	0.071897495	40.70566003	0	0	0	-642.5694979	0.9885526313	2165.93146496616	-642.5694979	0.0002696707936	0.07708770414	0.00932621775910292	
641.2894979	3	8	89	0.9892550425	0.0001827044594	0.06070174974	0.424740808	25.16968976	74.40556943	56.67531277	0.01410477646	43.31058245	59.39852074	0.0707504574	40.5307288	0	0	0	-641.2894979	0.9892550425	1538.33085323949	-641.2894979	0.0001827044594	0.06070174974	0.00669916620478401	
640.0094979	3	8	89	0.9904840735	0.0002996550182	0.1134889519	0.4024424584	25.48609098	74.11146656	57.73880608	0.01230731135	42.2488866	59.63101035	0.06964104432	40.29934861	0	0	0	-640.0094979	0.9904840735	800.582970946919	-640.0094979	0.0002996550182	0.1134889519	-0.0517904606301341	
639.3694979	3	8	89	0.99157469	0.0002777831927	0.1139078001	0.3880440201	25.71227908	73.8996769	58.48526127	0.0112320134	41.50350672	59.79693429	0.06911061528	40.13395509	0	0	0	-639.3694979	0.99157469	454.080963114279	-639.3694979	0.0002777831927	0.1139078001	-0.0638906639813036	
639.0494979	3	8	89	0.9925178483	0.0002613935982	0.1113821569	0.378599668	25.8717253	73.74967503	59.00416308	0.01056330235	40.98527361	59.91381541	0.06885906942	40.01732553	0	0	0	-639.0494979	0.9925178483	265.182814678711	-639.0494979	0.0002613935982	0.1113821569	0.00553443170517189	
638.8894979	3	8	89	0.9933045951	0.0002412921349	0.1046992793	0.3723839903	25.98208347	73.64553254	59.35965778	0.01013912019	40.6302031	59.99468947	0.06874161786	39.93656891	0	0	0	-638.8894979	0.9933045951	161.813424888079	-638.8894979	0.0002412921349	0.1046992793	0.00281115717932026	
638.8094979	3	8	89	0.9939243828	0.0002107871049	0.09221582139	0.3683516466	26.05617517	73.57547318	59.59662655	0.009870722321	40.39350273	60.0489808	0.06868786936	39.88233133	0	0	0	-638.8094979	0.9939243828	105.579523472488	-638.8094979	0.0002107871049	0.09221582139	0.00239387403700033	
638.7694979	3	8	89	0.9943767121	0.000168924905	0.07418737466	0.3658126243	26.10389903	73.53028834	59.74852779	0.009704473417	40.24176774	60.0839528	0.06866373221	39.84738347	0	0	0	-638.7694979	0.9943767121	74.0420107983438	-638.7694979	0.000168924905	0.07418737466	0.00233905870904636	
638.7294979	3	8	89	0.99522912	0.0003432895753	0.1511256272	0.3624429336	26.1685734	73.46898367	59.95345097	0.009487131257	40.0370619	60.13134225	0.06864399416	39.80001376	0	0	0	-638.7294979	0.99522912	34.8153054433376	-638.7294979	0.0003432895753	0.1511256272	0.00226279480236426	
638.7094979	3	8	89	0.996148561	0.0004361490476	0.1921970417	0.3598790402	26.21884162	73.42127934	60.11199453	0.009324277772	39.87868119	60.16818029	0.06863869415	39.76318101	0	0	0	-638.7094979	0.996148561	16.1720417765812	-638.7094979	0.0004361490476	0.1921970417	0.00226221793028568	
638.6994979	3	8	89	0.9978377314	0.0009930430781	0.4375325016	0.3575255549	26.26582446	73.37664999	60.2595862	0.009176715335	39.73123708	60.2026105	0.06864164777	39.72874785	0	0	0	-638.6994979	0.9978377314	8.26913722685595	-638.6994979	0.0009930430781	0.4375325016	0.00228161700722734	
638.6894979	3	8	89	0.9988683988	0.001079873596	0.4755588783	0.3565068268	26.28593532	73.35755785	60.32315016	0.009113002403	39.66773684	60.21739395	0.06863761291	39.71396844	0	0	0	-638.6894979	0.9988683988	15.5034457416154	-638.6894979	0.001079873596	0.4755588783	0.0105516448622595	
638.6794979	3	8	89	0.9994077918	0.001080051435	0.4755757266	0.3561004278	26.29362367	73.3502759	60.34787178	0.009087360806	39.64304086	60.22308198	0.06863037862	39.70828764	0	0	0	-638.6794979	0.9994077918	17.7512403730105	-638.6794979	0.001080051435	0.4755757266	0.0105550409504309	
638.6694979	3	8	89	1	0.002265840359	0.9977341596	0.3559351401	26.29640573	73.34765913	60.35725259	0.009076648561	39.63367077							-638.6694979	1	16.8859532846556	-638.6694979	0.002265840359	0.9977341596	0.00227093703569468	
638.6594979	3	8	89	1	0.002265840359	0.9977341596	0.3559351401	26.29640573	73.34765913	60.35725259	0.009076648561	39.63367077							-638.6594979	1	NaN	-638.6594979	0.002265840359	0.9977341596	NaN	
638.6394979	3	8	89	1	0.002265840359	0.9977341596	0.3559351401	26.29640573	73.34765913	60.35725259	0.009076648561	39.63367077							-638.6394979	1	NaN	-638.6394979	0.002265840359	0.9977341596	NaN	
638.5994979	3	8	89	1	0.002265840359	0.9977341596	0.3559351401	26.29640573	73.34765913	60.35725259	0.009076648561	39.63367077							-638.5994979	1	NaN	-638.5994979	0.002265840359	0.9977341596	NaN	
638.5194979	3	8	89	1	0.002265840359	0.9977341596	0.3559351401	26.29640573	73.34765913	60.35725259	0.009076648561	39.63367077							-638.5194979	1	NaN	-638.5194979	0.002265840359	0.9977341596	NaN	
638.3594979	3	8	89	1	0.002265840359	0.9977341596	0.3559351401	26.29640573	73.34765913	60.35725259	0.009076648561	39.63367077							-638.3594979	1	NaN	-638.3594979	0.002265840359	0.9977341596	NaN	
638.0394979	3	8	89	1	0.002265840359	0.9977341596	0.3559351401	26.29640573	73.34765913	60.35725259	0.009076648561	39.63367077							-638.0394979	1	NaN	-638.0394979	0.002265840359	0.9977341596	NaN	
637.3994979	3	8	89	1	0.002265840359	0.9977341596	0.3559351401	26.29640573	73.34765913	60.35725259	0.009076648561	39.63367077							-637.3994979	1	NaN	-637.3994979	0.002265840359	0.9977341596	NaN	
636.1194979	3	8	89	1	0.002265840359	0.9977341596	0.3559351401	26.29640573	73.34765913	60.35725259	0.009076648561	39.63367077							-636.1194979	1	NaN	-636.1194979	0.002265840359	0.9977341596	NaN	
633.5594979	3	8	89	1	0.002265840359	0.9977341596	0.3559351401	26.29640573	73.34765913	60.35725259	0.009076648561	39.63367077							-633.5594979	1	NaN	-633.5594979	0.002265840359	0.9977341596	NaN	
628.4394979	3	8	89	1	0.002265840359	0.9977341596	0.3559351401	26.29640573	73.34765913	60.35725259	0.009076648561	39.63367077							-628.4394979	1	NaN	-628.4394979	0.002265840359	0.9977341596	NaN	
623.3194979	3	8	89	1	0.002265840359	0.9977341596	0.3559351401	26.29640573	73.34765913	60.35725259	0.009076648561	39.63367077							-623.3194979	1	NaN	-623.3194979	0.002265840359	0.9977341596	NaN	
618.1994979	3	8	89	1	0.002265840359	0.9977341596	0.3559351401	26.29640573	73.34765913	60.35725259	0.009076648561	39.63367077							-618.1994979	1	NaN	-618.1994979	0.002265840359	0.9977341596	NaN	
613.0794979	3	8	89	1	0.002265840359	0.9977341596	0.3559351401	26.29640573	73.34765913	60.35725259	0.009076648561	39.63367077							-613.0794979	1	NaN	-613.0794979	0.002265840359	0.9977341596	NaN	
607.9594979	3	8	89	1	0.002265840359	0.9977341596	0.3559351401	26.29640573	73.34765913	60.35725259	0.009076648561	39.63367077							-607.9594979	1	NaN	-607.9594979	0.002265840359	0.9977341596	NaN	
602.8394979	3	8	89	1	0.002265840359	0.9977341596	0.3559351401	26.29640573	73.34765913	60.35725259	0.009076648561	39.63367077							-602.8394979	1	NaN	-602.8394979	0.002265840359	0.9977341596	NaN	
597.7194979	3	8	89	1	0.002265840359	0.9977341596	0.3559351401	26.29640573	73.34765913	60.35725259	0.009076648561	39.63367077							-597.7194979	1	NaN	-597.7194979	0.002265840359	0.9977341596	NaN	
592.5994979	3	8	89	1	0.002265840359	0.9977341596	0.3559351401	26.29640573	73.34765913	60.35725259	0.009076648561	39.63367077							-592.5994979	1	NaN	-592.5994979	0.002265840359	0.9977341596	NaN	
587.4794979	3	8	89	1	0.002265840359	0.9977341596	0.3559351401	26.29640573	73.34765913	60.35725259	0.009076648561	39.63367077							-587.4794979	1	NaN	-587.4794979	0.002265840359	0.9977341596	NaN	
582.3594979	3	8	89	1	0.002265840359	0.9977341596	0.3559351401	26.29640573	73.34765913	60.35725259	0.009076648561	39.63367077							-582.3594979	1	NaN	-582.3594979	0.002265840359	0.9977341596	NaN	
577.2394979	3	8	89	1	0.002265840359	0.9977341596	0.3559351401	26.29640573	73.34765913	60.35725259	0.009076648561	39.63367077							-577.2394979	1	NaN	-577.2394979	0.002265840359	0.9977341596	NaN	
572.1194979	3	8	89	1	0.002265840359	0.9977341596	0.3559351401	26.29640573	73.34765913	60.35725259	0.009076648561	39.63367077							-572.1194979	1	NaN	-572.1194979	0.002265840359	0.9977341596	NaN	
566.9994979	3	8	89	1	0.002265840359	0.9977341596	0.3559351401	26.29640573	73.34765913	60.35725259	0.009076648561	39.63367077							-566.9994979	1	NaN	-566.9994979	0.002265840359	0.9977341596	NaN	
561.8794979	3	8	89	1	0.002265840359	0.9977341596	0.3559351401	26.29640573	73.34765913	60.35725259	0.009076648561	39.63367077							-561.8794979	1	NaN	-561.8794979	0.002265840359	0.9977341596	NaN	
556.7594979	3	8	89	1	0.002265840359	0.9977341596	0.3559351401	26.29640573	73.34765913	60.35725259	0.009076648561	39.63367077							-556.7594979	1	NaN	-556.7594979	0.002265840359	0.9977341596	NaN	
551.6394979	3	8	89	1	0.002265840359	0.9977341596	0.3559351401	26.29640573	73.34765913	60.35725259	0.009076648561	39.63367077							-551.6394979	1	NaN	-551.6394979	0.002265840359	0.9977341596	NaN	
546.5194979	3	8	89	1	0.002265840359	0.9977341596	0.3559351401	26.29640573	73.34765913	60.35725259	0.009076648561	39.63367077							-546.5194979	1	NaN	-546.5194979	0.002265840359	0.9977341596	NaN	
541.3994979	3	8	89	1	0.002265840359	0.9977341596	0.3559351401	26.29640573	73.34765913	60.35725259	0.009076648561	39.63367077							-541.3994979	1	NaN	-541.3994979	0.002265840359	0.9977341596	NaN	
536.2794979	3	8	89	1	0.002265840359	0.9977341596	0.3559351401	26.29640573	73.34765913	60.35725259	0.009076648561	39.63367077							-536.2794979	1	NaN	-536.2794979	0.002265840359	0.9977341596	NaN	
531.1594979	3	8	89	1	0.002265840359	0.9977341596	0.3559351401	26.29640573	73.34765913	60.35725259	0.009076648561	39.63367077							-531.1594979	1	NaN	-531.1594979	0.002265840359	0.9977341596	NaN	
526.0394979	3	8	89	1	0.002265840359	0.9977341596	0.3559351401	26.29640573	73.34765913	60.35725259	0.009076648561	39.63367077							-526.0394979	1	NaN	-526.0394979	0.002265840359	0.9977341596	NaN	
520.9194979	3	8	89	1	0.002265840359	0.9977341596	0.3559351401	26.29640573	73.34765913	60.35725259	0.009076648561	39.63367077							-520.9194979	1	NaN	-520.9194979	0.002265840359	0.9977341596	NaN	
515.7994979	3	8	89	1	0.002265840359	0.9977341596	0.3559351401	26.29640573	73.34765913	60.35725259	0.009076648561	39.63367077							-515.7994979	1	NaN	-515.7994979	0.002265840359	0.9977341596	NaN	
510.6794979	3	8	89	1	0.002265840359	0.9977341596	0.3559351401	26.29640573	73.34765913	60.35725259	0.009076648561	39.63367077							-510.6794979	1	NaN	-510.6794979	0.002265840359	0.9977341596	NaN	
505.5594979	3	8	89	1	0.002265840359	0.9977341596	0.3559351401	26.29640573	73.34765913	60.35725259	0.009076648561	39.63367077							-505.5594979	1	NaN	-505.5594979	0.002265840359	0.9977341596	NaN	
500.4394979	3	8	89	1	0.002265840359	0.9977341596	0.3559351401	26.29640573	73.34765913	60.35725259	0.009076648561	39.63367077							-500.4394979	1	NaN	-500.4394979	0.002265840359	0.9977341596	NaN	
495.3194979	3	8	89	1	0.002265840359	0.9977341596	0.3559351401	26.29640573	73.34765913	60.35725259	0.009076648561	39.63367077							-495.3194979	1	NaN	-495.3194979	0.002265840359	0.9977341596	NaN	
490.1994979	3	8	89	1	0.002265840359	0.9977341596	0.3559351401	26.29640573	73.34765913	60.35725259	0.009076648561	39.63367077							-490.1994979	1	NaN	-490.1994979	0.002265840359	0.9977341596	NaN	
485.0794979	3	8	89	1	0.002265840359	0.9977341596	0.3559351401	26.29640573	73.34765913	60.35725259	0.009076648561	39.63367077							-485.0794979	1	NaN	-485.0794979	0.002265840359	0.9977341596	NaN	
479.9594979	3	8	89	1	0.002265840359	0.9977341596	0.3559351401	26.29640573	73.34765913	60.35725259	0.009076648561	39.63367077							-479.9594979	1	NaN	-479.9594979	0.002265840359	0.9977341596	NaN	
474.8394979	3	8	89	1	0.002265840359	0.9977341596	0.3559351401	26.29640573	73.34765913	60.35725259	0.009076648561	39.63367077							-474.8394979	1	NaN	-474.8394979	0.002265840359	0.9977341596	NaN	
469.7194979	3	8	89	1	0.002265840359	0.9977341596	0.3559351401	26.29640573	73.34765913	60.35725259	0.009076648561	39.63367077							-469.7194979	1	NaN	-469.7194979	0.002265840359	0.9977341596	NaN	
464.5994979	3	8	89	1	0.002265840359	0.9977341596	0.3559351401	26.29640573	73.34765913	60.35725259	0.009076648561	39.63367077							-464.5994979	1	NaN	-464.5994979	0.002265840359	0.9977341596	NaN	
459.4794979	3	8	89	1	0.002265840359	0.9977341596	0.3559351401	26.29640573	73.34765913	60.35725259	0.009076648561	39.63367077							-459.4794979	1	NaN	-459.4794979	0.002265840359	0.9977341596	NaN	
454.3594979	3	8	89	1	0.002265840359	0.9977341596	0.3559351401	26.29640573	73.34765913	60.35725259	0.009076648561	39.63367077							-454.3594979	1	NaN	-454.3594979	0.002265840359	0.9977341596	NaN	
449.2394979	3	8	89	1	0.002265840359	0.9977341596	0.3559351401	26.29640573	73.34765913	60.35725259	0.009076648561	39.63367077							-449.2394979	1	NaN	-449.2394979	0.002265840359	0.9977341596	NaN	
444.1194979	3	8	89	1	0.002265840359	0.9977341596	0.3559351401	26.29640573	73.34765913	60.35725259	0.009076648561	39.63367077							-444.1194979	1	NaN	-444.1194979	0.002265840359	0.9977341596	NaN	
438.9994979	3	8	89	1	0.002265840359	0.9977341596	0.3559351401	26.29640573	73.34765913	60.35725259	0.009076648561	39.63367077							-438.9994979	1	NaN	-438.9994979	0.002265840359	0.9977341596	NaN	
433.8794979	3	8	89	1	0.002265840359	0.9977341596	0.3559351401	26.29640573	73.34765913	60.35725259	0.009076648561	39.63367077							-433.8794979	1	NaN	-433.8794979	0.002265840359	0.9977341596	NaN	
428.7594979	3	8	89	1	0.002265840359	0.9977341596	0.3559351401	26.29640573	73.34765913	60.35725259	0.009076648561	39.63367077							-428.7594979	1	NaN	-428.7594979	0.002265840359	0.9977341596	NaN	
423.6394979	3	8	89	1	0.002265840359	0.9977341596	0.3559351401	26.29640573	73.34765913	60.35725259	0.009076648561	39.63367077							-423.6394979	1	NaN	-423.6394979	0.002265840359	0.9977341596	NaN	
418.5194979	3	8	89	1	0.002265840359	0.9977341596	0.3559351401	26.29640573	73.34765913	60.35725259	0.009076648561	39.63367077							-418.5194979	1	NaN	-418.5194979	0.002265840359	0.9977341596	NaN	
413.3994979	3	8	89	1	0.002265840359	0.9977341596	0.3559351401	26.29640573	73.34765913	60.35725259	0.009076648561	39.63367077							-413.3994979	1	NaN	-413.3994979	0.002265840359	0.9977341596	NaN	
408.2794979	3	8	89	1	0.002265840359	0.9977341596	0.3559351401	26.29640573	73.34765913	60.35725259	0.009076648561	39.63367077							-408.2794979	1	NaN	-408.2794979	0.002265840359	0.9977341596	NaN	
403.1594979	3	8	89	1	0.002265840359	0.9977341596	0.3559351401	26.29640573	73.34765913	60.35725259	0.009076648561	39.63367077							-403.1594979	1	NaN	-403.1594979	0.002265840359	0.9977341596	NaN	
398.0394979	3	8	89	1	0.002265840359	0.9977341596	0.3559351401	26.29640573	73.34765913	60.35725259	0.009076648561	39.63367077							-398.0394979	1	NaN	-398.0394979	0.002265840359	0.9977341596	NaN	
392.9194979	3	8	89	1	0.002265840359	0.9977341596	0.3559351401	26.29640573	73.34765913	60.35725259	0.009076648561	39.63367077							-392.9194979	1	NaN	-392.9194979	0.002265840359	0.9977341596	NaN	
387.7994979	3	8	89	1	0.002265840359	0.9977341596	0.3559351401	26.29640573	73.34765913	60.35725259	0.009076648561	39.63367077							-387.7994979	1	NaN	-387.7994979	0.002265840359	0.9977341596	NaN	
382.6794979	3	8	89	1	0.002265840359	0.9977341596	0.3559351401	26.29640573	73.34765913	60.35725259	0.009076648561	39.63367077							-382.6794979	1	NaN	-382.6794979	0.002265840359	0.9977341596	NaN	
377.5594979	3	8	89	1	0.002265840359	0.9977341596	0.3559351401	26.29640573	73.34765913	60.35725259	0.009076648561	39.63367077							-377.5594979	1	NaN	-377.5594979	0.002265840359	0.9977341596	NaN	
372.4394979	3	8	89	1	0.002265840359	0.9977341596	0.3559351401	26.29640573	73.34765913	60.35725259	0.009076648561	39.63367077							-372.4394979	1	NaN	-372.4394979	0.002265840359	0.9977341596	NaN	
367.3194979	3	8	89	1	0.002265840359	0.9977341596	0.3559351401	26.29640573	73.34765913	60.35725259	0.009076648561	39.63367077							-367.3194979	1	NaN	-367.3194979	0.002265840359	0.9977341596	NaN	
362.1994979	3	8	89	1	0.002265840359	0.9977341596	0.3559351401	26.29640573	73.34765913	60.35725259	0.009076648561	39.63367077							-362.1994979	1	NaN	-362.1994979	0.002265840359	0.9977341596	NaN	
357.0794979	3	8	89	1	0.002265840359	0.9977341596	0.3559351401	26.29640573	73.34765913	60.35725259	0.009076648561	39.63367077							-357.0794979	1	NaN	-357.0794979	0.002265840359	0.9977341596	NaN	
351.9594979	3	8	89	1	0.002265840359	0.9977341596	0.3559351401	26.29640573	73.34765913	60.35725259	0.009076648561	39.63367077							-351.9594979	1	NaN	-351.9594979	0.002265840359	0.9977341596	NaN	
346.8394979	3	8	89	1	0.002265840359	0.9977341596	0.3559351401	26.29640573	73.34765913	60.35725259	0.009076648561	39.63367077							-346.8394979	1	NaN	-346.8394979	0.002265840359	0.9977341596	NaN	
341.7194979	3	8	89	1	0.002265840359	0.9977341596	0.3559351401	26.29640573	73.34765913	60.35725259	0.009076648561	39.63367077							-341.7194979	1	NaN	-341.7194979	0.002265840359	0.9977341596	NaN	
336.5994979	3	8	89	1	0.002265840359	0.9977341596	0.3559351401	26.29640573	73.34765913	60.35725259	0.009076648561	39.63367077							-336.5994979	1	NaN	-336.5994979	0.002265840359	0.9977341596	NaN	
331.4794979	3	8	89	1	0.002265840359	0.9977341596	0.3559351401	26.29640573	73.34765913	60.35725259	0.009076648561	39.63367077							-331.4794979	1	NaN	-331.4794979	0.002265840359	0.9977341596	NaN	
326.3594979	3	8	89	1	0.002265840359	0.9977341596	0.3559351401	26.29640573	73.34765913	60.35725259	0.009076648561	39.63367077							-326.3594979	1	NaN	-326.3594979	0.002265840359	0.9977341596	NaN	
321.2394979	3	8	89	1	0.002265840359	0.9977341596	0.3559351401	26.29640573	73.34765913	60.35725259	0.009076648561	39.63367077							-321.2394979	1	NaN	-321.2394979	0.002265840359	0.9977341596	NaN	
316.1194979	3	8	89	1	0.002265840359	0.9977341596	0.3559351401	26.29640573	73.34765913	60.35725259	0.009076648561	39.63367077							-316.1194979	1	NaN	-316.1194979	0.002265840359	0.9977341596	NaN	
310.9994979	3	8	89	1	0.002265840359	0.9977341596	0.3559351401	26.29640573	73.34765913	60.35725259	0.009076648561	39.63367077							-310.9994979	1	NaN	-310.9994979	0.002265840359	0.9977341596	NaN	
305.8794979	3	8	89	1	0.002265840359	0.9977341596	0.3559351401	26.29640573	73.34765913	60.35725259	0.009076648561	39.63367077							-305.8794979	1	NaN	-305.8794979	0.002265840359	0.9977341596	NaN	
300.7594979	3	8	89	1	0.002265840359	0.9977341596	0.3559351401	26.29640573	73.34765913	60.35725259	0.009076648561	39.63367077							-300.7594979	1	NaN	-300.7594979	0.002265840359	0.9977341596	NaN	
300	3	8	89	1	0.002265840359	0.9977341596	0.3559351401	26.29640573	73.34765913	60.35725259	0.009076648561	39.63367077							-300	1	NaN	-300	0.002265840359	0.9977341596	NaN	
