T	w(AL)	w(CU)	w(SI)	fs	fw(@FCC_A1)	w(AL@FCC_A1)	w(CU@FCC_A1)	w(SI@FCC_A1)	w(AL@LIQUID)	w(CU@LIQUID)	w(SI@LIQUID)	w(AL@DIAMOND_A4)	w(CU@DIAMOND_A4)	w(SI@DIAMOND_A4)	w(AL@ALCU_THETA)	w(CU@ALCU_THETA)	w(SI@ALCU_THETA)	dwdT_L(AL@LIQUID)	dwdT_L(CU@LIQUID)	dwdT_L(SI@LIQUID)	-T	fw(@FCC_A1)_1	-T//fw(@FCC_A1)	
K	%	%	%	mole/mole	kg/kg	%	%	%	%	%	%	%	%	%	%	%	%	SI	SI	SI				
874.95606	88	5	7	0	0	98.68460419	0.5110759427	0.8043198626	88	5	7							0.001839838289	-0.0007729724689	-0.00106686582	-874.95606	0	28.8386710840522	
874.94606	88	5	7	0.0001773801425	0.000172336098	98.68436498	0.5111704645	0.8044645589	87.99816016	5.000772968	7.001066874							0	0	0	-874.94606	0.000172336098	87.2136257480474	
874.92606	88	5	7	0.0005316235322	0.0003442591086	98.68388642	0.5113596216	0.8047539558	87.99448071	5.002318821	7.003200468							0	0	0	-874.92606	0.0003442591086	116.344864882459	
874.88606	88	5	7	0.00123937749	0.000687983509	98.68292928	0.5117379322	0.8053327914	87.9871227	5.005410171	7.007467132							0	0	0	-874.88606	0.000687983509	116.448491890331	
874.80606	88	5	7	0.002651981242	0.001374086491	98.68101458	0.5124947974	0.8064906177	87.97241024	5.011591431	7.015998329							0	0	0	-874.80606	0.001374086491	-35211.34645862	
874.72606	88	5	7	0.004060165584	0.001371806897	98.67909936	0.5132519869	0.8076486503	87.95770256	5.017770761	7.024526684							0	0	0	-874.72606	0.001371806897	-36860.7467292724	
874.64606	88	5	7	0.005464279793	0.001369727483	98.67718361	0.5140095003	0.80880689	87.94299965	5.023948147	7.033052202							0	0	0	-874.64606	0.001369727483	-38529.3175116759	
874.56606	88	5	7	0.006864341559	0.001367654197	98.67526732	0.5147673383	0.8099653375	87.92830152	5.030123592	7.041574887							0	0	0	-874.56606	0.001367654197	-38639.7262416911	
874.48606	88	5	7	0.008260368133	0.001365586651	98.67335051	0.5155255016	0.811123993	87.91360816	5.036297096	7.050094741							0	0	0	-874.48606	0.001365586651	-38746.9133805598	
874.40606	88	5	7	0.00965237667	0.00136352482	98.67143315	0.5162839909	0.8122828566	87.89891958	5.042468661	7.058611764							0	0	0	-874.40606	0.00136352482	-38854.2535408457	
874.32606	88	5	7	0.01104038423	0.001361468682	98.66951526	0.5170428069	0.8134419285	87.88423576	5.048638285	7.067125957							0	0	0	-874.32606	0.001361468682	-38961.7630786798	
874.24606	88	5	7	0.01242440776	0.001359418214	98.66759684	0.5178019502	0.814601209	87.86955671	5.05480597	7.075637322							0	0	0	-874.24606	0.001359418214	-39069.4399649276	
874.16606	88	5	7	0.01380446415	0.001357373394	98.66567788	0.5185614215	0.8157606982	87.85488242	5.060971716	7.08414586							0	0	0	-874.16606	0.001357373394	-39177.2819261232	
874.08606	88	5	7	0.01518057017	0.001355334199	98.66375838	0.5193212215	0.8169203964	87.8402129	5.067135524	7.092651572							0	0	0	-874.08606	0.001355334199	-39285.2868641883	
874.00606	88	5	7	0.01655274249	0.001353300607	98.66183835	0.5200813507	0.8180803037	87.82554815	5.073297393	7.101154458							0	0	0	-874.00606	0.001353300607	-39393.462186931	
873.92606	88	5	7	0.01792099771	0.001351272596	98.65991777	0.52084181	0.8192404204	87.81088815	5.079457324	7.109654521							0	0	0	-873.92606	0.001351272596	-39501.7959743881	
873.84606	88	5	7	0.01928535232	0.001349250143	98.65799665	0.5216025998	0.8204007466	87.79623292	5.085615318	7.118151761							0	0	0	-873.84606	0.001349250143	-39610.2860240593	
873.76606	88	5	7	0.02064582274	0.001347233226	98.656075	0.522363721	0.8215612826	87.78158245	5.091771375	7.126646179							0	0	0	-873.76606	0.001347233226	-39718.9497115084	
873.68606	88	5	7	0.02200242527	0.001345221824	98.6541528	0.5231251742	0.8227220285	87.76693673	5.097925496	7.135137777							0	0	0	-873.68606	0.001345221824	-39827.7848721798	
873.60606	88	5	7	0.02335517614	0.001343215915	98.65223006	0.52388696	0.8238829845	87.75229576	5.10407768	7.143626555							0	0	0	-873.60606	0.001343215915	-39936.7795007879	
873.52606	88	5	7	0.02470409149	0.001341215477	98.65030677	0.5246490791	0.8250441509	87.73765956	5.110227929	7.152112516							0	0	0	-873.52606	0.001341215477	-40045.941386975	
873.44606	88	5	7	0.02604918737	0.001339220489	98.64838294	0.5254115322	0.8262055279	87.7230281	5.116376242	7.160595659							0	0	0	-873.44606	0.001339220489	-40155.2682623049	
873.36606	88	5	7	0.02739047974	0.001337230929	98.64645856	0.5261743199	0.8273671156	87.70840139	5.12252262	7.169075987							0	0	0	-873.36606	0.001337230929	-40264.7580425783	
873.28606	88	5	7	0.02872798446	0.001335246776	98.64453364	0.5269374429	0.8285289142	87.69377944	5.128667064	7.1775535							0	0	0	-873.28606	0.001335246776	-40374.4186329672	
873.20606	88	5	7	0.03006171733	0.001333268009	98.64260817	0.5277009019	0.829690924	87.67916223	5.134809574	7.1860282							0	0	0	-873.20606	0.001333268009	-40484.237637473	
873.12606	88	5	7	0.03139169405	0.001331294606	98.64068216	0.5284646975	0.8308531452	87.66454976	5.14095015	7.194500087							0	0	0	-873.12606	0.001331294606	-40594.2335798821	
873.04606	88	5	7	0.03271793022	0.001329326548	98.63875559	0.5292288304	0.8320155779	87.64994204	5.147088793	7.202969163							0	0	0	-873.04606	0.001329326548	-40704.3937172059	
872.96606	88	5	7	0.03404044138	0.001327363812	98.63682848	0.5299933013	0.8331782223	87.63533907	5.153225503	7.211435429							0	0	0	-872.96606	0.001327363812	-40814.7058307233	
872.88606	88	5	7	0.03535924296	0.001325406378	98.63490081	0.5307581108	0.8343410787	87.62074083	5.159360281	7.219898887							0	0	0	-872.88606	0.001325406378	-40925.1882300941	
872.80606	88	5	7	0.03667435034	0.001323454225	98.63297259	0.5315232595	0.8355041473	87.60614734	5.165493127	7.228359537							0	0	0	-872.80606	0.001323454225	-41035.8495114228	
872.72606	88	5	7	0.03798577879	0.001321507334	98.63104382	0.5322887483	0.8366674282	87.59155858	5.171624042	7.23681738							0	0	0	-872.72606	0.001321507334	-41146.6768483127	
872.64606	88	5	7	0.03929354349	0.001319565683	98.6291145	0.5330545777	0.8378309217	87.57697456	5.177753026	7.245272419							0	0	0	-872.64606	0.001319565683	-41257.657721707	
872.56606	88	5	7	0.04059765956	0.001317629252	98.62718462	0.5338207484	0.8389946279	87.56239527	5.183880079	7.253724653							0	0	0	-872.56606	0.001317629252	-41368.8110395599	
872.48606	88	5	7	0.04189814204	0.001315698021	98.62525419	0.534587261	0.8401585471	87.54782071	5.190005203	7.262174085							0	0	0	-872.48606	0.001315698021	-41480.1347413084	
872.40606	88	5	7	0.04319500586	0.00131377197	98.6233232	0.5353541163	0.8413226794	87.53325089	5.196128396	7.270620715							0	0	0	-872.40606	0.00131377197	-41591.6267336506	
872.32606	88	5	7	0.0444882659	0.001311851079	98.62139166	0.5361213149	0.8424870251	87.51868579	5.202249661	7.279064544							0	0	0	-872.32606	0.001311851079	-41703.2739619806	
872.24606	88	5	7	0.04577793695	0.001309935327	98.61945956	0.5368888574	0.8436515844	87.50412543	5.208368997	7.287505575							0	0	0	-872.24606	0.001309935327	-41815.0961808933	
872.16606	88	5	7	0.0470640337	0.001308024696	98.6175269	0.5376567446	0.8448163575	87.48956979	5.214486405	7.295943807							0	0	0	-872.16606	0.001308024696	-41927.091021837	
872.08606	88	5	7	0.0483465708	0.001306119165	98.61559368	0.5384249771	0.8459813445	87.47501887	5.220601885	7.304379243							0	0	0	-872.08606	0.001306119165	-42039.2456810573	
872.00606	88	5	7	0.04962556278	0.001304218715	98.6136599	0.5391935555	0.8471465457	87.46047268	5.226715438	7.312811883							0	0	0	-872.00606	0.001304218715	-42151.5799905874	
871.92606	88	5	7	0.05090102413	0.001302323327	98.61172556	0.5399624806	0.8483119612	87.44593121	5.232827064	7.321241729							0	0	0	-871.92606	0.001302323327	-42264.0695644983	
871.84606	88	5	7	0.05217296924	0.00130043298	98.60979066	0.540731753	0.8494775913	87.43139445	5.238936764	7.329668782							0	0	0	-871.84606	0.00130043298	-42376.7123122141	
871.76606	88	5	7	0.05344141242	0.001298547655	98.60785519	0.5415013733	0.8506434362	87.41686242	5.245044538	7.338093043							0	0	0	-871.76606	0.001298547655	-42489.5510069313	
871.68606	88	5	7	0.05470636792	0.001296667335	98.60591916	0.5422713423	0.8518094961	87.4023351	5.251150387	7.346514513							0	0	0	-871.68606	0.001296667335	-42602.5495212207	
871.60606	88	5	7	0.05596784991	0.001294791998	98.60398257	0.5430416606	0.8529757712	87.38781249	5.257254311	7.354933194							0	0	0	-871.60606	0.001294791998	-42715.7062072222	
871.52606	88	5	7	0.05722587246	0.001292921627	98.60204541	0.5438123289	0.8541422616	87.3732946	5.263356311	7.363349087							0	0	0	-871.52606	0.001292921627	-42829.0412295775	
871.44606	88	5	7	0.05848044961	0.001291056202	98.60010768	0.5445833478	0.8553089676	87.35878142	5.269456387	7.371762193							0	0	0	-871.44606	0.001291056202	-42942.5298273609	
871.36606	88	5	7	0.05973159528	0.001289195704	98.59816939	0.545354718	0.8564758895	87.34427295	5.275554539	7.380172513							0	0	0	-871.36606	0.001289195704	-43056.2044724124	
871.28606	88	5	7	0.06097932334	0.001287340116	98.59623053	0.5461264402	0.8576430273	87.32976918	5.281650769	7.388580048							0	0	0	-871.28606	0.001287340116	-43170.0513790281	
871.20606	88	5	7	0.0622236476	0.001285489418	98.5942911	0.5468985151	0.8588103813	87.31527012	5.287745076	7.396984801							0	0	0	-871.20606	0.001285489418	-43284.0453257817	
871.12606	88	5	7	0.06346458176	0.001283643591	98.59235111	0.5476709433	0.8599779516	87.30077577	5.293837461	7.405386772							0	0	0	-871.12606	0.001283643591	-43398.2192391686	
871.04606	88	5	7	0.06470213947	0.001281802618	98.59041054	0.5484437254	0.8611457386	87.28628611	5.299927925	7.413785961							0	0	0	-871.04606	0.001281802618	-43512.5590496407	
870.96606	88	5	7	0.06593633432	0.001279966479	98.5884694	0.5492168623	0.8623137424	87.27180116	5.306016469	7.422182372							0	0	0	-870.96606	0.001279966479	-43627.0629852909	
870.88606	88	5	7	0.0671671798	0.001278135157	98.58652768	0.5499903545	0.8634819632	87.2573209	5.312103092	7.430576004							0	0	0	-870.88606	0.001278135157	-43741.7525372798	
870.80606	88	5	7	0.06839468935	0.001276308634	98.5845854	0.5507642026	0.8646504012	87.24284535	5.318187795	7.438966859							0	0	0	-870.80606	0.001276308634	-43856.6018295665	
870.72606	88	5	7	0.06961887633	0.001274486891	98.58264254	0.5515384075	0.8658190566	87.22837448	5.324270578	7.447354939							0	0	0	-870.72606	0.001274486891	-43971.620894054	
870.64606	88	5	7	0.07083975403	0.001272669911	98.5806991	0.5523129696	0.8669879296	87.21390831	5.330351443	7.455740244							0	0	0	-870.64606	0.001272669911	-44086.8073937368	
870.56606	88	5	7	0.07205733567	0.001270857675	98.57875509	0.5530878898	0.8681570204	87.19944683	5.33643039	7.464122777							0	0	0	-870.56606	0.001270857675	-44202.159465704	
870.48606	88	5	7	0.07327163441	0.001269050166	98.5768105	0.5538631687	0.8693263293	87.18499004	5.342507419	7.472502537							0	0	0	-870.48606	0.001269050166	-44317.6870460449	
870.40606	88	5	7	0.07448266332	0.001267247366	98.57486534	0.5546388069	0.8704958564	87.17053794	5.348582531	7.480879527							0	0	0	-870.40606	0.001267247366	-44433.3882741999	
870.32606	88	5	7	0.07569043544	0.001265449258	98.57291959	0.5554148052	0.8716656018	87.15609053	5.354655726	7.489253747							0	0	0	-870.32606	0.001265449258	-44549.2485337174	
870.24606	88	5	7	0.0768949637	0.001263655823	98.57097327	0.5561911641	0.872835566	87.1416478	5.360727005	7.4976252							0	0	0	-870.24606	0.001263655823	-44665.2783710745	
870.16606	88	5	7	0.07809626098	0.001261867045	98.56902637	0.5569678844	0.8740057489	87.12720975	5.366796368	7.505993885							0	0	0	-870.16606	0.001261867045	-44781.4879139571	
870.08606	88	5	7	0.0792943401	0.001260082906	98.56707888	0.5577449668	0.8751761509	87.11277638	5.372863816	7.514359806							0	0	0	-870.08606	0.001260082906	-44897.8628389917	
870.00606	88	5	7	0.0804892138	0.001258303389	98.56513082	0.5585224118	0.8763467721	87.09834769	5.37892935	7.522722962							0	0	0	-870.00606	0.001258303389	-45014.4008702194	
869.92606	88	5	7	0.08168089477	0.001256528476	98.56318217	0.5593002203	0.8775176128	87.08392368	5.384992969	7.531083355							0	0	0	-869.92606	0.001256528476	-45131.1255530669	
869.84606	88	5	7	0.08286939561	0.001254758152	98.56123293	0.5600783928	0.8786886731	87.06950434	5.391054675	7.539440987							0	0	0	-869.84606	0.001254758152	-45248.0089544344	
869.76606	88	5	7	0.08405472888	0.001252992397	98.55928312	0.56085693	0.8798599533	87.05508967	5.397114468	7.547795858							0	0	0	-869.76606	0.001252992397	-45365.0624227881	
869.68606	88	5	7	0.08523690707	0.001251231197	98.55733271	0.5616358326	0.8810314535	87.04067968	5.403172349	7.556147971							0	0	0	-869.68606	0.001251231197	-45482.2960845676	
869.60606	88	5	7	0.08641594258	0.001249474533	98.55538172	0.5624151013	0.882203174	87.02627436	5.409228318	7.564497326							0	0	0	-869.60606	0.001249474533	-45599.6825750739	
869.52606	88	5	7	0.08759184778	0.001247722389	98.55343015	0.5631947367	0.883375115	87.0118737	5.415282375	7.572843924							0	0	0	-869.52606	0.001247722389	-45717.2585470064	
869.44606	88	5	7	0.08876463496	0.001245974749	98.55147798	0.5639747396	0.8845472766	86.99747771	5.421334522	7.581187768							0	0	0	-869.44606	0.001245974749	-45834.9958406701	
869.36606	88	5	7	0.08993431635	0.001244231595	98.54952523	0.5647551105	0.8857196591	86.98308638	5.427384759	7.589528857							0	0	0	-869.36606	0.001244231595	-45952.8925269596	
869.28606	88	5	7	0.09110090411	0.001242492911	98.54757189	0.5655358502	0.8868922626	86.96869972	5.433433086	7.597867194							0	0	0	-869.28606	0.001242492911	-46070.9861066574	
869.20606	88	5	7	0.09226441035	0.001240758682	98.54561795	0.5663169594	0.8880650875	86.95431772	5.439479504	7.606202781							0	0	0	-869.20606	0.001240758682	-46189.2479898659	
869.12606	88	5	7	0.0934248471	0.00123902889	98.54366343	0.5670984386	0.8892381338	86.93994037	5.445524013	7.614535617							0	0	0	-869.12606	0.00123902889	-46307.6630270387	
869.04606	88	5	7	0.09458222635	0.001237303519	98.54170831	0.5678802886	0.8904114018	86.92556768	5.451566614	7.622865705							0	0	0	-869.04606	0.001237303519	-46426.2421596924	
868.96606	88	5	7	0.09573656002	0.001235582552	98.5397526	0.5686625101	0.8915848918	86.91119965	5.457607309	7.631193046							0	0	0	-868.96606	0.001235582552	-46545.0105933303	
868.88606	88	5	7	0.09688785995	0.001233865975	98.53779629	0.5694451037	0.8927586038	86.89683626	5.463646096	7.63951764							0	0	0	-868.88606	0.001233865975	-46663.966147515	
868.80606	88	5	7	0.09803613796	0.001232153771	98.53583939	0.5702280702	0.8939325381	86.88247753	5.469682977	7.647839491							0	0	0	-868.80606	0.001232153771	-46783.0661966555	
868.72606	88	5	7	0.09918140577	0.001230445923	98.53388189	0.5710114101	0.8951066949	86.86812345	5.475717952	7.656158598							0	0	0	-868.72606	0.001230445923	-46902.3497455838	
868.64606	88	5	7	0.1003236751	0.001228742417	98.5319238	0.5717951242	0.8962810745	86.85377401	5.481751022	7.664474964							0	0	0	-868.64606	0.001228742417	-47021.8145207345	
868.56606	88	5	7	0.1014629574	0.001227043236	98.52996511	0.5725792131	0.897455677	86.83942922	5.487782188	7.672788588							0	0	0	-868.56606	0.001227043236	-47141.4311392245	
868.48606	88	5	7	0.1025992645	0.001225348364	98.52800582	0.5733636775	0.8986305026	86.82508908	5.49381145	7.681099474							0	0	0	-868.48606	0.001225348364	-47261.2251854291	
868.40606	88	5	7	0.1037326077	0.001223657786	98.52604593	0.5741485181	0.8998055515	86.81075357	5.499838808	7.689407622							0	0	0	-868.40606	0.001223657786	-47381.1945744424	
868.32606	88	5	7	0.1048629985	0.001221971486	98.52408544	0.5749337355	0.900980824	86.7964227	5.505864264	7.697713034							0	0	0	-868.32606	0.001221971486	-47501.3374749979	
868.24606	88	5	7	0.1059904483	0.001220289449	98.52212435	0.5757193305	0.9021563202	86.78209647	5.511887817	7.70601571							0	0	0	-868.24606	0.001220289449	-47621.6517417487	
868.16606	88	5	7	0.1071149684	0.001218611659	98.52016266	0.5765053037	0.9033320403	86.76777488	5.517909469	7.714315652							0	0	0	-868.16606	0.001218611659	-47742.1498027413	
868.08606	88	5	7	0.1082365701	0.001216938102	98.51820036	0.5772916558	0.9045079846	86.75345792	5.52392922	7.722612862							0	0	0	-868.08606	0.001216938102	-47862.8151339693	
868.00606	88	5	7	0.1093552645	0.001215268761	98.51623746	0.5780783875	0.9056841533	86.73914559	5.529947071	7.730907341							0	0	0	-868.00606	0.001215268761	-47983.63161311	
867.92606	88	5	7	0.1104710629	0.001213603621	98.51427395	0.5788654994	0.9068605465	86.72483789	5.535963021	7.739199091							0	0	0	-867.92606	0.001213603621	-48104.6402170093	
867.84606	88	5	7	0.1115839764	0.001211942668	98.51230984	0.5796529922	0.9080371645	86.71053482	5.541977073	7.747488112							0	0	0	-867.84606	0.001211942668	-48225.8244747273	
867.76606	88	5	7	0.1126940159	0.001210285886	98.51034513	0.5804408666	0.9092140075	86.69623637	5.547989226	7.755774406							0	0	0	-867.76606	0.001210285886	-48347.1680320349	
867.68606	88	5	7	0.1138011925	0.00120863326	98.5083798	0.5812291233	0.9103910757	86.68194255	5.553999481	7.764057974							0	0	0	-867.68606	0.00120863326	-48468.6980414519	
867.60606	88	5	7	0.1149055171	0.001206984776	98.50641387	0.5820177629	0.9115683692	86.66765334	5.560007838	7.772338818							0	0	0	-867.60606	0.001206984776	-48590.4125538714	
867.52606	88	5	7	0.1160070006	0.001205340419	98.50444733	0.5828067862	0.9127458884	86.65336876	5.566014298	7.780616939							0	0	0	-867.52606	0.001205340419	-48712.2800774847	
867.44606	88	5	7	0.1171056538	0.001203700173	98.50248017	0.5835961937	0.9139236334	86.6390888	5.572018863	7.788892338							0	0	0	-867.44606	0.001203700173	-48834.3134355651	
867.36606	88	5	7	0.1182014875	0.001202064024	98.50051241	0.5843859863	0.9151016043	86.62481345	5.578021532	7.797165018							0	0	0	-867.36606	0.001202064024	-48956.5403272273	
867.28606	88	5	7	0.1192945124	0.001200431958	98.49854403	0.5851761645	0.9162798015	86.61054272	5.584022306	7.805434978							0	0	0	-867.28606	0.001200431958	-49078.9439302018	
867.20606	88	5	7	0.1203847391	0.00119880396	98.49657505	0.5859667291	0.9174582251	86.59627659	5.590021185	7.813702221							0	0	0	-867.20606	0.00119880396	-49201.5072436698	
867.12606	88	5	7	0.1214721783	0.001197180015	98.49460544	0.5867576807	0.9186368753	86.58201508	5.596018171	7.821966748							0	0	0	-867.12606	0.001197180015	-49324.2433479051	
867.04606	88	5	7	0.1225568405	0.001195560109	98.49263523	0.58754902	0.9198157524	86.56775818	5.602013263	7.830228561							0	0	0	-867.04606	0.001195560109	-49447.1654450262	
866.96606	88	5	7	0.1236387363	0.001193944228	98.4906644	0.5883407476	0.9209948565	86.55350588	5.608006463	7.83848766							0	0	0	-866.96606	0.001193944228	-49570.2562960305	
866.88606	88	5	7	0.124717876	0.001192332357	98.48869295	0.5891328644	0.9221741879	86.53925818	5.613997772	7.846744047							0	0	0	-866.88606	0.001192332357	-49693.5139913144	
866.80606	88	5	7	0.1257942702	0.001190724482	98.48672088	0.5899253708	0.9233537467	86.52501509	5.619987188	7.854997724							0	0	0	-866.80606	0.001190724482	-49816.9518740103	
866.72606	88	5	7	0.126867929	0.001189120589	98.4847482	0.5907182677	0.9245335332	86.51077659	5.625974715	7.863248691							0	0	0	-866.72606	0.001189120589	-49940.568053712	
866.64606	88	5	7	0.1279388629	0.001187520664	98.4827749	0.5915115557	0.9257135476	86.4965427	5.631960351	7.871496951							0	0	0	-866.64606	0.001187520664	-50064.376354833	
866.56606	88	5	7	0.129007082	0.001185924694	98.48080097	0.5923052355	0.92689379	86.4823134	5.637944098	7.879742505							0	0	0	-866.56606	0.001185924694	-50188.3432670983	
866.48606	88	5	7	0.1300725967	0.001184332663	98.47882643	0.5930993078	0.9280742607	86.46808869	5.643925956	7.887985353							0	0	0	-866.48606	0.001184332663	-50312.4670479297	
866.40606	88	5	7	0.1311354169	0.001182744558	98.47685127	0.5938937732	0.92925496	86.45386858	5.649905926	7.896225498							0	0	0	-866.40606	0.001182744558	-50436.7769458127	
866.32606	88	5	7	0.1321955529	0.001181160365	98.47487548	0.5946886324	0.9304358879	86.43965305	5.655884009	7.904462941							0	0	0	-866.32606	0.001181160365	-50561.2713188906	
866.24606	88	5	7	0.1332530146	0.001179580071	98.47289907	0.5954838861	0.9316170447	86.42544211	5.661860204	7.912697683							0	0	0	-866.24606	0.001179580071	-50685.9320485814	
866.16606	88	5	7	0.1343078121	0.001178003661	98.47092203	0.596279535	0.9327984307	86.41123576	5.667834514	7.920929726							0	0	0	-866.16606	0.001178003661	-50810.7735749728	
866.08606	88	5	7	0.1353599552	0.001176431123	98.46894437	0.5970755798	0.933980046	86.39703399	5.673806938	7.929159071							0	0	0	-866.08606	0.001176431123	-50935.7935410652	
866.00606	88	5	7	0.136409454	0.001174862442	98.46696609	0.5978720212	0.9351618908	86.3828368	5.679777477	7.937385719							0	0	0	-866.00606	0.001174862442	-51060.9905144079	
865.92606	88	5	7	0.1374563183	0.001173297606	98.46498717	0.5986688598	0.9363439653	86.3686442	5.685746131	7.945609672							0	0	0	-865.92606	0.001173297606	-51186.3620785697	
865.84606	88	5	7	0.1385005578	0.0011717366	98.46300763	0.5994660963	0.9375262699	86.35445617	5.691712903	7.953830932							0	0	0	-865.84606	0.0011717366	-51311.890212044	
865.76606	88	5	7	0.1395421823	0.001170179411	98.46102746	0.6002637314	0.9387088045	86.34027271	5.697677791	7.962049499							0	0	0	-865.76606	0.001170179411	-51437.6055916317	
865.68606	88	5	7	0.1405812016	0.001168626026	98.45904666	0.6010617658	0.9398915696	86.32609383	5.703640797	7.970265375							0	0	0	-865.68606	0.001168626026	-51563.5064368453	
865.60606	88	5	7	0.1416176252	0.001167076432	98.45706523	0.6018602002	0.9410745652	86.31191952	5.709601921	7.978478562							0	0	0	-865.60606	0.001167076432	-51689.5909402334	
865.52606	88	5	7	0.1426514629	0.001165530616	98.45508317	0.6026590352	0.9422577916	86.29774978	5.715561164	7.986689061							0	0	0	-865.52606	0.001165530616	-51815.8404051376	
865.44606	88	5	7	0.1436827241	0.001163988564	98.45310048	0.6034582716	0.943441249	86.2835846	5.721518527	7.994896873							0	0	0	-865.44606	0.001163988564	-51942.2528873597	
865.36606	88	5	7	0.1447114184	0.001162450263	98.45111715	0.60425791	0.9446249376	86.26942399	5.72747401	8.003102							0	0	0	-865.36606	0.001162450263	-52068.86014061	
865.28606	88	5	7	0.1457375552	0.001160915701	98.44913319	0.6050579511	0.9458088576	86.25526794	5.733427614	8.011304443							0	0	0	-865.28606	0.001160915701	-52195.6432195991	
865.20606	88	5	7	0.1467611441	0.001159384864	98.4471486	0.6058583957	0.9469930092	86.24111646	5.739379339	8.019504204							0	0	0	-865.20606	0.001159384864	-52322.583316088	
865.12606	88	5	7	0.1477821943	0.001157857739	98.44516336	0.6066592443	0.9481773927	86.22696953	5.745329187	8.027701284							0	0	0	-865.12606	0.001157857739	-52449.7125954437	
865.04606	88	5	7	0.1488007152	0.001156334314	98.44317749	0.6074604976	0.9493620082	86.21282716	5.751277158	8.035895685							0	0	0	-865.04606	0.001156334314	-52577.0291397766	
864.96606	88	5	7	0.1498167162	0.001154814576	98.44119099	0.6082621564	0.9505468559	86.19868934	5.757223253	8.044087407							0	0	0	-864.96606	0.001154814576	-52704.5313383529	
864.88606	88	5	7	0.1508302064	0.001153298513	98.43920384	0.6090642214	0.9517319361	86.18455608	5.763167471	8.052276453							0	0	0	-864.88606	0.001153298513	-52832.1996895298	
864.80606	88	5	7	0.151841195	0.001151786111	98.43721606	0.6098666932	0.952917249	86.17042736	5.769109815	8.060462824							0	0	0	-864.80606	0.001151786111	-52960.0148310875	
864.72606	88	5	7	0.1528496913	0.001150277357	98.43522763	0.6106695725	0.9541027948	86.15630319	5.775050284	8.068646521							0	0	0	-864.72606	0.001150277357	-53088.0273250242	
864.64606	88	5	7	0.1538557043	0.00114877224	98.43323857	0.61147286	0.9552885736	86.14218357	5.78098888	8.076827546							0	0	0	-864.64606	0.00114877224	-53216.2529850299	
864.56606	88	5	7	0.154859243	0.001147270748	98.43124886	0.6122765564	0.9564745857	86.1280685	5.786925603	8.0850059							0	0	0	-864.56606	0.001147270748	-53344.6190964322	
864.48606	88	5	7	0.1558603167	0.001145772866	98.42925851	0.6130806623	0.9576608314	86.11395796	5.792860453	8.093181585							0	0	0	-864.48606	0.001145772866	-53473.1596320654	
864.40606	88	5	7	0.1568589341	0.001144278584	98.42726751	0.6138851786	0.9588473107	86.09985197	5.798793432	8.101354601							0	0	0	-864.40606	0.001144278584	-53601.8717650327	
864.32606	88	5	7	0.1578551043	0.001142787887	98.42527587	0.6146901058	0.960034024	86.08575051	5.804724539	8.109524951							0	0	0	-864.32606	0.001142787887	-53730.7724905246	
864.24606	88	5	7	0.1588488361	0.001141300766	98.42328358	0.6154954446	0.9612209715	86.07165359	5.810653777	8.117692636							0	0	0	-864.24606	0.001141300766	-53859.8954419424	
864.16606	88	5	7	0.1598401385	0.001139817208	98.42129065	0.6163011957	0.9624081532	86.0575612	5.816581144	8.125857658							0	0	0	-864.16606	0.001139817208	-53989.166826363	
864.08606	88	5	7	0.1608290202	0.0011383372	98.41929707	0.6171073599	0.9635955696	86.04347334	5.822506643	8.134020017							0	0	0	-864.08606	0.0011383372	-54118.6026972801	
864.00606	88	5	7	0.16181549	0.00113686073	98.41730284	0.6179139378	0.9647832207	86.02939001	5.828430274	8.142179716							0	0	0	-864.00606	0.00113686073	-54248.2192546596	
863.92606	88	5	7	0.1627995566	0.001135387786	98.41530796	0.6187209301	0.9659711068	86.01531121	5.834352037	8.150336756							0	0	0	-863.92606	0.001135387786	-54378.0146281367	
863.84606	88	5	7	0.1637812288	0.001133918356	98.41331243	0.6195283374	0.967159228	86.00123693	5.840271933	8.158491137							0	0	0	-863.84606	0.001133918356	-54508.0055786855	
863.76606	88	5	7	0.1647605151	0.001132452429	98.41131625	0.6203361606	0.9683475847	85.98716717	5.846189963	8.166642863							0	0	0	-863.76606	0.001132452429	-54638.1715245184	
863.68606	88	5	7	0.1657374242	0.001130989992	98.40931942	0.6211444002	0.969536177	85.97310194	5.852106128	8.174791934							0	0	0	-863.68606	0.001130989992	-54768.4920339319	
863.60606	88	5	7	0.1667119646	0.001129531033	98.40732194	0.621953057	0.9707250051	85.95904122	5.858020427	8.182938351							0	0	0	-863.60606	0.001129531033	-54899.0025359679	
863.52606	88	5	7	0.1676841449	0.001128075541	98.4053238	0.6227621316	0.9719140692	85.94498502	5.863932863	8.191082116							0	0	0	-863.52606	0.001128075541	-55029.701115429	
863.44606	88	5	7	0.1686539736	0.001126623504	98.40332501	0.6235716248	0.9731033696	85.93093333	5.869843435	8.199223231							0	0	0	-863.44606	0.001126623504	-55160.5861899701	
863.36606	88	5	7	0.169621459	0.001125174911	98.40132556	0.6243815372	0.9742929065	85.91688616	5.875752145	8.207361698							0	0	0	-863.36606	0.001125174911	-55291.6557915287	
863.28606	88	5	7	0.1705866097	0.00112372975	98.39932545	0.6251918695	0.97548268	85.90284349	5.881658993	8.215497516							0	0	0	-863.28606	0.00112372975	-55422.8697093632	
863.20606	88	5	7	0.171549434	0.001122288008	98.39732469	0.6260026225	0.9766726904	85.88880533	5.887563979	8.223630689							0	0	0	-863.20606	0.001122288008	-55554.283880385	
863.12606	88	5	7	0.1725099401	0.001120849676	98.39532327	0.6268137968	0.9778629379	85.87477168	5.893467105	8.231761217							0	0	0	-863.12606	0.001120849676	-55685.8959820003	
863.04606	88	5	7	0.1734681365	0.001119414741	98.39332118	0.627625393	0.9790534227	85.86074253	5.899368371	8.239889102							0	0	0	-863.04606	0.001119414741	-55817.6659992437	
862.96606	88	5	7	0.1744240313	0.001117983192	98.39131844	0.628437412	0.980244145	85.84671788	5.905267778	8.248014345							0	0	0	-862.96606	0.001117983192	-55949.6110265636	
862.88606	88	5	7	0.1753776327	0.001116555017	98.38931504	0.6292498544	0.981435105	85.83269773	5.911165326	8.256136949							0	0	0	-862.88606	0.001116555017	-56081.7490519969	
862.80606	88	5	7	0.176328949	0.001115130206	98.38731098	0.6300627208	0.982626303	85.81868207	5.917061017	8.264256913							0	0	0	-862.80606	0.001115130206	-56214.0581675235	
862.72606	88	5	7	0.1772779882	0.001113708746	98.38530625	0.6308760121	0.9838177391	85.80467091	5.92295485	8.272374241							0	0	0	-862.72606	0.001113708746	-56346.5568676881	
862.64606	88	5	7	0.1782247585	0.001112290628	98.38330086	0.6316897288	0.9850094136	85.79066424	5.928846828	8.280488933							0	0	0	-862.64606	0.001112290628	-56479.2426610961	
862.56606	88	5	7	0.1791692679	0.001110875839	98.3812948	0.6325038717	0.9862013267	85.77666206	5.934736949	8.288600991							0	0	0	-862.56606	0.001110875839	-56612.0944002058	
862.48606	88	5	7	0.1801115245	0.001109464369	98.37928808	0.6333184414	0.9873934786	85.76266437	5.940625216	8.296710416							0	0	0	-862.48606	0.001109464369	-56745.1296617365	
862.40606	88	5	7	0.1810515361	0.001108056206	98.37728069	0.6341334388	0.9885858694	85.74867116	5.946511629	8.30481721							0	0	0	-862.40606	0.001108056206	-56878.3469996682	
862.32606	88	5	7	0.1819893109	0.00110665134	98.37527264	0.6349488643	0.9897784995	85.73468244	5.952396188	8.312921375							0	0	0	-862.32606	0.00110665134	-57011.7441866529	
862.24606	88	5	7	0.1829248566	0.001105249759	98.37326391	0.6357647189	0.990971369	85.72069819	5.958278895	8.321022911							0	0	0	-862.24606	0.001105249759	-57145.3197277291	
862.16606	88	5	7	0.1838581811	0.001103851453	98.37125452	0.6365810031	0.9921644782	85.70671843	5.96415975	8.329121821							0	0	0	-862.16606	0.001103851453	-57279.0919423338	
862.08606	88	5	7	0.1847892924	0.001102456411	98.36924446	0.6373977176	0.9933578272	85.69274314	5.970038753	8.337218105							0	0	0	-862.08606	0.001102456411	-57413.0386847831	
862.00606	88	5	7	0.1857181981	0.001101064622	98.36723372	0.6382148632	0.9945514162	85.67877233	5.975915906	8.345311766							0	0	0	-862.00606	0.001101064622	-57547.1787973985	
861.92606	88	5	7	0.1866449061	0.001099676076	98.36522231	0.6390324405	0.9957452456	85.66480599	5.981791209	8.353402804							0	0	0	-861.92606	0.001099676076	-57681.468615362	
861.84606	88	5	7	0.1875694241	0.00109829076	98.36321023	0.6398504503	0.9969393154	85.65084411	5.987664664	8.361491222							0	0	0	-861.84606	0.00109829076	-57815.9484012408	
861.76606	88	5	7	0.1884917597	0.001096908666	98.36119748	0.6406688932	0.998133626	85.63688671	5.993536269	8.369577021							0	0	0	-861.76606	0.001096908666	-57950.6365311102	
861.68606	88	5	7	0.1894119207	0.001095529782	98.35918405	0.6414877699	0.9993281775	85.62293377	5.999406027	8.377660202							0	0	0	-861.68606	0.001095529782	-58085.4899427532	
861.60606	88	5	7	0.1903299146	0.001094154098	98.35716995	0.6423070812	1.00052297	85.60898529	6.005273939	8.385740767							0	0	0	-861.60606	0.001094154098	-58220.5274449347	
861.52606	88	5	7	0.1912457491	0.001092781603	98.35515517	0.6431268277	1.001718004	85.59504128	6.011140004	8.393818717							0	0	0	-861.52606	0.001092781603	-58355.7260364217	
861.44606	88	5	7	0.1921594317	0.001091412286	98.35313971	0.6439470102	1.00291328	85.58110172	6.017004224	8.401894054							0	0	0	-861.44606	0.001091412286	-58491.1265433744	
861.36606	88	5	7	0.1930709698	0.001090046138	98.35112357	0.6447676293	1.004108797	85.56716662	6.022866599	8.409966779							0	0	0	-861.36606	0.001090046138	-58626.7270007305	
861.28606	88	5	7	0.1939803711	0.001088683148	98.34910676	0.6455886857	1.005304556	85.55323597	6.02872713	8.418036895							0	0	0	-861.28606	0.001088683148	-58762.4828501834	
861.20606	88	5	7	0.1948876429	0.001087323305	98.34708926	0.6464101802	1.006500558	85.53930978	6.034585818	8.426104402							0	0	0	-861.20606	0.001087323305	-58898.4354386028	
861.12606	88	5	7	0.1957927927	0.0010859666	98.34507109	0.6472321134	1.007696802	85.52538803	6.040442664	8.434169301							0	0	0	-861.12606	0.0010859666	-59034.582723662	
861.04606	88	5	7	0.1966958279	0.001084613022	98.34305223	0.6480544861	1.008893288	85.51147074	6.046297668	8.442231595							0	0	0	-861.04606	0.001084613022	-59170.8794736286	
860.96606	88	5	7	0.1975967557	0.00108326256	98.34103268	0.6488772989	1.010090017	85.49755788	6.052150831	8.450291285							0	0	0	-860.96606	0.00108326256	-59307.3675612289	
860.88606	88	5	7	0.1984955835	0.001081915205	98.33901246	0.6497005526	1.01128699	85.48364947	6.058002154	8.458348373							0	0	0	-860.88606	0.001081915205	-59444.0670521653	
860.80606	88	5	7	0.1993923186	0.001080570947	98.33699155	0.6505242478	1.012484206	85.4697455	6.063851638	8.466402859							0	0	0	-860.80606	0.001080570947	-59580.9321359022	
860.72606	88	5	7	0.2002869682	0.001079229775	98.33496995	0.6513483852	1.013681665	85.45584597	6.069699282	8.474454746							0	0	0	-860.72606	0.001079229775	-59717.9609448332	
860.64606	88	5	7	0.2011795396	0.001077891679	98.33294767	0.6521729656	1.014879368	85.44195088	6.075545089	8.482504035							0	0	0	-860.64606	0.001077891679	-59855.1961653974	
860.56606	88	5	7	0.2020700399	0.00107655665	98.3309247	0.6529979897	1.016077315	85.42806021	6.081389059	8.490550728							0	0	0	-860.56606	0.00107655665	-59992.6134873825	
860.48606	88	5	7	0.2029584763	0.001075224677	98.32890104	0.6538234581	1.017275506	85.41417398	6.087231192	8.498594826							0	0	0	-860.48606	0.001075224677	-60130.2114823078	
860.40606	88	5	7	0.2038448559	0.001073895751	98.32687669	0.6546493716	1.018473941	85.40029218	6.09307149	8.50663633							0	0	0	-860.40606	0.001073895751	-60267.9878718942	
860.32606	88	5	7	0.2047291858	0.001072569861	98.32485165	0.6554757309	1.019672621	85.38641481	6.098909952	8.514675243							0	0	0	-860.32606	0.001072569861	-60405.9640901779	
860.24606	88	5	7	0.205611473	0.001071246999	98.32282592	0.6563025366	1.020871546	85.37254185	6.104746581	8.522711565							0	0	0	-860.24606	0.001071246999	-60544.1148956443	
860.16606	88	5	7	0.2064917246	0.001069927153	98.32079949	0.6571297895	1.022070715	85.35867333	6.110581376	8.530745298							0	0	0	-860.16606	0.001069927153	-60682.4391835131	
860.08606	88	5	7	0.2073699475	0.001068610315	98.31877238	0.6579574904	1.02327013	85.34480922	6.116414338	8.538776444							0	0	0	-860.08606	0.001068610315	-60820.980599949	
860.00606	88	5	7	0.2082461488	0.001067296475	98.31674457	0.6587856398	1.024469791	85.33094953	6.122245469	8.546805005							0	0	0	-860.00606	0.001067296475	-60959.6915447685	
859.92606	88	5	7	0.2091203352	0.001065985623	98.31471606	0.6596142385	1.025669697	85.31709425	6.128074768	8.554830981							0	0	0	-859.92606	0.001065985623	-61098.5700023687	
859.84606	88	5	7	0.2099925138	0.001064677749	98.31268686	0.6604432872	1.026869849	85.30324339	6.133902238	8.562854374							0	0	0	-859.84606	0.001064677749	-61237.6374752613	
859.76606	88	5	7	0.2108626914	0.001063372844	98.31065697	0.6612727866	1.028070247	85.28939694	6.139727877	8.570875187							0	0	0	-859.76606	0.001063372844	-61376.8920030122	
859.68606	88	5	7	0.2117308748	0.001062070898	98.30862637	0.6621027375	1.029270891	85.27555489	6.145551688	8.57889342							0	0	0	-859.68606	0.001062070898	-61516.3320269823	
859.60606	88	5	7	0.2125970709	0.001060771902	98.30659508	0.6629331405	1.030471782	85.26171725	6.151373671	8.586909075							0	0	0	-859.60606	0.001060771902	-61655.9794033192	
859.52606	88	5	7	0.2134612863	0.001059475847	98.30456308	0.6637639963	1.031672919	85.24788402	6.157193826	8.594922153							0	0	0	-859.52606	0.001059475847	-61795.8086598106	
859.44606	88	5	7	0.2143235279	0.001058182723	98.30253039	0.6645953057	1.032874304	85.23405519	6.163012155	8.602932657							0	0	0	-859.44606	0.001058182723	-61935.7940841443	
859.36606	88	5	7	0.2151838024	0.00105689252	98.300497	0.6654270694	1.034075935	85.22023076	6.168828658	8.610940587							0	0	0	-859.36606	0.00105689252	-62075.9576740296	
859.28606	88	5	7	0.2160421164	0.001055605229	98.2984629	0.666259288	1.035277814	85.20641072	6.174643336	8.618945945							0	0	0	-859.28606	0.001055605229	-62216.3459217432	
859.20606	88	5	7	0.2168984766	0.001054320842	98.2964281	0.6670919623	1.036479941	85.19259508	6.18045619	8.626948733							0	0	0	-859.20606	0.001054320842	-62356.9085214093	
859.12606	88	5	7	0.2177528897	0.001053039348	98.29439259	0.667925093	1.037682315	85.17878383	6.186267221	8.634948953							0	0	0	-859.12606	0.001053039348	-62497.6441866808	
859.04606	88	5	7	0.2186053621	0.001051760739	98.29235638	0.6687586807	1.038884938	85.16497697	6.192076429	8.642946605							0	0	0	-859.04606	0.001051760739	-62638.5995561944	
858.96606	88	5	7	0.2194559005	0.001050485006	98.29031947	0.6695927263	1.040087809	85.15117449	6.197883815	8.650941691							0	0	0	-858.96606	0.001050485006	-62779.6992883313	
858.88606	88	5	7	0.2203045115	0.001049212138	98.28828184	0.6704272305	1.041290928	85.13737641	6.20368938	8.658934214							0	0	0	-858.88606	0.001049212138	-62920.9911862338	
858.80606	88	5	7	0.2211512014	0.001047942128	98.28624351	0.6712621938	1.042494296	85.1235827	6.209493124	8.666924173							0	0	0	-858.80606	0.001047942128	-63062.497619205	
858.72606	88	5	7	0.2219959769	0.001046674966	98.28420447	0.6720976171	1.043697913	85.10979338	6.21529505	8.674911572							0	0	0	-858.72606	0.001046674966	-63204.1676989025	
858.64606	88	5	7	0.2228388443	0.001045410643	98.28216472	0.6729335011	1.044901778	85.09600843	6.221095156	8.682896412							0	0	0	-858.64606	0.001045410643	-63346.0243013501	
858.56606	88	5	7	0.2236798101	0.00104414915	98.28012426	0.6737698464	1.046105894	85.08222786	6.226893444	8.690878693							0	0	0	-858.56606	0.00104414915	-63488.0909506639	
858.48606	88	5	7	0.2245188807	0.001042890479	98.27808309	0.6746066538	1.047310259	85.06845167	6.232689916	8.698858419							0	0	0	-858.48606	0.001042890479	-63630.3151189033	
858.40606	88	5	7	0.2253560624	0.001041634619	98.2760412	0.6754439241	1.048514873	85.05467984	6.238484571	8.706835589							0	0	0	-858.40606	0.001041634619	-63772.7208484126	
858.32606	88	5	7	0.2261913615	0.001040381563	98.2739986	0.6762816578	1.049719738	85.04091238	6.24427741	8.714810207							0	0	0	-858.32606	0.001040381563	-63915.3566715229	
858.24606	88	5	7	0.2270247844	0.001039131302	98.27195529	0.6771198558	1.050924853	85.02714929	6.250068434	8.722782272							0	0	0	-858.24606	0.001039131302	-64058.1445681034	
858.16606	88	5	7	0.2278563374	0.001037883826	98.26991126	0.6779585187	1.052130218	85.01339057	6.255857645	8.730751788							0	0	0	-858.16606	0.001037883826	-64201.1342751225	
858.08606	88	5	7	0.2286860267	0.001036639128	98.26786652	0.6787976473	1.053335834	84.9996362	6.261645042	8.738718755							0	0	0	-858.08606	0.001036639128	-64344.323524175	
858.00606	88	5	7	0.2295138585	0.001035397198	98.26582106	0.6796372423	1.054541701	84.9858862	6.267430627	8.746683176							0	0	0	-858.00606	0.001035397198	-64487.6591880139	
857.92606	88	5	7	0.2303398391	0.001034158027	98.26377488	0.6804773044	1.055747818	84.97214055	6.2732144	8.754645051							0	0	0	-857.92606	0.001034158027	-64631.2173859884	
857.84606	88	5	7	0.2311639745	0.001032921608	98.26172798	0.6813178342	1.056954188	84.95839926	6.278996362	8.762604382							0	0	0	-857.84606	0.001032921608	-64774.97001254	
857.76606	88	5	7	0.2319862711	0.001031687931	98.25968036	0.6821588326	1.058160808	84.94466231	6.284776514	8.770561171							0	0	0	-857.76606	0.001031687931	-64918.8896359206	
857.68606	88	5	7	0.2328067347	0.001030456988	98.25763202	0.6830003003	1.059367681	84.93092972	6.290554857	8.778515419							0	0	0	-857.68606	0.001030456988	-65063.0003180044	
857.60606	88	5	7	0.2336253717	0.00102922877	98.25558296	0.6838422379	1.060574805	84.91720148	6.296331392	8.786467128							0	0	0	-857.60606	0.00102922877	-65207.3005734626	
857.52606	88	5	7	0.2344421879	0.001028003269	98.25353317	0.6846846463	1.061782182	84.90347758	6.302106119	8.7944163							0	0	0	-857.52606	0.001028003269	-65351.7884249121	
857.44606	88	5	7	0.2352571896	0.001026780476	98.25148266	0.685527526	1.062989811	84.88975803	6.307879039	8.802362936							0	0	0	-857.44606	0.001026780476	-65496.4623422671	
857.36606	88	5	7	0.2360703825	0.001025560383	98.24943143	0.6863708778	1.064197693	84.87604281	6.313650152	8.810307037							0	0	0	-857.36606	0.001025560383	-65641.3202993888	
857.28606	88	5	7	0.2368817729	0.001024342981	98.24737947	0.6872147025	1.065405827	84.86233193	6.319419461	8.818248606							0	0	0	-857.28606	0.001024342981	-65786.3878893872	
857.20606	88	5	7	0.2376913666	0.001023128263	98.24532678	0.6880590008	1.066614215	84.84862539	6.325186965	8.826187643							0	0	0	-857.20606	0.001023128263	-65931.635869094	
857.12606	88	5	7	0.2384991695	0.001021916219	98.24327337	0.6889037733	1.067822856	84.83492318	6.330952666	8.834124151							0	0	0	-857.12606	0.001021916219	-66077.0630965575	
857.04606	88	5	7	0.2393051876	0.001020706842	98.24121923	0.6897490209	1.06903175	84.82122531	6.336716563	8.842058131							0	0	0	-857.04606	0.001020706842	-66222.694498202	
856.96606	88	5	7	0.2401094267	0.001019500123	98.23916436	0.6905947441	1.070240898	84.80753176	6.342478659	8.849989584							0	0	0	-856.96606	0.001019500123	-66368.529010513	
856.88606	88	5	7	0.2409118928	0.001018296055	98.23710876	0.6914409439	1.0714503	84.79384253	6.348238953	8.857918513							0	0	0	-856.88606	0.001018296055	-66514.5368107191	
856.80606	88	5	7	0.2417125915	0.001017094628	98.23505242	0.6922876208	1.072659957	84.78015764	6.353997447	8.865844918							0	0	0	-856.80606	0.001017094628	-66660.688777835	
856.72606	88	5	7	0.2425115288	0.001015895834	98.23299536	0.6931347756	1.073869867	84.76647706	6.359754141	8.873768801							0	0	0	-856.72606	0.001015895834	-66807.0941495554	
856.64606	88	5	7	0.2433087105	0.001014699667	98.23093756	0.693982409	1.075080033	84.7528008	6.365509036	8.881690165							0	0	0	-856.64606	0.001014699667	-66953.6671151506	
856.56606	88	5	7	0.2441041422	0.001013506116	98.22887903	0.6948305218	1.076290453	84.73912886	6.371262134	8.88960901							0	0	0	-856.56606	0.001013506116	-67100.4068745847	
856.48606	88	5	7	0.2448978297	0.001012315175	98.22681976	0.6956791146	1.077501128	84.72546123	6.377013434	8.897525337							0	0	0	-856.48606	0.001012315175	-67247.395310193	
856.40606	88	5	7	0.2456897787	0.001011126836	98.22475975	0.6965281883	1.078712058	84.71179791	6.382762938	8.90543915							0	0	0	-856.40606	0.001011126836	-67394.517907594	
856.32606	88	5	7	0.246479995	0.001009941089	98.22269901	0.6973777434	1.079923244	84.69813891	6.388510646	8.913350448							0	0	0	-856.32606	0.001009941089	-67541.8586015483	
856.24606	88	5	7	0.2472684841	0.001008757929	98.22063753	0.6982277808	1.081134686	84.68448421	6.394256559	8.921259235							0	0	0	-856.24606	0.001008757929	-67689.3860124019	
856.16606	88	5	7	0.2480552517	0.001007577345	98.21857532	0.6990783012	1.082346384	84.67083381	6.400000679	8.92916551							0	0	0	-856.16606	0.001007577345	-67837.0998652018	
856.08606	88	5	7	0.2488403034	0.001006399332	98.21651236	0.6999293053	1.083558337	84.65718772	6.405743005	8.937069277							0	0	0	-856.08606	0.001006399332	-67985.0258770551	
856.00606	88	5	7	0.2496236448	0.00100522388	98.21444866	0.7007807938	1.084770548	84.64354592	6.411483539	8.944970537							0	0	0	-856.00606	0.00100522388	-68133.0764455372	
855.92606	88	5	7	0.2504052815	0.001004050981	98.21238422	0.7016327675	1.085983014	84.62990843	6.417222281	8.95286929							0	0	0	-855.92606	0.001004050981	-68281.3655339579	
855.84606	88	5	7	0.2511852189	0.001002880629	98.21031903	0.702485227	1.087195738	84.61627523	6.422959233	8.960765539							0	0	0	-855.84606	0.001002880629	-68429.8915318898	
855.76606	88	5	7	0.2519634627	0.001001712816	98.20825311	0.7033381732	1.088408719	84.60264632	6.428694395	8.968659286							0	0	0	-855.76606	0.001001712816	-68578.5357382862	
855.68606	88	5	7	0.2527400183	0.001000547532	98.20618644	0.7041916067	1.089621957	84.5890217	6.434427768	8.976550531							0	0	0	-855.68606	0.001000547532	-68727.3879017359	
855.60606	88	5	7	0.2535148911	0.0009993847721	98.20411902	0.7050455282	1.090835452	84.57540137	6.440159352	8.984439277							0	0	0	-855.60606	0.0009993847721	-68876.4660525005	
855.52606	88	5	7	0.2542880867	0.000998224527	98.20205086	0.7058999386	1.092049206	84.56178532	6.445889149	8.992325526							0	0	0	-855.52606	0.000998224527	-69025.6982787791	
855.44606	88	5	7	0.2550596104	0.0009970667894	98.19998194	0.7067548385	1.093263217	84.54817356	6.45161716	9.000209278							0	0	0	-855.44606	0.0009970667894	-69175.1389249339	
855.36606	88	5	7	0.2558294677	0.0009959115519	98.19791229	0.7076102286	1.094477486	84.53456608	6.457343385	9.008090535							0	0	0	-855.36606	0.0009959115519	-69324.7684177729	
855.28606	88	5	7	0.2565976638	0.0009947588066	98.19584188	0.7084661098	1.095692014	84.52096288	6.463067825	9.015969299							0	0	0	-855.28606	0.0009947588066	-69474.585133294	
855.20606	88	5	7	0.2573642043	0.0009936085461	98.19377072	0.7093224827	1.0969068	84.50736395	6.468790481	9.023845572							0	0	0	-855.20606	0.0009936085461	-69624.6023791706	
855.12606	88	5	7	0.2581290943	0.000992460763	98.19169881	0.710179348	1.098121845	84.49376929	6.474511353	9.031719355							0	0	0	-855.12606	0.000992460763	-69774.8093846976	
855.04606	88	5	7	0.2588923393	0.0009913154496	98.18962614	0.7110367065	1.09933715	84.48017891	6.480230443	9.039590649							0	0	0	-855.04606	0.0009913154496	-69925.2075548832	
854.96606	88	5	7	0.2596539444	0.0009901725986	98.18755273	0.711894559	1.100552713	84.46659279	6.485947752	9.047459457							0	0	0	-854.96606	0.0009901725986	-70075.7981411655	
854.88606	88	5	7	0.260413915	0.0009890322024	98.18547856	0.7127529061	1.101768536	84.45301094	6.491663279	9.05532578							0	0	0	-854.88606	0.0009890322024	-70226.5826099527	
854.80606	88	5	7	0.2611722563	0.0009878942538	98.18340363	0.7136117486	1.102984619	84.43943335	6.497377027	9.063189619							0	0	0	-854.80606	0.0009878942538	-70377.559164576	
854.72606	88	5	7	0.2619289736	0.0009867587452	98.18132795	0.7144710872	1.104200962	84.42586003	6.503088995	9.071050977							0	0	0	-854.72606	0.0009867587452	-70528.7293203103	
854.64606	88	5	7	0.2626840719	0.0009856256695	98.17925151	0.7153309227	1.105417565	84.41229096	6.508799186	9.078909854							0	0	0	-854.64606	0.0009856256695	-70680.0943846838	
854.56606	88	5	7	0.2634375566	0.0009844950192	98.17717432	0.7161912558	1.106634428	84.39872615	6.514507598	9.086766253							0	0	0	-854.56606	0.0009844950192	-70831.649638385	
854.48606	88	5	7	0.2641894327	0.0009833667871	98.17509636	0.7170520872	1.107851553	84.38516559	6.520214235	9.094620174							0	0	0	-854.48606	0.0009833667871	-70983.4027493934	
854.40606	88	5	7	0.2649397054	0.000982240966	98.17301764	0.7179134177	1.109068937	84.37160928	6.525919095	9.102471621							0	0	0	-854.40606	0.000982240966	-71135.3425491031	
854.32606	88	5	7	0.2656883798	0.0009811175484	98.17093817	0.7187752481	1.110286583	84.35805723	6.53162218	9.110320593							0	0	0	-854.32606	0.0009811175484	-71287.4800937265	
854.24606	88	5	7	0.2664354609	0.0009799965275	98.16885793	0.7196375789	1.111504491	84.34450942	6.537323491	9.118167093							0	0	0	-854.24606	0.0009799965275	-71439.81675376	
854.16606	88	5	7	0.267180954	0.0009788778959	98.16677693	0.720500411	1.11272266	84.33096585	6.543023029	9.126011123							0	0	0	-854.16606	0.0009788778959	-71592.3381999881	
854.08606	88	5	7	0.2679248639	0.0009777616464	98.16469516	0.7213637452	1.11394109	84.31742652	6.548720795	9.133852683							0	0	0	-854.08606	0.0009777616464	-71745.0554912628	
854.00606	88	5	7	0.2686671957	0.000976647772	98.16261263	0.7222275821	1.115159783	84.30389144	6.554416788	9.141691777							0	0	0	-854.00606	0.000976647772	-71897.9733945515	
853.92606	88	5	7	0.2694079545	0.0009755362657	98.16052934	0.7230919226	1.116378738	84.29036058	6.560111011	9.149528404							0	0	0	-853.92606	0.0009755362657	-72051.0805279284	
853.84606	88	5	7	0.2701471453	0.0009744271202	98.15844528	0.7239567672	1.117597955	84.27683397	6.565803464	9.157362567							0	0	0	-853.84606	0.0009744271202	-72204.3817660401	
853.76606	88	5	7	0.2708847729	0.0009733203287	98.15636045	0.7248221169	1.118817435	84.26331158	6.571494148	9.165194268							0	0	0	-853.76606	0.0009733203287	-72357.8818517871	
853.68606	88	5	7	0.2716208423	0.0009722158841	98.15427485	0.7256879723	1.120037178	84.24979343	6.577183064	9.173023508							0	0	0	-853.68606	0.0009722158841	-72511.5726383267	
853.60606	88	5	7	0.2723553585	0.0009711137794	98.15218848	0.7265543341	1.121257184	84.2362795	6.582870212	9.180850288							0	0	0	-853.60606	0.0009711137794	-72665.4589911245	
853.52606	88	5	7	0.2730883263	0.0009700140077	98.15010134	0.7274212032	1.122477453	84.22276979	6.588555594	9.188674611							0	0	0	-853.52606	0.0009700140077	-72819.5392095274	
853.44606	88	5	7	0.2738197507	0.000968916562	98.14801343	0.7282885802	1.123697986	84.20926431	6.59423921	9.196496478							0	0	0	-853.44606	0.000968916562	-72973.8149693722	
853.36606	88	5	7	0.2745496364	0.0009678214355	98.14592475	0.7291564659	1.124918783	84.19576305	6.599921061	9.20431589							0	0	0	-853.36606	0.0009678214355	-73128.2912533162	
853.28606	88	5	7	0.2752779885	0.0009667286214	98.1438353	0.7300248611	1.126139844	84.182266	6.605601148	9.21213285							0	0	0	-853.28606	0.0009667286214	-73282.9597095886	
853.20606	88	5	7	0.2760048115	0.0009656381127	98.14174506	0.7308937664	1.127361169	84.16877317	6.611279471	9.219947358							0	0	0	-853.20606	0.0009656381127	-73437.8220627591	
853.12606	88	5	7	0.2767301105	0.0009645499027	98.13965406	0.7317631827	1.128582758	84.15528455	6.616956033	9.227759417							0	0	0	-853.12606	0.0009645499027	-73592.8799308649	
853.04606	88	5	7	0.2774538901	0.0009634639845	98.13756228	0.7326331106	1.129804612	84.14180014	6.622630833	9.235569028							0	0	0	-853.04606	0.0009634639845	-73748.1351097869	
852.96606	88	5	7	0.2781761551	0.0009623803515	98.13546972	0.733503551	1.131026732	84.12831994	6.628303872	9.243376192							0	0	0	-852.96606	0.0009623803515	-73903.589288343	
852.88606	88	5	7	0.2788969102	0.0009612989969	98.13337638	0.7343745046	1.132249116	84.11484394	6.633975151	9.251180912							0	0	0	-852.88606	0.0009612989969	-74059.2340079091	
852.80606	88	5	7	0.2796161603	0.0009602199139	98.13128226	0.735245972	1.133471766	84.10137214	6.639644672	9.258983188							0	0	0	-852.80606	0.0009602199139	-74215.077900035	
852.72606	88	5	7	0.2803339099	0.000959143096	98.12918737	0.7361179541	1.134694681	84.08790454	6.645312434	9.266783023							0	0	0	-852.72606	0.000959143096	-74371.1192473144	
852.64606	88	5	7	0.2810501638	0.0009580685364	98.12709169	0.7369904517	1.135917862	84.07444114	6.650978439	9.274580418							0	0	0	-852.64606	0.0009580685364	-74527.3564851536	
852.56606	88	5	7	0.2817649266	0.0009569962286	98.12499523	0.7378634653	1.137141309	84.06098194	6.656642688	9.282375375							0	0	0	-852.56606	0.0009569962286	-74683.7878533995	
852.48606	88	5	7	0.282478203	0.0009559261658	98.12289798	0.7387369959	1.138365023	84.04752692	6.662305181	9.290167896							0	0	0	-852.48606	0.0009559261658	-74840.4152605094	
852.40606	88	5	7	0.2831899977	0.0009548583416	98.12079995	0.7396110442	1.139589003	84.0340761	6.667965919	9.297957981							0	0	0	-852.40606	0.0009548583416	-74997.2439780523	
852.32606	88	5	7	0.2839003151	0.0009537927494	98.11870114	0.7404856109	1.14081325	84.02062946	6.673624903	9.305745633							0	0	0	-852.32606	0.0009537927494	-75154.2689152956	
852.24606	88	5	7	0.2846091599	0.0009527293827	98.11660154	0.7413606967	1.142037764	84.00718701	6.679282135	9.313530853							0	0	0	-852.24606	0.0009527293827	-75311.4883730526	
852.16606	88	5	7	0.2853165368	0.0009516682349	98.11450115	0.7422363024	1.143262545	83.99374874	6.684937614	9.321313643							0	0	0	-852.16606	0.0009516682349	-75468.9078391783	
852.08606	88	5	7	0.2860224502	0.0009506092997	98.11239998	0.7431124289	1.144487593	83.98031465	6.690591342	9.329094005							0	0	0	-852.08606	0.0009506092997	-75626.5256014937	
852.00606	88	5	7	0.2867269046	0.0009495525705	98.11029801	0.7439890767	1.14571291	83.96688474	6.696243319	9.336871939							0	0	0	-852.00606	0.0009495525705	-75784.3365010797	
851.92606	88	5	7	0.2874299046	0.0009484980409	98.10819526	0.7448662467	1.146938494	83.953459	6.701893547	9.344647449							0	0	0	-851.92606	0.0009484980409	-75942.3460074613	
851.84606	88	5	7	0.2881314547	0.0009474457045	98.10609171	0.7457439396	1.148164346	83.94003744	6.707542027	9.352420535							0	0	0	-851.84606	0.0009474457045	-76100.5561140595	
851.76606	88	5	7	0.2888315594	0.000946395555	98.10398738	0.7466221562	1.149390467	83.92662004	6.713188758	9.360191199							0	0	0	-851.76606	0.000946395555	-76258.9651742454	
851.68606	88	5	7	0.2895302231	0.000945347586	98.10188225	0.7475008972	1.150616856	83.91320682	6.718833742	9.367959442							0	0	0	-851.68606	0.000945347586	-76417.5715807263	
851.60606	88	5	7	0.2902274503	0.0009443017912	98.09977632	0.7483801634	1.151843514	83.89979775	6.72447698	9.375725267							0	0	0	-851.60606	0.0009443017912	-76576.373644734	
851.52606	88	5	7	0.2909232453	0.0009432581642	98.0976696	0.7492599556	1.153070441	83.88639285	6.730118473	9.383488675							0	0	0	-851.52606	0.0009432581642	-76735.3734129387	
851.44606	88	5	7	0.2916176127	0.0009422166988	98.09556209	0.7501402745	1.154297637	83.87299211	6.735758221	9.391249668							0	0	0	-851.44606	0.0009422166988	-76894.5765914438	
851.36606	88	5	7	0.2923105568	0.0009411773888	98.09345378	0.7510211208	1.155525103	83.85959553	6.741396226	9.399008246							0	0	0	-851.36606	0.0009411773888	-77053.9778704425	
851.28606	88	5	7	0.2930020819	0.0009401402279	98.09134467	0.7519024953	1.156752839	83.8462031	6.747032488	9.406764413							0	0	0	-851.28606	0.0009401402279	-77213.5756307223	
851.20606	88	5	7	0.2936921924	0.0009391052099	98.08923476	0.7527843988	1.157980845	83.83281482	6.752667008	9.414518168							0	0	0	-851.20606	0.0009391052099	-77373.368170553	
851.12606	88	5	7	0.2943808927	0.0009380723285	98.08712405	0.7536668321	1.159209121	83.8194307	6.758299788	9.422269515							0	0	0	-851.12606	0.0009380723285	-77533.3651469588	
851.04606	88	5	7	0.2950681871	0.0009370415778	98.08501254	0.7545497958	1.160437667	83.80605072	6.763930827	9.430018455							0	0	0	-851.04606	0.0009370415778	-77693.5648630099	
850.96606	88	5	7	0.2957540799	0.0009360129515	98.08290023	0.7554332908	1.161666484	83.79267488	6.769560127	9.437764989							0	0	0	-850.96606	0.0009360129515	-77853.9582417476	
850.88606	88	5	7	0.2964385753	0.0009349864435	98.08078711	0.7563173178	1.162895572	83.77930319	6.775187688	9.445509119							0	0	0	-850.88606	0.0009349864435	-78014.5511525767	
850.80606	88	5	7	0.2971216776	0.0009339620477	98.07867319	0.7572018775	1.164124931	83.76593564	6.780813512	9.453250847							0	0	0	-850.80606	0.0009339620477	-78175.3457963192	
850.72606	88	5	7	0.2978033911	0.0009329397581	98.07655847	0.7580869708	1.165354561	83.75257223	6.786437599	9.460990174							0	0	0	-850.72606	0.0009329397581	-78336.340533527	
850.64606	88	5	7	0.2984837201	0.0009319195686	98.07444294	0.7589725984	1.166584463	83.73921295	6.79205995	9.468727102							0	0	0	-850.64606	0.0009319195686	-78497.5337675438	
850.56606	88	5	7	0.2991626687	0.0009309014732	98.0723266	0.7598587611	1.167814637	83.7258578	6.797680567	9.476461632							0	0	0	-850.56606	0.0009309014732	-78658.9277008381	
850.48606	88	5	7	0.2998402411	0.0009298854659	98.07020946	0.7607454596	1.169045083	83.71250678	6.803299449	9.484193767							0	0	0	-850.48606	0.0009298854659	-78820.5207114592	
850.40606	88	5	7	0.3005164415	0.0009288715407	98.0680915	0.7616326947	1.170275801	83.69915989	6.808916598	9.491923507							0	0	0	-850.40606	0.0009288715407	-78982.3150722079	
850.32606	88	5	7	0.3011912741	0.0009278596917	98.06597274	0.7625204671	1.171506792	83.68581713	6.814532015	9.499650855							0	0	0	-850.32606	0.0009278596917	-79144.3130672957	
850.24606	88	5	7	0.301864743	0.000926849913	98.06385317	0.7634087776	1.172738056	83.67247849	6.8201457	9.507375812							0	0	0	-850.24606	0.000926849913	-79306.5091627346	
850.16606	88	5	7	0.3025368524	0.0009258421986	98.06173278	0.764297627	1.173969592	83.65914397	6.825757655	9.515098379							0	0	0	-850.16606	0.0009258421986	-79468.9017352594	
850.08606	88	5	7	0.3032076064	0.0009248365426	98.05961158	0.7651870161	1.175201402	83.64581356	6.83136788	9.522818559							0	0	0	-850.08606	0.0009248365426	-79631.5010147542	
850.00606	88	5	7	0.3038770091	0.0009238329393	98.05748957	0.7660769456	1.176433485	83.63248727	6.836976376	9.530536353							0	0	0	-850.00606	0.0009238329393	-79794.2973945542	
849.92606	88	5	7	0.3045450645	0.0009228313826	98.05536674	0.7669674163	1.177665842	83.61916509	6.842583144	9.538251763							0	0	0	-849.92606	0.0009228313826	-79957.2973602574	
849.84606	88	5	7	0.3052117768	0.000921831867	98.0532431	0.7678584289	1.178898473	83.60584702	6.848188185	9.54596479							0	0	0	-849.84606	0.000921831867	-80120.5031539145	
849.76606	88	5	7	0.30587715	0.0009208343865	98.05111864	0.7687499842	1.180131378	83.59253306	6.8537915	9.553675436							0	0	0	-849.76606	0.0009208343865	-80283.9012425782	
849.68606	88	5	7	0.3065411881	0.0009198389353	98.04899336	0.769642083	1.181364557	83.57922321	6.859393089	9.561383703							0	0	0	-849.68606	0.0009198389353	-80447.5060764837	
849.60606	88	5	7	0.3072038951	0.0009188455078	98.04686726	0.7705347261	1.182598011	83.56591745	6.864992954	9.569089591							0	0	0	-849.60606	0.0009188455078	-80611.3119591087	
849.52606	88	5	7	0.3078652751	0.0009178540981	98.04474035	0.7714279142	1.18383174	83.5526158	6.870591095	9.576793104							0	0	0	-849.52606	0.0009178540981	-80775.3214619277	
849.44606	88	5	7	0.308525332	0.0009168647007	98.04261261	0.7723216482	1.185065744	83.53931824	6.876187513	9.584494242							0	0	0	-849.44606	0.0009168647007	-80939.5328600683	
849.36606	88	5	7	0.3091840699	0.0009158773097	98.04048405	0.7732159287	1.186300024	83.52602478	6.88178221	9.592193008							0	0	0	-849.36606	0.0009158773097	-81103.9405457557	
849.28606	88	5	7	0.3098414926	0.0009148919195	98.03835467	0.7741107565	1.187534578	83.51273541	6.887375185	9.599889402							0	0	0	-849.28606	0.0009148919195	-81268.5551702984	
849.20606	88	5	7	0.3104976041	0.0009139085245	98.03622446	0.7750061324	1.188769409	83.49945013	6.89296644	9.607583426							0	0	0	-849.20606	0.0009139085245	-81433.3710197576	
849.12606	88	5	7	0.3111524084	0.000912927119	98.03409343	0.7759020573	1.190004516	83.48616894	6.898555976	9.615275083							0	0	0	-849.12606	0.000912927119	-81598.3906833686	
849.04606	88	5	7	0.3118059093	0.0009119476975	98.03196157	0.7767985318	1.191239899	83.47289183	6.904143794	9.622964373							0	0	0	-849.04606	0.0009119476975	-81763.6166970398	
848.96606	88	5	7	0.3124581107	0.0009109702544	98.02982888	0.7776955568	1.192475558	83.45961881	6.909729894	9.630651299							0	0	0	-848.96606	0.0009109702544	-81929.0391087441	
848.88606	88	5	7	0.3131090166	0.000909994784	98.02769537	0.7785931329	1.193711495	83.44634986	6.915314277	9.638335862							0	0	0	-848.88606	0.000909994784	-82094.6647281832	
848.80606	88	5	7	0.3137586308	0.0009090212809	98.02556103	0.7794912611	1.194947708	83.43308499	6.920896945	9.646018063							0	0	0	-848.80606	0.0009090212809	-82260.4960987918	
848.72606	88	5	7	0.3144069571	0.0009080497395	98.02342586	0.780389942	1.196184198	83.4198242	6.926477898	9.653697905							0	0	0	-848.72606	0.0009080497395	-82426.5317188982	
848.64606	88	5	7	0.3150539994	0.0009070801544	98.02128986	0.7812891765	1.197420966	83.40656747	6.932057137	9.661375389							0	0	0	-848.64606	0.0009070801544	-82592.7699310012	
848.56606	88	5	7	0.3156997614	0.00090611252	98.01915302	0.7821889653	1.198658012	83.39331482	6.937634662	9.669050516							0	0	0	-848.56606	0.00090611252	-82759.2134925216	
848.48606	88	5	7	0.3163442471	0.000905146831	98.01701536	0.7830893092	1.199895335	83.38006624	6.943210476	9.676723289							0	0	0	-848.48606	0.000905146831	-82925.8607228552	
848.40606	88	5	7	0.3169874602	0.0009041830818	98.01487685	0.783990209	1.201132937	83.36682171	6.948784578	9.684393708							0	0	0	-848.40606	0.0009041830818	-83092.7057962489	
848.32606	88	5	7	0.3176294044	0.000903221267	98.01273752	0.7848916654	1.202370817	83.35358125	6.954356969	9.692061776							0	0	0	-848.32606	0.000903221267	-83259.7600247085	
848.24606	88	5	7	0.3182700835	0.0009022613813	98.01059734	0.7857936793	1.203608976	83.34034485	6.959927651	9.699727495							0	0	0	-848.24606	0.0009022613813	-83427.0174738197	
848.16606	88	5	7	0.3189095014	0.0009013034192	98.00845634	0.7866962514	1.204847414	83.32711251	6.965496624	9.707390865							0	0	0	-848.16606	0.0009013034192	-83594.4766094275	
848.08606	88	5	7	0.3195476616	0.0009003473754	98.00631449	0.7875993826	1.20608613	83.31388422	6.971063889	9.715051889							0	0	0	-848.08606	0.0009003473754	-83762.1445430364	
848.00606	88	5	7	0.320184568	0.0008993932446	98.0041718	0.7885030735	1.207325126	83.30065999	6.976629448	9.722710567							0	0	0	-848.00606	0.0008993932446	-83930.0153165333	
847.92606	88	5	7	0.3208202241	0.0008984410214	98.00202827	0.7894073249	1.208564402	83.2874398	6.9821933	9.730366903							0	0	0	-847.92606	0.0008984410214	-84098.0873548708	
847.84606	88	5	7	0.3214546338	0.0008974907005	97.9998839	0.7903121378	1.209803957	83.27422366	6.987755447	9.738020897							0	0	0	-847.84606	0.0008974907005	-84266.3723598573	
847.76606	88	5	7	0.3220878007	0.0008965422768	97.99773869	0.7912175128	1.211043793	83.26101156	6.993315889	9.745672551							0	0	0	-847.76606	0.0008965422768	-84434.8598237155	
847.68606	88	5	7	0.3227197284	0.0008955957448	97.99559264	0.7921234507	1.212283909	83.2478035	6.998874628	9.753321867							0	0	0	-847.68606	0.0008955957448	-84603.5437812825	
847.60606	88	5	7	0.3233504206	0.0008946510993	97.99344574	0.7930299523	1.213524305	83.23459949	7.004431665	9.760968847							0	0	0	-847.60606	0.0008946510993	-84772.4404738329	
847.52606	88	5	7	0.323979881	0.0008937083352	97.991298	0.7939370184	1.214764982	83.22139951	7.009987	9.768613491							0	0	0	-847.52606	0.0008937083352	-84941.5438442647	
847.44606	88	5	7	0.3246081131	0.0008927674472	97.98914941	0.7948446498	1.21600594	83.20820356	7.015540634	9.776255802							0	0	0	-847.44606	0.0008927674472	-85110.8523972907	
847.36606	88	5	7	0.3252351205	0.0008918284302	97.98699997	0.7957528472	1.217247179	83.19501165	7.021092568	9.783895781							0	0	0	-847.36606	0.0008918284302	-85280.3644743825	
847.28606	88	5	7	0.3258609068	0.0008908912789	97.98484969	0.7966616115	1.2184887	83.18182377	7.026642803	9.791533431							0	0	0	-847.28606	0.0008908912789	-85450.0785420816	
847.20606	88	5	7	0.3264854757	0.0008899559882	97.98269855	0.7975709435	1.219730503	83.16863991	7.03219134	9.799168752							0	0	0	-847.20606	0.0008899559882	-85620.006702295	
847.12606	88	5	7	0.3271088307	0.0008890225531	97.98054657	0.7984808439	1.220972587	83.15546007	7.03773818	9.806801747							0	0	0	-847.12606	0.0008890225531	-85790.138201169	
847.04606	88	5	7	0.3277309753	0.0008880909683	97.97839373	0.7993913136	1.222214954	83.14228426	7.043283323	9.814432416							0	0	0	-847.04606	0.0008880909683	-85960.4715386224	
846.96606	88	5	7	0.328351913	0.0008871612288	97.97624004	0.8003023532	1.223457603	83.12911247	7.048826771	9.822060762							0	0	0	-846.96606	0.0008871612288	-86131.0189406415	
846.88606	88	5	7	0.3289716474	0.0008862333296	97.9740855	0.8012139637	1.224700535	83.11594469	7.054368524	9.829686786							0	0	0	-846.88606	0.0008862333296	-86301.7695774618	
846.80606	88	5	7	0.329590182	0.0008853072655	97.9719301	0.8021261457	1.22594375	83.10278093	7.059908584	9.83731049							0	0	0	-846.80606	0.0008853072655	-86472.7219101562	
846.72606	88	5	7	0.3302075203	0.0008843830315	97.96977385	0.8030389002	1.227187248	83.08962117	7.06544695	9.844931876							0	0	0	-846.72606	0.0008843830315	-86643.8883642718	
846.64606	88	5	7	0.3308236658	0.0008834606227	97.96761674	0.8039522279	1.228431029	83.07646543	7.070983625	9.852550945							0	0	0	-846.64606	0.0008834606227	-86815.2626893282	
846.56606	88	5	7	0.3314386219	0.000882540034	97.96545878	0.8048661295	1.229675094	83.06331369	7.076518609	9.860167699							0	0	0	-846.56606	0.000882540034	-86986.8339048894	
846.48606	88	5	7	0.3320523921	0.0008816212603	97.96329995	0.8057806059	1.230919443	83.05016596	7.082051902	9.86778214							0	0	0	-846.48606	0.0008816212603	-87158.6193869909	
846.40606	88	5	7	0.3326649798	0.0008807042969	97.96114027	0.8066956579	1.232164076	83.03702223	7.087583506	9.875394268							0	0	0	-846.40606	0.0008807042969	-87330.6175010812	
846.32606	88	5	7	0.3332763885	0.0008797891387	97.95897972	0.8076112863	1.233408993	83.02388249	7.093113422	9.883004087							0	0	0	-846.32606	0.0008797891387	-87502.817284754	
846.24606	88	5	7	0.3338866215	0.0008788757808	97.95681831	0.8085274918	1.234654195	83.01074675	7.09864165	9.890611597							0	0	0	-846.24606	0.0008788757808	-87675.221850298	
846.16606	88	5	7	0.3344956824	0.0008779642182	97.95465604	0.8094442754	1.235899682	82.99761501	7.104168192	9.8982168							0	0	0	-846.16606	0.0008779642182	-87847.8393215898	
846.08606	88	5	7	0.3351035744	0.0008770544462	97.95249291	0.8103616376	1.237145453	82.98448725	7.109693048	9.905819698							0	0	0	-846.08606	0.0008770544462	-88020.6680810964	
846.00606	88	5	7	0.3357103009	0.0008761464598	97.95032891	0.8112795795	1.238391511	82.97136349	7.115216219	9.913420292							0	0	0	-846.00606	0.0008761464598	-88193.6969597588	
845.92606	88	5	7	0.3363158654	0.0008752402541	97.94816404	0.8121981017	1.239637853	82.95824371	7.120737706	9.921018585							0	0	0	-845.92606	0.0008752402541	-88366.9389624218	
845.84606	88	5	7	0.3369202711	0.0008743358244	97.94599831	0.813117205	1.240884482	82.94512791	7.12625751	9.928614577							0	0	0	-845.84606	0.0008743358244	-88540.3875907691	
845.76606	88	5	7	0.3375235215	0.0008734331657	97.94383171	0.8140368904	1.242131397	82.9320161	7.131775631	9.936208271							0	0	0	-845.76606	0.0008734331657	-88714.041380926	
845.68606	88	5	7	0.3381256197	0.0008725322733	97.94166424	0.8149571585	1.243378597	82.91890826	7.137292072	9.943799668							0	0	0	-845.68606	0.0008725322733	-88887.9134917681	
845.60606	88	5	7	0.3387265692	0.0008716331425	97.9394959	0.8158780101	1.244626085	82.9058044	7.142806832	9.95138877							0	0	0	-845.60606	0.0008716331425	-89061.9925261352	
845.52606	88	5	7	0.3393263733	0.0008707357684	97.93732669	0.8167994462	1.245873859	82.89270451	7.148319912	9.958975578							0	0	0	-845.52606	0.0008707357684	-89236.2719874422	
845.44606	88	5	7	0.3399250351	0.0008698401462	97.93515661	0.8177214674	1.24712192	82.87960859	7.153831314	9.966560094							0	0	0	-845.44606	0.0008698401462	-89410.7652294268	
845.36606	88	5	7	0.3405225581	0.0008689462713	97.93298566	0.8186440746	1.248370269	82.86651664	7.159341039	9.97414232							0	0	0	-845.36606	0.0008689462713	-89585.4706751128	
845.28606	88	5	7	0.3411189455	0.0008680541389	97.93081383	0.8195672686	1.249618905	82.85342866	7.164849086	9.981722257							0	0	0	-845.28606	0.0008680541389	-89760.3868855744	
845.20606	88	5	7	0.3417142004	0.0008671637444	97.92864112	0.8204910502	1.250867829	82.84034464	7.170355457	9.989299907							0	0	0	-845.20606	0.0008671637444	-89935.5071714853	
845.12606	88	5	7	0.3423083263	0.0008662750829	97.92646754	0.8214154202	1.25211704	82.82726457	7.175860154	9.996875272							0	0	0	-845.12606	0.0008662750829	-90110.8402265889	
845.04606	88	5	7	0.3429013262	0.00086538815	97.92429308	0.8223403794	1.25336654	82.81418847	7.181363176	10.00444835							0	0	0	-845.04606	0.00086538815	-90286.3843395317	
844.96606	88	5	7	0.3434932035	0.0008645029408	97.92211774	0.8232659287	1.254616329	82.80111632	7.186864525	10.01201915							0	0	0	-844.96606	0.0008645029408	-90462.1330408877	
844.88606	88	5	7	0.3440839612	0.0008636194508	97.91994153	0.8241920687	1.255866406	82.78804813	7.192364201	10.01958767							0	0	0	-844.88606	0.0008636194508	-90638.1000245191	
844.80606	88	5	7	0.3446736027	0.0008627376754	97.91776443	0.8251188004	1.257116772	82.77498388	7.197862206	10.02715391							0	0	0	-844.80606	0.0008627376754	-90814.2735309548	
844.72606	88	5	7	0.345262131	0.0008618576099	97.91558645	0.8260461245	1.258367428	82.76192358	7.203358541	10.03471787							0	0	0	-844.72606	0.0008618576099	-90990.6572060501	
844.64606	88	5	7	0.3458495494	0.0008609792498	97.91340759	0.8269740419	1.259618373	82.74886723	7.208853206	10.04227956							0	0	0	-844.64606	0.0008609792498	-91167.2546375086	
844.56606	88	5	7	0.346435861	0.0008601025905	97.91122784	0.8279025534	1.260869607	82.73581482	7.214346202	10.04983898							0	0	0	-844.56606	0.0008601025905	-91344.0591252594	
844.48606	88	5	7	0.3470210689	0.0008592276274	97.90904721	0.8288316598	1.262121132	82.72276635	7.21983753	10.05739612							0	0	0	-844.48606	0.0008592276274	-91521.07434016	
844.40606	88	5	7	0.3476051763	0.000858354356	97.90686569	0.8297613618	1.263372946	82.70972182	7.225327191	10.06495099							0	0	0	-844.40606	0.000858354356	-91698.3039754133	
844.32606	88	5	7	0.3481881863	0.0008574827718	97.90468329	0.8306916604	1.264625052	82.69668122	7.230815185	10.07250359							0	0	0	-844.32606	0.0008574827718	-91875.7412351347	
844.24606	88	5	7	0.348770102	0.0008566128702	97.9025	0.8316225563	1.265877447	82.68364456	7.236301515	10.08005393							0	0	0	-844.24606	0.0008566128702	-92053.3952140295	
844.16606	88	5	7	0.3493509266	0.0008557446469	97.90031582	0.8325540503	1.267130134	82.67061182	7.24178618	10.087602							0	0	0	-844.16606	0.0008557446469	-92231.2589774316	
844.08606	88	5	7	0.349930663	0.0008548780972	97.89813074	0.8334861433	1.268383112	82.65758301	7.247269182	10.0951478							0	0	0	-844.08606	0.0008548780972	-92409.3311342597	
844.00606	88	5	7	0.3505093144	0.0008540132168	97.89594478	0.834418836	1.269636381	82.64455813	7.252750522	10.10269135							0	0	0	-844.00606	0.0008540132168	-92587.6207038759	
843.92606	88	5	7	0.3510868839	0.0008531500012	97.89375793	0.8353521294	1.270889943	82.63153717	7.258230199	10.11023263							0	0	0	-843.92606	0.0008531500012	-92766.1155024414	
843.84606	88	5	7	0.3516633744	0.0008522884459	97.89157018	0.8362860242	1.272143795	82.61852013	7.263708216	10.11777166							0	0	0	-843.84606	0.0008522884459	-92944.8247593969	
843.76606	88	5	7	0.352238789	0.0008514285466	97.88938154	0.8372205212	1.273397941	82.605507	7.269184573	10.12530843							0	0	0	-843.76606	0.0008514285466	-93123.7523284743	
843.68606	88	5	7	0.3528131308	0.0008505702989	97.887192	0.8381556212	1.274652378	82.59249779	7.274659271	10.13284294							0	0	0	-843.68606	0.0008505702989	-93302.8858677509	
843.60606	88	5	7	0.3533864028	0.0008497136983	97.88500157	0.8390913252	1.275907108	82.57949249	7.280132311	10.1403752							0	0	0	-843.60606	0.0008497136983	-93482.2347809619	
843.52606	88	5	7	0.3539586079	0.0008488587406	97.88281023	0.8400276338	1.277162131	82.5664911	7.285603694	10.1479052							0	0	0	-843.52606	0.0008488587406	-93661.7974464892	
843.44606	88	5	7	0.3545297493	0.0008480054213	97.880618	0.8409645479	1.278417447	82.55349362	7.291073421	10.15543296							0	0	0	-843.44606	0.0008480054213	-93841.5724760929	
843.36606	88	5	7	0.3550998298	0.0008471537362	97.87842487	0.8419020684	1.279673057	82.54050004	7.296541492	10.16295847							0	0	0	-843.36606	0.0008471537362	-94021.558210742	
843.28606	88	5	7	0.3556688524	0.0008463036808	97.87623084	0.8428401961	1.28092896	82.52751036	7.302007908	10.17048173							0	0	0	-843.28606	0.0008463036808	-94201.7587941865	
843.20606	88	5	7	0.3562368201	0.000845455251	97.87403591	0.8437789317	1.282185157	82.51452459	7.307472671	10.17800274							0	0	0	-843.20606	0.000845455251	-94382.1781402854	
843.12606	88	5	7	0.3568037359	0.0008446084424	97.87184008	0.8447182762	1.283441649	82.50154271	7.312935782	10.18552151							0	0	0	-843.12606	0.0008446084424	-94562.803696861	
843.04606	88	5	7	0.3573696027	0.0008437632507	97.86964334	0.8456582303	1.284698434	82.48856472	7.31839724	10.19303804							0	0	0	-843.04606	0.0008437632507	-94743.6450791292	
842.96606	88	5	7	0.3579344233	0.0008429196717	97.86744569	0.8465987948	1.285955515	82.47559062	7.323857048	10.20055233							0	0	0	-842.96606	0.0008429196717	-94924.7007486897	
842.88606	88	5	7	0.3584982009	0.0008420777011	97.86524714	0.8475399707	1.28721289	82.46262042	7.329315206	10.20806438							0	0	0	-842.88606	0.0008420777011	-95105.9692353003	
842.80606	88	5	7	0.3590609382	0.0008412373347	97.86304768	0.8484817587	1.28847056	82.4496541	7.334771714	10.21557419							0	0	0	-842.80606	0.0008412373347	-95287.4546609151	
842.72606	88	5	7	0.3596226381	0.0008403985683	97.86084731	0.8494241596	1.289728526	82.43669166	7.340226574	10.22308176							0	0	0	-842.72606	0.0008403985683	-95469.1498225588	
842.64606	88	5	7	0.3601833036	0.0008395613976	97.85864604	0.8503671743	1.290986787	82.42373311	7.345679787	10.23058711							0	0	0	-842.64606	0.0008395613976	-95651.0646760778	
842.56606	88	5	7	0.3607429375	0.0008387258186	97.85644385	0.8513108037	1.292245344	82.41077843	7.351131354	10.23809022							0	0	0	-842.56606	0.0008387258186	-95833.1976358719	
842.48606	88	5	7	0.3613015426	0.000837891827	97.85424075	0.8522550484	1.293504198	82.39782763	7.356581275	10.2455911							0	0	0	-842.48606	0.000837891827	-96015.5357921335	
842.40606	88	5	7	0.3618591219	0.0008370594186	97.85203674	0.8531999095	1.294763348	82.3848807	7.362029551	10.25308975							0	0	0	-842.40606	0.0008370594186	-96198.0948964842	
842.32606	88	5	7	0.3624156782	0.0008362285894	97.84983182	0.8541453877	1.296022794	82.37193765	7.367476184	10.26058617							0	0	0	-842.32606	0.0008362285894	-96380.8675904605	
842.24606	88	5	7	0.3629712144	0.0008353993351	97.84762598	0.8550914838	1.297282537	82.35899846	7.372921174	10.26808037							0	0	0	-842.24606	0.0008353993351	-96563.8583295039	
842.16606	88	5	7	0.3635257331	0.0008345716518	97.84541922	0.8560381987	1.298542577	82.34606314	7.378364522	10.27557234							0	0	0	-842.16606	0.0008345716518	-96747.0595868156	
842.08606	88	5	7	0.3640792373	0.0008337455351	97.84321155	0.8569855332	1.299802915	82.33313168	7.383806228	10.28306209							0	0	0	-842.08606	0.0008337455351	-96930.4759155052	
842.00606	88	5	7	0.3646317298	0.0008329209812	97.84100296	0.8579334882	1.301063551	82.32020408	7.389246295	10.29054962							0	0	0	-842.00606	0.0008329209812	-97114.1173690789	
841.92606	88	5	7	0.3651832134	0.0008320979859	97.83879345	0.8588820645	1.302324484	82.30728035	7.394684723	10.29803493							0	0	0	-841.92606	0.0008320979859	-97297.9649103826	
841.84606	88	5	7	0.3657336908	0.0008312765451	97.83658302	0.8598312629	1.303585715	82.29436046	7.400121512	10.30551803							0	0	0	-841.84606	0.0008312765451	-97482.0347629805	
841.76606	88	5	7	0.3662831648	0.0008304566549	97.83437167	0.8607810842	1.304847245	82.28144443	7.405556663	10.3129989							0	0	0	-841.76606	0.0008304566549	-97666.3194204747	
841.68606	88	5	7	0.3668316382	0.0008296383111	97.8321594	0.8617315294	1.306109073	82.26853225	7.410990179	10.32047757							0	0	0	-841.68606	0.0008296383111	-97850.8174999701	
841.60606	88	5	7	0.3673791138	0.0008288215098	97.8299462	0.8626825992	1.307371201	82.25562392	7.416422058	10.32795402							0	0	0	-841.60606	0.0008288215098	-98035.5333598768	
841.52606	88	5	7	0.3679255942	0.0008280062469	97.82773208	0.8636342945	1.308633627	82.24271944	7.421852303	10.33542826							0	0	0	-841.52606	0.0008280062469	-98220.4656053527	
841.44606	88	5	7	0.3684710823	0.0008271925185	97.82551703	0.8645866162	1.309896353	82.22981879	7.427280914	10.34290029							0	0	0	-841.44606	0.0008271925185	-98405.6187176087	
841.36606	88	5	7	0.3690155807	0.0008263803206	97.82330106	0.865539565	1.311159378	82.21692199	7.432707892	10.35037012							0	0	0	-841.36606	0.0008263803206	-98590.9851915385	
841.28606	88	5	7	0.3695590922	0.0008255696492	97.82108415	0.8664931418	1.312422704	82.20402903	7.438133237	10.35783774							0	0	0	-841.28606	0.0008255696492	-98776.5696098271	
841.20606	88	5	7	0.3701016194	0.0008247605004	97.81886632	0.8674473475	1.313686329	82.1911399	7.443556952	10.36530315							0	0	0	-841.20606	0.0008247605004	-98962.3704391201	
841.12606	88	5	7	0.3706431651	0.0008239528702	97.81664756	0.8684021829	1.314950255	82.1782546	7.448979036	10.37276636							0	0	0	-841.12606	0.0008239528702	-99148.3862202468	
841.04606	88	5	7	0.3711837319	0.0008231467547	97.81442787	0.8693576489	1.316214482	82.16537313	7.454399492	10.38022737							0	0	0	-841.04606	0.0008231467547	-99334.6277649429	
840.96606	88	5	7	0.3717233226	0.0008223421501	97.81220724	0.8703137463	1.317479009	82.15249549	7.459818318	10.38768619							0	0	0	-840.96606	0.0008223421501	-99521.0811983056	
840.88606	88	5	7	0.3722619398	0.0008215390523	97.80998569	0.8712704759	1.318743838	82.13962168	7.465235517	10.3951428							0	0	0	-840.88606	0.0008215390523	-99707.7513384263	
840.80606	88	5	7	0.3727995861	0.0008207374576	97.80776319	0.8722278386	1.320008968	82.12675169	7.47065109	10.40259722							0	0	0	-840.80606	0.0008207374576	-99894.6490137563	
840.72606	88	5	7	0.3733362642	0.0008199373621	97.80553977	0.8731858352	1.3212744	82.11388552	7.476065036	10.41004945							0	0	0	-840.72606	0.0008199373621	-100081.76036672	
840.64606	88	5	7	0.3738719767	0.0008191387619	97.8033154	0.8741444667	1.322540133	82.10102316	7.481477358	10.41749948							0	0	0	-840.64606	0.0008191387619	-100269.08385663	
840.56606	88	5	7	0.3744067263	0.0008183416531	97.8010901	0.8751037338	1.323806169	82.08816462	7.486888056	10.42494732							0	0	0	-840.56606	0.0008183416531	-100456.630586349	
840.48606	88	5	7	0.3749405156	0.000817546032	97.79886386	0.8760636374	1.325072507	82.0753099	7.49229713	10.43239297							0	0	0	-840.48606	0.000817546032	-100644.399026509	
840.40606	88	5	7	0.3754733472	0.0008167518947	97.79663667	0.8770241784	1.326339148	82.06245898	7.497704583	10.43983644							0	0	0	-840.40606	0.0008167518947	-100832.381441388	
840.32606	88	5	7	0.3760052236	0.0008159592374	97.79440855	0.8779853576	1.327606092	82.04961187	7.503110414	10.44727772							0	0	0	-840.32606	0.0008159592374	-101020.582644971	
840.24606	88	5	7	0.3765361476	0.0008151680563	97.79217948	0.8789471758	1.328873339	82.03676856	7.508514625	10.45471681							0	0	0	-840.24606	0.0008151680563	-101209.007576232	
840.16606	88	5	7	0.3770661216	0.0008143783477	97.78994948	0.8799096339	1.33014089	82.02392906	7.513917216	10.46215372							0	0	0	-840.16606	0.0008143783477	-101397.648305104	
840.08606	88	5	7	0.3775951483	0.0008135901077	97.78771852	0.8808727329	1.331408744	82.01109336	7.519318189	10.46958846							0	0	0	-840.08606	0.0008135901077	-101586.509879218	
840.00606	88	5	7	0.3781232302	0.0008128033327	97.78548662	0.8818364734	1.332676902	81.99826145	7.524717544	10.47702101							0	0	0	-840.00606	0.0008128033327	-101775.590687924	
839.92606	88	5	7	0.3786503698	0.0008120180188	97.78325378	0.8828008565	1.333945365	81.98543334	7.530115283	10.48445138							0	0	0	-839.92606	0.0008120180188	-101964.895913236	
839.84606	88	5	7	0.3791765697	0.0008112341625	97.78101999	0.8837658829	1.335214132	81.97260901	7.535511405	10.49187958							0	0	0	-839.84606	0.0008112341625	-102154.41738654	
839.76606	88	5	7	0.3797018325	0.0008104517598	97.77878524	0.8847315535	1.336483203	81.95978848	7.540905912	10.4993056							0	0	0	-839.76606	0.0008104517598	-102344.153830931	
839.68606	88	5	7	0.3802261607	0.0008096708072	97.77654955	0.8856978691	1.33775258	81.94697174	7.546298806	10.50672946							0	0	0	-839.68606	0.0008096708072	-102534.123252953	
839.60606	88	5	7	0.3807495567	0.000808891301	97.77431291	0.8866648307	1.339022262	81.93415878	7.551690086	10.51415114							0	0	0	-839.60606	0.000808891301	-102724.304556381	
839.52606	88	5	7	0.3812720232	0.0008081132374	97.77207531	0.8876324391	1.340292249	81.9213496	7.557079754	10.52157065							0	0	0	-839.52606	0.0008081132374	-102914.702863325	
839.44606	88	5	7	0.3817935625	0.0008073366128	97.76983676	0.8886006952	1.341562542	81.9085442	7.56246781	10.52898799							0	0	0	-839.44606	0.0008073366128	-103105.329898296	
839.36606	88	5	7	0.3823141772	0.0008065614236	97.76759726	0.8895695997	1.342833141	81.89574257	7.567854257	10.53640317							0	0	0	-839.36606	0.0008065614236	-103296.177582634	
839.28606	88	5	7	0.3828338699	0.0008057876661	97.7653568	0.8905391537	1.344104047	81.88294472	7.573239093	10.54381618							0	0	0	-839.28606	0.0008057876661	-103487.244490145	
839.20606	88	5	7	0.3833526428	0.0008050153367	97.76311538	0.8915093579	1.345375259	81.87015065	7.578622321	10.55122703							0	0	0	-839.20606	0.0008050153367	-103678.529078561	
839.12606	88	5	7	0.3838704986	0.0008042444317	97.76087301	0.8924802132	1.346646777	81.85736034	7.584003941	10.55863572							0	0	0	-839.12606	0.0008042444317	-103870.043423319	
839.04606	88	5	7	0.3843874397	0.0008034749477	97.75862968	0.8934517205	1.347918603	81.84457379	7.589383954	10.56604225							0	0	0	-839.04606	0.0008034749477	-104061.772411517	
838.96606	88	5	7	0.3849034685	0.0008027068808	97.75638538	0.8944238807	1.349190736	81.83179101	7.594762361	10.57344663							0	0	0	-838.96606	0.0008027068808	-104253.721565725	
838.88606	88	5	7	0.3854185874	0.0008019402277	97.75414013	0.8953966945	1.350463177	81.819012	7.600139163	10.58084884							0	0	0	-838.88606	0.0008019402277	-104445.902785896	
838.80606	88	5	7	0.385932799	0.0008011749847	97.75189391	0.896370163	1.351735925	81.80623674	7.60551436	10.5882489							0	0	0	-838.80606	0.0008011749847	-104638.301182644	
838.72606	88	5	7	0.3864461055	0.0008004111483	97.74964673	0.8973442869	1.353008982	81.79346523	7.610887955	10.59564681							0	0	0	-838.72606	0.0008004111483	-104830.922028145	
838.64606	88	5	7	0.3869585096	0.0007996487149	97.74739859	0.8983190672	1.354282347	81.78069748	7.616259947	10.60304257							0	0	0	-838.64606	0.0007996487149	-105023.756991746	
838.56606	88	5	7	0.3874700134	0.0007988876809	97.74514948	0.8992945047	1.35555602	81.76793348	7.621630337	10.61043618							0	0	0	-838.56606	0.0007988876809	-105216.825351732	
838.48606	88	5	7	0.3879806195	0.000798128043	97.7428994	0.9002706002	1.356830002	81.75517323	7.626999127	10.61782764							0	0	0	-838.48606	0.000798128043	-105410.11864178	
838.40606	88	5	7	0.3884903302	0.0007973697975	97.74064835	0.9012473547	1.358104294	81.74241673	7.632366318	10.62521695							0	0	0	-838.40606	0.0007973697975	-105603.621637727	
838.32606	88	5	7	0.3889991479	0.0007966129409	97.73839634	0.9022247691	1.359378895	81.72966397	7.637731909	10.63260412							0	0	0	-838.32606	0.0007966129409	-105797.360715684	
838.24606	88	5	7	0.3895070751	0.0007958574699	97.73614335	0.9032028441	1.360653805	81.71691495	7.643095903	10.63998915							0	0	0	-838.24606	0.0007958574699	-105991.320362386	
838.16606	88	5	7	0.3900141139	0.0007951033808	97.73388939	0.9041815808	1.361929026	81.70416966	7.648458299	10.64737204							0	0	0	-838.16606	0.0007951033808	-106185.492223116	
838.08606	88	5	7	0.3905202669	0.0007943506702	97.73163446	0.9051609799	1.363204556	81.69142812	7.653819099	10.65475278							0	0	0	-838.08606	0.0007943506702	-106379.902956541	
838.00606	88	5	7	0.3910255363	0.0007935993348	97.72937856	0.9061410423	1.364480397	81.6786903	7.659178304	10.66213139							0	0	0	-838.00606	0.0007935993348	-106574.536973087	
837.92606	88	5	7	0.3915299245	0.000792849371	97.72712168	0.907121769	1.365756549	81.66595622	7.664535915	10.66950786							0	0	0	-837.92606	0.000792849371	-106769.385817029	
837.84606	88	5	7	0.3920334338	0.0007921007754	97.72486383	0.9081031607	1.367033011	81.65322587	7.669891933	10.6768822							0	0	0	-837.84606	0.0007921007754	-106964.462182854	
837.76606	88	5	7	0.3925360666	0.0007913535446	97.722605	0.9090852185	1.368309785	81.64049924	7.675246358	10.68425441							0	0	0	-837.76606	0.0007913535446	-107159.76465486	
837.68606	88	5	7	0.3930378252	0.0007906076752	97.72034519	0.9100679431	1.36958687	81.62777633	7.680599191	10.69162448							0	0	0	-837.68606	0.0007906076752	-107355.284571069	
837.60606	88	5	7	0.3935387118	0.0007898631637	97.7180844	0.9110513355	1.370864267	81.61505714	7.685950433	10.69899242							0	0	0	-837.60606	0.0007898631637	-107551.034967407	
837.52606	88	5	7	0.3940387288	0.0007891200069	97.71582263	0.9120353965	1.372141976	81.60234168	7.691300086	10.70635824							0	0	0	-837.52606	0.0007891200069	-107747.014299336	
837.44606	88	5	7	0.3945378784	0.0007883782013	97.71355988	0.913020127	1.373419998	81.58962992	7.69664815	10.71372193							0	0	0	-837.44606	0.0007883782013	-107943.214012919	
837.36606	88	5	7	0.3950361631	0.0007876377436	97.71129614	0.9140055279	1.374698331	81.57692188	7.701994625	10.72108349							0	0	0	-837.36606	0.0007876377436	-108139.647173649	
837.28606	88	5	7	0.3955335849	0.0007868986305	97.70903142	0.9149916002	1.375976978	81.56421755	7.707339514	10.72844293							0	0	0	-837.28606	0.0007868986305	-108336.29770076	
837.20606	88	5	7	0.3960301462	0.0007861608585	97.70676572	0.9159783446	1.377255937	81.55151693	7.712682816	10.73580025							0	0	0	-837.20606	0.0007861608585	-108533.164167664	
837.12606	88	5	7	0.3965258493	0.0007854244243	97.70449903	0.9169657621	1.37853521	81.53882001	7.718024533	10.74315545							0	0	0	-837.12606	0.0007854244243	-108730.267164682	
837.04606	88	5	7	0.3970206964	0.0007846893247	97.70223135	0.9179538535	1.379814797	81.5261268	7.723364666	10.75050854							0	0	0	-837.04606	0.0007846893247	-108927.597869889	
836.96606	88	5	7	0.3975146897	0.0007839555563	97.69996268	0.9189426199	1.381094697	81.51343728	7.728703214	10.7578595							0	0	0	-836.96606	0.0007839555563	-109125.154967965	
836.88606	88	5	7	0.3980078315	0.0007832231159	97.69769303	0.9199320619	1.382374911	81.50075147	7.734040181	10.76520835							0	0	0	-836.88606	0.0007832231159	-109322.92941575	
836.80606	88	5	7	0.398500124	0.000782492	97.69542238	0.9209221806	1.38365544	81.48806934	7.739375565	10.77255509							0	0	0	-836.80606	0.000782492	-109520.934886305	
836.72606	88	5	7	0.3989915695	0.0007817622056	97.69315074	0.9219129768	1.384936284	81.47539091	7.744709369	10.77989972							0	0	0	-836.72606	0.0007817622056	-109719.177268805	
836.64606	88	5	7	0.3994821701	0.0007810337293	97.69087811	0.9229044515	1.386217442	81.46271617	7.750041592	10.78724223							0	0	0	-836.64606	0.0007810337293	-109917.632719922	
836.56606	88	5	7	0.3999719281	0.0007803065678	97.68860448	0.9238966055	1.387498915	81.45004512	7.755372237	10.79458264							0	0	0	-836.56606	0.0007803065678	-110116.31480974	
836.48606	88	5	7	0.4004608457	0.0007795807179	97.68632986	0.9248894397	1.388780704	81.43737775	7.760701303	10.80192094							0	0	0	-836.48606	0.0007795807179	-110315.237309962	
836.40606	88	5	7	0.4009489249	0.0007788561765	97.68405424	0.925882955	1.390062809	81.42471407	7.766028793	10.80925714							0	0	0	-836.40606	0.0007788561765	-110514.375891443	
836.32606	88	5	7	0.4014361682	0.0007781329401	97.68177762	0.9268771524	1.391345229	81.41205406	7.771354705	10.81659123							0	0	0	-836.32606	0.0007781329401	-110713.736907113	
836.24606	88	5	7	0.4019225775	0.0007774110057	97.6795	0.9278720326	1.392627966	81.39939773	7.776679042	10.82392322							0	0	0	-836.24606	0.0007774110057	-110913.341740557	
836.16606	88	5	7	0.4024081551	0.0007766903701	97.67722138	0.9288675967	1.393911019	81.38674508	7.782001805	10.83125311							0	0	0	-836.16606	0.0007766903701	-111113.166013193	
836.08606	88	5	7	0.4028929032	0.00077597103	97.67494177	0.9298638455	1.395194389	81.3740961	7.787322994	10.83858091							0	0	0	-836.08606	0.00077597103	-111313.216029726	
836.00606	88	5	7	0.4033768238	0.0007752529823	97.67266114	0.93086078	1.396478076	81.36145079	7.79264261	10.8459066							0	0	0	-836.00606	0.0007752529823	-111513.490223354	
835.92606	88	5	7	0.4038599192	0.0007745362237	97.67037952	0.9318584009	1.39776208	81.34880914	7.797960654	10.85323021							0	0	0	-835.92606	0.0007745362237	-111713.995061351	
835.84606	88	5	7	0.4043421915	0.0007738207512	97.66809689	0.9328567093	1.399046402	81.33617116	7.803277127	10.86055171							0	0	0	-835.84606	0.0007738207512	-111914.736827043	
835.76606	88	5	7	0.4048236428	0.0007731065616	97.66581325	0.933855706	1.400331042	81.32353684	7.80859203	10.86787113							0	0	0	-835.76606	0.0007731065616	-112115.706411969	
835.68606	88	5	7	0.4053042753	0.0007723936518	97.66352861	0.934855392	1.401615999	81.31090618	7.813905364	10.87518846							0	0	0	-835.68606	0.0007723936518	-112316.902322878	
835.60606	88	5	7	0.405784091	0.0007716820186	97.66124296	0.9358557681	1.402901275	81.29827918	7.81921713	10.88250369							0	0	0	-835.60606	0.0007716820186	-112518.323162598	
835.52606	88	5	7	0.406263092	0.0007709716589	97.65895629	0.9368568353	1.40418687	81.28565583	7.824527328	10.88981684							0	0	0	-835.52606	0.0007709716589	-112719.975374539	
835.44606	88	5	7	0.4067412806	0.0007702625696	97.65666862	0.9378585944	1.405472784	81.27303613	7.829835959	10.89712791							0	0	0	-835.44606	0.0007702625696	-112921.849559661	
835.36606	88	5	7	0.4072186587	0.0007695547475	97.65437994	0.9388610464	1.406759016	81.26042008	7.835143025	10.90443689							0	0	0	-835.36606	0.0007695547475	-112904.05659296	
835.35606	88	5	7	0.407278331	9.63437016E-05	97.65409385	0.9389863331	1.406919819	81.25884334	7.835806286	10.90535037							0	0	0	-835.35606	9.63437016E-05	-10769.1332146609	
835.33606	88	5	7	0.4078093314	0.0007723366814	97.65314088	0.9398974542	1.406961662	81.25327935	7.841820643	10.90490001	6.46823613E-05	0	99.99993532				0	0	0	-835.33606	0.0007723366814	37.8620816621091	
835.31606	88	5	7	0.4086661538	0.001232191909	97.65188374	0.9413347933	1.40678147	81.24579389	7.851566229	10.90263988	6.465688055E-05	0	99.99993534				0	0	0	-835.31606	0.001232191909	40.5066354890074	
835.27606	88	5	7	0.4103759485	0.002462125283	97.64936364	0.9442150861	1.406421277	81.2308061	7.871079174	10.89811473	6.460594564E-05	0	99.99993539				0	0	0	-835.27606	0.002462125283	32.6401660937644	
835.19606	88	5	7	0.413766227	0.004895674338	97.64432201	0.9499768759	1.405701116	81.20087959	7.910054003	10.88906641	6.450417996E-05	0	99.9999355				0	0	0	-835.19606	0.004895674338	-2707.0304269241	
835.11606	88	5	7	0.4171168201	0.004865749204	97.63927215	0.9557464378	1.404981414	81.1709846	7.949000914	10.88001448	6.440255362E-05	0	99.9999356				0	0	0	-835.11606	0.004865749204	-2852.94072125285	
835.03606	88	5	7	0.4204307987	0.004839191704	97.63421402	0.9615238153	1.404262169	81.14112084	7.987920224	10.87095894	6.430106645E-05	0	99.9999357				0	0	0	-835.03606	0.004839191704	-3029.13881376612	
834.95606	88	5	7	0.4237087604	0.004812925694	97.62914759	0.9673090232	1.403543384	81.11128815	8.026812078	10.86189977	6.41997183E-05	0	99.9999358				0	0	0	-834.95606	0.004812925694	-3062.39297863765	
834.87606	88	5	7	0.4269512877	0.004786941931	97.62407287	0.9731020708	1.402825056	81.08148642	8.065676584	10.85283699	6.4098509E-05	0	99.9999359				0	0	0	-834.87606	0.004786941931	-3095.57401756828	
834.79606	88	5	7	0.4301589504	0.004761236009	97.61898985	0.9789029676	1.402107187	81.05171554	8.104513849	10.84377061	6.39974384E-05	0	99.999936				0	0	0	-834.79606	0.004761236009	-3128.94740170265	
834.71606	88	5	7	0.4333323061	0.004735803598	97.6138985	0.9847117227	1.401389776	81.02197538	8.143323979	10.83470064	6.389650635E-05	0	99.9999361				0	0	0	-834.71606	0.004735803598	-3162.5118902869	
834.63606	88	5	7	0.436471901	0.004710640448	97.60879883	0.9905283458	1.400672823	80.99226583	8.18210708	10.82562709	6.379571267E-05	0	99.9999362				0	0	0	-834.63606	0.004710640448	-3196.26724601232	
834.55606	88	5	7	0.4395782695	0.004685742398	97.60369083	0.9963528461	1.399956327	80.96258677	8.22086326	10.81654997	6.369505722E-05	0	99.9999363				0	0	0	-834.55606	0.004685742398	-3230.21359488358	
834.47606	88	5	7	0.4426519351	0.004661105369	97.59857448	1.002185233	1.399240288	80.93293809	8.259592622	10.80746929	6.359453984E-05	0	99.99993641				0	0	0	-834.47606	0.004661105369	-3264.35129943482	
834.39606	88	5	7	0.4456934103	0.00463672537	97.59344978	1.008025517	1.398524706	80.90331967	8.298295272	10.79838505	6.349416036E-05	0	99.99993651				0	0	0	-834.39606	0.00463672537	-3298.68052119357	
834.31606	88	5	7	0.4487031969	0.004612598485	97.58831671	1.013873706	1.397809582	80.87373141	8.336971316	10.78929728	6.339391864E-05	0	99.99993661				0	0	0	-834.31606	0.004612598485	-3333.20131608338	
834.23606	88	5	7	0.4516817866	0.00458872088	97.58317528	1.01972981	1.397094914	80.84417318	8.375620857	10.78020597	6.329381451E-05	0	99.99993671				0	0	0	-834.23606	0.00458872088	-3367.91406203825	
834.15606	88	5	7	0.4546296609	0.004565088797	97.57802546	1.02559384	1.396380703	80.81464487	8.414243999	10.77111114	6.319384782E-05	0	99.99993681				0	0	0	-834.15606	0.004565088797	-3402.81908073094	
834.07606	88	5	7	0.4575472916	0.004541698555	97.57286725	1.031465804	1.395666948	80.78514637	8.452840845	10.76201279	6.309401841E-05	0	99.99993691				0	0	0	-834.07606	0.004541698555	-3437.91637466159	
833.99606	88	5	7	0.4604351408	0.004518546541	97.56770064	1.037345713	1.394953649	80.75567756	8.491411499	10.75291094	6.299432613E-05	0	99.99993701				0	0	0	-833.99606	0.004518546541	-3473.20623181031	
833.91606	88	5	7	0.4632936614	0.004495629219	97.56252562	1.043233575	1.394240806	80.72623834	8.529956063	10.7438056	6.28947708E-05	0	99.99993711				0	0	0	-833.91606	0.004495629219	-3508.68895539236	
833.83606	88	5	7	0.4661232972	0.004472943118	97.55734218	1.049129401	1.393528419	80.69682859	8.56847464	10.73469677	6.279535229E-05	0	99.9999372				0	0	0	-833.83606	0.004472943118	-3544.3646037515	
833.75606	88	5	7	0.4689244831	0.004450484837	97.55215031	1.055033201	1.392816488	80.66744821	8.606967332	10.72558446	6.269607044E-05	0	99.9999373				0	0	0	-833.75606	0.004450484837	-3580.23355538791	
833.67606	88	5	7	0.4716976454	0.004428251041	97.54695	1.060944984	1.392105012	80.63809707	8.645434239	10.71646869	6.259692508E-05	0	99.9999374				0	0	0	-833.67606	0.004428251041	-3616.29598034509	
833.59606	88	5	7	0.4744432019	0.004406238459	97.54174125	1.06686476	1.391393991	80.60877508	8.683875463	10.70734946	6.249791606E-05	0	99.9999375				0	0	0	-833.59606	0.004406238459	-3652.5520589481	
833.51606	88	5	7	0.4771615623	0.004384443883	97.53652404	1.072792539	1.390683425	80.57948211	8.722291105	10.69822678	6.239904322E-05	0	99.9999376				0	0	0	-833.51606	0.004384443883	-3689.00205869704	
833.43606	88	5	7	0.4798531283	0.004362864167	97.53129835	1.078728332	1.389973314	80.55021807	8.760681265	10.68910067	6.230030642E-05	0	99.9999377				0	0	0	-833.43606	0.004362864167	-3725.6461585646	
833.35606	88	5	7	0.4825182935	0.004341496224	97.5260642	1.084672146	1.389263657	80.52098283	8.799046043	10.67997112	6.220170548E-05	0	99.9999378				0	0	0	-833.35606	0.004341496224	-3762.48461989493	
833.27606	88	5	7	0.4851574441	0.004320337027	97.52082155	1.090623994	1.388554455	80.4917763	8.837385539	10.67083816	6.210324027E-05	0	99.9999379				0	0	0	-833.27606	0.004320337027	-3799.51768108761	
833.19606	88	5	7	0.487770959	0.004299383605	97.51557041	1.096583885	1.387845707	80.46259837	8.875699851	10.66170178	6.200491061E-05	0	99.999938				0	0	0	-833.19606	0.004299383605	-3836.74547209723	
833.11606	88	5	7	0.4903592094	0.004278633043	97.51031076	1.102551828	1.387137413	80.43344892	8.913989078	10.652562	6.190671636E-05	0	99.99993809				0	0	0	-833.11606	0.004278633043	-3874.16826868767	
833.03606	88	5	7	0.4929225597	0.004258082481	97.50504259	1.108527834	1.386429573	80.40432785	8.952253319	10.64341883	6.180865736E-05	0	99.99993819				0	0	0	-833.03606	0.004258082481	-3911.78630875356	
832.95606	88	5	7	0.4954613673	0.004237729112	97.4997659	1.114511914	1.385722187	80.37523506	8.990492672	10.63427227	6.171073346E-05	0	99.99993829				0	0	0	-832.95606	0.004237729112	-3949.59978511253	
832.87606	88	5	7	0.4979759828	0.004217570181	97.49448067	1.120504076	1.385015254	80.34617043	9.028707234	10.62512234	6.16129445E-05	0	99.99993839				0	0	0	-832.87606	0.004217570181	-3987.60903288832	
832.79606	88	5	7	0.5004667502	0.004197602985	97.48918689	1.126504332	1.384308774	80.31713386	9.066897103	10.61596904	6.151529032E-05	0	99.99993848				0	0	0	-832.79606	0.004197602985	-4025.81422293236	
832.71606	88	5	7	0.5029340072	0.004177824869	97.48388456	1.132512692	1.383602748	80.28812524	9.105062375	10.60681238	6.141777078E-05	0	99.99993858				0	0	0	-832.71606	0.004177824869	-4064.2154598264	
832.63606	88	5	7	0.5053780848	0.004158233227	97.47857366	1.138529165	1.382897174	80.25914447	9.143203147	10.59765238	6.132038571E-05	0	99.99993868				0	0	0	-832.63606	0.004158233227	-4102.81296351086	
832.55606	88	5	7	0.5077993083	0.0041388255	97.47325418	1.144553763	1.382192053	80.23019145	9.181319514	10.58848903	6.122313496E-05	0	99.99993878				0	0	0	-832.55606	0.0041388255	-4141.60719562567	
832.47606	88	5	7	0.5101979967	0.004119599178	97.46792612	1.150586495	1.381487385	80.20126607	9.219411574	10.57932236	6.112601838E-05	0	99.99993887				0	0	0	-832.47606	0.004119599178	-4180.59830297839	
832.39606	88	5	7	0.5125744631	0.004100551793	97.46258946	1.156627371	1.380783169	80.17236822	9.25747942	10.57015236	6.102903581E-05	0	99.99993897				0	0	0	-832.39606	0.004100551793	-4219.78623155152	
832.31606	88	5	7	0.5149290151	0.004081680922	97.45724419	1.162676403	1.380079405	80.1434978	9.295523149	10.56097905	6.09321871E-05	0	99.99993907				0	0	0	-832.31606	0.004081680922	-4259.17146759346	
832.23606	88	5	7	0.5172619544	0.004062984187	97.45189031	1.168733601	1.379376093	80.11465472	9.333542854	10.55180243	6.08354721E-05	0	99.99993916				0	0	0	-832.23606	0.004062984187	-4298.7543901843	
832.15606	88	5	7	0.5195735774	0.004044459252	97.44652779	1.174798975	1.378673232	80.08583885	9.37153863	10.54262252	6.073889065E-05	0	99.99993926				0	0	0	-832.15606	0.004044459252	-4338.53490770125	
832.07606	88	5	7	0.521864175	0.00402610382	97.44115664	1.180872535	1.377970824	80.05705011	9.409510571	10.53343931	6.06424426E-05	0	99.99993936				0	0	0	-832.07606	0.00402610382	-4378.5132616422	
831.99606	88	5	7	0.5241340331	0.004007915637	97.43577684	1.186954293	1.377268867	80.0282884	9.44745877	10.52425283	6.054612779E-05	0	99.99993945				0	0	0	-831.99606	0.004007915637	-4418.69002124712	
831.91606	88	5	7	0.5263834321	0.003989892489	97.43038838	1.193044258	1.37656736	79.9995536	9.485383321	10.51506308	6.044994607E-05	0	99.99993955				0	0	0	-831.91606	0.003989892489	-4459.06512726254	
831.83606	88	5	7	0.5286126476	0.003972032198	97.42499125	1.199142442	1.375866305	79.97084561	9.523284316	10.50587007	6.035389728E-05	0	99.99993965				0	0	0	-831.83606	0.003972032198	-4499.63860485298	
831.75606	88	5	7	0.5308219505	0.003954332625	97.41958544	1.205248855	1.375165701	79.94216435	9.561161848	10.4966738	6.025798129E-05	0	99.99993974				0	0	0	-831.75606	0.003954332625	-4540.41118979539	
831.67606	88	5	7	0.5330116064	0.003936791671	97.41417095	1.211363507	1.374465548	79.9135097	9.599016009	10.48747429	6.016219792E-05	0	99.99993984				0	0	0	-831.67606	0.003936791671	-4581.38292857102	
831.59606	88	5	7	0.5351818768	0.003919407269	97.40874775	1.21748641	1.373765844	79.88488157	9.63684689	10.47827154	6.006654703E-05	0	99.99993993				0	0	0	-831.59606	0.003919407269	-4622.5536955857	
831.51606	88	5	7	0.5373330181	0.003902177389	97.40331583	1.223617574	1.373066592	79.85627985	9.674654583	10.46906557	5.997102847E-05	0	99.99994003				0	0	0	-831.51606	0.003902177389	-4663.92421642572	
831.43606	88	5	7	0.5394652824	0.003885100038	97.3978752	1.229757011	1.372367789	79.82770445	9.712439179	10.45985637	5.987564208E-05	0	99.99994012				0	0	0	-831.43606	0.003885100038	-4705.49461546781	
831.35606	88	5	7	0.5415789177	0.003868173254	97.39242583	1.23590473	1.371669436	79.79915527	9.750200769	10.45064396	5.978038771E-05	0	99.99994022				0	0	0	-831.35606	0.003868173254	-4747.26481503746	
831.27606	88	5	7	0.5436741672	0.003851395109	97.38696772	1.242060743	1.370971533	79.77063221	9.787939442	10.44142835	5.968526521E-05	0	99.99994031				0	0	0	-831.27606	0.003851395109	-4789.23519618705	
831.19606	88	5	7	0.5457512702	0.003834763708	97.38150086	1.24822506	1.37027408	79.74213517	9.82565529	10.43220954	5.959027443E-05	0	99.99994041				0	0	0	-831.19606	0.003834763708	-4831.40621043987	
831.11606	88	5	7	0.5478104619	0.003818277189	97.37602523	1.254397694	1.369577075	79.71366405	9.863348401	10.42298755	5.94954152E-05	0	99.9999405				0	0	0	-831.11606	0.003818277189	-4873.77792180171	
831.03606	88	5	7	0.5498519733	0.003801933719	97.37054083	1.260578654	1.36888052	79.68521876	9.901018865	10.41376238	5.94006874E-05	0	99.9999406				0	0	0	-831.03606	0.003801933719	-4916.3506027675	
830.95606	88	5	7	0.5518760316	0.003785731498	97.36504763	1.266767952	1.368184414	79.65679919	9.938666771	10.40453404	5.930609085E-05	0	99.99994069				0	0	0	-830.95606	0.003785731498	-4959.12439237759	
830.87606	88	5	7	0.5538828602	0.003769668753	97.35954564	1.272965598	1.367488757	79.62840526	9.976292207	10.39530253	5.921162541E-05	0	99.99994079				0	0	0	-830.87606	0.003769668753	-5002.0994929267	
830.79606	88	5	7	0.5558726785	0.003753743743	97.35403485	1.279171605	1.366793549	79.60003686	10.01389526	10.38606788	5.911729092E-05	0	99.99994088				0	0	0	-830.79606	0.003753743743	-5045.27627201833	
830.71606	88	5	7	0.5578457025	0.003737954754	97.34851523	1.285385983	1.366098789	79.5716939	10.05147602	10.37683007	5.902308724E-05	0	99.99994098				0	0	0	-830.71606	0.003737954754	-5088.65483404559	
830.63606	88	5	7	0.5598021442	0.003722300101	97.34298678	1.291608743	1.365404477	79.54337629	10.08903458	10.36758913	5.892901422E-05	0	99.99994107				0	0	0	-830.63606	0.003722300101	-5132.23562235379	
830.55606	88	5	7	0.5617422125	0.003706778127	97.33744949	1.297839897	1.364710614	79.51508392	10.12657101	10.35834507	5.88350717E-05	0	99.99994116				0	0	0	-830.55606	0.003706778127	-5176.018779969	
830.47606	88	5	7	0.5636661125	0.003691387201	97.33190335	1.304079455	1.364017198	79.48681671	10.16408542	10.34909788	5.874125953E-05	0	99.99994126				0	0	0	-830.47606	0.003691387201	-5220.00429746997	
830.39606	88	5	7	0.5655740459	0.003676125718	97.32634834	1.31032743	1.36332423	79.45857455	10.20157788	10.33984757	5.864757756E-05	0	99.99994135				0	0	0	-830.39606	0.003676125718	-5264.19268842474	
830.31606	88	5	7	0.5674662114	0.003660992101	97.32078446	1.316583832	1.36263171	79.43035736	10.23904848	10.33059416	5.855402564E-05	0	99.99994145				0	0	0	-830.31606	0.003660992101	-5308.58430160141	
830.23606	88	5	7	0.569342804	0.003645984797	97.31521169	1.322848674	1.361939637	79.40216504	10.27649731	10.32133766	5.846060363E-05	0	99.99994154				0	0	0	-830.23606	0.003645984797	-5353.17897353488	
830.15606	88	5	7	0.5712040159	0.003631102277	97.30963002	1.329121966	1.361248011	79.37399749	10.31392444	10.31207807	5.836731136E-05	0	99.99994163				0	0	0	-830.15606	0.003631102277	-5397.97706703703	
830.07606	88	5	7	0.5730500359	0.003616343038	97.30403945	1.335403719	1.360556832	79.34585463	10.35132998	10.30281539	5.827414869E-05	0	99.99994173				0	0	0	-830.07606	0.003616343038	-5442.9789350388	
829.99606	88	5	7	0.5748810498	0.0036017056	97.29843995	1.341693947	1.359866101	79.31773636	10.388714	10.29354964	5.818111547E-05	0	99.99994182				0	0	0	-829.99606	0.0036017056	-5488.18475493149	
829.91606	88	5	7	0.5766972405	0.003587188507	97.29283153	1.347992659	1.359175816	79.28964258	10.42607659	10.28428083	5.808821154E-05	0	99.99994191				0	0	0	-829.91606	0.003587188507	-5533.59487285881	
829.83606	88	5	7	0.5784987878	0.003572790326	97.28721415	1.354299868	1.358485977	79.26157322	10.46341782	10.27500896	5.799543677E-05	0	99.999942				0	0	0	-829.83606	0.003572790326	-5579.20923320099	
829.75606	88	5	7	0.5802858688	0.003558509645	97.28158783	1.360615586	1.357796585	79.23352816	10.5007378	10.26573404	5.7902791E-05	0	99.9999421				0	0	0	-829.75606	0.003558509645	-5625.02835232642	
829.67606	88	5	7	0.5820586575	0.003544345077	97.27595254	1.366939824	1.357107639	79.20550733	10.53803659	10.25645608	5.781027407E-05	0	99.99994219				0	0	0	-829.67606	0.003544345077	-5671.05250558017	
829.59606	88	5	7	0.5838173254	0.003530295254	97.27030827	1.373272593	1.356419139	79.17751063	10.57531428	10.24717509	5.771788584E-05	0	99.99994228				0	0	0	-829.59606	0.003530295254	-5717.28156167432	
829.51606	88	5	7	0.5855620412	0.00351635883	97.26465501	1.379613906	1.355731084	79.14953797	10.61257096	10.23789107	5.762562617E-05	0	99.99994237				0	0	0	-829.51606	0.00351635883	-5763.71593935282	
829.43606	88	5	7	0.5872929709	0.00350253448	97.25899275	1.385963775	1.355043476	79.12158926	10.6498067	10.22860403	5.753349489E-05	0	99.99994247				0	0	0	-829.43606	0.00350253448	-5810.35603337425	
829.35606	88	5	7	0.5890102778	0.0034888209	97.25332148	1.392322211	1.354356313	79.09366442	10.6870216	10.21931399	5.744149187E-05	0	99.99994256				0	0	0	-829.35606	0.0034888209	-5857.20198313927	
829.27606	88	5	7	0.5907141228	0.003475216805	97.24764118	1.398689227	1.353669595	79.06576334	10.72421572	10.21002094	5.734961695E-05	0	99.99994265				0	0	0	-829.27606	0.003475216805	-5904.25410441471	
829.19606	88	5	7	0.5924046642	0.003461720931	97.24195184	1.405064834	1.352983322	79.03788594	10.76138916	10.2007249	5.725786998E-05	0	99.99994274				0	0	0	-829.19606	0.003461720931	-5951.51242158714	
829.11606	88	5	7	0.5940820579	0.003448332031	97.23625346	1.411449044	1.352297495	79.01003213	10.798542	10.19142587	5.716625082E-05	0	99.99994283				0	0	0	-829.11606	0.003448332031	-5998.97691187912	
829.03606	88	5	7	0.5957464573	0.003435048878	97.23054602	1.417841869	1.351612112	78.98220183	10.83567431	10.18212386	5.707475932E-05	0	99.99994293				0	0	0	-829.03606	0.003435048878	-6046.64860808909	
828.95606	88	5	7	0.5973980136	0.003421870266	97.2248295	1.424243322	1.350927174	78.95439494	10.87278617	10.17281888	5.698339532E-05	0	99.99994302				0	0	0	-828.95606	0.003421870266	-6094.5273361258	
828.87606	88	5	7	0.5990368754	0.003408795003	97.2191039	1.430653415	1.35024268	78.92661138	10.90987768	10.16351094	5.689215868E-05	0	99.99994311				0	0	0	-828.87606	0.003408795003	-6142.61287056296	
828.79606	88	5	7	0.6006631892	0.003395821917	97.21336921	1.43707216	1.349558631	78.89885106	10.9469489	10.15420005	5.680104926E-05	0	99.9999432				0	0	0	-828.79606	0.003395821917	-6190.90628969737	
828.71606	88	5	7	0.6022770993	0.003382949855	97.20762541	1.443499568	1.348875025	78.87111388	10.98399991	10.14488621	5.671006689E-05	0	99.99994329				0	0	0	-828.71606	0.003382949855	-6239.40741109951	
828.63606	88	5	7	0.6038787477	0.003370177678	97.20187248	1.449935654	1.348191864	78.84339977	11.0210308	10.13556942	5.661921145E-05	0	99.99994338				0	0	0	-828.63606	0.003370177678	-6288.11622342975	
828.55606	88	5	7	0.6054682744	0.003357504266	97.19611043	1.456380428	1.347509146	78.81570864	11.05804165	10.12624971	5.652848277E-05	0	99.99994347				0	0	0	-828.55606	0.003357504266	-6337.03307397118	
828.47606	88	5	7	0.607045817	0.003344928514	97.19033922	1.462833903	1.346826872	78.7880404	11.09503253	10.11692707	5.64378807E-05	0	99.99994356				0	0	0	-828.47606	0.003344928514	-6386.15876506796	
828.39606	88	5	7	0.6086115114	0.003332449337	97.18455887	1.469296092	1.346145042	78.76039496	11.13200353	10.10760151	5.634740512E-05	0	99.99994365				0	0	0	-828.39606	0.003332449337	-6435.49293638294	
828.31606	88	5	7	0.6101654912	0.00332006566	97.17876934	1.475767007	1.345463655	78.73277224	11.16895471	10.09827305	5.625705585E-05	0	99.99994374				0	0	0	-828.31606	0.00332006566	-6485.03569290751	
828.23606	88	5	7	0.611707888	0.003307776429	97.17297063	1.48224666	1.344782711	78.70517216	11.20588616	10.08894168	5.616683277E-05	0	99.99994383				0	0	0	-828.23606	0.003307776429	-6534.78800854152	
828.15606	88	5	7	0.6132388316	0.003295580603	97.16716273	1.488735065	1.34410221	78.67759462	11.24279796	10.07960742	5.607673571E-05	0	99.99994392				0	0	0	-828.15606	0.003295580603	-6584.7497467454	
828.07606	88	5	7	0.6147584498	0.003283477157	97.16134562	1.495232234	1.343422151	78.65003954	11.27969018	10.07027027	5.598676454E-05	0	99.99994401				0	0	0	-828.07606	0.003283477157	-6634.9208740984	
827.99606	88	5	7	0.6162668685	0.003271465079	97.15551929	1.501738179	1.342742536	78.62250684	11.31656291	10.06093025	5.58969191E-05	0	99.9999441				0	0	0	-827.99606	0.003271465079	-6685.30151699323	
827.91606	88	5	7	0.6177642118	0.003259543373	97.14968372	1.508252913	1.342063362	78.59499644	11.3534162	10.05158735	5.580719925E-05	0	99.99994419				0	0	0	-827.91606	0.003259543373	-6735.89220742812	
827.83606	88	5	7	0.6192506019	0.003247711057	97.14383892	1.51477645	1.341384631	78.56750825	11.39025016	10.0422416	5.571760484E-05	0	99.99994428				0	0	0	-827.83606	0.003247711057	-6786.69336986936	
827.75606	88	5	7	0.6207261592	0.003235967164	97.13798486	1.521308801	1.340706343	78.54004218	11.42706484	10.03289298	5.562813574E-05	0	99.99994437				0	0	0	-827.75606	0.003235967164	-6837.7052826648	
827.67606	88	5	7	0.6221910026	0.00322431074	97.13212152	1.52784998	1.340028496	78.51259815	11.46386033	10.02354152	5.553879178E-05	0	99.99994446				0	0	0	-827.67606	0.00322431074	-6888.92809002286	
827.59606	88	5	7	0.6236452488	0.003212740845	97.12624891	1.5344	1.339351091	78.48517609	11.5006367	10.01418722	5.544957282E-05	0	99.99994455				0	0	0	-827.59606	0.003212740845	-6940.36145609469	
827.51606	88	5	7	0.6250890133	0.00320125655	97.120367	1.540958874	1.338674128	78.4577759	11.53739402	10.00483008	5.536047872E-05	0	99.99994464				0	0	0	-827.51606	0.00320125655	-6992.00580310336	
827.43606	88	5	7	0.6265224097	0.003189856942	97.11447578	1.547526614	1.337997606	78.4303975	11.57413237	9.995470124	5.527150933E-05	0	99.99994473				0	0	0	-827.43606	0.003189856942	-7043.86197768714	
827.35606	88	5	7	0.6279455499	0.00317854112	97.10857524	1.554103234	1.337321525	78.40304082	11.61085184	9.986107346	5.518266451E-05	0	99.99994482				0	0	0	-827.35606	0.00317854112	-7095.93008542287	
827.27606	88	5	7	0.6293585444	0.003167308196	97.10266537	1.560688746	1.336645886	78.37570577	11.64755248	9.976741758	5.509394411E-05	0	99.99994491				0	0	0	-827.27606	0.003167308196	-7148.20970822063	
827.19606	88	5	7	0.630761502	0.003156157292	97.09674615	1.567283165	1.335970688	78.34839226	11.68423437	9.967373368	5.500534798E-05	0	99.99994499				0	0	0	-827.19606	0.003156157292	-7200.70121644207	
827.11606	88	5	7	0.6321545299	0.003145087545	97.09081757	1.573886503	1.335295931	78.32110023	11.72089759	9.958002183	5.491687598E-05	0	99.99994508				0	0	0	-827.11606	0.003145087545	-7253.405748344	
827.03606	88	5	7	0.633537734	0.003134098104	97.08487961	1.580498774	1.334621614	78.29382958	11.75754221	9.948628211	5.482852796E-05	0	99.99994517				0	0	0	-827.03606	0.003134098104	-7306.32263320421	
826.95606	88	5	7	0.6349112184	0.003123188127	97.07893227	1.587119991	1.333947738	78.26658023	11.79416831	9.939251459	5.474030378E-05	0	99.99994526				0	0	0	-826.95606	0.003123188127	-7359.45234468354	
826.87606	88	5	7	0.636275086	0.003112356787	97.07297553	1.593750167	1.333274302	78.23935211	11.83077595	9.929871935	5.46522033E-05	0	99.99994535				0	0	0	-826.87606	0.003112356787	-7412.79544853583	
826.79606	88	5	7	0.6376294382	0.003101603266	97.06700938	1.600389315	1.332601307	78.21214514	11.86736521	9.920489646	5.456422636E-05	0	99.99994544				0	0	0	-826.79606	0.003101603266	-7466.35131322837	
826.71606	88	5	7	0.6389743749	0.003090926757	97.0610338	1.60703745	1.331928751	78.18495923	11.90393617	9.911104599	5.447637282E-05	0	99.99994552				0	0	0	-826.71606	0.003090926757	-7520.12080620529	
826.63606	88	5	7	0.6403099946	0.003080326466	97.05504878	1.613694585	1.331256636	78.15779431	11.94048889	9.901716804	5.438864255E-05	0	99.99994561				0	0	0	-826.63606	0.003080326466	-7574.10421930071	
826.55606	88	5	7	0.6416363945	0.003069801608	97.04905431	1.620360733	1.33058496	78.1306503	11.97702344	9.892326266	5.430103538E-05	0	99.9999457				0	0	0	-826.55606	0.003069801608	-7628.30165445192	
826.47606	88	5	7	0.6429536706	0.00305935141	97.04305037	1.627035908	1.329913724	78.10352711	12.0135399	9.882932994	5.421355119E-05	0	99.99994579				0	0	0	-826.47606	0.00305935141	-7682.71330747301	
826.39606	88	5	7	0.6442619173	0.003048975108	97.03703695	1.633720124	1.329242927	78.07642467	12.05003834	9.873536994	5.412618982E-05	0	99.99994587				0	0	0	-826.39606	0.003048975108	-7737.33953643998	
826.31606	88	5	7	0.6455612278	0.00303867195	97.03101404	1.640413394	1.32857257	78.0493429	12.08651882	9.864138276	5.403895113E-05	0	99.99994596				0	0	0	-826.31606	0.00303867195	-7792.18042099054	
826.23606	88	5	7	0.6468516941	0.003028441192	97.02498162	1.647115733	1.327902652	78.02228173	12.12298143	9.854736845	5.395183498E-05	0	99.99994605				0	0	0	-826.23606	0.003028441192	-7847.23581594986	
826.15606	88	5	7	0.6481334069	0.003018282101	97.01893967	1.653827154	1.327233173	77.99524107	12.15942622	9.84533271	5.386484122E-05	0	99.99994614				0	0	0	-826.15606	0.003018282101	-7902.50683919475	
826.07606	88	5	7	0.6494064557	0.003008193955	97.0128882	1.660547671	1.326564133	77.96822085	12.19585328	9.835925878	5.377796971E-05	0	99.99994622				0	0	0	-826.07606	0.003008193955	-7957.99318287766	
825.99606	88	5	7	0.6506709287	0.002998176039	97.00682717	1.667277298	1.325895531	77.94122098	12.23226266	9.826516357	5.36912203E-05	0	99.99994631				0	0	0	-825.99606	0.002998176039	-8013.69508847782	
825.91606	88	5	7	0.651926913	0.00298822765	97.00075658	1.674016049	1.325227368	77.91424141	12.26865444	9.817104154	5.360459285E-05	0	99.9999464				0	0	0	-825.91606	0.00298822765	-8069.61286884471	
825.83606	88	5	7	0.6531744944	0.002978348092	96.99467642	1.680763938	1.324559643	77.88728203	12.30502869	9.807689277	5.351808723E-05	0	99.99994648				0	0	0	-825.83606	0.002978348092	-8125.74618892432	
825.75606	88	5	7	0.6544137578	0.002968536679	96.98858666	1.68752098	1.323892357	77.86034279	12.34138548	9.798271733	5.343170328E-05	0	99.99994657				0	0	0	-825.75606	0.002968536679	-8182.09604591327	
825.67606	88	5	7	0.6556447867	0.002958792735	96.9824873	1.694287189	1.323225509	77.8334236	12.37772487	9.788851529	5.334544086E-05	0	99.99994665				0	0	0	-825.67606	0.002958792735	-8238.66274540958	
825.59606	88	5	7	0.6568676637	0.002949115592	96.97637832	1.701062578	1.322559099	77.80652439	12.41404693	9.779428675	5.325929983E-05	0	99.99994674				0	0	0	-825.59606	0.002949115592	-8295.44630906264	
825.51606	88	5	7	0.65808247	0.002939504591	96.97025971	1.707847162	1.321893126	77.77964509	12.45035174	9.770003176	5.317328004E-05	0	99.99994683				0	0	0	-825.51606	0.002939504591	-8352.44641638305	
825.43606	88	5	7	0.6592892861	0.00292995908	96.96413145	1.714640956	1.321227592	77.75278561	12.48663935	9.76057504	5.308738136E-05	0	99.99994691				0	0	0	-825.43606	0.00292995908	-8409.66375982461	
825.35606	88	5	7	0.6604881912	0.002920478418	96.95799353	1.721443974	1.320562494	77.72594588	12.52290984	9.751144275	5.300160363E-05	0	99.999947				0	0	0	-825.35606	0.002920478418	-8467.09867690752	
825.27606	88	5	7	0.6616792636	0.00291106197	96.95184593	1.728256231	1.319897835	77.69912583	12.55916328	9.741710889	5.291594673E-05	0	99.99994708				0	0	0	-825.27606	0.00291106197	-8524.75077382514	
825.19606	88	5	7	0.6628625803	0.00290170911	96.94568865	1.735077741	1.319233612	77.67232539	12.59539973	9.732274889	5.28304105E-05	0	99.99994717				0	0	0	-825.19606	0.00290170911	-8582.62110576431	
825.11606	88	5	7	0.6640382177	0.002892419221	96.93952166	1.741908518	1.318569826	77.64554447	12.63161925	9.722836283	5.27449948E-05	0	99.99994726				0	0	0	-825.11606	0.002892419221	-8640.70947478445	
825.03606	88	5	7	0.6652062508	0.002883191692	96.93334494	1.748748578	1.317906478	77.618783	12.66782192	9.713395078	5.26596995E-05	0	99.99994734				0	0	0	-825.03606	0.002883191692	-8699.01581718099	
824.95606	88	5	7	0.666366754	0.002874025921	96.9271585	1.755597934	1.317243566	77.59204092	12.7040078	9.703951281	5.257452444E-05	0	99.99994743				0	0	0	-824.95606	0.002874025921	-8757.54159086517	
824.87606	88	5	7	0.6675198004	0.002864921315	96.92096231	1.762456603	1.316581091	77.56531815	12.74017695	9.694504901	5.248946949E-05	0	99.99994751				0	0	0	-824.87606	0.002864921315	-8816.28548477412	
824.79606	88	5	7	0.6686654624	0.002855877284	96.91475635	1.769324598	1.315919053	77.53861461	12.77632944	9.685055945	5.240453451E-05	0	99.9999476				0	0	0	-824.79606	0.002855877284	-8875.24779719399	
824.71606	88	5	7	0.6698038114	0.00284689325	96.90854061	1.776201935	1.31525745	77.51193023	12.81246535	9.67560442	5.231971935E-05	0	99.99994768				0	0	0	-824.71606	0.00284689325	-8934.43034445948	
824.63606	88	5	7	0.6709349178	0.002837968641	96.90231509	1.783088629	1.314596285	77.48526495	12.84858472	9.666150334	5.223502387E-05	0	99.99994776				0	0	0	-824.63606	0.002837968641	-8993.83163949901	
824.55606	88	5	7	0.6720588512	0.00282910289	96.89607975	1.789984695	1.313935555	77.45861868	12.88468763	9.656693695	5.215044793E-05	0	99.99994785				0	0	0	-824.55606	0.00282910289	-9053.45230787756	
824.47606	88	5	7	0.6731756802	0.00282029544	96.88983459	1.796890147	1.313275261	77.43199135	12.92077414	9.64723451	5.206599139E-05	0	99.99994793				0	0	0	-824.47606	0.00282029544	-9113.29356915648	
824.39606	88	5	7	0.6742854727	0.00281154574	96.8835796	1.803805001	1.312615403	77.4053829	12.95684432	9.637772788	5.198165411E-05	0	99.99994802				0	0	0	-824.39606	0.00281154574	-9173.35420118176	
824.31606	88	5	7	0.6753882957	0.002802853244	96.87731475	1.810729273	1.311955981	77.37879324	12.99289822	9.628308534	5.189743594E-05	0	99.9999481				0	0	0	-824.31606	0.002802853244	-9233.63519136368	
824.23606	88	5	7	0.6764842151	0.002794217416	96.87104003	1.817662976	1.311296994	77.35222232	13.02893592	9.618841758	5.181333676E-05	0	99.99994819				0	0	0	-824.23606	0.002794217416	-9294.13706312122	
824.15606	88	5	7	0.6775732964	0.002785637724	96.86475543	1.824606128	1.310638442	77.32567006	13.06495747	9.609372466	5.172935641E-05	0	99.99994827				0	0	0	-824.15606	0.002785637724	-9354.85944534172	
824.07606	88	5	7	0.6786556039	0.002777113644	96.85846093	1.831558743	1.309980326	77.29913638	13.10096295	9.599900667	5.164549475E-05	0	99.99994835				0	0	0	-824.07606	0.002777113644	-9415.80255030635	
823.99606	88	5	7	0.6797312013	0.002768644657	96.85215652	1.838520837	1.309322645	77.27262123	13.1369524	9.590426368	5.156175165E-05	0	99.99994844				0	0	0	-823.99606	0.002768644657	-9476.96674468772	
823.91606	88	5	7	0.6808001514	0.002760230252	96.84584218	1.845492425	1.308665399	77.24612452	13.17292591	9.580949576	5.147812696E-05	0	99.99994852				0	0	0	-823.91606	0.002760230252	-9538.35246893656	
823.83606	88	5	7	0.6818625163	0.002751869923	96.83951789	1.852473523	1.308008588	77.21964619	13.20888351	9.5714703	5.139462054E-05	0	99.99994861				0	0	0	-823.83606	0.002751869923	-9599.95974579373	
823.75606	88	5	7	0.6829183574	0.002743563171	96.83318364	1.859464147	1.307352212	77.19318616	13.24482529	9.561988547	5.131123226E-05	0	99.99994869				0	0	0	-823.75606	0.002743563171	-9661.78866650472	
823.67606	88	5	7	0.683967735	0.002735309502	96.82683942	1.866464311	1.30669627	77.16674437	13.2807513	9.552504325	5.122796198E-05	0	99.99994877				0	0	0	-823.67606	0.002735309502	-9723.83945446391	
823.59606	88	5	7	0.6850107092	0.002727108429	96.8204852	1.873474034	1.306040763	77.14032075	13.31666161	9.543017641	5.114480954E-05	0	99.99994886				0	0	0	-823.59606	0.002727108429	-9786.11241051506	
823.51606	88	5	7	0.6860473388	0.00271895947	96.81412098	1.880493329	1.30538569	77.11391523	13.35255626	9.533528503	5.106177483E-05	0	99.99994894				0	0	0	-823.51606	0.00271895947	-9848.60736416324	
823.43606	88	5	7	0.6870776823	0.002710862149	96.80774674	1.887522213	1.304731052	77.08752775	13.38843533	9.524036919	5.097885768E-05	0	99.99994902				0	0	0	-823.43606	0.002710862149	-9911.32545954246	
823.35606	88	5	7	0.6881017973	0.002702815997	96.80136245	1.894560702	1.304076847	77.06115822	13.42429888	9.514542897	5.089605797E-05	0	99.9999491				0	0	0	-823.35606	0.002702815997	-9974.26608971581	
823.27606	88	5	7	0.6891197406	0.002694820548	96.79496811	1.901608812	1.303423076	77.03480659	13.46014697	9.505046444	5.081337556E-05	0	99.99994919				0	0	0	-823.27606	0.002694820548	-10037.4294122487	
823.19606	88	5	7	0.6901315686	0.002686875344	96.7885637	1.908666559	1.30276974	77.00847278	13.49597965	9.495547568	5.07308103E-05	0	99.99994927				0	0	0	-823.19606	0.002686875344	-10100.8162520081	
823.11606	88	5	7	0.6911373368	0.002678979931	96.7821492	1.91573396	1.302116837	76.98215673	13.53179699	9.486046277	5.064836206E-05	0	99.99994935				0	0	0	-823.11606	0.002678979931	-10164.4263268054	
823.03606	88	5	7	0.6921371001	0.002671133861	96.7757246	1.922811031	1.301464367	76.95585838	13.56759905	9.476542579	5.05660307E-05	0	99.99994943				0	0	0	-823.03606	0.002671133861	-10228.26006202	
822.95606	88	5	7	0.6931309127	0.002663336691	96.76928988	1.929897787	1.300812331	76.92957764	13.60338588	9.467036481	5.048381608E-05	0	99.99994952				0	0	0	-822.95606	0.002663336691	-10292.3180136443	
822.87606	88	5	7	0.6941188281	0.002655587984	96.76284503	1.936994246	1.300160728	76.90331446	13.63915755	9.457527991	5.040171806E-05	0	99.9999496				0	0	0	-822.87606	0.002655587984	-10356.598804539	
822.79606	88	5	7	0.6951008994	0.002647887305	96.75639002	1.944100424	1.299509559	76.87706877	13.67491411	9.448017118	5.03197365E-05	0	99.99994968				0	0	0	-822.79606	0.002647887305	-10421.1038961788	
822.71606	88	5	7	0.6960771787	0.002640234229	96.74992484	1.951216338	1.298858822	76.85084051	13.71065562	9.438503868	5.023787127E-05	0	99.99994976				0	0	0	-822.71606	0.002640234229	-10485.8347784861	
822.63606	88	5	7	0.6970477178	0.002632628333	96.74344948	1.958342004	1.298208519	76.8246296	13.74638215	9.428988251	5.015612222E-05	0	99.99994984				0	0	0	-822.63606	0.002632628333	-10550.7890179365	
822.55606	88	5	7	0.6980125678	0.002625069198	96.73696391	1.965477439	1.297558648	76.79843598	13.78209375	9.419470272	5.007448922E-05	0	99.99994993				0	0	0	-822.55606	0.002625069198	-10615.967679231	
822.47606	88	5	7	0.6989717791	0.002617556412	96.73046813	1.972622659	1.29690921	76.77225958	13.81779048	9.409949942	4.999297213E-05	0	99.99995001				0	0	0	-822.47606	0.002617556412	-10681.3719179398	
822.39606	88	5	7	0.6999254015	0.002610089567	96.72396211	1.979777683	1.296260205	76.74610034	13.85347239	9.400427266	4.991157081E-05	0	99.99995009				0	0	0	-822.39606	0.002610089567	-10747.0016280899	
822.31606	88	5	7	0.7008734845	0.00260266826	96.71744584	1.986942525	1.295611632	76.7199582	13.88913954	9.390902255	4.983028512E-05	0	99.99995017				0	0	0	-822.31606	0.00260266826	-10812.8560289276	
822.23606	88	5	7	0.7018160765	0.002595292091	96.7109193	1.994117204	1.294963491	76.69383309	13.924792	9.381374914	4.974911492E-05	0	99.99995025				0	0	0	-822.23606	0.002595292091	-10878.935174241	
822.15606	88	5	7	0.7027532259	0.002587960666	96.70438248	2.001301737	1.294315783	76.66772493	13.96042981	9.371845253	4.966806009E-05	0	99.99995033				0	0	0	-822.15606	0.002587960666	-10945.240669936	
822.07606	88	5	7	0.7036849802	0.002580673596	96.69783535	2.00849614	1.293668507	76.64163368	13.99605304	9.362313279	4.958712048E-05	0	99.99995041				0	0	0	-822.07606	0.002580673596	-11011.7727728203	
821.99606	88	5	7	0.7046113863	0.002573430496	96.69127791	2.015700432	1.293021662	76.61555926	14.03166174	9.352779	4.950629594E-05	0	99.99995049				0	0	0	-821.99606	0.002573430496	-11078.5303043896	
821.91606	88	5	7	0.7055324908	0.002566230984	96.68471012	2.022914628	1.29237525	76.58950161	14.06725597	9.343242424	4.942558636E-05	0	99.99995057				0	0	0	-821.91606	0.002566230984	-11145.5137050647	
821.83606	88	5	7	0.7064483397	0.002559074684	96.67813198	2.030138747	1.291729269	76.56346066	14.10283578	9.333703559	4.934499158E-05	0	99.99995066				0	0	0	-821.83606	0.002559074684	-11212.7242617136	
821.75606	88	5	7	0.7073589782	0.002551961224	96.67154347	2.037372807	1.29108372	76.53743636	14.13840122	9.324162414	4.926451148E-05	0	99.99995074				0	0	0	-821.75606	0.002551961224	-11280.1610333983	
821.67606	88	5	7	0.7082644514	0.002544890235	96.66494457	2.044616823	1.290438603	76.51142864	14.17395237	9.314618996	4.918414591E-05	0	99.99995082				0	0	0	-821.67606	0.002544890235	-11347.8239522089	
821.59606	88	5	7	0.7091648035	0.002537861353	96.65833527	2.051870816	1.289793917	76.48543743	14.20948926	9.305073313	4.910389474E-05	0	99.9999509				0	0	0	-821.59606	0.002537861353	-11415.7146416916	
821.51606	88	5	7	0.7100600785	0.002530874219	96.65171554	2.0591348	1.289149662	76.45946267	14.24501195	9.295525374	4.902375783E-05	0	99.99995098				0	0	0	-821.51606	0.002530874219	-11483.8315521699	
821.43606	88	5	7	0.7109503196	0.002523928475	96.64508537	2.066408796	1.288505839	76.43350431	14.28052051	9.285975186	4.894373504E-05	0	99.99995106				0	0	0	-821.43606	0.002523928475	-11552.1757546422	
821.35606	88	5	7	0.7118355699	0.002517023771	96.63844473	2.07369282	1.287862446	76.40756227	14.31601497	9.276422758	4.886382625E-05	0	99.99995114				0	0	0	-821.35606	0.002517023771	-11620.7491693647	
821.27606	88	5	7	0.7127158717	0.002510159759	96.63179362	2.08098689	1.287219485	76.38163649	14.35149541	9.266868098	4.87840313E-05	0	99.99995122				0	0	0	-821.27606	0.002510159759	-11689.5488279589	
821.19606	88	5	7	0.7135912668	0.002503336093	96.62513202	2.088291025	1.286576954	76.35572692	14.38696187	9.257311214	4.870435008E-05	0	99.9999513				0	0	0	-821.19606	0.002503336093	-11758.5751998456	
821.11606	88	5	7	0.7144617967	0.002496552433	96.6184599	2.095605242	1.285934854	76.32983348	14.4224144	9.247752115	4.862478243E-05	0	99.99995138				0	0	0	-821.11606	0.002496552433	-11827.8305474132	
821.03606	88	5	7	0.7153275024	0.002489808443	96.61177725	2.10292956	1.285293185	76.30395613	14.45785307	9.238190807	4.854532823E-05	0	99.99995145				0	0	0	-821.03606	0.002489808443	-11897.3146795783	
820.95606	88	5	7	0.7161884245	0.00248310379	96.60508406	2.110263997	1.284651946	76.27809479	14.49327791	9.228627301	4.846598734E-05	0	99.99995153				0	0	0	-820.95606	0.00248310379	-11967.0256869898	
820.87606	88	5	7	0.7170446029	0.002476438143	96.59838029	2.117608571	1.284011138	76.25224941	14.52868899	9.219061603	4.838675962E-05	0	99.99995161				0	0	0	-820.87606	0.002476438143	-12036.9653371996	
820.79606	88	5	7	0.7178960772	0.002469811178	96.59166594	2.124963301	1.28337076	76.22641992	14.56408636	9.209493723	4.830764494E-05	0	99.99995169				0	0	0	-820.79606	0.002469811178	-12107.135456053	
820.71606	88	5	7	0.7187428867	0.002463222573	96.58494098	2.132328204	1.282730812	76.20060626	14.59947007	9.199923668	4.822864316E-05	0	99.99995177				0	0	0	-820.71606	0.002463222573	-12177.5325175051	
820.63606	88	5	7	0.7195850701	0.002456672007	96.57820541	2.139703301	1.282091294	76.17480838	14.63484017	9.190351447	4.814975415E-05	0	99.99995185				0	0	0	-820.63606	0.002456672007	-12248.1576740617	
820.55606	88	5	7	0.7204226657	0.002450159166	96.57145919	2.147088608	1.281452207	76.14902621	14.67019672	9.180777069	4.807097777E-05	0	99.99995193				0	0	0	-820.55606	0.002450159166	-12319.0130411618	
820.47606	88	5	7	0.7212557114	0.002443683738	96.56470231	2.154484146	1.280813549	76.1232597	14.70553976	9.17120054	4.799231389E-05	0	99.99995201				0	0	0	-820.47606	0.002443683738	-12390.0981119429	
820.39606	88	5	7	0.7220842446	0.002437245415	96.55793475	2.161889932	1.280175321	76.09750878	14.74086935	9.161621871	4.791376237E-05	0	99.99995209				0	0	0	-820.39606	0.002437245415	-12461.4114079857	
820.31606	88	5	7	0.7229083024	0.00243084389	96.55115649	2.169305986	1.279537523	76.07177339	14.77618554	9.15204107	4.783532307E-05	0	99.99995216				0	0	0	-820.31606	0.00243084389	-12532.9535148857	
820.23606	88	5	7	0.7237279215	0.002424478862	96.54436752	2.176732327	1.278900154	76.04605347	14.81148839	9.142458144	4.775699587E-05	0	99.99995224				0	0	0	-820.23606	0.002424478862	-12604.7270197307	
820.15606	88	5	7	0.7245431381	0.002418150033	96.53756781	2.184168974	1.278263215	76.02034897	14.84677793	9.132873103	4.767878063E-05	0	99.99995232				0	0	0	-820.15606	0.002418150033	-12676.7296970588	
820.07606	88	5	7	0.725353988	0.002411857106	96.53075735	2.191615945	1.277626705	75.99465982	14.88205422	9.123285955	4.760067722E-05	0	99.9999524				0	0	0	-820.07606	0.002411857106	-12748.9613970927	
819.99606	88	5	7	0.7261605069	0.002405599789	96.52393611	2.199073261	1.276990625	75.96898597	14.91731732	9.113696708	4.752268549E-05	0	99.99995248				0	0	0	-819.99606	0.002405599789	-12821.4240261527	
819.91606	88	5	7	0.7269627296	0.002399377793	96.51710409	2.206540941	1.276354973	75.94332736	14.95256727	9.10410537	4.744480532E-05	0	99.99995256				0	0	0	-819.91606	0.002399377793	-12894.116550076	
819.83606	88	5	7	0.727760691	0.002393190831	96.51026125	2.214019003	1.275719751	75.91768393	14.98780412	9.094511952	4.736703657E-05	0	99.99995263				0	0	0	-819.83606	0.002393190831	-12967.0379877581	
819.75606	88	5	7	0.7285544253	0.002387038619	96.50340757	2.221507468	1.275084958	75.89205561	15.02302793	9.084916461	4.72893791E-05	0	99.99995271				0	0	0	-819.75606	0.002387038619	-13040.191665766	
819.67606	88	5	7	0.7293439666	0.002380920879	96.49654305	2.229006355	1.274450594	75.86644237	15.05823873	9.075318905	4.72118328E-05	0	99.99995279				0	0	0	-819.67606	0.002380920879	-13113.5756316636	
819.59606	88	5	7	0.7301293484	0.002374837331	96.48966766	2.236515684	1.273816659	75.84084412	15.09343658	9.065719294	4.713439751E-05	0	99.99995287				0	0	0	-819.59606	0.002374837331	-13187.1892139841	
819.51606	88	5	7	0.7309106041	0.002368787702	96.48278137	2.244035475	1.273183152	75.81526083	15.12862154	9.056117636	4.705707311E-05	0	99.99995294				0	0	0	-819.51606	0.002368787702	-13261.0337882245	
819.43606	88	5	7	0.7316877663	0.002362771719	96.47588418	2.251565747	1.272550074	75.78969242	15.16379364	9.046513939	4.697985946E-05	0	99.99995302				0	0	0	-819.43606	0.002362771719	-13335.1099182176	
819.35606	88	5	7	0.7324608678	0.002356789115	96.46897606	2.25910652	1.271917425	75.76413885	15.19895294	9.036908214	4.690275643E-05	0	99.9999531				0	0	0	-819.35606	0.002356789115	-13409.4169812925	
819.27606	88	5	7	0.7332299407	0.002350839622	96.46205698	2.266657815	1.271285204	75.73860005	15.23409948	9.027300468	4.682576389E-05	0	99.99995317				0	0	0	-819.27606	0.002350839622	-13483.9534295122	
819.19606	88	5	7	0.7339950168	0.002344922977	96.45512694	2.274219651	1.270653411	75.71307598	15.26923331	9.017690709	4.674888171E-05	0	99.99995325				0	0	0	-819.19606	0.002344922977	-13558.7233762918	
819.11606	88	5	7	0.7347561278	0.002339038921	96.4481859	2.28179205	1.270022047	75.68756657	15.30435449	9.008078948	4.667210974E-05	0	99.99995333				0	0	0	-819.11606	0.002339038921	-13633.7241719064	
819.03606	88	5	7	0.7355133046	0.002333187194	96.44123386	2.289375031	1.269391111	75.66207176	15.33946305	8.998465193	4.659544786E-05	0	99.9999534				0	0	0	-819.03606	0.002333187194	-13708.9544387538	
818.95606	88	5	7	0.7362665783	0.002327367541	96.43427078	2.296968614	1.268760603	75.63659151	15.37455904	8.988849452	4.651889594E-05	0	99.99995348				0	0	0	-818.95606	0.002327367541	-13784.4186586556	
818.87606	88	5	7	0.7370159794	0.002321579711	96.42729666	2.304572821	1.268130523	75.61112575	15.40964252	8.979231735	4.644245385E-05	0	99.99995356				0	0	0	-818.87606	0.002321579711	-13860.1143298515	
818.79606	88	5	7	0.737761538	0.002315823452	96.42031146	2.312187671	1.267500871	75.58567443	15.44471352	8.969612051	4.636612144E-05	0	99.99995363				0	0	0	-818.79606	0.002315823452	-13936.0390449309	
818.71606	88	5	7	0.738503284	0.002310098516	96.41331517	2.319813186	1.266871647	75.56023749	15.4797721	8.959990408	4.628989859E-05	0	99.99995371				0	0	0	-818.71606	0.002310098516	-14012.1976729798	
818.63606	88	5	7	0.7392412472	0.00230440466	96.40630776	2.327449386	1.266242851	75.53481488	15.5148183	8.950366816	4.621378517E-05	0	99.99995379				0	0	0	-818.63606	0.00230440466	-14088.5890739552	
818.55606	88	5	7	0.7399754567	0.00229874164	96.39928922	2.335096293	1.265614482	75.50940655	15.54985217	8.940741284	4.613778104E-05	0	99.99995386				0	0	0	-818.55606	0.00229874164	-14165.2110248935	
818.47606	88	5	7	0.7407059415	0.002293109216	96.39225953	2.342753927	1.264986541	75.48401243	15.58487375	8.93111382	4.606188607E-05	0	99.99995394				0	0	0	-818.47606	0.002293109216	-14242.0649842567	
818.39606	88	5	7	0.7414327303	0.00228750715	96.38521866	2.350422309	1.264359028	75.45863248	15.61988309	8.921484434	4.598610014E-05	0	99.99995401				0	0	0	-818.39606	0.00228750715	-14319.1538980618	
818.31606	88	5	7	0.7421558515	0.002281935209	96.3781666	2.358101462	1.263731942	75.43326664	15.65488023	8.911853135	4.59104231E-05	0	99.99995409				0	0	0	-818.31606	0.002281935209	-14396.4729718267	
818.23606	88	5	7	0.7428753333	0.002276393156	96.37110331	2.365791405	1.263105284	75.40791485	15.68986522	8.902219932	4.583485483E-05	0	99.99995417				0	0	0	-818.23606	0.002276393156	-14474.0214974477	
818.15606	88	5	7	0.7435912033	0.002270880762	96.36402879	2.37349216	1.262479052	75.38257707	15.7248381	8.892584835	4.57593952E-05	0	99.99995424				0	0	0	-818.15606	0.002270880762	-14551.8038184034	
818.07606	88	5	7	0.7443034892	0.002265397798	96.356943	2.38120375	1.261853248	75.35725323	15.75979892	8.882947852	4.568404407E-05	0	99.99995432				0	0	0	-818.07606	0.002265397798	-14629.819360094	
817.99606	88	5	7	0.7450122181	0.002259944039	96.34984593	2.388926195	1.261227872	75.33194329	15.79474772	8.873308993	4.560880131E-05	0	99.99995439				0	0	0	-817.99606	0.002259944039	-14708.0674770964	
817.91606	88	5	7	0.7457174171	0.00225451926	96.34273756	2.396659517	1.260602922	75.30664719	15.82968455	8.863668267	4.55336668E-05	0	99.99995447				0	0	0	-817.91606	0.00225451926	-14786.5490641499	
817.83606	88	5	7	0.7464191129	0.002249123241	96.33561786	2.404403738	1.259978399	75.28136487	15.86460945	8.854025684	4.54586404E-05	0	99.99995454				0	0	0	-817.83606	0.002249123241	-14865.2621857756	
817.75606	88	5	7	0.7471173318	0.00224375576	96.32848682	2.412158881	1.259354304	75.25609629	15.89952246	8.844381253	4.538372198E-05	0	99.99995462				0	0	0	-817.75606	0.00224375576	-14944.2079224495	
817.67606	88	5	7	0.7478121	0.002238416602	96.3213444	2.419924966	1.258730635	75.23084139	15.93442363	8.834734983	4.53089114E-05	0	99.99995469				0	0	0	-817.67606	0.002238416602	-15023.3872020848	
817.59606	88	5	7	0.7485034435	0.00223310555	96.31419059	2.427702017	1.258107393	75.20560012	15.96931299	8.825086883	4.523420855E-05	0	99.99995477				0	0	0	-817.59606	0.00223310555	-15102.798451943	
817.51606	88	5	7	0.7491913878	0.002227822392	96.30702537	2.435490055	1.257484578	75.18037243	16.00419061	8.815436964	4.515961328E-05	0	99.99995484				0	0	0	-817.51606	0.002227822392	-15182.4428003909	
817.43606	88	5	7	0.7498759584	0.002222566916	96.29984871	2.443289103	1.256862189	75.15515826	16.0390565	8.805785235	4.508512548E-05	0	99.99995491				0	0	0	-817.43606	0.002222566916	-15262.3201755146	
817.35606	88	5	7	0.7505571804	0.002217338914	96.29266059	2.451099184	1.256240227	75.12995757	16.07391073	8.796131705	4.5010745E-05	0	99.99995499				0	0	0	-817.35606	0.002217338914	-15342.4304475335	
817.27606	88	5	7	0.7512350786	0.002212138178	96.28546099	2.458920319	1.255618692	75.10477029	16.10875332	8.786476384	4.493647172E-05	0	99.99995506				0	0	0	-817.27606	0.002212138178	-15422.7736746933	
817.19606	88	5	7	0.7519096777	0.002206964504	96.27824989	2.466752532	1.254997583	75.07959639	16.14358433	8.776819281	4.486230551E-05	0	99.99995514				0	0	0	-817.19606	0.002206964504	-15503.3498606397	
817.11606	88	5	7	0.752581002	0.002201817688	96.27102725	2.474595845	1.2543769	75.0544358	16.17840379	8.767160407	4.478824623E-05	0	99.99995521				0	0	0	-817.11606	0.002201817688	-15584.1592042976	
817.03606	88	5	7	0.7532490758	0.00219669753	96.26379307	2.482450282	1.253756644	75.02928848	16.21321175	8.757499771	4.471429377E-05	0	99.99995529				0	0	0	-817.03606	0.00219669753	-15665.2003038564	
816.95606	88	5	7	0.7539139228	0.002191603829	96.25654732	2.490315865	1.253136814	75.00415437	16.24800824	8.747837382	4.464044798E-05	0	99.99995536				0	0	0	-816.95606	0.002191603829	-15746.4750594912	
816.87606	88	5	7	0.7545755669	0.00218653639	96.24928997	2.498192617	1.252517411	74.97903343	16.28279332	8.738173251	4.456670874E-05	0	99.99995543				0	0	0	-816.87606	0.00218653639	-15827.9852920348	
816.79606	88	5	7	0.7552340313	0.002181495017	96.242021	2.506080562	1.251898433	74.95392561	16.31756701	8.728507387	4.449307592E-05	0	99.99995551				0	0	0	-816.79606	0.002181495017	-15909.7252024304	
816.71606	88	5	7	0.7558893394	0.002176479515	96.23474039	2.513979723	1.251279882	74.92883084	16.35232935	8.7188398	4.441954939E-05	0	99.99995558				0	0	0	-816.71606	0.002176479515	-15991.6984402108	
816.63606	88	5	7	0.7565415141	0.002171489694	96.22744812	2.521890124	1.250661757	74.9037491	16.3870804	8.709170501	4.434612903E-05	0	99.99995565				0	0	0	-816.63606	0.002171489694	-16073.9071111323	
816.55606	88	5	7	0.7571905782	0.002166525364	96.22014415	2.529811788	1.250044058	74.87868031	16.42182019	8.699499498	4.427281469E-05	0	99.99995573				0	0	0	-816.55606	0.002166525364	-16156.3470495008	
816.47606	88	5	7	0.7578365542	0.002161586336	96.21282848	2.537744738	1.249426784	74.85362444	16.45654876	8.689826802	4.419960626E-05	0	99.9999558				0	0	0	-816.47606	0.002161586336	-16239.0206099443	
816.39606	88	5	7	0.7584794644	0.002156672425	96.20550106	2.545689	1.248809937	74.82858143	16.49126614	8.680152423	4.41265036E-05	0	99.99995587				0	0	0	-816.39606	0.002156672425	-16321.9285276865	
816.31606	88	5	7	0.7591193309	0.002151783446	96.19816189	2.553644596	1.248193516	74.80355124	16.52597239	8.670476371	4.405350659E-05	0	99.99995595				0	0	0	-816.31606	0.002151783446	-16405.0666739541	
816.23606	88	5	7	0.7597561757	0.002146919215	96.19081093	2.56161155	1.24757752	74.77853382	16.56066753	8.660798657	4.39806151E-05	0	99.99995602				0	0	0	-816.23606	0.002146919215	-16488.4393645806	
816.15606	88	5	7	0.7603900203	0.002142079553	96.18344816	2.569589888	1.24696195	74.75352911	16.59535161	8.651119289	4.390782899E-05	0	99.99995609				0	0	0	-816.15606	0.002142079553	-16572.0458185988	
816.07606	88	5	7	0.7610208863	0.002137264279	96.17607356	2.577579633	1.246346806	74.72853706	16.63002466	8.641438279	4.383514815E-05	0	99.99995616				0	0	0	-816.07606	0.002137264279	-16655.883782731	
815.99606	88	5	7	0.7616487949	0.002132473216	96.1686871	2.585580809	1.245732088	74.70355764	16.66468672	8.631755637	4.376257244E-05	0	99.99995624				0	0	0	-815.99606	0.002132473216	-16739.9560726882	
815.91606	88	5	7	0.7622737672	0.002127706188	96.16128876	2.593593441	1.245117795	74.67859079	16.69933784	8.622071373	4.369010173E-05	0	99.99995631				0	0	0	-815.91606	0.002127706188	-16824.2604312291	
815.83606	88	5	7	0.7628958241	0.00212296302	96.15387852	2.601617554	1.244503928	74.65363646	16.73397804	8.612385497	4.36177359E-05	0	99.99995638				0	0	0	-815.83606	0.00212296302	-16908.7963795587	
815.75606	88	5	7	0.7635149861	0.002118243539	96.14645634	2.609653173	1.243890486	74.6286946	16.76860738	8.602698019	4.354547481E-05	0	99.99995645				0	0	0	-815.75606	0.002118243539	-16993.5670954926	
815.67606	88	5	7	0.7641312739	0.002113547575	96.13902221	2.617700322	1.24327747	74.60376517	16.80322587	8.593008951	4.347331835E-05	0	99.99995653				0	0	0	-815.67606	0.002113547575	-17078.5703905563	
815.59606	88	5	7	0.7647447075	0.002108874957	96.13157609	2.625759027	1.242664879	74.57884813	16.83783357	8.583318302	4.340126638E-05	0	99.9999566				0	0	0	-815.59606	0.002108874957	-17163.8060591352	
815.51606	88	5	7	0.7653553072	0.002104225518	96.12411797	2.633829313	1.242052714	74.55394341	16.87243051	8.573626083	4.332931878E-05	0	99.99995667				0	0	0	-815.51606	0.002104225518	-17249.2756454152	
815.43606	88	5	7	0.7659630927	0.002099599091	96.11664782	2.641911204	1.241440974	74.52905097	16.90701672	8.563932304	4.325747541E-05	0	99.99995674				0	0	0	-815.43606	0.002099599091	-17334.9771761912	
815.35606	88	5	7	0.7665680839	0.002094995511	96.10916561	2.650004727	1.240829659	74.50417077	16.94159225	8.554236977	4.318573616E-05	0	99.99995681				0	0	0	-815.35606	0.002094995511	-17420.9105039275	
815.27606	88	5	7	0.7671703002	0.002090414614	96.10167132	2.658109908	1.24021877	74.47930277	16.97615712	8.544540111	4.311410089E-05	0	99.99995689				0	0	0	-815.27606	0.002090414614	-17507.0755783853	
815.19606	88	5	7	0.7677697609	0.002085856238	96.09416492	2.66622677	1.239608306	74.4544469	17.01071138	8.534841717	4.304256947E-05	0	99.99995696				0	0	0	-815.19606	0.002085856238	-17593.474327751	
815.11606	88	5	7	0.7683664852	0.002081320223	96.08664639	2.674355342	1.238998267	74.42960314	17.04525506	8.525141807	4.297114179E-05	0	99.99995703				0	0	0	-815.11606	0.002081320223	-17680.1048755076	
815.03606	88	5	7	0.7689604921	0.002076806409	96.0791157	2.682495647	1.238388653	74.40477142	17.07978819	8.51544039	4.289981771E-05	0	99.9999571				0	0	0	-815.03606	0.002076806409	-17766.969396725	
814.95606	88	5	7	0.7695518004	0.00207231464	96.07157282	2.690647714	1.237779465	74.37995171	17.11431081	8.505737478	4.282859711E-05	0	99.99995717				0	0	0	-814.95606	0.00207231464	-17854.064024676	
814.87606	88	5	7	0.7701404287	0.002067844757	96.06401773	2.698811567	1.237170701	74.35514395	17.14882296	8.496033081	4.275747985E-05	0	99.99995724				0	0	0	-814.87606	0.002067844757	-17941.3911739226	
814.79606	88	5	7	0.7707263954	0.002063396608	96.0564504	2.706987233	1.236562363	74.33034811	17.18332468	8.486327211	4.268646582E-05	0	99.99995731				0	0	0	-814.79606	0.002063396608	-18028.9509706433	
814.71606	88	5	7	0.7713097189	0.002058970037	96.04887081	2.715174738	1.23595445	74.30556414	17.21781598	8.476619877	4.261555489E-05	0	99.99995738				0	0	0	-814.71606	0.002058970037	-18116.7419779482	
814.63606	88	5	7	0.7718904172	0.002054564894	96.04127893	2.72337411	1.235346962	74.28079199	17.25229692	8.466911092	4.254474693E-05	0	99.99995746				0	0	0	-814.63606	0.002054564894	-18204.766546113	
814.55606	88	5	7	0.7724685083	0.002050181027	96.03367473	2.731585375	1.234739899	74.25603161	17.28676752	8.457200867	4.247404181E-05	0	99.99995753				0	0	0	-814.55606	0.002050181027	-18293.0211703806	
814.47606	88	5	7	0.7730440099	0.002045818287	96.02605818	2.73980856	1.234133261	74.23128297	17.32122782	8.447489211	4.240343941E-05	0	99.9999576				0	0	0	-814.47606	0.002045818287	-18381.5063319385	
814.39606	88	5	7	0.7736169397	0.002041476525	96.01842926	2.748043692	1.233527048	74.20654601	17.35567785	8.437776138	4.233293961E-05	0	99.99995767				0	0	0	-814.39606	0.002041476525	-18470.2227186914	
814.31606	88	5	7	0.7741873151	0.002037155595	96.01078794	2.756290797	1.23292126	74.1818207	17.39011765	8.428061657	4.226254227E-05	0	99.99995774				0	0	0	-814.31606	0.002037155595	-18559.1731578769	
814.23606	88	5	7	0.7747551535	0.002032855352	96.0031342	2.764549904	1.232315897	74.15710698	17.42454724	8.418345779	4.219224727E-05	0	99.99995781				0	0	0	-814.23606	0.002032855352	-18648.3519550802	
814.15606	88	5	7	0.7753204719	0.00202857565	95.995468	2.77282104	1.231710959	74.13240482	17.45896667	8.408628517	4.212205449E-05	0	99.99995788				0	0	0	-814.15606	0.00202857565	-18737.7622039186	
814.07606	88	5	7	0.7758832874	0.002024316348	95.98778932	2.781104233	1.231106446	74.10771416	17.49337596	8.398909882	4.20519638E-05	0	99.99995795				0	0	0	-814.07606	0.002024316348	-18827.4069268254	
813.99606	88	5	7	0.7764436167	0.002020077304	95.98009813	2.789399509	1.230502358	74.08303497	17.52777514	8.389189884	4.198197508E-05	0	99.99995802				0	0	0	-813.99606	0.002020077304	-18917.2782911333	
813.91606	88	5	7	0.7770014766	0.002015858376	95.97239441	2.797706898	1.229898695	74.05836721	17.56216426	8.379468536	4.19120882E-05	0	99.99995809				0	0	0	-813.91606	0.002015858376	-19007.3795795231	
813.83606	88	5	7	0.7775568836	0.002011659426	95.96467812	2.806026427	1.229295456	74.03371082	17.59654333	8.369745848	4.184230303E-05	0	99.99995816				0	0	0	-813.83606	0.002011659426	-19097.7140915785	
813.75606	88	5	7	0.778109854	0.002007480316	95.95694923	2.814358124	1.228692643	74.00906577	17.6309124	8.360021833	4.177261946E-05	0	99.99995823				0	0	0	-813.75606	0.002007480316	-19188.278521224	
813.67606	88	5	7	0.778660404	0.002003320909	95.94920773	2.822702018	1.228090254	73.984432	17.66527149	8.350296501	4.170303735E-05	0	99.9999583				0	0	0	-813.67606	0.002003320909	-19279.0717983531	
813.59606	88	5	7	0.7792085499	0.001999181069	95.94145357	2.831058137	1.22748829	73.95980949	17.69962064	8.340569865	4.163355658E-05	0	99.99995837				0	0	0	-813.59606	0.001999181069	-19370.0952419367	
813.51606	88	5	7	0.7797543075	0.001995060662	95.93368674	2.839426509	1.226886751	73.93519819	17.73395988	8.330841937	4.156417703E-05	0	99.99995844				0	0	0	-813.51606	0.001995060662	-19461.3502392541	
813.43606	88	5	7	0.7802976925	0.001990959555	95.9259072	2.847807165	1.226285637	73.91059804	17.76828923	8.321112727	4.149489857E-05	0	99.99995851				0	0	0	-813.43606	0.001990959555	-19552.8335130212	
813.35606	88	5	7	0.7808387207	0.001986877615	95.91811492	2.856200131	1.225684948	73.88600902	17.80260873	8.311382248	4.142572108E-05	0	99.99995857				0	0	0	-813.35606	0.001986877615	-19644.5417688005	
813.27606	88	5	7	0.7813774076	0.00198281471	95.91030988	2.864605439	1.225084684	73.86143108	17.83691841	8.301650511	4.135664443E-05	0	99.99995864				0	0	0	-813.27606	0.00198281471	-19736.4838922517	
813.19606	88	5	7	0.7819137686	0.001978770713	95.90249204	2.873023116	1.224484844	73.83686418	17.87121829	8.291917529	4.12876685E-05	0	99.99995871				0	0	0	-813.19606	0.001978770713	-19828.6541012048	
813.11606	88	5	7	0.7824478188	0.001974745492	95.89466138	2.881453193	1.223885429	73.81230827	17.90550842	8.282183314	4.121879317E-05	0	99.99995878				0	0	0	-813.11606	0.001974745492	-19921.0519256196	
813.03606	88	5	7	0.7829795734	0.001970738922	95.88681786	2.889895698	1.22328644	73.78776331	17.93978881	8.272447876	4.115001831E-05	0	99.99995885				0	0	0	-813.03606	0.001970738922	-20013.6814343716	
812.95606	88	5	7	0.7835090475	0.001966750875	95.87896146	2.898350662	1.222687875	73.76322927	17.9740595	8.26271123	4.108134379E-05	0	99.99995892				0	0	0	-812.95606	0.001966750875	-20106.5346289151	
812.87606	88	5	7	0.7840362557	0.001962781225	95.87109215	2.906818114	1.222089734	73.7387061	18.00832052	8.252973385	4.101276951E-05	0	99.99995899				0	0	0	-812.87606	0.001962781225	-20199.6184793096	
812.79606	88	5	7	0.7845612129	0.001958829849	95.8632099	2.915298085	1.221492019	73.71419376	18.04257189	8.243234356	4.094429532E-05	0	99.99995906				0	0	0	-812.79606	0.001958829849	-20292.9298407229	
812.71606	88	5	7	0.7850839337	0.001954896622	95.85531467	2.923790605	1.220894729	73.6896922	18.07681364	8.233494153	4.087592111E-05	0	99.99995912				0	0	0	-812.71606	0.001954896622	-20386.4657515461	
812.63606	88	5	7	0.7856044324	0.001950981422	95.84740643	2.932295703	1.220297863	73.6652014	18.11104581	8.22375279	4.080764675E-05	0	99.99995919				0	0	0	-812.63606	0.001950981422	-20480.2335435208	
812.55606	88	5	7	0.7861227234	0.001947084129	95.83948517	2.940813411	1.219701423	73.6407213	18.14526842	8.214010278	4.073947213E-05	0	99.99995926				0	0	0	-812.55606	0.001947084129	-20574.2275807947	
812.47606	88	5	7	0.7866388209	0.001943204621	95.83155083	2.94934376	1.219105407	73.61625188	18.17948149	8.20426663	4.067139711E-05	0	99.99995933				0	0	0	-812.47606	0.001943204621	-20668.4449690909	
812.39606	88	5	7	0.7871527391	0.001939342779	95.8236034	2.957886779	1.218509817	73.59179307	18.21368507	8.194521858	4.060342158E-05	0	99.9999594				0	0	0	-812.39606	0.001939342779	-20762.8906802623	
812.31606	88	5	7	0.7876644918	0.001935498485	95.81564285	2.966442501	1.217914651	73.56734486	18.24787916	8.184775975	4.053554541E-05	0	99.99995946				0	0	0	-812.31606	0.001935498485	-20857.5617993403	
812.23606	88	5	7	0.7881740929	0.001931671621	95.80766913	2.975010956	1.21731991	73.54290719	18.28206381	8.175028994	4.046776848E-05	0	99.99995953				0	0	0	-812.23606	0.001931671621	-20952.4609523839	
812.15606	88	5	7	0.7886815561	0.001927862072	95.79968223	2.983592176	1.216725594	73.51848004	18.31623904	8.165280926	4.040009067E-05	0	99.9999596				0	0	0	-812.15606	0.001927862072	-21047.5851840957	
812.07606	88	5	7	0.789186895	0.001924069721	95.7916821	2.992186193	1.216131703	73.49406335	18.35040487	8.155531785	4.033251185E-05	0	99.99995967				0	0	0	-812.07606	0.001924069721	-21142.931744946	
811.99606	88	5	7	0.7896901232	0.001920294454	95.78366873	3.000793037	1.215538238	73.46965709	18.38456133	8.145781584	4.026503191E-05	0	99.99995973				0	0	0	-811.99606	0.001920294454	-21238.5061259643	
811.91606	88	5	7	0.7901912539	0.001916536158	95.77564206	3.009412741	1.214945197	73.44526122	18.41870845	8.136030334	4.019765071E-05	0	99.9999598				0	0	0	-811.91606	0.001916536158	-21334.3055714482	
811.83606	88	5	7	0.7906903005	0.00191279472	95.76760208	3.018045337	1.214352581	73.4208757	18.45284625	8.12627805	4.013036814E-05	0	99.99995987				0	0	0	-811.83606	0.00191279472	-21430.3302333282	
811.75606	88	5	7	0.7911872761	0.001909070029	95.75954875	3.026690858	1.213760391	73.3965005	18.48697476	8.116524744	4.006318408E-05	0	99.99995994				0	0	0	-811.75606	0.001909070029	-21526.5773034902	
811.67606	88	5	7	0.7916821936	0.001905361973	95.75148204	3.035349335	1.213168626	73.37213556	18.52109401	8.106770428	3.99960984E-05	0	99.99996				0	0	0	-811.67606	0.001905361973	-21623.0440905907	
811.59606	88	5	7	0.7921750661	0.001901670442	95.74340191	3.044020801	1.212577285	73.34778087	18.55520401	8.097015116	3.992911099E-05	0	99.99996007				0	0	0	-811.59606	0.001901670442	-21719.7396091624	
811.51606	88	5	7	0.7926659063	0.001897995329	95.73530834	3.05270529	1.211986371	73.32343637	18.5893048	8.087258821	3.986222171E-05	0	99.99996014				0	0	0	-811.51606	0.001897995329	-21816.6582000263	
811.43606	88	5	7	0.7931547269	0.001894336524	95.72720129	3.061402834	1.211395881	73.29910204	18.62339641	8.077501557	3.979543046E-05	0	99.9999602				0	0	0	-811.43606	0.001894336524	-21913.7974085991	
811.35606	88	5	7	0.7936415406	0.001890693921	95.71908072	3.070113465	1.210805816	73.27477782	18.65747884	8.067743335	3.97287371E-05	0	99.99996027				0	0	0	-811.35606	0.001890693921	-22011.1604863386	
811.27606	88	5	7	0.7941263598	0.001887067413	95.7109466	3.078837219	1.210216177	73.2504637	18.69155213	8.05798417	3.966214152E-05	0	99.99996034				0	0	0	-811.27606	0.001887067413	-22108.7418874947	
811.19606	88	5	7	0.7946091968	0.001883456894	95.70279891	3.087574127	1.209626964	73.22615961	18.72561631	8.048224075	3.959564359E-05	0	99.9999604				0	0	0	-811.19606	0.001883456894	-22206.5482573102	
811.11606	88	5	7	0.7950900641	0.001879862261	95.6946376	3.096324224	1.209038175	73.20186554	18.7596714	8.038463063	3.952924319E-05	0	99.99996047				0	0	0	-811.11606	0.001879862261	-22304.5801556476	
811.03606	88	5	7	0.7955689736	0.00187628341	95.68646264	3.105087544	1.208449812	73.17758144	18.79371741	8.028701147	3.946294021E-05	0	99.99996054				0	0	0	-811.03606	0.00187628341	-22402.825784785	
810.95606	88	5	7	0.7960459376	0.001872720236	95.678274	3.11386412	1.207861875	73.15330728	18.82775438	8.018938342	3.939673452E-05	0	99.9999606				0	0	0	-810.95606	0.001872720236	-22501.2921424428	
810.87606	88	5	7	0.796520968	0.001869172639	95.67007165	3.122653988	1.207274363	73.12904302	18.86178232	8.00917466	3.933062601E-05	0	99.99996067				0	0	0	-810.87606	0.001869172639	-22599.9829806632	
810.79606	88	5	7	0.7969940767	0.001865640517	95.66185554	3.131457181	1.206687277	73.10478862	18.89580126	7.999410116	3.926461454E-05	0	99.99996074				0	0	0	-810.79606	0.001865640517	-22698.8928935126	
810.71606	88	5	7	0.7974652753	0.00186212377	95.65362565	3.140273734	1.206100617	73.08054405	18.92981123	7.989644722	3.91987E-05	0	99.9999608				0	0	0	-810.71606	0.00186212377	-22798.0193933036	
810.63606	88	5	7	0.7979345757	0.001858622297	95.64538194	3.149103683	1.205514382	73.05630927	18.96381224	7.979878494	3.913288227E-05	0	99.99996087				0	0	0	-810.63606	0.001858622297	-22897.3634433062	
810.55606	88	5	7	0.7984019894	0.001855136	95.63712437	3.157947061	1.204928573	73.03208424	18.99780432	7.970111444	3.906716124E-05	0	99.99996093				0	0	0	-810.55606	0.001855136	-22996.9292062694	
810.47606	88	5	7	0.7988675278	0.001851664781	95.62885291	3.166803905	1.204343189	73.00786893	19.03178748	7.960343586	3.900153677E-05	0	99.999961				0	0	0	-810.47606	0.001851664781	-23096.7144988029	
810.39606	88	5	7	0.7993312023	0.001848208543	95.62056752	3.17567425	1.203758232	72.98366331	19.06576176	7.950574934	3.893600875E-05	0	99.99996106				0	0	0	-810.39606	0.001848208543	-23196.7136700891	
810.31606	88	5	7	0.7997930244	0.001844767188	95.61226817	3.184558132	1.2031737	72.95946734	19.09972716	7.940805503	3.887057706E-05	0	99.99996113				0	0	0	-810.31606	0.001844767188	-23296.9313148172	
810.23606	88	5	7	0.800253005	0.001841340622	95.60395482	3.193455586	1.202589595	72.93528097	19.13368372	7.931035306	3.880524158E-05	0	99.99996119				0	0	0	-810.23606	0.001841340622	-23397.3685028015	
810.15606	88	5	7	0.8007111554	0.001837928749	95.59562744	3.202366648	1.202005915	72.91110419	19.16763145	7.921264358	3.874000219E-05	0	99.99996126				0	0	0	-810.15606	0.001837928749	-23498.0163154562	
810.07606	88	5	7	0.8011674866	0.001834531474	95.58728598	3.211291355	1.201422662	72.88693695	19.20157038	7.911492672	3.867485876E-05	0	99.99996133				0	0	0	-810.07606	0.001834531474	-23598.8829590649	
809.99606	88	5	7	0.8016220095	0.001831148705	95.57893042	3.220229744	1.200839835	72.86277922	19.23550052	7.901720263	3.860981119E-05	0	99.99996139				0	0	0	-809.99606	0.001831148705	-23699.966243241	
809.91606	88	5	7	0.8020747349	0.001827780348	95.57056072	3.22918185	1.200257434	72.83863096	19.2694219	7.891947146	3.854485935E-05	0	99.99996146				0	0	0	-809.91606	0.001827780348	-23801.2606935063	
809.83606	88	5	7	0.8025256736	0.001824426311	95.56217683	3.238147712	1.19967546	72.81449214	19.30333452	7.882173334	3.848000312E-05	0	99.99996152				0	0	0	-809.83606	0.001824426311	-23902.7748690781	
809.75606	88	5	7	0.8029748362	0.001821086504	95.55377872	3.247127366	1.199093912	72.79036273	19.33723843	7.872398842	3.841524239E-05	0	99.99996158				0	0	0	-809.75606	0.001821086504	-24004.4995241125	
809.67606	88	5	7	0.8034222334	0.001817760834	95.54536636	3.256120849	1.19851279	72.76624269	19.37113363	7.862623685	3.835057702E-05	0	99.99996165				0	0	0	-809.67606	0.001817760834	-24106.4364526351	
809.59606	88	5	7	0.8038678755	0.001814449213	95.53693971	3.265128199	1.197932095	72.74213199	19.40502014	7.852847877	3.828600692E-05	0	99.99996171				0	0	0	-809.59606	0.001814449213	-24208.5870746681	
809.51606	88	5	7	0.8043117731	0.00181115155	95.52849872	3.274149454	1.197351827	72.71803059	19.43889798	7.843071432	3.822153194E-05	0	99.99996178				0	0	0	-809.51606	0.00181115155	-24310.9496948449	
809.43606	88	5	7	0.8047539365	0.001807867758	95.52004336	3.283184652	1.196771985	72.69393846	19.47276717	7.833294367	3.815715199E-05	0	99.99996184				0	0	0	-809.43606	0.001807867758	-24413.5259363406	
809.35606	88	5	7	0.8051943757	0.001804597748	95.5115736	3.292233831	1.19619257	72.66985558	19.50662773	7.823516694	3.809286693E-05	0	99.99996191				0	0	0	-809.35606	0.001804597748	-24516.3141296173	
809.27606	88	5	7	0.8056331012	0.001801341434	95.50308939	3.301297029	1.195613582	72.64578189	19.54047968	7.81373843	3.802867666E-05	0	99.99996197				0	0	0	-809.27606	0.001801341434	-24619.3122898813	
809.19606	88	5	7	0.8060701228	0.001798098728	95.49459069	3.310374286	1.195035021	72.62171738	19.57432303	7.803959589	3.796458104E-05	0	99.99996204				0	0	0	-809.19606	0.001798098728	-24722.5187463766	
809.11606	88	5	7	0.8065054506	0.001794869545	95.48607747	3.319465639	1.194456887	72.59766201	19.6081578	7.794180185	3.790057997E-05	0	99.9999621				0	0	0	-809.11606	0.001794869545	-24825.9353947662	
809.03606	88	5	7	0.8069390946	0.001791653799	95.47754969	3.32857113	1.193879181	72.57361575	19.64198401	7.784400235	3.783667332E-05	0	99.99996216				0	0	0	-809.03606	0.001791653799	-24929.5605988699	
808.95606	88	5	7	0.8073710645	0.001788451406	95.4690073	3.337690795	1.193301901	72.54957856	19.67580168	7.774619753	3.777286098E-05	0	99.99996223				0	0	0	-808.95606	0.001788451406	-25033.39648131	
808.87606	88	5	7	0.80780137	0.001785262282	95.46045027	3.346824676	1.192725049	72.52555042	19.70961083	7.764838755	3.770914283E-05	0	99.99996229				0	0	0	-808.87606	0.001785262282	-25137.4374635864	
808.79606	88	5	7	0.808230021	0.001782086343	95.45187856	3.355972812	1.192148625	72.50153129	19.74341146	7.755057255	3.764551875E-05	0	99.99996235				0	0	0	-808.79606	0.001782086343	-25241.6898864851	
808.71606	88	5	7	0.8086570269	0.001778923508	95.44329213	3.365135244	1.191572628	72.47752113	19.7772036	7.745275269	3.758198862E-05	0	99.99996242				0	0	0	-808.71606	0.001778923508	-25346.1480185165	
808.63606	88	5	7	0.8090823974	0.001775773693	95.43469093	3.374312011	1.190997058	72.45351992	19.81098726	7.735492812	3.751855233E-05	0	99.99996248				0	0	0	-808.63606	0.001775773693	-25450.8104804848	
808.55606	88	5	7	0.8095061418	0.001772636818	95.42607493	3.383503153	1.190421917	72.42952763	19.84476247	7.7257099	3.745520976E-05	0	99.99996254				0	0	0	-808.55606	0.001772636818	-25555.6795526636	
808.47606	88	5	7	0.8099282695	0.001769512801	95.41744408	3.392708713	1.189847203	72.40554423	19.87852922	7.715926549	3.739196079E-05	0	99.99996261				0	0	0	-808.47606	0.001769512801	-25660.7497601184	
808.39606	88	5	7	0.8103487899	0.001766401562	95.40879835	3.401928731	1.189272918	72.38156968	19.91228755	7.706142773	3.73288053E-05	0	99.99996267				0	0	0	-808.39606	0.001766401562	-25766.0319684827	
808.31606	88	5	7	0.8107677122	0.001763303023	95.40013769	3.411163248	1.18869906	72.35760395	19.94603746	7.696358589	3.726574318E-05	0	99.99996273				0	0	0	-808.31606	0.001763303023	-25871.5163749087	
808.23606	88	5	7	0.8111850454	0.001760217103	95.39146206	3.420412306	1.188125631	72.33364702	19.97977897	7.686574013	3.720277431E-05	0	99.9999628				0	0	0	-808.23606	0.001760217103	-25977.1975092212	
808.15606	88	5	7	0.8116007988	0.001757143724	95.38277142	3.429675946	1.18755263	72.30969885	20.01351209	7.676789059	3.713989857E-05	0	99.99996286				0	0	0	-808.15606	0.001757143724	-26083.0865141778	
808.07606	88	5	7	0.8120149812	0.001754082809	95.37406573	3.438954211	1.186980058	72.28575941	20.04723684	7.667003745	3.707711585E-05	0	99.99996292				0	0	0	-808.07606	0.001754082809	-26189.1778133516	
807.99606	88	5	7	0.8124276018	0.00175103428	95.36534494	3.448247143	1.186407914	72.26182868	20.08095324	7.657218085	3.701442603E-05	0	99.99996299				0	0	0	-807.99606	0.00175103428	-26295.4702039693	
807.91606	88	5	7	0.8128386693	0.001747998061	95.35660902	3.457554784	1.185836199	72.23790661	20.11466129	7.647432097	3.695182899E-05	0	99.99996305				0	0	0	-807.91606	0.001747998061	-26401.9622927652	
807.83606	88	5	7	0.8132481925	0.001744974075	95.34785791	3.466877178	1.185264912	72.21399319	20.14836101	7.637645796	3.688932461E-05	0	99.99996311				0	0	0	-807.83606	0.001744974075	-26508.652915325	
807.75606	88	5	7	0.8136561802	0.001741962247	95.33909158	3.476214367	1.184694055	72.19008838	20.18205242	7.627859198	3.682691279E-05	0	99.99996317				0	0	0	-807.75606	0.001741962247	-26615.5451794711	
807.67606	88	5	7	0.814062641	0.001738962502	95.33030998	3.485566395	1.184123627	72.16619216	20.21573552	7.618072319	3.676459339E-05	0	99.99996324				0	0	0	-807.67606	0.001738962502	-26722.6335005955	
807.59606	88	5	7	0.8144675836	0.001735974765	95.32151307	3.494933305	1.183553628	72.14230449	20.24941033	7.608285176	3.670236632E-05	0	99.9999633				0	0	0	-807.59606	0.001735974765	-26829.9212440838	
807.51606	88	5	7	0.8148710164	0.001732998963	95.3127008	3.504315141	1.182984058	72.11842535	20.28307687	7.598497786	3.664023144E-05	0	99.99996336				0	0	0	-807.51606	0.001732998963	-26937.4072286408	
807.43606	88	5	7	0.815272948	0.001730035022	95.30387313	3.513711948	1.182414918	72.0945547	20.31673513	7.588710164	3.657818866E-05	0	99.99996342				0	0	0	-807.43606	0.001730035022	-27045.085906767	
807.35606	88	5	7	0.8156733868	0.001727082869	95.29503002	3.52312377	1.181846208	72.07069253	20.35038515	7.578922327	3.651623784E-05	0	99.99996348				0	0	0	-807.35606	0.001727082869	-27152.965400785	
807.27606	88	5	7	0.8160723411	0.001724142433	95.28617142	3.532550651	1.181277927	72.04683879	20.38402692	7.569134292	3.645437887E-05	0	99.99996355				0	0	0	-807.27606	0.001724142433	-27261.0400359663	
807.19606	88	5	7	0.8164698191	0.001721213641	95.27729729	3.541992636	1.180710076	72.02299346	20.41766046	7.559346076	3.639261164E-05	0	99.99996361				0	0	0	-807.19606	0.001721213641	-27369.3043132238	
807.11606	88	5	7	0.8168658291	0.001718296422	95.26840757	3.551449772	1.180142656	71.99915652	20.45128578	7.549557695	3.633093604E-05	0	99.99996367				0	0	0	-807.11606	0.001718296422	-27477.7665887979	
807.03606	88	5	7	0.8172603793	0.001715390706	95.25950223	3.560922102	1.179575665	71.97532794	20.4849029	7.539769166	3.626935194E-05	0	99.99996373				0	0	0	-807.03606	0.001715390706	-27586.4212409338	
806.95606	88	5	7	0.8176534776	0.001712496422	95.25058122	3.570409674	1.179009105	71.95150768	20.51851181	7.529980506	3.620785923E-05	0	99.99996379				0	0	0	-806.95606	0.001712496422	-27695.2675120835	
806.87606	88	5	7	0.8180451322	0.001709613501	95.24164449	3.579912532	1.178442976	71.92769572	20.55211254	7.520191731	3.61464578E-05	0	99.99996385				0	0	0	-806.87606	0.001709613501	-27804.3044535223	
806.79606	88	5	7	0.8184353511	0.001706741873	95.232692	3.589430725	1.177877277	71.90389204	20.5857051	7.51040286	3.608514753E-05	0	99.99996391				0	0	0	-806.79606	0.001706741873	-27913.5313778478	
806.71606	88	5	7	0.818824142	0.00170388147	95.22372369	3.598964297	1.17731201	71.88009661	20.61928948	7.500613909	3.602392831E-05	0	99.99996398				0	0	0	-806.71606	0.00170388147	-28022.9523526761	
806.63606	88	5	7	0.8192115129	0.001701032224	95.21473953	3.608513297	1.176747173	71.85630939	20.65286571	7.490824895	3.596280001E-05	0	99.99996404				0	0	0	-806.63606	0.001701032224	-28132.5618194353	
806.55606	88	5	7	0.8195974716	0.001698194067	95.20573946	3.618077771	1.176182767	71.83253037	20.6864338	7.481035835	3.590176254E-05	0	99.9999641				0	0	0	-806.55606	0.001698194067	-28242.3541047698	
806.47606	88	5	7	0.8199820257	0.001695366931	95.19672344	3.627657767	1.175618793	71.80875951	20.71999374	7.471246747	3.584081577E-05	0	99.99996416				0	0	0	-806.47606	0.001695366931	-28352.3386090695	
806.39606	88	5	7	0.820365183	0.001692550751	95.18769142	3.637253333	1.175055251	71.78499679	20.75354556	7.461457649	3.577995958E-05	0	99.99996422				0	0	0	-806.39606	0.001692550751	-28462.5146480366	
806.31606	88	5	7	0.8207469511	0.00168974546	95.17864334	3.646864517	1.17449214	71.76124219	20.78708925	7.451668558	3.571919387E-05	0	99.99996428				0	0	0	-806.31606	0.00168974546	-28572.8716872102	
806.23606	88	5	7	0.8211273374	0.001686950992	95.16957917	3.656491367	1.173929461	71.73749567	20.82062483	7.44187949	3.565851852E-05	0	99.99996434				0	0	0	-806.23606	0.001686950992	-28683.4142308383	
806.15606	88	5	7	0.8215063496	0.001684167282	95.16049885	3.666133933	1.173367214	71.71375722	20.85415231	7.432090465	3.559793341E-05	0	99.9999644				0	0	0	-806.15606	0.001684167282	-28794.1469862561	
806.07606	88	5	7	0.821883995	0.001681394266	95.15140234	3.675792264	1.1728054	71.6900268	20.8876717	7.4223015	3.553743844E-05	0	99.99996446				0	0	0	-806.07606	0.001681394266	-28905.0590810925	
805.99606	88	5	7	0.8222602811	0.001678631878	95.14228957	3.685466408	1.172244018	71.6663044	20.92118299	7.412512612	3.547703348E-05	0	99.99996452				0	0	0	-805.99606	0.001678631878	-29016.15021468	
805.91606	88	5	7	0.8226352151	0.001675880055	95.13316052	3.695156415	1.171683068	71.64258998	20.9546862	7.402723819	3.541671842E-05	0	99.99996458				0	0	0	-805.91606	0.001675880055	-29127.4250762945	
805.83606	88	5	7	0.8230088044	0.001673138733	95.12401511	3.704862336	1.171122552	71.61888352	20.98818134	7.39293514	3.535649315E-05	0	99.99996464				0	0	0	-805.83606	0.001673138733	-29238.8835055991	
805.75606	88	5	7	0.8233810562	0.00167040785	95.11485331	3.714584221	1.170562468	71.59518499	21.02166841	7.383146592	3.529635756E-05	0	99.9999647				0	0	0	-805.75606	0.00167040785	-29350.5305761341	
805.67606	88	5	7	0.8237519776	0.001667687344	95.10567506	3.724322121	1.170002818	71.57149438	21.05514743	7.373358194	3.523631153E-05	0	99.99996476				0	0	0	-805.67606	0.001667687344	-29462.3498764208	
805.59606	88	5	7	0.8241215757	0.001664977151	95.09648031	3.734076086	1.169443601	71.54781165	21.08861838	7.363569964	3.517635495E-05	0	99.99996482				0	0	0	-805.59606	0.001664977151	-29574.3467509914	
805.51606	88	5	7	0.8244898577	0.001662277211	95.08726901	3.743846169	1.168884818	71.52413679	21.12208129	7.353781919	3.51164877E-05	0	99.99996488				0	0	0	-805.51606	0.001662277211	-29686.5262695989	
805.43606	88	5	7	0.8248568305	0.001659587462	95.07804111	3.75363242	1.168326469	71.50046976	21.15553616	7.343994079	3.505670967E-05	0	99.99996494				0	0	0	-805.43606	0.001659587462	-29798.8774472161	
805.35606	88	5	7	0.8252225011	0.001656907843	95.06879656	3.763434891	1.167768554	71.47681055	21.18898299	7.334206461	3.499702076E-05	0	99.999965				0	0	0	-805.35606	0.001656907843	-29911.4113077296	
805.27606	88	5	7	0.8255868764	0.001654238295	95.05953529	3.773253636	1.167211073	71.45315913	21.22242179	7.324419084	3.493742084E-05	0	99.99996506				0	0	0	-805.27606	0.001654238295	-30024.1164812377	
805.19606	88	5	7	0.8259499633	0.001651578756	95.05025727	3.783088706	1.166654026	71.42951547	21.25585256	7.314631968	3.48779098E-05	0	99.99996512				0	0	0	-805.19606	0.001651578756	-30136.9988984808	
805.11606	88	5	7	0.8263117685	0.001648929169	95.04096243	3.792940155	1.166097415	71.40587956	21.28927531	7.304845129	3.481848753E-05	0	99.99996518				0	0	0	-805.11606	0.001648929169	-30250.0582822123	
805.03606	88	5	7	0.8266722989	0.001646289473	95.03165073	3.802808036	1.165541238	71.38225137	21.32269005	7.295058588	3.475915392E-05	0	99.99996524				0	0	0	-805.03606	0.001646289473	-30363.2893797723	
804.95606	88	5	7	0.8270315611	0.001643659611	95.0223221	3.812692402	1.164985496	71.35863087	21.35609677	7.285272363	3.469990885E-05	0	99.9999653				0	0	0	-804.95606	0.001643659611	-30476.6919948883	
804.87606	88	5	7	0.8273895618	0.001641039523	95.0129765	3.822593309	1.16443019	71.33501805	21.38949548	7.275486472	3.464075222E-05	0	99.99996536				0	0	0	-804.87606	0.001641039523	-30590.2607065841	
804.79606	88	5	7	0.8277463077	0.001638429152	95.00361387	3.83251081	1.163875319	71.31141288	21.42288618	7.265700936	3.45816839E-05	0	99.99996542				0	0	0	-804.79606	0.001638429152	-30704.0072749785	
804.71606	88	5	7	0.8281018052	0.001635828441	94.99423416	3.84244496	1.163320885	71.28781534	21.45626889	7.255915772	3.45227038E-05	0	99.99996548				0	0	0	-804.71606	0.001635828441	-30817.9261985833	
804.63606	88	5	7	0.8284560609	0.001633237333	94.9848373	3.852395814	1.162766886	71.26422541	21.48964359	7.246131	3.446381179E-05	0	99.99996554				0	0	0	-804.63606	0.001633237333	-30932.0058469429	
804.55606	88	5	7	0.8288090812	0.00163065577	94.97542325	3.862363428	1.162213324	71.24064306	21.5230103	7.236346639	3.440500776E-05	0	99.99996559				0	0	0	-804.55606	0.00163065577	-31046.258669034	
804.47606	88	5	7	0.8291608727	0.001628083698	94.96599194	3.872347858	1.161660198	71.21706828	21.55636902	7.226562709	3.43462916E-05	0	99.99996565				0	0	0	-804.47606	0.001628083698	-31160.6787584345	
804.39606	88	5	7	0.8295114416	0.001625521059	94.95654333	3.88234916	1.161107509	71.19350103	21.58971974	7.216779229	3.42876632E-05	0	99.99996571				0	0	0	-804.39606	0.001625521059	-31275.2608144052	
804.31606	88	5	7	0.8298607943	0.001622967799	94.94707735	3.89236739	1.160555257	71.16994131	21.62306248	7.206996217	3.422912245E-05	0	99.99996577				0	0	0	-804.31606	0.001622967799	-31390.0173277483	
804.23606	88	5	7	0.8302089371	0.001620423863	94.93759395	3.902402606	1.160003443	71.14638908	21.65639722	7.197213695	3.417066924E-05	0	99.99996583				0	0	0	-804.23606	0.001620423863	-31504.9366784344	
804.15606	88	5	7	0.8305558763	0.001617889196	94.92809307	3.912454865	1.159452066	71.12284433	21.68972399	7.187431681	3.411230345E-05	0	99.99996589				0	0	0	-804.15606	0.001617889196	-31620.0131669597	
804.07606	88	5	7	0.8309016179	0.001615363743	94.91857465	3.922524225	1.158901127	71.09930704	21.72304277	7.177650195	3.405402498E-05	0	99.99996595				0	0	0	-804.07606	0.001615363743	-31735.2536699856	
803.99606	88	5	7	0.8312461682	0.001612847451	94.90903863	3.932610744	1.158350626	71.07577718	21.75635356	7.167869256	3.39958337E-05	0	99.999966				0	0	0	-803.99606	0.001612847451	-31850.6587575272	
803.91606	88	5	7	0.8315895333	0.001610340266	94.89948496	3.94271448	1.157800564	71.05225474	21.78965637	7.158088886	3.393772952E-05	0	99.99996606				0	0	0	-803.91606	0.001610340266	-31966.2293554994	
803.83606	88	5	7	0.8319317193	0.001607842136	94.88991357	3.952835493	1.15725094	71.02873969	21.82295121	7.148309103	3.387971232E-05	0	99.99996612				0	0	0	-803.83606	0.001607842136	-32081.9597175861	
803.75606	88	5	7	0.8322727321	0.001605353007	94.8803244	3.962973842	1.156701755	71.00523202	21.85623806	7.138529927	3.382178199E-05	0	99.99996618				0	0	0	-803.75606	0.001605353007	-32197.8378396668	
803.67606	88	5	7	0.8326125777	0.001602872826	94.8707174	3.973129586	1.156153009	70.9817317	21.88951692	7.128751379	3.376393841E-05	0	99.99996624				0	0	0	-803.67606	0.001602872826	-32313.8840151536	
803.59606	88	5	7	0.8329512621	0.001600401543	94.86109251	3.983302786	1.155604703	70.95823871	21.92278781	7.118973479	3.370618148E-05	0	99.99996629				0	0	0	-803.59606	0.001600401543	-32430.0925173447	
803.51606	88	5	7	0.8332887913	0.001597939105	94.85144966	3.993493502	1.155056837	70.93475304	21.95605071	7.109196247	3.364851109E-05	0	99.99996635				0	0	0	-803.51606	0.001597939105	-32546.4514154128	
803.43606	88	5	7	0.8336251709	0.001595485461	94.84178879	4.003701796	1.154509411	70.91127467	21.98930563	7.099419703	3.359092712E-05	0	99.99996641				0	0	0	-803.43606	0.001595485461	-32662.9681639724	
803.35606	88	5	7	0.8339604069	0.00159304056	94.83210985	4.013927728	1.153962425	70.88780357	22.02255256	7.089643868	3.353342947E-05	0	99.99996647				0	0	0	-803.35606	0.00159304056	-32779.637159829	
803.27606	88	5	7	0.834294505	0.001590604351	94.82241276	4.024171361	1.15341588	70.86433973	22.05579151	7.079868763	3.347601802E-05	0	99.99996652				0	0	0	-803.27606	0.001590604351	-32896.4663236352	
803.19606	88	5	7	0.8346274709	0.001588176785	94.81269747	4.034432757	1.152869775	70.84088312	22.08902247	7.070094407	3.341869267E-05	0	99.99996658				0	0	0	-803.19606	0.001588176785	-33013.4430893496	
803.11606	88	5	7	0.8349593104	0.00158575781	94.80296391	4.044711978	1.152324112	70.81743374	22.12224544	7.060320821	3.33614533E-05	0	99.99996664				0	0	0	-803.11606	0.00158575781	-33130.5758061481	
803.03606	88	5	7	0.835290029	0.001583347379	94.79321202	4.055009088	1.151778891	70.79399155	22.15546042	7.050548027	3.330429981E-05	0	99.9999667				0	0	0	-803.03606	0.001583347379	-33247.8584241968	
802.95606	88	5	7	0.8356196325	0.00158094544	94.78344174	4.06532415	1.151234112	70.77055655	22.1886674	7.040776045	3.324723208E-05	0	99.99996675				0	0	0	-802.95606	0.00158094544	-33365.2927732514	
802.87606	88	5	7	0.8359481263	0.001578551947	94.773653	4.075657229	1.150689774	70.74712871	22.22186639	7.031004895	3.319025E-05	0	99.99996681				0	0	0	-802.87606	0.001578551947	-33482.8867642516	
802.79606	88	5	7	0.836275516	0.00157616685	94.76384573	4.086008388	1.15014588	70.72370802	22.25505738	7.021234599	3.313335347E-05	0	99.99996687				0	0	0	-802.79606	0.00157616685	-33600.6140566875	
802.71606	88	5	7	0.8366018071	0.0015737901	94.75401988	4.096377692	1.149602428	70.70029446	22.28824036	7.011465179	3.307654238E-05	0	99.99996692				0	0	0	-802.71606	0.0015737901	-33718.4900605843	
802.63606	88	5	7	0.8369270051	0.00157142165	94.74417537	4.106765207	1.149059419	70.67688801	22.32141534	7.001696654	3.301981661E-05	0	99.99996698				0	0	0	-802.63606	0.00157142165	-33836.5233792728	
802.55606	88	5	7	0.8372511153	0.001569061453	94.73431215	4.117170999	1.148516854	70.65348865	22.3545823	6.991929047	3.296317606E-05	0	99.99996704				0	0	0	-802.55606	0.001569061453	-33954.7086069164	
802.47606	88	5	7	0.8375741432	0.001566709462	94.72443013	4.127595134	1.147974732	70.63009637	22.38774125	6.982162378	3.290662061E-05	0	99.99996709				0	0	0	-802.47606	0.001566709462	-34073.03293681	
802.39606	88	5	7	0.8378960941	0.001564365629	94.71452927	4.138037678	1.147433055	70.60671115	22.42089218	6.972396669	3.285015017E-05	0	99.99996715				0	0	0	-802.39606	0.001564365629	-34191.490723129	
802.31606	88	5	7	0.8382169733	0.001562029907	94.70460948	4.148498699	1.146891823	70.58333297	22.45403509	6.962631941	3.279376461E-05	0	99.99996721				0	0	0	-802.31606	0.001562029907	-34310.1056548668	
802.23606	88	5	7	0.838536786	0.001559702252	94.6946707	4.158978265	1.146351035	70.55996182	22.48716996	6.952868216	3.273746383E-05	0	99.99996726				0	0	0	-802.23606	0.001559702252	-34428.8646393142	
802.15606	88	5	7	0.8388555376	0.001557382616	94.68471286	4.169476443	1.145810692	70.53659768	22.52029681	6.943105516	3.268124772E-05	0	99.99996732				0	0	0	-802.15606	0.001557382616	-34547.754999371	
802.07606	88	5	7	0.8391732332	0.001555070954	94.6747359	4.179993302	1.145270796	70.51324053	22.55341561	6.933343862	3.262511618E-05	0	99.99996737				0	0	0	-802.07606	0.001555070954	-34666.8008559734	
801.99606	88	5	7	0.839489878	0.001552767222	94.66473974	4.190528912	1.144731345	70.48989035	22.58652637	6.923583276	3.256906908E-05	0	99.99996743				0	0	0	-801.99606	0.001552767222	-34785.9815785045	
801.91606	88	5	7	0.839805477	0.001550471373	94.65472432	4.201083341	1.14419234	70.46654714	22.61962908	6.91382378	3.251310634E-05	0	99.99996749				0	0	0	-801.91606	0.001550471373	-34905.2994437285	
801.83606	88	5	7	0.8401200355	0.001548183364	94.64468956	4.211656661	1.143653782	70.44321088	22.65272373	6.904065395	3.245722782E-05	0	99.99996754				0	0	0	-801.83606	0.001548183364	-35024.7638364894	
801.75606	88	5	7	0.8404335584	0.00154590315	94.63463539	4.222248941	1.143115671	70.41988154	22.68581031	6.894308145	3.240143344E-05	0	99.9999676				0	0	0	-801.75606	0.00154590315	-35144.3617767721	
801.67606	88	5	7	0.8407460508	0.001543630687	94.62456174	4.232860253	1.142578007	70.39655912	22.71888883	6.88455205	3.234572308E-05	0	99.99996765				0	0	0	-801.67606	0.001543630687	-35264.1031441114	
801.59606	88	5	7	0.8410575177	0.001541365932	94.61446854	4.243490668	1.142040792	70.3732436	22.75195926	6.874797134	3.229009662E-05	0	99.99996771				0	0	0	-801.59606	0.001541365932	-35383.9745138304	
801.51606	88	5	7	0.841367964	0.00153910884	94.60435572	4.254140259	1.141504024	70.34993497	22.78502162	6.865043418	3.223455397E-05	0	99.99996777				0	0	0	-801.51606	0.00153910884	-35503.9783384901	
801.43606	88	5	7	0.8416773946	0.001536859369	94.5942232	4.264809098	1.140967705	70.3266332	22.81807587	6.855290924	3.217909502E-05	0	99.99996782				0	0	0	-801.43606	0.001536859369	-35624.1326320277	
801.35606	88	5	7	0.8419858145	0.001534617477	94.58407091	4.275497258	1.140431835	70.30333829	22.85112203	6.845539676	3.212371965E-05	0	99.99996788				0	0	0	-801.35606	0.001534617477	-35744.4160844226	
801.27606	88	5	7	0.8422932285	0.00153238312	94.57389877	4.286204813	1.139896415	70.28005022	22.88416008	6.835789696	3.206842776E-05	0	99.99996793				0	0	0	-801.27606	0.00153238312	-35864.8232679776	
801.19606	88	5	7	0.8425996414	0.001530156256	94.56370672	4.296931837	1.139361444	70.25676898	22.91719001	6.826041006	3.201321925E-05	0	99.99996799				0	0	0	-801.19606	0.001530156256	-35985.3726770273	
801.11606	88	5	7	0.8429050581	0.001527936844	94.55349467	4.307678406	1.138826924	70.23349455	22.95021182	6.816293629	3.1958094E-05	0	99.99996804				0	0	0	-801.11606	0.001527936844	-36106.0588680136	
801.03606	88	5	7	0.8432094832	0.001525724842	94.54326255	4.318444593	1.138292854	70.21022692	22.98322549	6.806547588	3.19030519E-05	0	99.9999681				0	0	0	-801.03606	0.001525724842	-36226.8682699262	
800.95606	88	5	7	0.8435129215	0.001523520208	94.53301029	4.329230476	1.137759235	70.18696608	23.01623101	6.796802905	3.184809286E-05	0	99.99996815				0	0	0	-800.95606	0.001523520208	-36347.8201445161	
800.87606	88	5	7	0.8438153777	0.001521322903	94.5227378	4.340036131	1.137226067	70.16371201	23.04922839	6.787059604	3.179321676E-05	0	99.99996821				0	0	0	-800.87606	0.001521322903	-36468.8921583382	
800.79606	88	5	7	0.8441168565	0.001519132883	94.51244501	4.350861634	1.136693352	70.1404647	23.0822176	6.777317708	3.173842349E-05	0	99.99996826				0	0	0	-800.79606	0.001519132883	-36590.0960219679	
800.71606	88	5	7	0.8444173624	0.001516950111	94.50213185	4.361707063	1.136161088	70.11722413	23.11519863	6.767577239	3.168371295E-05	0	99.99996832				0	0	0	-800.71606	0.001516950111	-36711.4339969461	
800.63606	88	5	7	0.8447169002	0.001514774544	94.49179823	4.372572497	1.135629278	70.0939903	23.14817148	6.75783822	3.162908503E-05	0	99.99996837				0	0	0	-800.63606	0.001514774544	-36832.8928534042	
800.55606	88	5	7	0.8450154744	0.001512606144	94.48144407	4.383458014	1.13509792	70.07076319	23.18113614	6.748100676	3.157453963E-05	0	99.99996843				0	0	0	-800.55606	0.001512606144	-36954.4921916091	
800.47606	88	5	7	0.8453130895	0.001510444871	94.47106929	4.394363693	1.134567016	70.04754278	23.21409259	6.738364629	3.152007663E-05	0	99.99996848				0	0	0	-800.47606	0.001510444871	-37076.209743225	
800.39606	88	5	7	0.84560975	0.001508290685	94.46067382	4.405289614	1.134036567	70.02432907	23.24704082	6.728630103	3.146569594E-05	0	99.99996853				0	0	0	-800.39606	0.001508290685	-37198.0572984702	
800.31606	88	5	7	0.8459054604	0.001506143548	94.45025757	4.416235858	1.133506572	70.00112205	23.27998083	6.718897121	3.141139744E-05	0	99.99996859				0	0	0	-800.31606	0.001506143548	-37320.029265469	
800.23606	88	5	7	0.8462002252	0.00150400342	94.43982046	4.427202506	1.132977031	69.97792169	23.3129126	6.709165707	3.135718102E-05	0	99.99996864				0	0	0	-800.23606	0.00150400342	-37442.1292404793	
800.15606	88	5	7	0.8464940488	0.001501870264	94.42936241	4.438189639	1.132447947	69.954728	23.34583611	6.699435885	3.130304659E-05	0	99.9999687				0	0	0	-800.15606	0.001501870264	-37564.3603949548	
800.07606	88	5	7	0.8467869355	0.001499744041	94.41888334	4.44919734	1.131919318	69.93154096	23.37875136	6.689707677	3.124899403E-05	0	99.99996875				0	0	0	-800.07606	0.001499744041	-37686.6998148753	
799.99606	88	5	7	0.8470788899	0.001497624712	94.40838316	4.460225691	1.131391146	69.90836055	23.41165834	6.679981109	3.119502325E-05	0	99.9999688				0	0	0	-799.99606	0.001497624712	-37809.1777668029	
799.91606	88	5	7	0.8473699161	0.001495512242	94.39786179	4.471274777	1.13086343	69.88518677	23.44455703	6.670256204	3.114113412E-05	0	99.99996886				0	0	0	-799.91606	0.001495512242	-37931.7796443753	
799.83606	88	5	7	0.8476600185	0.001493406591	94.38731915	4.482344681	1.130336172	69.8620196	23.47744741	6.660532985	3.108732656E-05	0	99.99996891				0	0	0	-799.83606	0.001493406591	-38054.5006792612	
799.75606	88	5	7	0.8479492015	0.001491307724	94.37675514	4.493435488	1.129809372	69.83885904	23.51032948	6.650811477	3.103360044E-05	0	99.99996897				0	0	0	-799.75606	0.001491307724	-38177.3440258307	
799.67606	88	5	7	0.8482374691	0.001489215602	94.36616969	4.504547284	1.12928303	69.81570507	23.54320322	6.641091705	3.097995567E-05	0	99.99996902				0	0	0	-799.67606	0.001489215602	-38300.3048148402	
799.59606	88	5	7	0.8485248257	0.00148713019	94.3555627	4.515680155	1.128757147	69.79255769	23.57606862	6.631373691	3.092639214E-05	0	99.99996907				0	0	0	-799.59606	0.00148713019	-38423.4050161442	
799.51606	88	5	7	0.8488112755	0.001485051452	94.34493409	4.526834187	1.128231723	69.76941688	23.60892566	6.621657462	3.087290975E-05	0	99.99996913				0	0	0	-799.51606	0.001485051452	-38546.6117422598	
799.43606	88	5	7	0.8490968227	0.00148297935	94.33428377	4.538009468	1.12770676	69.74628263	23.64177433	6.61194304	3.081950838E-05	0	99.99996918				0	0	0	-799.43606	0.00148297935	-38669.9478660222	
799.35606	88	5	7	0.8493814713	0.001480913851	94.32361166	4.549206085	1.127182256	69.72315494	23.67461461	6.60223045	3.076618794E-05	0	99.99996923				0	0	0	-799.35606	0.001480913851	-38793.4076658392	
799.27606	88	5	7	0.8496652255	0.001478854917	94.31291766	4.560424129	1.126658214	69.70003379	23.7074465	6.592519717	3.071294831E-05	0	99.99996929				0	0	0	-799.27606	0.001478854917	-38916.9770085103	
799.19606	88	5	7	0.8499480894	0.001476802514	94.30220168	4.571663687	1.126134633	69.67691917	23.74026996	6.582810866	3.06597894E-05	0	99.99996934				0	0	0	-799.19606	0.001476802514	-39040.6691220907	
799.11606	88	5	7	0.850230067	0.001474756606	94.29146363	4.582924851	1.125611514	69.65381108	23.773085	6.573103921	3.060671109E-05	0	99.99996939				0	0	0	-799.11606	0.001474756606	-39164.4887122126	
799.03606	88	5	7	0.8505111625	0.00147271716	94.28070343	4.594207711	1.125088858	69.6307095	23.80589159	6.563398907	3.055371329E-05	0	99.99996945				0	0	0	-799.03606	0.00147271716	-39288.4303372217	
798.95606	88	5	7	0.8507913798	0.00147068414	94.26992098	4.605512358	1.124566665	69.60761443	23.83868972	6.553695849	3.050079589E-05	0	99.9999695				0	0	0	-798.95606	0.00147068414	-39412.4794363764	
798.87606	88	5	7	0.8510707228	0.001468657512	94.25911618	4.616838886	1.124044935	69.58452586	23.87147937	6.543994771	3.044795878E-05	0	99.99996955				0	0	0	-798.87606	0.001468657512	-39536.6598419029	
798.79606	88	5	7	0.8513491957	0.001466637243	94.24828894	4.628187386	1.12352367	69.56144378	23.90426052	6.534295699	3.039520186E-05	0	99.9999696				0	0	0	-798.79606	0.001466637243	-39660.9565957372	
798.71606	88	5	7	0.8516268022	0.001464623298	94.23743918	4.639557953	1.123002869	69.53836818	23.93703316	6.524598658	3.034252503E-05	0	99.99996966				0	0	0	-798.71606	0.001464623298	-39785.3746956901	
798.63606	88	5	7	0.8519035463	0.001462615645	94.22656679	4.65095068	1.122482534	69.51529906	23.96979727	6.514903673	3.028992817E-05	0	99.99996971				0	0	0	-798.63606	0.001462615645	-39909.9186943384	
798.55606	88	5	7	0.852179432	0.00146061425	94.21567167	4.662365664	1.121962664	69.4922364	24.00255283	6.505210769	3.023741119E-05	0	99.99996976				0	0	0	-798.55606	0.00146061425	-40034.5636973018	
798.47606	88	5	7	0.852454463	0.001458619079	94.20475374	4.673802999	1.121443261	69.4691802	24.03529983	6.495519971	3.018497398E-05	0	99.99996982				0	0	0	-798.47606	0.001458619079	-40159.3346992098	
798.39606	88	5	7	0.8527286432	0.001456630101	94.19381289	4.685262784	1.120924326	69.44613044	24.06803825	6.485831305	3.013261644E-05	0	99.99996987				0	0	0	-798.39606	0.001456630101	-40284.2365847241	
798.31606	88	5	7	0.8530019764	0.001454647283	94.18284903	4.696745114	1.120405857	69.42308713	24.10076807	6.476144796	3.008033846E-05	0	99.99996992				0	0	0	-798.31606	0.001454647283	-40409.2545057012	
798.23606	88	5	7	0.8532744664	0.001452670593	94.17186205	4.708250088	1.119887858	69.40005026	24.13348927	6.46646047	3.002813994E-05	0	99.99996997				0	0	0	-798.23606	0.001452670593	-40534.3832430226	
798.15606	88	5	7	0.853546117	0.001450699998	94.16085187	4.719777806	1.119370327	69.37701981	24.16620183	6.456778353	2.997602078E-05	0	99.99997002				0	0	0	-798.15606	0.001450699998	-40659.6281522816	
798.07606	88	5	7	0.853816932	0.001448735467	94.14981837	4.731328366	1.118853265	69.35399579	24.19890574	6.44709847	2.992398086E-05	0	99.99997008				0	0	0	-798.07606	0.001448735467	-40785.0048492188	
797.99606	88	5	7	0.8540869149	0.001446776969	94.13876146	4.74290187	1.118336674	69.33097818	24.23160097	6.437420846	2.98720201E-05	0	99.99997013				0	0	0	-797.99606	0.001446776969	-40910.5085940308	
797.91606	88	5	7	0.8543560696	0.001444824473	94.12768103	4.754498419	1.117820553	69.30796698	24.26428751	6.427745509	2.982013838E-05	0	99.99997018				0	0	0	-797.91606	0.001444824473	-41036.1239868571	
797.83606	88	5	7	0.8546243997	0.001442877947	94.11657698	4.766118115	1.117304904	69.28496218	24.29696534	6.418072482	2.976833559E-05	0	99.99997023				0	0	0	-797.83606	0.001442877947	-41161.8460807881	
797.75606	88	5	7	0.8548919088	0.00144093736	94.10544921	4.777761061	1.116789727	69.26196378	24.32963443	6.408401794	2.971661165E-05	0	99.99997028				0	0	0	-797.75606	0.00144093736	-41287.7017559869	
797.67606	88	5	7	0.8551586007	0.001439002683	94.09429762	4.789427361	1.116275022	69.23897176	24.36229477	6.398733469	2.966496644E-05	0	99.99997034				0	0	0	-797.67606	0.001439002683	-41413.6861172648	
797.59606	88	5	7	0.8554244788	0.001437073885	94.08312209	4.801117119	1.115760791	69.21598613	24.39494633	6.389067534	2.961339986E-05	0	99.99997039				0	0	0	-797.59606	0.001437073885	-41539.7838700242	
797.51606	88	5	7	0.8556895468	0.001435150936	94.07192252	4.812830441	1.115247034	69.19300688	24.4275891	6.379404015	2.956191181E-05	0	99.99997044				0	0	0	-797.51606	0.001435150936	-41666.000828879	
797.43606	88	5	7	0.8559538083	0.001433233806	94.06069881	4.824567434	1.114733752	69.17003401	24.46022305	6.369742938	2.951050219E-05	0	99.99997049				0	0	0	-797.43606	0.001433233806	-41792.3431318378	
797.35606	88	5	7	0.8562172667	0.001431322466	94.04945085	4.836328204	1.114220944	69.1470675	24.49284817	6.36008433	2.945917088E-05	0	99.99997054				0	0	0	-797.35606	0.001431322466	-41918.8059312971	
797.27606	88	5	7	0.8564799256	0.001429416886	94.03817853	4.848112859	1.113708613	69.12410736	24.52546443	6.350428216	2.94079178E-05	0	99.99997059				0	0	0	-797.27606	0.001429416886	-42045.3956908084	
797.19606	88	5	7	0.8567417885	0.001427517038	94.02688173	4.859921509	1.113196759	69.10115357	24.55807181	6.340774625	2.935674283E-05	0	99.99997064				0	0	0	-797.19606	0.001427517038	-42172.1186739041	
797.11606	88	5	7	0.8570028588	0.001425622893	94.01556035	4.871754264	1.112685382	69.07820614	24.59067028	6.331123581	2.930564587E-05	0	99.99997069				0	0	0	-797.11606	0.001425622893	-42298.9592443097	
797.03606	88	5	7	0.8572631401	0.001423734422	94.00421428	4.883611234	1.112174483	69.05526505	24.62325983	6.321475113	2.925462683E-05	0	99.99997075				0	0	0	-797.03606	0.001423734422	-42425.9239313034	
796.95606	88	5	7	0.8575226357	0.001421851597	93.99284341	4.895492531	1.111664063	69.03233032	24.65584044	6.311829245	2.920368559E-05	0	99.9999708				0	0	0	-796.95606	0.001421851597	-42553.0079466497	
796.87606	88	5	7	0.8577813491	0.001419974389	93.98144761	4.907398267	1.111154122	69.00940192	24.68841207	6.302186006	2.915282207E-05	0	99.99997085				0	0	0	-796.87606	0.001419974389	-42680.2296105658	
796.79606	88	5	7	0.8580392837	0.001418102772	93.97002678	4.919328557	1.110644661	68.98647986	24.72097472	6.292545422	2.910203614E-05	0	99.9999709				0	0	0	-796.79606	0.001418102772	-42807.5726154297	
796.71606	88	5	7	0.8582964427	0.001416236716	93.9585808	4.931283514	1.110135682	68.96356413	24.75352835	6.28290752	2.905132772E-05	0	99.99997095				0	0	0	-796.71606	0.001416236716	-42935.0444463021	
796.63606	88	5	7	0.8585528296	0.001414376196	93.94710956	4.943263254	1.109627184	68.94065474	24.78607294	6.273272328	2.90006967E-05	0	99.999971				0	0	0	-796.63606	0.001414376196	-43062.6632280365	
796.55606	88	5	7	0.8588084478	0.001412521184	93.93561294	4.955267893	1.109119169	68.91775167	24.81860846	6.263639871	2.895014297E-05	0	99.99997105				0	0	0	-796.55606	0.001412521184	-43190.3900272241	
796.47606	88	5	7	0.8590633004	0.001410671652	93.92409081	4.967297549	1.108611637	68.89485492	24.8511349	6.254010177	2.889966645E-05	0	99.9999711				0	0	0	-796.47606	0.001410671652	-43318.2553900319	
796.39606	88	5	7	0.8593173909	0.001408827575	93.91254307	4.97935234	1.108104589	68.87196449	24.88365224	6.244383274	2.884926701E-05	0	99.99997115				0	0	0	-796.39606	0.001408827575	-43446.2664806419	
796.31606	88	5	7	0.8595707224	0.001406988926	93.90096959	4.991432386	1.107598025	68.84908038	24.91616043	6.234759189	2.879894457E-05	0	99.9999712				0	0	0	-796.31606	0.001406988926	-43574.3955612812	
796.23606	88	5	7	0.8598232982	0.001405155678	93.88937025	5.003537806	1.107091947	68.82620258	24.94865947	6.225137948	2.874869903E-05	0	99.99997125				0	0	0	-796.23606	0.001405155678	-43702.6740308116	
796.15606	88	5	7	0.8600751216	0.001403327807	93.87774492	5.015668722	1.106586356	68.8033311	24.98114932	6.21551958	2.869853027E-05	0	99.9999713				0	0	0	-796.15606	0.001403327807	-43831.0853365885	
796.07606	88	5	7	0.8603261958	0.001401505285	93.86609349	5.027825257	1.106081251	68.78046593	25.01362996	6.205904112	2.86484382E-05	0	99.99997135				0	0	0	-796.07606	0.001401505285	-43959.6257136734	
795.99606	88	5	7	0.8605765239	0.001399688088	93.85441583	5.040007534	1.105576635	68.75760706	25.04610137	6.196291572	2.859842271E-05	0	99.9999714				0	0	0	-795.99606	0.001399688088	-44088.3146480455	
795.91606	88	5	7	0.8608261091	0.00139787619	93.84271182	5.052215677	1.105072507	68.7347545	25.07856351	6.186681986	2.854848372E-05	0	99.99997145				0	0	0	-795.91606	0.00139787619	-44217.1361071188	
795.83606	88	5	7	0.8610749547	0.001396069566	93.83098132	5.064449812	1.104568869	68.71190824	25.11101637	6.177075384	2.849862111E-05	0	99.9999715				0	0	0	-795.83606	0.001396069566	-44346.1103756349	
795.75606	88	5	7	0.8613230636	0.001394268192	93.81922421	5.076710066	1.104065721	68.68906829	25.14345992	6.167471791	2.844883478E-05	0	99.99997155				0	0	0	-795.75606	0.001394268192	-44475.2209466141	
795.67606	88	5	7	0.8615704391	0.001392472042	93.80744037	5.088996566	1.103563064	68.66623464	25.17589413	6.157871237	2.839912463E-05	0	99.9999716				0	0	0	-795.67606	0.001392472042	-44604.4764099218	
795.59606	88	5	7	0.8618170843	0.001390681093	93.79562966	5.101309441	1.103060899	68.64340728	25.20831897	6.148273749	2.834949057E-05	0	99.99997165				0	0	0	-795.59606	0.001390681093	-44733.897445379	
795.51606	88	5	7	0.8620630021	0.001388895321	93.78379195	5.113648822	1.102559227	68.62058623	25.24073442	6.138679355	2.829993249E-05	0	99.9999717				0	0	0	-795.51606	0.001388895321	-44863.4552222341	
795.43606	88	5	7	0.8623081958	0.001387114701	93.77192711	5.126014838	1.102058049	68.59777147	25.27314045	6.129088083	2.825045029E-05	0	99.99997175				0	0	0	-795.43606	0.001387114701	-44993.1584476177	
795.35606	88	5	7	0.8625526682	0.00138533921	93.76003501	5.138407622	1.101557365	68.57496301	25.30553703	6.119499962	2.820104387E-05	0	99.9999718				0	0	0	-795.35606	0.00138533921	-45123.0284243915	
795.27606	88	5	7	0.8627964226	0.001383568825	93.74811552	5.150827308	1.101057177	68.55216084	25.33792414	6.109915018	2.815171313E-05	0	99.99997185				0	0	0	-795.27606	0.001383568825	-45253.0486592269	
795.19606	88	5	7	0.8630394618	0.001381803522	93.73616848	5.16327403	1.100557485	68.52936497	25.37030175	6.100333281	2.810245797E-05	0	99.9999719				0	0	0	-795.19606	0.001381803522	-45383.228348934	
795.11606	88	5	7	0.8632817889	0.001380043279	93.72419379	5.175747923	1.100058291	68.5065754	25.40266982	6.090754778	2.805327829E-05	0	99.99997195				0	0	0	-795.11606	0.001380043279	-45513.5634669963	
795.03606	88	5	7	0.8635234068	0.001378288072	93.71219128	5.188249125	1.099559595	68.48379212	25.43502834	6.081179539	2.800417399E-05	0	99.999972				0	0	0	-795.03606	0.001378288072	-45644.0636185947	
794.95606	88	5	7	0.8637643185	0.00137653788	93.70016083	5.200777774	1.099061397	68.46101514	25.46737727	6.07160759	2.795514497E-05	0	99.99997204				0	0	0	-794.95606	0.00137653788	-45774.7379097667	
794.87606	88	5	7	0.8640045269	0.00137479268	93.68810229	5.213334008	1.0985637	68.43824445	25.49971659	6.062038962	2.790619113E-05	0	99.99997209				0	0	0	-794.87606	0.00137479268	-45905.5566995869	
794.79606	88	5	7	0.864244035	0.001373052449	93.67601553	5.225917969	1.098066504	68.41548006	25.53204626	6.052473681	2.785731236E-05	0	99.99997214				0	0	0	-794.79606	0.001373052449	-46036.5560006511	
794.71606	88	5	7	0.8644828457	0.001371317167	93.66390039	5.238529797	1.097569809	68.39272196	25.56436626	6.042911777	2.780850858E-05	0	99.99997219				0	0	0	-794.71606	0.001371317167	-46167.7454303263	
794.63606	88	5	7	0.8647209618	0.001369586812	93.65175675	5.251169637	1.097073617	68.36997016	25.59667656	6.033353279	2.775977968E-05	0	99.99997224				0	0	0	-794.63606	0.001369586812	-46299.0951918644	
794.55606	88	5	7	0.8649583862	0.001367861362	93.63958444	5.263837632	1.09657793	68.34722466	25.62897712	6.023798214	2.771112555E-05	0	99.99997229				0	0	0	-794.55606	0.001367861362	-46364.8740549985	
794.53606	88	5	7	1	0.508970734	93.6405045	5.263030799	1.096464696				2.770523752E-05	0	99.99997229	47.40668255	52.59331745	0				-794.53606	0.508970734	0.0394008802512135	
794.51606	88	5	7	1	0.508970734	93.6405045	5.263030799	1.096464696				2.770523752E-05	0	99.99997229	47.40668255	52.59331745	0				-794.51606	0.508970734	NaN	
794.47606	88	5	7	1	0.508970734	93.6405045	5.263030799	1.096464696				2.770523752E-05	0	99.99997229	47.40668255	52.59331745	0				-794.47606	0.508970734	NaN	
794.39606	88	5	7	1	0.508970734	93.6405045	5.263030799	1.096464696				2.770523752E-05	0	99.99997229	47.40668255	52.59331745	0				-794.39606	0.508970734	NaN	
794.23606	88	5	7	1	0.508970734	93.6405045	5.263030799	1.096464696				2.770523752E-05	0	99.99997229	47.40668255	52.59331745	0				-794.23606	0.508970734	NaN	
794.07606	88	5	7	1	0.508970734	93.6405045	5.263030799	1.096464696				2.770523752E-05	0	99.99997229	47.40668255	52.59331745	0				-794.07606	0.508970734	NaN	
793.91606	88	5	7	1	0.508970734	93.6405045	5.263030799	1.096464696				2.770523752E-05	0	99.99997229	47.40668255	52.59331745	0				-793.91606	0.508970734	NaN	
793.75606	88	5	7	1	0.508970734	93.6405045	5.263030799	1.096464696				2.770523752E-05	0	99.99997229	47.40668255	52.59331745	0				-793.75606	0.508970734	NaN	
793.59606	88	5	7	1	0.508970734	93.6405045	5.263030799	1.096464696				2.770523752E-05	0	99.99997229	47.40668255	52.59331745	0				-793.59606	0.508970734	NaN	
793.43606	88	5	7	1	0.508970734	93.6405045	5.263030799	1.096464696				2.770523752E-05	0	99.99997229	47.40668255	52.59331745	0				-793.43606	0.508970734	NaN	
793.27606	88	5	7	1	0.508970734	93.6405045	5.263030799	1.096464696				2.770523752E-05	0	99.99997229	47.40668255	52.59331745	0				-793.27606	0.508970734	NaN	
793.11606	88	5	7	1	0.508970734	93.6405045	5.263030799	1.096464696				2.770523752E-05	0	99.99997229	47.40668255	52.59331745	0				-793.11606	0.508970734	NaN	
792.95606	88	5	7	1	0.508970734	93.6405045	5.263030799	1.096464696				2.770523752E-05	0	99.99997229	47.40668255	52.59331745	0				-792.95606	0.508970734	NaN	
792.79606	88	5	7	1	0.508970734	93.6405045	5.263030799	1.096464696				2.770523752E-05	0	99.99997229	47.40668255	52.59331745	0				-792.79606	0.508970734	NaN	
792.63606	88	5	7	1	0.508970734	93.6405045	5.263030799	1.096464696				2.770523752E-05	0	99.99997229	47.40668255	52.59331745	0				-792.63606	0.508970734	NaN	
792.47606	88	5	7	1	0.508970734	93.6405045	5.263030799	1.096464696				2.770523752E-05	0	99.99997229	47.40668255	52.59331745	0				-792.47606	0.508970734	NaN	
792.31606	88	5	7	1	0.508970734	93.6405045	5.263030799	1.096464696				2.770523752E-05	0	99.99997229	47.40668255	52.59331745	0				-792.31606	0.508970734	NaN	
792.15606	88	5	7	1	0.508970734	93.6405045	5.263030799	1.096464696				2.770523752E-05	0	99.99997229	47.40668255	52.59331745	0				-792.15606	0.508970734	NaN	
791.99606	88	5	7	1	0.508970734	93.6405045	5.263030799	1.096464696				2.770523752E-05	0	99.99997229	47.40668255	52.59331745	0				-791.99606	0.508970734	NaN	
791.83606	88	5	7	1	0.508970734	93.6405045	5.263030799	1.096464696				2.770523752E-05	0	99.99997229	47.40668255	52.59331745	0				-791.83606	0.508970734	NaN	
791.67606	88	5	7	1	0.508970734	93.6405045	5.263030799	1.096464696				2.770523752E-05	0	99.99997229	47.40668255	52.59331745	0				-791.67606	0.508970734	NaN	
791.51606	88	5	7	1	0.508970734	93.6405045	5.263030799	1.096464696				2.770523752E-05	0	99.99997229	47.40668255	52.59331745	0				-791.51606	0.508970734	NaN	
791.35606	88	5	7	1	0.508970734	93.6405045	5.263030799	1.096464696				2.770523752E-05	0	99.99997229	47.40668255	52.59331745	0				-791.35606	0.508970734	NaN	
791.19606	88	5	7	1	0.508970734	93.6405045	5.263030799	1.096464696				2.770523752E-05	0	99.99997229	47.40668255	52.59331745	0				-791.19606	0.508970734	NaN	
791.03606	88	5	7	1	0.508970734	93.6405045	5.263030799	1.096464696				2.770523752E-05	0	99.99997229	47.40668255	52.59331745	0				-791.03606	0.508970734	NaN	
790.87606	88	5	7	1	0.508970734	93.6405045	5.263030799	1.096464696				2.770523752E-05	0	99.99997229	47.40668255	52.59331745	0				-790.87606	0.508970734	NaN	
790.71606	88	5	7	1	0.508970734	93.6405045	5.263030799	1.096464696				2.770523752E-05	0	99.99997229	47.40668255	52.59331745	0				-790.71606	0.508970734	NaN	
790.55606	88	5	7	1	0.508970734	93.6405045	5.263030799	1.096464696				2.770523752E-05	0	99.99997229	47.40668255	52.59331745	0				-790.55606	0.508970734	NaN	
790.39606	88	5	7	1	0.508970734	93.6405045	5.263030799	1.096464696				2.770523752E-05	0	99.99997229	47.40668255	52.59331745	0				-790.39606	0.508970734	NaN	
790.23606	88	5	7	1	0.508970734	93.6405045	5.263030799	1.096464696				2.770523752E-05	0	99.99997229	47.40668255	52.59331745	0				-790.23606	0.508970734	NaN	
790.07606	88	5	7	1	0.508970734	93.6405045	5.263030799	1.096464696				2.770523752E-05	0	99.99997229	47.40668255	52.59331745	0				-790.07606	0.508970734	NaN	
789.91606	88	5	7	1	0.508970734	93.6405045	5.263030799	1.096464696				2.770523752E-05	0	99.99997229	47.40668255	52.59331745	0				-789.91606	0.508970734	NaN	
789.75606	88	5	7	1	0.508970734	93.6405045	5.263030799	1.096464696				2.770523752E-05	0	99.99997229	47.40668255	52.59331745	0				-789.75606	0.508970734	NaN	
789.59606	88	5	7	1	0.508970734	93.6405045	5.263030799	1.096464696				2.770523752E-05	0	99.99997229	47.40668255	52.59331745	0				-789.59606	0.508970734	NaN	
789.43606	88	5	7	1	0.508970734	93.6405045	5.263030799	1.096464696				2.770523752E-05	0	99.99997229	47.40668255	52.59331745	0				-789.43606	0.508970734	NaN	
789.27606	88	5	7	1	0.508970734	93.6405045	5.263030799	1.096464696				2.770523752E-05	0	99.99997229	47.40668255	52.59331745	0				-789.27606	0.508970734	NaN	
789.11606	88	5	7	1	0.508970734	93.6405045	5.263030799	1.096464696				2.770523752E-05	0	99.99997229	47.40668255	52.59331745	0				-789.11606	0.508970734	NaN	
788.95606	88	5	7	1	0.508970734	93.6405045	5.263030799	1.096464696				2.770523752E-05	0	99.99997229	47.40668255	52.59331745	0				-788.95606	0.508970734	NaN	
788.79606	88	5	7	1	0.508970734	93.6405045	5.263030799	1.096464696				2.770523752E-05	0	99.99997229	47.40668255	52.59331745	0				-788.79606	0.508970734	NaN	
788.63606	88	5	7	1	0.508970734	93.6405045	5.263030799	1.096464696				2.770523752E-05	0	99.99997229	47.40668255	52.59331745	0				-788.63606	0.508970734	NaN	
788.47606	88	5	7	1	0.508970734	93.6405045	5.263030799	1.096464696				2.770523752E-05	0	99.99997229	47.40668255	52.59331745	0				-788.47606	0.508970734	NaN	
788.31606	88	5	7	1	0.508970734	93.6405045	5.263030799	1.096464696				2.770523752E-05	0	99.99997229	47.40668255	52.59331745	0				-788.31606	0.508970734	NaN	
788.15606	88	5	7	1	0.508970734	93.6405045	5.263030799	1.096464696				2.770523752E-05	0	99.99997229	47.40668255	52.59331745	0				-788.15606	0.508970734	NaN	
787.99606	88	5	7	1	0.508970734	93.6405045	5.263030799	1.096464696				2.770523752E-05	0	99.99997229	47.40668255	52.59331745	0				-787.99606	0.508970734	NaN	
787.83606	88	5	7	1	0.508970734	93.6405045	5.263030799	1.096464696				2.770523752E-05	0	99.99997229	47.40668255	52.59331745	0				-787.83606	0.508970734	NaN	
787.67606	88	5	7	1	0.508970734	93.6405045	5.263030799	1.096464696				2.770523752E-05	0	99.99997229	47.40668255	52.59331745	0				-787.67606	0.508970734	NaN	
787.51606	88	5	7	1	0.508970734	93.6405045	5.263030799	1.096464696				2.770523752E-05	0	99.99997229	47.40668255	52.59331745	0				-787.51606	0.508970734	NaN	
787.35606	88	5	7	1	0.508970734	93.6405045	5.263030799	1.096464696				2.770523752E-05	0	99.99997229	47.40668255	52.59331745	0				-787.35606	0.508970734	NaN	
787.19606	88	5	7	1	0.508970734	93.6405045	5.263030799	1.096464696				2.770523752E-05	0	99.99997229	47.40668255	52.59331745	0				-787.19606	0.508970734	NaN	
787.03606	88	5	7	1	0.508970734	93.6405045	5.263030799	1.096464696				2.770523752E-05	0	99.99997229	47.40668255	52.59331745	0				-787.03606	0.508970734	NaN	
786.87606	88	5	7	1	0.508970734	93.6405045	5.263030799	1.096464696				2.770523752E-05	0	99.99997229	47.40668255	52.59331745	0				-786.87606	0.508970734	NaN	
786.71606	88	5	7	1	0.508970734	93.6405045	5.263030799	1.096464696				2.770523752E-05	0	99.99997229	47.40668255	52.59331745	0				-786.71606	0.508970734	NaN	
786.55606	88	5	7	1	0.508970734	93.6405045	5.263030799	1.096464696				2.770523752E-05	0	99.99997229	47.40668255	52.59331745	0				-786.55606	0.508970734	NaN	
786.39606	88	5	7	1	0.508970734	93.6405045	5.263030799	1.096464696				2.770523752E-05	0	99.99997229	47.40668255	52.59331745	0				-786.39606	0.508970734	NaN	
786.23606	88	5	7	1	0.508970734	93.6405045	5.263030799	1.096464696				2.770523752E-05	0	99.99997229	47.40668255	52.59331745	0				-786.23606	0.508970734	NaN	
786.07606	88	5	7	1	0.508970734	93.6405045	5.263030799	1.096464696				2.770523752E-05	0	99.99997229	47.40668255	52.59331745	0				-786.07606	0.508970734	NaN	
785.91606	88	5	7	1	0.508970734	93.6405045	5.263030799	1.096464696				2.770523752E-05	0	99.99997229	47.40668255	52.59331745	0				-785.91606	0.508970734	NaN	
785.75606	88	5	7	1	0.508970734	93.6405045	5.263030799	1.096464696				2.770523752E-05	0	99.99997229	47.40668255	52.59331745	0				-785.75606	0.508970734	NaN	
785.59606	88	5	7	1	0.508970734	93.6405045	5.263030799	1.096464696				2.770523752E-05	0	99.99997229	47.40668255	52.59331745	0				-785.59606	0.508970734	NaN	
785.43606	88	5	7	1	0.508970734	93.6405045	5.263030799	1.096464696				2.770523752E-05	0	99.99997229	47.40668255	52.59331745	0				-785.43606	0.508970734	NaN	
785.27606	88	5	7	1	0.508970734	93.6405045	5.263030799	1.096464696				2.770523752E-05	0	99.99997229	47.40668255	52.59331745	0				-785.27606	0.508970734	NaN	
785.11606	88	5	7	1	0.508970734	93.6405045	5.263030799	1.096464696				2.770523752E-05	0	99.99997229	47.40668255	52.59331745	0				-785.11606	0.508970734	NaN	
784.95606	88	5	7	1	0.508970734	93.6405045	5.263030799	1.096464696				2.770523752E-05	0	99.99997229	47.40668255	52.59331745	0				-784.95606	0.508970734	NaN	
784.79606	88	5	7	1	0.508970734	93.6405045	5.263030799	1.096464696				2.770523752E-05	0	99.99997229	47.40668255	52.59331745	0				-784.79606	0.508970734	NaN	
784.63606	88	5	7	1	0.508970734	93.6405045	5.263030799	1.096464696				2.770523752E-05	0	99.99997229	47.40668255	52.59331745	0				-784.63606	0.508970734	NaN	
784.47606	88	5	7	1	0.508970734	93.6405045	5.263030799	1.096464696				2.770523752E-05	0	99.99997229	47.40668255	52.59331745	0				-784.47606	0.508970734	NaN	
784.31606	88	5	7	1	0.508970734	93.6405045	5.263030799	1.096464696				2.770523752E-05	0	99.99997229	47.40668255	52.59331745	0				-784.31606	0.508970734	NaN	
784.15606	88	5	7	1	0.508970734	93.6405045	5.263030799	1.096464696				2.770523752E-05	0	99.99997229	47.40668255	52.59331745	0				-784.15606	0.508970734	NaN	
783.99606	88	5	7	1	0.508970734	93.6405045	5.263030799	1.096464696				2.770523752E-05	0	99.99997229	47.40668255	52.59331745	0				-783.99606	0.508970734	NaN	
783.83606	88	5	7	1	0.508970734	93.6405045	5.263030799	1.096464696				2.770523752E-05	0	99.99997229	47.40668255	52.59331745	0				-783.83606	0.508970734	NaN	
783.67606	88	5	7	1	0.508970734	93.6405045	5.263030799	1.096464696				2.770523752E-05	0	99.99997229	47.40668255	52.59331745	0				-783.67606	0.508970734	NaN	
783.51606	88	5	7	1	0.508970734	93.6405045	5.263030799	1.096464696				2.770523752E-05	0	99.99997229	47.40668255	52.59331745	0				-783.51606	0.508970734	NaN	
783.35606	88	5	7	1	0.508970734	93.6405045	5.263030799	1.096464696				2.770523752E-05	0	99.99997229	47.40668255	52.59331745	0				-783.35606	0.508970734	NaN	
783.19606	88	5	7	1	0.508970734	93.6405045	5.263030799	1.096464696				2.770523752E-05	0	99.99997229	47.40668255	52.59331745	0				-783.19606	0.508970734	NaN	
783.03606	88	5	7	1	0.508970734	93.6405045	5.263030799	1.096464696				2.770523752E-05	0	99.99997229	47.40668255	52.59331745	0				-783.03606	0.508970734	NaN	
782.87606	88	5	7	1	0.508970734	93.6405045	5.263030799	1.096464696				2.770523752E-05	0	99.99997229	47.40668255	52.59331745	0				-782.87606	0.508970734	NaN	
782.71606	88	5	7	1	0.508970734	93.6405045	5.263030799	1.096464696				2.770523752E-05	0	99.99997229	47.40668255	52.59331745	0				-782.71606	0.508970734	NaN	
782.55606	88	5	7	1	0.508970734	93.6405045	5.263030799	1.096464696				2.770523752E-05	0	99.99997229	47.40668255	52.59331745	0				-782.55606	0.508970734	NaN	
782.39606	88	5	7	1	0.508970734	93.6405045	5.263030799	1.096464696				2.770523752E-05	0	99.99997229	47.40668255	52.59331745	0				-782.39606	0.508970734	NaN	
782.23606	88	5	7	1	0.508970734	93.6405045	5.263030799	1.096464696				2.770523752E-05	0	99.99997229	47.40668255	52.59331745	0				-782.23606	0.508970734	NaN	
782.07606	88	5	7	1	0.508970734	93.6405045	5.263030799	1.096464696				2.770523752E-05	0	99.99997229	47.40668255	52.59331745	0				-782.07606	0.508970734	NaN	
781.91606	88	5	7	1	0.508970734	93.6405045	5.263030799	1.096464696				2.770523752E-05	0	99.99997229	47.40668255	52.59331745	0				-781.91606	0.508970734	NaN	
781.75606	88	5	7	1	0.508970734	93.6405045	5.263030799	1.096464696				2.770523752E-05	0	99.99997229	47.40668255	52.59331745	0				-781.75606	0.508970734	NaN	
781.59606	88	5	7	1	0.508970734	93.6405045	5.263030799	1.096464696				2.770523752E-05	0	99.99997229	47.40668255	52.59331745	0				-781.59606	0.508970734	NaN	
781.43606	88	5	7	1	0.508970734	93.6405045	5.263030799	1.096464696				2.770523752E-05	0	99.99997229	47.40668255	52.59331745	0				-781.43606	0.508970734	NaN	
781.27606	88	5	7	1	0.508970734	93.6405045	5.263030799	1.096464696				2.770523752E-05	0	99.99997229	47.40668255	52.59331745	0				-781.27606	0.508970734	NaN	
781.11606	88	5	7	1	0.508970734	93.6405045	5.263030799	1.096464696				2.770523752E-05	0	99.99997229	47.40668255	52.59331745	0				-781.11606	0.508970734	NaN	
780.95606	88	5	7	1	0.508970734	93.6405045	5.263030799	1.096464696				2.770523752E-05	0	99.99997229	47.40668255	52.59331745	0				-780.95606	0.508970734	NaN	
780.79606	88	5	7	1	0.508970734	93.6405045	5.263030799	1.096464696				2.770523752E-05	0	99.99997229	47.40668255	52.59331745	0				-780.79606	0.508970734	NaN	
780.63606	88	5	7	1	0.508970734	93.6405045	5.263030799	1.096464696				2.770523752E-05	0	99.99997229	47.40668255	52.59331745	0				-780.63606	0.508970734	NaN	
780.47606	88	5	7	1	0.508970734	93.6405045	5.263030799	1.096464696				2.770523752E-05	0	99.99997229	47.40668255	52.59331745	0				-780.47606	0.508970734	NaN	
780.31606	88	5	7	1	0.508970734	93.6405045	5.263030799	1.096464696				2.770523752E-05	0	99.99997229	47.40668255	52.59331745	0				-780.31606	0.508970734	NaN	
780.15606	88	5	7	1	0.508970734	93.6405045	5.263030799	1.096464696				2.770523752E-05	0	99.99997229	47.40668255	52.59331745	0				-780.15606	0.508970734	NaN	
779.99606	88	5	7	1	0.508970734	93.6405045	5.263030799	1.096464696				2.770523752E-05	0	99.99997229	47.40668255	52.59331745	0				-779.99606	0.508970734	NaN	
779.83606	88	5	7	1	0.508970734	93.6405045	5.263030799	1.096464696				2.770523752E-05	0	99.99997229	47.40668255	52.59331745	0				-779.83606	0.508970734	NaN	
779.67606	88	5	7	1	0.508970734	93.6405045	5.263030799	1.096464696				2.770523752E-05	0	99.99997229	47.40668255	52.59331745	0				-779.67606	0.508970734	NaN	
779.51606	88	5	7	1	0.508970734	93.6405045	5.263030799	1.096464696				2.770523752E-05	0	99.99997229	47.40668255	52.59331745	0				-779.51606	0.508970734	NaN	
779.35606	88	5	7	1	0.508970734	93.6405045	5.263030799	1.096464696				2.770523752E-05	0	99.99997229	47.40668255	52.59331745	0				-779.35606	0.508970734	NaN	
779.19606	88	5	7	1	0.508970734	93.6405045	5.263030799	1.096464696				2.770523752E-05	0	99.99997229	47.40668255	52.59331745	0				-779.19606	0.508970734	NaN	
779.03606	88	5	7	1	0.508970734	93.6405045	5.263030799	1.096464696				2.770523752E-05	0	99.99997229	47.40668255	52.59331745	0				-779.03606	0.508970734	NaN	
778.87606	88	5	7	1	0.508970734	93.6405045	5.263030799	1.096464696				2.770523752E-05	0	99.99997229	47.40668255	52.59331745	0				-778.87606	0.508970734	NaN	
778.71606	88	5	7	1	0.508970734	93.6405045	5.263030799	1.096464696				2.770523752E-05	0	99.99997229	47.40668255	52.59331745	0				-778.71606	0.508970734	NaN	
778.55606	88	5	7	1	0.508970734	93.6405045	5.263030799	1.096464696				2.770523752E-05	0	99.99997229	47.40668255	52.59331745	0				-778.55606	0.508970734	NaN	
778.39606	88	5	7	1	0.508970734	93.6405045	5.263030799	1.096464696				2.770523752E-05	0	99.99997229	47.40668255	52.59331745	0				-778.39606	0.508970734	NaN	
778.23606	88	5	7	1	0.508970734	93.6405045	5.263030799	1.096464696				2.770523752E-05	0	99.99997229	47.40668255	52.59331745	0				-778.23606	0.508970734	NaN	
778.07606	88	5	7	1	0.508970734	93.6405045	5.263030799	1.096464696				2.770523752E-05	0	99.99997229	47.40668255	52.59331745	0				-778.07606	0.508970734	NaN	
777.91606	88	5	7	1	0.508970734	93.6405045	5.263030799	1.096464696				2.770523752E-05	0	99.99997229	47.40668255	52.59331745	0				-777.91606	0.508970734	NaN	
777.75606	88	5	7	1	0.508970734	93.6405045	5.263030799	1.096464696				2.770523752E-05	0	99.99997229	47.40668255	52.59331745	0				-777.75606	0.508970734	NaN	
777.59606	88	5	7	1	0.508970734	93.6405045	5.263030799	1.096464696				2.770523752E-05	0	99.99997229	47.40668255	52.59331745	0				-777.59606	0.508970734	NaN	
777.43606	88	5	7	1	0.508970734	93.6405045	5.263030799	1.096464696				2.770523752E-05	0	99.99997229	47.40668255	52.59331745	0				-777.43606	0.508970734	NaN	
777.27606	88	5	7	1	0.508970734	93.6405045	5.263030799	1.096464696				2.770523752E-05	0	99.99997229	47.40668255	52.59331745	0				-777.27606	0.508970734	NaN	
777.11606	88	5	7	1	0.508970734	93.6405045	5.263030799	1.096464696				2.770523752E-05	0	99.99997229	47.40668255	52.59331745	0				-777.11606	0.508970734	NaN	
776.95606	88	5	7	1	0.508970734	93.6405045	5.263030799	1.096464696				2.770523752E-05	0	99.99997229	47.40668255	52.59331745	0				-776.95606	0.508970734	NaN	
776.79606	88	5	7	1	0.508970734	93.6405045	5.263030799	1.096464696				2.770523752E-05	0	99.99997229	47.40668255	52.59331745	0				-776.79606	0.508970734	NaN	
776.63606	88	5	7	1	0.508970734	93.6405045	5.263030799	1.096464696				2.770523752E-05	0	99.99997229	47.40668255	52.59331745	0				-776.63606	0.508970734	NaN	
776.47606	88	5	7	1	0.508970734	93.6405045	5.263030799	1.096464696				2.770523752E-05	0	99.99997229	47.40668255	52.59331745	0				-776.47606	0.508970734	NaN	
776.31606	88	5	7	1	0.508970734	93.6405045	5.263030799	1.096464696				2.770523752E-05	0	99.99997229	47.40668255	52.59331745	0				-776.31606	0.508970734	NaN	
776.15606	88	5	7	1	0.508970734	93.6405045	5.263030799	1.096464696				2.770523752E-05	0	99.99997229	47.40668255	52.59331745	0				-776.15606	0.508970734	NaN	
775.99606	88	5	7	1	0.508970734	93.6405045	5.263030799	1.096464696				2.770523752E-05	0	99.99997229	47.40668255	52.59331745	0				-775.99606	0.508970734	NaN	
775.83606	88	5	7	1	0.508970734	93.6405045	5.263030799	1.096464696				2.770523752E-05	0	99.99997229	47.40668255	52.59331745	0				-775.83606	0.508970734	NaN	
775.67606	88	5	7	1	0.508970734	93.6405045	5.263030799	1.096464696				2.770523752E-05	0	99.99997229	47.40668255	52.59331745	0				-775.67606	0.508970734	NaN	
775.51606	88	5	7	1	0.508970734	93.6405045	5.263030799	1.096464696				2.770523752E-05	0	99.99997229	47.40668255	52.59331745	0				-775.51606	0.508970734	NaN	
775.35606	88	5	7	1	0.508970734	93.6405045	5.263030799	1.096464696				2.770523752E-05	0	99.99997229	47.40668255	52.59331745	0				-775.35606	0.508970734	NaN	
775.19606	88	5	7	1	0.508970734	93.6405045	5.263030799	1.096464696				2.770523752E-05	0	99.99997229	47.40668255	52.59331745	0				-775.19606	0.508970734	NaN	
775.03606	88	5	7	1	0.508970734	93.6405045	5.263030799	1.096464696				2.770523752E-05	0	99.99997229	47.40668255	52.59331745	0				-775.03606	0.508970734	NaN	
774.87606	88	5	7	1	0.508970734	93.6405045	5.263030799	1.096464696				2.770523752E-05	0	99.99997229	47.40668255	52.59331745	0				-774.87606	0.508970734	NaN	
774.71606	88	5	7	1	0.508970734	93.6405045	5.263030799	1.096464696				2.770523752E-05	0	99.99997229	47.40668255	52.59331745	0				-774.71606	0.508970734	NaN	
774.55606	88	5	7	1	0.508970734	93.6405045	5.263030799	1.096464696				2.770523752E-05	0	99.99997229	47.40668255	52.59331745	0				-774.55606	0.508970734	NaN	
774.39606	88	5	7	1	0.508970734	93.6405045	5.263030799	1.096464696				2.770523752E-05	0	99.99997229	47.40668255	52.59331745	0				-774.39606	0.508970734	NaN	
774.23606	88	5	7	1	0.508970734	93.6405045	5.263030799	1.096464696				2.770523752E-05	0	99.99997229	47.40668255	52.59331745	0				-774.23606	0.508970734	NaN	
774.07606	88	5	7	1	0.508970734	93.6405045	5.263030799	1.096464696				2.770523752E-05	0	99.99997229	47.40668255	52.59331745	0				-774.07606	0.508970734	NaN	
773.91606	88	5	7	1	0.508970734	93.6405045	5.263030799	1.096464696				2.770523752E-05	0	99.99997229	47.40668255	52.59331745	0				-773.91606	0.508970734	NaN	
773.75606	88	5	7	1	0.508970734	93.6405045	5.263030799	1.096464696				2.770523752E-05	0	99.99997229	47.40668255	52.59331745	0				-773.75606	0.508970734	NaN	
773.59606	88	5	7	1	0.508970734	93.6405045	5.263030799	1.096464696				2.770523752E-05	0	99.99997229	47.40668255	52.59331745	0				-773.59606	0.508970734	NaN	
773.43606	88	5	7	1	0.508970734	93.6405045	5.263030799	1.096464696				2.770523752E-05	0	99.99997229	47.40668255	52.59331745	0				-773.43606	0.508970734	NaN	
773.27606	88	5	7	1	0.508970734	93.6405045	5.263030799	1.096464696				2.770523752E-05	0	99.99997229	47.40668255	52.59331745	0				-773.27606	0.508970734	NaN	
773.11606	88	5	7	1	0.508970734	93.6405045	5.263030799	1.096464696				2.770523752E-05	0	99.99997229	47.40668255	52.59331745	0				-773.11606	0.508970734	NaN	
772.95606	88	5	7	1	0.508970734	93.6405045	5.263030799	1.096464696				2.770523752E-05	0	99.99997229	47.40668255	52.59331745	0				-772.95606	0.508970734	NaN	
772.79606	88	5	7	1	0.508970734	93.6405045	5.263030799	1.096464696				2.770523752E-05	0	99.99997229	47.40668255	52.59331745	0				-772.79606	0.508970734	NaN	
772.63606	88	5	7	1	0.508970734	93.6405045	5.263030799	1.096464696				2.770523752E-05	0	99.99997229	47.40668255	52.59331745	0				-772.63606	0.508970734	NaN	
772.47606	88	5	7	1	0.508970734	93.6405045	5.263030799	1.096464696				2.770523752E-05	0	99.99997229	47.40668255	52.59331745	0				-772.47606	0.508970734	NaN	
772.31606	88	5	7	1	0.508970734	93.6405045	5.263030799	1.096464696				2.770523752E-05	0	99.99997229	47.40668255	52.59331745	0				-772.31606	0.508970734	NaN	
772.15606	88	5	7	1	0.508970734	93.6405045	5.263030799	1.096464696				2.770523752E-05	0	99.99997229	47.40668255	52.59331745	0				-772.15606	0.508970734	NaN	
771.99606	88	5	7	1	0.508970734	93.6405045	5.263030799	1.096464696				2.770523752E-05	0	99.99997229	47.40668255	52.59331745	0				-771.99606	0.508970734	NaN	
771.83606	88	5	7	1	0.508970734	93.6405045	5.263030799	1.096464696				2.770523752E-05	0	99.99997229	47.40668255	52.59331745	0				-771.83606	0.508970734	NaN	
771.67606	88	5	7	1	0.508970734	93.6405045	5.263030799	1.096464696				2.770523752E-05	0	99.99997229	47.40668255	52.59331745	0				-771.67606	0.508970734	NaN	
771.51606	88	5	7	1	0.508970734	93.6405045	5.263030799	1.096464696				2.770523752E-05	0	99.99997229	47.40668255	52.59331745	0				-771.51606	0.508970734	NaN	
771.35606	88	5	7	1	0.508970734	93.6405045	5.263030799	1.096464696				2.770523752E-05	0	99.99997229	47.40668255	52.59331745	0				-771.35606	0.508970734	NaN	
771.19606	88	5	7	1	0.508970734	93.6405045	5.263030799	1.096464696				2.770523752E-05	0	99.99997229	47.40668255	52.59331745	0				-771.19606	0.508970734	NaN	
771.03606	88	5	7	1	0.508970734	93.6405045	5.263030799	1.096464696				2.770523752E-05	0	99.99997229	47.40668255	52.59331745	0				-771.03606	0.508970734	NaN	
770.87606	88	5	7	1	0.508970734	93.6405045	5.263030799	1.096464696				2.770523752E-05	0	99.99997229	47.40668255	52.59331745	0				-770.87606	0.508970734	NaN	
770.71606	88	5	7	1	0.508970734	93.6405045	5.263030799	1.096464696				2.770523752E-05	0	99.99997229	47.40668255	52.59331745	0				-770.71606	0.508970734	NaN	
770.55606	88	5	7	1	0.508970734	93.6405045	5.263030799	1.096464696				2.770523752E-05	0	99.99997229	47.40668255	52.59331745	0				-770.55606	0.508970734	NaN	
770.39606	88	5	7	1	0.508970734	93.6405045	5.263030799	1.096464696				2.770523752E-05	0	99.99997229	47.40668255	52.59331745	0				-770.39606	0.508970734	NaN	
770.23606	88	5	7	1	0.508970734	93.6405045	5.263030799	1.096464696				2.770523752E-05	0	99.99997229	47.40668255	52.59331745	0				-770.23606	0.508970734	NaN	
770.07606	88	5	7	1	0.508970734	93.6405045	5.263030799	1.096464696				2.770523752E-05	0	99.99997229	47.40668255	52.59331745	0				-770.07606	0.508970734	NaN	
769.91606	88	5	7	1	0.508970734	93.6405045	5.263030799	1.096464696				2.770523752E-05	0	99.99997229	47.40668255	52.59331745	0				-769.91606	0.508970734	NaN	
769.75606	88	5	7	1	0.508970734	93.6405045	5.263030799	1.096464696				2.770523752E-05	0	99.99997229	47.40668255	52.59331745	0				-769.75606	0.508970734	NaN	
769.59606	88	5	7	1	0.508970734	93.6405045	5.263030799	1.096464696				2.770523752E-05	0	99.99997229	47.40668255	52.59331745	0				-769.59606	0.508970734	NaN	
769.43606	88	5	7	1	0.508970734	93.6405045	5.263030799	1.096464696				2.770523752E-05	0	99.99997229	47.40668255	52.59331745	0				-769.43606	0.508970734	NaN	
769.27606	88	5	7	1	0.508970734	93.6405045	5.263030799	1.096464696				2.770523752E-05	0	99.99997229	47.40668255	52.59331745	0				-769.27606	0.508970734	NaN	
769.11606	88	5	7	1	0.508970734	93.6405045	5.263030799	1.096464696				2.770523752E-05	0	99.99997229	47.40668255	52.59331745	0				-769.11606	0.508970734	NaN	
768.95606	88	5	7	1	0.508970734	93.6405045	5.263030799	1.096464696				2.770523752E-05	0	99.99997229	47.40668255	52.59331745	0				-768.95606	0.508970734	NaN	
768.79606	88	5	7	1	0.508970734	93.6405045	5.263030799	1.096464696				2.770523752E-05	0	99.99997229	47.40668255	52.59331745	0				-768.79606	0.508970734	NaN	
768.63606	88	5	7	1	0.508970734	93.6405045	5.263030799	1.096464696				2.770523752E-05	0	99.99997229	47.40668255	52.59331745	0				-768.63606	0.508970734	NaN	
768.47606	88	5	7	1	0.508970734	93.6405045	5.263030799	1.096464696				2.770523752E-05	0	99.99997229	47.40668255	52.59331745	0				-768.47606	0.508970734	NaN	
768.31606	88	5	7	1	0.508970734	93.6405045	5.263030799	1.096464696				2.770523752E-05	0	99.99997229	47.40668255	52.59331745	0				-768.31606	0.508970734	NaN	
768.15606	88	5	7	1	0.508970734	93.6405045	5.263030799	1.096464696				2.770523752E-05	0	99.99997229	47.40668255	52.59331745	0				-768.15606	0.508970734	NaN	
767.99606	88	5	7	1	0.508970734	93.6405045	5.263030799	1.096464696				2.770523752E-05	0	99.99997229	47.40668255	52.59331745	0				-767.99606	0.508970734	NaN	
767.83606	88	5	7	1	0.508970734	93.6405045	5.263030799	1.096464696				2.770523752E-05	0	99.99997229	47.40668255	52.59331745	0				-767.83606	0.508970734	NaN	
767.67606	88	5	7	1	0.508970734	93.6405045	5.263030799	1.096464696				2.770523752E-05	0	99.99997229	47.40668255	52.59331745	0				-767.67606	0.508970734	NaN	
767.51606	88	5	7	1	0.508970734	93.6405045	5.263030799	1.096464696				2.770523752E-05	0	99.99997229	47.40668255	52.59331745	0				-767.51606	0.508970734	NaN	
767.35606	88	5	7	1	0.508970734	93.6405045	5.263030799	1.096464696				2.770523752E-05	0	99.99997229	47.40668255	52.59331745	0				-767.35606	0.508970734	NaN	
767.19606	88	5	7	1	0.508970734	93.6405045	5.263030799	1.096464696				2.770523752E-05	0	99.99997229	47.40668255	52.59331745	0				-767.19606	0.508970734	NaN	
767.03606	88	5	7	1	0.508970734	93.6405045	5.263030799	1.096464696				2.770523752E-05	0	99.99997229	47.40668255	52.59331745	0				-767.03606	0.508970734	NaN	
766.87606	88	5	7	1	0.508970734	93.6405045	5.263030799	1.096464696				2.770523752E-05	0	99.99997229	47.40668255	52.59331745	0				-766.87606	0.508970734	NaN	
766.71606	88	5	7	1	0.508970734	93.6405045	5.263030799	1.096464696				2.770523752E-05	0	99.99997229	47.40668255	52.59331745	0				-766.71606	0.508970734	NaN	
766.55606	88	5	7	1	0.508970734	93.6405045	5.263030799	1.096464696				2.770523752E-05	0	99.99997229	47.40668255	52.59331745	0				-766.55606	0.508970734	NaN	
766.39606	88	5	7	1	0.508970734	93.6405045	5.263030799	1.096464696				2.770523752E-05	0	99.99997229	47.40668255	52.59331745	0				-766.39606	0.508970734	NaN	
766.23606	88	5	7	1	0.508970734	93.6405045	5.263030799	1.096464696				2.770523752E-05	0	99.99997229	47.40668255	52.59331745	0				-766.23606	0.508970734	NaN	
766.07606	88	5	7	1	0.508970734	93.6405045	5.263030799	1.096464696				2.770523752E-05	0	99.99997229	47.40668255	52.59331745	0				-766.07606	0.508970734	NaN	
765.91606	88	5	7	1	0.508970734	93.6405045	5.263030799	1.096464696				2.770523752E-05	0	99.99997229	47.40668255	52.59331745	0				-765.91606	0.508970734	NaN	
765.75606	88	5	7	1	0.508970734	93.6405045	5.263030799	1.096464696				2.770523752E-05	0	99.99997229	47.40668255	52.59331745	0				-765.75606	0.508970734	NaN	
765.59606	88	5	7	1	0.508970734	93.6405045	5.263030799	1.096464696				2.770523752E-05	0	99.99997229	47.40668255	52.59331745	0				-765.59606	0.508970734	NaN	
765.43606	88	5	7	1	0.508970734	93.6405045	5.263030799	1.096464696				2.770523752E-05	0	99.99997229	47.40668255	52.59331745	0				-765.43606	0.508970734	NaN	
765.27606	88	5	7	1	0.508970734	93.6405045	5.263030799	1.096464696				2.770523752E-05	0	99.99997229	47.40668255	52.59331745	0				-765.27606	0.508970734	NaN	
765.11606	88	5	7	1	0.508970734	93.6405045	5.263030799	1.096464696				2.770523752E-05	0	99.99997229	47.40668255	52.59331745	0				-765.11606	0.508970734	NaN	
764.95606	88	5	7	1	0.508970734	93.6405045	5.263030799	1.096464696				2.770523752E-05	0	99.99997229	47.40668255	52.59331745	0				-764.95606	0.508970734	NaN	
764.79606	88	5	7	1	0.508970734	93.6405045	5.263030799	1.096464696				2.770523752E-05	0	99.99997229	47.40668255	52.59331745	0				-764.79606	0.508970734	NaN	
764.63606	88	5	7	1	0.508970734	93.6405045	5.263030799	1.096464696				2.770523752E-05	0	99.99997229	47.40668255	52.59331745	0				-764.63606	0.508970734	NaN	
764.47606	88	5	7	1	0.508970734	93.6405045	5.263030799	1.096464696				2.770523752E-05	0	99.99997229	47.40668255	52.59331745	0				-764.47606	0.508970734	NaN	
764.31606	88	5	7	1	0.508970734	93.6405045	5.263030799	1.096464696				2.770523752E-05	0	99.99997229	47.40668255	52.59331745	0				-764.31606	0.508970734	NaN	
764.15606	88	5	7	1	0.508970734	93.6405045	5.263030799	1.096464696				2.770523752E-05	0	99.99997229	47.40668255	52.59331745	0				-764.15606	0.508970734	NaN	
763.99606	88	5	7	1	0.508970734	93.6405045	5.263030799	1.096464696				2.770523752E-05	0	99.99997229	47.40668255	52.59331745	0				-763.99606	0.508970734	NaN	
763.83606	88	5	7	1	0.508970734	93.6405045	5.263030799	1.096464696				2.770523752E-05	0	99.99997229	47.40668255	52.59331745	0				-763.83606	0.508970734	NaN	
763.67606	88	5	7	1	0.508970734	93.6405045	5.263030799	1.096464696				2.770523752E-05	0	99.99997229	47.40668255	52.59331745	0				-763.67606	0.508970734	NaN	
763.51606	88	5	7	1	0.508970734	93.6405045	5.263030799	1.096464696				2.770523752E-05	0	99.99997229	47.40668255	52.59331745	0				-763.51606	0.508970734	NaN	
763.35606	88	5	7	1	0.508970734	93.6405045	5.263030799	1.096464696				2.770523752E-05	0	99.99997229	47.40668255	52.59331745	0				-763.35606	0.508970734	NaN	
763.19606	88	5	7	1	0.508970734	93.6405045	5.263030799	1.096464696				2.770523752E-05	0	99.99997229	47.40668255	52.59331745	0				-763.19606	0.508970734	NaN	
763.03606	88	5	7	1	0.508970734	93.6405045	5.263030799	1.096464696				2.770523752E-05	0	99.99997229	47.40668255	52.59331745	0				-763.03606	0.508970734	NaN	
762.87606	88	5	7	1	0.508970734	93.6405045	5.263030799	1.096464696				2.770523752E-05	0	99.99997229	47.40668255	52.59331745	0				-762.87606	0.508970734	NaN	
762.71606	88	5	7	1	0.508970734	93.6405045	5.263030799	1.096464696				2.770523752E-05	0	99.99997229	47.40668255	52.59331745	0				-762.71606	0.508970734	NaN	
762.55606	88	5	7	1	0.508970734	93.6405045	5.263030799	1.096464696				2.770523752E-05	0	99.99997229	47.40668255	52.59331745	0				-762.55606	0.508970734	NaN	
762.39606	88	5	7	1	0.508970734	93.6405045	5.263030799	1.096464696				2.770523752E-05	0	99.99997229	47.40668255	52.59331745	0				-762.39606	0.508970734	NaN	
762.23606	88	5	7	1	0.508970734	93.6405045	5.263030799	1.096464696				2.770523752E-05	0	99.99997229	47.40668255	52.59331745	0				-762.23606	0.508970734	NaN	
762.07606	88	5	7	1	0.508970734	93.6405045	5.263030799	1.096464696				2.770523752E-05	0	99.99997229	47.40668255	52.59331745	0				-762.07606	0.508970734	NaN	
761.91606	88	5	7	1	0.508970734	93.6405045	5.263030799	1.096464696				2.770523752E-05	0	99.99997229	47.40668255	52.59331745	0				-761.91606	0.508970734	NaN	
761.75606	88	5	7	1	0.508970734	93.6405045	5.263030799	1.096464696				2.770523752E-05	0	99.99997229	47.40668255	52.59331745	0				-761.75606	0.508970734	NaN	
761.59606	88	5	7	1	0.508970734	93.6405045	5.263030799	1.096464696				2.770523752E-05	0	99.99997229	47.40668255	52.59331745	0				-761.59606	0.508970734	NaN	
761.43606	88	5	7	1	0.508970734	93.6405045	5.263030799	1.096464696				2.770523752E-05	0	99.99997229	47.40668255	52.59331745	0				-761.43606	0.508970734	NaN	
761.27606	88	5	7	1	0.508970734	93.6405045	5.263030799	1.096464696				2.770523752E-05	0	99.99997229	47.40668255	52.59331745	0				-761.27606	0.508970734	NaN	
761.11606	88	5	7	1	0.508970734	93.6405045	5.263030799	1.096464696				2.770523752E-05	0	99.99997229	47.40668255	52.59331745	0				-761.11606	0.508970734	NaN	
760.95606	88	5	7	1	0.508970734	93.6405045	5.263030799	1.096464696				2.770523752E-05	0	99.99997229	47.40668255	52.59331745	0				-760.95606	0.508970734	NaN	
760.79606	88	5	7	1	0.508970734	93.6405045	5.263030799	1.096464696				2.770523752E-05	0	99.99997229	47.40668255	52.59331745	0				-760.79606	0.508970734	NaN	
760.63606	88	5	7	1	0.508970734	93.6405045	5.263030799	1.096464696				2.770523752E-05	0	99.99997229	47.40668255	52.59331745	0				-760.63606	0.508970734	NaN	
760.47606	88	5	7	1	0.508970734	93.6405045	5.263030799	1.096464696				2.770523752E-05	0	99.99997229	47.40668255	52.59331745	0				-760.47606	0.508970734	NaN	
760.31606	88	5	7	1	0.508970734	93.6405045	5.263030799	1.096464696				2.770523752E-05	0	99.99997229	47.40668255	52.59331745	0				-760.31606	0.508970734	NaN	
760.15606	88	5	7	1	0.508970734	93.6405045	5.263030799	1.096464696				2.770523752E-05	0	99.99997229	47.40668255	52.59331745	0				-760.15606	0.508970734	NaN	
759.99606	88	5	7	1	0.508970734	93.6405045	5.263030799	1.096464696				2.770523752E-05	0	99.99997229	47.40668255	52.59331745	0				-759.99606	0.508970734	NaN	
759.83606	88	5	7	1	0.508970734	93.6405045	5.263030799	1.096464696				2.770523752E-05	0	99.99997229	47.40668255	52.59331745	0				-759.83606	0.508970734	NaN	
759.67606	88	5	7	1	0.508970734	93.6405045	5.263030799	1.096464696				2.770523752E-05	0	99.99997229	47.40668255	52.59331745	0				-759.67606	0.508970734	NaN	
759.51606	88	5	7	1	0.508970734	93.6405045	5.263030799	1.096464696				2.770523752E-05	0	99.99997229	47.40668255	52.59331745	0				-759.51606	0.508970734	NaN	
759.35606	88	5	7	1	0.508970734	93.6405045	5.263030799	1.096464696				2.770523752E-05	0	99.99997229	47.40668255	52.59331745	0				-759.35606	0.508970734	NaN	
759.19606	88	5	7	1	0.508970734	93.6405045	5.263030799	1.096464696				2.770523752E-05	0	99.99997229	47.40668255	52.59331745	0				-759.19606	0.508970734	NaN	
759.03606	88	5	7	1	0.508970734	93.6405045	5.263030799	1.096464696				2.770523752E-05	0	99.99997229	47.40668255	52.59331745	0				-759.03606	0.508970734	NaN	
758.87606	88	5	7	1	0.508970734	93.6405045	5.263030799	1.096464696				2.770523752E-05	0	99.99997229	47.40668255	52.59331745	0				-758.87606	0.508970734	NaN	
758.71606	88	5	7	1	0.508970734	93.6405045	5.263030799	1.096464696				2.770523752E-05	0	99.99997229	47.40668255	52.59331745	0				-758.71606	0.508970734	NaN	
758.55606	88	5	7	1	0.508970734	93.6405045	5.263030799	1.096464696				2.770523752E-05	0	99.99997229	47.40668255	52.59331745	0				-758.55606	0.508970734	NaN	
758.39606	88	5	7	1	0.508970734	93.6405045	5.263030799	1.096464696				2.770523752E-05	0	99.99997229	47.40668255	52.59331745	0				-758.39606	0.508970734	NaN	
758.23606	88	5	7	1	0.508970734	93.6405045	5.263030799	1.096464696				2.770523752E-05	0	99.99997229	47.40668255	52.59331745	0				-758.23606	0.508970734	NaN	
758.07606	88	5	7	1	0.508970734	93.6405045	5.263030799	1.096464696				2.770523752E-05	0	99.99997229	47.40668255	52.59331745	0				-758.07606	0.508970734	NaN	
757.91606	88	5	7	1	0.508970734	93.6405045	5.263030799	1.096464696				2.770523752E-05	0	99.99997229	47.40668255	52.59331745	0				-757.91606	0.508970734	NaN	
757.75606	88	5	7	1	0.508970734	93.6405045	5.263030799	1.096464696				2.770523752E-05	0	99.99997229	47.40668255	52.59331745	0				-757.75606	0.508970734	NaN	
757.59606	88	5	7	1	0.508970734	93.6405045	5.263030799	1.096464696				2.770523752E-05	0	99.99997229	47.40668255	52.59331745	0				-757.59606	0.508970734	NaN	
757.43606	88	5	7	1	0.508970734	93.6405045	5.263030799	1.096464696				2.770523752E-05	0	99.99997229	47.40668255	52.59331745	0				-757.43606	0.508970734	NaN	
757.27606	88	5	7	1	0.508970734	93.6405045	5.263030799	1.096464696				2.770523752E-05	0	99.99997229	47.40668255	52.59331745	0				-757.27606	0.508970734	NaN	
757.11606	88	5	7	1	0.508970734	93.6405045	5.263030799	1.096464696				2.770523752E-05	0	99.99997229	47.40668255	52.59331745	0				-757.11606	0.508970734	NaN	
756.95606	88	5	7	1	0.508970734	93.6405045	5.263030799	1.096464696				2.770523752E-05	0	99.99997229	47.40668255	52.59331745	0				-756.95606	0.508970734	NaN	
756.79606	88	5	7	1	0.508970734	93.6405045	5.263030799	1.096464696				2.770523752E-05	0	99.99997229	47.40668255	52.59331745	0				-756.79606	0.508970734	NaN	
756.63606	88	5	7	1	0.508970734	93.6405045	5.263030799	1.096464696				2.770523752E-05	0	99.99997229	47.40668255	52.59331745	0				-756.63606	0.508970734	NaN	
756.47606	88	5	7	1	0.508970734	93.6405045	5.263030799	1.096464696				2.770523752E-05	0	99.99997229	47.40668255	52.59331745	0				-756.47606	0.508970734	NaN	
756.31606	88	5	7	1	0.508970734	93.6405045	5.263030799	1.096464696				2.770523752E-05	0	99.99997229	47.40668255	52.59331745	0				-756.31606	0.508970734	NaN	
756.15606	88	5	7	1	0.508970734	93.6405045	5.263030799	1.096464696				2.770523752E-05	0	99.99997229	47.40668255	52.59331745	0				-756.15606	0.508970734	NaN	
755.99606	88	5	7	1	0.508970734	93.6405045	5.263030799	1.096464696				2.770523752E-05	0	99.99997229	47.40668255	52.59331745	0				-755.99606	0.508970734	NaN	
755.83606	88	5	7	1	0.508970734	93.6405045	5.263030799	1.096464696				2.770523752E-05	0	99.99997229	47.40668255	52.59331745	0				-755.83606	0.508970734	NaN	
755.67606	88	5	7	1	0.508970734	93.6405045	5.263030799	1.096464696				2.770523752E-05	0	99.99997229	47.40668255	52.59331745	0				-755.67606	0.508970734	NaN	
755.51606	88	5	7	1	0.508970734	93.6405045	5.263030799	1.096464696				2.770523752E-05	0	99.99997229	47.40668255	52.59331745	0				-755.51606	0.508970734	NaN	
755.35606	88	5	7	1	0.508970734	93.6405045	5.263030799	1.096464696				2.770523752E-05	0	99.99997229	47.40668255	52.59331745	0				-755.35606	0.508970734	NaN	
755.19606	88	5	7	1	0.508970734	93.6405045	5.263030799	1.096464696				2.770523752E-05	0	99.99997229	47.40668255	52.59331745	0				-755.19606	0.508970734	NaN	
755.03606	88	5	7	1	0.508970734	93.6405045	5.263030799	1.096464696				2.770523752E-05	0	99.99997229	47.40668255	52.59331745	0				-755.03606	0.508970734	NaN	
754.87606	88	5	7	1	0.508970734	93.6405045	5.263030799	1.096464696				2.770523752E-05	0	99.99997229	47.40668255	52.59331745	0				-754.87606	0.508970734	NaN	
754.71606	88	5	7	1	0.508970734	93.6405045	5.263030799	1.096464696				2.770523752E-05	0	99.99997229	47.40668255	52.59331745	0				-754.71606	0.508970734	NaN	
754.55606	88	5	7	1	0.508970734	93.6405045	5.263030799	1.096464696				2.770523752E-05	0	99.99997229	47.40668255	52.59331745	0				-754.55606	0.508970734	NaN	
754.39606	88	5	7	1	0.508970734	93.6405045	5.263030799	1.096464696				2.770523752E-05	0	99.99997229	47.40668255	52.59331745	0				-754.39606	0.508970734	NaN	
754.23606	88	5	7	1	0.508970734	93.6405045	5.263030799	1.096464696				2.770523752E-05	0	99.99997229	47.40668255	52.59331745	0				-754.23606	0.508970734	NaN	
754.07606	88	5	7	1	0.508970734	93.6405045	5.263030799	1.096464696				2.770523752E-05	0	99.99997229	47.40668255	52.59331745	0				-754.07606	0.508970734	NaN	
753.91606	88	5	7	1	0.508970734	93.6405045	5.263030799	1.096464696				2.770523752E-05	0	99.99997229	47.40668255	52.59331745	0				-753.91606	0.508970734	NaN	
753.75606	88	5	7	1	0.508970734	93.6405045	5.263030799	1.096464696				2.770523752E-05	0	99.99997229	47.40668255	52.59331745	0				-753.75606	0.508970734	NaN	
753.59606	88	5	7	1	0.508970734	93.6405045	5.263030799	1.096464696				2.770523752E-05	0	99.99997229	47.40668255	52.59331745	0				-753.59606	0.508970734	NaN	
753.43606	88	5	7	1	0.508970734	93.6405045	5.263030799	1.096464696				2.770523752E-05	0	99.99997229	47.40668255	52.59331745	0				-753.43606	0.508970734	NaN	
753.27606	88	5	7	1	0.508970734	93.6405045	5.263030799	1.096464696				2.770523752E-05	0	99.99997229	47.40668255	52.59331745	0				-753.27606	0.508970734	NaN	
753.11606	88	5	7	1	0.508970734	93.6405045	5.263030799	1.096464696				2.770523752E-05	0	99.99997229	47.40668255	52.59331745	0				-753.11606	0.508970734	NaN	
752.95606	88	5	7	1	0.508970734	93.6405045	5.263030799	1.096464696				2.770523752E-05	0	99.99997229	47.40668255	52.59331745	0				-752.95606	0.508970734	NaN	
752.79606	88	5	7	1	0.508970734	93.6405045	5.263030799	1.096464696				2.770523752E-05	0	99.99997229	47.40668255	52.59331745	0				-752.79606	0.508970734	NaN	
752.63606	88	5	7	1	0.508970734	93.6405045	5.263030799	1.096464696				2.770523752E-05	0	99.99997229	47.40668255	52.59331745	0				-752.63606	0.508970734	NaN	
752.47606	88	5	7	1	0.508970734	93.6405045	5.263030799	1.096464696				2.770523752E-05	0	99.99997229	47.40668255	52.59331745	0				-752.47606	0.508970734	NaN	
752.31606	88	5	7	1	0.508970734	93.6405045	5.263030799	1.096464696				2.770523752E-05	0	99.99997229	47.40668255	52.59331745	0				-752.31606	0.508970734	NaN	
752.15606	88	5	7	1	0.508970734	93.6405045	5.263030799	1.096464696				2.770523752E-05	0	99.99997229	47.40668255	52.59331745	0				-752.15606	0.508970734	NaN	
751.99606	88	5	7	1	0.508970734	93.6405045	5.263030799	1.096464696				2.770523752E-05	0	99.99997229	47.40668255	52.59331745	0				-751.99606	0.508970734	NaN	
751.83606	88	5	7	1	0.508970734	93.6405045	5.263030799	1.096464696				2.770523752E-05	0	99.99997229	47.40668255	52.59331745	0				-751.83606	0.508970734	NaN	
751.67606	88	5	7	1	0.508970734	93.6405045	5.263030799	1.096464696				2.770523752E-05	0	99.99997229	47.40668255	52.59331745	0				-751.67606	0.508970734	NaN	
751.51606	88	5	7	1	0.508970734	93.6405045	5.263030799	1.096464696				2.770523752E-05	0	99.99997229	47.40668255	52.59331745	0				-751.51606	0.508970734	NaN	
751.35606	88	5	7	1	0.508970734	93.6405045	5.263030799	1.096464696				2.770523752E-05	0	99.99997229	47.40668255	52.59331745	0				-751.35606	0.508970734	NaN	
751.19606	88	5	7	1	0.508970734	93.6405045	5.263030799	1.096464696				2.770523752E-05	0	99.99997229	47.40668255	52.59331745	0				-751.19606	0.508970734	NaN	
751.03606	88	5	7	1	0.508970734	93.6405045	5.263030799	1.096464696				2.770523752E-05	0	99.99997229	47.40668255	52.59331745	0				-751.03606	0.508970734	NaN	
750.87606	88	5	7	1	0.508970734	93.6405045	5.263030799	1.096464696				2.770523752E-05	0	99.99997229	47.40668255	52.59331745	0				-750.87606	0.508970734	NaN	
750.71606	88	5	7	1	0.508970734	93.6405045	5.263030799	1.096464696				2.770523752E-05	0	99.99997229	47.40668255	52.59331745	0				-750.71606	0.508970734	NaN	
750.55606	88	5	7	1	0.508970734	93.6405045	5.263030799	1.096464696				2.770523752E-05	0	99.99997229	47.40668255	52.59331745	0				-750.55606	0.508970734	NaN	
750.39606	88	5	7	1	0.508970734	93.6405045	5.263030799	1.096464696				2.770523752E-05	0	99.99997229	47.40668255	52.59331745	0				-750.39606	0.508970734	NaN	
750.23606	88	5	7	1	0.508970734	93.6405045	5.263030799	1.096464696				2.770523752E-05	0	99.99997229	47.40668255	52.59331745	0				-750.23606	0.508970734	NaN	
750.07606	88	5	7	1	0.508970734	93.6405045	5.263030799	1.096464696				2.770523752E-05	0	99.99997229	47.40668255	52.59331745	0				-750.07606	0.508970734	NaN	
749.91606	88	5	7	1	0.508970734	93.6405045	5.263030799	1.096464696				2.770523752E-05	0	99.99997229	47.40668255	52.59331745	0				-749.91606	0.508970734	NaN	
749.75606	88	5	7	1	0.508970734	93.6405045	5.263030799	1.096464696				2.770523752E-05	0	99.99997229	47.40668255	52.59331745	0				-749.75606	0.508970734	NaN	
749.59606	88	5	7	1	0.508970734	93.6405045	5.263030799	1.096464696				2.770523752E-05	0	99.99997229	47.40668255	52.59331745	0				-749.59606	0.508970734	NaN	
749.43606	88	5	7	1	0.508970734	93.6405045	5.263030799	1.096464696				2.770523752E-05	0	99.99997229	47.40668255	52.59331745	0				-749.43606	0.508970734	NaN	
749.27606	88	5	7	1	0.508970734	93.6405045	5.263030799	1.096464696				2.770523752E-05	0	99.99997229	47.40668255	52.59331745	0				-749.27606	0.508970734	NaN	
749.11606	88	5	7	1	0.508970734	93.6405045	5.263030799	1.096464696				2.770523752E-05	0	99.99997229	47.40668255	52.59331745	0				-749.11606	0.508970734	NaN	
748.95606	88	5	7	1	0.508970734	93.6405045	5.263030799	1.096464696				2.770523752E-05	0	99.99997229	47.40668255	52.59331745	0				-748.95606	0.508970734	NaN	
748.79606	88	5	7	1	0.508970734	93.6405045	5.263030799	1.096464696				2.770523752E-05	0	99.99997229	47.40668255	52.59331745	0				-748.79606	0.508970734	NaN	
748.63606	88	5	7	1	0.508970734	93.6405045	5.263030799	1.096464696				2.770523752E-05	0	99.99997229	47.40668255	52.59331745	0				-748.63606	0.508970734	NaN	
748.47606	88	5	7	1	0.508970734	93.6405045	5.263030799	1.096464696				2.770523752E-05	0	99.99997229	47.40668255	52.59331745	0				-748.47606	0.508970734	NaN	
748.31606	88	5	7	1	0.508970734	93.6405045	5.263030799	1.096464696				2.770523752E-05	0	99.99997229	47.40668255	52.59331745	0				-748.31606	0.508970734	NaN	
748.15606	88	5	7	1	0.508970734	93.6405045	5.263030799	1.096464696				2.770523752E-05	0	99.99997229	47.40668255	52.59331745	0				-748.15606	0.508970734	NaN	
747.99606	88	5	7	1	0.508970734	93.6405045	5.263030799	1.096464696				2.770523752E-05	0	99.99997229	47.40668255	52.59331745	0				-747.99606	0.508970734	NaN	
747.83606	88	5	7	1	0.508970734	93.6405045	5.263030799	1.096464696				2.770523752E-05	0	99.99997229	47.40668255	52.59331745	0				-747.83606	0.508970734	NaN	
747.67606	88	5	7	1	0.508970734	93.6405045	5.263030799	1.096464696				2.770523752E-05	0	99.99997229	47.40668255	52.59331745	0				-747.67606	0.508970734	NaN	
747.51606	88	5	7	1	0.508970734	93.6405045	5.263030799	1.096464696				2.770523752E-05	0	99.99997229	47.40668255	52.59331745	0				-747.51606	0.508970734	NaN	
747.35606	88	5	7	1	0.508970734	93.6405045	5.263030799	1.096464696				2.770523752E-05	0	99.99997229	47.40668255	52.59331745	0				-747.35606	0.508970734	NaN	
747.19606	88	5	7	1	0.508970734	93.6405045	5.263030799	1.096464696				2.770523752E-05	0	99.99997229	47.40668255	52.59331745	0				-747.19606	0.508970734	NaN	
747.03606	88	5	7	1	0.508970734	93.6405045	5.263030799	1.096464696				2.770523752E-05	0	99.99997229	47.40668255	52.59331745	0				-747.03606	0.508970734	NaN	
746.87606	88	5	7	1	0.508970734	93.6405045	5.263030799	1.096464696				2.770523752E-05	0	99.99997229	47.40668255	52.59331745	0				-746.87606	0.508970734	NaN	
746.71606	88	5	7	1	0.508970734	93.6405045	5.263030799	1.096464696				2.770523752E-05	0	99.99997229	47.40668255	52.59331745	0				-746.71606	0.508970734	NaN	
746.55606	88	5	7	1	0.508970734	93.6405045	5.263030799	1.096464696				2.770523752E-05	0	99.99997229	47.40668255	52.59331745	0				-746.55606	0.508970734	NaN	
746.39606	88	5	7	1	0.508970734	93.6405045	5.263030799	1.096464696				2.770523752E-05	0	99.99997229	47.40668255	52.59331745	0				-746.39606	0.508970734	NaN	
746.23606	88	5	7	1	0.508970734	93.6405045	5.263030799	1.096464696				2.770523752E-05	0	99.99997229	47.40668255	52.59331745	0				-746.23606	0.508970734	NaN	
746.07606	88	5	7	1	0.508970734	93.6405045	5.263030799	1.096464696				2.770523752E-05	0	99.99997229	47.40668255	52.59331745	0				-746.07606	0.508970734	NaN	
745.91606	88	5	7	1	0.508970734	93.6405045	5.263030799	1.096464696				2.770523752E-05	0	99.99997229	47.40668255	52.59331745	0				-745.91606	0.508970734	NaN	
745.75606	88	5	7	1	0.508970734	93.6405045	5.263030799	1.096464696				2.770523752E-05	0	99.99997229	47.40668255	52.59331745	0				-745.75606	0.508970734	NaN	
745.59606	88	5	7	1	0.508970734	93.6405045	5.263030799	1.096464696				2.770523752E-05	0	99.99997229	47.40668255	52.59331745	0				-745.59606	0.508970734	NaN	
745.43606	88	5	7	1	0.508970734	93.6405045	5.263030799	1.096464696				2.770523752E-05	0	99.99997229	47.40668255	52.59331745	0				-745.43606	0.508970734	NaN	
745.27606	88	5	7	1	0.508970734	93.6405045	5.263030799	1.096464696				2.770523752E-05	0	99.99997229	47.40668255	52.59331745	0				-745.27606	0.508970734	NaN	
745.11606	88	5	7	1	0.508970734	93.6405045	5.263030799	1.096464696				2.770523752E-05	0	99.99997229	47.40668255	52.59331745	0				-745.11606	0.508970734	NaN	
744.95606	88	5	7	1	0.508970734	93.6405045	5.263030799	1.096464696				2.770523752E-05	0	99.99997229	47.40668255	52.59331745	0				-744.95606	0.508970734	NaN	
744.79606	88	5	7	1	0.508970734	93.6405045	5.263030799	1.096464696				2.770523752E-05	0	99.99997229	47.40668255	52.59331745	0				-744.79606	0.508970734	NaN	
744.63606	88	5	7	1	0.508970734	93.6405045	5.263030799	1.096464696				2.770523752E-05	0	99.99997229	47.40668255	52.59331745	0				-744.63606	0.508970734	NaN	
744.47606	88	5	7	1	0.508970734	93.6405045	5.263030799	1.096464696				2.770523752E-05	0	99.99997229	47.40668255	52.59331745	0				-744.47606	0.508970734	NaN	
744.31606	88	5	7	1	0.508970734	93.6405045	5.263030799	1.096464696				2.770523752E-05	0	99.99997229	47.40668255	52.59331745	0				-744.31606	0.508970734	NaN	
744.15606	88	5	7	1	0.508970734	93.6405045	5.263030799	1.096464696				2.770523752E-05	0	99.99997229	47.40668255	52.59331745	0				-744.15606	0.508970734	NaN	
743.99606	88	5	7	1	0.508970734	93.6405045	5.263030799	1.096464696				2.770523752E-05	0	99.99997229	47.40668255	52.59331745	0				-743.99606	0.508970734	NaN	
743.83606	88	5	7	1	0.508970734	93.6405045	5.263030799	1.096464696				2.770523752E-05	0	99.99997229	47.40668255	52.59331745	0				-743.83606	0.508970734	NaN	
743.67606	88	5	7	1	0.508970734	93.6405045	5.263030799	1.096464696				2.770523752E-05	0	99.99997229	47.40668255	52.59331745	0				-743.67606	0.508970734	NaN	
743.51606	88	5	7	1	0.508970734	93.6405045	5.263030799	1.096464696				2.770523752E-05	0	99.99997229	47.40668255	52.59331745	0				-743.51606	0.508970734	NaN	
743.35606	88	5	7	1	0.508970734	93.6405045	5.263030799	1.096464696				2.770523752E-05	0	99.99997229	47.40668255	52.59331745	0				-743.35606	0.508970734	NaN	
743.19606	88	5	7	1	0.508970734	93.6405045	5.263030799	1.096464696				2.770523752E-05	0	99.99997229	47.40668255	52.59331745	0				-743.19606	0.508970734	NaN	
743.03606	88	5	7	1	0.508970734	93.6405045	5.263030799	1.096464696				2.770523752E-05	0	99.99997229	47.40668255	52.59331745	0				-743.03606	0.508970734	NaN	
742.87606	88	5	7	1	0.508970734	93.6405045	5.263030799	1.096464696				2.770523752E-05	0	99.99997229	47.40668255	52.59331745	0				-742.87606	0.508970734	NaN	
742.71606	88	5	7	1	0.508970734	93.6405045	5.263030799	1.096464696				2.770523752E-05	0	99.99997229	47.40668255	52.59331745	0				-742.71606	0.508970734	NaN	
742.55606	88	5	7	1	0.508970734	93.6405045	5.263030799	1.096464696				2.770523752E-05	0	99.99997229	47.40668255	52.59331745	0				-742.55606	0.508970734	NaN	
742.39606	88	5	7	1	0.508970734	93.6405045	5.263030799	1.096464696				2.770523752E-05	0	99.99997229	47.40668255	52.59331745	0				-742.39606	0.508970734	NaN	
742.23606	88	5	7	1	0.508970734	93.6405045	5.263030799	1.096464696				2.770523752E-05	0	99.99997229	47.40668255	52.59331745	0				-742.23606	0.508970734	NaN	
742.07606	88	5	7	1	0.508970734	93.6405045	5.263030799	1.096464696				2.770523752E-05	0	99.99997229	47.40668255	52.59331745	0				-742.07606	0.508970734	NaN	
741.91606	88	5	7	1	0.508970734	93.6405045	5.263030799	1.096464696				2.770523752E-05	0	99.99997229	47.40668255	52.59331745	0				-741.91606	0.508970734	NaN	
741.75606	88	5	7	1	0.508970734	93.6405045	5.263030799	1.096464696				2.770523752E-05	0	99.99997229	47.40668255	52.59331745	0				-741.75606	0.508970734	NaN	
741.59606	88	5	7	1	0.508970734	93.6405045	5.263030799	1.096464696				2.770523752E-05	0	99.99997229	47.40668255	52.59331745	0				-741.59606	0.508970734	NaN	
741.43606	88	5	7	1	0.508970734	93.6405045	5.263030799	1.096464696				2.770523752E-05	0	99.99997229	47.40668255	52.59331745	0				-741.43606	0.508970734	NaN	
741.27606	88	5	7	1	0.508970734	93.6405045	5.263030799	1.096464696				2.770523752E-05	0	99.99997229	47.40668255	52.59331745	0				-741.27606	0.508970734	NaN	
741.11606	88	5	7	1	0.508970734	93.6405045	5.263030799	1.096464696				2.770523752E-05	0	99.99997229	47.40668255	52.59331745	0				-741.11606	0.508970734	NaN	
740.95606	88	5	7	1	0.508970734	93.6405045	5.263030799	1.096464696				2.770523752E-05	0	99.99997229	47.40668255	52.59331745	0				-740.95606	0.508970734	NaN	
740.79606	88	5	7	1	0.508970734	93.6405045	5.263030799	1.096464696				2.770523752E-05	0	99.99997229	47.40668255	52.59331745	0				-740.79606	0.508970734	NaN	
740.63606	88	5	7	1	0.508970734	93.6405045	5.263030799	1.096464696				2.770523752E-05	0	99.99997229	47.40668255	52.59331745	0				-740.63606	0.508970734	NaN	
740.47606	88	5	7	1	0.508970734	93.6405045	5.263030799	1.096464696				2.770523752E-05	0	99.99997229	47.40668255	52.59331745	0				-740.47606	0.508970734	NaN	
740.31606	88	5	7	1	0.508970734	93.6405045	5.263030799	1.096464696				2.770523752E-05	0	99.99997229	47.40668255	52.59331745	0				-740.31606	0.508970734	NaN	
740.15606	88	5	7	1	0.508970734	93.6405045	5.263030799	1.096464696				2.770523752E-05	0	99.99997229	47.40668255	52.59331745	0				-740.15606	0.508970734	NaN	
739.99606	88	5	7	1	0.508970734	93.6405045	5.263030799	1.096464696				2.770523752E-05	0	99.99997229	47.40668255	52.59331745	0				-739.99606	0.508970734	NaN	
739.83606	88	5	7	1	0.508970734	93.6405045	5.263030799	1.096464696				2.770523752E-05	0	99.99997229	47.40668255	52.59331745	0				-739.83606	0.508970734	NaN	
739.67606	88	5	7	1	0.508970734	93.6405045	5.263030799	1.096464696				2.770523752E-05	0	99.99997229	47.40668255	52.59331745	0				-739.67606	0.508970734	NaN	
739.51606	88	5	7	1	0.508970734	93.6405045	5.263030799	1.096464696				2.770523752E-05	0	99.99997229	47.40668255	52.59331745	0				-739.51606	0.508970734	NaN	
739.35606	88	5	7	1	0.508970734	93.6405045	5.263030799	1.096464696				2.770523752E-05	0	99.99997229	47.40668255	52.59331745	0				-739.35606	0.508970734	NaN	
739.19606	88	5	7	1	0.508970734	93.6405045	5.263030799	1.096464696				2.770523752E-05	0	99.99997229	47.40668255	52.59331745	0				-739.19606	0.508970734	NaN	
739.03606	88	5	7	1	0.508970734	93.6405045	5.263030799	1.096464696				2.770523752E-05	0	99.99997229	47.40668255	52.59331745	0				-739.03606	0.508970734	NaN	
738.87606	88	5	7	1	0.508970734	93.6405045	5.263030799	1.096464696				2.770523752E-05	0	99.99997229	47.40668255	52.59331745	0				-738.87606	0.508970734	NaN	
738.71606	88	5	7	1	0.508970734	93.6405045	5.263030799	1.096464696				2.770523752E-05	0	99.99997229	47.40668255	52.59331745	0				-738.71606	0.508970734	NaN	
738.55606	88	5	7	1	0.508970734	93.6405045	5.263030799	1.096464696				2.770523752E-05	0	99.99997229	47.40668255	52.59331745	0				-738.55606	0.508970734	NaN	
738.39606	88	5	7	1	0.508970734	93.6405045	5.263030799	1.096464696				2.770523752E-05	0	99.99997229	47.40668255	52.59331745	0				-738.39606	0.508970734	NaN	
738.23606	88	5	7	1	0.508970734	93.6405045	5.263030799	1.096464696				2.770523752E-05	0	99.99997229	47.40668255	52.59331745	0				-738.23606	0.508970734	NaN	
738.07606	88	5	7	1	0.508970734	93.6405045	5.263030799	1.096464696				2.770523752E-05	0	99.99997229	47.40668255	52.59331745	0				-738.07606	0.508970734	NaN	
737.91606	88	5	7	1	0.508970734	93.6405045	5.263030799	1.096464696				2.770523752E-05	0	99.99997229	47.40668255	52.59331745	0				-737.91606	0.508970734	NaN	
737.75606	88	5	7	1	0.508970734	93.6405045	5.263030799	1.096464696				2.770523752E-05	0	99.99997229	47.40668255	52.59331745	0				-737.75606	0.508970734	NaN	
737.59606	88	5	7	1	0.508970734	93.6405045	5.263030799	1.096464696				2.770523752E-05	0	99.99997229	47.40668255	52.59331745	0				-737.59606	0.508970734	NaN	
737.43606	88	5	7	1	0.508970734	93.6405045	5.263030799	1.096464696				2.770523752E-05	0	99.99997229	47.40668255	52.59331745	0				-737.43606	0.508970734	NaN	
737.27606	88	5	7	1	0.508970734	93.6405045	5.263030799	1.096464696				2.770523752E-05	0	99.99997229	47.40668255	52.59331745	0				-737.27606	0.508970734	NaN	
737.11606	88	5	7	1	0.508970734	93.6405045	5.263030799	1.096464696				2.770523752E-05	0	99.99997229	47.40668255	52.59331745	0				-737.11606	0.508970734	NaN	
736.95606	88	5	7	1	0.508970734	93.6405045	5.263030799	1.096464696				2.770523752E-05	0	99.99997229	47.40668255	52.59331745	0				-736.95606	0.508970734	NaN	
736.79606	88	5	7	1	0.508970734	93.6405045	5.263030799	1.096464696				2.770523752E-05	0	99.99997229	47.40668255	52.59331745	0				-736.79606	0.508970734	NaN	
736.63606	88	5	7	1	0.508970734	93.6405045	5.263030799	1.096464696				2.770523752E-05	0	99.99997229	47.40668255	52.59331745	0				-736.63606	0.508970734	NaN	
736.47606	88	5	7	1	0.508970734	93.6405045	5.263030799	1.096464696				2.770523752E-05	0	99.99997229	47.40668255	52.59331745	0				-736.47606	0.508970734	NaN	
736.31606	88	5	7	1	0.508970734	93.6405045	5.263030799	1.096464696				2.770523752E-05	0	99.99997229	47.40668255	52.59331745	0				-736.31606	0.508970734	NaN	
736.15606	88	5	7	1	0.508970734	93.6405045	5.263030799	1.096464696				2.770523752E-05	0	99.99997229	47.40668255	52.59331745	0				-736.15606	0.508970734	NaN	
735.99606	88	5	7	1	0.508970734	93.6405045	5.263030799	1.096464696				2.770523752E-05	0	99.99997229	47.40668255	52.59331745	0				-735.99606	0.508970734	NaN	
735.83606	88	5	7	1	0.508970734	93.6405045	5.263030799	1.096464696				2.770523752E-05	0	99.99997229	47.40668255	52.59331745	0				-735.83606	0.508970734	NaN	
735.67606	88	5	7	1	0.508970734	93.6405045	5.263030799	1.096464696				2.770523752E-05	0	99.99997229	47.40668255	52.59331745	0				-735.67606	0.508970734	NaN	
735.51606	88	5	7	1	0.508970734	93.6405045	5.263030799	1.096464696				2.770523752E-05	0	99.99997229	47.40668255	52.59331745	0				-735.51606	0.508970734	NaN	
735.35606	88	5	7	1	0.508970734	93.6405045	5.263030799	1.096464696				2.770523752E-05	0	99.99997229	47.40668255	52.59331745	0				-735.35606	0.508970734	NaN	
735.19606	88	5	7	1	0.508970734	93.6405045	5.263030799	1.096464696				2.770523752E-05	0	99.99997229	47.40668255	52.59331745	0				-735.19606	0.508970734	NaN	
735.03606	88	5	7	1	0.508970734	93.6405045	5.263030799	1.096464696				2.770523752E-05	0	99.99997229	47.40668255	52.59331745	0				-735.03606	0.508970734	NaN	
734.87606	88	5	7	1	0.508970734	93.6405045	5.263030799	1.096464696				2.770523752E-05	0	99.99997229	47.40668255	52.59331745	0				-734.87606	0.508970734	NaN	
734.71606	88	5	7	1	0.508970734	93.6405045	5.263030799	1.096464696				2.770523752E-05	0	99.99997229	47.40668255	52.59331745	0				-734.71606	0.508970734	NaN	
734.55606	88	5	7	1	0.508970734	93.6405045	5.263030799	1.096464696				2.770523752E-05	0	99.99997229	47.40668255	52.59331745	0				-734.55606	0.508970734	NaN	
734.39606	88	5	7	1	0.508970734	93.6405045	5.263030799	1.096464696				2.770523752E-05	0	99.99997229	47.40668255	52.59331745	0				-734.39606	0.508970734	NaN	
734.23606	88	5	7	1	0.508970734	93.6405045	5.263030799	1.096464696				2.770523752E-05	0	99.99997229	47.40668255	52.59331745	0				-734.23606	0.508970734	NaN	
734.07606	88	5	7	1	0.508970734	93.6405045	5.263030799	1.096464696				2.770523752E-05	0	99.99997229	47.40668255	52.59331745	0				-734.07606	0.508970734	NaN	
733.91606	88	5	7	1	0.508970734	93.6405045	5.263030799	1.096464696				2.770523752E-05	0	99.99997229	47.40668255	52.59331745	0				-733.91606	0.508970734	NaN	
733.75606	88	5	7	1	0.508970734	93.6405045	5.263030799	1.096464696				2.770523752E-05	0	99.99997229	47.40668255	52.59331745	0				-733.75606	0.508970734	NaN	
733.59606	88	5	7	1	0.508970734	93.6405045	5.263030799	1.096464696				2.770523752E-05	0	99.99997229	47.40668255	52.59331745	0				-733.59606	0.508970734	NaN	
733.43606	88	5	7	1	0.508970734	93.6405045	5.263030799	1.096464696				2.770523752E-05	0	99.99997229	47.40668255	52.59331745	0				-733.43606	0.508970734	NaN	
733.27606	88	5	7	1	0.508970734	93.6405045	5.263030799	1.096464696				2.770523752E-05	0	99.99997229	47.40668255	52.59331745	0				-733.27606	0.508970734	NaN	
733.11606	88	5	7	1	0.508970734	93.6405045	5.263030799	1.096464696				2.770523752E-05	0	99.99997229	47.40668255	52.59331745	0				-733.11606	0.508970734	NaN	
732.95606	88	5	7	1	0.508970734	93.6405045	5.263030799	1.096464696				2.770523752E-05	0	99.99997229	47.40668255	52.59331745	0				-732.95606	0.508970734	NaN	
732.79606	88	5	7	1	0.508970734	93.6405045	5.263030799	1.096464696				2.770523752E-05	0	99.99997229	47.40668255	52.59331745	0				-732.79606	0.508970734	NaN	
732.63606	88	5	7	1	0.508970734	93.6405045	5.263030799	1.096464696				2.770523752E-05	0	99.99997229	47.40668255	52.59331745	0				-732.63606	0.508970734	NaN	
732.47606	88	5	7	1	0.508970734	93.6405045	5.263030799	1.096464696				2.770523752E-05	0	99.99997229	47.40668255	52.59331745	0				-732.47606	0.508970734	NaN	
732.31606	88	5	7	1	0.508970734	93.6405045	5.263030799	1.096464696				2.770523752E-05	0	99.99997229	47.40668255	52.59331745	0				-732.31606	0.508970734	NaN	
732.15606	88	5	7	1	0.508970734	93.6405045	5.263030799	1.096464696				2.770523752E-05	0	99.99997229	47.40668255	52.59331745	0				-732.15606	0.508970734	NaN	
731.99606	88	5	7	1	0.508970734	93.6405045	5.263030799	1.096464696				2.770523752E-05	0	99.99997229	47.40668255	52.59331745	0				-731.99606	0.508970734	NaN	
731.83606	88	5	7	1	0.508970734	93.6405045	5.263030799	1.096464696				2.770523752E-05	0	99.99997229	47.40668255	52.59331745	0				-731.83606	0.508970734	NaN	
731.67606	88	5	7	1	0.508970734	93.6405045	5.263030799	1.096464696				2.770523752E-05	0	99.99997229	47.40668255	52.59331745	0				-731.67606	0.508970734	NaN	
731.51606	88	5	7	1	0.508970734	93.6405045	5.263030799	1.096464696				2.770523752E-05	0	99.99997229	47.40668255	52.59331745	0				-731.51606	0.508970734	NaN	
731.35606	88	5	7	1	0.508970734	93.6405045	5.263030799	1.096464696				2.770523752E-05	0	99.99997229	47.40668255	52.59331745	0				-731.35606	0.508970734	NaN	
731.19606	88	5	7	1	0.508970734	93.6405045	5.263030799	1.096464696				2.770523752E-05	0	99.99997229	47.40668255	52.59331745	0				-731.19606	0.508970734	NaN	
731.03606	88	5	7	1	0.508970734	93.6405045	5.263030799	1.096464696				2.770523752E-05	0	99.99997229	47.40668255	52.59331745	0				-731.03606	0.508970734	NaN	
730.87606	88	5	7	1	0.508970734	93.6405045	5.263030799	1.096464696				2.770523752E-05	0	99.99997229	47.40668255	52.59331745	0				-730.87606	0.508970734	NaN	
730.71606	88	5	7	1	0.508970734	93.6405045	5.263030799	1.096464696				2.770523752E-05	0	99.99997229	47.40668255	52.59331745	0				-730.71606	0.508970734	NaN	
730.55606	88	5	7	1	0.508970734	93.6405045	5.263030799	1.096464696				2.770523752E-05	0	99.99997229	47.40668255	52.59331745	0				-730.55606	0.508970734	NaN	
730.39606	88	5	7	1	0.508970734	93.6405045	5.263030799	1.096464696				2.770523752E-05	0	99.99997229	47.40668255	52.59331745	0				-730.39606	0.508970734	NaN	
730.23606	88	5	7	1	0.508970734	93.6405045	5.263030799	1.096464696				2.770523752E-05	0	99.99997229	47.40668255	52.59331745	0				-730.23606	0.508970734	NaN	
730.07606	88	5	7	1	0.508970734	93.6405045	5.263030799	1.096464696				2.770523752E-05	0	99.99997229	47.40668255	52.59331745	0				-730.07606	0.508970734	NaN	
729.91606	88	5	7	1	0.508970734	93.6405045	5.263030799	1.096464696				2.770523752E-05	0	99.99997229	47.40668255	52.59331745	0				-729.91606	0.508970734	NaN	
729.75606	88	5	7	1	0.508970734	93.6405045	5.263030799	1.096464696				2.770523752E-05	0	99.99997229	47.40668255	52.59331745	0				-729.75606	0.508970734	NaN	
729.59606	88	5	7	1	0.508970734	93.6405045	5.263030799	1.096464696				2.770523752E-05	0	99.99997229	47.40668255	52.59331745	0				-729.59606	0.508970734	NaN	
729.43606	88	5	7	1	0.508970734	93.6405045	5.263030799	1.096464696				2.770523752E-05	0	99.99997229	47.40668255	52.59331745	0				-729.43606	0.508970734	NaN	
729.27606	88	5	7	1	0.508970734	93.6405045	5.263030799	1.096464696				2.770523752E-05	0	99.99997229	47.40668255	52.59331745	0				-729.27606	0.508970734	NaN	
729.11606	88	5	7	1	0.508970734	93.6405045	5.263030799	1.096464696				2.770523752E-05	0	99.99997229	47.40668255	52.59331745	0				-729.11606	0.508970734	NaN	
728.95606	88	5	7	1	0.508970734	93.6405045	5.263030799	1.096464696				2.770523752E-05	0	99.99997229	47.40668255	52.59331745	0				-728.95606	0.508970734	NaN	
728.79606	88	5	7	1	0.508970734	93.6405045	5.263030799	1.096464696				2.770523752E-05	0	99.99997229	47.40668255	52.59331745	0				-728.79606	0.508970734	NaN	
728.63606	88	5	7	1	0.508970734	93.6405045	5.263030799	1.096464696				2.770523752E-05	0	99.99997229	47.40668255	52.59331745	0				-728.63606	0.508970734	NaN	
728.47606	88	5	7	1	0.508970734	93.6405045	5.263030799	1.096464696				2.770523752E-05	0	99.99997229	47.40668255	52.59331745	0				-728.47606	0.508970734	NaN	
728.31606	88	5	7	1	0.508970734	93.6405045	5.263030799	1.096464696				2.770523752E-05	0	99.99997229	47.40668255	52.59331745	0				-728.31606	0.508970734	NaN	
728.15606	88	5	7	1	0.508970734	93.6405045	5.263030799	1.096464696				2.770523752E-05	0	99.99997229	47.40668255	52.59331745	0				-728.15606	0.508970734	NaN	
727.99606	88	5	7	1	0.508970734	93.6405045	5.263030799	1.096464696				2.770523752E-05	0	99.99997229	47.40668255	52.59331745	0				-727.99606	0.508970734	NaN	
727.83606	88	5	7	1	0.508970734	93.6405045	5.263030799	1.096464696				2.770523752E-05	0	99.99997229	47.40668255	52.59331745	0				-727.83606	0.508970734	NaN	
727.67606	88	5	7	1	0.508970734	93.6405045	5.263030799	1.096464696				2.770523752E-05	0	99.99997229	47.40668255	52.59331745	0				-727.67606	0.508970734	NaN	
727.51606	88	5	7	1	0.508970734	93.6405045	5.263030799	1.096464696				2.770523752E-05	0	99.99997229	47.40668255	52.59331745	0				-727.51606	0.508970734	NaN	
727.35606	88	5	7	1	0.508970734	93.6405045	5.263030799	1.096464696				2.770523752E-05	0	99.99997229	47.40668255	52.59331745	0				-727.35606	0.508970734	NaN	
727.19606	88	5	7	1	0.508970734	93.6405045	5.263030799	1.096464696				2.770523752E-05	0	99.99997229	47.40668255	52.59331745	0				-727.19606	0.508970734	NaN	
727.03606	88	5	7	1	0.508970734	93.6405045	5.263030799	1.096464696				2.770523752E-05	0	99.99997229	47.40668255	52.59331745	0				-727.03606	0.508970734	NaN	
726.87606	88	5	7	1	0.508970734	93.6405045	5.263030799	1.096464696				2.770523752E-05	0	99.99997229	47.40668255	52.59331745	0				-726.87606	0.508970734	NaN	
726.71606	88	5	7	1	0.508970734	93.6405045	5.263030799	1.096464696				2.770523752E-05	0	99.99997229	47.40668255	52.59331745	0				-726.71606	0.508970734	NaN	
726.55606	88	5	7	1	0.508970734	93.6405045	5.263030799	1.096464696				2.770523752E-05	0	99.99997229	47.40668255	52.59331745	0				-726.55606	0.508970734	NaN	
726.39606	88	5	7	1	0.508970734	93.6405045	5.263030799	1.096464696				2.770523752E-05	0	99.99997229	47.40668255	52.59331745	0				-726.39606	0.508970734	NaN	
726.23606	88	5	7	1	0.508970734	93.6405045	5.263030799	1.096464696				2.770523752E-05	0	99.99997229	47.40668255	52.59331745	0				-726.23606	0.508970734	NaN	
726.07606	88	5	7	1	0.508970734	93.6405045	5.263030799	1.096464696				2.770523752E-05	0	99.99997229	47.40668255	52.59331745	0				-726.07606	0.508970734	NaN	
725.91606	88	5	7	1	0.508970734	93.6405045	5.263030799	1.096464696				2.770523752E-05	0	99.99997229	47.40668255	52.59331745	0				-725.91606	0.508970734	NaN	
725.75606	88	5	7	1	0.508970734	93.6405045	5.263030799	1.096464696				2.770523752E-05	0	99.99997229	47.40668255	52.59331745	0				-725.75606	0.508970734	NaN	
725.59606	88	5	7	1	0.508970734	93.6405045	5.263030799	1.096464696				2.770523752E-05	0	99.99997229	47.40668255	52.59331745	0				-725.59606	0.508970734	NaN	
725.43606	88	5	7	1	0.508970734	93.6405045	5.263030799	1.096464696				2.770523752E-05	0	99.99997229	47.40668255	52.59331745	0				-725.43606	0.508970734	NaN	
725.27606	88	5	7	1	0.508970734	93.6405045	5.263030799	1.096464696				2.770523752E-05	0	99.99997229	47.40668255	52.59331745	0				-725.27606	0.508970734	NaN	
725.11606	88	5	7	1	0.508970734	93.6405045	5.263030799	1.096464696				2.770523752E-05	0	99.99997229	47.40668255	52.59331745	0				-725.11606	0.508970734	NaN	
724.95606	88	5	7	1	0.508970734	93.6405045	5.263030799	1.096464696				2.770523752E-05	0	99.99997229	47.40668255	52.59331745	0				-724.95606	0.508970734	NaN	
724.79606	88	5	7	1	0.508970734	93.6405045	5.263030799	1.096464696				2.770523752E-05	0	99.99997229	47.40668255	52.59331745	0				-724.79606	0.508970734	NaN	
724.63606	88	5	7	1	0.508970734	93.6405045	5.263030799	1.096464696				2.770523752E-05	0	99.99997229	47.40668255	52.59331745	0				-724.63606	0.508970734	NaN	
724.47606	88	5	7	1	0.508970734	93.6405045	5.263030799	1.096464696				2.770523752E-05	0	99.99997229	47.40668255	52.59331745	0				-724.47606	0.508970734	NaN	
724.31606	88	5	7	1	0.508970734	93.6405045	5.263030799	1.096464696				2.770523752E-05	0	99.99997229	47.40668255	52.59331745	0				-724.31606	0.508970734	NaN	
724.15606	88	5	7	1	0.508970734	93.6405045	5.263030799	1.096464696				2.770523752E-05	0	99.99997229	47.40668255	52.59331745	0				-724.15606	0.508970734	NaN	
723.99606	88	5	7	1	0.508970734	93.6405045	5.263030799	1.096464696				2.770523752E-05	0	99.99997229	47.40668255	52.59331745	0				-723.99606	0.508970734	NaN	
723.83606	88	5	7	1	0.508970734	93.6405045	5.263030799	1.096464696				2.770523752E-05	0	99.99997229	47.40668255	52.59331745	0				-723.83606	0.508970734	NaN	
723.67606	88	5	7	1	0.508970734	93.6405045	5.263030799	1.096464696				2.770523752E-05	0	99.99997229	47.40668255	52.59331745	0				-723.67606	0.508970734	NaN	
723.51606	88	5	7	1	0.508970734	93.6405045	5.263030799	1.096464696				2.770523752E-05	0	99.99997229	47.40668255	52.59331745	0				-723.51606	0.508970734	NaN	
723.35606	88	5	7	1	0.508970734	93.6405045	5.263030799	1.096464696				2.770523752E-05	0	99.99997229	47.40668255	52.59331745	0				-723.35606	0.508970734	NaN	
723.19606	88	5	7	1	0.508970734	93.6405045	5.263030799	1.096464696				2.770523752E-05	0	99.99997229	47.40668255	52.59331745	0				-723.19606	0.508970734	NaN	
723.03606	88	5	7	1	0.508970734	93.6405045	5.263030799	1.096464696				2.770523752E-05	0	99.99997229	47.40668255	52.59331745	0				-723.03606	0.508970734	NaN	
722.87606	88	5	7	1	0.508970734	93.6405045	5.263030799	1.096464696				2.770523752E-05	0	99.99997229	47.40668255	52.59331745	0				-722.87606	0.508970734	NaN	
722.71606	88	5	7	1	0.508970734	93.6405045	5.263030799	1.096464696				2.770523752E-05	0	99.99997229	47.40668255	52.59331745	0				-722.71606	0.508970734	NaN	
722.55606	88	5	7	1	0.508970734	93.6405045	5.263030799	1.096464696				2.770523752E-05	0	99.99997229	47.40668255	52.59331745	0				-722.55606	0.508970734	NaN	
722.39606	88	5	7	1	0.508970734	93.6405045	5.263030799	1.096464696				2.770523752E-05	0	99.99997229	47.40668255	52.59331745	0				-722.39606	0.508970734	NaN	
722.23606	88	5	7	1	0.508970734	93.6405045	5.263030799	1.096464696				2.770523752E-05	0	99.99997229	47.40668255	52.59331745	0				-722.23606	0.508970734	NaN	
722.07606	88	5	7	1	0.508970734	93.6405045	5.263030799	1.096464696				2.770523752E-05	0	99.99997229	47.40668255	52.59331745	0				-722.07606	0.508970734	NaN	
721.91606	88	5	7	1	0.508970734	93.6405045	5.263030799	1.096464696				2.770523752E-05	0	99.99997229	47.40668255	52.59331745	0				-721.91606	0.508970734	NaN	
721.75606	88	5	7	1	0.508970734	93.6405045	5.263030799	1.096464696				2.770523752E-05	0	99.99997229	47.40668255	52.59331745	0				-721.75606	0.508970734	NaN	
721.59606	88	5	7	1	0.508970734	93.6405045	5.263030799	1.096464696				2.770523752E-05	0	99.99997229	47.40668255	52.59331745	0				-721.59606	0.508970734	NaN	
721.43606	88	5	7	1	0.508970734	93.6405045	5.263030799	1.096464696				2.770523752E-05	0	99.99997229	47.40668255	52.59331745	0				-721.43606	0.508970734	NaN	
721.27606	88	5	7	1	0.508970734	93.6405045	5.263030799	1.096464696				2.770523752E-05	0	99.99997229	47.40668255	52.59331745	0				-721.27606	0.508970734	NaN	
721.11606	88	5	7	1	0.508970734	93.6405045	5.263030799	1.096464696				2.770523752E-05	0	99.99997229	47.40668255	52.59331745	0				-721.11606	0.508970734	NaN	
720.95606	88	5	7	1	0.508970734	93.6405045	5.263030799	1.096464696				2.770523752E-05	0	99.99997229	47.40668255	52.59331745	0				-720.95606	0.508970734	NaN	
720.79606	88	5	7	1	0.508970734	93.6405045	5.263030799	1.096464696				2.770523752E-05	0	99.99997229	47.40668255	52.59331745	0				-720.79606	0.508970734	NaN	
720.63606	88	5	7	1	0.508970734	93.6405045	5.263030799	1.096464696				2.770523752E-05	0	99.99997229	47.40668255	52.59331745	0				-720.63606	0.508970734	NaN	
720.47606	88	5	7	1	0.508970734	93.6405045	5.263030799	1.096464696				2.770523752E-05	0	99.99997229	47.40668255	52.59331745	0				-720.47606	0.508970734	NaN	
720.31606	88	5	7	1	0.508970734	93.6405045	5.263030799	1.096464696				2.770523752E-05	0	99.99997229	47.40668255	52.59331745	0				-720.31606	0.508970734	NaN	
720.15606	88	5	7	1	0.508970734	93.6405045	5.263030799	1.096464696				2.770523752E-05	0	99.99997229	47.40668255	52.59331745	0				-720.15606	0.508970734	NaN	
719.99606	88	5	7	1	0.508970734	93.6405045	5.263030799	1.096464696				2.770523752E-05	0	99.99997229	47.40668255	52.59331745	0				-719.99606	0.508970734	NaN	
719.83606	88	5	7	1	0.508970734	93.6405045	5.263030799	1.096464696				2.770523752E-05	0	99.99997229	47.40668255	52.59331745	0				-719.83606	0.508970734	NaN	
719.67606	88	5	7	1	0.508970734	93.6405045	5.263030799	1.096464696				2.770523752E-05	0	99.99997229	47.40668255	52.59331745	0				-719.67606	0.508970734	NaN	
719.51606	88	5	7	1	0.508970734	93.6405045	5.263030799	1.096464696				2.770523752E-05	0	99.99997229	47.40668255	52.59331745	0				-719.51606	0.508970734	NaN	
719.35606	88	5	7	1	0.508970734	93.6405045	5.263030799	1.096464696				2.770523752E-05	0	99.99997229	47.40668255	52.59331745	0				-719.35606	0.508970734	NaN	
719.19606	88	5	7	1	0.508970734	93.6405045	5.263030799	1.096464696				2.770523752E-05	0	99.99997229	47.40668255	52.59331745	0				-719.19606	0.508970734	NaN	
719.03606	88	5	7	1	0.508970734	93.6405045	5.263030799	1.096464696				2.770523752E-05	0	99.99997229	47.40668255	52.59331745	0				-719.03606	0.508970734	NaN	
718.87606	88	5	7	1	0.508970734	93.6405045	5.263030799	1.096464696				2.770523752E-05	0	99.99997229	47.40668255	52.59331745	0				-718.87606	0.508970734	NaN	
718.71606	88	5	7	1	0.508970734	93.6405045	5.263030799	1.096464696				2.770523752E-05	0	99.99997229	47.40668255	52.59331745	0				-718.71606	0.508970734	NaN	
718.55606	88	5	7	1	0.508970734	93.6405045	5.263030799	1.096464696				2.770523752E-05	0	99.99997229	47.40668255	52.59331745	0				-718.55606	0.508970734	NaN	
718.39606	88	5	7	1	0.508970734	93.6405045	5.263030799	1.096464696				2.770523752E-05	0	99.99997229	47.40668255	52.59331745	0				-718.39606	0.508970734	NaN	
718.23606	88	5	7	1	0.508970734	93.6405045	5.263030799	1.096464696				2.770523752E-05	0	99.99997229	47.40668255	52.59331745	0				-718.23606	0.508970734	NaN	
718.07606	88	5	7	1	0.508970734	93.6405045	5.263030799	1.096464696				2.770523752E-05	0	99.99997229	47.40668255	52.59331745	0				-718.07606	0.508970734	NaN	
717.91606	88	5	7	1	0.508970734	93.6405045	5.263030799	1.096464696				2.770523752E-05	0	99.99997229	47.40668255	52.59331745	0				-717.91606	0.508970734	NaN	
717.75606	88	5	7	1	0.508970734	93.6405045	5.263030799	1.096464696				2.770523752E-05	0	99.99997229	47.40668255	52.59331745	0				-717.75606	0.508970734	NaN	
717.59606	88	5	7	1	0.508970734	93.6405045	5.263030799	1.096464696				2.770523752E-05	0	99.99997229	47.40668255	52.59331745	0				-717.59606	0.508970734	NaN	
717.43606	88	5	7	1	0.508970734	93.6405045	5.263030799	1.096464696				2.770523752E-05	0	99.99997229	47.40668255	52.59331745	0				-717.43606	0.508970734	NaN	
717.27606	88	5	7	1	0.508970734	93.6405045	5.263030799	1.096464696				2.770523752E-05	0	99.99997229	47.40668255	52.59331745	0				-717.27606	0.508970734	NaN	
717.11606	88	5	7	1	0.508970734	93.6405045	5.263030799	1.096464696				2.770523752E-05	0	99.99997229	47.40668255	52.59331745	0				-717.11606	0.508970734	NaN	
716.95606	88	5	7	1	0.508970734	93.6405045	5.263030799	1.096464696				2.770523752E-05	0	99.99997229	47.40668255	52.59331745	0				-716.95606	0.508970734	NaN	
716.79606	88	5	7	1	0.508970734	93.6405045	5.263030799	1.096464696				2.770523752E-05	0	99.99997229	47.40668255	52.59331745	0				-716.79606	0.508970734	NaN	
716.63606	88	5	7	1	0.508970734	93.6405045	5.263030799	1.096464696				2.770523752E-05	0	99.99997229	47.40668255	52.59331745	0				-716.63606	0.508970734	NaN	
716.47606	88	5	7	1	0.508970734	93.6405045	5.263030799	1.096464696				2.770523752E-05	0	99.99997229	47.40668255	52.59331745	0				-716.47606	0.508970734	NaN	
716.31606	88	5	7	1	0.508970734	93.6405045	5.263030799	1.096464696				2.770523752E-05	0	99.99997229	47.40668255	52.59331745	0				-716.31606	0.508970734	NaN	
716.15606	88	5	7	1	0.508970734	93.6405045	5.263030799	1.096464696				2.770523752E-05	0	99.99997229	47.40668255	52.59331745	0				-716.15606	0.508970734	NaN	
715.99606	88	5	7	1	0.508970734	93.6405045	5.263030799	1.096464696				2.770523752E-05	0	99.99997229	47.40668255	52.59331745	0				-715.99606	0.508970734	NaN	
715.83606	88	5	7	1	0.508970734	93.6405045	5.263030799	1.096464696				2.770523752E-05	0	99.99997229	47.40668255	52.59331745	0				-715.83606	0.508970734	NaN	
715.67606	88	5	7	1	0.508970734	93.6405045	5.263030799	1.096464696				2.770523752E-05	0	99.99997229	47.40668255	52.59331745	0				-715.67606	0.508970734	NaN	
715.51606	88	5	7	1	0.508970734	93.6405045	5.263030799	1.096464696				2.770523752E-05	0	99.99997229	47.40668255	52.59331745	0				-715.51606	0.508970734	NaN	
715.35606	88	5	7	1	0.508970734	93.6405045	5.263030799	1.096464696				2.770523752E-05	0	99.99997229	47.40668255	52.59331745	0				-715.35606	0.508970734	NaN	
715.19606	88	5	7	1	0.508970734	93.6405045	5.263030799	1.096464696				2.770523752E-05	0	99.99997229	47.40668255	52.59331745	0				-715.19606	0.508970734	NaN	
715.03606	88	5	7	1	0.508970734	93.6405045	5.263030799	1.096464696				2.770523752E-05	0	99.99997229	47.40668255	52.59331745	0				-715.03606	0.508970734	NaN	
714.87606	88	5	7	1	0.508970734	93.6405045	5.263030799	1.096464696				2.770523752E-05	0	99.99997229	47.40668255	52.59331745	0				-714.87606	0.508970734	NaN	
714.71606	88	5	7	1	0.508970734	93.6405045	5.263030799	1.096464696				2.770523752E-05	0	99.99997229	47.40668255	52.59331745	0				-714.71606	0.508970734	NaN	
714.55606	88	5	7	1	0.508970734	93.6405045	5.263030799	1.096464696				2.770523752E-05	0	99.99997229	47.40668255	52.59331745	0				-714.55606	0.508970734	NaN	
714.39606	88	5	7	1	0.508970734	93.6405045	5.263030799	1.096464696				2.770523752E-05	0	99.99997229	47.40668255	52.59331745	0				-714.39606	0.508970734	NaN	
714.23606	88	5	7	1	0.508970734	93.6405045	5.263030799	1.096464696				2.770523752E-05	0	99.99997229	47.40668255	52.59331745	0				-714.23606	0.508970734	NaN	
714.07606	88	5	7	1	0.508970734	93.6405045	5.263030799	1.096464696				2.770523752E-05	0	99.99997229	47.40668255	52.59331745	0				-714.07606	0.508970734	NaN	
713.91606	88	5	7	1	0.508970734	93.6405045	5.263030799	1.096464696				2.770523752E-05	0	99.99997229	47.40668255	52.59331745	0				-713.91606	0.508970734	NaN	
713.75606	88	5	7	1	0.508970734	93.6405045	5.263030799	1.096464696				2.770523752E-05	0	99.99997229	47.40668255	52.59331745	0				-713.75606	0.508970734	NaN	
713.59606	88	5	7	1	0.508970734	93.6405045	5.263030799	1.096464696				2.770523752E-05	0	99.99997229	47.40668255	52.59331745	0				-713.59606	0.508970734	NaN	
713.43606	88	5	7	1	0.508970734	93.6405045	5.263030799	1.096464696				2.770523752E-05	0	99.99997229	47.40668255	52.59331745	0				-713.43606	0.508970734	NaN	
713.27606	88	5	7	1	0.508970734	93.6405045	5.263030799	1.096464696				2.770523752E-05	0	99.99997229	47.40668255	52.59331745	0				-713.27606	0.508970734	NaN	
713.11606	88	5	7	1	0.508970734	93.6405045	5.263030799	1.096464696				2.770523752E-05	0	99.99997229	47.40668255	52.59331745	0				-713.11606	0.508970734	NaN	
712.95606	88	5	7	1	0.508970734	93.6405045	5.263030799	1.096464696				2.770523752E-05	0	99.99997229	47.40668255	52.59331745	0				-712.95606	0.508970734	NaN	
712.79606	88	5	7	1	0.508970734	93.6405045	5.263030799	1.096464696				2.770523752E-05	0	99.99997229	47.40668255	52.59331745	0				-712.79606	0.508970734	NaN	
712.63606	88	5	7	1	0.508970734	93.6405045	5.263030799	1.096464696				2.770523752E-05	0	99.99997229	47.40668255	52.59331745	0				-712.63606	0.508970734	NaN	
712.47606	88	5	7	1	0.508970734	93.6405045	5.263030799	1.096464696				2.770523752E-05	0	99.99997229	47.40668255	52.59331745	0				-712.47606	0.508970734	NaN	
712.31606	88	5	7	1	0.508970734	93.6405045	5.263030799	1.096464696				2.770523752E-05	0	99.99997229	47.40668255	52.59331745	0				-712.31606	0.508970734	NaN	
712.15606	88	5	7	1	0.508970734	93.6405045	5.263030799	1.096464696				2.770523752E-05	0	99.99997229	47.40668255	52.59331745	0				-712.15606	0.508970734	NaN	
711.99606	88	5	7	1	0.508970734	93.6405045	5.263030799	1.096464696				2.770523752E-05	0	99.99997229	47.40668255	52.59331745	0				-711.99606	0.508970734	NaN	
711.83606	88	5	7	1	0.508970734	93.6405045	5.263030799	1.096464696				2.770523752E-05	0	99.99997229	47.40668255	52.59331745	0				-711.83606	0.508970734	NaN	
711.67606	88	5	7	1	0.508970734	93.6405045	5.263030799	1.096464696				2.770523752E-05	0	99.99997229	47.40668255	52.59331745	0				-711.67606	0.508970734	NaN	
711.51606	88	5	7	1	0.508970734	93.6405045	5.263030799	1.096464696				2.770523752E-05	0	99.99997229	47.40668255	52.59331745	0				-711.51606	0.508970734	NaN	
711.35606	88	5	7	1	0.508970734	93.6405045	5.263030799	1.096464696				2.770523752E-05	0	99.99997229	47.40668255	52.59331745	0				-711.35606	0.508970734	NaN	
711.19606	88	5	7	1	0.508970734	93.6405045	5.263030799	1.096464696				2.770523752E-05	0	99.99997229	47.40668255	52.59331745	0				-711.19606	0.508970734	NaN	
711.03606	88	5	7	1	0.508970734	93.6405045	5.263030799	1.096464696				2.770523752E-05	0	99.99997229	47.40668255	52.59331745	0				-711.03606	0.508970734	NaN	
710.87606	88	5	7	1	0.508970734	93.6405045	5.263030799	1.096464696				2.770523752E-05	0	99.99997229	47.40668255	52.59331745	0				-710.87606	0.508970734	NaN	
710.71606	88	5	7	1	0.508970734	93.6405045	5.263030799	1.096464696				2.770523752E-05	0	99.99997229	47.40668255	52.59331745	0				-710.71606	0.508970734	NaN	
710.55606	88	5	7	1	0.508970734	93.6405045	5.263030799	1.096464696				2.770523752E-05	0	99.99997229	47.40668255	52.59331745	0				-710.55606	0.508970734	NaN	
710.39606	88	5	7	1	0.508970734	93.6405045	5.263030799	1.096464696				2.770523752E-05	0	99.99997229	47.40668255	52.59331745	0				-710.39606	0.508970734	NaN	
710.23606	88	5	7	1	0.508970734	93.6405045	5.263030799	1.096464696				2.770523752E-05	0	99.99997229	47.40668255	52.59331745	0				-710.23606	0.508970734	NaN	
710.07606	88	5	7	1	0.508970734	93.6405045	5.263030799	1.096464696				2.770523752E-05	0	99.99997229	47.40668255	52.59331745	0				-710.07606	0.508970734	NaN	
709.91606	88	5	7	1	0.508970734	93.6405045	5.263030799	1.096464696				2.770523752E-05	0	99.99997229	47.40668255	52.59331745	0				-709.91606	0.508970734	NaN	
709.75606	88	5	7	1	0.508970734	93.6405045	5.263030799	1.096464696				2.770523752E-05	0	99.99997229	47.40668255	52.59331745	0				-709.75606	0.508970734	NaN	
709.59606	88	5	7	1	0.508970734	93.6405045	5.263030799	1.096464696				2.770523752E-05	0	99.99997229	47.40668255	52.59331745	0				-709.59606	0.508970734	NaN	
709.43606	88	5	7	1	0.508970734	93.6405045	5.263030799	1.096464696				2.770523752E-05	0	99.99997229	47.40668255	52.59331745	0				-709.43606	0.508970734	NaN	
709.27606	88	5	7	1	0.508970734	93.6405045	5.263030799	1.096464696				2.770523752E-05	0	99.99997229	47.40668255	52.59331745	0				-709.27606	0.508970734	NaN	
709.11606	88	5	7	1	0.508970734	93.6405045	5.263030799	1.096464696				2.770523752E-05	0	99.99997229	47.40668255	52.59331745	0				-709.11606	0.508970734	NaN	
708.95606	88	5	7	1	0.508970734	93.6405045	5.263030799	1.096464696				2.770523752E-05	0	99.99997229	47.40668255	52.59331745	0				-708.95606	0.508970734	NaN	
708.79606	88	5	7	1	0.508970734	93.6405045	5.263030799	1.096464696				2.770523752E-05	0	99.99997229	47.40668255	52.59331745	0				-708.79606	0.508970734	NaN	
708.63606	88	5	7	1	0.508970734	93.6405045	5.263030799	1.096464696				2.770523752E-05	0	99.99997229	47.40668255	52.59331745	0				-708.63606	0.508970734	NaN	
708.47606	88	5	7	1	0.508970734	93.6405045	5.263030799	1.096464696				2.770523752E-05	0	99.99997229	47.40668255	52.59331745	0				-708.47606	0.508970734	NaN	
708.31606	88	5	7	1	0.508970734	93.6405045	5.263030799	1.096464696				2.770523752E-05	0	99.99997229	47.40668255	52.59331745	0				-708.31606	0.508970734	NaN	
708.15606	88	5	7	1	0.508970734	93.6405045	5.263030799	1.096464696				2.770523752E-05	0	99.99997229	47.40668255	52.59331745	0				-708.15606	0.508970734	NaN	
707.99606	88	5	7	1	0.508970734	93.6405045	5.263030799	1.096464696				2.770523752E-05	0	99.99997229	47.40668255	52.59331745	0				-707.99606	0.508970734	NaN	
707.83606	88	5	7	1	0.508970734	93.6405045	5.263030799	1.096464696				2.770523752E-05	0	99.99997229	47.40668255	52.59331745	0				-707.83606	0.508970734	NaN	
707.67606	88	5	7	1	0.508970734	93.6405045	5.263030799	1.096464696				2.770523752E-05	0	99.99997229	47.40668255	52.59331745	0				-707.67606	0.508970734	NaN	
707.51606	88	5	7	1	0.508970734	93.6405045	5.263030799	1.096464696				2.770523752E-05	0	99.99997229	47.40668255	52.59331745	0				-707.51606	0.508970734	NaN	
707.35606	88	5	7	1	0.508970734	93.6405045	5.263030799	1.096464696				2.770523752E-05	0	99.99997229	47.40668255	52.59331745	0				-707.35606	0.508970734	NaN	
707.19606	88	5	7	1	0.508970734	93.6405045	5.263030799	1.096464696				2.770523752E-05	0	99.99997229	47.40668255	52.59331745	0				-707.19606	0.508970734	NaN	
707.03606	88	5	7	1	0.508970734	93.6405045	5.263030799	1.096464696				2.770523752E-05	0	99.99997229	47.40668255	52.59331745	0				-707.03606	0.508970734	NaN	
706.87606	88	5	7	1	0.508970734	93.6405045	5.263030799	1.096464696				2.770523752E-05	0	99.99997229	47.40668255	52.59331745	0				-706.87606	0.508970734	NaN	
706.71606	88	5	7	1	0.508970734	93.6405045	5.263030799	1.096464696				2.770523752E-05	0	99.99997229	47.40668255	52.59331745	0				-706.71606	0.508970734	NaN	
706.55606	88	5	7	1	0.508970734	93.6405045	5.263030799	1.096464696				2.770523752E-05	0	99.99997229	47.40668255	52.59331745	0				-706.55606	0.508970734	NaN	
706.39606	88	5	7	1	0.508970734	93.6405045	5.263030799	1.096464696				2.770523752E-05	0	99.99997229	47.40668255	52.59331745	0				-706.39606	0.508970734	NaN	
706.23606	88	5	7	1	0.508970734	93.6405045	5.263030799	1.096464696				2.770523752E-05	0	99.99997229	47.40668255	52.59331745	0				-706.23606	0.508970734	NaN	
706.07606	88	5	7	1	0.508970734	93.6405045	5.263030799	1.096464696				2.770523752E-05	0	99.99997229	47.40668255	52.59331745	0				-706.07606	0.508970734	NaN	
705.91606	88	5	7	1	0.508970734	93.6405045	5.263030799	1.096464696				2.770523752E-05	0	99.99997229	47.40668255	52.59331745	0				-705.91606	0.508970734	NaN	
705.75606	88	5	7	1	0.508970734	93.6405045	5.263030799	1.096464696				2.770523752E-05	0	99.99997229	47.40668255	52.59331745	0				-705.75606	0.508970734	NaN	
705.59606	88	5	7	1	0.508970734	93.6405045	5.263030799	1.096464696				2.770523752E-05	0	99.99997229	47.40668255	52.59331745	0				-705.59606	0.508970734	NaN	
705.43606	88	5	7	1	0.508970734	93.6405045	5.263030799	1.096464696				2.770523752E-05	0	99.99997229	47.40668255	52.59331745	0				-705.43606	0.508970734	NaN	
705.27606	88	5	7	1	0.508970734	93.6405045	5.263030799	1.096464696				2.770523752E-05	0	99.99997229	47.40668255	52.59331745	0				-705.27606	0.508970734	NaN	
705.11606	88	5	7	1	0.508970734	93.6405045	5.263030799	1.096464696				2.770523752E-05	0	99.99997229	47.40668255	52.59331745	0				-705.11606	0.508970734	NaN	
704.95606	88	5	7	1	0.508970734	93.6405045	5.263030799	1.096464696				2.770523752E-05	0	99.99997229	47.40668255	52.59331745	0				-704.95606	0.508970734	NaN	
704.79606	88	5	7	1	0.508970734	93.6405045	5.263030799	1.096464696				2.770523752E-05	0	99.99997229	47.40668255	52.59331745	0				-704.79606	0.508970734	NaN	
704.63606	88	5	7	1	0.508970734	93.6405045	5.263030799	1.096464696				2.770523752E-05	0	99.99997229	47.40668255	52.59331745	0				-704.63606	0.508970734	NaN	
704.47606	88	5	7	1	0.508970734	93.6405045	5.263030799	1.096464696				2.770523752E-05	0	99.99997229	47.40668255	52.59331745	0				-704.47606	0.508970734	NaN	
704.31606	88	5	7	1	0.508970734	93.6405045	5.263030799	1.096464696				2.770523752E-05	0	99.99997229	47.40668255	52.59331745	0				-704.31606	0.508970734	NaN	
704.15606	88	5	7	1	0.508970734	93.6405045	5.263030799	1.096464696				2.770523752E-05	0	99.99997229	47.40668255	52.59331745	0				-704.15606	0.508970734	NaN	
703.99606	88	5	7	1	0.508970734	93.6405045	5.263030799	1.096464696				2.770523752E-05	0	99.99997229	47.40668255	52.59331745	0				-703.99606	0.508970734	NaN	
703.83606	88	5	7	1	0.508970734	93.6405045	5.263030799	1.096464696				2.770523752E-05	0	99.99997229	47.40668255	52.59331745	0				-703.83606	0.508970734	NaN	
703.67606	88	5	7	1	0.508970734	93.6405045	5.263030799	1.096464696				2.770523752E-05	0	99.99997229	47.40668255	52.59331745	0				-703.67606	0.508970734	NaN	
703.51606	88	5	7	1	0.508970734	93.6405045	5.263030799	1.096464696				2.770523752E-05	0	99.99997229	47.40668255	52.59331745	0				-703.51606	0.508970734	NaN	
703.35606	88	5	7	1	0.508970734	93.6405045	5.263030799	1.096464696				2.770523752E-05	0	99.99997229	47.40668255	52.59331745	0				-703.35606	0.508970734	NaN	
703.19606	88	5	7	1	0.508970734	93.6405045	5.263030799	1.096464696				2.770523752E-05	0	99.99997229	47.40668255	52.59331745	0				-703.19606	0.508970734	NaN	
703.03606	88	5	7	1	0.508970734	93.6405045	5.263030799	1.096464696				2.770523752E-05	0	99.99997229	47.40668255	52.59331745	0				-703.03606	0.508970734	NaN	
702.87606	88	5	7	1	0.508970734	93.6405045	5.263030799	1.096464696				2.770523752E-05	0	99.99997229	47.40668255	52.59331745	0				-702.87606	0.508970734	NaN	
702.71606	88	5	7	1	0.508970734	93.6405045	5.263030799	1.096464696				2.770523752E-05	0	99.99997229	47.40668255	52.59331745	0				-702.71606	0.508970734	NaN	
702.55606	88	5	7	1	0.508970734	93.6405045	5.263030799	1.096464696				2.770523752E-05	0	99.99997229	47.40668255	52.59331745	0				-702.55606	0.508970734	NaN	
702.39606	88	5	7	1	0.508970734	93.6405045	5.263030799	1.096464696				2.770523752E-05	0	99.99997229	47.40668255	52.59331745	0				-702.39606	0.508970734	NaN	
702.23606	88	5	7	1	0.508970734	93.6405045	5.263030799	1.096464696				2.770523752E-05	0	99.99997229	47.40668255	52.59331745	0				-702.23606	0.508970734	NaN	
702.07606	88	5	7	1	0.508970734	93.6405045	5.263030799	1.096464696				2.770523752E-05	0	99.99997229	47.40668255	52.59331745	0				-702.07606	0.508970734	NaN	
701.91606	88	5	7	1	0.508970734	93.6405045	5.263030799	1.096464696				2.770523752E-05	0	99.99997229	47.40668255	52.59331745	0				-701.91606	0.508970734	NaN	
701.75606	88	5	7	1	0.508970734	93.6405045	5.263030799	1.096464696				2.770523752E-05	0	99.99997229	47.40668255	52.59331745	0				-701.75606	0.508970734	NaN	
701.59606	88	5	7	1	0.508970734	93.6405045	5.263030799	1.096464696				2.770523752E-05	0	99.99997229	47.40668255	52.59331745	0				-701.59606	0.508970734	NaN	
701.43606	88	5	7	1	0.508970734	93.6405045	5.263030799	1.096464696				2.770523752E-05	0	99.99997229	47.40668255	52.59331745	0				-701.43606	0.508970734	NaN	
701.27606	88	5	7	1	0.508970734	93.6405045	5.263030799	1.096464696				2.770523752E-05	0	99.99997229	47.40668255	52.59331745	0				-701.27606	0.508970734	NaN	
701.11606	88	5	7	1	0.508970734	93.6405045	5.263030799	1.096464696				2.770523752E-05	0	99.99997229	47.40668255	52.59331745	0				-701.11606	0.508970734	NaN	
700.95606	88	5	7	1	0.508970734	93.6405045	5.263030799	1.096464696				2.770523752E-05	0	99.99997229	47.40668255	52.59331745	0				-700.95606	0.508970734	NaN	
700.79606	88	5	7	1	0.508970734	93.6405045	5.263030799	1.096464696				2.770523752E-05	0	99.99997229	47.40668255	52.59331745	0				-700.79606	0.508970734	NaN	
700.63606	88	5	7	1	0.508970734	93.6405045	5.263030799	1.096464696				2.770523752E-05	0	99.99997229	47.40668255	52.59331745	0				-700.63606	0.508970734	NaN	
700.47606	88	5	7	1	0.508970734	93.6405045	5.263030799	1.096464696				2.770523752E-05	0	99.99997229	47.40668255	52.59331745	0				-700.47606	0.508970734	NaN	
700.31606	88	5	7	1	0.508970734	93.6405045	5.263030799	1.096464696				2.770523752E-05	0	99.99997229	47.40668255	52.59331745	0				-700.31606	0.508970734	NaN	
700.15606	88	5	7	1	0.508970734	93.6405045	5.263030799	1.096464696				2.770523752E-05	0	99.99997229	47.40668255	52.59331745	0				-700.15606	0.508970734	NaN	
699.99606	88	5	7	1	0.508970734	93.6405045	5.263030799	1.096464696				2.770523752E-05	0	99.99997229	47.40668255	52.59331745	0				-699.99606	0.508970734	NaN	
699.83606	88	5	7	1	0.508970734	93.6405045	5.263030799	1.096464696				2.770523752E-05	0	99.99997229	47.40668255	52.59331745	0				-699.83606	0.508970734	NaN	
699.67606	88	5	7	1	0.508970734	93.6405045	5.263030799	1.096464696				2.770523752E-05	0	99.99997229	47.40668255	52.59331745	0				-699.67606	0.508970734	NaN	
699.51606	88	5	7	1	0.508970734	93.6405045	5.263030799	1.096464696				2.770523752E-05	0	99.99997229	47.40668255	52.59331745	0				-699.51606	0.508970734	NaN	
699.35606	88	5	7	1	0.508970734	93.6405045	5.263030799	1.096464696				2.770523752E-05	0	99.99997229	47.40668255	52.59331745	0				-699.35606	0.508970734	NaN	
699.19606	88	5	7	1	0.508970734	93.6405045	5.263030799	1.096464696				2.770523752E-05	0	99.99997229	47.40668255	52.59331745	0				-699.19606	0.508970734	NaN	
699.03606	88	5	7	1	0.508970734	93.6405045	5.263030799	1.096464696				2.770523752E-05	0	99.99997229	47.40668255	52.59331745	0				-699.03606	0.508970734	NaN	
698.87606	88	5	7	1	0.508970734	93.6405045	5.263030799	1.096464696				2.770523752E-05	0	99.99997229	47.40668255	52.59331745	0				-698.87606	0.508970734	NaN	
698.71606	88	5	7	1	0.508970734	93.6405045	5.263030799	1.096464696				2.770523752E-05	0	99.99997229	47.40668255	52.59331745	0				-698.71606	0.508970734	NaN	
698.55606	88	5	7	1	0.508970734	93.6405045	5.263030799	1.096464696				2.770523752E-05	0	99.99997229	47.40668255	52.59331745	0				-698.55606	0.508970734	NaN	
698.39606	88	5	7	1	0.508970734	93.6405045	5.263030799	1.096464696				2.770523752E-05	0	99.99997229	47.40668255	52.59331745	0				-698.39606	0.508970734	NaN	
698.23606	88	5	7	1	0.508970734	93.6405045	5.263030799	1.096464696				2.770523752E-05	0	99.99997229	47.40668255	52.59331745	0				-698.23606	0.508970734	NaN	
698.07606	88	5	7	1	0.508970734	93.6405045	5.263030799	1.096464696				2.770523752E-05	0	99.99997229	47.40668255	52.59331745	0				-698.07606	0.508970734	NaN	
697.91606	88	5	7	1	0.508970734	93.6405045	5.263030799	1.096464696				2.770523752E-05	0	99.99997229	47.40668255	52.59331745	0				-697.91606	0.508970734	NaN	
697.75606	88	5	7	1	0.508970734	93.6405045	5.263030799	1.096464696				2.770523752E-05	0	99.99997229	47.40668255	52.59331745	0				-697.75606	0.508970734	NaN	
697.59606	88	5	7	1	0.508970734	93.6405045	5.263030799	1.096464696				2.770523752E-05	0	99.99997229	47.40668255	52.59331745	0				-697.59606	0.508970734	NaN	
697.43606	88	5	7	1	0.508970734	93.6405045	5.263030799	1.096464696				2.770523752E-05	0	99.99997229	47.40668255	52.59331745	0				-697.43606	0.508970734	NaN	
697.27606	88	5	7	1	0.508970734	93.6405045	5.263030799	1.096464696				2.770523752E-05	0	99.99997229	47.40668255	52.59331745	0				-697.27606	0.508970734	NaN	
697.11606	88	5	7	1	0.508970734	93.6405045	5.263030799	1.096464696				2.770523752E-05	0	99.99997229	47.40668255	52.59331745	0				-697.11606	0.508970734	NaN	
696.95606	88	5	7	1	0.508970734	93.6405045	5.263030799	1.096464696				2.770523752E-05	0	99.99997229	47.40668255	52.59331745	0				-696.95606	0.508970734	NaN	
696.79606	88	5	7	1	0.508970734	93.6405045	5.263030799	1.096464696				2.770523752E-05	0	99.99997229	47.40668255	52.59331745	0				-696.79606	0.508970734	NaN	
696.63606	88	5	7	1	0.508970734	93.6405045	5.263030799	1.096464696				2.770523752E-05	0	99.99997229	47.40668255	52.59331745	0				-696.63606	0.508970734	NaN	
696.47606	88	5	7	1	0.508970734	93.6405045	5.263030799	1.096464696				2.770523752E-05	0	99.99997229	47.40668255	52.59331745	0				-696.47606	0.508970734	NaN	
696.31606	88	5	7	1	0.508970734	93.6405045	5.263030799	1.096464696				2.770523752E-05	0	99.99997229	47.40668255	52.59331745	0				-696.31606	0.508970734	NaN	
696.15606	88	5	7	1	0.508970734	93.6405045	5.263030799	1.096464696				2.770523752E-05	0	99.99997229	47.40668255	52.59331745	0				-696.15606	0.508970734	NaN	
695.99606	88	5	7	1	0.508970734	93.6405045	5.263030799	1.096464696				2.770523752E-05	0	99.99997229	47.40668255	52.59331745	0				-695.99606	0.508970734	NaN	
695.83606	88	5	7	1	0.508970734	93.6405045	5.263030799	1.096464696				2.770523752E-05	0	99.99997229	47.40668255	52.59331745	0				-695.83606	0.508970734	NaN	
695.67606	88	5	7	1	0.508970734	93.6405045	5.263030799	1.096464696				2.770523752E-05	0	99.99997229	47.40668255	52.59331745	0				-695.67606	0.508970734	NaN	
695.51606	88	5	7	1	0.508970734	93.6405045	5.263030799	1.096464696				2.770523752E-05	0	99.99997229	47.40668255	52.59331745	0				-695.51606	0.508970734	NaN	
695.35606	88	5	7	1	0.508970734	93.6405045	5.263030799	1.096464696				2.770523752E-05	0	99.99997229	47.40668255	52.59331745	0				-695.35606	0.508970734	NaN	
695.19606	88	5	7	1	0.508970734	93.6405045	5.263030799	1.096464696				2.770523752E-05	0	99.99997229	47.40668255	52.59331745	0				-695.19606	0.508970734	NaN	
695.03606	88	5	7	1	0.508970734	93.6405045	5.263030799	1.096464696				2.770523752E-05	0	99.99997229	47.40668255	52.59331745	0				-695.03606	0.508970734	NaN	
694.87606	88	5	7	1	0.508970734	93.6405045	5.263030799	1.096464696				2.770523752E-05	0	99.99997229	47.40668255	52.59331745	0				-694.87606	0.508970734	NaN	
694.71606	88	5	7	1	0.508970734	93.6405045	5.263030799	1.096464696				2.770523752E-05	0	99.99997229	47.40668255	52.59331745	0				-694.71606	0.508970734	NaN	
694.55606	88	5	7	1	0.508970734	93.6405045	5.263030799	1.096464696				2.770523752E-05	0	99.99997229	47.40668255	52.59331745	0				-694.55606	0.508970734	NaN	
694.39606	88	5	7	1	0.508970734	93.6405045	5.263030799	1.096464696				2.770523752E-05	0	99.99997229	47.40668255	52.59331745	0				-694.39606	0.508970734	NaN	
694.23606	88	5	7	1	0.508970734	93.6405045	5.263030799	1.096464696				2.770523752E-05	0	99.99997229	47.40668255	52.59331745	0				-694.23606	0.508970734	NaN	
694.07606	88	5	7	1	0.508970734	93.6405045	5.263030799	1.096464696				2.770523752E-05	0	99.99997229	47.40668255	52.59331745	0				-694.07606	0.508970734	NaN	
693.91606	88	5	7	1	0.508970734	93.6405045	5.263030799	1.096464696				2.770523752E-05	0	99.99997229	47.40668255	52.59331745	0				-693.91606	0.508970734	NaN	
693.75606	88	5	7	1	0.508970734	93.6405045	5.263030799	1.096464696				2.770523752E-05	0	99.99997229	47.40668255	52.59331745	0				-693.75606	0.508970734	NaN	
693.59606	88	5	7	1	0.508970734	93.6405045	5.263030799	1.096464696				2.770523752E-05	0	99.99997229	47.40668255	52.59331745	0				-693.59606	0.508970734	NaN	
693.43606	88	5	7	1	0.508970734	93.6405045	5.263030799	1.096464696				2.770523752E-05	0	99.99997229	47.40668255	52.59331745	0				-693.43606	0.508970734	NaN	
693.27606	88	5	7	1	0.508970734	93.6405045	5.263030799	1.096464696				2.770523752E-05	0	99.99997229	47.40668255	52.59331745	0				-693.27606	0.508970734	NaN	
693.11606	88	5	7	1	0.508970734	93.6405045	5.263030799	1.096464696				2.770523752E-05	0	99.99997229	47.40668255	52.59331745	0				-693.11606	0.508970734	NaN	
692.95606	88	5	7	1	0.508970734	93.6405045	5.263030799	1.096464696				2.770523752E-05	0	99.99997229	47.40668255	52.59331745	0				-692.95606	0.508970734	NaN	
692.79606	88	5	7	1	0.508970734	93.6405045	5.263030799	1.096464696				2.770523752E-05	0	99.99997229	47.40668255	52.59331745	0				-692.79606	0.508970734	NaN	
692.63606	88	5	7	1	0.508970734	93.6405045	5.263030799	1.096464696				2.770523752E-05	0	99.99997229	47.40668255	52.59331745	0				-692.63606	0.508970734	NaN	
692.47606	88	5	7	1	0.508970734	93.6405045	5.263030799	1.096464696				2.770523752E-05	0	99.99997229	47.40668255	52.59331745	0				-692.47606	0.508970734	NaN	
692.31606	88	5	7	1	0.508970734	93.6405045	5.263030799	1.096464696				2.770523752E-05	0	99.99997229	47.40668255	52.59331745	0				-692.31606	0.508970734	NaN	
692.15606	88	5	7	1	0.508970734	93.6405045	5.263030799	1.096464696				2.770523752E-05	0	99.99997229	47.40668255	52.59331745	0				-692.15606	0.508970734	NaN	
691.99606	88	5	7	1	0.508970734	93.6405045	5.263030799	1.096464696				2.770523752E-05	0	99.99997229	47.40668255	52.59331745	0				-691.99606	0.508970734	NaN	
691.83606	88	5	7	1	0.508970734	93.6405045	5.263030799	1.096464696				2.770523752E-05	0	99.99997229	47.40668255	52.59331745	0				-691.83606	0.508970734	NaN	
691.67606	88	5	7	1	0.508970734	93.6405045	5.263030799	1.096464696				2.770523752E-05	0	99.99997229	47.40668255	52.59331745	0				-691.67606	0.508970734	NaN	
691.51606	88	5	7	1	0.508970734	93.6405045	5.263030799	1.096464696				2.770523752E-05	0	99.99997229	47.40668255	52.59331745	0				-691.51606	0.508970734	NaN	
691.35606	88	5	7	1	0.508970734	93.6405045	5.263030799	1.096464696				2.770523752E-05	0	99.99997229	47.40668255	52.59331745	0				-691.35606	0.508970734	NaN	
691.19606	88	5	7	1	0.508970734	93.6405045	5.263030799	1.096464696				2.770523752E-05	0	99.99997229	47.40668255	52.59331745	0				-691.19606	0.508970734	NaN	
691.03606	88	5	7	1	0.508970734	93.6405045	5.263030799	1.096464696				2.770523752E-05	0	99.99997229	47.40668255	52.59331745	0				-691.03606	0.508970734	NaN	
690.87606	88	5	7	1	0.508970734	93.6405045	5.263030799	1.096464696				2.770523752E-05	0	99.99997229	47.40668255	52.59331745	0				-690.87606	0.508970734	NaN	
690.71606	88	5	7	1	0.508970734	93.6405045	5.263030799	1.096464696				2.770523752E-05	0	99.99997229	47.40668255	52.59331745	0				-690.71606	0.508970734	NaN	
690.55606	88	5	7	1	0.508970734	93.6405045	5.263030799	1.096464696				2.770523752E-05	0	99.99997229	47.40668255	52.59331745	0				-690.55606	0.508970734	NaN	
690.39606	88	5	7	1	0.508970734	93.6405045	5.263030799	1.096464696				2.770523752E-05	0	99.99997229	47.40668255	52.59331745	0				-690.39606	0.508970734	NaN	
690.23606	88	5	7	1	0.508970734	93.6405045	5.263030799	1.096464696				2.770523752E-05	0	99.99997229	47.40668255	52.59331745	0				-690.23606	0.508970734	NaN	
690.07606	88	5	7	1	0.508970734	93.6405045	5.263030799	1.096464696				2.770523752E-05	0	99.99997229	47.40668255	52.59331745	0				-690.07606	0.508970734	NaN	
689.91606	88	5	7	1	0.508970734	93.6405045	5.263030799	1.096464696				2.770523752E-05	0	99.99997229	47.40668255	52.59331745	0				-689.91606	0.508970734	NaN	
689.75606	88	5	7	1	0.508970734	93.6405045	5.263030799	1.096464696				2.770523752E-05	0	99.99997229	47.40668255	52.59331745	0				-689.75606	0.508970734	NaN	
689.59606	88	5	7	1	0.508970734	93.6405045	5.263030799	1.096464696				2.770523752E-05	0	99.99997229	47.40668255	52.59331745	0				-689.59606	0.508970734	NaN	
689.43606	88	5	7	1	0.508970734	93.6405045	5.263030799	1.096464696				2.770523752E-05	0	99.99997229	47.40668255	52.59331745	0				-689.43606	0.508970734	NaN	
689.27606	88	5	7	1	0.508970734	93.6405045	5.263030799	1.096464696				2.770523752E-05	0	99.99997229	47.40668255	52.59331745	0				-689.27606	0.508970734	NaN	
689.11606	88	5	7	1	0.508970734	93.6405045	5.263030799	1.096464696				2.770523752E-05	0	99.99997229	47.40668255	52.59331745	0				-689.11606	0.508970734	NaN	
688.95606	88	5	7	1	0.508970734	93.6405045	5.263030799	1.096464696				2.770523752E-05	0	99.99997229	47.40668255	52.59331745	0				-688.95606	0.508970734	NaN	
688.79606	88	5	7	1	0.508970734	93.6405045	5.263030799	1.096464696				2.770523752E-05	0	99.99997229	47.40668255	52.59331745	0				-688.79606	0.508970734	NaN	
688.63606	88	5	7	1	0.508970734	93.6405045	5.263030799	1.096464696				2.770523752E-05	0	99.99997229	47.40668255	52.59331745	0				-688.63606	0.508970734	NaN	
688.47606	88	5	7	1	0.508970734	93.6405045	5.263030799	1.096464696				2.770523752E-05	0	99.99997229	47.40668255	52.59331745	0				-688.47606	0.508970734	NaN	
688.31606	88	5	7	1	0.508970734	93.6405045	5.263030799	1.096464696				2.770523752E-05	0	99.99997229	47.40668255	52.59331745	0				-688.31606	0.508970734	NaN	
688.15606	88	5	7	1	0.508970734	93.6405045	5.263030799	1.096464696				2.770523752E-05	0	99.99997229	47.40668255	52.59331745	0				-688.15606	0.508970734	NaN	
687.99606	88	5	7	1	0.508970734	93.6405045	5.263030799	1.096464696				2.770523752E-05	0	99.99997229	47.40668255	52.59331745	0				-687.99606	0.508970734	NaN	
687.83606	88	5	7	1	0.508970734	93.6405045	5.263030799	1.096464696				2.770523752E-05	0	99.99997229	47.40668255	52.59331745	0				-687.83606	0.508970734	NaN	
687.67606	88	5	7	1	0.508970734	93.6405045	5.263030799	1.096464696				2.770523752E-05	0	99.99997229	47.40668255	52.59331745	0				-687.67606	0.508970734	NaN	
687.51606	88	5	7	1	0.508970734	93.6405045	5.263030799	1.096464696				2.770523752E-05	0	99.99997229	47.40668255	52.59331745	0				-687.51606	0.508970734	NaN	
687.35606	88	5	7	1	0.508970734	93.6405045	5.263030799	1.096464696				2.770523752E-05	0	99.99997229	47.40668255	52.59331745	0				-687.35606	0.508970734	NaN	
687.19606	88	5	7	1	0.508970734	93.6405045	5.263030799	1.096464696				2.770523752E-05	0	99.99997229	47.40668255	52.59331745	0				-687.19606	0.508970734	NaN	
687.03606	88	5	7	1	0.508970734	93.6405045	5.263030799	1.096464696				2.770523752E-05	0	99.99997229	47.40668255	52.59331745	0				-687.03606	0.508970734	NaN	
686.87606	88	5	7	1	0.508970734	93.6405045	5.263030799	1.096464696				2.770523752E-05	0	99.99997229	47.40668255	52.59331745	0				-686.87606	0.508970734	NaN	
686.71606	88	5	7	1	0.508970734	93.6405045	5.263030799	1.096464696				2.770523752E-05	0	99.99997229	47.40668255	52.59331745	0				-686.71606	0.508970734	NaN	
686.55606	88	5	7	1	0.508970734	93.6405045	5.263030799	1.096464696				2.770523752E-05	0	99.99997229	47.40668255	52.59331745	0				-686.55606	0.508970734	NaN	
686.39606	88	5	7	1	0.508970734	93.6405045	5.263030799	1.096464696				2.770523752E-05	0	99.99997229	47.40668255	52.59331745	0				-686.39606	0.508970734	NaN	
686.23606	88	5	7	1	0.508970734	93.6405045	5.263030799	1.096464696				2.770523752E-05	0	99.99997229	47.40668255	52.59331745	0				-686.23606	0.508970734	NaN	
686.07606	88	5	7	1	0.508970734	93.6405045	5.263030799	1.096464696				2.770523752E-05	0	99.99997229	47.40668255	52.59331745	0				-686.07606	0.508970734	NaN	
685.91606	88	5	7	1	0.508970734	93.6405045	5.263030799	1.096464696				2.770523752E-05	0	99.99997229	47.40668255	52.59331745	0				-685.91606	0.508970734	NaN	
685.75606	88	5	7	1	0.508970734	93.6405045	5.263030799	1.096464696				2.770523752E-05	0	99.99997229	47.40668255	52.59331745	0				-685.75606	0.508970734	NaN	
685.59606	88	5	7	1	0.508970734	93.6405045	5.263030799	1.096464696				2.770523752E-05	0	99.99997229	47.40668255	52.59331745	0				-685.59606	0.508970734	NaN	
685.43606	88	5	7	1	0.508970734	93.6405045	5.263030799	1.096464696				2.770523752E-05	0	99.99997229	47.40668255	52.59331745	0				-685.43606	0.508970734	NaN	
685.27606	88	5	7	1	0.508970734	93.6405045	5.263030799	1.096464696				2.770523752E-05	0	99.99997229	47.40668255	52.59331745	0				-685.27606	0.508970734	NaN	
685.11606	88	5	7	1	0.508970734	93.6405045	5.263030799	1.096464696				2.770523752E-05	0	99.99997229	47.40668255	52.59331745	0				-685.11606	0.508970734	NaN	
684.95606	88	5	7	1	0.508970734	93.6405045	5.263030799	1.096464696				2.770523752E-05	0	99.99997229	47.40668255	52.59331745	0				-684.95606	0.508970734	NaN	
684.79606	88	5	7	1	0.508970734	93.6405045	5.263030799	1.096464696				2.770523752E-05	0	99.99997229	47.40668255	52.59331745	0				-684.79606	0.508970734	NaN	
684.63606	88	5	7	1	0.508970734	93.6405045	5.263030799	1.096464696				2.770523752E-05	0	99.99997229	47.40668255	52.59331745	0				-684.63606	0.508970734	NaN	
684.47606	88	5	7	1	0.508970734	93.6405045	5.263030799	1.096464696				2.770523752E-05	0	99.99997229	47.40668255	52.59331745	0				-684.47606	0.508970734	NaN	
684.31606	88	5	7	1	0.508970734	93.6405045	5.263030799	1.096464696				2.770523752E-05	0	99.99997229	47.40668255	52.59331745	0				-684.31606	0.508970734	NaN	
684.15606	88	5	7	1	0.508970734	93.6405045	5.263030799	1.096464696				2.770523752E-05	0	99.99997229	47.40668255	52.59331745	0				-684.15606	0.508970734	NaN	
683.99606	88	5	7	1	0.508970734	93.6405045	5.263030799	1.096464696				2.770523752E-05	0	99.99997229	47.40668255	52.59331745	0				-683.99606	0.508970734	NaN	
683.83606	88	5	7	1	0.508970734	93.6405045	5.263030799	1.096464696				2.770523752E-05	0	99.99997229	47.40668255	52.59331745	0				-683.83606	0.508970734	NaN	
683.67606	88	5	7	1	0.508970734	93.6405045	5.263030799	1.096464696				2.770523752E-05	0	99.99997229	47.40668255	52.59331745	0				-683.67606	0.508970734	NaN	
683.51606	88	5	7	1	0.508970734	93.6405045	5.263030799	1.096464696				2.770523752E-05	0	99.99997229	47.40668255	52.59331745	0				-683.51606	0.508970734	NaN	
683.35606	88	5	7	1	0.508970734	93.6405045	5.263030799	1.096464696				2.770523752E-05	0	99.99997229	47.40668255	52.59331745	0				-683.35606	0.508970734	NaN	
683.19606	88	5	7	1	0.508970734	93.6405045	5.263030799	1.096464696				2.770523752E-05	0	99.99997229	47.40668255	52.59331745	0				-683.19606	0.508970734	NaN	
683.03606	88	5	7	1	0.508970734	93.6405045	5.263030799	1.096464696				2.770523752E-05	0	99.99997229	47.40668255	52.59331745	0				-683.03606	0.508970734	NaN	
682.87606	88	5	7	1	0.508970734	93.6405045	5.263030799	1.096464696				2.770523752E-05	0	99.99997229	47.40668255	52.59331745	0				-682.87606	0.508970734	NaN	
682.71606	88	5	7	1	0.508970734	93.6405045	5.263030799	1.096464696				2.770523752E-05	0	99.99997229	47.40668255	52.59331745	0				-682.71606	0.508970734	NaN	
682.55606	88	5	7	1	0.508970734	93.6405045	5.263030799	1.096464696				2.770523752E-05	0	99.99997229	47.40668255	52.59331745	0				-682.55606	0.508970734	NaN	
682.39606	88	5	7	1	0.508970734	93.6405045	5.263030799	1.096464696				2.770523752E-05	0	99.99997229	47.40668255	52.59331745	0				-682.39606	0.508970734	NaN	
682.23606	88	5	7	1	0.508970734	93.6405045	5.263030799	1.096464696				2.770523752E-05	0	99.99997229	47.40668255	52.59331745	0				-682.23606	0.508970734	NaN	
682.07606	88	5	7	1	0.508970734	93.6405045	5.263030799	1.096464696				2.770523752E-05	0	99.99997229	47.40668255	52.59331745	0				-682.07606	0.508970734	NaN	
681.91606	88	5	7	1	0.508970734	93.6405045	5.263030799	1.096464696				2.770523752E-05	0	99.99997229	47.40668255	52.59331745	0				-681.91606	0.508970734	NaN	
681.75606	88	5	7	1	0.508970734	93.6405045	5.263030799	1.096464696				2.770523752E-05	0	99.99997229	47.40668255	52.59331745	0				-681.75606	0.508970734	NaN	
681.59606	88	5	7	1	0.508970734	93.6405045	5.263030799	1.096464696				2.770523752E-05	0	99.99997229	47.40668255	52.59331745	0				-681.59606	0.508970734	NaN	
681.43606	88	5	7	1	0.508970734	93.6405045	5.263030799	1.096464696				2.770523752E-05	0	99.99997229	47.40668255	52.59331745	0				-681.43606	0.508970734	NaN	
681.27606	88	5	7	1	0.508970734	93.6405045	5.263030799	1.096464696				2.770523752E-05	0	99.99997229	47.40668255	52.59331745	0				-681.27606	0.508970734	NaN	
681.11606	88	5	7	1	0.508970734	93.6405045	5.263030799	1.096464696				2.770523752E-05	0	99.99997229	47.40668255	52.59331745	0				-681.11606	0.508970734	NaN	
680.95606	88	5	7	1	0.508970734	93.6405045	5.263030799	1.096464696				2.770523752E-05	0	99.99997229	47.40668255	52.59331745	0				-680.95606	0.508970734	NaN	
680.79606	88	5	7	1	0.508970734	93.6405045	5.263030799	1.096464696				2.770523752E-05	0	99.99997229	47.40668255	52.59331745	0				-680.79606	0.508970734	NaN	
680.63606	88	5	7	1	0.508970734	93.6405045	5.263030799	1.096464696				2.770523752E-05	0	99.99997229	47.40668255	52.59331745	0				-680.63606	0.508970734	NaN	
680.47606	88	5	7	1	0.508970734	93.6405045	5.263030799	1.096464696				2.770523752E-05	0	99.99997229	47.40668255	52.59331745	0				-680.47606	0.508970734	NaN	
680.31606	88	5	7	1	0.508970734	93.6405045	5.263030799	1.096464696				2.770523752E-05	0	99.99997229	47.40668255	52.59331745	0				-680.31606	0.508970734	NaN	
680.15606	88	5	7	1	0.508970734	93.6405045	5.263030799	1.096464696				2.770523752E-05	0	99.99997229	47.40668255	52.59331745	0				-680.15606	0.508970734	NaN	
679.99606	88	5	7	1	0.508970734	93.6405045	5.263030799	1.096464696				2.770523752E-05	0	99.99997229	47.40668255	52.59331745	0				-679.99606	0.508970734	NaN	
679.83606	88	5	7	1	0.508970734	93.6405045	5.263030799	1.096464696				2.770523752E-05	0	99.99997229	47.40668255	52.59331745	0				-679.83606	0.508970734	NaN	
679.67606	88	5	7	1	0.508970734	93.6405045	5.263030799	1.096464696				2.770523752E-05	0	99.99997229	47.40668255	52.59331745	0				-679.67606	0.508970734	NaN	
679.51606	88	5	7	1	0.508970734	93.6405045	5.263030799	1.096464696				2.770523752E-05	0	99.99997229	47.40668255	52.59331745	0				-679.51606	0.508970734	NaN	
679.35606	88	5	7	1	0.508970734	93.6405045	5.263030799	1.096464696				2.770523752E-05	0	99.99997229	47.40668255	52.59331745	0				-679.35606	0.508970734	NaN	
679.19606	88	5	7	1	0.508970734	93.6405045	5.263030799	1.096464696				2.770523752E-05	0	99.99997229	47.40668255	52.59331745	0				-679.19606	0.508970734	NaN	
679.03606	88	5	7	1	0.508970734	93.6405045	5.263030799	1.096464696				2.770523752E-05	0	99.99997229	47.40668255	52.59331745	0				-679.03606	0.508970734	NaN	
678.87606	88	5	7	1	0.508970734	93.6405045	5.263030799	1.096464696				2.770523752E-05	0	99.99997229	47.40668255	52.59331745	0				-678.87606	0.508970734	NaN	
678.71606	88	5	7	1	0.508970734	93.6405045	5.263030799	1.096464696				2.770523752E-05	0	99.99997229	47.40668255	52.59331745	0				-678.71606	0.508970734	NaN	
678.55606	88	5	7	1	0.508970734	93.6405045	5.263030799	1.096464696				2.770523752E-05	0	99.99997229	47.40668255	52.59331745	0				-678.55606	0.508970734	NaN	
678.39606	88	5	7	1	0.508970734	93.6405045	5.263030799	1.096464696				2.770523752E-05	0	99.99997229	47.40668255	52.59331745	0				-678.39606	0.508970734	NaN	
678.23606	88	5	7	1	0.508970734	93.6405045	5.263030799	1.096464696				2.770523752E-05	0	99.99997229	47.40668255	52.59331745	0				-678.23606	0.508970734	NaN	
678.07606	88	5	7	1	0.508970734	93.6405045	5.263030799	1.096464696				2.770523752E-05	0	99.99997229	47.40668255	52.59331745	0				-678.07606	0.508970734	NaN	
677.91606	88	5	7	1	0.508970734	93.6405045	5.263030799	1.096464696				2.770523752E-05	0	99.99997229	47.40668255	52.59331745	0				-677.91606	0.508970734	NaN	
677.75606	88	5	7	1	0.508970734	93.6405045	5.263030799	1.096464696				2.770523752E-05	0	99.99997229	47.40668255	52.59331745	0				-677.75606	0.508970734	NaN	
677.59606	88	5	7	1	0.508970734	93.6405045	5.263030799	1.096464696				2.770523752E-05	0	99.99997229	47.40668255	52.59331745	0				-677.59606	0.508970734	NaN	
677.43606	88	5	7	1	0.508970734	93.6405045	5.263030799	1.096464696				2.770523752E-05	0	99.99997229	47.40668255	52.59331745	0				-677.43606	0.508970734	NaN	
677.27606	88	5	7	1	0.508970734	93.6405045	5.263030799	1.096464696				2.770523752E-05	0	99.99997229	47.40668255	52.59331745	0				-677.27606	0.508970734	NaN	
677.11606	88	5	7	1	0.508970734	93.6405045	5.263030799	1.096464696				2.770523752E-05	0	99.99997229	47.40668255	52.59331745	0				-677.11606	0.508970734	NaN	
676.95606	88	5	7	1	0.508970734	93.6405045	5.263030799	1.096464696				2.770523752E-05	0	99.99997229	47.40668255	52.59331745	0				-676.95606	0.508970734	NaN	
676.79606	88	5	7	1	0.508970734	93.6405045	5.263030799	1.096464696				2.770523752E-05	0	99.99997229	47.40668255	52.59331745	0				-676.79606	0.508970734	NaN	
676.63606	88	5	7	1	0.508970734	93.6405045	5.263030799	1.096464696				2.770523752E-05	0	99.99997229	47.40668255	52.59331745	0				-676.63606	0.508970734	NaN	
676.47606	88	5	7	1	0.508970734	93.6405045	5.263030799	1.096464696				2.770523752E-05	0	99.99997229	47.40668255	52.59331745	0				-676.47606	0.508970734	NaN	
676.31606	88	5	7	1	0.508970734	93.6405045	5.263030799	1.096464696				2.770523752E-05	0	99.99997229	47.40668255	52.59331745	0				-676.31606	0.508970734	NaN	
676.15606	88	5	7	1	0.508970734	93.6405045	5.263030799	1.096464696				2.770523752E-05	0	99.99997229	47.40668255	52.59331745	0				-676.15606	0.508970734	NaN	
675.99606	88	5	7	1	0.508970734	93.6405045	5.263030799	1.096464696				2.770523752E-05	0	99.99997229	47.40668255	52.59331745	0				-675.99606	0.508970734	NaN	
675.83606	88	5	7	1	0.508970734	93.6405045	5.263030799	1.096464696				2.770523752E-05	0	99.99997229	47.40668255	52.59331745	0				-675.83606	0.508970734	NaN	
675.67606	88	5	7	1	0.508970734	93.6405045	5.263030799	1.096464696				2.770523752E-05	0	99.99997229	47.40668255	52.59331745	0				-675.67606	0.508970734	NaN	
675.51606	88	5	7	1	0.508970734	93.6405045	5.263030799	1.096464696				2.770523752E-05	0	99.99997229	47.40668255	52.59331745	0				-675.51606	0.508970734	NaN	
675.35606	88	5	7	1	0.508970734	93.6405045	5.263030799	1.096464696				2.770523752E-05	0	99.99997229	47.40668255	52.59331745	0				-675.35606	0.508970734	NaN	
675.19606	88	5	7	1	0.508970734	93.6405045	5.263030799	1.096464696				2.770523752E-05	0	99.99997229	47.40668255	52.59331745	0				-675.19606	0.508970734	NaN	
675.03606	88	5	7	1	0.508970734	93.6405045	5.263030799	1.096464696				2.770523752E-05	0	99.99997229	47.40668255	52.59331745	0				-675.03606	0.508970734	NaN	
674.87606	88	5	7	1	0.508970734	93.6405045	5.263030799	1.096464696				2.770523752E-05	0	99.99997229	47.40668255	52.59331745	0				-674.87606	0.508970734	NaN	
674.71606	88	5	7	1	0.508970734	93.6405045	5.263030799	1.096464696				2.770523752E-05	0	99.99997229	47.40668255	52.59331745	0				-674.71606	0.508970734	NaN	
674.55606	88	5	7	1	0.508970734	93.6405045	5.263030799	1.096464696				2.770523752E-05	0	99.99997229	47.40668255	52.59331745	0				-674.55606	0.508970734	NaN	
674.39606	88	5	7	1	0.508970734	93.6405045	5.263030799	1.096464696				2.770523752E-05	0	99.99997229	47.40668255	52.59331745	0				-674.39606	0.508970734	NaN	
674.23606	88	5	7	1	0.508970734	93.6405045	5.263030799	1.096464696				2.770523752E-05	0	99.99997229	47.40668255	52.59331745	0				-674.23606	0.508970734	NaN	
674.07606	88	5	7	1	0.508970734	93.6405045	5.263030799	1.096464696				2.770523752E-05	0	99.99997229	47.40668255	52.59331745	0				-674.07606	0.508970734	NaN	
673.91606	88	5	7	1	0.508970734	93.6405045	5.263030799	1.096464696				2.770523752E-05	0	99.99997229	47.40668255	52.59331745	0				-673.91606	0.508970734	NaN	
673.75606	88	5	7	1	0.508970734	93.6405045	5.263030799	1.096464696				2.770523752E-05	0	99.99997229	47.40668255	52.59331745	0				-673.75606	0.508970734	NaN	
673.59606	88	5	7	1	0.508970734	93.6405045	5.263030799	1.096464696				2.770523752E-05	0	99.99997229	47.40668255	52.59331745	0				-673.59606	0.508970734	NaN	
673.43606	88	5	7	1	0.508970734	93.6405045	5.263030799	1.096464696				2.770523752E-05	0	99.99997229	47.40668255	52.59331745	0				-673.43606	0.508970734	NaN	
673.27606	88	5	7	1	0.508970734	93.6405045	5.263030799	1.096464696				2.770523752E-05	0	99.99997229	47.40668255	52.59331745	0				-673.27606	0.508970734	NaN	
673.11606	88	5	7	1	0.508970734	93.6405045	5.263030799	1.096464696				2.770523752E-05	0	99.99997229	47.40668255	52.59331745	0				-673.11606	0.508970734	NaN	
672.95606	88	5	7	1	0.508970734	93.6405045	5.263030799	1.096464696				2.770523752E-05	0	99.99997229	47.40668255	52.59331745	0				-672.95606	0.508970734	NaN	
672.79606	88	5	7	1	0.508970734	93.6405045	5.263030799	1.096464696				2.770523752E-05	0	99.99997229	47.40668255	52.59331745	0				-672.79606	0.508970734	NaN	
672.63606	88	5	7	1	0.508970734	93.6405045	5.263030799	1.096464696				2.770523752E-05	0	99.99997229	47.40668255	52.59331745	0				-672.63606	0.508970734	NaN	
672.47606	88	5	7	1	0.508970734	93.6405045	5.263030799	1.096464696				2.770523752E-05	0	99.99997229	47.40668255	52.59331745	0				-672.47606	0.508970734	NaN	
672.31606	88	5	7	1	0.508970734	93.6405045	5.263030799	1.096464696				2.770523752E-05	0	99.99997229	47.40668255	52.59331745	0				-672.31606	0.508970734	NaN	
672.15606	88	5	7	1	0.508970734	93.6405045	5.263030799	1.096464696				2.770523752E-05	0	99.99997229	47.40668255	52.59331745	0				-672.15606	0.508970734	NaN	
671.99606	88	5	7	1	0.508970734	93.6405045	5.263030799	1.096464696				2.770523752E-05	0	99.99997229	47.40668255	52.59331745	0				-671.99606	0.508970734	NaN	
671.83606	88	5	7	1	0.508970734	93.6405045	5.263030799	1.096464696				2.770523752E-05	0	99.99997229	47.40668255	52.59331745	0				-671.83606	0.508970734	NaN	
671.67606	88	5	7	1	0.508970734	93.6405045	5.263030799	1.096464696				2.770523752E-05	0	99.99997229	47.40668255	52.59331745	0				-671.67606	0.508970734	NaN	
671.51606	88	5	7	1	0.508970734	93.6405045	5.263030799	1.096464696				2.770523752E-05	0	99.99997229	47.40668255	52.59331745	0				-671.51606	0.508970734	NaN	
671.35606	88	5	7	1	0.508970734	93.6405045	5.263030799	1.096464696				2.770523752E-05	0	99.99997229	47.40668255	52.59331745	0				-671.35606	0.508970734	NaN	
671.19606	88	5	7	1	0.508970734	93.6405045	5.263030799	1.096464696				2.770523752E-05	0	99.99997229	47.40668255	52.59331745	0				-671.19606	0.508970734	NaN	
671.03606	88	5	7	1	0.508970734	93.6405045	5.263030799	1.096464696				2.770523752E-05	0	99.99997229	47.40668255	52.59331745	0				-671.03606	0.508970734	NaN	
670.87606	88	5	7	1	0.508970734	93.6405045	5.263030799	1.096464696				2.770523752E-05	0	99.99997229	47.40668255	52.59331745	0				-670.87606	0.508970734	NaN	
670.71606	88	5	7	1	0.508970734	93.6405045	5.263030799	1.096464696				2.770523752E-05	0	99.99997229	47.40668255	52.59331745	0				-670.71606	0.508970734	NaN	
670.55606	88	5	7	1	0.508970734	93.6405045	5.263030799	1.096464696				2.770523752E-05	0	99.99997229	47.40668255	52.59331745	0				-670.55606	0.508970734	NaN	
670.39606	88	5	7	1	0.508970734	93.6405045	5.263030799	1.096464696				2.770523752E-05	0	99.99997229	47.40668255	52.59331745	0				-670.39606	0.508970734	NaN	
670.23606	88	5	7	1	0.508970734	93.6405045	5.263030799	1.096464696				2.770523752E-05	0	99.99997229	47.40668255	52.59331745	0				-670.23606	0.508970734	NaN	
670.07606	88	5	7	1	0.508970734	93.6405045	5.263030799	1.096464696				2.770523752E-05	0	99.99997229	47.40668255	52.59331745	0				-670.07606	0.508970734	NaN	
669.91606	88	5	7	1	0.508970734	93.6405045	5.263030799	1.096464696				2.770523752E-05	0	99.99997229	47.40668255	52.59331745	0				-669.91606	0.508970734	NaN	
669.75606	88	5	7	1	0.508970734	93.6405045	5.263030799	1.096464696				2.770523752E-05	0	99.99997229	47.40668255	52.59331745	0				-669.75606	0.508970734	NaN	
669.59606	88	5	7	1	0.508970734	93.6405045	5.263030799	1.096464696				2.770523752E-05	0	99.99997229	47.40668255	52.59331745	0				-669.59606	0.508970734	NaN	
669.43606	88	5	7	1	0.508970734	93.6405045	5.263030799	1.096464696				2.770523752E-05	0	99.99997229	47.40668255	52.59331745	0				-669.43606	0.508970734	NaN	
669.27606	88	5	7	1	0.508970734	93.6405045	5.263030799	1.096464696				2.770523752E-05	0	99.99997229	47.40668255	52.59331745	0				-669.27606	0.508970734	NaN	
669.11606	88	5	7	1	0.508970734	93.6405045	5.263030799	1.096464696				2.770523752E-05	0	99.99997229	47.40668255	52.59331745	0				-669.11606	0.508970734	NaN	
668.95606	88	5	7	1	0.508970734	93.6405045	5.263030799	1.096464696				2.770523752E-05	0	99.99997229	47.40668255	52.59331745	0				-668.95606	0.508970734	NaN	
668.79606	88	5	7	1	0.508970734	93.6405045	5.263030799	1.096464696				2.770523752E-05	0	99.99997229	47.40668255	52.59331745	0				-668.79606	0.508970734	NaN	
668.63606	88	5	7	1	0.508970734	93.6405045	5.263030799	1.096464696				2.770523752E-05	0	99.99997229	47.40668255	52.59331745	0				-668.63606	0.508970734	NaN	
668.47606	88	5	7	1	0.508970734	93.6405045	5.263030799	1.096464696				2.770523752E-05	0	99.99997229	47.40668255	52.59331745	0				-668.47606	0.508970734	NaN	
668.31606	88	5	7	1	0.508970734	93.6405045	5.263030799	1.096464696				2.770523752E-05	0	99.99997229	47.40668255	52.59331745	0				-668.31606	0.508970734	NaN	
668.15606	88	5	7	1	0.508970734	93.6405045	5.263030799	1.096464696				2.770523752E-05	0	99.99997229	47.40668255	52.59331745	0				-668.15606	0.508970734	NaN	
667.99606	88	5	7	1	0.508970734	93.6405045	5.263030799	1.096464696				2.770523752E-05	0	99.99997229	47.40668255	52.59331745	0				-667.99606	0.508970734	NaN	
667.83606	88	5	7	1	0.508970734	93.6405045	5.263030799	1.096464696				2.770523752E-05	0	99.99997229	47.40668255	52.59331745	0				-667.83606	0.508970734	NaN	
667.67606	88	5	7	1	0.508970734	93.6405045	5.263030799	1.096464696				2.770523752E-05	0	99.99997229	47.40668255	52.59331745	0				-667.67606	0.508970734	NaN	
667.51606	88	5	7	1	0.508970734	93.6405045	5.263030799	1.096464696				2.770523752E-05	0	99.99997229	47.40668255	52.59331745	0				-667.51606	0.508970734	NaN	
667.35606	88	5	7	1	0.508970734	93.6405045	5.263030799	1.096464696				2.770523752E-05	0	99.99997229	47.40668255	52.59331745	0				-667.35606	0.508970734	NaN	
667.19606	88	5	7	1	0.508970734	93.6405045	5.263030799	1.096464696				2.770523752E-05	0	99.99997229	47.40668255	52.59331745	0				-667.19606	0.508970734	NaN	
667.03606	88	5	7	1	0.508970734	93.6405045	5.263030799	1.096464696				2.770523752E-05	0	99.99997229	47.40668255	52.59331745	0				-667.03606	0.508970734	NaN	
666.87606	88	5	7	1	0.508970734	93.6405045	5.263030799	1.096464696				2.770523752E-05	0	99.99997229	47.40668255	52.59331745	0				-666.87606	0.508970734	NaN	
666.71606	88	5	7	1	0.508970734	93.6405045	5.263030799	1.096464696				2.770523752E-05	0	99.99997229	47.40668255	52.59331745	0				-666.71606	0.508970734	NaN	
666.55606	88	5	7	1	0.508970734	93.6405045	5.263030799	1.096464696				2.770523752E-05	0	99.99997229	47.40668255	52.59331745	0				-666.55606	0.508970734	NaN	
666.39606	88	5	7	1	0.508970734	93.6405045	5.263030799	1.096464696				2.770523752E-05	0	99.99997229	47.40668255	52.59331745	0				-666.39606	0.508970734	NaN	
666.23606	88	5	7	1	0.508970734	93.6405045	5.263030799	1.096464696				2.770523752E-05	0	99.99997229	47.40668255	52.59331745	0				-666.23606	0.508970734	NaN	
666.07606	88	5	7	1	0.508970734	93.6405045	5.263030799	1.096464696				2.770523752E-05	0	99.99997229	47.40668255	52.59331745	0				-666.07606	0.508970734	NaN	
665.91606	88	5	7	1	0.508970734	93.6405045	5.263030799	1.096464696				2.770523752E-05	0	99.99997229	47.40668255	52.59331745	0				-665.91606	0.508970734	NaN	
665.75606	88	5	7	1	0.508970734	93.6405045	5.263030799	1.096464696				2.770523752E-05	0	99.99997229	47.40668255	52.59331745	0				-665.75606	0.508970734	NaN	
665.59606	88	5	7	1	0.508970734	93.6405045	5.263030799	1.096464696				2.770523752E-05	0	99.99997229	47.40668255	52.59331745	0				-665.59606	0.508970734	NaN	
665.43606	88	5	7	1	0.508970734	93.6405045	5.263030799	1.096464696				2.770523752E-05	0	99.99997229	47.40668255	52.59331745	0				-665.43606	0.508970734	NaN	
665.27606	88	5	7	1	0.508970734	93.6405045	5.263030799	1.096464696				2.770523752E-05	0	99.99997229	47.40668255	52.59331745	0				-665.27606	0.508970734	NaN	
665.11606	88	5	7	1	0.508970734	93.6405045	5.263030799	1.096464696				2.770523752E-05	0	99.99997229	47.40668255	52.59331745	0				-665.11606	0.508970734	NaN	
664.95606	88	5	7	1	0.508970734	93.6405045	5.263030799	1.096464696				2.770523752E-05	0	99.99997229	47.40668255	52.59331745	0				-664.95606	0.508970734	NaN	
664.79606	88	5	7	1	0.508970734	93.6405045	5.263030799	1.096464696				2.770523752E-05	0	99.99997229	47.40668255	52.59331745	0				-664.79606	0.508970734	NaN	
664.63606	88	5	7	1	0.508970734	93.6405045	5.263030799	1.096464696				2.770523752E-05	0	99.99997229	47.40668255	52.59331745	0				-664.63606	0.508970734	NaN	
664.47606	88	5	7	1	0.508970734	93.6405045	5.263030799	1.096464696				2.770523752E-05	0	99.99997229	47.40668255	52.59331745	0				-664.47606	0.508970734	NaN	
664.31606	88	5	7	1	0.508970734	93.6405045	5.263030799	1.096464696				2.770523752E-05	0	99.99997229	47.40668255	52.59331745	0				-664.31606	0.508970734	NaN	
664.15606	88	5	7	1	0.508970734	93.6405045	5.263030799	1.096464696				2.770523752E-05	0	99.99997229	47.40668255	52.59331745	0				-664.15606	0.508970734	NaN	
663.99606	88	5	7	1	0.508970734	93.6405045	5.263030799	1.096464696				2.770523752E-05	0	99.99997229	47.40668255	52.59331745	0				-663.99606	0.508970734	NaN	
663.83606	88	5	7	1	0.508970734	93.6405045	5.263030799	1.096464696				2.770523752E-05	0	99.99997229	47.40668255	52.59331745	0				-663.83606	0.508970734	NaN	
663.67606	88	5	7	1	0.508970734	93.6405045	5.263030799	1.096464696				2.770523752E-05	0	99.99997229	47.40668255	52.59331745	0				-663.67606	0.508970734	NaN	
663.51606	88	5	7	1	0.508970734	93.6405045	5.263030799	1.096464696				2.770523752E-05	0	99.99997229	47.40668255	52.59331745	0				-663.51606	0.508970734	NaN	
663.35606	88	5	7	1	0.508970734	93.6405045	5.263030799	1.096464696				2.770523752E-05	0	99.99997229	47.40668255	52.59331745	0				-663.35606	0.508970734	NaN	
663.19606	88	5	7	1	0.508970734	93.6405045	5.263030799	1.096464696				2.770523752E-05	0	99.99997229	47.40668255	52.59331745	0				-663.19606	0.508970734	NaN	
663.03606	88	5	7	1	0.508970734	93.6405045	5.263030799	1.096464696				2.770523752E-05	0	99.99997229	47.40668255	52.59331745	0				-663.03606	0.508970734	NaN	
662.87606	88	5	7	1	0.508970734	93.6405045	5.263030799	1.096464696				2.770523752E-05	0	99.99997229	47.40668255	52.59331745	0				-662.87606	0.508970734	NaN	
662.71606	88	5	7	1	0.508970734	93.6405045	5.263030799	1.096464696				2.770523752E-05	0	99.99997229	47.40668255	52.59331745	0				-662.71606	0.508970734	NaN	
662.55606	88	5	7	1	0.508970734	93.6405045	5.263030799	1.096464696				2.770523752E-05	0	99.99997229	47.40668255	52.59331745	0				-662.55606	0.508970734	NaN	
662.39606	88	5	7	1	0.508970734	93.6405045	5.263030799	1.096464696				2.770523752E-05	0	99.99997229	47.40668255	52.59331745	0				-662.39606	0.508970734	NaN	
662.23606	88	5	7	1	0.508970734	93.6405045	5.263030799	1.096464696				2.770523752E-05	0	99.99997229	47.40668255	52.59331745	0				-662.23606	0.508970734	NaN	
662.07606	88	5	7	1	0.508970734	93.6405045	5.263030799	1.096464696				2.770523752E-05	0	99.99997229	47.40668255	52.59331745	0				-662.07606	0.508970734	NaN	
661.91606	88	5	7	1	0.508970734	93.6405045	5.263030799	1.096464696				2.770523752E-05	0	99.99997229	47.40668255	52.59331745	0				-661.91606	0.508970734	NaN	
661.75606	88	5	7	1	0.508970734	93.6405045	5.263030799	1.096464696				2.770523752E-05	0	99.99997229	47.40668255	52.59331745	0				-661.75606	0.508970734	NaN	
661.59606	88	5	7	1	0.508970734	93.6405045	5.263030799	1.096464696				2.770523752E-05	0	99.99997229	47.40668255	52.59331745	0				-661.59606	0.508970734	NaN	
661.43606	88	5	7	1	0.508970734	93.6405045	5.263030799	1.096464696				2.770523752E-05	0	99.99997229	47.40668255	52.59331745	0				-661.43606	0.508970734	NaN	
661.27606	88	5	7	1	0.508970734	93.6405045	5.263030799	1.096464696				2.770523752E-05	0	99.99997229	47.40668255	52.59331745	0				-661.27606	0.508970734	NaN	
661.11606	88	5	7	1	0.508970734	93.6405045	5.263030799	1.096464696				2.770523752E-05	0	99.99997229	47.40668255	52.59331745	0				-661.11606	0.508970734	NaN	
660.95606	88	5	7	1	0.508970734	93.6405045	5.263030799	1.096464696				2.770523752E-05	0	99.99997229	47.40668255	52.59331745	0				-660.95606	0.508970734	NaN	
660.79606	88	5	7	1	0.508970734	93.6405045	5.263030799	1.096464696				2.770523752E-05	0	99.99997229	47.40668255	52.59331745	0				-660.79606	0.508970734	NaN	
660.63606	88	5	7	1	0.508970734	93.6405045	5.263030799	1.096464696				2.770523752E-05	0	99.99997229	47.40668255	52.59331745	0				-660.63606	0.508970734	NaN	
660.47606	88	5	7	1	0.508970734	93.6405045	5.263030799	1.096464696				2.770523752E-05	0	99.99997229	47.40668255	52.59331745	0				-660.47606	0.508970734	NaN	
660.31606	88	5	7	1	0.508970734	93.6405045	5.263030799	1.096464696				2.770523752E-05	0	99.99997229	47.40668255	52.59331745	0				-660.31606	0.508970734	NaN	
660.15606	88	5	7	1	0.508970734	93.6405045	5.263030799	1.096464696				2.770523752E-05	0	99.99997229	47.40668255	52.59331745	0				-660.15606	0.508970734	NaN	
659.99606	88	5	7	1	0.508970734	93.6405045	5.263030799	1.096464696				2.770523752E-05	0	99.99997229	47.40668255	52.59331745	0				-659.99606	0.508970734	NaN	
659.83606	88	5	7	1	0.508970734	93.6405045	5.263030799	1.096464696				2.770523752E-05	0	99.99997229	47.40668255	52.59331745	0				-659.83606	0.508970734	NaN	
659.67606	88	5	7	1	0.508970734	93.6405045	5.263030799	1.096464696				2.770523752E-05	0	99.99997229	47.40668255	52.59331745	0				-659.67606	0.508970734	NaN	
659.51606	88	5	7	1	0.508970734	93.6405045	5.263030799	1.096464696				2.770523752E-05	0	99.99997229	47.40668255	52.59331745	0				-659.51606	0.508970734	NaN	
659.35606	88	5	7	1	0.508970734	93.6405045	5.263030799	1.096464696				2.770523752E-05	0	99.99997229	47.40668255	52.59331745	0				-659.35606	0.508970734	NaN	
659.19606	88	5	7	1	0.508970734	93.6405045	5.263030799	1.096464696				2.770523752E-05	0	99.99997229	47.40668255	52.59331745	0				-659.19606	0.508970734	NaN	
659.03606	88	5	7	1	0.508970734	93.6405045	5.263030799	1.096464696				2.770523752E-05	0	99.99997229	47.40668255	52.59331745	0				-659.03606	0.508970734	NaN	
658.87606	88	5	7	1	0.508970734	93.6405045	5.263030799	1.096464696				2.770523752E-05	0	99.99997229	47.40668255	52.59331745	0				-658.87606	0.508970734	NaN	
658.71606	88	5	7	1	0.508970734	93.6405045	5.263030799	1.096464696				2.770523752E-05	0	99.99997229	47.40668255	52.59331745	0				-658.71606	0.508970734	NaN	
658.55606	88	5	7	1	0.508970734	93.6405045	5.263030799	1.096464696				2.770523752E-05	0	99.99997229	47.40668255	52.59331745	0				-658.55606	0.508970734	NaN	
658.39606	88	5	7	1	0.508970734	93.6405045	5.263030799	1.096464696				2.770523752E-05	0	99.99997229	47.40668255	52.59331745	0				-658.39606	0.508970734	NaN	
658.23606	88	5	7	1	0.508970734	93.6405045	5.263030799	1.096464696				2.770523752E-05	0	99.99997229	47.40668255	52.59331745	0				-658.23606	0.508970734	NaN	
658.07606	88	5	7	1	0.508970734	93.6405045	5.263030799	1.096464696				2.770523752E-05	0	99.99997229	47.40668255	52.59331745	0				-658.07606	0.508970734	NaN	
657.91606	88	5	7	1	0.508970734	93.6405045	5.263030799	1.096464696				2.770523752E-05	0	99.99997229	47.40668255	52.59331745	0				-657.91606	0.508970734	NaN	
657.75606	88	5	7	1	0.508970734	93.6405045	5.263030799	1.096464696				2.770523752E-05	0	99.99997229	47.40668255	52.59331745	0				-657.75606	0.508970734	NaN	
657.59606	88	5	7	1	0.508970734	93.6405045	5.263030799	1.096464696				2.770523752E-05	0	99.99997229	47.40668255	52.59331745	0				-657.59606	0.508970734	NaN	
657.43606	88	5	7	1	0.508970734	93.6405045	5.263030799	1.096464696				2.770523752E-05	0	99.99997229	47.40668255	52.59331745	0				-657.43606	0.508970734	NaN	
657.27606	88	5	7	1	0.508970734	93.6405045	5.263030799	1.096464696				2.770523752E-05	0	99.99997229	47.40668255	52.59331745	0				-657.27606	0.508970734	NaN	
657.11606	88	5	7	1	0.508970734	93.6405045	5.263030799	1.096464696				2.770523752E-05	0	99.99997229	47.40668255	52.59331745	0				-657.11606	0.508970734	NaN	
656.95606	88	5	7	1	0.508970734	93.6405045	5.263030799	1.096464696				2.770523752E-05	0	99.99997229	47.40668255	52.59331745	0				-656.95606	0.508970734	NaN	
656.79606	88	5	7	1	0.508970734	93.6405045	5.263030799	1.096464696				2.770523752E-05	0	99.99997229	47.40668255	52.59331745	0				-656.79606	0.508970734	NaN	
656.63606	88	5	7	1	0.508970734	93.6405045	5.263030799	1.096464696				2.770523752E-05	0	99.99997229	47.40668255	52.59331745	0				-656.63606	0.508970734	NaN	
656.47606	88	5	7	1	0.508970734	93.6405045	5.263030799	1.096464696				2.770523752E-05	0	99.99997229	47.40668255	52.59331745	0				-656.47606	0.508970734	NaN	
656.31606	88	5	7	1	0.508970734	93.6405045	5.263030799	1.096464696				2.770523752E-05	0	99.99997229	47.40668255	52.59331745	0				-656.31606	0.508970734	NaN	
656.15606	88	5	7	1	0.508970734	93.6405045	5.263030799	1.096464696				2.770523752E-05	0	99.99997229	47.40668255	52.59331745	0				-656.15606	0.508970734	NaN	
655.99606	88	5	7	1	0.508970734	93.6405045	5.263030799	1.096464696				2.770523752E-05	0	99.99997229	47.40668255	52.59331745	0				-655.99606	0.508970734	NaN	
655.83606	88	5	7	1	0.508970734	93.6405045	5.263030799	1.096464696				2.770523752E-05	0	99.99997229	47.40668255	52.59331745	0				-655.83606	0.508970734	NaN	
655.67606	88	5	7	1	0.508970734	93.6405045	5.263030799	1.096464696				2.770523752E-05	0	99.99997229	47.40668255	52.59331745	0				-655.67606	0.508970734	NaN	
655.51606	88	5	7	1	0.508970734	93.6405045	5.263030799	1.096464696				2.770523752E-05	0	99.99997229	47.40668255	52.59331745	0				-655.51606	0.508970734	NaN	
655.35606	88	5	7	1	0.508970734	93.6405045	5.263030799	1.096464696				2.770523752E-05	0	99.99997229	47.40668255	52.59331745	0				-655.35606	0.508970734	NaN	
655.19606	88	5	7	1	0.508970734	93.6405045	5.263030799	1.096464696				2.770523752E-05	0	99.99997229	47.40668255	52.59331745	0				-655.19606	0.508970734	NaN	
655.03606	88	5	7	1	0.508970734	93.6405045	5.263030799	1.096464696				2.770523752E-05	0	99.99997229	47.40668255	52.59331745	0				-655.03606	0.508970734	NaN	
654.87606	88	5	7	1	0.508970734	93.6405045	5.263030799	1.096464696				2.770523752E-05	0	99.99997229	47.40668255	52.59331745	0				-654.87606	0.508970734	NaN	
654.71606	88	5	7	1	0.508970734	93.6405045	5.263030799	1.096464696				2.770523752E-05	0	99.99997229	47.40668255	52.59331745	0				-654.71606	0.508970734	NaN	
654.55606	88	5	7	1	0.508970734	93.6405045	5.263030799	1.096464696				2.770523752E-05	0	99.99997229	47.40668255	52.59331745	0				-654.55606	0.508970734	NaN	
654.39606	88	5	7	1	0.508970734	93.6405045	5.263030799	1.096464696				2.770523752E-05	0	99.99997229	47.40668255	52.59331745	0				-654.39606	0.508970734	NaN	
654.23606	88	5	7	1	0.508970734	93.6405045	5.263030799	1.096464696				2.770523752E-05	0	99.99997229	47.40668255	52.59331745	0				-654.23606	0.508970734	NaN	
654.07606	88	5	7	1	0.508970734	93.6405045	5.263030799	1.096464696				2.770523752E-05	0	99.99997229	47.40668255	52.59331745	0				-654.07606	0.508970734	NaN	
653.91606	88	5	7	1	0.508970734	93.6405045	5.263030799	1.096464696				2.770523752E-05	0	99.99997229	47.40668255	52.59331745	0				-653.91606	0.508970734	NaN	
653.75606	88	5	7	1	0.508970734	93.6405045	5.263030799	1.096464696				2.770523752E-05	0	99.99997229	47.40668255	52.59331745	0				-653.75606	0.508970734	NaN	
653.59606	88	5	7	1	0.508970734	93.6405045	5.263030799	1.096464696				2.770523752E-05	0	99.99997229	47.40668255	52.59331745	0				-653.59606	0.508970734	NaN	
653.43606	88	5	7	1	0.508970734	93.6405045	5.263030799	1.096464696				2.770523752E-05	0	99.99997229	47.40668255	52.59331745	0				-653.43606	0.508970734	NaN	
653.27606	88	5	7	1	0.508970734	93.6405045	5.263030799	1.096464696				2.770523752E-05	0	99.99997229	47.40668255	52.59331745	0				-653.27606	0.508970734	NaN	
653.11606	88	5	7	1	0.508970734	93.6405045	5.263030799	1.096464696				2.770523752E-05	0	99.99997229	47.40668255	52.59331745	0				-653.11606	0.508970734	NaN	
652.95606	88	5	7	1	0.508970734	93.6405045	5.263030799	1.096464696				2.770523752E-05	0	99.99997229	47.40668255	52.59331745	0				-652.95606	0.508970734	NaN	
652.79606	88	5	7	1	0.508970734	93.6405045	5.263030799	1.096464696				2.770523752E-05	0	99.99997229	47.40668255	52.59331745	0				-652.79606	0.508970734	NaN	
652.63606	88	5	7	1	0.508970734	93.6405045	5.263030799	1.096464696				2.770523752E-05	0	99.99997229	47.40668255	52.59331745	0				-652.63606	0.508970734	NaN	
652.47606	88	5	7	1	0.508970734	93.6405045	5.263030799	1.096464696				2.770523752E-05	0	99.99997229	47.40668255	52.59331745	0				-652.47606	0.508970734	NaN	
652.31606	88	5	7	1	0.508970734	93.6405045	5.263030799	1.096464696				2.770523752E-05	0	99.99997229	47.40668255	52.59331745	0				-652.31606	0.508970734	NaN	
652.15606	88	5	7	1	0.508970734	93.6405045	5.263030799	1.096464696				2.770523752E-05	0	99.99997229	47.40668255	52.59331745	0				-652.15606	0.508970734	NaN	
651.99606	88	5	7	1	0.508970734	93.6405045	5.263030799	1.096464696				2.770523752E-05	0	99.99997229	47.40668255	52.59331745	0				-651.99606	0.508970734	NaN	
651.83606	88	5	7	1	0.508970734	93.6405045	5.263030799	1.096464696				2.770523752E-05	0	99.99997229	47.40668255	52.59331745	0				-651.83606	0.508970734	NaN	
651.67606	88	5	7	1	0.508970734	93.6405045	5.263030799	1.096464696				2.770523752E-05	0	99.99997229	47.40668255	52.59331745	0				-651.67606	0.508970734	NaN	
651.51606	88	5	7	1	0.508970734	93.6405045	5.263030799	1.096464696				2.770523752E-05	0	99.99997229	47.40668255	52.59331745	0				-651.51606	0.508970734	NaN	
651.35606	88	5	7	1	0.508970734	93.6405045	5.263030799	1.096464696				2.770523752E-05	0	99.99997229	47.40668255	52.59331745	0				-651.35606	0.508970734	NaN	
651.19606	88	5	7	1	0.508970734	93.6405045	5.263030799	1.096464696				2.770523752E-05	0	99.99997229	47.40668255	52.59331745	0				-651.19606	0.508970734	NaN	
651.03606	88	5	7	1	0.508970734	93.6405045	5.263030799	1.096464696				2.770523752E-05	0	99.99997229	47.40668255	52.59331745	0				-651.03606	0.508970734	NaN	
650.87606	88	5	7	1	0.508970734	93.6405045	5.263030799	1.096464696				2.770523752E-05	0	99.99997229	47.40668255	52.59331745	0				-650.87606	0.508970734	NaN	
650.71606	88	5	7	1	0.508970734	93.6405045	5.263030799	1.096464696				2.770523752E-05	0	99.99997229	47.40668255	52.59331745	0				-650.71606	0.508970734	NaN	
650.55606	88	5	7	1	0.508970734	93.6405045	5.263030799	1.096464696				2.770523752E-05	0	99.99997229	47.40668255	52.59331745	0				-650.55606	0.508970734	NaN	
650.39606	88	5	7	1	0.508970734	93.6405045	5.263030799	1.096464696				2.770523752E-05	0	99.99997229	47.40668255	52.59331745	0				-650.39606	0.508970734	NaN	
650.23606	88	5	7	1	0.508970734	93.6405045	5.263030799	1.096464696				2.770523752E-05	0	99.99997229	47.40668255	52.59331745	0				-650.23606	0.508970734	NaN	
650.07606	88	5	7	1	0.508970734	93.6405045	5.263030799	1.096464696				2.770523752E-05	0	99.99997229	47.40668255	52.59331745	0				-650.07606	0.508970734	NaN	
649.91606	88	5	7	1	0.508970734	93.6405045	5.263030799	1.096464696				2.770523752E-05	0	99.99997229	47.40668255	52.59331745	0				-649.91606	0.508970734	NaN	
649.75606	88	5	7	1	0.508970734	93.6405045	5.263030799	1.096464696				2.770523752E-05	0	99.99997229	47.40668255	52.59331745	0				-649.75606	0.508970734	NaN	
649.59606	88	5	7	1	0.508970734	93.6405045	5.263030799	1.096464696				2.770523752E-05	0	99.99997229	47.40668255	52.59331745	0				-649.59606	0.508970734	NaN	
649.43606	88	5	7	1	0.508970734	93.6405045	5.263030799	1.096464696				2.770523752E-05	0	99.99997229	47.40668255	52.59331745	0				-649.43606	0.508970734	NaN	
649.27606	88	5	7	1	0.508970734	93.6405045	5.263030799	1.096464696				2.770523752E-05	0	99.99997229	47.40668255	52.59331745	0				-649.27606	0.508970734	NaN	
649.11606	88	5	7	1	0.508970734	93.6405045	5.263030799	1.096464696				2.770523752E-05	0	99.99997229	47.40668255	52.59331745	0				-649.11606	0.508970734	NaN	
648.95606	88	5	7	1	0.508970734	93.6405045	5.263030799	1.096464696				2.770523752E-05	0	99.99997229	47.40668255	52.59331745	0				-648.95606	0.508970734	NaN	
648.79606	88	5	7	1	0.508970734	93.6405045	5.263030799	1.096464696				2.770523752E-05	0	99.99997229	47.40668255	52.59331745	0				-648.79606	0.508970734	NaN	
648.63606	88	5	7	1	0.508970734	93.6405045	5.263030799	1.096464696				2.770523752E-05	0	99.99997229	47.40668255	52.59331745	0				-648.63606	0.508970734	NaN	
648.47606	88	5	7	1	0.508970734	93.6405045	5.263030799	1.096464696				2.770523752E-05	0	99.99997229	47.40668255	52.59331745	0				-648.47606	0.508970734	NaN	
648.31606	88	5	7	1	0.508970734	93.6405045	5.263030799	1.096464696				2.770523752E-05	0	99.99997229	47.40668255	52.59331745	0				-648.31606	0.508970734	NaN	
648.15606	88	5	7	1	0.508970734	93.6405045	5.263030799	1.096464696				2.770523752E-05	0	99.99997229	47.40668255	52.59331745	0				-648.15606	0.508970734	NaN	
647.99606	88	5	7	1	0.508970734	93.6405045	5.263030799	1.096464696				2.770523752E-05	0	99.99997229	47.40668255	52.59331745	0				-647.99606	0.508970734	NaN	
647.83606	88	5	7	1	0.508970734	93.6405045	5.263030799	1.096464696				2.770523752E-05	0	99.99997229	47.40668255	52.59331745	0				-647.83606	0.508970734	NaN	
647.67606	88	5	7	1	0.508970734	93.6405045	5.263030799	1.096464696				2.770523752E-05	0	99.99997229	47.40668255	52.59331745	0				-647.67606	0.508970734	NaN	
647.51606	88	5	7	1	0.508970734	93.6405045	5.263030799	1.096464696				2.770523752E-05	0	99.99997229	47.40668255	52.59331745	0				-647.51606	0.508970734	NaN	
647.35606	88	5	7	1	0.508970734	93.6405045	5.263030799	1.096464696				2.770523752E-05	0	99.99997229	47.40668255	52.59331745	0				-647.35606	0.508970734	NaN	
647.19606	88	5	7	1	0.508970734	93.6405045	5.263030799	1.096464696				2.770523752E-05	0	99.99997229	47.40668255	52.59331745	0				-647.19606	0.508970734	NaN	
647.03606	88	5	7	1	0.508970734	93.6405045	5.263030799	1.096464696				2.770523752E-05	0	99.99997229	47.40668255	52.59331745	0				-647.03606	0.508970734	NaN	
646.87606	88	5	7	1	0.508970734	93.6405045	5.263030799	1.096464696				2.770523752E-05	0	99.99997229	47.40668255	52.59331745	0				-646.87606	0.508970734	NaN	
646.71606	88	5	7	1	0.508970734	93.6405045	5.263030799	1.096464696				2.770523752E-05	0	99.99997229	47.40668255	52.59331745	0				-646.71606	0.508970734	NaN	
646.55606	88	5	7	1	0.508970734	93.6405045	5.263030799	1.096464696				2.770523752E-05	0	99.99997229	47.40668255	52.59331745	0				-646.55606	0.508970734	NaN	
646.39606	88	5	7	1	0.508970734	93.6405045	5.263030799	1.096464696				2.770523752E-05	0	99.99997229	47.40668255	52.59331745	0				-646.39606	0.508970734	NaN	
646.23606	88	5	7	1	0.508970734	93.6405045	5.263030799	1.096464696				2.770523752E-05	0	99.99997229	47.40668255	52.59331745	0				-646.23606	0.508970734	NaN	
646.07606	88	5	7	1	0.508970734	93.6405045	5.263030799	1.096464696				2.770523752E-05	0	99.99997229	47.40668255	52.59331745	0				-646.07606	0.508970734	NaN	
645.91606	88	5	7	1	0.508970734	93.6405045	5.263030799	1.096464696				2.770523752E-05	0	99.99997229	47.40668255	52.59331745	0				-645.91606	0.508970734	NaN	
645.75606	88	5	7	1	0.508970734	93.6405045	5.263030799	1.096464696				2.770523752E-05	0	99.99997229	47.40668255	52.59331745	0				-645.75606	0.508970734	NaN	
645.59606	88	5	7	1	0.508970734	93.6405045	5.263030799	1.096464696				2.770523752E-05	0	99.99997229	47.40668255	52.59331745	0				-645.59606	0.508970734	NaN	
645.43606	88	5	7	1	0.508970734	93.6405045	5.263030799	1.096464696				2.770523752E-05	0	99.99997229	47.40668255	52.59331745	0				-645.43606	0.508970734	NaN	
645.27606	88	5	7	1	0.508970734	93.6405045	5.263030799	1.096464696				2.770523752E-05	0	99.99997229	47.40668255	52.59331745	0				-645.27606	0.508970734	NaN	
645.11606	88	5	7	1	0.508970734	93.6405045	5.263030799	1.096464696				2.770523752E-05	0	99.99997229	47.40668255	52.59331745	0				-645.11606	0.508970734	NaN	
644.95606	88	5	7	1	0.508970734	93.6405045	5.263030799	1.096464696				2.770523752E-05	0	99.99997229	47.40668255	52.59331745	0				-644.95606	0.508970734	NaN	
644.79606	88	5	7	1	0.508970734	93.6405045	5.263030799	1.096464696				2.770523752E-05	0	99.99997229	47.40668255	52.59331745	0				-644.79606	0.508970734	NaN	
644.63606	88	5	7	1	0.508970734	93.6405045	5.263030799	1.096464696				2.770523752E-05	0	99.99997229	47.40668255	52.59331745	0				-644.63606	0.508970734	NaN	
644.47606	88	5	7	1	0.508970734	93.6405045	5.263030799	1.096464696				2.770523752E-05	0	99.99997229	47.40668255	52.59331745	0				-644.47606	0.508970734	NaN	
644.31606	88	5	7	1	0.508970734	93.6405045	5.263030799	1.096464696				2.770523752E-05	0	99.99997229	47.40668255	52.59331745	0				-644.31606	0.508970734	NaN	
644.15606	88	5	7	1	0.508970734	93.6405045	5.263030799	1.096464696				2.770523752E-05	0	99.99997229	47.40668255	52.59331745	0				-644.15606	0.508970734	NaN	
643.99606	88	5	7	1	0.508970734	93.6405045	5.263030799	1.096464696				2.770523752E-05	0	99.99997229	47.40668255	52.59331745	0				-643.99606	0.508970734	NaN	
643.83606	88	5	7	1	0.508970734	93.6405045	5.263030799	1.096464696				2.770523752E-05	0	99.99997229	47.40668255	52.59331745	0				-643.83606	0.508970734	NaN	
643.67606	88	5	7	1	0.508970734	93.6405045	5.263030799	1.096464696				2.770523752E-05	0	99.99997229	47.40668255	52.59331745	0				-643.67606	0.508970734	NaN	
643.51606	88	5	7	1	0.508970734	93.6405045	5.263030799	1.096464696				2.770523752E-05	0	99.99997229	47.40668255	52.59331745	0				-643.51606	0.508970734	NaN	
643.35606	88	5	7	1	0.508970734	93.6405045	5.263030799	1.096464696				2.770523752E-05	0	99.99997229	47.40668255	52.59331745	0				-643.35606	0.508970734	NaN	
643.19606	88	5	7	1	0.508970734	93.6405045	5.263030799	1.096464696				2.770523752E-05	0	99.99997229	47.40668255	52.59331745	0				-643.19606	0.508970734	NaN	
643.03606	88	5	7	1	0.508970734	93.6405045	5.263030799	1.096464696				2.770523752E-05	0	99.99997229	47.40668255	52.59331745	0				-643.03606	0.508970734	NaN	
642.87606	88	5	7	1	0.508970734	93.6405045	5.263030799	1.096464696				2.770523752E-05	0	99.99997229	47.40668255	52.59331745	0				-642.87606	0.508970734	NaN	
642.71606	88	5	7	1	0.508970734	93.6405045	5.263030799	1.096464696				2.770523752E-05	0	99.99997229	47.40668255	52.59331745	0				-642.71606	0.508970734	NaN	
642.55606	88	5	7	1	0.508970734	93.6405045	5.263030799	1.096464696				2.770523752E-05	0	99.99997229	47.40668255	52.59331745	0				-642.55606	0.508970734	NaN	
642.39606	88	5	7	1	0.508970734	93.6405045	5.263030799	1.096464696				2.770523752E-05	0	99.99997229	47.40668255	52.59331745	0				-642.39606	0.508970734	NaN	
642.23606	88	5	7	1	0.508970734	93.6405045	5.263030799	1.096464696				2.770523752E-05	0	99.99997229	47.40668255	52.59331745	0				-642.23606	0.508970734	NaN	
642.07606	88	5	7	1	0.508970734	93.6405045	5.263030799	1.096464696				2.770523752E-05	0	99.99997229	47.40668255	52.59331745	0				-642.07606	0.508970734	NaN	
641.91606	88	5	7	1	0.508970734	93.6405045	5.263030799	1.096464696				2.770523752E-05	0	99.99997229	47.40668255	52.59331745	0				-641.91606	0.508970734	NaN	
641.75606	88	5	7	1	0.508970734	93.6405045	5.263030799	1.096464696				2.770523752E-05	0	99.99997229	47.40668255	52.59331745	0				-641.75606	0.508970734	NaN	
641.59606	88	5	7	1	0.508970734	93.6405045	5.263030799	1.096464696				2.770523752E-05	0	99.99997229	47.40668255	52.59331745	0				-641.59606	0.508970734	NaN	
641.43606	88	5	7	1	0.508970734	93.6405045	5.263030799	1.096464696				2.770523752E-05	0	99.99997229	47.40668255	52.59331745	0				-641.43606	0.508970734	NaN	
641.27606	88	5	7	1	0.508970734	93.6405045	5.263030799	1.096464696				2.770523752E-05	0	99.99997229	47.40668255	52.59331745	0				-641.27606	0.508970734	NaN	
641.11606	88	5	7	1	0.508970734	93.6405045	5.263030799	1.096464696				2.770523752E-05	0	99.99997229	47.40668255	52.59331745	0				-641.11606	0.508970734	NaN	
640.95606	88	5	7	1	0.508970734	93.6405045	5.263030799	1.096464696				2.770523752E-05	0	99.99997229	47.40668255	52.59331745	0				-640.95606	0.508970734	NaN	
640.79606	88	5	7	1	0.508970734	93.6405045	5.263030799	1.096464696				2.770523752E-05	0	99.99997229	47.40668255	52.59331745	0				-640.79606	0.508970734	NaN	
640.63606	88	5	7	1	0.508970734	93.6405045	5.263030799	1.096464696				2.770523752E-05	0	99.99997229	47.40668255	52.59331745	0				-640.63606	0.508970734	NaN	
640.47606	88	5	7	1	0.508970734	93.6405045	5.263030799	1.096464696				2.770523752E-05	0	99.99997229	47.40668255	52.59331745	0				-640.47606	0.508970734	NaN	
640.31606	88	5	7	1	0.508970734	93.6405045	5.263030799	1.096464696				2.770523752E-05	0	99.99997229	47.40668255	52.59331745	0				-640.31606	0.508970734	NaN	
640.15606	88	5	7	1	0.508970734	93.6405045	5.263030799	1.096464696				2.770523752E-05	0	99.99997229	47.40668255	52.59331745	0				-640.15606	0.508970734	NaN	
639.99606	88	5	7	1	0.508970734	93.6405045	5.263030799	1.096464696				2.770523752E-05	0	99.99997229	47.40668255	52.59331745	0				-639.99606	0.508970734	NaN	
639.83606	88	5	7	1	0.508970734	93.6405045	5.263030799	1.096464696				2.770523752E-05	0	99.99997229	47.40668255	52.59331745	0				-639.83606	0.508970734	NaN	
639.67606	88	5	7	1	0.508970734	93.6405045	5.263030799	1.096464696				2.770523752E-05	0	99.99997229	47.40668255	52.59331745	0				-639.67606	0.508970734	NaN	
639.51606	88	5	7	1	0.508970734	93.6405045	5.263030799	1.096464696				2.770523752E-05	0	99.99997229	47.40668255	52.59331745	0				-639.51606	0.508970734	NaN	
639.35606	88	5	7	1	0.508970734	93.6405045	5.263030799	1.096464696				2.770523752E-05	0	99.99997229	47.40668255	52.59331745	0				-639.35606	0.508970734	NaN	
639.19606	88	5	7	1	0.508970734	93.6405045	5.263030799	1.096464696				2.770523752E-05	0	99.99997229	47.40668255	52.59331745	0				-639.19606	0.508970734	NaN	
639.03606	88	5	7	1	0.508970734	93.6405045	5.263030799	1.096464696				2.770523752E-05	0	99.99997229	47.40668255	52.59331745	0				-639.03606	0.508970734	NaN	
638.87606	88	5	7	1	0.508970734	93.6405045	5.263030799	1.096464696				2.770523752E-05	0	99.99997229	47.40668255	52.59331745	0				-638.87606	0.508970734	NaN	
638.71606	88	5	7	1	0.508970734	93.6405045	5.263030799	1.096464696				2.770523752E-05	0	99.99997229	47.40668255	52.59331745	0				-638.71606	0.508970734	NaN	
638.55606	88	5	7	1	0.508970734	93.6405045	5.263030799	1.096464696				2.770523752E-05	0	99.99997229	47.40668255	52.59331745	0				-638.55606	0.508970734	NaN	
638.39606	88	5	7	1	0.508970734	93.6405045	5.263030799	1.096464696				2.770523752E-05	0	99.99997229	47.40668255	52.59331745	0				-638.39606	0.508970734	NaN	
638.23606	88	5	7	1	0.508970734	93.6405045	5.263030799	1.096464696				2.770523752E-05	0	99.99997229	47.40668255	52.59331745	0				-638.23606	0.508970734	NaN	
638.07606	88	5	7	1	0.508970734	93.6405045	5.263030799	1.096464696				2.770523752E-05	0	99.99997229	47.40668255	52.59331745	0				-638.07606	0.508970734	NaN	
637.91606	88	5	7	1	0.508970734	93.6405045	5.263030799	1.096464696				2.770523752E-05	0	99.99997229	47.40668255	52.59331745	0				-637.91606	0.508970734	NaN	
637.75606	88	5	7	1	0.508970734	93.6405045	5.263030799	1.096464696				2.770523752E-05	0	99.99997229	47.40668255	52.59331745	0				-637.75606	0.508970734	NaN	
637.59606	88	5	7	1	0.508970734	93.6405045	5.263030799	1.096464696				2.770523752E-05	0	99.99997229	47.40668255	52.59331745	0				-637.59606	0.508970734	NaN	
637.43606	88	5	7	1	0.508970734	93.6405045	5.263030799	1.096464696				2.770523752E-05	0	99.99997229	47.40668255	52.59331745	0				-637.43606	0.508970734	NaN	
637.27606	88	5	7	1	0.508970734	93.6405045	5.263030799	1.096464696				2.770523752E-05	0	99.99997229	47.40668255	52.59331745	0				-637.27606	0.508970734	NaN	
637.11606	88	5	7	1	0.508970734	93.6405045	5.263030799	1.096464696				2.770523752E-05	0	99.99997229	47.40668255	52.59331745	0				-637.11606	0.508970734	NaN	
636.95606	88	5	7	1	0.508970734	93.6405045	5.263030799	1.096464696				2.770523752E-05	0	99.99997229	47.40668255	52.59331745	0				-636.95606	0.508970734	NaN	
636.79606	88	5	7	1	0.508970734	93.6405045	5.263030799	1.096464696				2.770523752E-05	0	99.99997229	47.40668255	52.59331745	0				-636.79606	0.508970734	NaN	
636.63606	88	5	7	1	0.508970734	93.6405045	5.263030799	1.096464696				2.770523752E-05	0	99.99997229	47.40668255	52.59331745	0				-636.63606	0.508970734	NaN	
636.47606	88	5	7	1	0.508970734	93.6405045	5.263030799	1.096464696				2.770523752E-05	0	99.99997229	47.40668255	52.59331745	0				-636.47606	0.508970734	NaN	
636.31606	88	5	7	1	0.508970734	93.6405045	5.263030799	1.096464696				2.770523752E-05	0	99.99997229	47.40668255	52.59331745	0				-636.31606	0.508970734	NaN	
636.15606	88	5	7	1	0.508970734	93.6405045	5.263030799	1.096464696				2.770523752E-05	0	99.99997229	47.40668255	52.59331745	0				-636.15606	0.508970734	NaN	
635.99606	88	5	7	1	0.508970734	93.6405045	5.263030799	1.096464696				2.770523752E-05	0	99.99997229	47.40668255	52.59331745	0				-635.99606	0.508970734	NaN	
635.83606	88	5	7	1	0.508970734	93.6405045	5.263030799	1.096464696				2.770523752E-05	0	99.99997229	47.40668255	52.59331745	0				-635.83606	0.508970734	NaN	
635.67606	88	5	7	1	0.508970734	93.6405045	5.263030799	1.096464696				2.770523752E-05	0	99.99997229	47.40668255	52.59331745	0				-635.67606	0.508970734	NaN	
635.51606	88	5	7	1	0.508970734	93.6405045	5.263030799	1.096464696				2.770523752E-05	0	99.99997229	47.40668255	52.59331745	0				-635.51606	0.508970734	NaN	
635.35606	88	5	7	1	0.508970734	93.6405045	5.263030799	1.096464696				2.770523752E-05	0	99.99997229	47.40668255	52.59331745	0				-635.35606	0.508970734	NaN	
635.19606	88	5	7	1	0.508970734	93.6405045	5.263030799	1.096464696				2.770523752E-05	0	99.99997229	47.40668255	52.59331745	0				-635.19606	0.508970734	NaN	
635.03606	88	5	7	1	0.508970734	93.6405045	5.263030799	1.096464696				2.770523752E-05	0	99.99997229	47.40668255	52.59331745	0				-635.03606	0.508970734	NaN	
634.87606	88	5	7	1	0.508970734	93.6405045	5.263030799	1.096464696				2.770523752E-05	0	99.99997229	47.40668255	52.59331745	0				-634.87606	0.508970734	NaN	
634.71606	88	5	7	1	0.508970734	93.6405045	5.263030799	1.096464696				2.770523752E-05	0	99.99997229	47.40668255	52.59331745	0				-634.71606	0.508970734	NaN	
634.55606	88	5	7	1	0.508970734	93.6405045	5.263030799	1.096464696				2.770523752E-05	0	99.99997229	47.40668255	52.59331745	0				-634.55606	0.508970734	NaN	
634.39606	88	5	7	1	0.508970734	93.6405045	5.263030799	1.096464696				2.770523752E-05	0	99.99997229	47.40668255	52.59331745	0				-634.39606	0.508970734	NaN	
634.23606	88	5	7	1	0.508970734	93.6405045	5.263030799	1.096464696				2.770523752E-05	0	99.99997229	47.40668255	52.59331745	0				-634.23606	0.508970734	NaN	
634.07606	88	5	7	1	0.508970734	93.6405045	5.263030799	1.096464696				2.770523752E-05	0	99.99997229	47.40668255	52.59331745	0				-634.07606	0.508970734	NaN	
633.91606	88	5	7	1	0.508970734	93.6405045	5.263030799	1.096464696				2.770523752E-05	0	99.99997229	47.40668255	52.59331745	0				-633.91606	0.508970734	NaN	
633.75606	88	5	7	1	0.508970734	93.6405045	5.263030799	1.096464696				2.770523752E-05	0	99.99997229	47.40668255	52.59331745	0				-633.75606	0.508970734	NaN	
633.59606	88	5	7	1	0.508970734	93.6405045	5.263030799	1.096464696				2.770523752E-05	0	99.99997229	47.40668255	52.59331745	0				-633.59606	0.508970734	NaN	
633.43606	88	5	7	1	0.508970734	93.6405045	5.263030799	1.096464696				2.770523752E-05	0	99.99997229	47.40668255	52.59331745	0				-633.43606	0.508970734	NaN	
633.27606	88	5	7	1	0.508970734	93.6405045	5.263030799	1.096464696				2.770523752E-05	0	99.99997229	47.40668255	52.59331745	0				-633.27606	0.508970734	NaN	
633.11606	88	5	7	1	0.508970734	93.6405045	5.263030799	1.096464696				2.770523752E-05	0	99.99997229	47.40668255	52.59331745	0				-633.11606	0.508970734	NaN	
632.95606	88	5	7	1	0.508970734	93.6405045	5.263030799	1.096464696				2.770523752E-05	0	99.99997229	47.40668255	52.59331745	0				-632.95606	0.508970734	NaN	
632.79606	88	5	7	1	0.508970734	93.6405045	5.263030799	1.096464696				2.770523752E-05	0	99.99997229	47.40668255	52.59331745	0				-632.79606	0.508970734	NaN	
632.63606	88	5	7	1	0.508970734	93.6405045	5.263030799	1.096464696				2.770523752E-05	0	99.99997229	47.40668255	52.59331745	0				-632.63606	0.508970734	NaN	
632.47606	88	5	7	1	0.508970734	93.6405045	5.263030799	1.096464696				2.770523752E-05	0	99.99997229	47.40668255	52.59331745	0				-632.47606	0.508970734	NaN	
632.31606	88	5	7	1	0.508970734	93.6405045	5.263030799	1.096464696				2.770523752E-05	0	99.99997229	47.40668255	52.59331745	0				-632.31606	0.508970734	NaN	
632.15606	88	5	7	1	0.508970734	93.6405045	5.263030799	1.096464696				2.770523752E-05	0	99.99997229	47.40668255	52.59331745	0				-632.15606	0.508970734	NaN	
631.99606	88	5	7	1	0.508970734	93.6405045	5.263030799	1.096464696				2.770523752E-05	0	99.99997229	47.40668255	52.59331745	0				-631.99606	0.508970734	NaN	
631.83606	88	5	7	1	0.508970734	93.6405045	5.263030799	1.096464696				2.770523752E-05	0	99.99997229	47.40668255	52.59331745	0				-631.83606	0.508970734	NaN	
631.67606	88	5	7	1	0.508970734	93.6405045	5.263030799	1.096464696				2.770523752E-05	0	99.99997229	47.40668255	52.59331745	0				-631.67606	0.508970734	NaN	
631.51606	88	5	7	1	0.508970734	93.6405045	5.263030799	1.096464696				2.770523752E-05	0	99.99997229	47.40668255	52.59331745	0				-631.51606	0.508970734	NaN	
631.35606	88	5	7	1	0.508970734	93.6405045	5.263030799	1.096464696				2.770523752E-05	0	99.99997229	47.40668255	52.59331745	0				-631.35606	0.508970734	NaN	
631.19606	88	5	7	1	0.508970734	93.6405045	5.263030799	1.096464696				2.770523752E-05	0	99.99997229	47.40668255	52.59331745	0				-631.19606	0.508970734	NaN	
631.03606	88	5	7	1	0.508970734	93.6405045	5.263030799	1.096464696				2.770523752E-05	0	99.99997229	47.40668255	52.59331745	0				-631.03606	0.508970734	NaN	
630.87606	88	5	7	1	0.508970734	93.6405045	5.263030799	1.096464696				2.770523752E-05	0	99.99997229	47.40668255	52.59331745	0				-630.87606	0.508970734	NaN	
630.71606	88	5	7	1	0.508970734	93.6405045	5.263030799	1.096464696				2.770523752E-05	0	99.99997229	47.40668255	52.59331745	0				-630.71606	0.508970734	NaN	
630.55606	88	5	7	1	0.508970734	93.6405045	5.263030799	1.096464696				2.770523752E-05	0	99.99997229	47.40668255	52.59331745	0				-630.55606	0.508970734	NaN	
630.39606	88	5	7	1	0.508970734	93.6405045	5.263030799	1.096464696				2.770523752E-05	0	99.99997229	47.40668255	52.59331745	0				-630.39606	0.508970734	NaN	
630.23606	88	5	7	1	0.508970734	93.6405045	5.263030799	1.096464696				2.770523752E-05	0	99.99997229	47.40668255	52.59331745	0				-630.23606	0.508970734	NaN	
630.07606	88	5	7	1	0.508970734	93.6405045	5.263030799	1.096464696				2.770523752E-05	0	99.99997229	47.40668255	52.59331745	0				-630.07606	0.508970734	NaN	
629.91606	88	5	7	1	0.508970734	93.6405045	5.263030799	1.096464696				2.770523752E-05	0	99.99997229	47.40668255	52.59331745	0				-629.91606	0.508970734	NaN	
629.75606	88	5	7	1	0.508970734	93.6405045	5.263030799	1.096464696				2.770523752E-05	0	99.99997229	47.40668255	52.59331745	0				-629.75606	0.508970734	NaN	
629.59606	88	5	7	1	0.508970734	93.6405045	5.263030799	1.096464696				2.770523752E-05	0	99.99997229	47.40668255	52.59331745	0				-629.59606	0.508970734	NaN	
629.43606	88	5	7	1	0.508970734	93.6405045	5.263030799	1.096464696				2.770523752E-05	0	99.99997229	47.40668255	52.59331745	0				-629.43606	0.508970734	NaN	
629.27606	88	5	7	1	0.508970734	93.6405045	5.263030799	1.096464696				2.770523752E-05	0	99.99997229	47.40668255	52.59331745	0				-629.27606	0.508970734	NaN	
629.11606	88	5	7	1	0.508970734	93.6405045	5.263030799	1.096464696				2.770523752E-05	0	99.99997229	47.40668255	52.59331745	0				-629.11606	0.508970734	NaN	
628.95606	88	5	7	1	0.508970734	93.6405045	5.263030799	1.096464696				2.770523752E-05	0	99.99997229	47.40668255	52.59331745	0				-628.95606	0.508970734	NaN	
628.79606	88	5	7	1	0.508970734	93.6405045	5.263030799	1.096464696				2.770523752E-05	0	99.99997229	47.40668255	52.59331745	0				-628.79606	0.508970734	NaN	
628.63606	88	5	7	1	0.508970734	93.6405045	5.263030799	1.096464696				2.770523752E-05	0	99.99997229	47.40668255	52.59331745	0				-628.63606	0.508970734	NaN	
628.47606	88	5	7	1	0.508970734	93.6405045	5.263030799	1.096464696				2.770523752E-05	0	99.99997229	47.40668255	52.59331745	0				-628.47606	0.508970734	NaN	
628.31606	88	5	7	1	0.508970734	93.6405045	5.263030799	1.096464696				2.770523752E-05	0	99.99997229	47.40668255	52.59331745	0				-628.31606	0.508970734	NaN	
628.15606	88	5	7	1	0.508970734	93.6405045	5.263030799	1.096464696				2.770523752E-05	0	99.99997229	47.40668255	52.59331745	0				-628.15606	0.508970734	NaN	
627.99606	88	5	7	1	0.508970734	93.6405045	5.263030799	1.096464696				2.770523752E-05	0	99.99997229	47.40668255	52.59331745	0				-627.99606	0.508970734	NaN	
627.83606	88	5	7	1	0.508970734	93.6405045	5.263030799	1.096464696				2.770523752E-05	0	99.99997229	47.40668255	52.59331745	0				-627.83606	0.508970734	NaN	
627.67606	88	5	7	1	0.508970734	93.6405045	5.263030799	1.096464696				2.770523752E-05	0	99.99997229	47.40668255	52.59331745	0				-627.67606	0.508970734	NaN	
627.51606	88	5	7	1	0.508970734	93.6405045	5.263030799	1.096464696				2.770523752E-05	0	99.99997229	47.40668255	52.59331745	0				-627.51606	0.508970734	NaN	
627.35606	88	5	7	1	0.508970734	93.6405045	5.263030799	1.096464696				2.770523752E-05	0	99.99997229	47.40668255	52.59331745	0				-627.35606	0.508970734	NaN	
627.19606	88	5	7	1	0.508970734	93.6405045	5.263030799	1.096464696				2.770523752E-05	0	99.99997229	47.40668255	52.59331745	0				-627.19606	0.508970734	NaN	
627.03606	88	5	7	1	0.508970734	93.6405045	5.263030799	1.096464696				2.770523752E-05	0	99.99997229	47.40668255	52.59331745	0				-627.03606	0.508970734	NaN	
626.87606	88	5	7	1	0.508970734	93.6405045	5.263030799	1.096464696				2.770523752E-05	0	99.99997229	47.40668255	52.59331745	0				-626.87606	0.508970734	NaN	
626.71606	88	5	7	1	0.508970734	93.6405045	5.263030799	1.096464696				2.770523752E-05	0	99.99997229	47.40668255	52.59331745	0				-626.71606	0.508970734	NaN	
626.55606	88	5	7	1	0.508970734	93.6405045	5.263030799	1.096464696				2.770523752E-05	0	99.99997229	47.40668255	52.59331745	0				-626.55606	0.508970734	NaN	
626.39606	88	5	7	1	0.508970734	93.6405045	5.263030799	1.096464696				2.770523752E-05	0	99.99997229	47.40668255	52.59331745	0				-626.39606	0.508970734	NaN	
626.23606	88	5	7	1	0.508970734	93.6405045	5.263030799	1.096464696				2.770523752E-05	0	99.99997229	47.40668255	52.59331745	0				-626.23606	0.508970734	NaN	
626.07606	88	5	7	1	0.508970734	93.6405045	5.263030799	1.096464696				2.770523752E-05	0	99.99997229	47.40668255	52.59331745	0				-626.07606	0.508970734	NaN	
625.91606	88	5	7	1	0.508970734	93.6405045	5.263030799	1.096464696				2.770523752E-05	0	99.99997229	47.40668255	52.59331745	0				-625.91606	0.508970734	NaN	
625.75606	88	5	7	1	0.508970734	93.6405045	5.263030799	1.096464696				2.770523752E-05	0	99.99997229	47.40668255	52.59331745	0				-625.75606	0.508970734	NaN	
625.59606	88	5	7	1	0.508970734	93.6405045	5.263030799	1.096464696				2.770523752E-05	0	99.99997229	47.40668255	52.59331745	0				-625.59606	0.508970734	NaN	
625.43606	88	5	7	1	0.508970734	93.6405045	5.263030799	1.096464696				2.770523752E-05	0	99.99997229	47.40668255	52.59331745	0				-625.43606	0.508970734	NaN	
625.27606	88	5	7	1	0.508970734	93.6405045	5.263030799	1.096464696				2.770523752E-05	0	99.99997229	47.40668255	52.59331745	0				-625.27606	0.508970734	NaN	
625.11606	88	5	7	1	0.508970734	93.6405045	5.263030799	1.096464696				2.770523752E-05	0	99.99997229	47.40668255	52.59331745	0				-625.11606	0.508970734	NaN	
624.95606	88	5	7	1	0.508970734	93.6405045	5.263030799	1.096464696				2.770523752E-05	0	99.99997229	47.40668255	52.59331745	0				-624.95606	0.508970734	NaN	
624.79606	88	5	7	1	0.508970734	93.6405045	5.263030799	1.096464696				2.770523752E-05	0	99.99997229	47.40668255	52.59331745	0				-624.79606	0.508970734	NaN	
624.63606	88	5	7	1	0.508970734	93.6405045	5.263030799	1.096464696				2.770523752E-05	0	99.99997229	47.40668255	52.59331745	0				-624.63606	0.508970734	NaN	
624.47606	88	5	7	1	0.508970734	93.6405045	5.263030799	1.096464696				2.770523752E-05	0	99.99997229	47.40668255	52.59331745	0				-624.47606	0.508970734	NaN	
624.31606	88	5	7	1	0.508970734	93.6405045	5.263030799	1.096464696				2.770523752E-05	0	99.99997229	47.40668255	52.59331745	0				-624.31606	0.508970734	NaN	
624.15606	88	5	7	1	0.508970734	93.6405045	5.263030799	1.096464696				2.770523752E-05	0	99.99997229	47.40668255	52.59331745	0				-624.15606	0.508970734	NaN	
623.99606	88	5	7	1	0.508970734	93.6405045	5.263030799	1.096464696				2.770523752E-05	0	99.99997229	47.40668255	52.59331745	0				-623.99606	0.508970734	NaN	
623.83606	88	5	7	1	0.508970734	93.6405045	5.263030799	1.096464696				2.770523752E-05	0	99.99997229	47.40668255	52.59331745	0				-623.83606	0.508970734	NaN	
623.67606	88	5	7	1	0.508970734	93.6405045	5.263030799	1.096464696				2.770523752E-05	0	99.99997229	47.40668255	52.59331745	0				-623.67606	0.508970734	NaN	
623.51606	88	5	7	1	0.508970734	93.6405045	5.263030799	1.096464696				2.770523752E-05	0	99.99997229	47.40668255	52.59331745	0				-623.51606	0.508970734	NaN	
623.35606	88	5	7	1	0.508970734	93.6405045	5.263030799	1.096464696				2.770523752E-05	0	99.99997229	47.40668255	52.59331745	0				-623.35606	0.508970734	NaN	
623.19606	88	5	7	1	0.508970734	93.6405045	5.263030799	1.096464696				2.770523752E-05	0	99.99997229	47.40668255	52.59331745	0				-623.19606	0.508970734	NaN	
623.03606	88	5	7	1	0.508970734	93.6405045	5.263030799	1.096464696				2.770523752E-05	0	99.99997229	47.40668255	52.59331745	0				-623.03606	0.508970734	NaN	
622.87606	88	5	7	1	0.508970734	93.6405045	5.263030799	1.096464696				2.770523752E-05	0	99.99997229	47.40668255	52.59331745	0				-622.87606	0.508970734	NaN	
622.71606	88	5	7	1	0.508970734	93.6405045	5.263030799	1.096464696				2.770523752E-05	0	99.99997229	47.40668255	52.59331745	0				-622.71606	0.508970734	NaN	
622.55606	88	5	7	1	0.508970734	93.6405045	5.263030799	1.096464696				2.770523752E-05	0	99.99997229	47.40668255	52.59331745	0				-622.55606	0.508970734	NaN	
622.39606	88	5	7	1	0.508970734	93.6405045	5.263030799	1.096464696				2.770523752E-05	0	99.99997229	47.40668255	52.59331745	0				-622.39606	0.508970734	NaN	
622.23606	88	5	7	1	0.508970734	93.6405045	5.263030799	1.096464696				2.770523752E-05	0	99.99997229	47.40668255	52.59331745	0				-622.23606	0.508970734	NaN	
622.07606	88	5	7	1	0.508970734	93.6405045	5.263030799	1.096464696				2.770523752E-05	0	99.99997229	47.40668255	52.59331745	0				-622.07606	0.508970734	NaN	
621.91606	88	5	7	1	0.508970734	93.6405045	5.263030799	1.096464696				2.770523752E-05	0	99.99997229	47.40668255	52.59331745	0				-621.91606	0.508970734	NaN	
621.75606	88	5	7	1	0.508970734	93.6405045	5.263030799	1.096464696				2.770523752E-05	0	99.99997229	47.40668255	52.59331745	0				-621.75606	0.508970734	NaN	
621.59606	88	5	7	1	0.508970734	93.6405045	5.263030799	1.096464696				2.770523752E-05	0	99.99997229	47.40668255	52.59331745	0				-621.59606	0.508970734	NaN	
621.43606	88	5	7	1	0.508970734	93.6405045	5.263030799	1.096464696				2.770523752E-05	0	99.99997229	47.40668255	52.59331745	0				-621.43606	0.508970734	NaN	
621.27606	88	5	7	1	0.508970734	93.6405045	5.263030799	1.096464696				2.770523752E-05	0	99.99997229	47.40668255	52.59331745	0				-621.27606	0.508970734	NaN	
621.11606	88	5	7	1	0.508970734	93.6405045	5.263030799	1.096464696				2.770523752E-05	0	99.99997229	47.40668255	52.59331745	0				-621.11606	0.508970734	NaN	
620.95606	88	5	7	1	0.508970734	93.6405045	5.263030799	1.096464696				2.770523752E-05	0	99.99997229	47.40668255	52.59331745	0				-620.95606	0.508970734	NaN	
620.79606	88	5	7	1	0.508970734	93.6405045	5.263030799	1.096464696				2.770523752E-05	0	99.99997229	47.40668255	52.59331745	0				-620.79606	0.508970734	NaN	
620.63606	88	5	7	1	0.508970734	93.6405045	5.263030799	1.096464696				2.770523752E-05	0	99.99997229	47.40668255	52.59331745	0				-620.63606	0.508970734	NaN	
620.47606	88	5	7	1	0.508970734	93.6405045	5.263030799	1.096464696				2.770523752E-05	0	99.99997229	47.40668255	52.59331745	0				-620.47606	0.508970734	NaN	
620.31606	88	5	7	1	0.508970734	93.6405045	5.263030799	1.096464696				2.770523752E-05	0	99.99997229	47.40668255	52.59331745	0				-620.31606	0.508970734	NaN	
620.15606	88	5	7	1	0.508970734	93.6405045	5.263030799	1.096464696				2.770523752E-05	0	99.99997229	47.40668255	52.59331745	0				-620.15606	0.508970734	NaN	
619.99606	88	5	7	1	0.508970734	93.6405045	5.263030799	1.096464696				2.770523752E-05	0	99.99997229	47.40668255	52.59331745	0				-619.99606	0.508970734	NaN	
619.83606	88	5	7	1	0.508970734	93.6405045	5.263030799	1.096464696				2.770523752E-05	0	99.99997229	47.40668255	52.59331745	0				-619.83606	0.508970734	NaN	
619.67606	88	5	7	1	0.508970734	93.6405045	5.263030799	1.096464696				2.770523752E-05	0	99.99997229	47.40668255	52.59331745	0				-619.67606	0.508970734	NaN	
619.51606	88	5	7	1	0.508970734	93.6405045	5.263030799	1.096464696				2.770523752E-05	0	99.99997229	47.40668255	52.59331745	0				-619.51606	0.508970734	NaN	
619.35606	88	5	7	1	0.508970734	93.6405045	5.263030799	1.096464696				2.770523752E-05	0	99.99997229	47.40668255	52.59331745	0				-619.35606	0.508970734	NaN	
619.19606	88	5	7	1	0.508970734	93.6405045	5.263030799	1.096464696				2.770523752E-05	0	99.99997229	47.40668255	52.59331745	0				-619.19606	0.508970734	NaN	
619.03606	88	5	7	1	0.508970734	93.6405045	5.263030799	1.096464696				2.770523752E-05	0	99.99997229	47.40668255	52.59331745	0				-619.03606	0.508970734	NaN	
618.87606	88	5	7	1	0.508970734	93.6405045	5.263030799	1.096464696				2.770523752E-05	0	99.99997229	47.40668255	52.59331745	0				-618.87606	0.508970734	NaN	
618.71606	88	5	7	1	0.508970734	93.6405045	5.263030799	1.096464696				2.770523752E-05	0	99.99997229	47.40668255	52.59331745	0				-618.71606	0.508970734	NaN	
618.55606	88	5	7	1	0.508970734	93.6405045	5.263030799	1.096464696				2.770523752E-05	0	99.99997229	47.40668255	52.59331745	0				-618.55606	0.508970734	NaN	
618.39606	88	5	7	1	0.508970734	93.6405045	5.263030799	1.096464696				2.770523752E-05	0	99.99997229	47.40668255	52.59331745	0				-618.39606	0.508970734	NaN	
618.23606	88	5	7	1	0.508970734	93.6405045	5.263030799	1.096464696				2.770523752E-05	0	99.99997229	47.40668255	52.59331745	0				-618.23606	0.508970734	NaN	
618.07606	88	5	7	1	0.508970734	93.6405045	5.263030799	1.096464696				2.770523752E-05	0	99.99997229	47.40668255	52.59331745	0				-618.07606	0.508970734	NaN	
617.91606	88	5	7	1	0.508970734	93.6405045	5.263030799	1.096464696				2.770523752E-05	0	99.99997229	47.40668255	52.59331745	0				-617.91606	0.508970734	NaN	
617.75606	88	5	7	1	0.508970734	93.6405045	5.263030799	1.096464696				2.770523752E-05	0	99.99997229	47.40668255	52.59331745	0				-617.75606	0.508970734	NaN	
617.59606	88	5	7	1	0.508970734	93.6405045	5.263030799	1.096464696				2.770523752E-05	0	99.99997229	47.40668255	52.59331745	0				-617.59606	0.508970734	NaN	
617.43606	88	5	7	1	0.508970734	93.6405045	5.263030799	1.096464696				2.770523752E-05	0	99.99997229	47.40668255	52.59331745	0				-617.43606	0.508970734	NaN	
617.27606	88	5	7	1	0.508970734	93.6405045	5.263030799	1.096464696				2.770523752E-05	0	99.99997229	47.40668255	52.59331745	0				-617.27606	0.508970734	NaN	
617.11606	88	5	7	1	0.508970734	93.6405045	5.263030799	1.096464696				2.770523752E-05	0	99.99997229	47.40668255	52.59331745	0				-617.11606	0.508970734	NaN	
616.95606	88	5	7	1	0.508970734	93.6405045	5.263030799	1.096464696				2.770523752E-05	0	99.99997229	47.40668255	52.59331745	0				-616.95606	0.508970734	NaN	
616.79606	88	5	7	1	0.508970734	93.6405045	5.263030799	1.096464696				2.770523752E-05	0	99.99997229	47.40668255	52.59331745	0				-616.79606	0.508970734	NaN	
616.63606	88	5	7	1	0.508970734	93.6405045	5.263030799	1.096464696				2.770523752E-05	0	99.99997229	47.40668255	52.59331745	0				-616.63606	0.508970734	NaN	
616.47606	88	5	7	1	0.508970734	93.6405045	5.263030799	1.096464696				2.770523752E-05	0	99.99997229	47.40668255	52.59331745	0				-616.47606	0.508970734	NaN	
616.31606	88	5	7	1	0.508970734	93.6405045	5.263030799	1.096464696				2.770523752E-05	0	99.99997229	47.40668255	52.59331745	0				-616.31606	0.508970734	NaN	
616.15606	88	5	7	1	0.508970734	93.6405045	5.263030799	1.096464696				2.770523752E-05	0	99.99997229	47.40668255	52.59331745	0				-616.15606	0.508970734	NaN	
615.99606	88	5	7	1	0.508970734	93.6405045	5.263030799	1.096464696				2.770523752E-05	0	99.99997229	47.40668255	52.59331745	0				-615.99606	0.508970734	NaN	
615.83606	88	5	7	1	0.508970734	93.6405045	5.263030799	1.096464696				2.770523752E-05	0	99.99997229	47.40668255	52.59331745	0				-615.83606	0.508970734	NaN	
615.67606	88	5	7	1	0.508970734	93.6405045	5.263030799	1.096464696				2.770523752E-05	0	99.99997229	47.40668255	52.59331745	0				-615.67606	0.508970734	NaN	
615.51606	88	5	7	1	0.508970734	93.6405045	5.263030799	1.096464696				2.770523752E-05	0	99.99997229	47.40668255	52.59331745	0				-615.51606	0.508970734	NaN	
615.35606	88	5	7	1	0.508970734	93.6405045	5.263030799	1.096464696				2.770523752E-05	0	99.99997229	47.40668255	52.59331745	0				-615.35606	0.508970734	NaN	
615.19606	88	5	7	1	0.508970734	93.6405045	5.263030799	1.096464696				2.770523752E-05	0	99.99997229	47.40668255	52.59331745	0				-615.19606	0.508970734	NaN	
615.03606	88	5	7	1	0.508970734	93.6405045	5.263030799	1.096464696				2.770523752E-05	0	99.99997229	47.40668255	52.59331745	0				-615.03606	0.508970734	NaN	
614.87606	88	5	7	1	0.508970734	93.6405045	5.263030799	1.096464696				2.770523752E-05	0	99.99997229	47.40668255	52.59331745	0				-614.87606	0.508970734	NaN	
614.71606	88	5	7	1	0.508970734	93.6405045	5.263030799	1.096464696				2.770523752E-05	0	99.99997229	47.40668255	52.59331745	0				-614.71606	0.508970734	NaN	
614.55606	88	5	7	1	0.508970734	93.6405045	5.263030799	1.096464696				2.770523752E-05	0	99.99997229	47.40668255	52.59331745	0				-614.55606	0.508970734	NaN	
614.39606	88	5	7	1	0.508970734	93.6405045	5.263030799	1.096464696				2.770523752E-05	0	99.99997229	47.40668255	52.59331745	0				-614.39606	0.508970734	NaN	
614.23606	88	5	7	1	0.508970734	93.6405045	5.263030799	1.096464696				2.770523752E-05	0	99.99997229	47.40668255	52.59331745	0				-614.23606	0.508970734	NaN	
614.07606	88	5	7	1	0.508970734	93.6405045	5.263030799	1.096464696				2.770523752E-05	0	99.99997229	47.40668255	52.59331745	0				-614.07606	0.508970734	NaN	
613.91606	88	5	7	1	0.508970734	93.6405045	5.263030799	1.096464696				2.770523752E-05	0	99.99997229	47.40668255	52.59331745	0				-613.91606	0.508970734	NaN	
613.75606	88	5	7	1	0.508970734	93.6405045	5.263030799	1.096464696				2.770523752E-05	0	99.99997229	47.40668255	52.59331745	0				-613.75606	0.508970734	NaN	
613.59606	88	5	7	1	0.508970734	93.6405045	5.263030799	1.096464696				2.770523752E-05	0	99.99997229	47.40668255	52.59331745	0				-613.59606	0.508970734	NaN	
613.43606	88	5	7	1	0.508970734	93.6405045	5.263030799	1.096464696				2.770523752E-05	0	99.99997229	47.40668255	52.59331745	0				-613.43606	0.508970734	NaN	
613.27606	88	5	7	1	0.508970734	93.6405045	5.263030799	1.096464696				2.770523752E-05	0	99.99997229	47.40668255	52.59331745	0				-613.27606	0.508970734	NaN	
613.11606	88	5	7	1	0.508970734	93.6405045	5.263030799	1.096464696				2.770523752E-05	0	99.99997229	47.40668255	52.59331745	0				-613.11606	0.508970734	NaN	
612.95606	88	5	7	1	0.508970734	93.6405045	5.263030799	1.096464696				2.770523752E-05	0	99.99997229	47.40668255	52.59331745	0				-612.95606	0.508970734	NaN	
612.79606	88	5	7	1	0.508970734	93.6405045	5.263030799	1.096464696				2.770523752E-05	0	99.99997229	47.40668255	52.59331745	0				-612.79606	0.508970734	NaN	
612.63606	88	5	7	1	0.508970734	93.6405045	5.263030799	1.096464696				2.770523752E-05	0	99.99997229	47.40668255	52.59331745	0				-612.63606	0.508970734	NaN	
612.47606	88	5	7	1	0.508970734	93.6405045	5.263030799	1.096464696				2.770523752E-05	0	99.99997229	47.40668255	52.59331745	0				-612.47606	0.508970734	NaN	
612.31606	88	5	7	1	0.508970734	93.6405045	5.263030799	1.096464696				2.770523752E-05	0	99.99997229	47.40668255	52.59331745	0				-612.31606	0.508970734	NaN	
612.15606	88	5	7	1	0.508970734	93.6405045	5.263030799	1.096464696				2.770523752E-05	0	99.99997229	47.40668255	52.59331745	0				-612.15606	0.508970734	NaN	
611.99606	88	5	7	1	0.508970734	93.6405045	5.263030799	1.096464696				2.770523752E-05	0	99.99997229	47.40668255	52.59331745	0				-611.99606	0.508970734	NaN	
611.83606	88	5	7	1	0.508970734	93.6405045	5.263030799	1.096464696				2.770523752E-05	0	99.99997229	47.40668255	52.59331745	0				-611.83606	0.508970734	NaN	
611.67606	88	5	7	1	0.508970734	93.6405045	5.263030799	1.096464696				2.770523752E-05	0	99.99997229	47.40668255	52.59331745	0				-611.67606	0.508970734	NaN	
611.51606	88	5	7	1	0.508970734	93.6405045	5.263030799	1.096464696				2.770523752E-05	0	99.99997229	47.40668255	52.59331745	0				-611.51606	0.508970734	NaN	
611.35606	88	5	7	1	0.508970734	93.6405045	5.263030799	1.096464696				2.770523752E-05	0	99.99997229	47.40668255	52.59331745	0				-611.35606	0.508970734	NaN	
611.19606	88	5	7	1	0.508970734	93.6405045	5.263030799	1.096464696				2.770523752E-05	0	99.99997229	47.40668255	52.59331745	0				-611.19606	0.508970734	NaN	
611.03606	88	5	7	1	0.508970734	93.6405045	5.263030799	1.096464696				2.770523752E-05	0	99.99997229	47.40668255	52.59331745	0				-611.03606	0.508970734	NaN	
610.87606	88	5	7	1	0.508970734	93.6405045	5.263030799	1.096464696				2.770523752E-05	0	99.99997229	47.40668255	52.59331745	0				-610.87606	0.508970734	NaN	
610.71606	88	5	7	1	0.508970734	93.6405045	5.263030799	1.096464696				2.770523752E-05	0	99.99997229	47.40668255	52.59331745	0				-610.71606	0.508970734	NaN	
610.55606	88	5	7	1	0.508970734	93.6405045	5.263030799	1.096464696				2.770523752E-05	0	99.99997229	47.40668255	52.59331745	0				-610.55606	0.508970734	NaN	
610.39606	88	5	7	1	0.508970734	93.6405045	5.263030799	1.096464696				2.770523752E-05	0	99.99997229	47.40668255	52.59331745	0				-610.39606	0.508970734	NaN	
610.23606	88	5	7	1	0.508970734	93.6405045	5.263030799	1.096464696				2.770523752E-05	0	99.99997229	47.40668255	52.59331745	0				-610.23606	0.508970734	NaN	
610.07606	88	5	7	1	0.508970734	93.6405045	5.263030799	1.096464696				2.770523752E-05	0	99.99997229	47.40668255	52.59331745	0				-610.07606	0.508970734	NaN	
609.91606	88	5	7	1	0.508970734	93.6405045	5.263030799	1.096464696				2.770523752E-05	0	99.99997229	47.40668255	52.59331745	0				-609.91606	0.508970734	NaN	
609.75606	88	5	7	1	0.508970734	93.6405045	5.263030799	1.096464696				2.770523752E-05	0	99.99997229	47.40668255	52.59331745	0				-609.75606	0.508970734	NaN	
609.59606	88	5	7	1	0.508970734	93.6405045	5.263030799	1.096464696				2.770523752E-05	0	99.99997229	47.40668255	52.59331745	0				-609.59606	0.508970734	NaN	
609.43606	88	5	7	1	0.508970734	93.6405045	5.263030799	1.096464696				2.770523752E-05	0	99.99997229	47.40668255	52.59331745	0				-609.43606	0.508970734	NaN	
609.27606	88	5	7	1	0.508970734	93.6405045	5.263030799	1.096464696				2.770523752E-05	0	99.99997229	47.40668255	52.59331745	0				-609.27606	0.508970734	NaN	
609.11606	88	5	7	1	0.508970734	93.6405045	5.263030799	1.096464696				2.770523752E-05	0	99.99997229	47.40668255	52.59331745	0				-609.11606	0.508970734	NaN	
608.95606	88	5	7	1	0.508970734	93.6405045	5.263030799	1.096464696				2.770523752E-05	0	99.99997229	47.40668255	52.59331745	0				-608.95606	0.508970734	NaN	
608.79606	88	5	7	1	0.508970734	93.6405045	5.263030799	1.096464696				2.770523752E-05	0	99.99997229	47.40668255	52.59331745	0				-608.79606	0.508970734	NaN	
608.63606	88	5	7	1	0.508970734	93.6405045	5.263030799	1.096464696				2.770523752E-05	0	99.99997229	47.40668255	52.59331745	0				-608.63606	0.508970734	NaN	
608.47606	88	5	7	1	0.508970734	93.6405045	5.263030799	1.096464696				2.770523752E-05	0	99.99997229	47.40668255	52.59331745	0				-608.47606	0.508970734	NaN	
608.31606	88	5	7	1	0.508970734	93.6405045	5.263030799	1.096464696				2.770523752E-05	0	99.99997229	47.40668255	52.59331745	0				-608.31606	0.508970734	NaN	
608.15606	88	5	7	1	0.508970734	93.6405045	5.263030799	1.096464696				2.770523752E-05	0	99.99997229	47.40668255	52.59331745	0				-608.15606	0.508970734	NaN	
607.99606	88	5	7	1	0.508970734	93.6405045	5.263030799	1.096464696				2.770523752E-05	0	99.99997229	47.40668255	52.59331745	0				-607.99606	0.508970734	NaN	
607.83606	88	5	7	1	0.508970734	93.6405045	5.263030799	1.096464696				2.770523752E-05	0	99.99997229	47.40668255	52.59331745	0				-607.83606	0.508970734	NaN	
607.67606	88	5	7	1	0.508970734	93.6405045	5.263030799	1.096464696				2.770523752E-05	0	99.99997229	47.40668255	52.59331745	0				-607.67606	0.508970734	NaN	
607.51606	88	5	7	1	0.508970734	93.6405045	5.263030799	1.096464696				2.770523752E-05	0	99.99997229	47.40668255	52.59331745	0				-607.51606	0.508970734	NaN	
607.35606	88	5	7	1	0.508970734	93.6405045	5.263030799	1.096464696				2.770523752E-05	0	99.99997229	47.40668255	52.59331745	0				-607.35606	0.508970734	NaN	
607.19606	88	5	7	1	0.508970734	93.6405045	5.263030799	1.096464696				2.770523752E-05	0	99.99997229	47.40668255	52.59331745	0				-607.19606	0.508970734	NaN	
607.03606	88	5	7	1	0.508970734	93.6405045	5.263030799	1.096464696				2.770523752E-05	0	99.99997229	47.40668255	52.59331745	0				-607.03606	0.508970734	NaN	
606.87606	88	5	7	1	0.508970734	93.6405045	5.263030799	1.096464696				2.770523752E-05	0	99.99997229	47.40668255	52.59331745	0				-606.87606	0.508970734	NaN	
606.71606	88	5	7	1	0.508970734	93.6405045	5.263030799	1.096464696				2.770523752E-05	0	99.99997229	47.40668255	52.59331745	0				-606.71606	0.508970734	NaN	
606.55606	88	5	7	1	0.508970734	93.6405045	5.263030799	1.096464696				2.770523752E-05	0	99.99997229	47.40668255	52.59331745	0				-606.55606	0.508970734	NaN	
606.39606	88	5	7	1	0.508970734	93.6405045	5.263030799	1.096464696				2.770523752E-05	0	99.99997229	47.40668255	52.59331745	0				-606.39606	0.508970734	NaN	
606.23606	88	5	7	1	0.508970734	93.6405045	5.263030799	1.096464696				2.770523752E-05	0	99.99997229	47.40668255	52.59331745	0				-606.23606	0.508970734	NaN	
606.07606	88	5	7	1	0.508970734	93.6405045	5.263030799	1.096464696				2.770523752E-05	0	99.99997229	47.40668255	52.59331745	0				-606.07606	0.508970734	NaN	
605.91606	88	5	7	1	0.508970734	93.6405045	5.263030799	1.096464696				2.770523752E-05	0	99.99997229	47.40668255	52.59331745	0				-605.91606	0.508970734	NaN	
605.75606	88	5	7	1	0.508970734	93.6405045	5.263030799	1.096464696				2.770523752E-05	0	99.99997229	47.40668255	52.59331745	0				-605.75606	0.508970734	NaN	
605.59606	88	5	7	1	0.508970734	93.6405045	5.263030799	1.096464696				2.770523752E-05	0	99.99997229	47.40668255	52.59331745	0				-605.59606	0.508970734	NaN	
605.43606	88	5	7	1	0.508970734	93.6405045	5.263030799	1.096464696				2.770523752E-05	0	99.99997229	47.40668255	52.59331745	0				-605.43606	0.508970734	NaN	
605.27606	88	5	7	1	0.508970734	93.6405045	5.263030799	1.096464696				2.770523752E-05	0	99.99997229	47.40668255	52.59331745	0				-605.27606	0.508970734	NaN	
605.11606	88	5	7	1	0.508970734	93.6405045	5.263030799	1.096464696				2.770523752E-05	0	99.99997229	47.40668255	52.59331745	0				-605.11606	0.508970734	NaN	
604.95606	88	5	7	1	0.508970734	93.6405045	5.263030799	1.096464696				2.770523752E-05	0	99.99997229	47.40668255	52.59331745	0				-604.95606	0.508970734	NaN	
604.79606	88	5	7	1	0.508970734	93.6405045	5.263030799	1.096464696				2.770523752E-05	0	99.99997229	47.40668255	52.59331745	0				-604.79606	0.508970734	NaN	
604.63606	88	5	7	1	0.508970734	93.6405045	5.263030799	1.096464696				2.770523752E-05	0	99.99997229	47.40668255	52.59331745	0				-604.63606	0.508970734	NaN	
604.47606	88	5	7	1	0.508970734	93.6405045	5.263030799	1.096464696				2.770523752E-05	0	99.99997229	47.40668255	52.59331745	0				-604.47606	0.508970734	NaN	
604.31606	88	5	7	1	0.508970734	93.6405045	5.263030799	1.096464696				2.770523752E-05	0	99.99997229	47.40668255	52.59331745	0				-604.31606	0.508970734	NaN	
604.15606	88	5	7	1	0.508970734	93.6405045	5.263030799	1.096464696				2.770523752E-05	0	99.99997229	47.40668255	52.59331745	0				-604.15606	0.508970734	NaN	
603.99606	88	5	7	1	0.508970734	93.6405045	5.263030799	1.096464696				2.770523752E-05	0	99.99997229	47.40668255	52.59331745	0				-603.99606	0.508970734	NaN	
603.83606	88	5	7	1	0.508970734	93.6405045	5.263030799	1.096464696				2.770523752E-05	0	99.99997229	47.40668255	52.59331745	0				-603.83606	0.508970734	NaN	
603.67606	88	5	7	1	0.508970734	93.6405045	5.263030799	1.096464696				2.770523752E-05	0	99.99997229	47.40668255	52.59331745	0				-603.67606	0.508970734	NaN	
603.51606	88	5	7	1	0.508970734	93.6405045	5.263030799	1.096464696				2.770523752E-05	0	99.99997229	47.40668255	52.59331745	0				-603.51606	0.508970734	NaN	
603.35606	88	5	7	1	0.508970734	93.6405045	5.263030799	1.096464696				2.770523752E-05	0	99.99997229	47.40668255	52.59331745	0				-603.35606	0.508970734	NaN	
603.19606	88	5	7	1	0.508970734	93.6405045	5.263030799	1.096464696				2.770523752E-05	0	99.99997229	47.40668255	52.59331745	0				-603.19606	0.508970734	NaN	
603.03606	88	5	7	1	0.508970734	93.6405045	5.263030799	1.096464696				2.770523752E-05	0	99.99997229	47.40668255	52.59331745	0				-603.03606	0.508970734	NaN	
602.87606	88	5	7	1	0.508970734	93.6405045	5.263030799	1.096464696				2.770523752E-05	0	99.99997229	47.40668255	52.59331745	0				-602.87606	0.508970734	NaN	
602.71606	88	5	7	1	0.508970734	93.6405045	5.263030799	1.096464696				2.770523752E-05	0	99.99997229	47.40668255	52.59331745	0				-602.71606	0.508970734	NaN	
602.55606	88	5	7	1	0.508970734	93.6405045	5.263030799	1.096464696				2.770523752E-05	0	99.99997229	47.40668255	52.59331745	0				-602.55606	0.508970734	NaN	
602.39606	88	5	7	1	0.508970734	93.6405045	5.263030799	1.096464696				2.770523752E-05	0	99.99997229	47.40668255	52.59331745	0				-602.39606	0.508970734	NaN	
602.23606	88	5	7	1	0.508970734	93.6405045	5.263030799	1.096464696				2.770523752E-05	0	99.99997229	47.40668255	52.59331745	0				-602.23606	0.508970734	NaN	
602.07606	88	5	7	1	0.508970734	93.6405045	5.263030799	1.096464696				2.770523752E-05	0	99.99997229	47.40668255	52.59331745	0				-602.07606	0.508970734	NaN	
601.91606	88	5	7	1	0.508970734	93.6405045	5.263030799	1.096464696				2.770523752E-05	0	99.99997229	47.40668255	52.59331745	0				-601.91606	0.508970734	NaN	
601.75606	88	5	7	1	0.508970734	93.6405045	5.263030799	1.096464696				2.770523752E-05	0	99.99997229	47.40668255	52.59331745	0				-601.75606	0.508970734	NaN	
601.59606	88	5	7	1	0.508970734	93.6405045	5.263030799	1.096464696				2.770523752E-05	0	99.99997229	47.40668255	52.59331745	0				-601.59606	0.508970734	NaN	
601.43606	88	5	7	1	0.508970734	93.6405045	5.263030799	1.096464696				2.770523752E-05	0	99.99997229	47.40668255	52.59331745	0				-601.43606	0.508970734	NaN	
601.27606	88	5	7	1	0.508970734	93.6405045	5.263030799	1.096464696				2.770523752E-05	0	99.99997229	47.40668255	52.59331745	0				-601.27606	0.508970734	NaN	
601.11606	88	5	7	1	0.508970734	93.6405045	5.263030799	1.096464696				2.770523752E-05	0	99.99997229	47.40668255	52.59331745	0				-601.11606	0.508970734	NaN	
600.95606	88	5	7	1	0.508970734	93.6405045	5.263030799	1.096464696				2.770523752E-05	0	99.99997229	47.40668255	52.59331745	0				-600.95606	0.508970734	NaN	
600.79606	88	5	7	1	0.508970734	93.6405045	5.263030799	1.096464696				2.770523752E-05	0	99.99997229	47.40668255	52.59331745	0				-600.79606	0.508970734	NaN	
600.63606	88	5	7	1	0.508970734	93.6405045	5.263030799	1.096464696				2.770523752E-05	0	99.99997229	47.40668255	52.59331745	0				-600.63606	0.508970734	NaN	
600.47606	88	5	7	1	0.508970734	93.6405045	5.263030799	1.096464696				2.770523752E-05	0	99.99997229	47.40668255	52.59331745	0				-600.47606	0.508970734	NaN	
600.31606	88	5	7	1	0.508970734	93.6405045	5.263030799	1.096464696				2.770523752E-05	0	99.99997229	47.40668255	52.59331745	0				-600.31606	0.508970734	NaN	
600.15606	88	5	7	1	0.508970734	93.6405045	5.263030799	1.096464696				2.770523752E-05	0	99.99997229	47.40668255	52.59331745	0				-600.15606	0.508970734	NaN	
599.99606	88	5	7	1	0.508970734	93.6405045	5.263030799	1.096464696				2.770523752E-05	0	99.99997229	47.40668255	52.59331745	0				-599.99606	0.508970734	NaN	
599.83606	88	5	7	1	0.508970734	93.6405045	5.263030799	1.096464696				2.770523752E-05	0	99.99997229	47.40668255	52.59331745	0				-599.83606	0.508970734	NaN	
599.67606	88	5	7	1	0.508970734	93.6405045	5.263030799	1.096464696				2.770523752E-05	0	99.99997229	47.40668255	52.59331745	0				-599.67606	0.508970734	NaN	
599.51606	88	5	7	1	0.508970734	93.6405045	5.263030799	1.096464696				2.770523752E-05	0	99.99997229	47.40668255	52.59331745	0				-599.51606	0.508970734	NaN	
599.35606	88	5	7	1	0.508970734	93.6405045	5.263030799	1.096464696				2.770523752E-05	0	99.99997229	47.40668255	52.59331745	0				-599.35606	0.508970734	NaN	
599.19606	88	5	7	1	0.508970734	93.6405045	5.263030799	1.096464696				2.770523752E-05	0	99.99997229	47.40668255	52.59331745	0				-599.19606	0.508970734	NaN	
599.03606	88	5	7	1	0.508970734	93.6405045	5.263030799	1.096464696				2.770523752E-05	0	99.99997229	47.40668255	52.59331745	0				-599.03606	0.508970734	NaN	
598.87606	88	5	7	1	0.508970734	93.6405045	5.263030799	1.096464696				2.770523752E-05	0	99.99997229	47.40668255	52.59331745	0				-598.87606	0.508970734	NaN	
598.71606	88	5	7	1	0.508970734	93.6405045	5.263030799	1.096464696				2.770523752E-05	0	99.99997229	47.40668255	52.59331745	0				-598.71606	0.508970734	NaN	
598.55606	88	5	7	1	0.508970734	93.6405045	5.263030799	1.096464696				2.770523752E-05	0	99.99997229	47.40668255	52.59331745	0				-598.55606	0.508970734	NaN	
598.39606	88	5	7	1	0.508970734	93.6405045	5.263030799	1.096464696				2.770523752E-05	0	99.99997229	47.40668255	52.59331745	0				-598.39606	0.508970734	NaN	
598.23606	88	5	7	1	0.508970734	93.6405045	5.263030799	1.096464696				2.770523752E-05	0	99.99997229	47.40668255	52.59331745	0				-598.23606	0.508970734	NaN	
598.07606	88	5	7	1	0.508970734	93.6405045	5.263030799	1.096464696				2.770523752E-05	0	99.99997229	47.40668255	52.59331745	0				-598.07606	0.508970734	NaN	
597.91606	88	5	7	1	0.508970734	93.6405045	5.263030799	1.096464696				2.770523752E-05	0	99.99997229	47.40668255	52.59331745	0				-597.91606	0.508970734	NaN	
597.75606	88	5	7	1	0.508970734	93.6405045	5.263030799	1.096464696				2.770523752E-05	0	99.99997229	47.40668255	52.59331745	0				-597.75606	0.508970734	NaN	
597.59606	88	5	7	1	0.508970734	93.6405045	5.263030799	1.096464696				2.770523752E-05	0	99.99997229	47.40668255	52.59331745	0				-597.59606	0.508970734	NaN	
597.43606	88	5	7	1	0.508970734	93.6405045	5.263030799	1.096464696				2.770523752E-05	0	99.99997229	47.40668255	52.59331745	0				-597.43606	0.508970734	NaN	
597.27606	88	5	7	1	0.508970734	93.6405045	5.263030799	1.096464696				2.770523752E-05	0	99.99997229	47.40668255	52.59331745	0				-597.27606	0.508970734	NaN	
597.11606	88	5	7	1	0.508970734	93.6405045	5.263030799	1.096464696				2.770523752E-05	0	99.99997229	47.40668255	52.59331745	0				-597.11606	0.508970734	NaN	
596.95606	88	5	7	1	0.508970734	93.6405045	5.263030799	1.096464696				2.770523752E-05	0	99.99997229	47.40668255	52.59331745	0				-596.95606	0.508970734	NaN	
596.79606	88	5	7	1	0.508970734	93.6405045	5.263030799	1.096464696				2.770523752E-05	0	99.99997229	47.40668255	52.59331745	0				-596.79606	0.508970734	NaN	
596.63606	88	5	7	1	0.508970734	93.6405045	5.263030799	1.096464696				2.770523752E-05	0	99.99997229	47.40668255	52.59331745	0				-596.63606	0.508970734	NaN	
596.47606	88	5	7	1	0.508970734	93.6405045	5.263030799	1.096464696				2.770523752E-05	0	99.99997229	47.40668255	52.59331745	0				-596.47606	0.508970734	NaN	
596.31606	88	5	7	1	0.508970734	93.6405045	5.263030799	1.096464696				2.770523752E-05	0	99.99997229	47.40668255	52.59331745	0				-596.31606	0.508970734	NaN	
596.15606	88	5	7	1	0.508970734	93.6405045	5.263030799	1.096464696				2.770523752E-05	0	99.99997229	47.40668255	52.59331745	0				-596.15606	0.508970734	NaN	
595.99606	88	5	7	1	0.508970734	93.6405045	5.263030799	1.096464696				2.770523752E-05	0	99.99997229	47.40668255	52.59331745	0				-595.99606	0.508970734	NaN	
595.83606	88	5	7	1	0.508970734	93.6405045	5.263030799	1.096464696				2.770523752E-05	0	99.99997229	47.40668255	52.59331745	0				-595.83606	0.508970734	NaN	
595.67606	88	5	7	1	0.508970734	93.6405045	5.263030799	1.096464696				2.770523752E-05	0	99.99997229	47.40668255	52.59331745	0				-595.67606	0.508970734	NaN	
595.51606	88	5	7	1	0.508970734	93.6405045	5.263030799	1.096464696				2.770523752E-05	0	99.99997229	47.40668255	52.59331745	0				-595.51606	0.508970734	NaN	
595.35606	88	5	7	1	0.508970734	93.6405045	5.263030799	1.096464696				2.770523752E-05	0	99.99997229	47.40668255	52.59331745	0				-595.35606	0.508970734	NaN	
595.19606	88	5	7	1	0.508970734	93.6405045	5.263030799	1.096464696				2.770523752E-05	0	99.99997229	47.40668255	52.59331745	0				-595.19606	0.508970734	NaN	
595.03606	88	5	7	1	0.508970734	93.6405045	5.263030799	1.096464696				2.770523752E-05	0	99.99997229	47.40668255	52.59331745	0				-595.03606	0.508970734	NaN	
594.87606	88	5	7	1	0.508970734	93.6405045	5.263030799	1.096464696				2.770523752E-05	0	99.99997229	47.40668255	52.59331745	0				-594.87606	0.508970734	NaN	
594.71606	88	5	7	1	0.508970734	93.6405045	5.263030799	1.096464696				2.770523752E-05	0	99.99997229	47.40668255	52.59331745	0				-594.71606	0.508970734	NaN	
594.55606	88	5	7	1	0.508970734	93.6405045	5.263030799	1.096464696				2.770523752E-05	0	99.99997229	47.40668255	52.59331745	0				-594.55606	0.508970734	NaN	
594.39606	88	5	7	1	0.508970734	93.6405045	5.263030799	1.096464696				2.770523752E-05	0	99.99997229	47.40668255	52.59331745	0				-594.39606	0.508970734	NaN	
594.23606	88	5	7	1	0.508970734	93.6405045	5.263030799	1.096464696				2.770523752E-05	0	99.99997229	47.40668255	52.59331745	0				-594.23606	0.508970734	NaN	
594.07606	88	5	7	1	0.508970734	93.6405045	5.263030799	1.096464696				2.770523752E-05	0	99.99997229	47.40668255	52.59331745	0				-594.07606	0.508970734	NaN	
593.91606	88	5	7	1	0.508970734	93.6405045	5.263030799	1.096464696				2.770523752E-05	0	99.99997229	47.40668255	52.59331745	0				-593.91606	0.508970734	NaN	
593.75606	88	5	7	1	0.508970734	93.6405045	5.263030799	1.096464696				2.770523752E-05	0	99.99997229	47.40668255	52.59331745	0				-593.75606	0.508970734	NaN	
593.59606	88	5	7	1	0.508970734	93.6405045	5.263030799	1.096464696				2.770523752E-05	0	99.99997229	47.40668255	52.59331745	0				-593.59606	0.508970734	NaN	
593.43606	88	5	7	1	0.508970734	93.6405045	5.263030799	1.096464696				2.770523752E-05	0	99.99997229	47.40668255	52.59331745	0				-593.43606	0.508970734	NaN	
593.27606	88	5	7	1	0.508970734	93.6405045	5.263030799	1.096464696				2.770523752E-05	0	99.99997229	47.40668255	52.59331745	0				-593.27606	0.508970734	NaN	
593.11606	88	5	7	1	0.508970734	93.6405045	5.263030799	1.096464696				2.770523752E-05	0	99.99997229	47.40668255	52.59331745	0				-593.11606	0.508970734	NaN	
592.95606	88	5	7	1	0.508970734	93.6405045	5.263030799	1.096464696				2.770523752E-05	0	99.99997229	47.40668255	52.59331745	0				-592.95606	0.508970734	NaN	
592.79606	88	5	7	1	0.508970734	93.6405045	5.263030799	1.096464696				2.770523752E-05	0	99.99997229	47.40668255	52.59331745	0				-592.79606	0.508970734	NaN	
592.63606	88	5	7	1	0.508970734	93.6405045	5.263030799	1.096464696				2.770523752E-05	0	99.99997229	47.40668255	52.59331745	0				-592.63606	0.508970734	NaN	
592.47606	88	5	7	1	0.508970734	93.6405045	5.263030799	1.096464696				2.770523752E-05	0	99.99997229	47.40668255	52.59331745	0				-592.47606	0.508970734	NaN	
592.31606	88	5	7	1	0.508970734	93.6405045	5.263030799	1.096464696				2.770523752E-05	0	99.99997229	47.40668255	52.59331745	0				-592.31606	0.508970734	NaN	
592.15606	88	5	7	1	0.508970734	93.6405045	5.263030799	1.096464696				2.770523752E-05	0	99.99997229	47.40668255	52.59331745	0				-592.15606	0.508970734	NaN	
591.99606	88	5	7	1	0.508970734	93.6405045	5.263030799	1.096464696				2.770523752E-05	0	99.99997229	47.40668255	52.59331745	0				-591.99606	0.508970734	NaN	
591.83606	88	5	7	1	0.508970734	93.6405045	5.263030799	1.096464696				2.770523752E-05	0	99.99997229	47.40668255	52.59331745	0				-591.83606	0.508970734	NaN	
591.67606	88	5	7	1	0.508970734	93.6405045	5.263030799	1.096464696				2.770523752E-05	0	99.99997229	47.40668255	52.59331745	0				-591.67606	0.508970734	NaN	
591.51606	88	5	7	1	0.508970734	93.6405045	5.263030799	1.096464696				2.770523752E-05	0	99.99997229	47.40668255	52.59331745	0				-591.51606	0.508970734	NaN	
591.35606	88	5	7	1	0.508970734	93.6405045	5.263030799	1.096464696				2.770523752E-05	0	99.99997229	47.40668255	52.59331745	0				-591.35606	0.508970734	NaN	
591.19606	88	5	7	1	0.508970734	93.6405045	5.263030799	1.096464696				2.770523752E-05	0	99.99997229	47.40668255	52.59331745	0				-591.19606	0.508970734	NaN	
591.03606	88	5	7	1	0.508970734	93.6405045	5.263030799	1.096464696				2.770523752E-05	0	99.99997229	47.40668255	52.59331745	0				-591.03606	0.508970734	NaN	
590.87606	88	5	7	1	0.508970734	93.6405045	5.263030799	1.096464696				2.770523752E-05	0	99.99997229	47.40668255	52.59331745	0				-590.87606	0.508970734	NaN	
590.71606	88	5	7	1	0.508970734	93.6405045	5.263030799	1.096464696				2.770523752E-05	0	99.99997229	47.40668255	52.59331745	0				-590.71606	0.508970734	NaN	
590.55606	88	5	7	1	0.508970734	93.6405045	5.263030799	1.096464696				2.770523752E-05	0	99.99997229	47.40668255	52.59331745	0				-590.55606	0.508970734	NaN	
590.39606	88	5	7	1	0.508970734	93.6405045	5.263030799	1.096464696				2.770523752E-05	0	99.99997229	47.40668255	52.59331745	0				-590.39606	0.508970734	NaN	
590.23606	88	5	7	1	0.508970734	93.6405045	5.263030799	1.096464696				2.770523752E-05	0	99.99997229	47.40668255	52.59331745	0				-590.23606	0.508970734	NaN	
590.07606	88	5	7	1	0.508970734	93.6405045	5.263030799	1.096464696				2.770523752E-05	0	99.99997229	47.40668255	52.59331745	0				-590.07606	0.508970734	NaN	
589.91606	88	5	7	1	0.508970734	93.6405045	5.263030799	1.096464696				2.770523752E-05	0	99.99997229	47.40668255	52.59331745	0				-589.91606	0.508970734	NaN	
589.75606	88	5	7	1	0.508970734	93.6405045	5.263030799	1.096464696				2.770523752E-05	0	99.99997229	47.40668255	52.59331745	0				-589.75606	0.508970734	NaN	
589.59606	88	5	7	1	0.508970734	93.6405045	5.263030799	1.096464696				2.770523752E-05	0	99.99997229	47.40668255	52.59331745	0				-589.59606	0.508970734	NaN	
589.43606	88	5	7	1	0.508970734	93.6405045	5.263030799	1.096464696				2.770523752E-05	0	99.99997229	47.40668255	52.59331745	0				-589.43606	0.508970734	NaN	
589.27606	88	5	7	1	0.508970734	93.6405045	5.263030799	1.096464696				2.770523752E-05	0	99.99997229	47.40668255	52.59331745	0				-589.27606	0.508970734	NaN	
589.11606	88	5	7	1	0.508970734	93.6405045	5.263030799	1.096464696				2.770523752E-05	0	99.99997229	47.40668255	52.59331745	0				-589.11606	0.508970734	NaN	
588.95606	88	5	7	1	0.508970734	93.6405045	5.263030799	1.096464696				2.770523752E-05	0	99.99997229	47.40668255	52.59331745	0				-588.95606	0.508970734	NaN	
588.79606	88	5	7	1	0.508970734	93.6405045	5.263030799	1.096464696				2.770523752E-05	0	99.99997229	47.40668255	52.59331745	0				-588.79606	0.508970734	NaN	
588.63606	88	5	7	1	0.508970734	93.6405045	5.263030799	1.096464696				2.770523752E-05	0	99.99997229	47.40668255	52.59331745	0				-588.63606	0.508970734	NaN	
588.47606	88	5	7	1	0.508970734	93.6405045	5.263030799	1.096464696				2.770523752E-05	0	99.99997229	47.40668255	52.59331745	0				-588.47606	0.508970734	NaN	
588.31606	88	5	7	1	0.508970734	93.6405045	5.263030799	1.096464696				2.770523752E-05	0	99.99997229	47.40668255	52.59331745	0				-588.31606	0.508970734	NaN	
588.15606	88	5	7	1	0.508970734	93.6405045	5.263030799	1.096464696				2.770523752E-05	0	99.99997229	47.40668255	52.59331745	0				-588.15606	0.508970734	NaN	
587.99606	88	5	7	1	0.508970734	93.6405045	5.263030799	1.096464696				2.770523752E-05	0	99.99997229	47.40668255	52.59331745	0				-587.99606	0.508970734	NaN	
587.83606	88	5	7	1	0.508970734	93.6405045	5.263030799	1.096464696				2.770523752E-05	0	99.99997229	47.40668255	52.59331745	0				-587.83606	0.508970734	NaN	
587.67606	88	5	7	1	0.508970734	93.6405045	5.263030799	1.096464696				2.770523752E-05	0	99.99997229	47.40668255	52.59331745	0				-587.67606	0.508970734	NaN	
587.51606	88	5	7	1	0.508970734	93.6405045	5.263030799	1.096464696				2.770523752E-05	0	99.99997229	47.40668255	52.59331745	0				-587.51606	0.508970734	NaN	
587.35606	88	5	7	1	0.508970734	93.6405045	5.263030799	1.096464696				2.770523752E-05	0	99.99997229	47.40668255	52.59331745	0				-587.35606	0.508970734	NaN	
587.19606	88	5	7	1	0.508970734	93.6405045	5.263030799	1.096464696				2.770523752E-05	0	99.99997229	47.40668255	52.59331745	0				-587.19606	0.508970734	NaN	
587.03606	88	5	7	1	0.508970734	93.6405045	5.263030799	1.096464696				2.770523752E-05	0	99.99997229	47.40668255	52.59331745	0				-587.03606	0.508970734	NaN	
586.87606	88	5	7	1	0.508970734	93.6405045	5.263030799	1.096464696				2.770523752E-05	0	99.99997229	47.40668255	52.59331745	0				-586.87606	0.508970734	NaN	
586.71606	88	5	7	1	0.508970734	93.6405045	5.263030799	1.096464696				2.770523752E-05	0	99.99997229	47.40668255	52.59331745	0				-586.71606	0.508970734	NaN	
586.55606	88	5	7	1	0.508970734	93.6405045	5.263030799	1.096464696				2.770523752E-05	0	99.99997229	47.40668255	52.59331745	0				-586.55606	0.508970734	NaN	
586.39606	88	5	7	1	0.508970734	93.6405045	5.263030799	1.096464696				2.770523752E-05	0	99.99997229	47.40668255	52.59331745	0				-586.39606	0.508970734	NaN	
586.23606	88	5	7	1	0.508970734	93.6405045	5.263030799	1.096464696				2.770523752E-05	0	99.99997229	47.40668255	52.59331745	0				-586.23606	0.508970734	NaN	
586.07606	88	5	7	1	0.508970734	93.6405045	5.263030799	1.096464696				2.770523752E-05	0	99.99997229	47.40668255	52.59331745	0				-586.07606	0.508970734	NaN	
585.91606	88	5	7	1	0.508970734	93.6405045	5.263030799	1.096464696				2.770523752E-05	0	99.99997229	47.40668255	52.59331745	0				-585.91606	0.508970734	NaN	
585.75606	88	5	7	1	0.508970734	93.6405045	5.263030799	1.096464696				2.770523752E-05	0	99.99997229	47.40668255	52.59331745	0				-585.75606	0.508970734	NaN	
585.59606	88	5	7	1	0.508970734	93.6405045	5.263030799	1.096464696				2.770523752E-05	0	99.99997229	47.40668255	52.59331745	0				-585.59606	0.508970734	NaN	
585.43606	88	5	7	1	0.508970734	93.6405045	5.263030799	1.096464696				2.770523752E-05	0	99.99997229	47.40668255	52.59331745	0				-585.43606	0.508970734	NaN	
585.27606	88	5	7	1	0.508970734	93.6405045	5.263030799	1.096464696				2.770523752E-05	0	99.99997229	47.40668255	52.59331745	0				-585.27606	0.508970734	NaN	
585.11606	88	5	7	1	0.508970734	93.6405045	5.263030799	1.096464696				2.770523752E-05	0	99.99997229	47.40668255	52.59331745	0				-585.11606	0.508970734	NaN	
584.95606	88	5	7	1	0.508970734	93.6405045	5.263030799	1.096464696				2.770523752E-05	0	99.99997229	47.40668255	52.59331745	0				-584.95606	0.508970734	NaN	
584.79606	88	5	7	1	0.508970734	93.6405045	5.263030799	1.096464696				2.770523752E-05	0	99.99997229	47.40668255	52.59331745	0				-584.79606	0.508970734	NaN	
584.63606	88	5	7	1	0.508970734	93.6405045	5.263030799	1.096464696				2.770523752E-05	0	99.99997229	47.40668255	52.59331745	0				-584.63606	0.508970734	NaN	
584.47606	88	5	7	1	0.508970734	93.6405045	5.263030799	1.096464696				2.770523752E-05	0	99.99997229	47.40668255	52.59331745	0				-584.47606	0.508970734	NaN	
584.31606	88	5	7	1	0.508970734	93.6405045	5.263030799	1.096464696				2.770523752E-05	0	99.99997229	47.40668255	52.59331745	0				-584.31606	0.508970734	NaN	
584.15606	88	5	7	1	0.508970734	93.6405045	5.263030799	1.096464696				2.770523752E-05	0	99.99997229	47.40668255	52.59331745	0				-584.15606	0.508970734	NaN	
583.99606	88	5	7	1	0.508970734	93.6405045	5.263030799	1.096464696				2.770523752E-05	0	99.99997229	47.40668255	52.59331745	0				-583.99606	0.508970734	NaN	
583.83606	88	5	7	1	0.508970734	93.6405045	5.263030799	1.096464696				2.770523752E-05	0	99.99997229	47.40668255	52.59331745	0				-583.83606	0.508970734	NaN	
583.67606	88	5	7	1	0.508970734	93.6405045	5.263030799	1.096464696				2.770523752E-05	0	99.99997229	47.40668255	52.59331745	0				-583.67606	0.508970734	NaN	
583.51606	88	5	7	1	0.508970734	93.6405045	5.263030799	1.096464696				2.770523752E-05	0	99.99997229	47.40668255	52.59331745	0				-583.51606	0.508970734	NaN	
583.35606	88	5	7	1	0.508970734	93.6405045	5.263030799	1.096464696				2.770523752E-05	0	99.99997229	47.40668255	52.59331745	0				-583.35606	0.508970734	NaN	
583.19606	88	5	7	1	0.508970734	93.6405045	5.263030799	1.096464696				2.770523752E-05	0	99.99997229	47.40668255	52.59331745	0				-583.19606	0.508970734	NaN	
583.03606	88	5	7	1	0.508970734	93.6405045	5.263030799	1.096464696				2.770523752E-05	0	99.99997229	47.40668255	52.59331745	0				-583.03606	0.508970734	NaN	
582.87606	88	5	7	1	0.508970734	93.6405045	5.263030799	1.096464696				2.770523752E-05	0	99.99997229	47.40668255	52.59331745	0				-582.87606	0.508970734	NaN	
582.71606	88	5	7	1	0.508970734	93.6405045	5.263030799	1.096464696				2.770523752E-05	0	99.99997229	47.40668255	52.59331745	0				-582.71606	0.508970734	NaN	
582.55606	88	5	7	1	0.508970734	93.6405045	5.263030799	1.096464696				2.770523752E-05	0	99.99997229	47.40668255	52.59331745	0				-582.55606	0.508970734	NaN	
582.39606	88	5	7	1	0.508970734	93.6405045	5.263030799	1.096464696				2.770523752E-05	0	99.99997229	47.40668255	52.59331745	0				-582.39606	0.508970734	NaN	
582.23606	88	5	7	1	0.508970734	93.6405045	5.263030799	1.096464696				2.770523752E-05	0	99.99997229	47.40668255	52.59331745	0				-582.23606	0.508970734	NaN	
582.07606	88	5	7	1	0.508970734	93.6405045	5.263030799	1.096464696				2.770523752E-05	0	99.99997229	47.40668255	52.59331745	0				-582.07606	0.508970734	NaN	
581.91606	88	5	7	1	0.508970734	93.6405045	5.263030799	1.096464696				2.770523752E-05	0	99.99997229	47.40668255	52.59331745	0				-581.91606	0.508970734	NaN	
581.75606	88	5	7	1	0.508970734	93.6405045	5.263030799	1.096464696				2.770523752E-05	0	99.99997229	47.40668255	52.59331745	0				-581.75606	0.508970734	NaN	
581.59606	88	5	7	1	0.508970734	93.6405045	5.263030799	1.096464696				2.770523752E-05	0	99.99997229	47.40668255	52.59331745	0				-581.59606	0.508970734	NaN	
581.43606	88	5	7	1	0.508970734	93.6405045	5.263030799	1.096464696				2.770523752E-05	0	99.99997229	47.40668255	52.59331745	0				-581.43606	0.508970734	NaN	
581.27606	88	5	7	1	0.508970734	93.6405045	5.263030799	1.096464696				2.770523752E-05	0	99.99997229	47.40668255	52.59331745	0				-581.27606	0.508970734	NaN	
581.11606	88	5	7	1	0.508970734	93.6405045	5.263030799	1.096464696				2.770523752E-05	0	99.99997229	47.40668255	52.59331745	0				-581.11606	0.508970734	NaN	
580.95606	88	5	7	1	0.508970734	93.6405045	5.263030799	1.096464696				2.770523752E-05	0	99.99997229	47.40668255	52.59331745	0				-580.95606	0.508970734	NaN	
580.79606	88	5	7	1	0.508970734	93.6405045	5.263030799	1.096464696				2.770523752E-05	0	99.99997229	47.40668255	52.59331745	0				-580.79606	0.508970734	NaN	
580.63606	88	5	7	1	0.508970734	93.6405045	5.263030799	1.096464696				2.770523752E-05	0	99.99997229	47.40668255	52.59331745	0				-580.63606	0.508970734	NaN	
580.47606	88	5	7	1	0.508970734	93.6405045	5.263030799	1.096464696				2.770523752E-05	0	99.99997229	47.40668255	52.59331745	0				-580.47606	0.508970734	NaN	
580.31606	88	5	7	1	0.508970734	93.6405045	5.263030799	1.096464696				2.770523752E-05	0	99.99997229	47.40668255	52.59331745	0				-580.31606	0.508970734	NaN	
580.15606	88	5	7	1	0.508970734	93.6405045	5.263030799	1.096464696				2.770523752E-05	0	99.99997229	47.40668255	52.59331745	0				-580.15606	0.508970734	NaN	
579.99606	88	5	7	1	0.508970734	93.6405045	5.263030799	1.096464696				2.770523752E-05	0	99.99997229	47.40668255	52.59331745	0				-579.99606	0.508970734	NaN	
579.83606	88	5	7	1	0.508970734	93.6405045	5.263030799	1.096464696				2.770523752E-05	0	99.99997229	47.40668255	52.59331745	0				-579.83606	0.508970734	NaN	
579.67606	88	5	7	1	0.508970734	93.6405045	5.263030799	1.096464696				2.770523752E-05	0	99.99997229	47.40668255	52.59331745	0				-579.67606	0.508970734	NaN	
579.51606	88	5	7	1	0.508970734	93.6405045	5.263030799	1.096464696				2.770523752E-05	0	99.99997229	47.40668255	52.59331745	0				-579.51606	0.508970734	NaN	
579.35606	88	5	7	1	0.508970734	93.6405045	5.263030799	1.096464696				2.770523752E-05	0	99.99997229	47.40668255	52.59331745	0				-579.35606	0.508970734	NaN	
579.19606	88	5	7	1	0.508970734	93.6405045	5.263030799	1.096464696				2.770523752E-05	0	99.99997229	47.40668255	52.59331745	0				-579.19606	0.508970734	NaN	
579.03606	88	5	7	1	0.508970734	93.6405045	5.263030799	1.096464696				2.770523752E-05	0	99.99997229	47.40668255	52.59331745	0				-579.03606	0.508970734	NaN	
578.87606	88	5	7	1	0.508970734	93.6405045	5.263030799	1.096464696				2.770523752E-05	0	99.99997229	47.40668255	52.59331745	0				-578.87606	0.508970734	NaN	
578.71606	88	5	7	1	0.508970734	93.6405045	5.263030799	1.096464696				2.770523752E-05	0	99.99997229	47.40668255	52.59331745	0				-578.71606	0.508970734	NaN	
578.55606	88	5	7	1	0.508970734	93.6405045	5.263030799	1.096464696				2.770523752E-05	0	99.99997229	47.40668255	52.59331745	0				-578.55606	0.508970734	NaN	
578.39606	88	5	7	1	0.508970734	93.6405045	5.263030799	1.096464696				2.770523752E-05	0	99.99997229	47.40668255	52.59331745	0				-578.39606	0.508970734	NaN	
578.23606	88	5	7	1	0.508970734	93.6405045	5.263030799	1.096464696				2.770523752E-05	0	99.99997229	47.40668255	52.59331745	0				-578.23606	0.508970734	NaN	
578.07606	88	5	7	1	0.508970734	93.6405045	5.263030799	1.096464696				2.770523752E-05	0	99.99997229	47.40668255	52.59331745	0				-578.07606	0.508970734	NaN	
577.91606	88	5	7	1	0.508970734	93.6405045	5.263030799	1.096464696				2.770523752E-05	0	99.99997229	47.40668255	52.59331745	0				-577.91606	0.508970734	NaN	
577.75606	88	5	7	1	0.508970734	93.6405045	5.263030799	1.096464696				2.770523752E-05	0	99.99997229	47.40668255	52.59331745	0				-577.75606	0.508970734	NaN	
577.59606	88	5	7	1	0.508970734	93.6405045	5.263030799	1.096464696				2.770523752E-05	0	99.99997229	47.40668255	52.59331745	0				-577.59606	0.508970734	NaN	
577.43606	88	5	7	1	0.508970734	93.6405045	5.263030799	1.096464696				2.770523752E-05	0	99.99997229	47.40668255	52.59331745	0				-577.43606	0.508970734	NaN	
577.27606	88	5	7	1	0.508970734	93.6405045	5.263030799	1.096464696				2.770523752E-05	0	99.99997229	47.40668255	52.59331745	0				-577.27606	0.508970734	NaN	
577.11606	88	5	7	1	0.508970734	93.6405045	5.263030799	1.096464696				2.770523752E-05	0	99.99997229	47.40668255	52.59331745	0				-577.11606	0.508970734	NaN	
576.95606	88	5	7	1	0.508970734	93.6405045	5.263030799	1.096464696				2.770523752E-05	0	99.99997229	47.40668255	52.59331745	0				-576.95606	0.508970734	NaN	
576.79606	88	5	7	1	0.508970734	93.6405045	5.263030799	1.096464696				2.770523752E-05	0	99.99997229	47.40668255	52.59331745	0				-576.79606	0.508970734	NaN	
576.63606	88	5	7	1	0.508970734	93.6405045	5.263030799	1.096464696				2.770523752E-05	0	99.99997229	47.40668255	52.59331745	0				-576.63606	0.508970734	NaN	
576.47606	88	5	7	1	0.508970734	93.6405045	5.263030799	1.096464696				2.770523752E-05	0	99.99997229	47.40668255	52.59331745	0				-576.47606	0.508970734	NaN	
576.31606	88	5	7	1	0.508970734	93.6405045	5.263030799	1.096464696				2.770523752E-05	0	99.99997229	47.40668255	52.59331745	0				-576.31606	0.508970734	NaN	
576.15606	88	5	7	1	0.508970734	93.6405045	5.263030799	1.096464696				2.770523752E-05	0	99.99997229	47.40668255	52.59331745	0				-576.15606	0.508970734	NaN	
575.99606	88	5	7	1	0.508970734	93.6405045	5.263030799	1.096464696				2.770523752E-05	0	99.99997229	47.40668255	52.59331745	0				-575.99606	0.508970734	NaN	
575.83606	88	5	7	1	0.508970734	93.6405045	5.263030799	1.096464696				2.770523752E-05	0	99.99997229	47.40668255	52.59331745	0				-575.83606	0.508970734	NaN	
575.67606	88	5	7	1	0.508970734	93.6405045	5.263030799	1.096464696				2.770523752E-05	0	99.99997229	47.40668255	52.59331745	0				-575.67606	0.508970734	NaN	
575.51606	88	5	7	1	0.508970734	93.6405045	5.263030799	1.096464696				2.770523752E-05	0	99.99997229	47.40668255	52.59331745	0				-575.51606	0.508970734	NaN	
575.35606	88	5	7	1	0.508970734	93.6405045	5.263030799	1.096464696				2.770523752E-05	0	99.99997229	47.40668255	52.59331745	0				-575.35606	0.508970734	NaN	
575.19606	88	5	7	1	0.508970734	93.6405045	5.263030799	1.096464696				2.770523752E-05	0	99.99997229	47.40668255	52.59331745	0				-575.19606	0.508970734	NaN	
575.03606	88	5	7	1	0.508970734	93.6405045	5.263030799	1.096464696				2.770523752E-05	0	99.99997229	47.40668255	52.59331745	0				-575.03606	0.508970734	NaN	
574.87606	88	5	7	1	0.508970734	93.6405045	5.263030799	1.096464696				2.770523752E-05	0	99.99997229	47.40668255	52.59331745	0				-574.87606	0.508970734	NaN	
574.71606	88	5	7	1	0.508970734	93.6405045	5.263030799	1.096464696				2.770523752E-05	0	99.99997229	47.40668255	52.59331745	0				-574.71606	0.508970734	NaN	
574.55606	88	5	7	1	0.508970734	93.6405045	5.263030799	1.096464696				2.770523752E-05	0	99.99997229	47.40668255	52.59331745	0				-574.55606	0.508970734	NaN	
574.39606	88	5	7	1	0.508970734	93.6405045	5.263030799	1.096464696				2.770523752E-05	0	99.99997229	47.40668255	52.59331745	0				-574.39606	0.508970734	NaN	
574.23606	88	5	7	1	0.508970734	93.6405045	5.263030799	1.096464696				2.770523752E-05	0	99.99997229	47.40668255	52.59331745	0				-574.23606	0.508970734	NaN	
574.07606	88	5	7	1	0.508970734	93.6405045	5.263030799	1.096464696				2.770523752E-05	0	99.99997229	47.40668255	52.59331745	0				-574.07606	0.508970734	NaN	
573.91606	88	5	7	1	0.508970734	93.6405045	5.263030799	1.096464696				2.770523752E-05	0	99.99997229	47.40668255	52.59331745	0				-573.91606	0.508970734	NaN	
573.75606	88	5	7	1	0.508970734	93.6405045	5.263030799	1.096464696				2.770523752E-05	0	99.99997229	47.40668255	52.59331745	0				-573.75606	0.508970734	NaN	
573.59606	88	5	7	1	0.508970734	93.6405045	5.263030799	1.096464696				2.770523752E-05	0	99.99997229	47.40668255	52.59331745	0				-573.59606	0.508970734	NaN	
573.43606	88	5	7	1	0.508970734	93.6405045	5.263030799	1.096464696				2.770523752E-05	0	99.99997229	47.40668255	52.59331745	0				-573.43606	0.508970734	NaN	
573.27606	88	5	7	1	0.508970734	93.6405045	5.263030799	1.096464696				2.770523752E-05	0	99.99997229	47.40668255	52.59331745	0				-573.27606	0.508970734	NaN	
573.11606	88	5	7	1	0.508970734	93.6405045	5.263030799	1.096464696				2.770523752E-05	0	99.99997229	47.40668255	52.59331745	0				-573.11606	0.508970734	NaN	
572.95606	88	5	7	1	0.508970734	93.6405045	5.263030799	1.096464696				2.770523752E-05	0	99.99997229	47.40668255	52.59331745	0				-572.95606	0.508970734	NaN	
572.79606	88	5	7	1	0.508970734	93.6405045	5.263030799	1.096464696				2.770523752E-05	0	99.99997229	47.40668255	52.59331745	0				-572.79606	0.508970734	NaN	
572.63606	88	5	7	1	0.508970734	93.6405045	5.263030799	1.096464696				2.770523752E-05	0	99.99997229	47.40668255	52.59331745	0				-572.63606	0.508970734	NaN	
572.47606	88	5	7	1	0.508970734	93.6405045	5.263030799	1.096464696				2.770523752E-05	0	99.99997229	47.40668255	52.59331745	0				-572.47606	0.508970734	NaN	
572.31606	88	5	7	1	0.508970734	93.6405045	5.263030799	1.096464696				2.770523752E-05	0	99.99997229	47.40668255	52.59331745	0				-572.31606	0.508970734	NaN	
572.15606	88	5	7	1	0.508970734	93.6405045	5.263030799	1.096464696				2.770523752E-05	0	99.99997229	47.40668255	52.59331745	0				-572.15606	0.508970734	NaN	
571.99606	88	5	7	1	0.508970734	93.6405045	5.263030799	1.096464696				2.770523752E-05	0	99.99997229	47.40668255	52.59331745	0				-571.99606	0.508970734	NaN	
571.83606	88	5	7	1	0.508970734	93.6405045	5.263030799	1.096464696				2.770523752E-05	0	99.99997229	47.40668255	52.59331745	0				-571.83606	0.508970734	NaN	
571.67606	88	5	7	1	0.508970734	93.6405045	5.263030799	1.096464696				2.770523752E-05	0	99.99997229	47.40668255	52.59331745	0				-571.67606	0.508970734	NaN	
571.51606	88	5	7	1	0.508970734	93.6405045	5.263030799	1.096464696				2.770523752E-05	0	99.99997229	47.40668255	52.59331745	0				-571.51606	0.508970734	NaN	
571.35606	88	5	7	1	0.508970734	93.6405045	5.263030799	1.096464696				2.770523752E-05	0	99.99997229	47.40668255	52.59331745	0				-571.35606	0.508970734	NaN	
571.19606	88	5	7	1	0.508970734	93.6405045	5.263030799	1.096464696				2.770523752E-05	0	99.99997229	47.40668255	52.59331745	0				-571.19606	0.508970734	NaN	
571.03606	88	5	7	1	0.508970734	93.6405045	5.263030799	1.096464696				2.770523752E-05	0	99.99997229	47.40668255	52.59331745	0				-571.03606	0.508970734	NaN	
570.87606	88	5	7	1	0.508970734	93.6405045	5.263030799	1.096464696				2.770523752E-05	0	99.99997229	47.40668255	52.59331745	0				-570.87606	0.508970734	NaN	
570.71606	88	5	7	1	0.508970734	93.6405045	5.263030799	1.096464696				2.770523752E-05	0	99.99997229	47.40668255	52.59331745	0				-570.71606	0.508970734	NaN	
570.55606	88	5	7	1	0.508970734	93.6405045	5.263030799	1.096464696				2.770523752E-05	0	99.99997229	47.40668255	52.59331745	0				-570.55606	0.508970734	NaN	
570.39606	88	5	7	1	0.508970734	93.6405045	5.263030799	1.096464696				2.770523752E-05	0	99.99997229	47.40668255	52.59331745	0				-570.39606	0.508970734	NaN	
570.23606	88	5	7	1	0.508970734	93.6405045	5.263030799	1.096464696				2.770523752E-05	0	99.99997229	47.40668255	52.59331745	0				-570.23606	0.508970734	NaN	
570.07606	88	5	7	1	0.508970734	93.6405045	5.263030799	1.096464696				2.770523752E-05	0	99.99997229	47.40668255	52.59331745	0				-570.07606	0.508970734	NaN	
569.91606	88	5	7	1	0.508970734	93.6405045	5.263030799	1.096464696				2.770523752E-05	0	99.99997229	47.40668255	52.59331745	0				-569.91606	0.508970734	NaN	
569.75606	88	5	7	1	0.508970734	93.6405045	5.263030799	1.096464696				2.770523752E-05	0	99.99997229	47.40668255	52.59331745	0				-569.75606	0.508970734	NaN	
569.59606	88	5	7	1	0.508970734	93.6405045	5.263030799	1.096464696				2.770523752E-05	0	99.99997229	47.40668255	52.59331745	0				-569.59606	0.508970734	NaN	
569.43606	88	5	7	1	0.508970734	93.6405045	5.263030799	1.096464696				2.770523752E-05	0	99.99997229	47.40668255	52.59331745	0				-569.43606	0.508970734	NaN	
569.27606	88	5	7	1	0.508970734	93.6405045	5.263030799	1.096464696				2.770523752E-05	0	99.99997229	47.40668255	52.59331745	0				-569.27606	0.508970734	NaN	
569.11606	88	5	7	1	0.508970734	93.6405045	5.263030799	1.096464696				2.770523752E-05	0	99.99997229	47.40668255	52.59331745	0				-569.11606	0.508970734	NaN	
568.95606	88	5	7	1	0.508970734	93.6405045	5.263030799	1.096464696				2.770523752E-05	0	99.99997229	47.40668255	52.59331745	0				-568.95606	0.508970734	NaN	
568.79606	88	5	7	1	0.508970734	93.6405045	5.263030799	1.096464696				2.770523752E-05	0	99.99997229	47.40668255	52.59331745	0				-568.79606	0.508970734	NaN	
568.63606	88	5	7	1	0.508970734	93.6405045	5.263030799	1.096464696				2.770523752E-05	0	99.99997229	47.40668255	52.59331745	0				-568.63606	0.508970734	NaN	
568.47606	88	5	7	1	0.508970734	93.6405045	5.263030799	1.096464696				2.770523752E-05	0	99.99997229	47.40668255	52.59331745	0				-568.47606	0.508970734	NaN	
568.31606	88	5	7	1	0.508970734	93.6405045	5.263030799	1.096464696				2.770523752E-05	0	99.99997229	47.40668255	52.59331745	0				-568.31606	0.508970734	NaN	
568.15606	88	5	7	1	0.508970734	93.6405045	5.263030799	1.096464696				2.770523752E-05	0	99.99997229	47.40668255	52.59331745	0				-568.15606	0.508970734	NaN	
567.99606	88	5	7	1	0.508970734	93.6405045	5.263030799	1.096464696				2.770523752E-05	0	99.99997229	47.40668255	52.59331745	0				-567.99606	0.508970734	NaN	
567.83606	88	5	7	1	0.508970734	93.6405045	5.263030799	1.096464696				2.770523752E-05	0	99.99997229	47.40668255	52.59331745	0				-567.83606	0.508970734	NaN	
567.67606	88	5	7	1	0.508970734	93.6405045	5.263030799	1.096464696				2.770523752E-05	0	99.99997229	47.40668255	52.59331745	0				-567.67606	0.508970734	NaN	
567.51606	88	5	7	1	0.508970734	93.6405045	5.263030799	1.096464696				2.770523752E-05	0	99.99997229	47.40668255	52.59331745	0				-567.51606	0.508970734	NaN	
567.35606	88	5	7	1	0.508970734	93.6405045	5.263030799	1.096464696				2.770523752E-05	0	99.99997229	47.40668255	52.59331745	0				-567.35606	0.508970734	NaN	
567.19606	88	5	7	1	0.508970734	93.6405045	5.263030799	1.096464696				2.770523752E-05	0	99.99997229	47.40668255	52.59331745	0				-567.19606	0.508970734	NaN	
567.03606	88	5	7	1	0.508970734	93.6405045	5.263030799	1.096464696				2.770523752E-05	0	99.99997229	47.40668255	52.59331745	0				-567.03606	0.508970734	NaN	
566.87606	88	5	7	1	0.508970734	93.6405045	5.263030799	1.096464696				2.770523752E-05	0	99.99997229	47.40668255	52.59331745	0				-566.87606	0.508970734	NaN	
566.71606	88	5	7	1	0.508970734	93.6405045	5.263030799	1.096464696				2.770523752E-05	0	99.99997229	47.40668255	52.59331745	0				-566.71606	0.508970734	NaN	
566.55606	88	5	7	1	0.508970734	93.6405045	5.263030799	1.096464696				2.770523752E-05	0	99.99997229	47.40668255	52.59331745	0				-566.55606	0.508970734	NaN	
566.39606	88	5	7	1	0.508970734	93.6405045	5.263030799	1.096464696				2.770523752E-05	0	99.99997229	47.40668255	52.59331745	0				-566.39606	0.508970734	NaN	
566.23606	88	5	7	1	0.508970734	93.6405045	5.263030799	1.096464696				2.770523752E-05	0	99.99997229	47.40668255	52.59331745	0				-566.23606	0.508970734	NaN	
566.07606	88	5	7	1	0.508970734	93.6405045	5.263030799	1.096464696				2.770523752E-05	0	99.99997229	47.40668255	52.59331745	0				-566.07606	0.508970734	NaN	
565.91606	88	5	7	1	0.508970734	93.6405045	5.263030799	1.096464696				2.770523752E-05	0	99.99997229	47.40668255	52.59331745	0				-565.91606	0.508970734	NaN	
565.75606	88	5	7	1	0.508970734	93.6405045	5.263030799	1.096464696				2.770523752E-05	0	99.99997229	47.40668255	52.59331745	0				-565.75606	0.508970734	NaN	
565.59606	88	5	7	1	0.508970734	93.6405045	5.263030799	1.096464696				2.770523752E-05	0	99.99997229	47.40668255	52.59331745	0				-565.59606	0.508970734	NaN	
565.43606	88	5	7	1	0.508970734	93.6405045	5.263030799	1.096464696				2.770523752E-05	0	99.99997229	47.40668255	52.59331745	0				-565.43606	0.508970734	NaN	
565.27606	88	5	7	1	0.508970734	93.6405045	5.263030799	1.096464696				2.770523752E-05	0	99.99997229	47.40668255	52.59331745	0				-565.27606	0.508970734	NaN	
565.11606	88	5	7	1	0.508970734	93.6405045	5.263030799	1.096464696				2.770523752E-05	0	99.99997229	47.40668255	52.59331745	0				-565.11606	0.508970734	NaN	
564.95606	88	5	7	1	0.508970734	93.6405045	5.263030799	1.096464696				2.770523752E-05	0	99.99997229	47.40668255	52.59331745	0				-564.95606	0.508970734	NaN	
564.79606	88	5	7	1	0.508970734	93.6405045	5.263030799	1.096464696				2.770523752E-05	0	99.99997229	47.40668255	52.59331745	0				-564.79606	0.508970734	NaN	
564.63606	88	5	7	1	0.508970734	93.6405045	5.263030799	1.096464696				2.770523752E-05	0	99.99997229	47.40668255	52.59331745	0				-564.63606	0.508970734	NaN	
564.47606	88	5	7	1	0.508970734	93.6405045	5.263030799	1.096464696				2.770523752E-05	0	99.99997229	47.40668255	52.59331745	0				-564.47606	0.508970734	NaN	
564.31606	88	5	7	1	0.508970734	93.6405045	5.263030799	1.096464696				2.770523752E-05	0	99.99997229	47.40668255	52.59331745	0				-564.31606	0.508970734	NaN	
564.15606	88	5	7	1	0.508970734	93.6405045	5.263030799	1.096464696				2.770523752E-05	0	99.99997229	47.40668255	52.59331745	0				-564.15606	0.508970734	NaN	
563.99606	88	5	7	1	0.508970734	93.6405045	5.263030799	1.096464696				2.770523752E-05	0	99.99997229	47.40668255	52.59331745	0				-563.99606	0.508970734	NaN	
563.83606	88	5	7	1	0.508970734	93.6405045	5.263030799	1.096464696				2.770523752E-05	0	99.99997229	47.40668255	52.59331745	0				-563.83606	0.508970734	NaN	
563.67606	88	5	7	1	0.508970734	93.6405045	5.263030799	1.096464696				2.770523752E-05	0	99.99997229	47.40668255	52.59331745	0				-563.67606	0.508970734	NaN	
563.51606	88	5	7	1	0.508970734	93.6405045	5.263030799	1.096464696				2.770523752E-05	0	99.99997229	47.40668255	52.59331745	0				-563.51606	0.508970734	NaN	
563.35606	88	5	7	1	0.508970734	93.6405045	5.263030799	1.096464696				2.770523752E-05	0	99.99997229	47.40668255	52.59331745	0				-563.35606	0.508970734	NaN	
563.19606	88	5	7	1	0.508970734	93.6405045	5.263030799	1.096464696				2.770523752E-05	0	99.99997229	47.40668255	52.59331745	0				-563.19606	0.508970734	NaN	
563.03606	88	5	7	1	0.508970734	93.6405045	5.263030799	1.096464696				2.770523752E-05	0	99.99997229	47.40668255	52.59331745	0				-563.03606	0.508970734	NaN	
562.87606	88	5	7	1	0.508970734	93.6405045	5.263030799	1.096464696				2.770523752E-05	0	99.99997229	47.40668255	52.59331745	0				-562.87606	0.508970734	NaN	
562.71606	88	5	7	1	0.508970734	93.6405045	5.263030799	1.096464696				2.770523752E-05	0	99.99997229	47.40668255	52.59331745	0				-562.71606	0.508970734	NaN	
562.55606	88	5	7	1	0.508970734	93.6405045	5.263030799	1.096464696				2.770523752E-05	0	99.99997229	47.40668255	52.59331745	0				-562.55606	0.508970734	NaN	
562.39606	88	5	7	1	0.508970734	93.6405045	5.263030799	1.096464696				2.770523752E-05	0	99.99997229	47.40668255	52.59331745	0				-562.39606	0.508970734	NaN	
562.23606	88	5	7	1	0.508970734	93.6405045	5.263030799	1.096464696				2.770523752E-05	0	99.99997229	47.40668255	52.59331745	0				-562.23606	0.508970734	NaN	
562.07606	88	5	7	1	0.508970734	93.6405045	5.263030799	1.096464696				2.770523752E-05	0	99.99997229	47.40668255	52.59331745	0				-562.07606	0.508970734	NaN	
561.91606	88	5	7	1	0.508970734	93.6405045	5.263030799	1.096464696				2.770523752E-05	0	99.99997229	47.40668255	52.59331745	0				-561.91606	0.508970734	NaN	
561.75606	88	5	7	1	0.508970734	93.6405045	5.263030799	1.096464696				2.770523752E-05	0	99.99997229	47.40668255	52.59331745	0				-561.75606	0.508970734	NaN	
561.59606	88	5	7	1	0.508970734	93.6405045	5.263030799	1.096464696				2.770523752E-05	0	99.99997229	47.40668255	52.59331745	0				-561.59606	0.508970734	NaN	
561.43606	88	5	7	1	0.508970734	93.6405045	5.263030799	1.096464696				2.770523752E-05	0	99.99997229	47.40668255	52.59331745	0				-561.43606	0.508970734	NaN	
561.27606	88	5	7	1	0.508970734	93.6405045	5.263030799	1.096464696				2.770523752E-05	0	99.99997229	47.40668255	52.59331745	0				-561.27606	0.508970734	NaN	
561.11606	88	5	7	1	0.508970734	93.6405045	5.263030799	1.096464696				2.770523752E-05	0	99.99997229	47.40668255	52.59331745	0				-561.11606	0.508970734	NaN	
560.95606	88	5	7	1	0.508970734	93.6405045	5.263030799	1.096464696				2.770523752E-05	0	99.99997229	47.40668255	52.59331745	0				-560.95606	0.508970734	NaN	
560.79606	88	5	7	1	0.508970734	93.6405045	5.263030799	1.096464696				2.770523752E-05	0	99.99997229	47.40668255	52.59331745	0				-560.79606	0.508970734	NaN	
560.63606	88	5	7	1	0.508970734	93.6405045	5.263030799	1.096464696				2.770523752E-05	0	99.99997229	47.40668255	52.59331745	0				-560.63606	0.508970734	NaN	
560.47606	88	5	7	1	0.508970734	93.6405045	5.263030799	1.096464696				2.770523752E-05	0	99.99997229	47.40668255	52.59331745	0				-560.47606	0.508970734	NaN	
560.31606	88	5	7	1	0.508970734	93.6405045	5.263030799	1.096464696				2.770523752E-05	0	99.99997229	47.40668255	52.59331745	0				-560.31606	0.508970734	NaN	
560.15606	88	5	7	1	0.508970734	93.6405045	5.263030799	1.096464696				2.770523752E-05	0	99.99997229	47.40668255	52.59331745	0				-560.15606	0.508970734	NaN	
559.99606	88	5	7	1	0.508970734	93.6405045	5.263030799	1.096464696				2.770523752E-05	0	99.99997229	47.40668255	52.59331745	0				-559.99606	0.508970734	NaN	
559.83606	88	5	7	1	0.508970734	93.6405045	5.263030799	1.096464696				2.770523752E-05	0	99.99997229	47.40668255	52.59331745	0				-559.83606	0.508970734	NaN	
559.67606	88	5	7	1	0.508970734	93.6405045	5.263030799	1.096464696				2.770523752E-05	0	99.99997229	47.40668255	52.59331745	0				-559.67606	0.508970734	NaN	
559.51606	88	5	7	1	0.508970734	93.6405045	5.263030799	1.096464696				2.770523752E-05	0	99.99997229	47.40668255	52.59331745	0				-559.51606	0.508970734	NaN	
559.35606	88	5	7	1	0.508970734	93.6405045	5.263030799	1.096464696				2.770523752E-05	0	99.99997229	47.40668255	52.59331745	0				-559.35606	0.508970734	NaN	
559.19606	88	5	7	1	0.508970734	93.6405045	5.263030799	1.096464696				2.770523752E-05	0	99.99997229	47.40668255	52.59331745	0				-559.19606	0.508970734	NaN	
559.03606	88	5	7	1	0.508970734	93.6405045	5.263030799	1.096464696				2.770523752E-05	0	99.99997229	47.40668255	52.59331745	0				-559.03606	0.508970734	NaN	
558.87606	88	5	7	1	0.508970734	93.6405045	5.263030799	1.096464696				2.770523752E-05	0	99.99997229	47.40668255	52.59331745	0				-558.87606	0.508970734	NaN	
558.71606	88	5	7	1	0.508970734	93.6405045	5.263030799	1.096464696				2.770523752E-05	0	99.99997229	47.40668255	52.59331745	0				-558.71606	0.508970734	NaN	
558.55606	88	5	7	1	0.508970734	93.6405045	5.263030799	1.096464696				2.770523752E-05	0	99.99997229	47.40668255	52.59331745	0				-558.55606	0.508970734	NaN	
558.39606	88	5	7	1	0.508970734	93.6405045	5.263030799	1.096464696				2.770523752E-05	0	99.99997229	47.40668255	52.59331745	0				-558.39606	0.508970734	NaN	
558.23606	88	5	7	1	0.508970734	93.6405045	5.263030799	1.096464696				2.770523752E-05	0	99.99997229	47.40668255	52.59331745	0				-558.23606	0.508970734	NaN	
558.07606	88	5	7	1	0.508970734	93.6405045	5.263030799	1.096464696				2.770523752E-05	0	99.99997229	47.40668255	52.59331745	0				-558.07606	0.508970734	NaN	
557.91606	88	5	7	1	0.508970734	93.6405045	5.263030799	1.096464696				2.770523752E-05	0	99.99997229	47.40668255	52.59331745	0				-557.91606	0.508970734	NaN	
557.75606	88	5	7	1	0.508970734	93.6405045	5.263030799	1.096464696				2.770523752E-05	0	99.99997229	47.40668255	52.59331745	0				-557.75606	0.508970734	NaN	
557.59606	88	5	7	1	0.508970734	93.6405045	5.263030799	1.096464696				2.770523752E-05	0	99.99997229	47.40668255	52.59331745	0				-557.59606	0.508970734	NaN	
557.43606	88	5	7	1	0.508970734	93.6405045	5.263030799	1.096464696				2.770523752E-05	0	99.99997229	47.40668255	52.59331745	0				-557.43606	0.508970734	NaN	
557.27606	88	5	7	1	0.508970734	93.6405045	5.263030799	1.096464696				2.770523752E-05	0	99.99997229	47.40668255	52.59331745	0				-557.27606	0.508970734	NaN	
557.11606	88	5	7	1	0.508970734	93.6405045	5.263030799	1.096464696				2.770523752E-05	0	99.99997229	47.40668255	52.59331745	0				-557.11606	0.508970734	NaN	
556.95606	88	5	7	1	0.508970734	93.6405045	5.263030799	1.096464696				2.770523752E-05	0	99.99997229	47.40668255	52.59331745	0				-556.95606	0.508970734	NaN	
556.79606	88	5	7	1	0.508970734	93.6405045	5.263030799	1.096464696				2.770523752E-05	0	99.99997229	47.40668255	52.59331745	0				-556.79606	0.508970734	NaN	
556.63606	88	5	7	1	0.508970734	93.6405045	5.263030799	1.096464696				2.770523752E-05	0	99.99997229	47.40668255	52.59331745	0				-556.63606	0.508970734	NaN	
556.47606	88	5	7	1	0.508970734	93.6405045	5.263030799	1.096464696				2.770523752E-05	0	99.99997229	47.40668255	52.59331745	0				-556.47606	0.508970734	NaN	
556.31606	88	5	7	1	0.508970734	93.6405045	5.263030799	1.096464696				2.770523752E-05	0	99.99997229	47.40668255	52.59331745	0				-556.31606	0.508970734	NaN	
556.15606	88	5	7	1	0.508970734	93.6405045	5.263030799	1.096464696				2.770523752E-05	0	99.99997229	47.40668255	52.59331745	0				-556.15606	0.508970734	NaN	
555.99606	88	5	7	1	0.508970734	93.6405045	5.263030799	1.096464696				2.770523752E-05	0	99.99997229	47.40668255	52.59331745	0				-555.99606	0.508970734	NaN	
555.83606	88	5	7	1	0.508970734	93.6405045	5.263030799	1.096464696				2.770523752E-05	0	99.99997229	47.40668255	52.59331745	0				-555.83606	0.508970734	NaN	
555.67606	88	5	7	1	0.508970734	93.6405045	5.263030799	1.096464696				2.770523752E-05	0	99.99997229	47.40668255	52.59331745	0				-555.67606	0.508970734	NaN	
555.51606	88	5	7	1	0.508970734	93.6405045	5.263030799	1.096464696				2.770523752E-05	0	99.99997229	47.40668255	52.59331745	0				-555.51606	0.508970734	NaN	
555.35606	88	5	7	1	0.508970734	93.6405045	5.263030799	1.096464696				2.770523752E-05	0	99.99997229	47.40668255	52.59331745	0				-555.35606	0.508970734	NaN	
555.19606	88	5	7	1	0.508970734	93.6405045	5.263030799	1.096464696				2.770523752E-05	0	99.99997229	47.40668255	52.59331745	0				-555.19606	0.508970734	NaN	
555.03606	88	5	7	1	0.508970734	93.6405045	5.263030799	1.096464696				2.770523752E-05	0	99.99997229	47.40668255	52.59331745	0				-555.03606	0.508970734	NaN	
554.87606	88	5	7	1	0.508970734	93.6405045	5.263030799	1.096464696				2.770523752E-05	0	99.99997229	47.40668255	52.59331745	0				-554.87606	0.508970734	NaN	
554.71606	88	5	7	1	0.508970734	93.6405045	5.263030799	1.096464696				2.770523752E-05	0	99.99997229	47.40668255	52.59331745	0				-554.71606	0.508970734	NaN	
554.55606	88	5	7	1	0.508970734	93.6405045	5.263030799	1.096464696				2.770523752E-05	0	99.99997229	47.40668255	52.59331745	0				-554.55606	0.508970734	NaN	
554.39606	88	5	7	1	0.508970734	93.6405045	5.263030799	1.096464696				2.770523752E-05	0	99.99997229	47.40668255	52.59331745	0				-554.39606	0.508970734	NaN	
554.23606	88	5	7	1	0.508970734	93.6405045	5.263030799	1.096464696				2.770523752E-05	0	99.99997229	47.40668255	52.59331745	0				-554.23606	0.508970734	NaN	
554.07606	88	5	7	1	0.508970734	93.6405045	5.263030799	1.096464696				2.770523752E-05	0	99.99997229	47.40668255	52.59331745	0				-554.07606	0.508970734	NaN	
553.91606	88	5	7	1	0.508970734	93.6405045	5.263030799	1.096464696				2.770523752E-05	0	99.99997229	47.40668255	52.59331745	0				-553.91606	0.508970734	NaN	
553.75606	88	5	7	1	0.508970734	93.6405045	5.263030799	1.096464696				2.770523752E-05	0	99.99997229	47.40668255	52.59331745	0				-553.75606	0.508970734	NaN	
553.59606	88	5	7	1	0.508970734	93.6405045	5.263030799	1.096464696				2.770523752E-05	0	99.99997229	47.40668255	52.59331745	0				-553.59606	0.508970734	NaN	
553.43606	88	5	7	1	0.508970734	93.6405045	5.263030799	1.096464696				2.770523752E-05	0	99.99997229	47.40668255	52.59331745	0				-553.43606	0.508970734	NaN	
553.27606	88	5	7	1	0.508970734	93.6405045	5.263030799	1.096464696				2.770523752E-05	0	99.99997229	47.40668255	52.59331745	0				-553.27606	0.508970734	NaN	
553.11606	88	5	7	1	0.508970734	93.6405045	5.263030799	1.096464696				2.770523752E-05	0	99.99997229	47.40668255	52.59331745	0				-553.11606	0.508970734	NaN	
552.95606	88	5	7	1	0.508970734	93.6405045	5.263030799	1.096464696				2.770523752E-05	0	99.99997229	47.40668255	52.59331745	0				-552.95606	0.508970734	NaN	
552.79606	88	5	7	1	0.508970734	93.6405045	5.263030799	1.096464696				2.770523752E-05	0	99.99997229	47.40668255	52.59331745	0				-552.79606	0.508970734	NaN	
552.63606	88	5	7	1	0.508970734	93.6405045	5.263030799	1.096464696				2.770523752E-05	0	99.99997229	47.40668255	52.59331745	0				-552.63606	0.508970734	NaN	
552.47606	88	5	7	1	0.508970734	93.6405045	5.263030799	1.096464696				2.770523752E-05	0	99.99997229	47.40668255	52.59331745	0				-552.47606	0.508970734	NaN	
552.31606	88	5	7	1	0.508970734	93.6405045	5.263030799	1.096464696				2.770523752E-05	0	99.99997229	47.40668255	52.59331745	0				-552.31606	0.508970734	NaN	
552.15606	88	5	7	1	0.508970734	93.6405045	5.263030799	1.096464696				2.770523752E-05	0	99.99997229	47.40668255	52.59331745	0				-552.15606	0.508970734	NaN	
551.99606	88	5	7	1	0.508970734	93.6405045	5.263030799	1.096464696				2.770523752E-05	0	99.99997229	47.40668255	52.59331745	0				-551.99606	0.508970734	NaN	
551.83606	88	5	7	1	0.508970734	93.6405045	5.263030799	1.096464696				2.770523752E-05	0	99.99997229	47.40668255	52.59331745	0				-551.83606	0.508970734	NaN	
551.67606	88	5	7	1	0.508970734	93.6405045	5.263030799	1.096464696				2.770523752E-05	0	99.99997229	47.40668255	52.59331745	0				-551.67606	0.508970734	NaN	
551.51606	88	5	7	1	0.508970734	93.6405045	5.263030799	1.096464696				2.770523752E-05	0	99.99997229	47.40668255	52.59331745	0				-551.51606	0.508970734	NaN	
551.35606	88	5	7	1	0.508970734	93.6405045	5.263030799	1.096464696				2.770523752E-05	0	99.99997229	47.40668255	52.59331745	0				-551.35606	0.508970734	NaN	
551.19606	88	5	7	1	0.508970734	93.6405045	5.263030799	1.096464696				2.770523752E-05	0	99.99997229	47.40668255	52.59331745	0				-551.19606	0.508970734	NaN	
551.03606	88	5	7	1	0.508970734	93.6405045	5.263030799	1.096464696				2.770523752E-05	0	99.99997229	47.40668255	52.59331745	0				-551.03606	0.508970734	NaN	
550.87606	88	5	7	1	0.508970734	93.6405045	5.263030799	1.096464696				2.770523752E-05	0	99.99997229	47.40668255	52.59331745	0				-550.87606	0.508970734	NaN	
550.71606	88	5	7	1	0.508970734	93.6405045	5.263030799	1.096464696				2.770523752E-05	0	99.99997229	47.40668255	52.59331745	0				-550.71606	0.508970734	NaN	
550.55606	88	5	7	1	0.508970734	93.6405045	5.263030799	1.096464696				2.770523752E-05	0	99.99997229	47.40668255	52.59331745	0				-550.55606	0.508970734	NaN	
550.39606	88	5	7	1	0.508970734	93.6405045	5.263030799	1.096464696				2.770523752E-05	0	99.99997229	47.40668255	52.59331745	0				-550.39606	0.508970734	NaN	
550.23606	88	5	7	1	0.508970734	93.6405045	5.263030799	1.096464696				2.770523752E-05	0	99.99997229	47.40668255	52.59331745	0				-550.23606	0.508970734	NaN	
550.07606	88	5	7	1	0.508970734	93.6405045	5.263030799	1.096464696				2.770523752E-05	0	99.99997229	47.40668255	52.59331745	0				-550.07606	0.508970734	NaN	
549.91606	88	5	7	1	0.508970734	93.6405045	5.263030799	1.096464696				2.770523752E-05	0	99.99997229	47.40668255	52.59331745	0				-549.91606	0.508970734	NaN	
549.75606	88	5	7	1	0.508970734	93.6405045	5.263030799	1.096464696				2.770523752E-05	0	99.99997229	47.40668255	52.59331745	0				-549.75606	0.508970734	NaN	
549.59606	88	5	7	1	0.508970734	93.6405045	5.263030799	1.096464696				2.770523752E-05	0	99.99997229	47.40668255	52.59331745	0				-549.59606	0.508970734	NaN	
549.43606	88	5	7	1	0.508970734	93.6405045	5.263030799	1.096464696				2.770523752E-05	0	99.99997229	47.40668255	52.59331745	0				-549.43606	0.508970734	NaN	
549.27606	88	5	7	1	0.508970734	93.6405045	5.263030799	1.096464696				2.770523752E-05	0	99.99997229	47.40668255	52.59331745	0				-549.27606	0.508970734	NaN	
549.11606	88	5	7	1	0.508970734	93.6405045	5.263030799	1.096464696				2.770523752E-05	0	99.99997229	47.40668255	52.59331745	0				-549.11606	0.508970734	NaN	
548.95606	88	5	7	1	0.508970734	93.6405045	5.263030799	1.096464696				2.770523752E-05	0	99.99997229	47.40668255	52.59331745	0				-548.95606	0.508970734	NaN	
548.79606	88	5	7	1	0.508970734	93.6405045	5.263030799	1.096464696				2.770523752E-05	0	99.99997229	47.40668255	52.59331745	0				-548.79606	0.508970734	NaN	
548.63606	88	5	7	1	0.508970734	93.6405045	5.263030799	1.096464696				2.770523752E-05	0	99.99997229	47.40668255	52.59331745	0				-548.63606	0.508970734	NaN	
548.47606	88	5	7	1	0.508970734	93.6405045	5.263030799	1.096464696				2.770523752E-05	0	99.99997229	47.40668255	52.59331745	0				-548.47606	0.508970734	NaN	
548.31606	88	5	7	1	0.508970734	93.6405045	5.263030799	1.096464696				2.770523752E-05	0	99.99997229	47.40668255	52.59331745	0				-548.31606	0.508970734	NaN	
548.15606	88	5	7	1	0.508970734	93.6405045	5.263030799	1.096464696				2.770523752E-05	0	99.99997229	47.40668255	52.59331745	0				-548.15606	0.508970734	NaN	
547.99606	88	5	7	1	0.508970734	93.6405045	5.263030799	1.096464696				2.770523752E-05	0	99.99997229	47.40668255	52.59331745	0				-547.99606	0.508970734	NaN	
547.83606	88	5	7	1	0.508970734	93.6405045	5.263030799	1.096464696				2.770523752E-05	0	99.99997229	47.40668255	52.59331745	0				-547.83606	0.508970734	NaN	
547.67606	88	5	7	1	0.508970734	93.6405045	5.263030799	1.096464696				2.770523752E-05	0	99.99997229	47.40668255	52.59331745	0				-547.67606	0.508970734	NaN	
547.51606	88	5	7	1	0.508970734	93.6405045	5.263030799	1.096464696				2.770523752E-05	0	99.99997229	47.40668255	52.59331745	0				-547.51606	0.508970734	NaN	
547.35606	88	5	7	1	0.508970734	93.6405045	5.263030799	1.096464696				2.770523752E-05	0	99.99997229	47.40668255	52.59331745	0				-547.35606	0.508970734	NaN	
547.19606	88	5	7	1	0.508970734	93.6405045	5.263030799	1.096464696				2.770523752E-05	0	99.99997229	47.40668255	52.59331745	0				-547.19606	0.508970734	NaN	
547.03606	88	5	7	1	0.508970734	93.6405045	5.263030799	1.096464696				2.770523752E-05	0	99.99997229	47.40668255	52.59331745	0				-547.03606	0.508970734	NaN	
546.87606	88	5	7	1	0.508970734	93.6405045	5.263030799	1.096464696				2.770523752E-05	0	99.99997229	47.40668255	52.59331745	0				-546.87606	0.508970734	NaN	
546.71606	88	5	7	1	0.508970734	93.6405045	5.263030799	1.096464696				2.770523752E-05	0	99.99997229	47.40668255	52.59331745	0				-546.71606	0.508970734	NaN	
546.55606	88	5	7	1	0.508970734	93.6405045	5.263030799	1.096464696				2.770523752E-05	0	99.99997229	47.40668255	52.59331745	0				-546.55606	0.508970734	NaN	
546.39606	88	5	7	1	0.508970734	93.6405045	5.263030799	1.096464696				2.770523752E-05	0	99.99997229	47.40668255	52.59331745	0				-546.39606	0.508970734	NaN	
546.23606	88	5	7	1	0.508970734	93.6405045	5.263030799	1.096464696				2.770523752E-05	0	99.99997229	47.40668255	52.59331745	0				-546.23606	0.508970734	NaN	
546.07606	88	5	7	1	0.508970734	93.6405045	5.263030799	1.096464696				2.770523752E-05	0	99.99997229	47.40668255	52.59331745	0				-546.07606	0.508970734	NaN	
545.91606	88	5	7	1	0.508970734	93.6405045	5.263030799	1.096464696				2.770523752E-05	0	99.99997229	47.40668255	52.59331745	0				-545.91606	0.508970734	NaN	
545.75606	88	5	7	1	0.508970734	93.6405045	5.263030799	1.096464696				2.770523752E-05	0	99.99997229	47.40668255	52.59331745	0				-545.75606	0.508970734	NaN	
545.59606	88	5	7	1	0.508970734	93.6405045	5.263030799	1.096464696				2.770523752E-05	0	99.99997229	47.40668255	52.59331745	0				-545.59606	0.508970734	NaN	
545.43606	88	5	7	1	0.508970734	93.6405045	5.263030799	1.096464696				2.770523752E-05	0	99.99997229	47.40668255	52.59331745	0				-545.43606	0.508970734	NaN	
545.27606	88	5	7	1	0.508970734	93.6405045	5.263030799	1.096464696				2.770523752E-05	0	99.99997229	47.40668255	52.59331745	0				-545.27606	0.508970734	NaN	
545.11606	88	5	7	1	0.508970734	93.6405045	5.263030799	1.096464696				2.770523752E-05	0	99.99997229	47.40668255	52.59331745	0				-545.11606	0.508970734	NaN	
544.95606	88	5	7	1	0.508970734	93.6405045	5.263030799	1.096464696				2.770523752E-05	0	99.99997229	47.40668255	52.59331745	0				-544.95606	0.508970734	NaN	
544.79606	88	5	7	1	0.508970734	93.6405045	5.263030799	1.096464696				2.770523752E-05	0	99.99997229	47.40668255	52.59331745	0				-544.79606	0.508970734	NaN	
544.63606	88	5	7	1	0.508970734	93.6405045	5.263030799	1.096464696				2.770523752E-05	0	99.99997229	47.40668255	52.59331745	0				-544.63606	0.508970734	NaN	
544.47606	88	5	7	1	0.508970734	93.6405045	5.263030799	1.096464696				2.770523752E-05	0	99.99997229	47.40668255	52.59331745	0				-544.47606	0.508970734	NaN	
544.31606	88	5	7	1	0.508970734	93.6405045	5.263030799	1.096464696				2.770523752E-05	0	99.99997229	47.40668255	52.59331745	0				-544.31606	0.508970734	NaN	
544.15606	88	5	7	1	0.508970734	93.6405045	5.263030799	1.096464696				2.770523752E-05	0	99.99997229	47.40668255	52.59331745	0				-544.15606	0.508970734	NaN	
543.99606	88	5	7	1	0.508970734	93.6405045	5.263030799	1.096464696				2.770523752E-05	0	99.99997229	47.40668255	52.59331745	0				-543.99606	0.508970734	NaN	
543.83606	88	5	7	1	0.508970734	93.6405045	5.263030799	1.096464696				2.770523752E-05	0	99.99997229	47.40668255	52.59331745	0				-543.83606	0.508970734	NaN	
543.67606	88	5	7	1	0.508970734	93.6405045	5.263030799	1.096464696				2.770523752E-05	0	99.99997229	47.40668255	52.59331745	0				-543.67606	0.508970734	NaN	
543.51606	88	5	7	1	0.508970734	93.6405045	5.263030799	1.096464696				2.770523752E-05	0	99.99997229	47.40668255	52.59331745	0				-543.51606	0.508970734	NaN	
543.35606	88	5	7	1	0.508970734	93.6405045	5.263030799	1.096464696				2.770523752E-05	0	99.99997229	47.40668255	52.59331745	0				-543.35606	0.508970734	NaN	
543.19606	88	5	7	1	0.508970734	93.6405045	5.263030799	1.096464696				2.770523752E-05	0	99.99997229	47.40668255	52.59331745	0				-543.19606	0.508970734	NaN	
543.03606	88	5	7	1	0.508970734	93.6405045	5.263030799	1.096464696				2.770523752E-05	0	99.99997229	47.40668255	52.59331745	0				-543.03606	0.508970734	NaN	
542.87606	88	5	7	1	0.508970734	93.6405045	5.263030799	1.096464696				2.770523752E-05	0	99.99997229	47.40668255	52.59331745	0				-542.87606	0.508970734	NaN	
542.71606	88	5	7	1	0.508970734	93.6405045	5.263030799	1.096464696				2.770523752E-05	0	99.99997229	47.40668255	52.59331745	0				-542.71606	0.508970734	NaN	
542.55606	88	5	7	1	0.508970734	93.6405045	5.263030799	1.096464696				2.770523752E-05	0	99.99997229	47.40668255	52.59331745	0				-542.55606	0.508970734	NaN	
542.39606	88	5	7	1	0.508970734	93.6405045	5.263030799	1.096464696				2.770523752E-05	0	99.99997229	47.40668255	52.59331745	0				-542.39606	0.508970734	NaN	
542.23606	88	5	7	1	0.508970734	93.6405045	5.263030799	1.096464696				2.770523752E-05	0	99.99997229	47.40668255	52.59331745	0				-542.23606	0.508970734	NaN	
542.07606	88	5	7	1	0.508970734	93.6405045	5.263030799	1.096464696				2.770523752E-05	0	99.99997229	47.40668255	52.59331745	0				-542.07606	0.508970734	NaN	
541.91606	88	5	7	1	0.508970734	93.6405045	5.263030799	1.096464696				2.770523752E-05	0	99.99997229	47.40668255	52.59331745	0				-541.91606	0.508970734	NaN	
541.75606	88	5	7	1	0.508970734	93.6405045	5.263030799	1.096464696				2.770523752E-05	0	99.99997229	47.40668255	52.59331745	0				-541.75606	0.508970734	NaN	
541.59606	88	5	7	1	0.508970734	93.6405045	5.263030799	1.096464696				2.770523752E-05	0	99.99997229	47.40668255	52.59331745	0				-541.59606	0.508970734	NaN	
541.43606	88	5	7	1	0.508970734	93.6405045	5.263030799	1.096464696				2.770523752E-05	0	99.99997229	47.40668255	52.59331745	0				-541.43606	0.508970734	NaN	
541.27606	88	5	7	1	0.508970734	93.6405045	5.263030799	1.096464696				2.770523752E-05	0	99.99997229	47.40668255	52.59331745	0				-541.27606	0.508970734	NaN	
541.11606	88	5	7	1	0.508970734	93.6405045	5.263030799	1.096464696				2.770523752E-05	0	99.99997229	47.40668255	52.59331745	0				-541.11606	0.508970734	NaN	
540.95606	88	5	7	1	0.508970734	93.6405045	5.263030799	1.096464696				2.770523752E-05	0	99.99997229	47.40668255	52.59331745	0				-540.95606	0.508970734	NaN	
540.79606	88	5	7	1	0.508970734	93.6405045	5.263030799	1.096464696				2.770523752E-05	0	99.99997229	47.40668255	52.59331745	0				-540.79606	0.508970734	NaN	
540.63606	88	5	7	1	0.508970734	93.6405045	5.263030799	1.096464696				2.770523752E-05	0	99.99997229	47.40668255	52.59331745	0				-540.63606	0.508970734	NaN	
540.47606	88	5	7	1	0.508970734	93.6405045	5.263030799	1.096464696				2.770523752E-05	0	99.99997229	47.40668255	52.59331745	0				-540.47606	0.508970734	NaN	
540.31606	88	5	7	1	0.508970734	93.6405045	5.263030799	1.096464696				2.770523752E-05	0	99.99997229	47.40668255	52.59331745	0				-540.31606	0.508970734	NaN	
540.15606	88	5	7	1	0.508970734	93.6405045	5.263030799	1.096464696				2.770523752E-05	0	99.99997229	47.40668255	52.59331745	0				-540.15606	0.508970734	NaN	
539.99606	88	5	7	1	0.508970734	93.6405045	5.263030799	1.096464696				2.770523752E-05	0	99.99997229	47.40668255	52.59331745	0				-539.99606	0.508970734	NaN	
539.83606	88	5	7	1	0.508970734	93.6405045	5.263030799	1.096464696				2.770523752E-05	0	99.99997229	47.40668255	52.59331745	0				-539.83606	0.508970734	NaN	
539.67606	88	5	7	1	0.508970734	93.6405045	5.263030799	1.096464696				2.770523752E-05	0	99.99997229	47.40668255	52.59331745	0				-539.67606	0.508970734	NaN	
539.51606	88	5	7	1	0.508970734	93.6405045	5.263030799	1.096464696				2.770523752E-05	0	99.99997229	47.40668255	52.59331745	0				-539.51606	0.508970734	NaN	
539.35606	88	5	7	1	0.508970734	93.6405045	5.263030799	1.096464696				2.770523752E-05	0	99.99997229	47.40668255	52.59331745	0				-539.35606	0.508970734	NaN	
539.19606	88	5	7	1	0.508970734	93.6405045	5.263030799	1.096464696				2.770523752E-05	0	99.99997229	47.40668255	52.59331745	0				-539.19606	0.508970734	NaN	
539.03606	88	5	7	1	0.508970734	93.6405045	5.263030799	1.096464696				2.770523752E-05	0	99.99997229	47.40668255	52.59331745	0				-539.03606	0.508970734	NaN	
538.87606	88	5	7	1	0.508970734	93.6405045	5.263030799	1.096464696				2.770523752E-05	0	99.99997229	47.40668255	52.59331745	0				-538.87606	0.508970734	NaN	
538.71606	88	5	7	1	0.508970734	93.6405045	5.263030799	1.096464696				2.770523752E-05	0	99.99997229	47.40668255	52.59331745	0				-538.71606	0.508970734	NaN	
538.55606	88	5	7	1	0.508970734	93.6405045	5.263030799	1.096464696				2.770523752E-05	0	99.99997229	47.40668255	52.59331745	0				-538.55606	0.508970734	NaN	
538.39606	88	5	7	1	0.508970734	93.6405045	5.263030799	1.096464696				2.770523752E-05	0	99.99997229	47.40668255	52.59331745	0				-538.39606	0.508970734	NaN	
538.23606	88	5	7	1	0.508970734	93.6405045	5.263030799	1.096464696				2.770523752E-05	0	99.99997229	47.40668255	52.59331745	0				-538.23606	0.508970734	NaN	
538.07606	88	5	7	1	0.508970734	93.6405045	5.263030799	1.096464696				2.770523752E-05	0	99.99997229	47.40668255	52.59331745	0				-538.07606	0.508970734	NaN	
537.91606	88	5	7	1	0.508970734	93.6405045	5.263030799	1.096464696				2.770523752E-05	0	99.99997229	47.40668255	52.59331745	0				-537.91606	0.508970734	NaN	
537.75606	88	5	7	1	0.508970734	93.6405045	5.263030799	1.096464696				2.770523752E-05	0	99.99997229	47.40668255	52.59331745	0				-537.75606	0.508970734	NaN	
537.59606	88	5	7	1	0.508970734	93.6405045	5.263030799	1.096464696				2.770523752E-05	0	99.99997229	47.40668255	52.59331745	0				-537.59606	0.508970734	NaN	
537.43606	88	5	7	1	0.508970734	93.6405045	5.263030799	1.096464696				2.770523752E-05	0	99.99997229	47.40668255	52.59331745	0				-537.43606	0.508970734	NaN	
537.27606	88	5	7	1	0.508970734	93.6405045	5.263030799	1.096464696				2.770523752E-05	0	99.99997229	47.40668255	52.59331745	0				-537.27606	0.508970734	NaN	
537.11606	88	5	7	1	0.508970734	93.6405045	5.263030799	1.096464696				2.770523752E-05	0	99.99997229	47.40668255	52.59331745	0				-537.11606	0.508970734	NaN	
536.95606	88	5	7	1	0.508970734	93.6405045	5.263030799	1.096464696				2.770523752E-05	0	99.99997229	47.40668255	52.59331745	0				-536.95606	0.508970734	NaN	
536.79606	88	5	7	1	0.508970734	93.6405045	5.263030799	1.096464696				2.770523752E-05	0	99.99997229	47.40668255	52.59331745	0				-536.79606	0.508970734	NaN	
536.63606	88	5	7	1	0.508970734	93.6405045	5.263030799	1.096464696				2.770523752E-05	0	99.99997229	47.40668255	52.59331745	0				-536.63606	0.508970734	NaN	
536.47606	88	5	7	1	0.508970734	93.6405045	5.263030799	1.096464696				2.770523752E-05	0	99.99997229	47.40668255	52.59331745	0				-536.47606	0.508970734	NaN	
536.31606	88	5	7	1	0.508970734	93.6405045	5.263030799	1.096464696				2.770523752E-05	0	99.99997229	47.40668255	52.59331745	0				-536.31606	0.508970734	NaN	
536.15606	88	5	7	1	0.508970734	93.6405045	5.263030799	1.096464696				2.770523752E-05	0	99.99997229	47.40668255	52.59331745	0				-536.15606	0.508970734	NaN	
535.99606	88	5	7	1	0.508970734	93.6405045	5.263030799	1.096464696				2.770523752E-05	0	99.99997229	47.40668255	52.59331745	0				-535.99606	0.508970734	NaN	
535.83606	88	5	7	1	0.508970734	93.6405045	5.263030799	1.096464696				2.770523752E-05	0	99.99997229	47.40668255	52.59331745	0				-535.83606	0.508970734	NaN	
535.67606	88	5	7	1	0.508970734	93.6405045	5.263030799	1.096464696				2.770523752E-05	0	99.99997229	47.40668255	52.59331745	0				-535.67606	0.508970734	NaN	
535.51606	88	5	7	1	0.508970734	93.6405045	5.263030799	1.096464696				2.770523752E-05	0	99.99997229	47.40668255	52.59331745	0				-535.51606	0.508970734	NaN	
535.35606	88	5	7	1	0.508970734	93.6405045	5.263030799	1.096464696				2.770523752E-05	0	99.99997229	47.40668255	52.59331745	0				-535.35606	0.508970734	NaN	
535.19606	88	5	7	1	0.508970734	93.6405045	5.263030799	1.096464696				2.770523752E-05	0	99.99997229	47.40668255	52.59331745	0				-535.19606	0.508970734	NaN	
535.03606	88	5	7	1	0.508970734	93.6405045	5.263030799	1.096464696				2.770523752E-05	0	99.99997229	47.40668255	52.59331745	0				-535.03606	0.508970734	NaN	
534.87606	88	5	7	1	0.508970734	93.6405045	5.263030799	1.096464696				2.770523752E-05	0	99.99997229	47.40668255	52.59331745	0				-534.87606	0.508970734	NaN	
534.71606	88	5	7	1	0.508970734	93.6405045	5.263030799	1.096464696				2.770523752E-05	0	99.99997229	47.40668255	52.59331745	0				-534.71606	0.508970734	NaN	
534.55606	88	5	7	1	0.508970734	93.6405045	5.263030799	1.096464696				2.770523752E-05	0	99.99997229	47.40668255	52.59331745	0				-534.55606	0.508970734	NaN	
534.39606	88	5	7	1	0.508970734	93.6405045	5.263030799	1.096464696				2.770523752E-05	0	99.99997229	47.40668255	52.59331745	0				-534.39606	0.508970734	NaN	
534.23606	88	5	7	1	0.508970734	93.6405045	5.263030799	1.096464696				2.770523752E-05	0	99.99997229	47.40668255	52.59331745	0				-534.23606	0.508970734	NaN	
534.07606	88	5	7	1	0.508970734	93.6405045	5.263030799	1.096464696				2.770523752E-05	0	99.99997229	47.40668255	52.59331745	0				-534.07606	0.508970734	NaN	
533.91606	88	5	7	1	0.508970734	93.6405045	5.263030799	1.096464696				2.770523752E-05	0	99.99997229	47.40668255	52.59331745	0				-533.91606	0.508970734	NaN	
533.75606	88	5	7	1	0.508970734	93.6405045	5.263030799	1.096464696				2.770523752E-05	0	99.99997229	47.40668255	52.59331745	0				-533.75606	0.508970734	NaN	
533.59606	88	5	7	1	0.508970734	93.6405045	5.263030799	1.096464696				2.770523752E-05	0	99.99997229	47.40668255	52.59331745	0				-533.59606	0.508970734	NaN	
533.43606	88	5	7	1	0.508970734	93.6405045	5.263030799	1.096464696				2.770523752E-05	0	99.99997229	47.40668255	52.59331745	0				-533.43606	0.508970734	NaN	
533.27606	88	5	7	1	0.508970734	93.6405045	5.263030799	1.096464696				2.770523752E-05	0	99.99997229	47.40668255	52.59331745	0				-533.27606	0.508970734	NaN	
533.11606	88	5	7	1	0.508970734	93.6405045	5.263030799	1.096464696				2.770523752E-05	0	99.99997229	47.40668255	52.59331745	0				-533.11606	0.508970734	NaN	
532.95606	88	5	7	1	0.508970734	93.6405045	5.263030799	1.096464696				2.770523752E-05	0	99.99997229	47.40668255	52.59331745	0				-532.95606	0.508970734	NaN	
532.79606	88	5	7	1	0.508970734	93.6405045	5.263030799	1.096464696				2.770523752E-05	0	99.99997229	47.40668255	52.59331745	0				-532.79606	0.508970734	NaN	
532.63606	88	5	7	1	0.508970734	93.6405045	5.263030799	1.096464696				2.770523752E-05	0	99.99997229	47.40668255	52.59331745	0				-532.63606	0.508970734	NaN	
532.47606	88	5	7	1	0.508970734	93.6405045	5.263030799	1.096464696				2.770523752E-05	0	99.99997229	47.40668255	52.59331745	0				-532.47606	0.508970734	NaN	
532.31606	88	5	7	1	0.508970734	93.6405045	5.263030799	1.096464696				2.770523752E-05	0	99.99997229	47.40668255	52.59331745	0				-532.31606	0.508970734	NaN	
532.15606	88	5	7	1	0.508970734	93.6405045	5.263030799	1.096464696				2.770523752E-05	0	99.99997229	47.40668255	52.59331745	0				-532.15606	0.508970734	NaN	
531.99606	88	5	7	1	0.508970734	93.6405045	5.263030799	1.096464696				2.770523752E-05	0	99.99997229	47.40668255	52.59331745	0				-531.99606	0.508970734	NaN	
531.83606	88	5	7	1	0.508970734	93.6405045	5.263030799	1.096464696				2.770523752E-05	0	99.99997229	47.40668255	52.59331745	0				-531.83606	0.508970734	NaN	
531.67606	88	5	7	1	0.508970734	93.6405045	5.263030799	1.096464696				2.770523752E-05	0	99.99997229	47.40668255	52.59331745	0				-531.67606	0.508970734	NaN	
531.51606	88	5	7	1	0.508970734	93.6405045	5.263030799	1.096464696				2.770523752E-05	0	99.99997229	47.40668255	52.59331745	0				-531.51606	0.508970734	NaN	
531.35606	88	5	7	1	0.508970734	93.6405045	5.263030799	1.096464696				2.770523752E-05	0	99.99997229	47.40668255	52.59331745	0				-531.35606	0.508970734	NaN	
531.19606	88	5	7	1	0.508970734	93.6405045	5.263030799	1.096464696				2.770523752E-05	0	99.99997229	47.40668255	52.59331745	0				-531.19606	0.508970734	NaN	
531.03606	88	5	7	1	0.508970734	93.6405045	5.263030799	1.096464696				2.770523752E-05	0	99.99997229	47.40668255	52.59331745	0				-531.03606	0.508970734	NaN	
530.87606	88	5	7	1	0.508970734	93.6405045	5.263030799	1.096464696				2.770523752E-05	0	99.99997229	47.40668255	52.59331745	0				-530.87606	0.508970734	NaN	
530.71606	88	5	7	1	0.508970734	93.6405045	5.263030799	1.096464696				2.770523752E-05	0	99.99997229	47.40668255	52.59331745	0				-530.71606	0.508970734	NaN	
530.55606	88	5	7	1	0.508970734	93.6405045	5.263030799	1.096464696				2.770523752E-05	0	99.99997229	47.40668255	52.59331745	0				-530.55606	0.508970734	NaN	
530.39606	88	5	7	1	0.508970734	93.6405045	5.263030799	1.096464696				2.770523752E-05	0	99.99997229	47.40668255	52.59331745	0				-530.39606	0.508970734	NaN	
530.23606	88	5	7	1	0.508970734	93.6405045	5.263030799	1.096464696				2.770523752E-05	0	99.99997229	47.40668255	52.59331745	0				-530.23606	0.508970734	NaN	
530.07606	88	5	7	1	0.508970734	93.6405045	5.263030799	1.096464696				2.770523752E-05	0	99.99997229	47.40668255	52.59331745	0				-530.07606	0.508970734	NaN	
529.91606	88	5	7	1	0.508970734	93.6405045	5.263030799	1.096464696				2.770523752E-05	0	99.99997229	47.40668255	52.59331745	0				-529.91606	0.508970734	NaN	
529.75606	88	5	7	1	0.508970734	93.6405045	5.263030799	1.096464696				2.770523752E-05	0	99.99997229	47.40668255	52.59331745	0				-529.75606	0.508970734	NaN	
529.59606	88	5	7	1	0.508970734	93.6405045	5.263030799	1.096464696				2.770523752E-05	0	99.99997229	47.40668255	52.59331745	0				-529.59606	0.508970734	NaN	
529.43606	88	5	7	1	0.508970734	93.6405045	5.263030799	1.096464696				2.770523752E-05	0	99.99997229	47.40668255	52.59331745	0				-529.43606	0.508970734	NaN	
529.27606	88	5	7	1	0.508970734	93.6405045	5.263030799	1.096464696				2.770523752E-05	0	99.99997229	47.40668255	52.59331745	0				-529.27606	0.508970734	NaN	
529.11606	88	5	7	1	0.508970734	93.6405045	5.263030799	1.096464696				2.770523752E-05	0	99.99997229	47.40668255	52.59331745	0				-529.11606	0.508970734	NaN	
528.95606	88	5	7	1	0.508970734	93.6405045	5.263030799	1.096464696				2.770523752E-05	0	99.99997229	47.40668255	52.59331745	0				-528.95606	0.508970734	NaN	
528.79606	88	5	7	1	0.508970734	93.6405045	5.263030799	1.096464696				2.770523752E-05	0	99.99997229	47.40668255	52.59331745	0				-528.79606	0.508970734	NaN	
528.63606	88	5	7	1	0.508970734	93.6405045	5.263030799	1.096464696				2.770523752E-05	0	99.99997229	47.40668255	52.59331745	0				-528.63606	0.508970734	NaN	
528.47606	88	5	7	1	0.508970734	93.6405045	5.263030799	1.096464696				2.770523752E-05	0	99.99997229	47.40668255	52.59331745	0				-528.47606	0.508970734	NaN	
528.31606	88	5	7	1	0.508970734	93.6405045	5.263030799	1.096464696				2.770523752E-05	0	99.99997229	47.40668255	52.59331745	0				-528.31606	0.508970734	NaN	
528.15606	88	5	7	1	0.508970734	93.6405045	5.263030799	1.096464696				2.770523752E-05	0	99.99997229	47.40668255	52.59331745	0				-528.15606	0.508970734	NaN	
527.99606	88	5	7	1	0.508970734	93.6405045	5.263030799	1.096464696				2.770523752E-05	0	99.99997229	47.40668255	52.59331745	0				-527.99606	0.508970734	NaN	
527.83606	88	5	7	1	0.508970734	93.6405045	5.263030799	1.096464696				2.770523752E-05	0	99.99997229	47.40668255	52.59331745	0				-527.83606	0.508970734	NaN	
527.67606	88	5	7	1	0.508970734	93.6405045	5.263030799	1.096464696				2.770523752E-05	0	99.99997229	47.40668255	52.59331745	0				-527.67606	0.508970734	NaN	
527.51606	88	5	7	1	0.508970734	93.6405045	5.263030799	1.096464696				2.770523752E-05	0	99.99997229	47.40668255	52.59331745	0				-527.51606	0.508970734	NaN	
527.35606	88	5	7	1	0.508970734	93.6405045	5.263030799	1.096464696				2.770523752E-05	0	99.99997229	47.40668255	52.59331745	0				-527.35606	0.508970734	NaN	
527.19606	88	5	7	1	0.508970734	93.6405045	5.263030799	1.096464696				2.770523752E-05	0	99.99997229	47.40668255	52.59331745	0				-527.19606	0.508970734	NaN	
527.03606	88	5	7	1	0.508970734	93.6405045	5.263030799	1.096464696				2.770523752E-05	0	99.99997229	47.40668255	52.59331745	0				-527.03606	0.508970734	NaN	
526.87606	88	5	7	1	0.508970734	93.6405045	5.263030799	1.096464696				2.770523752E-05	0	99.99997229	47.40668255	52.59331745	0				-526.87606	0.508970734	NaN	
526.71606	88	5	7	1	0.508970734	93.6405045	5.263030799	1.096464696				2.770523752E-05	0	99.99997229	47.40668255	52.59331745	0				-526.71606	0.508970734	NaN	
526.55606	88	5	7	1	0.508970734	93.6405045	5.263030799	1.096464696				2.770523752E-05	0	99.99997229	47.40668255	52.59331745	0				-526.55606	0.508970734	NaN	
526.39606	88	5	7	1	0.508970734	93.6405045	5.263030799	1.096464696				2.770523752E-05	0	99.99997229	47.40668255	52.59331745	0				-526.39606	0.508970734	NaN	
526.23606	88	5	7	1	0.508970734	93.6405045	5.263030799	1.096464696				2.770523752E-05	0	99.99997229	47.40668255	52.59331745	0				-526.23606	0.508970734	NaN	
526.07606	88	5	7	1	0.508970734	93.6405045	5.263030799	1.096464696				2.770523752E-05	0	99.99997229	47.40668255	52.59331745	0				-526.07606	0.508970734	NaN	
525.91606	88	5	7	1	0.508970734	93.6405045	5.263030799	1.096464696				2.770523752E-05	0	99.99997229	47.40668255	52.59331745	0				-525.91606	0.508970734	NaN	
525.75606	88	5	7	1	0.508970734	93.6405045	5.263030799	1.096464696				2.770523752E-05	0	99.99997229	47.40668255	52.59331745	0				-525.75606	0.508970734	NaN	
525.59606	88	5	7	1	0.508970734	93.6405045	5.263030799	1.096464696				2.770523752E-05	0	99.99997229	47.40668255	52.59331745	0				-525.59606	0.508970734	NaN	
525.43606	88	5	7	1	0.508970734	93.6405045	5.263030799	1.096464696				2.770523752E-05	0	99.99997229	47.40668255	52.59331745	0				-525.43606	0.508970734	NaN	
525.27606	88	5	7	1	0.508970734	93.6405045	5.263030799	1.096464696				2.770523752E-05	0	99.99997229	47.40668255	52.59331745	0				-525.27606	0.508970734	NaN	
525.11606	88	5	7	1	0.508970734	93.6405045	5.263030799	1.096464696				2.770523752E-05	0	99.99997229	47.40668255	52.59331745	0				-525.11606	0.508970734	NaN	
524.95606	88	5	7	1	0.508970734	93.6405045	5.263030799	1.096464696				2.770523752E-05	0	99.99997229	47.40668255	52.59331745	0				-524.95606	0.508970734	NaN	
524.79606	88	5	7	1	0.508970734	93.6405045	5.263030799	1.096464696				2.770523752E-05	0	99.99997229	47.40668255	52.59331745	0				-524.79606	0.508970734	NaN	
524.63606	88	5	7	1	0.508970734	93.6405045	5.263030799	1.096464696				2.770523752E-05	0	99.99997229	47.40668255	52.59331745	0				-524.63606	0.508970734	NaN	
524.47606	88	5	7	1	0.508970734	93.6405045	5.263030799	1.096464696				2.770523752E-05	0	99.99997229	47.40668255	52.59331745	0				-524.47606	0.508970734	NaN	
524.31606	88	5	7	1	0.508970734	93.6405045	5.263030799	1.096464696				2.770523752E-05	0	99.99997229	47.40668255	52.59331745	0				-524.31606	0.508970734	NaN	
524.15606	88	5	7	1	0.508970734	93.6405045	5.263030799	1.096464696				2.770523752E-05	0	99.99997229	47.40668255	52.59331745	0				-524.15606	0.508970734	NaN	
523.99606	88	5	7	1	0.508970734	93.6405045	5.263030799	1.096464696				2.770523752E-05	0	99.99997229	47.40668255	52.59331745	0				-523.99606	0.508970734	NaN	
523.83606	88	5	7	1	0.508970734	93.6405045	5.263030799	1.096464696				2.770523752E-05	0	99.99997229	47.40668255	52.59331745	0				-523.83606	0.508970734	NaN	
523.67606	88	5	7	1	0.508970734	93.6405045	5.263030799	1.096464696				2.770523752E-05	0	99.99997229	47.40668255	52.59331745	0				-523.67606	0.508970734	NaN	
523.51606	88	5	7	1	0.508970734	93.6405045	5.263030799	1.096464696				2.770523752E-05	0	99.99997229	47.40668255	52.59331745	0				-523.51606	0.508970734	NaN	
523.35606	88	5	7	1	0.508970734	93.6405045	5.263030799	1.096464696				2.770523752E-05	0	99.99997229	47.40668255	52.59331745	0				-523.35606	0.508970734	NaN	
523.19606	88	5	7	1	0.508970734	93.6405045	5.263030799	1.096464696				2.770523752E-05	0	99.99997229	47.40668255	52.59331745	0				-523.19606	0.508970734	NaN	
523.03606	88	5	7	1	0.508970734	93.6405045	5.263030799	1.096464696				2.770523752E-05	0	99.99997229	47.40668255	52.59331745	0				-523.03606	0.508970734	NaN	
522.87606	88	5	7	1	0.508970734	93.6405045	5.263030799	1.096464696				2.770523752E-05	0	99.99997229	47.40668255	52.59331745	0				-522.87606	0.508970734	NaN	
522.71606	88	5	7	1	0.508970734	93.6405045	5.263030799	1.096464696				2.770523752E-05	0	99.99997229	47.40668255	52.59331745	0				-522.71606	0.508970734	NaN	
522.55606	88	5	7	1	0.508970734	93.6405045	5.263030799	1.096464696				2.770523752E-05	0	99.99997229	47.40668255	52.59331745	0				-522.55606	0.508970734	NaN	
522.39606	88	5	7	1	0.508970734	93.6405045	5.263030799	1.096464696				2.770523752E-05	0	99.99997229	47.40668255	52.59331745	0				-522.39606	0.508970734	NaN	
522.23606	88	5	7	1	0.508970734	93.6405045	5.263030799	1.096464696				2.770523752E-05	0	99.99997229	47.40668255	52.59331745	0				-522.23606	0.508970734	NaN	
522.07606	88	5	7	1	0.508970734	93.6405045	5.263030799	1.096464696				2.770523752E-05	0	99.99997229	47.40668255	52.59331745	0				-522.07606	0.508970734	NaN	
521.91606	88	5	7	1	0.508970734	93.6405045	5.263030799	1.096464696				2.770523752E-05	0	99.99997229	47.40668255	52.59331745	0				-521.91606	0.508970734	NaN	
521.75606	88	5	7	1	0.508970734	93.6405045	5.263030799	1.096464696				2.770523752E-05	0	99.99997229	47.40668255	52.59331745	0				-521.75606	0.508970734	NaN	
521.59606	88	5	7	1	0.508970734	93.6405045	5.263030799	1.096464696				2.770523752E-05	0	99.99997229	47.40668255	52.59331745	0				-521.59606	0.508970734	NaN	
521.43606	88	5	7	1	0.508970734	93.6405045	5.263030799	1.096464696				2.770523752E-05	0	99.99997229	47.40668255	52.59331745	0				-521.43606	0.508970734	NaN	
521.27606	88	5	7	1	0.508970734	93.6405045	5.263030799	1.096464696				2.770523752E-05	0	99.99997229	47.40668255	52.59331745	0				-521.27606	0.508970734	NaN	
521.11606	88	5	7	1	0.508970734	93.6405045	5.263030799	1.096464696				2.770523752E-05	0	99.99997229	47.40668255	52.59331745	0				-521.11606	0.508970734	NaN	
520.95606	88	5	7	1	0.508970734	93.6405045	5.263030799	1.096464696				2.770523752E-05	0	99.99997229	47.40668255	52.59331745	0				-520.95606	0.508970734	NaN	
520.79606	88	5	7	1	0.508970734	93.6405045	5.263030799	1.096464696				2.770523752E-05	0	99.99997229	47.40668255	52.59331745	0				-520.79606	0.508970734	NaN	
520.63606	88	5	7	1	0.508970734	93.6405045	5.263030799	1.096464696				2.770523752E-05	0	99.99997229	47.40668255	52.59331745	0				-520.63606	0.508970734	NaN	
520.47606	88	5	7	1	0.508970734	93.6405045	5.263030799	1.096464696				2.770523752E-05	0	99.99997229	47.40668255	52.59331745	0				-520.47606	0.508970734	NaN	
520.31606	88	5	7	1	0.508970734	93.6405045	5.263030799	1.096464696				2.770523752E-05	0	99.99997229	47.40668255	52.59331745	0				-520.31606	0.508970734	NaN	
520.15606	88	5	7	1	0.508970734	93.6405045	5.263030799	1.096464696				2.770523752E-05	0	99.99997229	47.40668255	52.59331745	0				-520.15606	0.508970734	NaN	
519.99606	88	5	7	1	0.508970734	93.6405045	5.263030799	1.096464696				2.770523752E-05	0	99.99997229	47.40668255	52.59331745	0				-519.99606	0.508970734	NaN	
519.83606	88	5	7	1	0.508970734	93.6405045	5.263030799	1.096464696				2.770523752E-05	0	99.99997229	47.40668255	52.59331745	0				-519.83606	0.508970734	NaN	
519.67606	88	5	7	1	0.508970734	93.6405045	5.263030799	1.096464696				2.770523752E-05	0	99.99997229	47.40668255	52.59331745	0				-519.67606	0.508970734	NaN	
519.51606	88	5	7	1	0.508970734	93.6405045	5.263030799	1.096464696				2.770523752E-05	0	99.99997229	47.40668255	52.59331745	0				-519.51606	0.508970734	NaN	
519.35606	88	5	7	1	0.508970734	93.6405045	5.263030799	1.096464696				2.770523752E-05	0	99.99997229	47.40668255	52.59331745	0				-519.35606	0.508970734	NaN	
519.19606	88	5	7	1	0.508970734	93.6405045	5.263030799	1.096464696				2.770523752E-05	0	99.99997229	47.40668255	52.59331745	0				-519.19606	0.508970734	NaN	
519.03606	88	5	7	1	0.508970734	93.6405045	5.263030799	1.096464696				2.770523752E-05	0	99.99997229	47.40668255	52.59331745	0				-519.03606	0.508970734	NaN	
518.87606	88	5	7	1	0.508970734	93.6405045	5.263030799	1.096464696				2.770523752E-05	0	99.99997229	47.40668255	52.59331745	0				-518.87606	0.508970734	NaN	
518.71606	88	5	7	1	0.508970734	93.6405045	5.263030799	1.096464696				2.770523752E-05	0	99.99997229	47.40668255	52.59331745	0				-518.71606	0.508970734	NaN	
518.55606	88	5	7	1	0.508970734	93.6405045	5.263030799	1.096464696				2.770523752E-05	0	99.99997229	47.40668255	52.59331745	0				-518.55606	0.508970734	NaN	
518.39606	88	5	7	1	0.508970734	93.6405045	5.263030799	1.096464696				2.770523752E-05	0	99.99997229	47.40668255	52.59331745	0				-518.39606	0.508970734	NaN	
518.23606	88	5	7	1	0.508970734	93.6405045	5.263030799	1.096464696				2.770523752E-05	0	99.99997229	47.40668255	52.59331745	0				-518.23606	0.508970734	NaN	
518.07606	88	5	7	1	0.508970734	93.6405045	5.263030799	1.096464696				2.770523752E-05	0	99.99997229	47.40668255	52.59331745	0				-518.07606	0.508970734	NaN	
517.91606	88	5	7	1	0.508970734	93.6405045	5.263030799	1.096464696				2.770523752E-05	0	99.99997229	47.40668255	52.59331745	0				-517.91606	0.508970734	NaN	
517.75606	88	5	7	1	0.508970734	93.6405045	5.263030799	1.096464696				2.770523752E-05	0	99.99997229	47.40668255	52.59331745	0				-517.75606	0.508970734	NaN	
517.59606	88	5	7	1	0.508970734	93.6405045	5.263030799	1.096464696				2.770523752E-05	0	99.99997229	47.40668255	52.59331745	0				-517.59606	0.508970734	NaN	
517.43606	88	5	7	1	0.508970734	93.6405045	5.263030799	1.096464696				2.770523752E-05	0	99.99997229	47.40668255	52.59331745	0				-517.43606	0.508970734	NaN	
517.27606	88	5	7	1	0.508970734	93.6405045	5.263030799	1.096464696				2.770523752E-05	0	99.99997229	47.40668255	52.59331745	0				-517.27606	0.508970734	NaN	
517.11606	88	5	7	1	0.508970734	93.6405045	5.263030799	1.096464696				2.770523752E-05	0	99.99997229	47.40668255	52.59331745	0				-517.11606	0.508970734	NaN	
516.95606	88	5	7	1	0.508970734	93.6405045	5.263030799	1.096464696				2.770523752E-05	0	99.99997229	47.40668255	52.59331745	0				-516.95606	0.508970734	NaN	
516.79606	88	5	7	1	0.508970734	93.6405045	5.263030799	1.096464696				2.770523752E-05	0	99.99997229	47.40668255	52.59331745	0				-516.79606	0.508970734	NaN	
516.63606	88	5	7	1	0.508970734	93.6405045	5.263030799	1.096464696				2.770523752E-05	0	99.99997229	47.40668255	52.59331745	0				-516.63606	0.508970734	NaN	
516.47606	88	5	7	1	0.508970734	93.6405045	5.263030799	1.096464696				2.770523752E-05	0	99.99997229	47.40668255	52.59331745	0				-516.47606	0.508970734	NaN	
516.31606	88	5	7	1	0.508970734	93.6405045	5.263030799	1.096464696				2.770523752E-05	0	99.99997229	47.40668255	52.59331745	0				-516.31606	0.508970734	NaN	
516.15606	88	5	7	1	0.508970734	93.6405045	5.263030799	1.096464696				2.770523752E-05	0	99.99997229	47.40668255	52.59331745	0				-516.15606	0.508970734	NaN	
515.99606	88	5	7	1	0.508970734	93.6405045	5.263030799	1.096464696				2.770523752E-05	0	99.99997229	47.40668255	52.59331745	0				-515.99606	0.508970734	NaN	
515.83606	88	5	7	1	0.508970734	93.6405045	5.263030799	1.096464696				2.770523752E-05	0	99.99997229	47.40668255	52.59331745	0				-515.83606	0.508970734	NaN	
515.67606	88	5	7	1	0.508970734	93.6405045	5.263030799	1.096464696				2.770523752E-05	0	99.99997229	47.40668255	52.59331745	0				-515.67606	0.508970734	NaN	
515.51606	88	5	7	1	0.508970734	93.6405045	5.263030799	1.096464696				2.770523752E-05	0	99.99997229	47.40668255	52.59331745	0				-515.51606	0.508970734	NaN	
515.35606	88	5	7	1	0.508970734	93.6405045	5.263030799	1.096464696				2.770523752E-05	0	99.99997229	47.40668255	52.59331745	0				-515.35606	0.508970734	NaN	
515.19606	88	5	7	1	0.508970734	93.6405045	5.263030799	1.096464696				2.770523752E-05	0	99.99997229	47.40668255	52.59331745	0				-515.19606	0.508970734	NaN	
515.03606	88	5	7	1	0.508970734	93.6405045	5.263030799	1.096464696				2.770523752E-05	0	99.99997229	47.40668255	52.59331745	0				-515.03606	0.508970734	NaN	
514.87606	88	5	7	1	0.508970734	93.6405045	5.263030799	1.096464696				2.770523752E-05	0	99.99997229	47.40668255	52.59331745	0				-514.87606	0.508970734	NaN	
514.71606	88	5	7	1	0.508970734	93.6405045	5.263030799	1.096464696				2.770523752E-05	0	99.99997229	47.40668255	52.59331745	0				-514.71606	0.508970734	NaN	
514.55606	88	5	7	1	0.508970734	93.6405045	5.263030799	1.096464696				2.770523752E-05	0	99.99997229	47.40668255	52.59331745	0				-514.55606	0.508970734	NaN	
514.39606	88	5	7	1	0.508970734	93.6405045	5.263030799	1.096464696				2.770523752E-05	0	99.99997229	47.40668255	52.59331745	0				-514.39606	0.508970734	NaN	
514.23606	88	5	7	1	0.508970734	93.6405045	5.263030799	1.096464696				2.770523752E-05	0	99.99997229	47.40668255	52.59331745	0				-514.23606	0.508970734	NaN	
514.07606	88	5	7	1	0.508970734	93.6405045	5.263030799	1.096464696				2.770523752E-05	0	99.99997229	47.40668255	52.59331745	0				-514.07606	0.508970734	NaN	
513.91606	88	5	7	1	0.508970734	93.6405045	5.263030799	1.096464696				2.770523752E-05	0	99.99997229	47.40668255	52.59331745	0				-513.91606	0.508970734	NaN	
513.75606	88	5	7	1	0.508970734	93.6405045	5.263030799	1.096464696				2.770523752E-05	0	99.99997229	47.40668255	52.59331745	0				-513.75606	0.508970734	NaN	
513.59606	88	5	7	1	0.508970734	93.6405045	5.263030799	1.096464696				2.770523752E-05	0	99.99997229	47.40668255	52.59331745	0				-513.59606	0.508970734	NaN	
513.43606	88	5	7	1	0.508970734	93.6405045	5.263030799	1.096464696				2.770523752E-05	0	99.99997229	47.40668255	52.59331745	0				-513.43606	0.508970734	NaN	
513.27606	88	5	7	1	0.508970734	93.6405045	5.263030799	1.096464696				2.770523752E-05	0	99.99997229	47.40668255	52.59331745	0				-513.27606	0.508970734	NaN	
513.11606	88	5	7	1	0.508970734	93.6405045	5.263030799	1.096464696				2.770523752E-05	0	99.99997229	47.40668255	52.59331745	0				-513.11606	0.508970734	NaN	
512.95606	88	5	7	1	0.508970734	93.6405045	5.263030799	1.096464696				2.770523752E-05	0	99.99997229	47.40668255	52.59331745	0				-512.95606	0.508970734	NaN	
512.79606	88	5	7	1	0.508970734	93.6405045	5.263030799	1.096464696				2.770523752E-05	0	99.99997229	47.40668255	52.59331745	0				-512.79606	0.508970734	NaN	
512.63606	88	5	7	1	0.508970734	93.6405045	5.263030799	1.096464696				2.770523752E-05	0	99.99997229	47.40668255	52.59331745	0				-512.63606	0.508970734	NaN	
512.47606	88	5	7	1	0.508970734	93.6405045	5.263030799	1.096464696				2.770523752E-05	0	99.99997229	47.40668255	52.59331745	0				-512.47606	0.508970734	NaN	
512.31606	88	5	7	1	0.508970734	93.6405045	5.263030799	1.096464696				2.770523752E-05	0	99.99997229	47.40668255	52.59331745	0				-512.31606	0.508970734	NaN	
512.15606	88	5	7	1	0.508970734	93.6405045	5.263030799	1.096464696				2.770523752E-05	0	99.99997229	47.40668255	52.59331745	0				-512.15606	0.508970734	NaN	
511.99606	88	5	7	1	0.508970734	93.6405045	5.263030799	1.096464696				2.770523752E-05	0	99.99997229	47.40668255	52.59331745	0				-511.99606	0.508970734	NaN	
511.83606	88	5	7	1	0.508970734	93.6405045	5.263030799	1.096464696				2.770523752E-05	0	99.99997229	47.40668255	52.59331745	0				-511.83606	0.508970734	NaN	
511.67606	88	5	7	1	0.508970734	93.6405045	5.263030799	1.096464696				2.770523752E-05	0	99.99997229	47.40668255	52.59331745	0				-511.67606	0.508970734	NaN	
511.51606	88	5	7	1	0.508970734	93.6405045	5.263030799	1.096464696				2.770523752E-05	0	99.99997229	47.40668255	52.59331745	0				-511.51606	0.508970734	NaN	
511.35606	88	5	7	1	0.508970734	93.6405045	5.263030799	1.096464696				2.770523752E-05	0	99.99997229	47.40668255	52.59331745	0				-511.35606	0.508970734	NaN	
511.19606	88	5	7	1	0.508970734	93.6405045	5.263030799	1.096464696				2.770523752E-05	0	99.99997229	47.40668255	52.59331745	0				-511.19606	0.508970734	NaN	
511.03606	88	5	7	1	0.508970734	93.6405045	5.263030799	1.096464696				2.770523752E-05	0	99.99997229	47.40668255	52.59331745	0				-511.03606	0.508970734	NaN	
510.87606	88	5	7	1	0.508970734	93.6405045	5.263030799	1.096464696				2.770523752E-05	0	99.99997229	47.40668255	52.59331745	0				-510.87606	0.508970734	NaN	
510.71606	88	5	7	1	0.508970734	93.6405045	5.263030799	1.096464696				2.770523752E-05	0	99.99997229	47.40668255	52.59331745	0				-510.71606	0.508970734	NaN	
510.55606	88	5	7	1	0.508970734	93.6405045	5.263030799	1.096464696				2.770523752E-05	0	99.99997229	47.40668255	52.59331745	0				-510.55606	0.508970734	NaN	
510.39606	88	5	7	1	0.508970734	93.6405045	5.263030799	1.096464696				2.770523752E-05	0	99.99997229	47.40668255	52.59331745	0				-510.39606	0.508970734	NaN	
510.23606	88	5	7	1	0.508970734	93.6405045	5.263030799	1.096464696				2.770523752E-05	0	99.99997229	47.40668255	52.59331745	0				-510.23606	0.508970734	NaN	
510.07606	88	5	7	1	0.508970734	93.6405045	5.263030799	1.096464696				2.770523752E-05	0	99.99997229	47.40668255	52.59331745	0				-510.07606	0.508970734	NaN	
509.91606	88	5	7	1	0.508970734	93.6405045	5.263030799	1.096464696				2.770523752E-05	0	99.99997229	47.40668255	52.59331745	0				-509.91606	0.508970734	NaN	
509.75606	88	5	7	1	0.508970734	93.6405045	5.263030799	1.096464696				2.770523752E-05	0	99.99997229	47.40668255	52.59331745	0				-509.75606	0.508970734	NaN	
509.59606	88	5	7	1	0.508970734	93.6405045	5.263030799	1.096464696				2.770523752E-05	0	99.99997229	47.40668255	52.59331745	0				-509.59606	0.508970734	NaN	
509.43606	88	5	7	1	0.508970734	93.6405045	5.263030799	1.096464696				2.770523752E-05	0	99.99997229	47.40668255	52.59331745	0				-509.43606	0.508970734	NaN	
509.27606	88	5	7	1	0.508970734	93.6405045	5.263030799	1.096464696				2.770523752E-05	0	99.99997229	47.40668255	52.59331745	0				-509.27606	0.508970734	NaN	
509.11606	88	5	7	1	0.508970734	93.6405045	5.263030799	1.096464696				2.770523752E-05	0	99.99997229	47.40668255	52.59331745	0				-509.11606	0.508970734	NaN	
508.95606	88	5	7	1	0.508970734	93.6405045	5.263030799	1.096464696				2.770523752E-05	0	99.99997229	47.40668255	52.59331745	0				-508.95606	0.508970734	NaN	
508.79606	88	5	7	1	0.508970734	93.6405045	5.263030799	1.096464696				2.770523752E-05	0	99.99997229	47.40668255	52.59331745	0				-508.79606	0.508970734	NaN	
508.63606	88	5	7	1	0.508970734	93.6405045	5.263030799	1.096464696				2.770523752E-05	0	99.99997229	47.40668255	52.59331745	0				-508.63606	0.508970734	NaN	
508.47606	88	5	7	1	0.508970734	93.6405045	5.263030799	1.096464696				2.770523752E-05	0	99.99997229	47.40668255	52.59331745	0				-508.47606	0.508970734	NaN	
508.31606	88	5	7	1	0.508970734	93.6405045	5.263030799	1.096464696				2.770523752E-05	0	99.99997229	47.40668255	52.59331745	0				-508.31606	0.508970734	NaN	
508.15606	88	5	7	1	0.508970734	93.6405045	5.263030799	1.096464696				2.770523752E-05	0	99.99997229	47.40668255	52.59331745	0				-508.15606	0.508970734	NaN	
507.99606	88	5	7	1	0.508970734	93.6405045	5.263030799	1.096464696				2.770523752E-05	0	99.99997229	47.40668255	52.59331745	0				-507.99606	0.508970734	NaN	
507.83606	88	5	7	1	0.508970734	93.6405045	5.263030799	1.096464696				2.770523752E-05	0	99.99997229	47.40668255	52.59331745	0				-507.83606	0.508970734	NaN	
507.67606	88	5	7	1	0.508970734	93.6405045	5.263030799	1.096464696				2.770523752E-05	0	99.99997229	47.40668255	52.59331745	0				-507.67606	0.508970734	NaN	
507.51606	88	5	7	1	0.508970734	93.6405045	5.263030799	1.096464696				2.770523752E-05	0	99.99997229	47.40668255	52.59331745	0				-507.51606	0.508970734	NaN	
507.35606	88	5	7	1	0.508970734	93.6405045	5.263030799	1.096464696				2.770523752E-05	0	99.99997229	47.40668255	52.59331745	0				-507.35606	0.508970734	NaN	
507.19606	88	5	7	1	0.508970734	93.6405045	5.263030799	1.096464696				2.770523752E-05	0	99.99997229	47.40668255	52.59331745	0				-507.19606	0.508970734	NaN	
507.03606	88	5	7	1	0.508970734	93.6405045	5.263030799	1.096464696				2.770523752E-05	0	99.99997229	47.40668255	52.59331745	0				-507.03606	0.508970734	NaN	
506.87606	88	5	7	1	0.508970734	93.6405045	5.263030799	1.096464696				2.770523752E-05	0	99.99997229	47.40668255	52.59331745	0				-506.87606	0.508970734	NaN	
506.71606	88	5	7	1	0.508970734	93.6405045	5.263030799	1.096464696				2.770523752E-05	0	99.99997229	47.40668255	52.59331745	0				-506.71606	0.508970734	NaN	
506.55606	88	5	7	1	0.508970734	93.6405045	5.263030799	1.096464696				2.770523752E-05	0	99.99997229	47.40668255	52.59331745	0				-506.55606	0.508970734	NaN	
506.39606	88	5	7	1	0.508970734	93.6405045	5.263030799	1.096464696				2.770523752E-05	0	99.99997229	47.40668255	52.59331745	0				-506.39606	0.508970734	NaN	
506.23606	88	5	7	1	0.508970734	93.6405045	5.263030799	1.096464696				2.770523752E-05	0	99.99997229	47.40668255	52.59331745	0				-506.23606	0.508970734	NaN	
506.07606	88	5	7	1	0.508970734	93.6405045	5.263030799	1.096464696				2.770523752E-05	0	99.99997229	47.40668255	52.59331745	0				-506.07606	0.508970734	NaN	
505.91606	88	5	7	1	0.508970734	93.6405045	5.263030799	1.096464696				2.770523752E-05	0	99.99997229	47.40668255	52.59331745	0				-505.91606	0.508970734	NaN	
505.75606	88	5	7	1	0.508970734	93.6405045	5.263030799	1.096464696				2.770523752E-05	0	99.99997229	47.40668255	52.59331745	0				-505.75606	0.508970734	NaN	
505.59606	88	5	7	1	0.508970734	93.6405045	5.263030799	1.096464696				2.770523752E-05	0	99.99997229	47.40668255	52.59331745	0				-505.59606	0.508970734	NaN	
505.43606	88	5	7	1	0.508970734	93.6405045	5.263030799	1.096464696				2.770523752E-05	0	99.99997229	47.40668255	52.59331745	0				-505.43606	0.508970734	NaN	
505.27606	88	5	7	1	0.508970734	93.6405045	5.263030799	1.096464696				2.770523752E-05	0	99.99997229	47.40668255	52.59331745	0				-505.27606	0.508970734	NaN	
505.11606	88	5	7	1	0.508970734	93.6405045	5.263030799	1.096464696				2.770523752E-05	0	99.99997229	47.40668255	52.59331745	0				-505.11606	0.508970734	NaN	
504.95606	88	5	7	1	0.508970734	93.6405045	5.263030799	1.096464696				2.770523752E-05	0	99.99997229	47.40668255	52.59331745	0				-504.95606	0.508970734	NaN	
504.79606	88	5	7	1	0.508970734	93.6405045	5.263030799	1.096464696				2.770523752E-05	0	99.99997229	47.40668255	52.59331745	0				-504.79606	0.508970734	NaN	
504.63606	88	5	7	1	0.508970734	93.6405045	5.263030799	1.096464696				2.770523752E-05	0	99.99997229	47.40668255	52.59331745	0				-504.63606	0.508970734	NaN	
504.47606	88	5	7	1	0.508970734	93.6405045	5.263030799	1.096464696				2.770523752E-05	0	99.99997229	47.40668255	52.59331745	0				-504.47606	0.508970734	NaN	
504.31606	88	5	7	1	0.508970734	93.6405045	5.263030799	1.096464696				2.770523752E-05	0	99.99997229	47.40668255	52.59331745	0				-504.31606	0.508970734	NaN	
504.15606	88	5	7	1	0.508970734	93.6405045	5.263030799	1.096464696				2.770523752E-05	0	99.99997229	47.40668255	52.59331745	0				-504.15606	0.508970734	NaN	
503.99606	88	5	7	1	0.508970734	93.6405045	5.263030799	1.096464696				2.770523752E-05	0	99.99997229	47.40668255	52.59331745	0				-503.99606	0.508970734	NaN	
503.83606	88	5	7	1	0.508970734	93.6405045	5.263030799	1.096464696				2.770523752E-05	0	99.99997229	47.40668255	52.59331745	0				-503.83606	0.508970734	NaN	
503.67606	88	5	7	1	0.508970734	93.6405045	5.263030799	1.096464696				2.770523752E-05	0	99.99997229	47.40668255	52.59331745	0				-503.67606	0.508970734	NaN	
503.51606	88	5	7	1	0.508970734	93.6405045	5.263030799	1.096464696				2.770523752E-05	0	99.99997229	47.40668255	52.59331745	0				-503.51606	0.508970734	NaN	
503.35606	88	5	7	1	0.508970734	93.6405045	5.263030799	1.096464696				2.770523752E-05	0	99.99997229	47.40668255	52.59331745	0				-503.35606	0.508970734	NaN	
503.19606	88	5	7	1	0.508970734	93.6405045	5.263030799	1.096464696				2.770523752E-05	0	99.99997229	47.40668255	52.59331745	0				-503.19606	0.508970734	NaN	
503.03606	88	5	7	1	0.508970734	93.6405045	5.263030799	1.096464696				2.770523752E-05	0	99.99997229	47.40668255	52.59331745	0				-503.03606	0.508970734	NaN	
502.87606	88	5	7	1	0.508970734	93.6405045	5.263030799	1.096464696				2.770523752E-05	0	99.99997229	47.40668255	52.59331745	0				-502.87606	0.508970734	NaN	
502.71606	88	5	7	1	0.508970734	93.6405045	5.263030799	1.096464696				2.770523752E-05	0	99.99997229	47.40668255	52.59331745	0				-502.71606	0.508970734	NaN	
502.55606	88	5	7	1	0.508970734	93.6405045	5.263030799	1.096464696				2.770523752E-05	0	99.99997229	47.40668255	52.59331745	0				-502.55606	0.508970734	NaN	
502.39606	88	5	7	1	0.508970734	93.6405045	5.263030799	1.096464696				2.770523752E-05	0	99.99997229	47.40668255	52.59331745	0				-502.39606	0.508970734	NaN	
502.23606	88	5	7	1	0.508970734	93.6405045	5.263030799	1.096464696				2.770523752E-05	0	99.99997229	47.40668255	52.59331745	0				-502.23606	0.508970734	NaN	
502.07606	88	5	7	1	0.508970734	93.6405045	5.263030799	1.096464696				2.770523752E-05	0	99.99997229	47.40668255	52.59331745	0				-502.07606	0.508970734	NaN	
501.91606	88	5	7	1	0.508970734	93.6405045	5.263030799	1.096464696				2.770523752E-05	0	99.99997229	47.40668255	52.59331745	0				-501.91606	0.508970734	NaN	
501.75606	88	5	7	1	0.508970734	93.6405045	5.263030799	1.096464696				2.770523752E-05	0	99.99997229	47.40668255	52.59331745	0				-501.75606	0.508970734	NaN	
501.59606	88	5	7	1	0.508970734	93.6405045	5.263030799	1.096464696				2.770523752E-05	0	99.99997229	47.40668255	52.59331745	0				-501.59606	0.508970734	NaN	
501.43606	88	5	7	1	0.508970734	93.6405045	5.263030799	1.096464696				2.770523752E-05	0	99.99997229	47.40668255	52.59331745	0				-501.43606	0.508970734	NaN	
501.27606	88	5	7	1	0.508970734	93.6405045	5.263030799	1.096464696				2.770523752E-05	0	99.99997229	47.40668255	52.59331745	0				-501.27606	0.508970734	NaN	
501.11606	88	5	7	1	0.508970734	93.6405045	5.263030799	1.096464696				2.770523752E-05	0	99.99997229	47.40668255	52.59331745	0				-501.11606	0.508970734	NaN	
500.95606	88	5	7	1	0.508970734	93.6405045	5.263030799	1.096464696				2.770523752E-05	0	99.99997229	47.40668255	52.59331745	0				-500.95606	0.508970734	NaN	
500.79606	88	5	7	1	0.508970734	93.6405045	5.263030799	1.096464696				2.770523752E-05	0	99.99997229	47.40668255	52.59331745	0				-500.79606	0.508970734	NaN	
500.63606	88	5	7	1	0.508970734	93.6405045	5.263030799	1.096464696				2.770523752E-05	0	99.99997229	47.40668255	52.59331745	0				-500.63606	0.508970734	NaN	
500.47606	88	5	7	1	0.508970734	93.6405045	5.263030799	1.096464696				2.770523752E-05	0	99.99997229	47.40668255	52.59331745	0				-500.47606	0.508970734	NaN	
500.31606	88	5	7	1	0.508970734	93.6405045	5.263030799	1.096464696				2.770523752E-05	0	99.99997229	47.40668255	52.59331745	0				-500.31606	0.508970734	NaN	
500.15606	88	5	7	1	0.508970734	93.6405045	5.263030799	1.096464696				2.770523752E-05	0	99.99997229	47.40668255	52.59331745	0				-500.15606	0.508970734	NaN	
499.99606	88	5	7	1	0.508970734	93.6405045	5.263030799	1.096464696				2.770523752E-05	0	99.99997229	47.40668255	52.59331745	0				-499.99606	0.508970734	NaN	
499.83606	88	5	7	1	0.508970734	93.6405045	5.263030799	1.096464696				2.770523752E-05	0	99.99997229	47.40668255	52.59331745	0				-499.83606	0.508970734	NaN	
499.67606	88	5	7	1	0.508970734	93.6405045	5.263030799	1.096464696				2.770523752E-05	0	99.99997229	47.40668255	52.59331745	0				-499.67606	0.508970734	NaN	
499.51606	88	5	7	1	0.508970734	93.6405045	5.263030799	1.096464696				2.770523752E-05	0	99.99997229	47.40668255	52.59331745	0				-499.51606	0.508970734	NaN	
499.35606	88	5	7	1	0.508970734	93.6405045	5.263030799	1.096464696				2.770523752E-05	0	99.99997229	47.40668255	52.59331745	0				-499.35606	0.508970734	NaN	
499.19606	88	5	7	1	0.508970734	93.6405045	5.263030799	1.096464696				2.770523752E-05	0	99.99997229	47.40668255	52.59331745	0				-499.19606	0.508970734	NaN	
499.03606	88	5	7	1	0.508970734	93.6405045	5.263030799	1.096464696				2.770523752E-05	0	99.99997229	47.40668255	52.59331745	0				-499.03606	0.508970734	NaN	
498.87606	88	5	7	1	0.508970734	93.6405045	5.263030799	1.096464696				2.770523752E-05	0	99.99997229	47.40668255	52.59331745	0				-498.87606	0.508970734	NaN	
498.71606	88	5	7	1	0.508970734	93.6405045	5.263030799	1.096464696				2.770523752E-05	0	99.99997229	47.40668255	52.59331745	0				-498.71606	0.508970734	NaN	
498.55606	88	5	7	1	0.508970734	93.6405045	5.263030799	1.096464696				2.770523752E-05	0	99.99997229	47.40668255	52.59331745	0				-498.55606	0.508970734	NaN	
498.39606	88	5	7	1	0.508970734	93.6405045	5.263030799	1.096464696				2.770523752E-05	0	99.99997229	47.40668255	52.59331745	0				-498.39606	0.508970734	NaN	
498.23606	88	5	7	1	0.508970734	93.6405045	5.263030799	1.096464696				2.770523752E-05	0	99.99997229	47.40668255	52.59331745	0				-498.23606	0.508970734	NaN	
498.07606	88	5	7	1	0.508970734	93.6405045	5.263030799	1.096464696				2.770523752E-05	0	99.99997229	47.40668255	52.59331745	0				-498.07606	0.508970734	NaN	
497.91606	88	5	7	1	0.508970734	93.6405045	5.263030799	1.096464696				2.770523752E-05	0	99.99997229	47.40668255	52.59331745	0				-497.91606	0.508970734	NaN	
497.75606	88	5	7	1	0.508970734	93.6405045	5.263030799	1.096464696				2.770523752E-05	0	99.99997229	47.40668255	52.59331745	0				-497.75606	0.508970734	NaN	
497.59606	88	5	7	1	0.508970734	93.6405045	5.263030799	1.096464696				2.770523752E-05	0	99.99997229	47.40668255	52.59331745	0				-497.59606	0.508970734	NaN	
497.43606	88	5	7	1	0.508970734	93.6405045	5.263030799	1.096464696				2.770523752E-05	0	99.99997229	47.40668255	52.59331745	0				-497.43606	0.508970734	NaN	
497.27606	88	5	7	1	0.508970734	93.6405045	5.263030799	1.096464696				2.770523752E-05	0	99.99997229	47.40668255	52.59331745	0				-497.27606	0.508970734	NaN	
497.11606	88	5	7	1	0.508970734	93.6405045	5.263030799	1.096464696				2.770523752E-05	0	99.99997229	47.40668255	52.59331745	0				-497.11606	0.508970734	NaN	
496.95606	88	5	7	1	0.508970734	93.6405045	5.263030799	1.096464696				2.770523752E-05	0	99.99997229	47.40668255	52.59331745	0				-496.95606	0.508970734	NaN	
496.79606	88	5	7	1	0.508970734	93.6405045	5.263030799	1.096464696				2.770523752E-05	0	99.99997229	47.40668255	52.59331745	0				-496.79606	0.508970734	NaN	
496.63606	88	5	7	1	0.508970734	93.6405045	5.263030799	1.096464696				2.770523752E-05	0	99.99997229	47.40668255	52.59331745	0				-496.63606	0.508970734	NaN	
496.47606	88	5	7	1	0.508970734	93.6405045	5.263030799	1.096464696				2.770523752E-05	0	99.99997229	47.40668255	52.59331745	0				-496.47606	0.508970734	NaN	
496.31606	88	5	7	1	0.508970734	93.6405045	5.263030799	1.096464696				2.770523752E-05	0	99.99997229	47.40668255	52.59331745	0				-496.31606	0.508970734	NaN	
496.15606	88	5	7	1	0.508970734	93.6405045	5.263030799	1.096464696				2.770523752E-05	0	99.99997229	47.40668255	52.59331745	0				-496.15606	0.508970734	NaN	
495.99606	88	5	7	1	0.508970734	93.6405045	5.263030799	1.096464696				2.770523752E-05	0	99.99997229	47.40668255	52.59331745	0				-495.99606	0.508970734	NaN	
495.83606	88	5	7	1	0.508970734	93.6405045	5.263030799	1.096464696				2.770523752E-05	0	99.99997229	47.40668255	52.59331745	0				-495.83606	0.508970734	NaN	
495.67606	88	5	7	1	0.508970734	93.6405045	5.263030799	1.096464696				2.770523752E-05	0	99.99997229	47.40668255	52.59331745	0				-495.67606	0.508970734	NaN	
495.51606	88	5	7	1	0.508970734	93.6405045	5.263030799	1.096464696				2.770523752E-05	0	99.99997229	47.40668255	52.59331745	0				-495.51606	0.508970734	NaN	
495.35606	88	5	7	1	0.508970734	93.6405045	5.263030799	1.096464696				2.770523752E-05	0	99.99997229	47.40668255	52.59331745	0				-495.35606	0.508970734	NaN	
495.19606	88	5	7	1	0.508970734	93.6405045	5.263030799	1.096464696				2.770523752E-05	0	99.99997229	47.40668255	52.59331745	0				-495.19606	0.508970734	NaN	
495.03606	88	5	7	1	0.508970734	93.6405045	5.263030799	1.096464696				2.770523752E-05	0	99.99997229	47.40668255	52.59331745	0				-495.03606	0.508970734	NaN	
494.87606	88	5	7	1	0.508970734	93.6405045	5.263030799	1.096464696				2.770523752E-05	0	99.99997229	47.40668255	52.59331745	0				-494.87606	0.508970734	NaN	
494.71606	88	5	7	1	0.508970734	93.6405045	5.263030799	1.096464696				2.770523752E-05	0	99.99997229	47.40668255	52.59331745	0				-494.71606	0.508970734	NaN	
494.55606	88	5	7	1	0.508970734	93.6405045	5.263030799	1.096464696				2.770523752E-05	0	99.99997229	47.40668255	52.59331745	0				-494.55606	0.508970734	NaN	
494.39606	88	5	7	1	0.508970734	93.6405045	5.263030799	1.096464696				2.770523752E-05	0	99.99997229	47.40668255	52.59331745	0				-494.39606	0.508970734	NaN	
494.23606	88	5	7	1	0.508970734	93.6405045	5.263030799	1.096464696				2.770523752E-05	0	99.99997229	47.40668255	52.59331745	0				-494.23606	0.508970734	NaN	
494.07606	88	5	7	1	0.508970734	93.6405045	5.263030799	1.096464696				2.770523752E-05	0	99.99997229	47.40668255	52.59331745	0				-494.07606	0.508970734	NaN	
493.91606	88	5	7	1	0.508970734	93.6405045	5.263030799	1.096464696				2.770523752E-05	0	99.99997229	47.40668255	52.59331745	0				-493.91606	0.508970734	NaN	
493.75606	88	5	7	1	0.508970734	93.6405045	5.263030799	1.096464696				2.770523752E-05	0	99.99997229	47.40668255	52.59331745	0				-493.75606	0.508970734	NaN	
493.59606	88	5	7	1	0.508970734	93.6405045	5.263030799	1.096464696				2.770523752E-05	0	99.99997229	47.40668255	52.59331745	0				-493.59606	0.508970734	NaN	
493.43606	88	5	7	1	0.508970734	93.6405045	5.263030799	1.096464696				2.770523752E-05	0	99.99997229	47.40668255	52.59331745	0				-493.43606	0.508970734	NaN	
493.27606	88	5	7	1	0.508970734	93.6405045	5.263030799	1.096464696				2.770523752E-05	0	99.99997229	47.40668255	52.59331745	0				-493.27606	0.508970734	NaN	
493.11606	88	5	7	1	0.508970734	93.6405045	5.263030799	1.096464696				2.770523752E-05	0	99.99997229	47.40668255	52.59331745	0				-493.11606	0.508970734	NaN	
492.95606	88	5	7	1	0.508970734	93.6405045	5.263030799	1.096464696				2.770523752E-05	0	99.99997229	47.40668255	52.59331745	0				-492.95606	0.508970734	NaN	
492.79606	88	5	7	1	0.508970734	93.6405045	5.263030799	1.096464696				2.770523752E-05	0	99.99997229	47.40668255	52.59331745	0				-492.79606	0.508970734	NaN	
492.63606	88	5	7	1	0.508970734	93.6405045	5.263030799	1.096464696				2.770523752E-05	0	99.99997229	47.40668255	52.59331745	0				-492.63606	0.508970734	NaN	
492.47606	88	5	7	1	0.508970734	93.6405045	5.263030799	1.096464696				2.770523752E-05	0	99.99997229	47.40668255	52.59331745	0				-492.47606	0.508970734	NaN	
492.31606	88	5	7	1	0.508970734	93.6405045	5.263030799	1.096464696				2.770523752E-05	0	99.99997229	47.40668255	52.59331745	0				-492.31606	0.508970734	NaN	
492.15606	88	5	7	1	0.508970734	93.6405045	5.263030799	1.096464696				2.770523752E-05	0	99.99997229	47.40668255	52.59331745	0				-492.15606	0.508970734	NaN	
491.99606	88	5	7	1	0.508970734	93.6405045	5.263030799	1.096464696				2.770523752E-05	0	99.99997229	47.40668255	52.59331745	0				-491.99606	0.508970734	NaN	
491.83606	88	5	7	1	0.508970734	93.6405045	5.263030799	1.096464696				2.770523752E-05	0	99.99997229	47.40668255	52.59331745	0				-491.83606	0.508970734	NaN	
491.67606	88	5	7	1	0.508970734	93.6405045	5.263030799	1.096464696				2.770523752E-05	0	99.99997229	47.40668255	52.59331745	0				-491.67606	0.508970734	NaN	
491.51606	88	5	7	1	0.508970734	93.6405045	5.263030799	1.096464696				2.770523752E-05	0	99.99997229	47.40668255	52.59331745	0				-491.51606	0.508970734	NaN	
491.35606	88	5	7	1	0.508970734	93.6405045	5.263030799	1.096464696				2.770523752E-05	0	99.99997229	47.40668255	52.59331745	0				-491.35606	0.508970734	NaN	
491.19606	88	5	7	1	0.508970734	93.6405045	5.263030799	1.096464696				2.770523752E-05	0	99.99997229	47.40668255	52.59331745	0				-491.19606	0.508970734	NaN	
491.03606	88	5	7	1	0.508970734	93.6405045	5.263030799	1.096464696				2.770523752E-05	0	99.99997229	47.40668255	52.59331745	0				-491.03606	0.508970734	NaN	
490.87606	88	5	7	1	0.508970734	93.6405045	5.263030799	1.096464696				2.770523752E-05	0	99.99997229	47.40668255	52.59331745	0				-490.87606	0.508970734	NaN	
490.71606	88	5	7	1	0.508970734	93.6405045	5.263030799	1.096464696				2.770523752E-05	0	99.99997229	47.40668255	52.59331745	0				-490.71606	0.508970734	NaN	
490.55606	88	5	7	1	0.508970734	93.6405045	5.263030799	1.096464696				2.770523752E-05	0	99.99997229	47.40668255	52.59331745	0				-490.55606	0.508970734	NaN	
490.39606	88	5	7	1	0.508970734	93.6405045	5.263030799	1.096464696				2.770523752E-05	0	99.99997229	47.40668255	52.59331745	0				-490.39606	0.508970734	NaN	
490.23606	88	5	7	1	0.508970734	93.6405045	5.263030799	1.096464696				2.770523752E-05	0	99.99997229	47.40668255	52.59331745	0				-490.23606	0.508970734	NaN	
490.07606	88	5	7	1	0.508970734	93.6405045	5.263030799	1.096464696				2.770523752E-05	0	99.99997229	47.40668255	52.59331745	0				-490.07606	0.508970734	NaN	
489.91606	88	5	7	1	0.508970734	93.6405045	5.263030799	1.096464696				2.770523752E-05	0	99.99997229	47.40668255	52.59331745	0				-489.91606	0.508970734	NaN	
489.75606	88	5	7	1	0.508970734	93.6405045	5.263030799	1.096464696				2.770523752E-05	0	99.99997229	47.40668255	52.59331745	0				-489.75606	0.508970734	NaN	
489.59606	88	5	7	1	0.508970734	93.6405045	5.263030799	1.096464696				2.770523752E-05	0	99.99997229	47.40668255	52.59331745	0				-489.59606	0.508970734	NaN	
489.43606	88	5	7	1	0.508970734	93.6405045	5.263030799	1.096464696				2.770523752E-05	0	99.99997229	47.40668255	52.59331745	0				-489.43606	0.508970734	NaN	
489.27606	88	5	7	1	0.508970734	93.6405045	5.263030799	1.096464696				2.770523752E-05	0	99.99997229	47.40668255	52.59331745	0				-489.27606	0.508970734	NaN	
489.11606	88	5	7	1	0.508970734	93.6405045	5.263030799	1.096464696				2.770523752E-05	0	99.99997229	47.40668255	52.59331745	0				-489.11606	0.508970734	NaN	
488.95606	88	5	7	1	0.508970734	93.6405045	5.263030799	1.096464696				2.770523752E-05	0	99.99997229	47.40668255	52.59331745	0				-488.95606	0.508970734	NaN	
488.79606	88	5	7	1	0.508970734	93.6405045	5.263030799	1.096464696				2.770523752E-05	0	99.99997229	47.40668255	52.59331745	0				-488.79606	0.508970734	NaN	
488.63606	88	5	7	1	0.508970734	93.6405045	5.263030799	1.096464696				2.770523752E-05	0	99.99997229	47.40668255	52.59331745	0				-488.63606	0.508970734	NaN	
488.47606	88	5	7	1	0.508970734	93.6405045	5.263030799	1.096464696				2.770523752E-05	0	99.99997229	47.40668255	52.59331745	0				-488.47606	0.508970734	NaN	
488.31606	88	5	7	1	0.508970734	93.6405045	5.263030799	1.096464696				2.770523752E-05	0	99.99997229	47.40668255	52.59331745	0				-488.31606	0.508970734	NaN	
488.15606	88	5	7	1	0.508970734	93.6405045	5.263030799	1.096464696				2.770523752E-05	0	99.99997229	47.40668255	52.59331745	0				-488.15606	0.508970734	NaN	
487.99606	88	5	7	1	0.508970734	93.6405045	5.263030799	1.096464696				2.770523752E-05	0	99.99997229	47.40668255	52.59331745	0				-487.99606	0.508970734	NaN	
487.83606	88	5	7	1	0.508970734	93.6405045	5.263030799	1.096464696				2.770523752E-05	0	99.99997229	47.40668255	52.59331745	0				-487.83606	0.508970734	NaN	
487.67606	88	5	7	1	0.508970734	93.6405045	5.263030799	1.096464696				2.770523752E-05	0	99.99997229	47.40668255	52.59331745	0				-487.67606	0.508970734	NaN	
487.51606	88	5	7	1	0.508970734	93.6405045	5.263030799	1.096464696				2.770523752E-05	0	99.99997229	47.40668255	52.59331745	0				-487.51606	0.508970734	NaN	
487.35606	88	5	7	1	0.508970734	93.6405045	5.263030799	1.096464696				2.770523752E-05	0	99.99997229	47.40668255	52.59331745	0				-487.35606	0.508970734	NaN	
487.19606	88	5	7	1	0.508970734	93.6405045	5.263030799	1.096464696				2.770523752E-05	0	99.99997229	47.40668255	52.59331745	0				-487.19606	0.508970734	NaN	
487.03606	88	5	7	1	0.508970734	93.6405045	5.263030799	1.096464696				2.770523752E-05	0	99.99997229	47.40668255	52.59331745	0				-487.03606	0.508970734	NaN	
486.87606	88	5	7	1	0.508970734	93.6405045	5.263030799	1.096464696				2.770523752E-05	0	99.99997229	47.40668255	52.59331745	0				-486.87606	0.508970734	NaN	
486.71606	88	5	7	1	0.508970734	93.6405045	5.263030799	1.096464696				2.770523752E-05	0	99.99997229	47.40668255	52.59331745	0				-486.71606	0.508970734	NaN	
486.55606	88	5	7	1	0.508970734	93.6405045	5.263030799	1.096464696				2.770523752E-05	0	99.99997229	47.40668255	52.59331745	0				-486.55606	0.508970734	NaN	
486.39606	88	5	7	1	0.508970734	93.6405045	5.263030799	1.096464696				2.770523752E-05	0	99.99997229	47.40668255	52.59331745	0				-486.39606	0.508970734	NaN	
486.23606	88	5	7	1	0.508970734	93.6405045	5.263030799	1.096464696				2.770523752E-05	0	99.99997229	47.40668255	52.59331745	0				-486.23606	0.508970734	NaN	
486.07606	88	5	7	1	0.508970734	93.6405045	5.263030799	1.096464696				2.770523752E-05	0	99.99997229	47.40668255	52.59331745	0				-486.07606	0.508970734	NaN	
485.91606	88	5	7	1	0.508970734	93.6405045	5.263030799	1.096464696				2.770523752E-05	0	99.99997229	47.40668255	52.59331745	0				-485.91606	0.508970734	NaN	
485.75606	88	5	7	1	0.508970734	93.6405045	5.263030799	1.096464696				2.770523752E-05	0	99.99997229	47.40668255	52.59331745	0				-485.75606	0.508970734	NaN	
485.59606	88	5	7	1	0.508970734	93.6405045	5.263030799	1.096464696				2.770523752E-05	0	99.99997229	47.40668255	52.59331745	0				-485.59606	0.508970734	NaN	
485.43606	88	5	7	1	0.508970734	93.6405045	5.263030799	1.096464696				2.770523752E-05	0	99.99997229	47.40668255	52.59331745	0				-485.43606	0.508970734	NaN	
485.27606	88	5	7	1	0.508970734	93.6405045	5.263030799	1.096464696				2.770523752E-05	0	99.99997229	47.40668255	52.59331745	0				-485.27606	0.508970734	NaN	
485.11606	88	5	7	1	0.508970734	93.6405045	5.263030799	1.096464696				2.770523752E-05	0	99.99997229	47.40668255	52.59331745	0				-485.11606	0.508970734	NaN	
484.95606	88	5	7	1	0.508970734	93.6405045	5.263030799	1.096464696				2.770523752E-05	0	99.99997229	47.40668255	52.59331745	0				-484.95606	0.508970734	NaN	
484.79606	88	5	7	1	0.508970734	93.6405045	5.263030799	1.096464696				2.770523752E-05	0	99.99997229	47.40668255	52.59331745	0				-484.79606	0.508970734	NaN	
484.63606	88	5	7	1	0.508970734	93.6405045	5.263030799	1.096464696				2.770523752E-05	0	99.99997229	47.40668255	52.59331745	0				-484.63606	0.508970734	NaN	
484.47606	88	5	7	1	0.508970734	93.6405045	5.263030799	1.096464696				2.770523752E-05	0	99.99997229	47.40668255	52.59331745	0				-484.47606	0.508970734	NaN	
484.31606	88	5	7	1	0.508970734	93.6405045	5.263030799	1.096464696				2.770523752E-05	0	99.99997229	47.40668255	52.59331745	0				-484.31606	0.508970734	NaN	
484.15606	88	5	7	1	0.508970734	93.6405045	5.263030799	1.096464696				2.770523752E-05	0	99.99997229	47.40668255	52.59331745	0				-484.15606	0.508970734	NaN	
483.99606	88	5	7	1	0.508970734	93.6405045	5.263030799	1.096464696				2.770523752E-05	0	99.99997229	47.40668255	52.59331745	0				-483.99606	0.508970734	NaN	
483.83606	88	5	7	1	0.508970734	93.6405045	5.263030799	1.096464696				2.770523752E-05	0	99.99997229	47.40668255	52.59331745	0				-483.83606	0.508970734	NaN	
483.67606	88	5	7	1	0.508970734	93.6405045	5.263030799	1.096464696				2.770523752E-05	0	99.99997229	47.40668255	52.59331745	0				-483.67606	0.508970734	NaN	
483.51606	88	5	7	1	0.508970734	93.6405045	5.263030799	1.096464696				2.770523752E-05	0	99.99997229	47.40668255	52.59331745	0				-483.51606	0.508970734	NaN	
483.35606	88	5	7	1	0.508970734	93.6405045	5.263030799	1.096464696				2.770523752E-05	0	99.99997229	47.40668255	52.59331745	0				-483.35606	0.508970734	NaN	
483.19606	88	5	7	1	0.508970734	93.6405045	5.263030799	1.096464696				2.770523752E-05	0	99.99997229	47.40668255	52.59331745	0				-483.19606	0.508970734	NaN	
483.03606	88	5	7	1	0.508970734	93.6405045	5.263030799	1.096464696				2.770523752E-05	0	99.99997229	47.40668255	52.59331745	0				-483.03606	0.508970734	NaN	
482.87606	88	5	7	1	0.508970734	93.6405045	5.263030799	1.096464696				2.770523752E-05	0	99.99997229	47.40668255	52.59331745	0				-482.87606	0.508970734	NaN	
482.71606	88	5	7	1	0.508970734	93.6405045	5.263030799	1.096464696				2.770523752E-05	0	99.99997229	47.40668255	52.59331745	0				-482.71606	0.508970734	NaN	
482.55606	88	5	7	1	0.508970734	93.6405045	5.263030799	1.096464696				2.770523752E-05	0	99.99997229	47.40668255	52.59331745	0				-482.55606	0.508970734	NaN	
482.39606	88	5	7	1	0.508970734	93.6405045	5.263030799	1.096464696				2.770523752E-05	0	99.99997229	47.40668255	52.59331745	0				-482.39606	0.508970734	NaN	
482.23606	88	5	7	1	0.508970734	93.6405045	5.263030799	1.096464696				2.770523752E-05	0	99.99997229	47.40668255	52.59331745	0				-482.23606	0.508970734	NaN	
482.07606	88	5	7	1	0.508970734	93.6405045	5.263030799	1.096464696				2.770523752E-05	0	99.99997229	47.40668255	52.59331745	0				-482.07606	0.508970734	NaN	
481.91606	88	5	7	1	0.508970734	93.6405045	5.263030799	1.096464696				2.770523752E-05	0	99.99997229	47.40668255	52.59331745	0				-481.91606	0.508970734	NaN	
481.75606	88	5	7	1	0.508970734	93.6405045	5.263030799	1.096464696				2.770523752E-05	0	99.99997229	47.40668255	52.59331745	0				-481.75606	0.508970734	NaN	
481.59606	88	5	7	1	0.508970734	93.6405045	5.263030799	1.096464696				2.770523752E-05	0	99.99997229	47.40668255	52.59331745	0				-481.59606	0.508970734	NaN	
481.43606	88	5	7	1	0.508970734	93.6405045	5.263030799	1.096464696				2.770523752E-05	0	99.99997229	47.40668255	52.59331745	0				-481.43606	0.508970734	NaN	
481.27606	88	5	7	1	0.508970734	93.6405045	5.263030799	1.096464696				2.770523752E-05	0	99.99997229	47.40668255	52.59331745	0				-481.27606	0.508970734	NaN	
481.11606	88	5	7	1	0.508970734	93.6405045	5.263030799	1.096464696				2.770523752E-05	0	99.99997229	47.40668255	52.59331745	0				-481.11606	0.508970734	NaN	
480.95606	88	5	7	1	0.508970734	93.6405045	5.263030799	1.096464696				2.770523752E-05	0	99.99997229	47.40668255	52.59331745	0				-480.95606	0.508970734	NaN	
480.79606	88	5	7	1	0.508970734	93.6405045	5.263030799	1.096464696				2.770523752E-05	0	99.99997229	47.40668255	52.59331745	0				-480.79606	0.508970734	NaN	
480.63606	88	5	7	1	0.508970734	93.6405045	5.263030799	1.096464696				2.770523752E-05	0	99.99997229	47.40668255	52.59331745	0				-480.63606	0.508970734	NaN	
480.47606	88	5	7	1	0.508970734	93.6405045	5.263030799	1.096464696				2.770523752E-05	0	99.99997229	47.40668255	52.59331745	0				-480.47606	0.508970734	NaN	
480.31606	88	5	7	1	0.508970734	93.6405045	5.263030799	1.096464696				2.770523752E-05	0	99.99997229	47.40668255	52.59331745	0				-480.31606	0.508970734	NaN	
480.15606	88	5	7	1	0.508970734	93.6405045	5.263030799	1.096464696				2.770523752E-05	0	99.99997229	47.40668255	52.59331745	0				-480.15606	0.508970734	NaN	
479.99606	88	5	7	1	0.508970734	93.6405045	5.263030799	1.096464696				2.770523752E-05	0	99.99997229	47.40668255	52.59331745	0				-479.99606	0.508970734	NaN	
479.83606	88	5	7	1	0.508970734	93.6405045	5.263030799	1.096464696				2.770523752E-05	0	99.99997229	47.40668255	52.59331745	0				-479.83606	0.508970734	NaN	
479.67606	88	5	7	1	0.508970734	93.6405045	5.263030799	1.096464696				2.770523752E-05	0	99.99997229	47.40668255	52.59331745	0				-479.67606	0.508970734	NaN	
479.51606	88	5	7	1	0.508970734	93.6405045	5.263030799	1.096464696				2.770523752E-05	0	99.99997229	47.40668255	52.59331745	0				-479.51606	0.508970734	NaN	
479.35606	88	5	7	1	0.508970734	93.6405045	5.263030799	1.096464696				2.770523752E-05	0	99.99997229	47.40668255	52.59331745	0				-479.35606	0.508970734	NaN	
479.19606	88	5	7	1	0.508970734	93.6405045	5.263030799	1.096464696				2.770523752E-05	0	99.99997229	47.40668255	52.59331745	0				-479.19606	0.508970734	NaN	
479.03606	88	5	7	1	0.508970734	93.6405045	5.263030799	1.096464696				2.770523752E-05	0	99.99997229	47.40668255	52.59331745	0				-479.03606	0.508970734	NaN	
478.87606	88	5	7	1	0.508970734	93.6405045	5.263030799	1.096464696				2.770523752E-05	0	99.99997229	47.40668255	52.59331745	0				-478.87606	0.508970734	NaN	
478.71606	88	5	7	1	0.508970734	93.6405045	5.263030799	1.096464696				2.770523752E-05	0	99.99997229	47.40668255	52.59331745	0				-478.71606	0.508970734	NaN	
478.55606	88	5	7	1	0.508970734	93.6405045	5.263030799	1.096464696				2.770523752E-05	0	99.99997229	47.40668255	52.59331745	0				-478.55606	0.508970734	NaN	
478.39606	88	5	7	1	0.508970734	93.6405045	5.263030799	1.096464696				2.770523752E-05	0	99.99997229	47.40668255	52.59331745	0				-478.39606	0.508970734	NaN	
478.23606	88	5	7	1	0.508970734	93.6405045	5.263030799	1.096464696				2.770523752E-05	0	99.99997229	47.40668255	52.59331745	0				-478.23606	0.508970734	NaN	
478.07606	88	5	7	1	0.508970734	93.6405045	5.263030799	1.096464696				2.770523752E-05	0	99.99997229	47.40668255	52.59331745	0				-478.07606	0.508970734	NaN	
477.91606	88	5	7	1	0.508970734	93.6405045	5.263030799	1.096464696				2.770523752E-05	0	99.99997229	47.40668255	52.59331745	0				-477.91606	0.508970734	NaN	
477.75606	88	5	7	1	0.508970734	93.6405045	5.263030799	1.096464696				2.770523752E-05	0	99.99997229	47.40668255	52.59331745	0				-477.75606	0.508970734	NaN	
477.59606	88	5	7	1	0.508970734	93.6405045	5.263030799	1.096464696				2.770523752E-05	0	99.99997229	47.40668255	52.59331745	0				-477.59606	0.508970734	NaN	
477.43606	88	5	7	1	0.508970734	93.6405045	5.263030799	1.096464696				2.770523752E-05	0	99.99997229	47.40668255	52.59331745	0				-477.43606	0.508970734	NaN	
477.27606	88	5	7	1	0.508970734	93.6405045	5.263030799	1.096464696				2.770523752E-05	0	99.99997229	47.40668255	52.59331745	0				-477.27606	0.508970734	NaN	
477.11606	88	5	7	1	0.508970734	93.6405045	5.263030799	1.096464696				2.770523752E-05	0	99.99997229	47.40668255	52.59331745	0				-477.11606	0.508970734	NaN	
476.95606	88	5	7	1	0.508970734	93.6405045	5.263030799	1.096464696				2.770523752E-05	0	99.99997229	47.40668255	52.59331745	0				-476.95606	0.508970734	NaN	
476.79606	88	5	7	1	0.508970734	93.6405045	5.263030799	1.096464696				2.770523752E-05	0	99.99997229	47.40668255	52.59331745	0				-476.79606	0.508970734	NaN	
476.63606	88	5	7	1	0.508970734	93.6405045	5.263030799	1.096464696				2.770523752E-05	0	99.99997229	47.40668255	52.59331745	0				-476.63606	0.508970734	NaN	
476.47606	88	5	7	1	0.508970734	93.6405045	5.263030799	1.096464696				2.770523752E-05	0	99.99997229	47.40668255	52.59331745	0				-476.47606	0.508970734	NaN	
476.31606	88	5	7	1	0.508970734	93.6405045	5.263030799	1.096464696				2.770523752E-05	0	99.99997229	47.40668255	52.59331745	0				-476.31606	0.508970734	NaN	
476.15606	88	5	7	1	0.508970734	93.6405045	5.263030799	1.096464696				2.770523752E-05	0	99.99997229	47.40668255	52.59331745	0				-476.15606	0.508970734	NaN	
475.99606	88	5	7	1	0.508970734	93.6405045	5.263030799	1.096464696				2.770523752E-05	0	99.99997229	47.40668255	52.59331745	0				-475.99606	0.508970734	NaN	
475.83606	88	5	7	1	0.508970734	93.6405045	5.263030799	1.096464696				2.770523752E-05	0	99.99997229	47.40668255	52.59331745	0				-475.83606	0.508970734	NaN	
475.67606	88	5	7	1	0.508970734	93.6405045	5.263030799	1.096464696				2.770523752E-05	0	99.99997229	47.40668255	52.59331745	0				-475.67606	0.508970734	NaN	
475.51606	88	5	7	1	0.508970734	93.6405045	5.263030799	1.096464696				2.770523752E-05	0	99.99997229	47.40668255	52.59331745	0				-475.51606	0.508970734	NaN	
475.35606	88	5	7	1	0.508970734	93.6405045	5.263030799	1.096464696				2.770523752E-05	0	99.99997229	47.40668255	52.59331745	0				-475.35606	0.508970734	NaN	
475.19606	88	5	7	1	0.508970734	93.6405045	5.263030799	1.096464696				2.770523752E-05	0	99.99997229	47.40668255	52.59331745	0				-475.19606	0.508970734	NaN	
475.03606	88	5	7	1	0.508970734	93.6405045	5.263030799	1.096464696				2.770523752E-05	0	99.99997229	47.40668255	52.59331745	0				-475.03606	0.508970734	NaN	
474.87606	88	5	7	1	0.508970734	93.6405045	5.263030799	1.096464696				2.770523752E-05	0	99.99997229	47.40668255	52.59331745	0				-474.87606	0.508970734	NaN	
474.71606	88	5	7	1	0.508970734	93.6405045	5.263030799	1.096464696				2.770523752E-05	0	99.99997229	47.40668255	52.59331745	0				-474.71606	0.508970734	NaN	
474.55606	88	5	7	1	0.508970734	93.6405045	5.263030799	1.096464696				2.770523752E-05	0	99.99997229	47.40668255	52.59331745	0				-474.55606	0.508970734	NaN	
474.39606	88	5	7	1	0.508970734	93.6405045	5.263030799	1.096464696				2.770523752E-05	0	99.99997229	47.40668255	52.59331745	0				-474.39606	0.508970734	NaN	
474.23606	88	5	7	1	0.508970734	93.6405045	5.263030799	1.096464696				2.770523752E-05	0	99.99997229	47.40668255	52.59331745	0				-474.23606	0.508970734	NaN	
474.07606	88	5	7	1	0.508970734	93.6405045	5.263030799	1.096464696				2.770523752E-05	0	99.99997229	47.40668255	52.59331745	0				-474.07606	0.508970734	NaN	
473.91606	88	5	7	1	0.508970734	93.6405045	5.263030799	1.096464696				2.770523752E-05	0	99.99997229	47.40668255	52.59331745	0				-473.91606	0.508970734	NaN	
473.75606	88	5	7	1	0.508970734	93.6405045	5.263030799	1.096464696				2.770523752E-05	0	99.99997229	47.40668255	52.59331745	0				-473.75606	0.508970734	NaN	
473.59606	88	5	7	1	0.508970734	93.6405045	5.263030799	1.096464696				2.770523752E-05	0	99.99997229	47.40668255	52.59331745	0				-473.59606	0.508970734	NaN	
473.43606	88	5	7	1	0.508970734	93.6405045	5.263030799	1.096464696				2.770523752E-05	0	99.99997229	47.40668255	52.59331745	0				-473.43606	0.508970734	NaN	
473.27606	88	5	7	1	0.508970734	93.6405045	5.263030799	1.096464696				2.770523752E-05	0	99.99997229	47.40668255	52.59331745	0				-473.27606	0.508970734	NaN	
473.11606	88	5	7	1	0.508970734	93.6405045	5.263030799	1.096464696				2.770523752E-05	0	99.99997229	47.40668255	52.59331745	0				-473.11606	0.508970734	NaN	
472.95606	88	5	7	1	0.508970734	93.6405045	5.263030799	1.096464696				2.770523752E-05	0	99.99997229	47.40668255	52.59331745	0				-472.95606	0.508970734	NaN	
472.79606	88	5	7	1	0.508970734	93.6405045	5.263030799	1.096464696				2.770523752E-05	0	99.99997229	47.40668255	52.59331745	0				-472.79606	0.508970734	NaN	
472.63606	88	5	7	1	0.508970734	93.6405045	5.263030799	1.096464696				2.770523752E-05	0	99.99997229	47.40668255	52.59331745	0				-472.63606	0.508970734	NaN	
472.47606	88	5	7	1	0.508970734	93.6405045	5.263030799	1.096464696				2.770523752E-05	0	99.99997229	47.40668255	52.59331745	0				-472.47606	0.508970734	NaN	
472.31606	88	5	7	1	0.508970734	93.6405045	5.263030799	1.096464696				2.770523752E-05	0	99.99997229	47.40668255	52.59331745	0				-472.31606	0.508970734	NaN	
472.15606	88	5	7	1	0.508970734	93.6405045	5.263030799	1.096464696				2.770523752E-05	0	99.99997229	47.40668255	52.59331745	0				-472.15606	0.508970734	NaN	
471.99606	88	5	7	1	0.508970734	93.6405045	5.263030799	1.096464696				2.770523752E-05	0	99.99997229	47.40668255	52.59331745	0				-471.99606	0.508970734	NaN	
471.83606	88	5	7	1	0.508970734	93.6405045	5.263030799	1.096464696				2.770523752E-05	0	99.99997229	47.40668255	52.59331745	0				-471.83606	0.508970734	NaN	
471.67606	88	5	7	1	0.508970734	93.6405045	5.263030799	1.096464696				2.770523752E-05	0	99.99997229	47.40668255	52.59331745	0				-471.67606	0.508970734	NaN	
471.51606	88	5	7	1	0.508970734	93.6405045	5.263030799	1.096464696				2.770523752E-05	0	99.99997229	47.40668255	52.59331745	0				-471.51606	0.508970734	NaN	
471.35606	88	5	7	1	0.508970734	93.6405045	5.263030799	1.096464696				2.770523752E-05	0	99.99997229	47.40668255	52.59331745	0				-471.35606	0.508970734	NaN	
471.19606	88	5	7	1	0.508970734	93.6405045	5.263030799	1.096464696				2.770523752E-05	0	99.99997229	47.40668255	52.59331745	0				-471.19606	0.508970734	NaN	
471.03606	88	5	7	1	0.508970734	93.6405045	5.263030799	1.096464696				2.770523752E-05	0	99.99997229	47.40668255	52.59331745	0				-471.03606	0.508970734	NaN	
470.87606	88	5	7	1	0.508970734	93.6405045	5.263030799	1.096464696				2.770523752E-05	0	99.99997229	47.40668255	52.59331745	0				-470.87606	0.508970734	NaN	
470.71606	88	5	7	1	0.508970734	93.6405045	5.263030799	1.096464696				2.770523752E-05	0	99.99997229	47.40668255	52.59331745	0				-470.71606	0.508970734	NaN	
470.55606	88	5	7	1	0.508970734	93.6405045	5.263030799	1.096464696				2.770523752E-05	0	99.99997229	47.40668255	52.59331745	0				-470.55606	0.508970734	NaN	
470.39606	88	5	7	1	0.508970734	93.6405045	5.263030799	1.096464696				2.770523752E-05	0	99.99997229	47.40668255	52.59331745	0				-470.39606	0.508970734	NaN	
470.23606	88	5	7	1	0.508970734	93.6405045	5.263030799	1.096464696				2.770523752E-05	0	99.99997229	47.40668255	52.59331745	0				-470.23606	0.508970734	NaN	
470.07606	88	5	7	1	0.508970734	93.6405045	5.263030799	1.096464696				2.770523752E-05	0	99.99997229	47.40668255	52.59331745	0				-470.07606	0.508970734	NaN	
469.91606	88	5	7	1	0.508970734	93.6405045	5.263030799	1.096464696				2.770523752E-05	0	99.99997229	47.40668255	52.59331745	0				-469.91606	0.508970734	NaN	
469.75606	88	5	7	1	0.508970734	93.6405045	5.263030799	1.096464696				2.770523752E-05	0	99.99997229	47.40668255	52.59331745	0				-469.75606	0.508970734	NaN	
469.59606	88	5	7	1	0.508970734	93.6405045	5.263030799	1.096464696				2.770523752E-05	0	99.99997229	47.40668255	52.59331745	0				-469.59606	0.508970734	NaN	
469.43606	88	5	7	1	0.508970734	93.6405045	5.263030799	1.096464696				2.770523752E-05	0	99.99997229	47.40668255	52.59331745	0				-469.43606	0.508970734	NaN	
469.27606	88	5	7	1	0.508970734	93.6405045	5.263030799	1.096464696				2.770523752E-05	0	99.99997229	47.40668255	52.59331745	0				-469.27606	0.508970734	NaN	
469.11606	88	5	7	1	0.508970734	93.6405045	5.263030799	1.096464696				2.770523752E-05	0	99.99997229	47.40668255	52.59331745	0				-469.11606	0.508970734	NaN	
468.95606	88	5	7	1	0.508970734	93.6405045	5.263030799	1.096464696				2.770523752E-05	0	99.99997229	47.40668255	52.59331745	0				-468.95606	0.508970734	NaN	
468.79606	88	5	7	1	0.508970734	93.6405045	5.263030799	1.096464696				2.770523752E-05	0	99.99997229	47.40668255	52.59331745	0				-468.79606	0.508970734	NaN	
468.63606	88	5	7	1	0.508970734	93.6405045	5.263030799	1.096464696				2.770523752E-05	0	99.99997229	47.40668255	52.59331745	0				-468.63606	0.508970734	NaN	
468.47606	88	5	7	1	0.508970734	93.6405045	5.263030799	1.096464696				2.770523752E-05	0	99.99997229	47.40668255	52.59331745	0				-468.47606	0.508970734	NaN	
468.31606	88	5	7	1	0.508970734	93.6405045	5.263030799	1.096464696				2.770523752E-05	0	99.99997229	47.40668255	52.59331745	0				-468.31606	0.508970734	NaN	
468.15606	88	5	7	1	0.508970734	93.6405045	5.263030799	1.096464696				2.770523752E-05	0	99.99997229	47.40668255	52.59331745	0				-468.15606	0.508970734	NaN	
467.99606	88	5	7	1	0.508970734	93.6405045	5.263030799	1.096464696				2.770523752E-05	0	99.99997229	47.40668255	52.59331745	0				-467.99606	0.508970734	NaN	
467.83606	88	5	7	1	0.508970734	93.6405045	5.263030799	1.096464696				2.770523752E-05	0	99.99997229	47.40668255	52.59331745	0				-467.83606	0.508970734	NaN	
467.67606	88	5	7	1	0.508970734	93.6405045	5.263030799	1.096464696				2.770523752E-05	0	99.99997229	47.40668255	52.59331745	0				-467.67606	0.508970734	NaN	
467.51606	88	5	7	1	0.508970734	93.6405045	5.263030799	1.096464696				2.770523752E-05	0	99.99997229	47.40668255	52.59331745	0				-467.51606	0.508970734	NaN	
467.35606	88	5	7	1	0.508970734	93.6405045	5.263030799	1.096464696				2.770523752E-05	0	99.99997229	47.40668255	52.59331745	0				-467.35606	0.508970734	NaN	
467.19606	88	5	7	1	0.508970734	93.6405045	5.263030799	1.096464696				2.770523752E-05	0	99.99997229	47.40668255	52.59331745	0				-467.19606	0.508970734	NaN	
467.03606	88	5	7	1	0.508970734	93.6405045	5.263030799	1.096464696				2.770523752E-05	0	99.99997229	47.40668255	52.59331745	0				-467.03606	0.508970734	NaN	
466.87606	88	5	7	1	0.508970734	93.6405045	5.263030799	1.096464696				2.770523752E-05	0	99.99997229	47.40668255	52.59331745	0				-466.87606	0.508970734	NaN	
466.71606	88	5	7	1	0.508970734	93.6405045	5.263030799	1.096464696				2.770523752E-05	0	99.99997229	47.40668255	52.59331745	0				-466.71606	0.508970734	NaN	
466.55606	88	5	7	1	0.508970734	93.6405045	5.263030799	1.096464696				2.770523752E-05	0	99.99997229	47.40668255	52.59331745	0				-466.55606	0.508970734	NaN	
466.39606	88	5	7	1	0.508970734	93.6405045	5.263030799	1.096464696				2.770523752E-05	0	99.99997229	47.40668255	52.59331745	0				-466.39606	0.508970734	NaN	
466.23606	88	5	7	1	0.508970734	93.6405045	5.263030799	1.096464696				2.770523752E-05	0	99.99997229	47.40668255	52.59331745	0				-466.23606	0.508970734	NaN	
466.07606	88	5	7	1	0.508970734	93.6405045	5.263030799	1.096464696				2.770523752E-05	0	99.99997229	47.40668255	52.59331745	0				-466.07606	0.508970734	NaN	
465.91606	88	5	7	1	0.508970734	93.6405045	5.263030799	1.096464696				2.770523752E-05	0	99.99997229	47.40668255	52.59331745	0				-465.91606	0.508970734	NaN	
465.75606	88	5	7	1	0.508970734	93.6405045	5.263030799	1.096464696				2.770523752E-05	0	99.99997229	47.40668255	52.59331745	0				-465.75606	0.508970734	NaN	
465.59606	88	5	7	1	0.508970734	93.6405045	5.263030799	1.096464696				2.770523752E-05	0	99.99997229	47.40668255	52.59331745	0				-465.59606	0.508970734	NaN	
465.43606	88	5	7	1	0.508970734	93.6405045	5.263030799	1.096464696				2.770523752E-05	0	99.99997229	47.40668255	52.59331745	0				-465.43606	0.508970734	NaN	
465.27606	88	5	7	1	0.508970734	93.6405045	5.263030799	1.096464696				2.770523752E-05	0	99.99997229	47.40668255	52.59331745	0				-465.27606	0.508970734	NaN	
465.11606	88	5	7	1	0.508970734	93.6405045	5.263030799	1.096464696				2.770523752E-05	0	99.99997229	47.40668255	52.59331745	0				-465.11606	0.508970734	NaN	
464.95606	88	5	7	1	0.508970734	93.6405045	5.263030799	1.096464696				2.770523752E-05	0	99.99997229	47.40668255	52.59331745	0				-464.95606	0.508970734	NaN	
464.79606	88	5	7	1	0.508970734	93.6405045	5.263030799	1.096464696				2.770523752E-05	0	99.99997229	47.40668255	52.59331745	0				-464.79606	0.508970734	NaN	
464.63606	88	5	7	1	0.508970734	93.6405045	5.263030799	1.096464696				2.770523752E-05	0	99.99997229	47.40668255	52.59331745	0				-464.63606	0.508970734	NaN	
464.47606	88	5	7	1	0.508970734	93.6405045	5.263030799	1.096464696				2.770523752E-05	0	99.99997229	47.40668255	52.59331745	0				-464.47606	0.508970734	NaN	
464.31606	88	5	7	1	0.508970734	93.6405045	5.263030799	1.096464696				2.770523752E-05	0	99.99997229	47.40668255	52.59331745	0				-464.31606	0.508970734	NaN	
464.15606	88	5	7	1	0.508970734	93.6405045	5.263030799	1.096464696				2.770523752E-05	0	99.99997229	47.40668255	52.59331745	0				-464.15606	0.508970734	NaN	
463.99606	88	5	7	1	0.508970734	93.6405045	5.263030799	1.096464696				2.770523752E-05	0	99.99997229	47.40668255	52.59331745	0				-463.99606	0.508970734	NaN	
463.83606	88	5	7	1	0.508970734	93.6405045	5.263030799	1.096464696				2.770523752E-05	0	99.99997229	47.40668255	52.59331745	0				-463.83606	0.508970734	NaN	
463.67606	88	5	7	1	0.508970734	93.6405045	5.263030799	1.096464696				2.770523752E-05	0	99.99997229	47.40668255	52.59331745	0				-463.67606	0.508970734	NaN	
463.51606	88	5	7	1	0.508970734	93.6405045	5.263030799	1.096464696				2.770523752E-05	0	99.99997229	47.40668255	52.59331745	0				-463.51606	0.508970734	NaN	
463.35606	88	5	7	1	0.508970734	93.6405045	5.263030799	1.096464696				2.770523752E-05	0	99.99997229	47.40668255	52.59331745	0				-463.35606	0.508970734	NaN	
463.19606	88	5	7	1	0.508970734	93.6405045	5.263030799	1.096464696				2.770523752E-05	0	99.99997229	47.40668255	52.59331745	0				-463.19606	0.508970734	NaN	
463.03606	88	5	7	1	0.508970734	93.6405045	5.263030799	1.096464696				2.770523752E-05	0	99.99997229	47.40668255	52.59331745	0				-463.03606	0.508970734	NaN	
462.87606	88	5	7	1	0.508970734	93.6405045	5.263030799	1.096464696				2.770523752E-05	0	99.99997229	47.40668255	52.59331745	0				-462.87606	0.508970734	NaN	
462.71606	88	5	7	1	0.508970734	93.6405045	5.263030799	1.096464696				2.770523752E-05	0	99.99997229	47.40668255	52.59331745	0				-462.71606	0.508970734	NaN	
462.55606	88	5	7	1	0.508970734	93.6405045	5.263030799	1.096464696				2.770523752E-05	0	99.99997229	47.40668255	52.59331745	0				-462.55606	0.508970734	NaN	
462.39606	88	5	7	1	0.508970734	93.6405045	5.263030799	1.096464696				2.770523752E-05	0	99.99997229	47.40668255	52.59331745	0				-462.39606	0.508970734	NaN	
462.23606	88	5	7	1	0.508970734	93.6405045	5.263030799	1.096464696				2.770523752E-05	0	99.99997229	47.40668255	52.59331745	0				-462.23606	0.508970734	NaN	
462.07606	88	5	7	1	0.508970734	93.6405045	5.263030799	1.096464696				2.770523752E-05	0	99.99997229	47.40668255	52.59331745	0				-462.07606	0.508970734	NaN	
461.91606	88	5	7	1	0.508970734	93.6405045	5.263030799	1.096464696				2.770523752E-05	0	99.99997229	47.40668255	52.59331745	0				-461.91606	0.508970734	NaN	
461.75606	88	5	7	1	0.508970734	93.6405045	5.263030799	1.096464696				2.770523752E-05	0	99.99997229	47.40668255	52.59331745	0				-461.75606	0.508970734	NaN	
461.59606	88	5	7	1	0.508970734	93.6405045	5.263030799	1.096464696				2.770523752E-05	0	99.99997229	47.40668255	52.59331745	0				-461.59606	0.508970734	NaN	
461.43606	88	5	7	1	0.508970734	93.6405045	5.263030799	1.096464696				2.770523752E-05	0	99.99997229	47.40668255	52.59331745	0				-461.43606	0.508970734	NaN	
461.27606	88	5	7	1	0.508970734	93.6405045	5.263030799	1.096464696				2.770523752E-05	0	99.99997229	47.40668255	52.59331745	0				-461.27606	0.508970734	NaN	
461.11606	88	5	7	1	0.508970734	93.6405045	5.263030799	1.096464696				2.770523752E-05	0	99.99997229	47.40668255	52.59331745	0				-461.11606	0.508970734	NaN	
460.95606	88	5	7	1	0.508970734	93.6405045	5.263030799	1.096464696				2.770523752E-05	0	99.99997229	47.40668255	52.59331745	0				-460.95606	0.508970734	NaN	
460.79606	88	5	7	1	0.508970734	93.6405045	5.263030799	1.096464696				2.770523752E-05	0	99.99997229	47.40668255	52.59331745	0				-460.79606	0.508970734	NaN	
460.63606	88	5	7	1	0.508970734	93.6405045	5.263030799	1.096464696				2.770523752E-05	0	99.99997229	47.40668255	52.59331745	0				-460.63606	0.508970734	NaN	
460.47606	88	5	7	1	0.508970734	93.6405045	5.263030799	1.096464696				2.770523752E-05	0	99.99997229	47.40668255	52.59331745	0				-460.47606	0.508970734	NaN	
460.31606	88	5	7	1	0.508970734	93.6405045	5.263030799	1.096464696				2.770523752E-05	0	99.99997229	47.40668255	52.59331745	0				-460.31606	0.508970734	NaN	
460.15606	88	5	7	1	0.508970734	93.6405045	5.263030799	1.096464696				2.770523752E-05	0	99.99997229	47.40668255	52.59331745	0				-460.15606	0.508970734	NaN	
459.99606	88	5	7	1	0.508970734	93.6405045	5.263030799	1.096464696				2.770523752E-05	0	99.99997229	47.40668255	52.59331745	0				-459.99606	0.508970734	NaN	
459.83606	88	5	7	1	0.508970734	93.6405045	5.263030799	1.096464696				2.770523752E-05	0	99.99997229	47.40668255	52.59331745	0				-459.83606	0.508970734	NaN	
459.67606	88	5	7	1	0.508970734	93.6405045	5.263030799	1.096464696				2.770523752E-05	0	99.99997229	47.40668255	52.59331745	0				-459.67606	0.508970734	NaN	
459.51606	88	5	7	1	0.508970734	93.6405045	5.263030799	1.096464696				2.770523752E-05	0	99.99997229	47.40668255	52.59331745	0				-459.51606	0.508970734	NaN	
459.35606	88	5	7	1	0.508970734	93.6405045	5.263030799	1.096464696				2.770523752E-05	0	99.99997229	47.40668255	52.59331745	0				-459.35606	0.508970734	NaN	
459.19606	88	5	7	1	0.508970734	93.6405045	5.263030799	1.096464696				2.770523752E-05	0	99.99997229	47.40668255	52.59331745	0				-459.19606	0.508970734	NaN	
459.03606	88	5	7	1	0.508970734	93.6405045	5.263030799	1.096464696				2.770523752E-05	0	99.99997229	47.40668255	52.59331745	0				-459.03606	0.508970734	NaN	
458.87606	88	5	7	1	0.508970734	93.6405045	5.263030799	1.096464696				2.770523752E-05	0	99.99997229	47.40668255	52.59331745	0				-458.87606	0.508970734	NaN	
458.71606	88	5	7	1	0.508970734	93.6405045	5.263030799	1.096464696				2.770523752E-05	0	99.99997229	47.40668255	52.59331745	0				-458.71606	0.508970734	NaN	
458.55606	88	5	7	1	0.508970734	93.6405045	5.263030799	1.096464696				2.770523752E-05	0	99.99997229	47.40668255	52.59331745	0				-458.55606	0.508970734	NaN	
458.39606	88	5	7	1	0.508970734	93.6405045	5.263030799	1.096464696				2.770523752E-05	0	99.99997229	47.40668255	52.59331745	0				-458.39606	0.508970734	NaN	
458.23606	88	5	7	1	0.508970734	93.6405045	5.263030799	1.096464696				2.770523752E-05	0	99.99997229	47.40668255	52.59331745	0				-458.23606	0.508970734	NaN	
458.07606	88	5	7	1	0.508970734	93.6405045	5.263030799	1.096464696				2.770523752E-05	0	99.99997229	47.40668255	52.59331745	0				-458.07606	0.508970734	NaN	
457.91606	88	5	7	1	0.508970734	93.6405045	5.263030799	1.096464696				2.770523752E-05	0	99.99997229	47.40668255	52.59331745	0				-457.91606	0.508970734	NaN	
457.75606	88	5	7	1	0.508970734	93.6405045	5.263030799	1.096464696				2.770523752E-05	0	99.99997229	47.40668255	52.59331745	0				-457.75606	0.508970734	NaN	
457.59606	88	5	7	1	0.508970734	93.6405045	5.263030799	1.096464696				2.770523752E-05	0	99.99997229	47.40668255	52.59331745	0				-457.59606	0.508970734	NaN	
457.43606	88	5	7	1	0.508970734	93.6405045	5.263030799	1.096464696				2.770523752E-05	0	99.99997229	47.40668255	52.59331745	0				-457.43606	0.508970734	NaN	
457.27606	88	5	7	1	0.508970734	93.6405045	5.263030799	1.096464696				2.770523752E-05	0	99.99997229	47.40668255	52.59331745	0				-457.27606	0.508970734	NaN	
457.11606	88	5	7	1	0.508970734	93.6405045	5.263030799	1.096464696				2.770523752E-05	0	99.99997229	47.40668255	52.59331745	0				-457.11606	0.508970734	NaN	
456.95606	88	5	7	1	0.508970734	93.6405045	5.263030799	1.096464696				2.770523752E-05	0	99.99997229	47.40668255	52.59331745	0				-456.95606	0.508970734	NaN	
456.79606	88	5	7	1	0.508970734	93.6405045	5.263030799	1.096464696				2.770523752E-05	0	99.99997229	47.40668255	52.59331745	0				-456.79606	0.508970734	NaN	
456.63606	88	5	7	1	0.508970734	93.6405045	5.263030799	1.096464696				2.770523752E-05	0	99.99997229	47.40668255	52.59331745	0				-456.63606	0.508970734	NaN	
456.47606	88	5	7	1	0.508970734	93.6405045	5.263030799	1.096464696				2.770523752E-05	0	99.99997229	47.40668255	52.59331745	0				-456.47606	0.508970734	NaN	
456.31606	88	5	7	1	0.508970734	93.6405045	5.263030799	1.096464696				2.770523752E-05	0	99.99997229	47.40668255	52.59331745	0				-456.31606	0.508970734	NaN	
456.15606	88	5	7	1	0.508970734	93.6405045	5.263030799	1.096464696				2.770523752E-05	0	99.99997229	47.40668255	52.59331745	0				-456.15606	0.508970734	NaN	
455.99606	88	5	7	1	0.508970734	93.6405045	5.263030799	1.096464696				2.770523752E-05	0	99.99997229	47.40668255	52.59331745	0				-455.99606	0.508970734	NaN	
455.83606	88	5	7	1	0.508970734	93.6405045	5.263030799	1.096464696				2.770523752E-05	0	99.99997229	47.40668255	52.59331745	0				-455.83606	0.508970734	NaN	
455.67606	88	5	7	1	0.508970734	93.6405045	5.263030799	1.096464696				2.770523752E-05	0	99.99997229	47.40668255	52.59331745	0				-455.67606	0.508970734	NaN	
455.51606	88	5	7	1	0.508970734	93.6405045	5.263030799	1.096464696				2.770523752E-05	0	99.99997229	47.40668255	52.59331745	0				-455.51606	0.508970734	NaN	
455.35606	88	5	7	1	0.508970734	93.6405045	5.263030799	1.096464696				2.770523752E-05	0	99.99997229	47.40668255	52.59331745	0				-455.35606	0.508970734	NaN	
455.19606	88	5	7	1	0.508970734	93.6405045	5.263030799	1.096464696				2.770523752E-05	0	99.99997229	47.40668255	52.59331745	0				-455.19606	0.508970734	NaN	
455.03606	88	5	7	1	0.508970734	93.6405045	5.263030799	1.096464696				2.770523752E-05	0	99.99997229	47.40668255	52.59331745	0				-455.03606	0.508970734	NaN	
454.87606	88	5	7	1	0.508970734	93.6405045	5.263030799	1.096464696				2.770523752E-05	0	99.99997229	47.40668255	52.59331745	0				-454.87606	0.508970734	NaN	
454.71606	88	5	7	1	0.508970734	93.6405045	5.263030799	1.096464696				2.770523752E-05	0	99.99997229	47.40668255	52.59331745	0				-454.71606	0.508970734	NaN	
454.55606	88	5	7	1	0.508970734	93.6405045	5.263030799	1.096464696				2.770523752E-05	0	99.99997229	47.40668255	52.59331745	0				-454.55606	0.508970734	NaN	
454.39606	88	5	7	1	0.508970734	93.6405045	5.263030799	1.096464696				2.770523752E-05	0	99.99997229	47.40668255	52.59331745	0				-454.39606	0.508970734	NaN	
454.23606	88	5	7	1	0.508970734	93.6405045	5.263030799	1.096464696				2.770523752E-05	0	99.99997229	47.40668255	52.59331745	0				-454.23606	0.508970734	NaN	
454.07606	88	5	7	1	0.508970734	93.6405045	5.263030799	1.096464696				2.770523752E-05	0	99.99997229	47.40668255	52.59331745	0				-454.07606	0.508970734	NaN	
453.91606	88	5	7	1	0.508970734	93.6405045	5.263030799	1.096464696				2.770523752E-05	0	99.99997229	47.40668255	52.59331745	0				-453.91606	0.508970734	NaN	
453.75606	88	5	7	1	0.508970734	93.6405045	5.263030799	1.096464696				2.770523752E-05	0	99.99997229	47.40668255	52.59331745	0				-453.75606	0.508970734	NaN	
453.59606	88	5	7	1	0.508970734	93.6405045	5.263030799	1.096464696				2.770523752E-05	0	99.99997229	47.40668255	52.59331745	0				-453.59606	0.508970734	NaN	
453.43606	88	5	7	1	0.508970734	93.6405045	5.263030799	1.096464696				2.770523752E-05	0	99.99997229	47.40668255	52.59331745	0				-453.43606	0.508970734	NaN	
453.27606	88	5	7	1	0.508970734	93.6405045	5.263030799	1.096464696				2.770523752E-05	0	99.99997229	47.40668255	52.59331745	0				-453.27606	0.508970734	NaN	
453.11606	88	5	7	1	0.508970734	93.6405045	5.263030799	1.096464696				2.770523752E-05	0	99.99997229	47.40668255	52.59331745	0				-453.11606	0.508970734	NaN	
452.95606	88	5	7	1	0.508970734	93.6405045	5.263030799	1.096464696				2.770523752E-05	0	99.99997229	47.40668255	52.59331745	0				-452.95606	0.508970734	NaN	
452.79606	88	5	7	1	0.508970734	93.6405045	5.263030799	1.096464696				2.770523752E-05	0	99.99997229	47.40668255	52.59331745	0				-452.79606	0.508970734	NaN	
452.63606	88	5	7	1	0.508970734	93.6405045	5.263030799	1.096464696				2.770523752E-05	0	99.99997229	47.40668255	52.59331745	0				-452.63606	0.508970734	NaN	
452.47606	88	5	7	1	0.508970734	93.6405045	5.263030799	1.096464696				2.770523752E-05	0	99.99997229	47.40668255	52.59331745	0				-452.47606	0.508970734	NaN	
452.31606	88	5	7	1	0.508970734	93.6405045	5.263030799	1.096464696				2.770523752E-05	0	99.99997229	47.40668255	52.59331745	0				-452.31606	0.508970734	NaN	
452.15606	88	5	7	1	0.508970734	93.6405045	5.263030799	1.096464696				2.770523752E-05	0	99.99997229	47.40668255	52.59331745	0				-452.15606	0.508970734	NaN	
451.99606	88	5	7	1	0.508970734	93.6405045	5.263030799	1.096464696				2.770523752E-05	0	99.99997229	47.40668255	52.59331745	0				-451.99606	0.508970734	NaN	
451.83606	88	5	7	1	0.508970734	93.6405045	5.263030799	1.096464696				2.770523752E-05	0	99.99997229	47.40668255	52.59331745	0				-451.83606	0.508970734	NaN	
451.67606	88	5	7	1	0.508970734	93.6405045	5.263030799	1.096464696				2.770523752E-05	0	99.99997229	47.40668255	52.59331745	0				-451.67606	0.508970734	NaN	
451.51606	88	5	7	1	0.508970734	93.6405045	5.263030799	1.096464696				2.770523752E-05	0	99.99997229	47.40668255	52.59331745	0				-451.51606	0.508970734	NaN	
451.35606	88	5	7	1	0.508970734	93.6405045	5.263030799	1.096464696				2.770523752E-05	0	99.99997229	47.40668255	52.59331745	0				-451.35606	0.508970734	NaN	
451.19606	88	5	7	1	0.508970734	93.6405045	5.263030799	1.096464696				2.770523752E-05	0	99.99997229	47.40668255	52.59331745	0				-451.19606	0.508970734	NaN	
451.03606	88	5	7	1	0.508970734	93.6405045	5.263030799	1.096464696				2.770523752E-05	0	99.99997229	47.40668255	52.59331745	0				-451.03606	0.508970734	NaN	
450.87606	88	5	7	1	0.508970734	93.6405045	5.263030799	1.096464696				2.770523752E-05	0	99.99997229	47.40668255	52.59331745	0				-450.87606	0.508970734	NaN	
450.71606	88	5	7	1	0.508970734	93.6405045	5.263030799	1.096464696				2.770523752E-05	0	99.99997229	47.40668255	52.59331745	0				-450.71606	0.508970734	NaN	
450.55606	88	5	7	1	0.508970734	93.6405045	5.263030799	1.096464696				2.770523752E-05	0	99.99997229	47.40668255	52.59331745	0				-450.55606	0.508970734	NaN	
450.39606	88	5	7	1	0.508970734	93.6405045	5.263030799	1.096464696				2.770523752E-05	0	99.99997229	47.40668255	52.59331745	0				-450.39606	0.508970734	NaN	
450.23606	88	5	7	1	0.508970734	93.6405045	5.263030799	1.096464696				2.770523752E-05	0	99.99997229	47.40668255	52.59331745	0				-450.23606	0.508970734	NaN	
450.07606	88	5	7	1	0.508970734	93.6405045	5.263030799	1.096464696				2.770523752E-05	0	99.99997229	47.40668255	52.59331745	0				-450.07606	0.508970734	NaN	
449.91606	88	5	7	1	0.508970734	93.6405045	5.263030799	1.096464696				2.770523752E-05	0	99.99997229	47.40668255	52.59331745	0				-449.91606	0.508970734	NaN	
449.75606	88	5	7	1	0.508970734	93.6405045	5.263030799	1.096464696				2.770523752E-05	0	99.99997229	47.40668255	52.59331745	0				-449.75606	0.508970734	NaN	
449.59606	88	5	7	1	0.508970734	93.6405045	5.263030799	1.096464696				2.770523752E-05	0	99.99997229	47.40668255	52.59331745	0				-449.59606	0.508970734	NaN	
449.43606	88	5	7	1	0.508970734	93.6405045	5.263030799	1.096464696				2.770523752E-05	0	99.99997229	47.40668255	52.59331745	0				-449.43606	0.508970734	NaN	
449.27606	88	5	7	1	0.508970734	93.6405045	5.263030799	1.096464696				2.770523752E-05	0	99.99997229	47.40668255	52.59331745	0				-449.27606	0.508970734	NaN	
449.11606	88	5	7	1	0.508970734	93.6405045	5.263030799	1.096464696				2.770523752E-05	0	99.99997229	47.40668255	52.59331745	0				-449.11606	0.508970734	NaN	
448.95606	88	5	7	1	0.508970734	93.6405045	5.263030799	1.096464696				2.770523752E-05	0	99.99997229	47.40668255	52.59331745	0				-448.95606	0.508970734	NaN	
448.79606	88	5	7	1	0.508970734	93.6405045	5.263030799	1.096464696				2.770523752E-05	0	99.99997229	47.40668255	52.59331745	0				-448.79606	0.508970734	NaN	
448.63606	88	5	7	1	0.508970734	93.6405045	5.263030799	1.096464696				2.770523752E-05	0	99.99997229	47.40668255	52.59331745	0				-448.63606	0.508970734	NaN	
448.47606	88	5	7	1	0.508970734	93.6405045	5.263030799	1.096464696				2.770523752E-05	0	99.99997229	47.40668255	52.59331745	0				-448.47606	0.508970734	NaN	
448.31606	88	5	7	1	0.508970734	93.6405045	5.263030799	1.096464696				2.770523752E-05	0	99.99997229	47.40668255	52.59331745	0				-448.31606	0.508970734	NaN	
448.15606	88	5	7	1	0.508970734	93.6405045	5.263030799	1.096464696				2.770523752E-05	0	99.99997229	47.40668255	52.59331745	0				-448.15606	0.508970734	NaN	
447.99606	88	5	7	1	0.508970734	93.6405045	5.263030799	1.096464696				2.770523752E-05	0	99.99997229	47.40668255	52.59331745	0				-447.99606	0.508970734	NaN	
447.83606	88	5	7	1	0.508970734	93.6405045	5.263030799	1.096464696				2.770523752E-05	0	99.99997229	47.40668255	52.59331745	0				-447.83606	0.508970734	NaN	
447.67606	88	5	7	1	0.508970734	93.6405045	5.263030799	1.096464696				2.770523752E-05	0	99.99997229	47.40668255	52.59331745	0				-447.67606	0.508970734	NaN	
447.51606	88	5	7	1	0.508970734	93.6405045	5.263030799	1.096464696				2.770523752E-05	0	99.99997229	47.40668255	52.59331745	0				-447.51606	0.508970734	NaN	
447.35606	88	5	7	1	0.508970734	93.6405045	5.263030799	1.096464696				2.770523752E-05	0	99.99997229	47.40668255	52.59331745	0				-447.35606	0.508970734	NaN	
447.19606	88	5	7	1	0.508970734	93.6405045	5.263030799	1.096464696				2.770523752E-05	0	99.99997229	47.40668255	52.59331745	0				-447.19606	0.508970734	NaN	
447.03606	88	5	7	1	0.508970734	93.6405045	5.263030799	1.096464696				2.770523752E-05	0	99.99997229	47.40668255	52.59331745	0				-447.03606	0.508970734	NaN	
446.87606	88	5	7	1	0.508970734	93.6405045	5.263030799	1.096464696				2.770523752E-05	0	99.99997229	47.40668255	52.59331745	0				-446.87606	0.508970734	NaN	
446.71606	88	5	7	1	0.508970734	93.6405045	5.263030799	1.096464696				2.770523752E-05	0	99.99997229	47.40668255	52.59331745	0				-446.71606	0.508970734	NaN	
446.55606	88	5	7	1	0.508970734	93.6405045	5.263030799	1.096464696				2.770523752E-05	0	99.99997229	47.40668255	52.59331745	0				-446.55606	0.508970734	NaN	
446.39606	88	5	7	1	0.508970734	93.6405045	5.263030799	1.096464696				2.770523752E-05	0	99.99997229	47.40668255	52.59331745	0				-446.39606	0.508970734	NaN	
446.23606	88	5	7	1	0.508970734	93.6405045	5.263030799	1.096464696				2.770523752E-05	0	99.99997229	47.40668255	52.59331745	0				-446.23606	0.508970734	NaN	
446.07606	88	5	7	1	0.508970734	93.6405045	5.263030799	1.096464696				2.770523752E-05	0	99.99997229	47.40668255	52.59331745	0				-446.07606	0.508970734	NaN	
445.91606	88	5	7	1	0.508970734	93.6405045	5.263030799	1.096464696				2.770523752E-05	0	99.99997229	47.40668255	52.59331745	0				-445.91606	0.508970734	NaN	
445.75606	88	5	7	1	0.508970734	93.6405045	5.263030799	1.096464696				2.770523752E-05	0	99.99997229	47.40668255	52.59331745	0				-445.75606	0.508970734	NaN	
445.59606	88	5	7	1	0.508970734	93.6405045	5.263030799	1.096464696				2.770523752E-05	0	99.99997229	47.40668255	52.59331745	0				-445.59606	0.508970734	NaN	
445.43606	88	5	7	1	0.508970734	93.6405045	5.263030799	1.096464696				2.770523752E-05	0	99.99997229	47.40668255	52.59331745	0				-445.43606	0.508970734	NaN	
445.27606	88	5	7	1	0.508970734	93.6405045	5.263030799	1.096464696				2.770523752E-05	0	99.99997229	47.40668255	52.59331745	0				-445.27606	0.508970734	NaN	
445.11606	88	5	7	1	0.508970734	93.6405045	5.263030799	1.096464696				2.770523752E-05	0	99.99997229	47.40668255	52.59331745	0				-445.11606	0.508970734	NaN	
444.95606	88	5	7	1	0.508970734	93.6405045	5.263030799	1.096464696				2.770523752E-05	0	99.99997229	47.40668255	52.59331745	0				-444.95606	0.508970734	NaN	
444.79606	88	5	7	1	0.508970734	93.6405045	5.263030799	1.096464696				2.770523752E-05	0	99.99997229	47.40668255	52.59331745	0				-444.79606	0.508970734	NaN	
444.63606	88	5	7	1	0.508970734	93.6405045	5.263030799	1.096464696				2.770523752E-05	0	99.99997229	47.40668255	52.59331745	0				-444.63606	0.508970734	NaN	
444.47606	88	5	7	1	0.508970734	93.6405045	5.263030799	1.096464696				2.770523752E-05	0	99.99997229	47.40668255	52.59331745	0				-444.47606	0.508970734	NaN	
444.31606	88	5	7	1	0.508970734	93.6405045	5.263030799	1.096464696				2.770523752E-05	0	99.99997229	47.40668255	52.59331745	0				-444.31606	0.508970734	NaN	
444.15606	88	5	7	1	0.508970734	93.6405045	5.263030799	1.096464696				2.770523752E-05	0	99.99997229	47.40668255	52.59331745	0				-444.15606	0.508970734	NaN	
443.99606	88	5	7	1	0.508970734	93.6405045	5.263030799	1.096464696				2.770523752E-05	0	99.99997229	47.40668255	52.59331745	0				-443.99606	0.508970734	NaN	
443.83606	88	5	7	1	0.508970734	93.6405045	5.263030799	1.096464696				2.770523752E-05	0	99.99997229	47.40668255	52.59331745	0				-443.83606	0.508970734	NaN	
443.67606	88	5	7	1	0.508970734	93.6405045	5.263030799	1.096464696				2.770523752E-05	0	99.99997229	47.40668255	52.59331745	0				-443.67606	0.508970734	NaN	
443.51606	88	5	7	1	0.508970734	93.6405045	5.263030799	1.096464696				2.770523752E-05	0	99.99997229	47.40668255	52.59331745	0				-443.51606	0.508970734	NaN	
443.35606	88	5	7	1	0.508970734	93.6405045	5.263030799	1.096464696				2.770523752E-05	0	99.99997229	47.40668255	52.59331745	0				-443.35606	0.508970734	NaN	
443.19606	88	5	7	1	0.508970734	93.6405045	5.263030799	1.096464696				2.770523752E-05	0	99.99997229	47.40668255	52.59331745	0				-443.19606	0.508970734	NaN	
443.03606	88	5	7	1	0.508970734	93.6405045	5.263030799	1.096464696				2.770523752E-05	0	99.99997229	47.40668255	52.59331745	0				-443.03606	0.508970734	NaN	
442.87606	88	5	7	1	0.508970734	93.6405045	5.263030799	1.096464696				2.770523752E-05	0	99.99997229	47.40668255	52.59331745	0				-442.87606	0.508970734	NaN	
442.71606	88	5	7	1	0.508970734	93.6405045	5.263030799	1.096464696				2.770523752E-05	0	99.99997229	47.40668255	52.59331745	0				-442.71606	0.508970734	NaN	
442.55606	88	5	7	1	0.508970734	93.6405045	5.263030799	1.096464696				2.770523752E-05	0	99.99997229	47.40668255	52.59331745	0				-442.55606	0.508970734	NaN	
442.39606	88	5	7	1	0.508970734	93.6405045	5.263030799	1.096464696				2.770523752E-05	0	99.99997229	47.40668255	52.59331745	0				-442.39606	0.508970734	NaN	
442.23606	88	5	7	1	0.508970734	93.6405045	5.263030799	1.096464696				2.770523752E-05	0	99.99997229	47.40668255	52.59331745	0				-442.23606	0.508970734	NaN	
442.07606	88	5	7	1	0.508970734	93.6405045	5.263030799	1.096464696				2.770523752E-05	0	99.99997229	47.40668255	52.59331745	0				-442.07606	0.508970734	NaN	
441.91606	88	5	7	1	0.508970734	93.6405045	5.263030799	1.096464696				2.770523752E-05	0	99.99997229	47.40668255	52.59331745	0				-441.91606	0.508970734	NaN	
441.75606	88	5	7	1	0.508970734	93.6405045	5.263030799	1.096464696				2.770523752E-05	0	99.99997229	47.40668255	52.59331745	0				-441.75606	0.508970734	NaN	
441.59606	88	5	7	1	0.508970734	93.6405045	5.263030799	1.096464696				2.770523752E-05	0	99.99997229	47.40668255	52.59331745	0				-441.59606	0.508970734	NaN	
441.43606	88	5	7	1	0.508970734	93.6405045	5.263030799	1.096464696				2.770523752E-05	0	99.99997229	47.40668255	52.59331745	0				-441.43606	0.508970734	NaN	
441.27606	88	5	7	1	0.508970734	93.6405045	5.263030799	1.096464696				2.770523752E-05	0	99.99997229	47.40668255	52.59331745	0				-441.27606	0.508970734	NaN	
441.11606	88	5	7	1	0.508970734	93.6405045	5.263030799	1.096464696				2.770523752E-05	0	99.99997229	47.40668255	52.59331745	0				-441.11606	0.508970734	NaN	
440.95606	88	5	7	1	0.508970734	93.6405045	5.263030799	1.096464696				2.770523752E-05	0	99.99997229	47.40668255	52.59331745	0				-440.95606	0.508970734	NaN	
440.79606	88	5	7	1	0.508970734	93.6405045	5.263030799	1.096464696				2.770523752E-05	0	99.99997229	47.40668255	52.59331745	0				-440.79606	0.508970734	NaN	
440.63606	88	5	7	1	0.508970734	93.6405045	5.263030799	1.096464696				2.770523752E-05	0	99.99997229	47.40668255	52.59331745	0				-440.63606	0.508970734	NaN	
440.47606	88	5	7	1	0.508970734	93.6405045	5.263030799	1.096464696				2.770523752E-05	0	99.99997229	47.40668255	52.59331745	0				-440.47606	0.508970734	NaN	
440.31606	88	5	7	1	0.508970734	93.6405045	5.263030799	1.096464696				2.770523752E-05	0	99.99997229	47.40668255	52.59331745	0				-440.31606	0.508970734	NaN	
440.15606	88	5	7	1	0.508970734	93.6405045	5.263030799	1.096464696				2.770523752E-05	0	99.99997229	47.40668255	52.59331745	0				-440.15606	0.508970734	NaN	
439.99606	88	5	7	1	0.508970734	93.6405045	5.263030799	1.096464696				2.770523752E-05	0	99.99997229	47.40668255	52.59331745	0				-439.99606	0.508970734	NaN	
439.83606	88	5	7	1	0.508970734	93.6405045	5.263030799	1.096464696				2.770523752E-05	0	99.99997229	47.40668255	52.59331745	0				-439.83606	0.508970734	NaN	
439.67606	88	5	7	1	0.508970734	93.6405045	5.263030799	1.096464696				2.770523752E-05	0	99.99997229	47.40668255	52.59331745	0				-439.67606	0.508970734	NaN	
439.51606	88	5	7	1	0.508970734	93.6405045	5.263030799	1.096464696				2.770523752E-05	0	99.99997229	47.40668255	52.59331745	0				-439.51606	0.508970734	NaN	
439.35606	88	5	7	1	0.508970734	93.6405045	5.263030799	1.096464696				2.770523752E-05	0	99.99997229	47.40668255	52.59331745	0				-439.35606	0.508970734	NaN	
439.19606	88	5	7	1	0.508970734	93.6405045	5.263030799	1.096464696				2.770523752E-05	0	99.99997229	47.40668255	52.59331745	0				-439.19606	0.508970734	NaN	
439.03606	88	5	7	1	0.508970734	93.6405045	5.263030799	1.096464696				2.770523752E-05	0	99.99997229	47.40668255	52.59331745	0				-439.03606	0.508970734	NaN	
438.87606	88	5	7	1	0.508970734	93.6405045	5.263030799	1.096464696				2.770523752E-05	0	99.99997229	47.40668255	52.59331745	0				-438.87606	0.508970734	NaN	
438.71606	88	5	7	1	0.508970734	93.6405045	5.263030799	1.096464696				2.770523752E-05	0	99.99997229	47.40668255	52.59331745	0				-438.71606	0.508970734	NaN	
438.55606	88	5	7	1	0.508970734	93.6405045	5.263030799	1.096464696				2.770523752E-05	0	99.99997229	47.40668255	52.59331745	0				-438.55606	0.508970734	NaN	
438.39606	88	5	7	1	0.508970734	93.6405045	5.263030799	1.096464696				2.770523752E-05	0	99.99997229	47.40668255	52.59331745	0				-438.39606	0.508970734	NaN	
438.23606	88	5	7	1	0.508970734	93.6405045	5.263030799	1.096464696				2.770523752E-05	0	99.99997229	47.40668255	52.59331745	0				-438.23606	0.508970734	NaN	
438.07606	88	5	7	1	0.508970734	93.6405045	5.263030799	1.096464696				2.770523752E-05	0	99.99997229	47.40668255	52.59331745	0				-438.07606	0.508970734	NaN	
437.91606	88	5	7	1	0.508970734	93.6405045	5.263030799	1.096464696				2.770523752E-05	0	99.99997229	47.40668255	52.59331745	0				-437.91606	0.508970734	NaN	
437.75606	88	5	7	1	0.508970734	93.6405045	5.263030799	1.096464696				2.770523752E-05	0	99.99997229	47.40668255	52.59331745	0				-437.75606	0.508970734	NaN	
437.59606	88	5	7	1	0.508970734	93.6405045	5.263030799	1.096464696				2.770523752E-05	0	99.99997229	47.40668255	52.59331745	0				-437.59606	0.508970734	NaN	
437.43606	88	5	7	1	0.508970734	93.6405045	5.263030799	1.096464696				2.770523752E-05	0	99.99997229	47.40668255	52.59331745	0				-437.43606	0.508970734	NaN	
437.27606	88	5	7	1	0.508970734	93.6405045	5.263030799	1.096464696				2.770523752E-05	0	99.99997229	47.40668255	52.59331745	0				-437.27606	0.508970734	NaN	
437.11606	88	5	7	1	0.508970734	93.6405045	5.263030799	1.096464696				2.770523752E-05	0	99.99997229	47.40668255	52.59331745	0				-437.11606	0.508970734	NaN	
436.95606	88	5	7	1	0.508970734	93.6405045	5.263030799	1.096464696				2.770523752E-05	0	99.99997229	47.40668255	52.59331745	0				-436.95606	0.508970734	NaN	
436.79606	88	5	7	1	0.508970734	93.6405045	5.263030799	1.096464696				2.770523752E-05	0	99.99997229	47.40668255	52.59331745	0				-436.79606	0.508970734	NaN	
436.63606	88	5	7	1	0.508970734	93.6405045	5.263030799	1.096464696				2.770523752E-05	0	99.99997229	47.40668255	52.59331745	0				-436.63606	0.508970734	NaN	
436.47606	88	5	7	1	0.508970734	93.6405045	5.263030799	1.096464696				2.770523752E-05	0	99.99997229	47.40668255	52.59331745	0				-436.47606	0.508970734	NaN	
436.31606	88	5	7	1	0.508970734	93.6405045	5.263030799	1.096464696				2.770523752E-05	0	99.99997229	47.40668255	52.59331745	0				-436.31606	0.508970734	NaN	
436.15606	88	5	7	1	0.508970734	93.6405045	5.263030799	1.096464696				2.770523752E-05	0	99.99997229	47.40668255	52.59331745	0				-436.15606	0.508970734	NaN	
435.99606	88	5	7	1	0.508970734	93.6405045	5.263030799	1.096464696				2.770523752E-05	0	99.99997229	47.40668255	52.59331745	0				-435.99606	0.508970734	NaN	
435.83606	88	5	7	1	0.508970734	93.6405045	5.263030799	1.096464696				2.770523752E-05	0	99.99997229	47.40668255	52.59331745	0				-435.83606	0.508970734	NaN	
435.67606	88	5	7	1	0.508970734	93.6405045	5.263030799	1.096464696				2.770523752E-05	0	99.99997229	47.40668255	52.59331745	0				-435.67606	0.508970734	NaN	
435.51606	88	5	7	1	0.508970734	93.6405045	5.263030799	1.096464696				2.770523752E-05	0	99.99997229	47.40668255	52.59331745	0				-435.51606	0.508970734	NaN	
435.35606	88	5	7	1	0.508970734	93.6405045	5.263030799	1.096464696				2.770523752E-05	0	99.99997229	47.40668255	52.59331745	0				-435.35606	0.508970734	NaN	
435.19606	88	5	7	1	0.508970734	93.6405045	5.263030799	1.096464696				2.770523752E-05	0	99.99997229	47.40668255	52.59331745	0				-435.19606	0.508970734	NaN	
435.03606	88	5	7	1	0.508970734	93.6405045	5.263030799	1.096464696				2.770523752E-05	0	99.99997229	47.40668255	52.59331745	0				-435.03606	0.508970734	NaN	
434.87606	88	5	7	1	0.508970734	93.6405045	5.263030799	1.096464696				2.770523752E-05	0	99.99997229	47.40668255	52.59331745	0				-434.87606	0.508970734	NaN	
434.71606	88	5	7	1	0.508970734	93.6405045	5.263030799	1.096464696				2.770523752E-05	0	99.99997229	47.40668255	52.59331745	0				-434.71606	0.508970734	NaN	
434.55606	88	5	7	1	0.508970734	93.6405045	5.263030799	1.096464696				2.770523752E-05	0	99.99997229	47.40668255	52.59331745	0				-434.55606	0.508970734	NaN	
434.39606	88	5	7	1	0.508970734	93.6405045	5.263030799	1.096464696				2.770523752E-05	0	99.99997229	47.40668255	52.59331745	0				-434.39606	0.508970734	NaN	
434.23606	88	5	7	1	0.508970734	93.6405045	5.263030799	1.096464696				2.770523752E-05	0	99.99997229	47.40668255	52.59331745	0				-434.23606	0.508970734	NaN	
434.07606	88	5	7	1	0.508970734	93.6405045	5.263030799	1.096464696				2.770523752E-05	0	99.99997229	47.40668255	52.59331745	0				-434.07606	0.508970734	NaN	
433.91606	88	5	7	1	0.508970734	93.6405045	5.263030799	1.096464696				2.770523752E-05	0	99.99997229	47.40668255	52.59331745	0				-433.91606	0.508970734	NaN	
433.75606	88	5	7	1	0.508970734	93.6405045	5.263030799	1.096464696				2.770523752E-05	0	99.99997229	47.40668255	52.59331745	0				-433.75606	0.508970734	NaN	
433.59606	88	5	7	1	0.508970734	93.6405045	5.263030799	1.096464696				2.770523752E-05	0	99.99997229	47.40668255	52.59331745	0				-433.59606	0.508970734	NaN	
433.43606	88	5	7	1	0.508970734	93.6405045	5.263030799	1.096464696				2.770523752E-05	0	99.99997229	47.40668255	52.59331745	0				-433.43606	0.508970734	NaN	
433.27606	88	5	7	1	0.508970734	93.6405045	5.263030799	1.096464696				2.770523752E-05	0	99.99997229	47.40668255	52.59331745	0				-433.27606	0.508970734	NaN	
433.11606	88	5	7	1	0.508970734	93.6405045	5.263030799	1.096464696				2.770523752E-05	0	99.99997229	47.40668255	52.59331745	0				-433.11606	0.508970734	NaN	
432.95606	88	5	7	1	0.508970734	93.6405045	5.263030799	1.096464696				2.770523752E-05	0	99.99997229	47.40668255	52.59331745	0				-432.95606	0.508970734	NaN	
432.79606	88	5	7	1	0.508970734	93.6405045	5.263030799	1.096464696				2.770523752E-05	0	99.99997229	47.40668255	52.59331745	0				-432.79606	0.508970734	NaN	
432.63606	88	5	7	1	0.508970734	93.6405045	5.263030799	1.096464696				2.770523752E-05	0	99.99997229	47.40668255	52.59331745	0				-432.63606	0.508970734	NaN	
432.47606	88	5	7	1	0.508970734	93.6405045	5.263030799	1.096464696				2.770523752E-05	0	99.99997229	47.40668255	52.59331745	0				-432.47606	0.508970734	NaN	
432.31606	88	5	7	1	0.508970734	93.6405045	5.263030799	1.096464696				2.770523752E-05	0	99.99997229	47.40668255	52.59331745	0				-432.31606	0.508970734	NaN	
432.15606	88	5	7	1	0.508970734	93.6405045	5.263030799	1.096464696				2.770523752E-05	0	99.99997229	47.40668255	52.59331745	0				-432.15606	0.508970734	NaN	
431.99606	88	5	7	1	0.508970734	93.6405045	5.263030799	1.096464696				2.770523752E-05	0	99.99997229	47.40668255	52.59331745	0				-431.99606	0.508970734	NaN	
431.83606	88	5	7	1	0.508970734	93.6405045	5.263030799	1.096464696				2.770523752E-05	0	99.99997229	47.40668255	52.59331745	0				-431.83606	0.508970734	NaN	
431.67606	88	5	7	1	0.508970734	93.6405045	5.263030799	1.096464696				2.770523752E-05	0	99.99997229	47.40668255	52.59331745	0				-431.67606	0.508970734	NaN	
431.51606	88	5	7	1	0.508970734	93.6405045	5.263030799	1.096464696				2.770523752E-05	0	99.99997229	47.40668255	52.59331745	0				-431.51606	0.508970734	NaN	
431.35606	88	5	7	1	0.508970734	93.6405045	5.263030799	1.096464696				2.770523752E-05	0	99.99997229	47.40668255	52.59331745	0				-431.35606	0.508970734	NaN	
431.19606	88	5	7	1	0.508970734	93.6405045	5.263030799	1.096464696				2.770523752E-05	0	99.99997229	47.40668255	52.59331745	0				-431.19606	0.508970734	NaN	
431.03606	88	5	7	1	0.508970734	93.6405045	5.263030799	1.096464696				2.770523752E-05	0	99.99997229	47.40668255	52.59331745	0				-431.03606	0.508970734	NaN	
430.87606	88	5	7	1	0.508970734	93.6405045	5.263030799	1.096464696				2.770523752E-05	0	99.99997229	47.40668255	52.59331745	0				-430.87606	0.508970734	NaN	
430.71606	88	5	7	1	0.508970734	93.6405045	5.263030799	1.096464696				2.770523752E-05	0	99.99997229	47.40668255	52.59331745	0				-430.71606	0.508970734	NaN	
430.55606	88	5	7	1	0.508970734	93.6405045	5.263030799	1.096464696				2.770523752E-05	0	99.99997229	47.40668255	52.59331745	0				-430.55606	0.508970734	NaN	
430.39606	88	5	7	1	0.508970734	93.6405045	5.263030799	1.096464696				2.770523752E-05	0	99.99997229	47.40668255	52.59331745	0				-430.39606	0.508970734	NaN	
430.23606	88	5	7	1	0.508970734	93.6405045	5.263030799	1.096464696				2.770523752E-05	0	99.99997229	47.40668255	52.59331745	0				-430.23606	0.508970734	NaN	
430.07606	88	5	7	1	0.508970734	93.6405045	5.263030799	1.096464696				2.770523752E-05	0	99.99997229	47.40668255	52.59331745	0				-430.07606	0.508970734	NaN	
429.91606	88	5	7	1	0.508970734	93.6405045	5.263030799	1.096464696				2.770523752E-05	0	99.99997229	47.40668255	52.59331745	0				-429.91606	0.508970734	NaN	
429.75606	88	5	7	1	0.508970734	93.6405045	5.263030799	1.096464696				2.770523752E-05	0	99.99997229	47.40668255	52.59331745	0				-429.75606	0.508970734	NaN	
429.59606	88	5	7	1	0.508970734	93.6405045	5.263030799	1.096464696				2.770523752E-05	0	99.99997229	47.40668255	52.59331745	0				-429.59606	0.508970734	NaN	
429.43606	88	5	7	1	0.508970734	93.6405045	5.263030799	1.096464696				2.770523752E-05	0	99.99997229	47.40668255	52.59331745	0				-429.43606	0.508970734	NaN	
429.27606	88	5	7	1	0.508970734	93.6405045	5.263030799	1.096464696				2.770523752E-05	0	99.99997229	47.40668255	52.59331745	0				-429.27606	0.508970734	NaN	
429.11606	88	5	7	1	0.508970734	93.6405045	5.263030799	1.096464696				2.770523752E-05	0	99.99997229	47.40668255	52.59331745	0				-429.11606	0.508970734	NaN	
428.95606	88	5	7	1	0.508970734	93.6405045	5.263030799	1.096464696				2.770523752E-05	0	99.99997229	47.40668255	52.59331745	0				-428.95606	0.508970734	NaN	
428.79606	88	5	7	1	0.508970734	93.6405045	5.263030799	1.096464696				2.770523752E-05	0	99.99997229	47.40668255	52.59331745	0				-428.79606	0.508970734	NaN	
428.63606	88	5	7	1	0.508970734	93.6405045	5.263030799	1.096464696				2.770523752E-05	0	99.99997229	47.40668255	52.59331745	0				-428.63606	0.508970734	NaN	
428.47606	88	5	7	1	0.508970734	93.6405045	5.263030799	1.096464696				2.770523752E-05	0	99.99997229	47.40668255	52.59331745	0				-428.47606	0.508970734	NaN	
428.31606	88	5	7	1	0.508970734	93.6405045	5.263030799	1.096464696				2.770523752E-05	0	99.99997229	47.40668255	52.59331745	0				-428.31606	0.508970734	NaN	
428.15606	88	5	7	1	0.508970734	93.6405045	5.263030799	1.096464696				2.770523752E-05	0	99.99997229	47.40668255	52.59331745	0				-428.15606	0.508970734	NaN	
427.99606	88	5	7	1	0.508970734	93.6405045	5.263030799	1.096464696				2.770523752E-05	0	99.99997229	47.40668255	52.59331745	0				-427.99606	0.508970734	NaN	
427.83606	88	5	7	1	0.508970734	93.6405045	5.263030799	1.096464696				2.770523752E-05	0	99.99997229	47.40668255	52.59331745	0				-427.83606	0.508970734	NaN	
427.67606	88	5	7	1	0.508970734	93.6405045	5.263030799	1.096464696				2.770523752E-05	0	99.99997229	47.40668255	52.59331745	0				-427.67606	0.508970734	NaN	
427.51606	88	5	7	1	0.508970734	93.6405045	5.263030799	1.096464696				2.770523752E-05	0	99.99997229	47.40668255	52.59331745	0				-427.51606	0.508970734	NaN	
427.35606	88	5	7	1	0.508970734	93.6405045	5.263030799	1.096464696				2.770523752E-05	0	99.99997229	47.40668255	52.59331745	0				-427.35606	0.508970734	NaN	
427.19606	88	5	7	1	0.508970734	93.6405045	5.263030799	1.096464696				2.770523752E-05	0	99.99997229	47.40668255	52.59331745	0				-427.19606	0.508970734	NaN	
427.03606	88	5	7	1	0.508970734	93.6405045	5.263030799	1.096464696				2.770523752E-05	0	99.99997229	47.40668255	52.59331745	0				-427.03606	0.508970734	NaN	
426.87606	88	5	7	1	0.508970734	93.6405045	5.263030799	1.096464696				2.770523752E-05	0	99.99997229	47.40668255	52.59331745	0				-426.87606	0.508970734	NaN	
426.71606	88	5	7	1	0.508970734	93.6405045	5.263030799	1.096464696				2.770523752E-05	0	99.99997229	47.40668255	52.59331745	0				-426.71606	0.508970734	NaN	
426.55606	88	5	7	1	0.508970734	93.6405045	5.263030799	1.096464696				2.770523752E-05	0	99.99997229	47.40668255	52.59331745	0				-426.55606	0.508970734	NaN	
426.39606	88	5	7	1	0.508970734	93.6405045	5.263030799	1.096464696				2.770523752E-05	0	99.99997229	47.40668255	52.59331745	0				-426.39606	0.508970734	NaN	
426.23606	88	5	7	1	0.508970734	93.6405045	5.263030799	1.096464696				2.770523752E-05	0	99.99997229	47.40668255	52.59331745	0				-426.23606	0.508970734	NaN	
426.07606	88	5	7	1	0.508970734	93.6405045	5.263030799	1.096464696				2.770523752E-05	0	99.99997229	47.40668255	52.59331745	0				-426.07606	0.508970734	NaN	
425.91606	88	5	7	1	0.508970734	93.6405045	5.263030799	1.096464696				2.770523752E-05	0	99.99997229	47.40668255	52.59331745	0				-425.91606	0.508970734	NaN	
425.75606	88	5	7	1	0.508970734	93.6405045	5.263030799	1.096464696				2.770523752E-05	0	99.99997229	47.40668255	52.59331745	0				-425.75606	0.508970734	NaN	
425.59606	88	5	7	1	0.508970734	93.6405045	5.263030799	1.096464696				2.770523752E-05	0	99.99997229	47.40668255	52.59331745	0				-425.59606	0.508970734	NaN	
425.43606	88	5	7	1	0.508970734	93.6405045	5.263030799	1.096464696				2.770523752E-05	0	99.99997229	47.40668255	52.59331745	0				-425.43606	0.508970734	NaN	
425.27606	88	5	7	1	0.508970734	93.6405045	5.263030799	1.096464696				2.770523752E-05	0	99.99997229	47.40668255	52.59331745	0				-425.27606	0.508970734	NaN	
425.11606	88	5	7	1	0.508970734	93.6405045	5.263030799	1.096464696				2.770523752E-05	0	99.99997229	47.40668255	52.59331745	0				-425.11606	0.508970734	NaN	
424.95606	88	5	7	1	0.508970734	93.6405045	5.263030799	1.096464696				2.770523752E-05	0	99.99997229	47.40668255	52.59331745	0				-424.95606	0.508970734	NaN	
424.79606	88	5	7	1	0.508970734	93.6405045	5.263030799	1.096464696				2.770523752E-05	0	99.99997229	47.40668255	52.59331745	0				-424.79606	0.508970734	NaN	
424.63606	88	5	7	1	0.508970734	93.6405045	5.263030799	1.096464696				2.770523752E-05	0	99.99997229	47.40668255	52.59331745	0				-424.63606	0.508970734	NaN	
424.47606	88	5	7	1	0.508970734	93.6405045	5.263030799	1.096464696				2.770523752E-05	0	99.99997229	47.40668255	52.59331745	0				-424.47606	0.508970734	NaN	
424.31606	88	5	7	1	0.508970734	93.6405045	5.263030799	1.096464696				2.770523752E-05	0	99.99997229	47.40668255	52.59331745	0				-424.31606	0.508970734	NaN	
424.15606	88	5	7	1	0.508970734	93.6405045	5.263030799	1.096464696				2.770523752E-05	0	99.99997229	47.40668255	52.59331745	0				-424.15606	0.508970734	NaN	
423.99606	88	5	7	1	0.508970734	93.6405045	5.263030799	1.096464696				2.770523752E-05	0	99.99997229	47.40668255	52.59331745	0				-423.99606	0.508970734	NaN	
423.83606	88	5	7	1	0.508970734	93.6405045	5.263030799	1.096464696				2.770523752E-05	0	99.99997229	47.40668255	52.59331745	0				-423.83606	0.508970734	NaN	
423.67606	88	5	7	1	0.508970734	93.6405045	5.263030799	1.096464696				2.770523752E-05	0	99.99997229	47.40668255	52.59331745	0				-423.67606	0.508970734	NaN	
423.51606	88	5	7	1	0.508970734	93.6405045	5.263030799	1.096464696				2.770523752E-05	0	99.99997229	47.40668255	52.59331745	0				-423.51606	0.508970734	NaN	
423.35606	88	5	7	1	0.508970734	93.6405045	5.263030799	1.096464696				2.770523752E-05	0	99.99997229	47.40668255	52.59331745	0				-423.35606	0.508970734	NaN	
423.19606	88	5	7	1	0.508970734	93.6405045	5.263030799	1.096464696				2.770523752E-05	0	99.99997229	47.40668255	52.59331745	0				-423.19606	0.508970734	NaN	
423.03606	88	5	7	1	0.508970734	93.6405045	5.263030799	1.096464696				2.770523752E-05	0	99.99997229	47.40668255	52.59331745	0				-423.03606	0.508970734	NaN	
422.87606	88	5	7	1	0.508970734	93.6405045	5.263030799	1.096464696				2.770523752E-05	0	99.99997229	47.40668255	52.59331745	0				-422.87606	0.508970734	NaN	
422.71606	88	5	7	1	0.508970734	93.6405045	5.263030799	1.096464696				2.770523752E-05	0	99.99997229	47.40668255	52.59331745	0				-422.71606	0.508970734	NaN	
422.55606	88	5	7	1	0.508970734	93.6405045	5.263030799	1.096464696				2.770523752E-05	0	99.99997229	47.40668255	52.59331745	0				-422.55606	0.508970734	NaN	
422.39606	88	5	7	1	0.508970734	93.6405045	5.263030799	1.096464696				2.770523752E-05	0	99.99997229	47.40668255	52.59331745	0				-422.39606	0.508970734	NaN	
422.23606	88	5	7	1	0.508970734	93.6405045	5.263030799	1.096464696				2.770523752E-05	0	99.99997229	47.40668255	52.59331745	0				-422.23606	0.508970734	NaN	
422.07606	88	5	7	1	0.508970734	93.6405045	5.263030799	1.096464696				2.770523752E-05	0	99.99997229	47.40668255	52.59331745	0				-422.07606	0.508970734	NaN	
421.91606	88	5	7	1	0.508970734	93.6405045	5.263030799	1.096464696				2.770523752E-05	0	99.99997229	47.40668255	52.59331745	0				-421.91606	0.508970734	NaN	
421.75606	88	5	7	1	0.508970734	93.6405045	5.263030799	1.096464696				2.770523752E-05	0	99.99997229	47.40668255	52.59331745	0				-421.75606	0.508970734	NaN	
421.59606	88	5	7	1	0.508970734	93.6405045	5.263030799	1.096464696				2.770523752E-05	0	99.99997229	47.40668255	52.59331745	0				-421.59606	0.508970734	NaN	
421.43606	88	5	7	1	0.508970734	93.6405045	5.263030799	1.096464696				2.770523752E-05	0	99.99997229	47.40668255	52.59331745	0				-421.43606	0.508970734	NaN	
421.27606	88	5	7	1	0.508970734	93.6405045	5.263030799	1.096464696				2.770523752E-05	0	99.99997229	47.40668255	52.59331745	0				-421.27606	0.508970734	NaN	
421.11606	88	5	7	1	0.508970734	93.6405045	5.263030799	1.096464696				2.770523752E-05	0	99.99997229	47.40668255	52.59331745	0				-421.11606	0.508970734	NaN	
420.95606	88	5	7	1	0.508970734	93.6405045	5.263030799	1.096464696				2.770523752E-05	0	99.99997229	47.40668255	52.59331745	0				-420.95606	0.508970734	NaN	
420.79606	88	5	7	1	0.508970734	93.6405045	5.263030799	1.096464696				2.770523752E-05	0	99.99997229	47.40668255	52.59331745	0				-420.79606	0.508970734	NaN	
420.63606	88	5	7	1	0.508970734	93.6405045	5.263030799	1.096464696				2.770523752E-05	0	99.99997229	47.40668255	52.59331745	0				-420.63606	0.508970734	NaN	
420.47606	88	5	7	1	0.508970734	93.6405045	5.263030799	1.096464696				2.770523752E-05	0	99.99997229	47.40668255	52.59331745	0				-420.47606	0.508970734	NaN	
420.31606	88	5	7	1	0.508970734	93.6405045	5.263030799	1.096464696				2.770523752E-05	0	99.99997229	47.40668255	52.59331745	0				-420.31606	0.508970734	NaN	
420.15606	88	5	7	1	0.508970734	93.6405045	5.263030799	1.096464696				2.770523752E-05	0	99.99997229	47.40668255	52.59331745	0				-420.15606	0.508970734	NaN	
419.99606	88	5	7	1	0.508970734	93.6405045	5.263030799	1.096464696				2.770523752E-05	0	99.99997229	47.40668255	52.59331745	0				-419.99606	0.508970734	NaN	
419.83606	88	5	7	1	0.508970734	93.6405045	5.263030799	1.096464696				2.770523752E-05	0	99.99997229	47.40668255	52.59331745	0				-419.83606	0.508970734	NaN	
419.67606	88	5	7	1	0.508970734	93.6405045	5.263030799	1.096464696				2.770523752E-05	0	99.99997229	47.40668255	52.59331745	0				-419.67606	0.508970734	NaN	
419.51606	88	5	7	1	0.508970734	93.6405045	5.263030799	1.096464696				2.770523752E-05	0	99.99997229	47.40668255	52.59331745	0				-419.51606	0.508970734	NaN	
419.35606	88	5	7	1	0.508970734	93.6405045	5.263030799	1.096464696				2.770523752E-05	0	99.99997229	47.40668255	52.59331745	0				-419.35606	0.508970734	NaN	
419.19606	88	5	7	1	0.508970734	93.6405045	5.263030799	1.096464696				2.770523752E-05	0	99.99997229	47.40668255	52.59331745	0				-419.19606	0.508970734	NaN	
419.03606	88	5	7	1	0.508970734	93.6405045	5.263030799	1.096464696				2.770523752E-05	0	99.99997229	47.40668255	52.59331745	0				-419.03606	0.508970734	NaN	
418.87606	88	5	7	1	0.508970734	93.6405045	5.263030799	1.096464696				2.770523752E-05	0	99.99997229	47.40668255	52.59331745	0				-418.87606	0.508970734	NaN	
418.71606	88	5	7	1	0.508970734	93.6405045	5.263030799	1.096464696				2.770523752E-05	0	99.99997229	47.40668255	52.59331745	0				-418.71606	0.508970734	NaN	
418.55606	88	5	7	1	0.508970734	93.6405045	5.263030799	1.096464696				2.770523752E-05	0	99.99997229	47.40668255	52.59331745	0				-418.55606	0.508970734	NaN	
418.39606	88	5	7	1	0.508970734	93.6405045	5.263030799	1.096464696				2.770523752E-05	0	99.99997229	47.40668255	52.59331745	0				-418.39606	0.508970734	NaN	
418.23606	88	5	7	1	0.508970734	93.6405045	5.263030799	1.096464696				2.770523752E-05	0	99.99997229	47.40668255	52.59331745	0				-418.23606	0.508970734	NaN	
418.07606	88	5	7	1	0.508970734	93.6405045	5.263030799	1.096464696				2.770523752E-05	0	99.99997229	47.40668255	52.59331745	0				-418.07606	0.508970734	NaN	
417.91606	88	5	7	1	0.508970734	93.6405045	5.263030799	1.096464696				2.770523752E-05	0	99.99997229	47.40668255	52.59331745	0				-417.91606	0.508970734	NaN	
417.75606	88	5	7	1	0.508970734	93.6405045	5.263030799	1.096464696				2.770523752E-05	0	99.99997229	47.40668255	52.59331745	0				-417.75606	0.508970734	NaN	
417.59606	88	5	7	1	0.508970734	93.6405045	5.263030799	1.096464696				2.770523752E-05	0	99.99997229	47.40668255	52.59331745	0				-417.59606	0.508970734	NaN	
417.43606	88	5	7	1	0.508970734	93.6405045	5.263030799	1.096464696				2.770523752E-05	0	99.99997229	47.40668255	52.59331745	0				-417.43606	0.508970734	NaN	
417.27606	88	5	7	1	0.508970734	93.6405045	5.263030799	1.096464696				2.770523752E-05	0	99.99997229	47.40668255	52.59331745	0				-417.27606	0.508970734	NaN	
417.11606	88	5	7	1	0.508970734	93.6405045	5.263030799	1.096464696				2.770523752E-05	0	99.99997229	47.40668255	52.59331745	0				-417.11606	0.508970734	NaN	
416.95606	88	5	7	1	0.508970734	93.6405045	5.263030799	1.096464696				2.770523752E-05	0	99.99997229	47.40668255	52.59331745	0				-416.95606	0.508970734	NaN	
416.79606	88	5	7	1	0.508970734	93.6405045	5.263030799	1.096464696				2.770523752E-05	0	99.99997229	47.40668255	52.59331745	0				-416.79606	0.508970734	NaN	
416.63606	88	5	7	1	0.508970734	93.6405045	5.263030799	1.096464696				2.770523752E-05	0	99.99997229	47.40668255	52.59331745	0				-416.63606	0.508970734	NaN	
416.47606	88	5	7	1	0.508970734	93.6405045	5.263030799	1.096464696				2.770523752E-05	0	99.99997229	47.40668255	52.59331745	0				-416.47606	0.508970734	NaN	
416.31606	88	5	7	1	0.508970734	93.6405045	5.263030799	1.096464696				2.770523752E-05	0	99.99997229	47.40668255	52.59331745	0				-416.31606	0.508970734	NaN	
416.15606	88	5	7	1	0.508970734	93.6405045	5.263030799	1.096464696				2.770523752E-05	0	99.99997229	47.40668255	52.59331745	0				-416.15606	0.508970734	NaN	
415.99606	88	5	7	1	0.508970734	93.6405045	5.263030799	1.096464696				2.770523752E-05	0	99.99997229	47.40668255	52.59331745	0				-415.99606	0.508970734	NaN	
415.83606	88	5	7	1	0.508970734	93.6405045	5.263030799	1.096464696				2.770523752E-05	0	99.99997229	47.40668255	52.59331745	0				-415.83606	0.508970734	NaN	
415.67606	88	5	7	1	0.508970734	93.6405045	5.263030799	1.096464696				2.770523752E-05	0	99.99997229	47.40668255	52.59331745	0				-415.67606	0.508970734	NaN	
415.51606	88	5	7	1	0.508970734	93.6405045	5.263030799	1.096464696				2.770523752E-05	0	99.99997229	47.40668255	52.59331745	0				-415.51606	0.508970734	NaN	
415.35606	88	5	7	1	0.508970734	93.6405045	5.263030799	1.096464696				2.770523752E-05	0	99.99997229	47.40668255	52.59331745	0				-415.35606	0.508970734	NaN	
415.19606	88	5	7	1	0.508970734	93.6405045	5.263030799	1.096464696				2.770523752E-05	0	99.99997229	47.40668255	52.59331745	0				-415.19606	0.508970734	NaN	
415.03606	88	5	7	1	0.508970734	93.6405045	5.263030799	1.096464696				2.770523752E-05	0	99.99997229	47.40668255	52.59331745	0				-415.03606	0.508970734	NaN	
414.87606	88	5	7	1	0.508970734	93.6405045	5.263030799	1.096464696				2.770523752E-05	0	99.99997229	47.40668255	52.59331745	0				-414.87606	0.508970734	NaN	
414.71606	88	5	7	1	0.508970734	93.6405045	5.263030799	1.096464696				2.770523752E-05	0	99.99997229	47.40668255	52.59331745	0				-414.71606	0.508970734	NaN	
414.55606	88	5	7	1	0.508970734	93.6405045	5.263030799	1.096464696				2.770523752E-05	0	99.99997229	47.40668255	52.59331745	0				-414.55606	0.508970734	NaN	
414.39606	88	5	7	1	0.508970734	93.6405045	5.263030799	1.096464696				2.770523752E-05	0	99.99997229	47.40668255	52.59331745	0				-414.39606	0.508970734	NaN	
414.23606	88	5	7	1	0.508970734	93.6405045	5.263030799	1.096464696				2.770523752E-05	0	99.99997229	47.40668255	52.59331745	0				-414.23606	0.508970734	NaN	
414.07606	88	5	7	1	0.508970734	93.6405045	5.263030799	1.096464696				2.770523752E-05	0	99.99997229	47.40668255	52.59331745	0				-414.07606	0.508970734	NaN	
413.91606	88	5	7	1	0.508970734	93.6405045	5.263030799	1.096464696				2.770523752E-05	0	99.99997229	47.40668255	52.59331745	0				-413.91606	0.508970734	NaN	
413.75606	88	5	7	1	0.508970734	93.6405045	5.263030799	1.096464696				2.770523752E-05	0	99.99997229	47.40668255	52.59331745	0				-413.75606	0.508970734	NaN	
413.59606	88	5	7	1	0.508970734	93.6405045	5.263030799	1.096464696				2.770523752E-05	0	99.99997229	47.40668255	52.59331745	0				-413.59606	0.508970734	NaN	
413.43606	88	5	7	1	0.508970734	93.6405045	5.263030799	1.096464696				2.770523752E-05	0	99.99997229	47.40668255	52.59331745	0				-413.43606	0.508970734	NaN	
413.27606	88	5	7	1	0.508970734	93.6405045	5.263030799	1.096464696				2.770523752E-05	0	99.99997229	47.40668255	52.59331745	0				-413.27606	0.508970734	NaN	
413.11606	88	5	7	1	0.508970734	93.6405045	5.263030799	1.096464696				2.770523752E-05	0	99.99997229	47.40668255	52.59331745	0				-413.11606	0.508970734	NaN	
412.95606	88	5	7	1	0.508970734	93.6405045	5.263030799	1.096464696				2.770523752E-05	0	99.99997229	47.40668255	52.59331745	0				-412.95606	0.508970734	NaN	
412.79606	88	5	7	1	0.508970734	93.6405045	5.263030799	1.096464696				2.770523752E-05	0	99.99997229	47.40668255	52.59331745	0				-412.79606	0.508970734	NaN	
412.63606	88	5	7	1	0.508970734	93.6405045	5.263030799	1.096464696				2.770523752E-05	0	99.99997229	47.40668255	52.59331745	0				-412.63606	0.508970734	NaN	
412.47606	88	5	7	1	0.508970734	93.6405045	5.263030799	1.096464696				2.770523752E-05	0	99.99997229	47.40668255	52.59331745	0				-412.47606	0.508970734	NaN	
412.31606	88	5	7	1	0.508970734	93.6405045	5.263030799	1.096464696				2.770523752E-05	0	99.99997229	47.40668255	52.59331745	0				-412.31606	0.508970734	NaN	
412.15606	88	5	7	1	0.508970734	93.6405045	5.263030799	1.096464696				2.770523752E-05	0	99.99997229	47.40668255	52.59331745	0				-412.15606	0.508970734	NaN	
411.99606	88	5	7	1	0.508970734	93.6405045	5.263030799	1.096464696				2.770523752E-05	0	99.99997229	47.40668255	52.59331745	0				-411.99606	0.508970734	NaN	
411.83606	88	5	7	1	0.508970734	93.6405045	5.263030799	1.096464696				2.770523752E-05	0	99.99997229	47.40668255	52.59331745	0				-411.83606	0.508970734	NaN	
411.67606	88	5	7	1	0.508970734	93.6405045	5.263030799	1.096464696				2.770523752E-05	0	99.99997229	47.40668255	52.59331745	0				-411.67606	0.508970734	NaN	
411.51606	88	5	7	1	0.508970734	93.6405045	5.263030799	1.096464696				2.770523752E-05	0	99.99997229	47.40668255	52.59331745	0				-411.51606	0.508970734	NaN	
411.35606	88	5	7	1	0.508970734	93.6405045	5.263030799	1.096464696				2.770523752E-05	0	99.99997229	47.40668255	52.59331745	0				-411.35606	0.508970734	NaN	
411.19606	88	5	7	1	0.508970734	93.6405045	5.263030799	1.096464696				2.770523752E-05	0	99.99997229	47.40668255	52.59331745	0				-411.19606	0.508970734	NaN	
411.03606	88	5	7	1	0.508970734	93.6405045	5.263030799	1.096464696				2.770523752E-05	0	99.99997229	47.40668255	52.59331745	0				-411.03606	0.508970734	NaN	
410.87606	88	5	7	1	0.508970734	93.6405045	5.263030799	1.096464696				2.770523752E-05	0	99.99997229	47.40668255	52.59331745	0				-410.87606	0.508970734	NaN	
410.71606	88	5	7	1	0.508970734	93.6405045	5.263030799	1.096464696				2.770523752E-05	0	99.99997229	47.40668255	52.59331745	0				-410.71606	0.508970734	NaN	
410.55606	88	5	7	1	0.508970734	93.6405045	5.263030799	1.096464696				2.770523752E-05	0	99.99997229	47.40668255	52.59331745	0				-410.55606	0.508970734	NaN	
410.39606	88	5	7	1	0.508970734	93.6405045	5.263030799	1.096464696				2.770523752E-05	0	99.99997229	47.40668255	52.59331745	0				-410.39606	0.508970734	NaN	
410.23606	88	5	7	1	0.508970734	93.6405045	5.263030799	1.096464696				2.770523752E-05	0	99.99997229	47.40668255	52.59331745	0				-410.23606	0.508970734	NaN	
410.07606	88	5	7	1	0.508970734	93.6405045	5.263030799	1.096464696				2.770523752E-05	0	99.99997229	47.40668255	52.59331745	0				-410.07606	0.508970734	NaN	
409.91606	88	5	7	1	0.508970734	93.6405045	5.263030799	1.096464696				2.770523752E-05	0	99.99997229	47.40668255	52.59331745	0				-409.91606	0.508970734	NaN	
409.75606	88	5	7	1	0.508970734	93.6405045	5.263030799	1.096464696				2.770523752E-05	0	99.99997229	47.40668255	52.59331745	0				-409.75606	0.508970734	NaN	
409.59606	88	5	7	1	0.508970734	93.6405045	5.263030799	1.096464696				2.770523752E-05	0	99.99997229	47.40668255	52.59331745	0				-409.59606	0.508970734	NaN	
409.43606	88	5	7	1	0.508970734	93.6405045	5.263030799	1.096464696				2.770523752E-05	0	99.99997229	47.40668255	52.59331745	0				-409.43606	0.508970734	NaN	
409.27606	88	5	7	1	0.508970734	93.6405045	5.263030799	1.096464696				2.770523752E-05	0	99.99997229	47.40668255	52.59331745	0				-409.27606	0.508970734	NaN	
409.11606	88	5	7	1	0.508970734	93.6405045	5.263030799	1.096464696				2.770523752E-05	0	99.99997229	47.40668255	52.59331745	0				-409.11606	0.508970734	NaN	
408.95606	88	5	7	1	0.508970734	93.6405045	5.263030799	1.096464696				2.770523752E-05	0	99.99997229	47.40668255	52.59331745	0				-408.95606	0.508970734	NaN	
408.79606	88	5	7	1	0.508970734	93.6405045	5.263030799	1.096464696				2.770523752E-05	0	99.99997229	47.40668255	52.59331745	0				-408.79606	0.508970734	NaN	
408.63606	88	5	7	1	0.508970734	93.6405045	5.263030799	1.096464696				2.770523752E-05	0	99.99997229	47.40668255	52.59331745	0				-408.63606	0.508970734	NaN	
408.47606	88	5	7	1	0.508970734	93.6405045	5.263030799	1.096464696				2.770523752E-05	0	99.99997229	47.40668255	52.59331745	0				-408.47606	0.508970734	NaN	
408.31606	88	5	7	1	0.508970734	93.6405045	5.263030799	1.096464696				2.770523752E-05	0	99.99997229	47.40668255	52.59331745	0				-408.31606	0.508970734	NaN	
408.15606	88	5	7	1	0.508970734	93.6405045	5.263030799	1.096464696				2.770523752E-05	0	99.99997229	47.40668255	52.59331745	0				-408.15606	0.508970734	NaN	
407.99606	88	5	7	1	0.508970734	93.6405045	5.263030799	1.096464696				2.770523752E-05	0	99.99997229	47.40668255	52.59331745	0				-407.99606	0.508970734	NaN	
407.83606	88	5	7	1	0.508970734	93.6405045	5.263030799	1.096464696				2.770523752E-05	0	99.99997229	47.40668255	52.59331745	0				-407.83606	0.508970734	NaN	
407.67606	88	5	7	1	0.508970734	93.6405045	5.263030799	1.096464696				2.770523752E-05	0	99.99997229	47.40668255	52.59331745	0				-407.67606	0.508970734	NaN	
407.51606	88	5	7	1	0.508970734	93.6405045	5.263030799	1.096464696				2.770523752E-05	0	99.99997229	47.40668255	52.59331745	0				-407.51606	0.508970734	NaN	
407.35606	88	5	7	1	0.508970734	93.6405045	5.263030799	1.096464696				2.770523752E-05	0	99.99997229	47.40668255	52.59331745	0				-407.35606	0.508970734	NaN	
407.19606	88	5	7	1	0.508970734	93.6405045	5.263030799	1.096464696				2.770523752E-05	0	99.99997229	47.40668255	52.59331745	0				-407.19606	0.508970734	NaN	
407.03606	88	5	7	1	0.508970734	93.6405045	5.263030799	1.096464696				2.770523752E-05	0	99.99997229	47.40668255	52.59331745	0				-407.03606	0.508970734	NaN	
406.87606	88	5	7	1	0.508970734	93.6405045	5.263030799	1.096464696				2.770523752E-05	0	99.99997229	47.40668255	52.59331745	0				-406.87606	0.508970734	NaN	
406.71606	88	5	7	1	0.508970734	93.6405045	5.263030799	1.096464696				2.770523752E-05	0	99.99997229	47.40668255	52.59331745	0				-406.71606	0.508970734	NaN	
406.55606	88	5	7	1	0.508970734	93.6405045	5.263030799	1.096464696				2.770523752E-05	0	99.99997229	47.40668255	52.59331745	0				-406.55606	0.508970734	NaN	
406.39606	88	5	7	1	0.508970734	93.6405045	5.263030799	1.096464696				2.770523752E-05	0	99.99997229	47.40668255	52.59331745	0				-406.39606	0.508970734	NaN	
406.23606	88	5	7	1	0.508970734	93.6405045	5.263030799	1.096464696				2.770523752E-05	0	99.99997229	47.40668255	52.59331745	0				-406.23606	0.508970734	NaN	
406.07606	88	5	7	1	0.508970734	93.6405045	5.263030799	1.096464696				2.770523752E-05	0	99.99997229	47.40668255	52.59331745	0				-406.07606	0.508970734	NaN	
405.91606	88	5	7	1	0.508970734	93.6405045	5.263030799	1.096464696				2.770523752E-05	0	99.99997229	47.40668255	52.59331745	0				-405.91606	0.508970734	NaN	
405.75606	88	5	7	1	0.508970734	93.6405045	5.263030799	1.096464696				2.770523752E-05	0	99.99997229	47.40668255	52.59331745	0				-405.75606	0.508970734	NaN	
405.59606	88	5	7	1	0.508970734	93.6405045	5.263030799	1.096464696				2.770523752E-05	0	99.99997229	47.40668255	52.59331745	0				-405.59606	0.508970734	NaN	
405.43606	88	5	7	1	0.508970734	93.6405045	5.263030799	1.096464696				2.770523752E-05	0	99.99997229	47.40668255	52.59331745	0				-405.43606	0.508970734	NaN	
405.27606	88	5	7	1	0.508970734	93.6405045	5.263030799	1.096464696				2.770523752E-05	0	99.99997229	47.40668255	52.59331745	0				-405.27606	0.508970734	NaN	
405.11606	88	5	7	1	0.508970734	93.6405045	5.263030799	1.096464696				2.770523752E-05	0	99.99997229	47.40668255	52.59331745	0				-405.11606	0.508970734	NaN	
404.95606	88	5	7	1	0.508970734	93.6405045	5.263030799	1.096464696				2.770523752E-05	0	99.99997229	47.40668255	52.59331745	0				-404.95606	0.508970734	NaN	
404.79606	88	5	7	1	0.508970734	93.6405045	5.263030799	1.096464696				2.770523752E-05	0	99.99997229	47.40668255	52.59331745	0				-404.79606	0.508970734	NaN	
404.63606	88	5	7	1	0.508970734	93.6405045	5.263030799	1.096464696				2.770523752E-05	0	99.99997229	47.40668255	52.59331745	0				-404.63606	0.508970734	NaN	
404.47606	88	5	7	1	0.508970734	93.6405045	5.263030799	1.096464696				2.770523752E-05	0	99.99997229	47.40668255	52.59331745	0				-404.47606	0.508970734	NaN	
404.31606	88	5	7	1	0.508970734	93.6405045	5.263030799	1.096464696				2.770523752E-05	0	99.99997229	47.40668255	52.59331745	0				-404.31606	0.508970734	NaN	
404.15606	88	5	7	1	0.508970734	93.6405045	5.263030799	1.096464696				2.770523752E-05	0	99.99997229	47.40668255	52.59331745	0				-404.15606	0.508970734	NaN	
403.99606	88	5	7	1	0.508970734	93.6405045	5.263030799	1.096464696				2.770523752E-05	0	99.99997229	47.40668255	52.59331745	0				-403.99606	0.508970734	NaN	
403.83606	88	5	7	1	0.508970734	93.6405045	5.263030799	1.096464696				2.770523752E-05	0	99.99997229	47.40668255	52.59331745	0				-403.83606	0.508970734	NaN	
403.67606	88	5	7	1	0.508970734	93.6405045	5.263030799	1.096464696				2.770523752E-05	0	99.99997229	47.40668255	52.59331745	0				-403.67606	0.508970734	NaN	
403.51606	88	5	7	1	0.508970734	93.6405045	5.263030799	1.096464696				2.770523752E-05	0	99.99997229	47.40668255	52.59331745	0				-403.51606	0.508970734	NaN	
403.35606	88	5	7	1	0.508970734	93.6405045	5.263030799	1.096464696				2.770523752E-05	0	99.99997229	47.40668255	52.59331745	0				-403.35606	0.508970734	NaN	
403.19606	88	5	7	1	0.508970734	93.6405045	5.263030799	1.096464696				2.770523752E-05	0	99.99997229	47.40668255	52.59331745	0				-403.19606	0.508970734	NaN	
403.03606	88	5	7	1	0.508970734	93.6405045	5.263030799	1.096464696				2.770523752E-05	0	99.99997229	47.40668255	52.59331745	0				-403.03606	0.508970734	NaN	
402.87606	88	5	7	1	0.508970734	93.6405045	5.263030799	1.096464696				2.770523752E-05	0	99.99997229	47.40668255	52.59331745	0				-402.87606	0.508970734	NaN	
402.71606	88	5	7	1	0.508970734	93.6405045	5.263030799	1.096464696				2.770523752E-05	0	99.99997229	47.40668255	52.59331745	0				-402.71606	0.508970734	NaN	
402.55606	88	5	7	1	0.508970734	93.6405045	5.263030799	1.096464696				2.770523752E-05	0	99.99997229	47.40668255	52.59331745	0				-402.55606	0.508970734	NaN	
402.39606	88	5	7	1	0.508970734	93.6405045	5.263030799	1.096464696				2.770523752E-05	0	99.99997229	47.40668255	52.59331745	0				-402.39606	0.508970734	NaN	
402.23606	88	5	7	1	0.508970734	93.6405045	5.263030799	1.096464696				2.770523752E-05	0	99.99997229	47.40668255	52.59331745	0				-402.23606	0.508970734	NaN	
402.07606	88	5	7	1	0.508970734	93.6405045	5.263030799	1.096464696				2.770523752E-05	0	99.99997229	47.40668255	52.59331745	0				-402.07606	0.508970734	NaN	
401.91606	88	5	7	1	0.508970734	93.6405045	5.263030799	1.096464696				2.770523752E-05	0	99.99997229	47.40668255	52.59331745	0				-401.91606	0.508970734	NaN	
401.75606	88	5	7	1	0.508970734	93.6405045	5.263030799	1.096464696				2.770523752E-05	0	99.99997229	47.40668255	52.59331745	0				-401.75606	0.508970734	NaN	
401.59606	88	5	7	1	0.508970734	93.6405045	5.263030799	1.096464696				2.770523752E-05	0	99.99997229	47.40668255	52.59331745	0				-401.59606	0.508970734	NaN	
401.43606	88	5	7	1	0.508970734	93.6405045	5.263030799	1.096464696				2.770523752E-05	0	99.99997229	47.40668255	52.59331745	0				-401.43606	0.508970734	NaN	
401.27606	88	5	7	1	0.508970734	93.6405045	5.263030799	1.096464696				2.770523752E-05	0	99.99997229	47.40668255	52.59331745	0				-401.27606	0.508970734	NaN	
401.11606	88	5	7	1	0.508970734	93.6405045	5.263030799	1.096464696				2.770523752E-05	0	99.99997229	47.40668255	52.59331745	0				-401.11606	0.508970734	NaN	
400.95606	88	5	7	1	0.508970734	93.6405045	5.263030799	1.096464696				2.770523752E-05	0	99.99997229	47.40668255	52.59331745	0				-400.95606	0.508970734	NaN	
400.79606	88	5	7	1	0.508970734	93.6405045	5.263030799	1.096464696				2.770523752E-05	0	99.99997229	47.40668255	52.59331745	0				-400.79606	0.508970734	NaN	
400.63606	88	5	7	1	0.508970734	93.6405045	5.263030799	1.096464696				2.770523752E-05	0	99.99997229	47.40668255	52.59331745	0				-400.63606	0.508970734	NaN	
400.47606	88	5	7	1	0.508970734	93.6405045	5.263030799	1.096464696				2.770523752E-05	0	99.99997229	47.40668255	52.59331745	0				-400.47606	0.508970734	NaN	
400.31606	88	5	7	1	0.508970734	93.6405045	5.263030799	1.096464696				2.770523752E-05	0	99.99997229	47.40668255	52.59331745	0				-400.31606	0.508970734	NaN	
400.15606	88	5	7	1	0.508970734	93.6405045	5.263030799	1.096464696				2.770523752E-05	0	99.99997229	47.40668255	52.59331745	0				-400.15606	0.508970734	NaN	
399.99606	88	5	7	1	0.508970734	93.6405045	5.263030799	1.096464696				2.770523752E-05	0	99.99997229	47.40668255	52.59331745	0				-399.99606	0.508970734	NaN	
399.83606	88	5	7	1	0.508970734	93.6405045	5.263030799	1.096464696				2.770523752E-05	0	99.99997229	47.40668255	52.59331745	0				-399.83606	0.508970734	NaN	
399.67606	88	5	7	1	0.508970734	93.6405045	5.263030799	1.096464696				2.770523752E-05	0	99.99997229	47.40668255	52.59331745	0				-399.67606	0.508970734	NaN	
399.51606	88	5	7	1	0.508970734	93.6405045	5.263030799	1.096464696				2.770523752E-05	0	99.99997229	47.40668255	52.59331745	0				-399.51606	0.508970734	NaN	
399.35606	88	5	7	1	0.508970734	93.6405045	5.263030799	1.096464696				2.770523752E-05	0	99.99997229	47.40668255	52.59331745	0				-399.35606	0.508970734	NaN	
399.19606	88	5	7	1	0.508970734	93.6405045	5.263030799	1.096464696				2.770523752E-05	0	99.99997229	47.40668255	52.59331745	0				-399.19606	0.508970734	NaN	
399.03606	88	5	7	1	0.508970734	93.6405045	5.263030799	1.096464696				2.770523752E-05	0	99.99997229	47.40668255	52.59331745	0				-399.03606	0.508970734	NaN	
398.87606	88	5	7	1	0.508970734	93.6405045	5.263030799	1.096464696				2.770523752E-05	0	99.99997229	47.40668255	52.59331745	0				-398.87606	0.508970734	NaN	
398.71606	88	5	7	1	0.508970734	93.6405045	5.263030799	1.096464696				2.770523752E-05	0	99.99997229	47.40668255	52.59331745	0				-398.71606	0.508970734	NaN	
398.55606	88	5	7	1	0.508970734	93.6405045	5.263030799	1.096464696				2.770523752E-05	0	99.99997229	47.40668255	52.59331745	0				-398.55606	0.508970734	NaN	
398.39606	88	5	7	1	0.508970734	93.6405045	5.263030799	1.096464696				2.770523752E-05	0	99.99997229	47.40668255	52.59331745	0				-398.39606	0.508970734	NaN	
398.23606	88	5	7	1	0.508970734	93.6405045	5.263030799	1.096464696				2.770523752E-05	0	99.99997229	47.40668255	52.59331745	0				-398.23606	0.508970734	NaN	
398.07606	88	5	7	1	0.508970734	93.6405045	5.263030799	1.096464696				2.770523752E-05	0	99.99997229	47.40668255	52.59331745	0				-398.07606	0.508970734	NaN	
397.91606	88	5	7	1	0.508970734	93.6405045	5.263030799	1.096464696				2.770523752E-05	0	99.99997229	47.40668255	52.59331745	0				-397.91606	0.508970734	NaN	
397.75606	88	5	7	1	0.508970734	93.6405045	5.263030799	1.096464696				2.770523752E-05	0	99.99997229	47.40668255	52.59331745	0				-397.75606	0.508970734	NaN	
397.59606	88	5	7	1	0.508970734	93.6405045	5.263030799	1.096464696				2.770523752E-05	0	99.99997229	47.40668255	52.59331745	0				-397.59606	0.508970734	NaN	
397.43606	88	5	7	1	0.508970734	93.6405045	5.263030799	1.096464696				2.770523752E-05	0	99.99997229	47.40668255	52.59331745	0				-397.43606	0.508970734	NaN	
397.27606	88	5	7	1	0.508970734	93.6405045	5.263030799	1.096464696				2.770523752E-05	0	99.99997229	47.40668255	52.59331745	0				-397.27606	0.508970734	NaN	
397.11606	88	5	7	1	0.508970734	93.6405045	5.263030799	1.096464696				2.770523752E-05	0	99.99997229	47.40668255	52.59331745	0				-397.11606	0.508970734	NaN	
396.95606	88	5	7	1	0.508970734	93.6405045	5.263030799	1.096464696				2.770523752E-05	0	99.99997229	47.40668255	52.59331745	0				-396.95606	0.508970734	NaN	
396.79606	88	5	7	1	0.508970734	93.6405045	5.263030799	1.096464696				2.770523752E-05	0	99.99997229	47.40668255	52.59331745	0				-396.79606	0.508970734	NaN	
396.63606	88	5	7	1	0.508970734	93.6405045	5.263030799	1.096464696				2.770523752E-05	0	99.99997229	47.40668255	52.59331745	0				-396.63606	0.508970734	NaN	
396.47606	88	5	7	1	0.508970734	93.6405045	5.263030799	1.096464696				2.770523752E-05	0	99.99997229	47.40668255	52.59331745	0				-396.47606	0.508970734	NaN	
396.31606	88	5	7	1	0.508970734	93.6405045	5.263030799	1.096464696				2.770523752E-05	0	99.99997229	47.40668255	52.59331745	0				-396.31606	0.508970734	NaN	
396.15606	88	5	7	1	0.508970734	93.6405045	5.263030799	1.096464696				2.770523752E-05	0	99.99997229	47.40668255	52.59331745	0				-396.15606	0.508970734	NaN	
395.99606	88	5	7	1	0.508970734	93.6405045	5.263030799	1.096464696				2.770523752E-05	0	99.99997229	47.40668255	52.59331745	0				-395.99606	0.508970734	NaN	
395.83606	88	5	7	1	0.508970734	93.6405045	5.263030799	1.096464696				2.770523752E-05	0	99.99997229	47.40668255	52.59331745	0				-395.83606	0.508970734	NaN	
395.67606	88	5	7	1	0.508970734	93.6405045	5.263030799	1.096464696				2.770523752E-05	0	99.99997229	47.40668255	52.59331745	0				-395.67606	0.508970734	NaN	
395.51606	88	5	7	1	0.508970734	93.6405045	5.263030799	1.096464696				2.770523752E-05	0	99.99997229	47.40668255	52.59331745	0				-395.51606	0.508970734	NaN	
395.35606	88	5	7	1	0.508970734	93.6405045	5.263030799	1.096464696				2.770523752E-05	0	99.99997229	47.40668255	52.59331745	0				-395.35606	0.508970734	NaN	
395.19606	88	5	7	1	0.508970734	93.6405045	5.263030799	1.096464696				2.770523752E-05	0	99.99997229	47.40668255	52.59331745	0				-395.19606	0.508970734	NaN	
395.03606	88	5	7	1	0.508970734	93.6405045	5.263030799	1.096464696				2.770523752E-05	0	99.99997229	47.40668255	52.59331745	0				-395.03606	0.508970734	NaN	
394.87606	88	5	7	1	0.508970734	93.6405045	5.263030799	1.096464696				2.770523752E-05	0	99.99997229	47.40668255	52.59331745	0				-394.87606	0.508970734	NaN	
394.71606	88	5	7	1	0.508970734	93.6405045	5.263030799	1.096464696				2.770523752E-05	0	99.99997229	47.40668255	52.59331745	0				-394.71606	0.508970734	NaN	
394.55606	88	5	7	1	0.508970734	93.6405045	5.263030799	1.096464696				2.770523752E-05	0	99.99997229	47.40668255	52.59331745	0				-394.55606	0.508970734	NaN	
394.39606	88	5	7	1	0.508970734	93.6405045	5.263030799	1.096464696				2.770523752E-05	0	99.99997229	47.40668255	52.59331745	0				-394.39606	0.508970734	NaN	
394.23606	88	5	7	1	0.508970734	93.6405045	5.263030799	1.096464696				2.770523752E-05	0	99.99997229	47.40668255	52.59331745	0				-394.23606	0.508970734	NaN	
394.07606	88	5	7	1	0.508970734	93.6405045	5.263030799	1.096464696				2.770523752E-05	0	99.99997229	47.40668255	52.59331745	0				-394.07606	0.508970734	NaN	
393.91606	88	5	7	1	0.508970734	93.6405045	5.263030799	1.096464696				2.770523752E-05	0	99.99997229	47.40668255	52.59331745	0				-393.91606	0.508970734	NaN	
393.75606	88	5	7	1	0.508970734	93.6405045	5.263030799	1.096464696				2.770523752E-05	0	99.99997229	47.40668255	52.59331745	0				-393.75606	0.508970734	NaN	
393.59606	88	5	7	1	0.508970734	93.6405045	5.263030799	1.096464696				2.770523752E-05	0	99.99997229	47.40668255	52.59331745	0				-393.59606	0.508970734	NaN	
393.43606	88	5	7	1	0.508970734	93.6405045	5.263030799	1.096464696				2.770523752E-05	0	99.99997229	47.40668255	52.59331745	0				-393.43606	0.508970734	NaN	
393.27606	88	5	7	1	0.508970734	93.6405045	5.263030799	1.096464696				2.770523752E-05	0	99.99997229	47.40668255	52.59331745	0				-393.27606	0.508970734	NaN	
393.11606	88	5	7	1	0.508970734	93.6405045	5.263030799	1.096464696				2.770523752E-05	0	99.99997229	47.40668255	52.59331745	0				-393.11606	0.508970734	NaN	
392.95606	88	5	7	1	0.508970734	93.6405045	5.263030799	1.096464696				2.770523752E-05	0	99.99997229	47.40668255	52.59331745	0				-392.95606	0.508970734	NaN	
392.79606	88	5	7	1	0.508970734	93.6405045	5.263030799	1.096464696				2.770523752E-05	0	99.99997229	47.40668255	52.59331745	0				-392.79606	0.508970734	NaN	
392.63606	88	5	7	1	0.508970734	93.6405045	5.263030799	1.096464696				2.770523752E-05	0	99.99997229	47.40668255	52.59331745	0				-392.63606	0.508970734	NaN	
392.47606	88	5	7	1	0.508970734	93.6405045	5.263030799	1.096464696				2.770523752E-05	0	99.99997229	47.40668255	52.59331745	0				-392.47606	0.508970734	NaN	
392.31606	88	5	7	1	0.508970734	93.6405045	5.263030799	1.096464696				2.770523752E-05	0	99.99997229	47.40668255	52.59331745	0				-392.31606	0.508970734	NaN	
392.15606	88	5	7	1	0.508970734	93.6405045	5.263030799	1.096464696				2.770523752E-05	0	99.99997229	47.40668255	52.59331745	0				-392.15606	0.508970734	NaN	
391.99606	88	5	7	1	0.508970734	93.6405045	5.263030799	1.096464696				2.770523752E-05	0	99.99997229	47.40668255	52.59331745	0				-391.99606	0.508970734	NaN	
391.83606	88	5	7	1	0.508970734	93.6405045	5.263030799	1.096464696				2.770523752E-05	0	99.99997229	47.40668255	52.59331745	0				-391.83606	0.508970734	NaN	
391.67606	88	5	7	1	0.508970734	93.6405045	5.263030799	1.096464696				2.770523752E-05	0	99.99997229	47.40668255	52.59331745	0				-391.67606	0.508970734	NaN	
391.51606	88	5	7	1	0.508970734	93.6405045	5.263030799	1.096464696				2.770523752E-05	0	99.99997229	47.40668255	52.59331745	0				-391.51606	0.508970734	NaN	
391.35606	88	5	7	1	0.508970734	93.6405045	5.263030799	1.096464696				2.770523752E-05	0	99.99997229	47.40668255	52.59331745	0				-391.35606	0.508970734	NaN	
391.19606	88	5	7	1	0.508970734	93.6405045	5.263030799	1.096464696				2.770523752E-05	0	99.99997229	47.40668255	52.59331745	0				-391.19606	0.508970734	NaN	
391.03606	88	5	7	1	0.508970734	93.6405045	5.263030799	1.096464696				2.770523752E-05	0	99.99997229	47.40668255	52.59331745	0				-391.03606	0.508970734	NaN	
390.87606	88	5	7	1	0.508970734	93.6405045	5.263030799	1.096464696				2.770523752E-05	0	99.99997229	47.40668255	52.59331745	0				-390.87606	0.508970734	NaN	
390.71606	88	5	7	1	0.508970734	93.6405045	5.263030799	1.096464696				2.770523752E-05	0	99.99997229	47.40668255	52.59331745	0				-390.71606	0.508970734	NaN	
390.55606	88	5	7	1	0.508970734	93.6405045	5.263030799	1.096464696				2.770523752E-05	0	99.99997229	47.40668255	52.59331745	0				-390.55606	0.508970734	NaN	
390.39606	88	5	7	1	0.508970734	93.6405045	5.263030799	1.096464696				2.770523752E-05	0	99.99997229	47.40668255	52.59331745	0				-390.39606	0.508970734	NaN	
390.23606	88	5	7	1	0.508970734	93.6405045	5.263030799	1.096464696				2.770523752E-05	0	99.99997229	47.40668255	52.59331745	0				-390.23606	0.508970734	NaN	
390.07606	88	5	7	1	0.508970734	93.6405045	5.263030799	1.096464696				2.770523752E-05	0	99.99997229	47.40668255	52.59331745	0				-390.07606	0.508970734	NaN	
389.91606	88	5	7	1	0.508970734	93.6405045	5.263030799	1.096464696				2.770523752E-05	0	99.99997229	47.40668255	52.59331745	0				-389.91606	0.508970734	NaN	
389.75606	88	5	7	1	0.508970734	93.6405045	5.263030799	1.096464696				2.770523752E-05	0	99.99997229	47.40668255	52.59331745	0				-389.75606	0.508970734	NaN	
389.59606	88	5	7	1	0.508970734	93.6405045	5.263030799	1.096464696				2.770523752E-05	0	99.99997229	47.40668255	52.59331745	0				-389.59606	0.508970734	NaN	
389.43606	88	5	7	1	0.508970734	93.6405045	5.263030799	1.096464696				2.770523752E-05	0	99.99997229	47.40668255	52.59331745	0				-389.43606	0.508970734	NaN	
389.27606	88	5	7	1	0.508970734	93.6405045	5.263030799	1.096464696				2.770523752E-05	0	99.99997229	47.40668255	52.59331745	0				-389.27606	0.508970734	NaN	
389.11606	88	5	7	1	0.508970734	93.6405045	5.263030799	1.096464696				2.770523752E-05	0	99.99997229	47.40668255	52.59331745	0				-389.11606	0.508970734	NaN	
388.95606	88	5	7	1	0.508970734	93.6405045	5.263030799	1.096464696				2.770523752E-05	0	99.99997229	47.40668255	52.59331745	0				-388.95606	0.508970734	NaN	
388.79606	88	5	7	1	0.508970734	93.6405045	5.263030799	1.096464696				2.770523752E-05	0	99.99997229	47.40668255	52.59331745	0				-388.79606	0.508970734	NaN	
388.63606	88	5	7	1	0.508970734	93.6405045	5.263030799	1.096464696				2.770523752E-05	0	99.99997229	47.40668255	52.59331745	0				-388.63606	0.508970734	NaN	
388.47606	88	5	7	1	0.508970734	93.6405045	5.263030799	1.096464696				2.770523752E-05	0	99.99997229	47.40668255	52.59331745	0				-388.47606	0.508970734	NaN	
388.31606	88	5	7	1	0.508970734	93.6405045	5.263030799	1.096464696				2.770523752E-05	0	99.99997229	47.40668255	52.59331745	0				-388.31606	0.508970734	NaN	
388.15606	88	5	7	1	0.508970734	93.6405045	5.263030799	1.096464696				2.770523752E-05	0	99.99997229	47.40668255	52.59331745	0				-388.15606	0.508970734	NaN	
387.99606	88	5	7	1	0.508970734	93.6405045	5.263030799	1.096464696				2.770523752E-05	0	99.99997229	47.40668255	52.59331745	0				-387.99606	0.508970734	NaN	
387.83606	88	5	7	1	0.508970734	93.6405045	5.263030799	1.096464696				2.770523752E-05	0	99.99997229	47.40668255	52.59331745	0				-387.83606	0.508970734	NaN	
387.67606	88	5	7	1	0.508970734	93.6405045	5.263030799	1.096464696				2.770523752E-05	0	99.99997229	47.40668255	52.59331745	0				-387.67606	0.508970734	NaN	
387.51606	88	5	7	1	0.508970734	93.6405045	5.263030799	1.096464696				2.770523752E-05	0	99.99997229	47.40668255	52.59331745	0				-387.51606	0.508970734	NaN	
387.35606	88	5	7	1	0.508970734	93.6405045	5.263030799	1.096464696				2.770523752E-05	0	99.99997229	47.40668255	52.59331745	0				-387.35606	0.508970734	NaN	
387.19606	88	5	7	1	0.508970734	93.6405045	5.263030799	1.096464696				2.770523752E-05	0	99.99997229	47.40668255	52.59331745	0				-387.19606	0.508970734	NaN	
387.03606	88	5	7	1	0.508970734	93.6405045	5.263030799	1.096464696				2.770523752E-05	0	99.99997229	47.40668255	52.59331745	0				-387.03606	0.508970734	NaN	
386.87606	88	5	7	1	0.508970734	93.6405045	5.263030799	1.096464696				2.770523752E-05	0	99.99997229	47.40668255	52.59331745	0				-386.87606	0.508970734	NaN	
386.71606	88	5	7	1	0.508970734	93.6405045	5.263030799	1.096464696				2.770523752E-05	0	99.99997229	47.40668255	52.59331745	0				-386.71606	0.508970734	NaN	
386.55606	88	5	7	1	0.508970734	93.6405045	5.263030799	1.096464696				2.770523752E-05	0	99.99997229	47.40668255	52.59331745	0				-386.55606	0.508970734	NaN	
386.39606	88	5	7	1	0.508970734	93.6405045	5.263030799	1.096464696				2.770523752E-05	0	99.99997229	47.40668255	52.59331745	0				-386.39606	0.508970734	NaN	
386.23606	88	5	7	1	0.508970734	93.6405045	5.263030799	1.096464696				2.770523752E-05	0	99.99997229	47.40668255	52.59331745	0				-386.23606	0.508970734	NaN	
386.07606	88	5	7	1	0.508970734	93.6405045	5.263030799	1.096464696				2.770523752E-05	0	99.99997229	47.40668255	52.59331745	0				-386.07606	0.508970734	NaN	
385.91606	88	5	7	1	0.508970734	93.6405045	5.263030799	1.096464696				2.770523752E-05	0	99.99997229	47.40668255	52.59331745	0				-385.91606	0.508970734	NaN	
385.75606	88	5	7	1	0.508970734	93.6405045	5.263030799	1.096464696				2.770523752E-05	0	99.99997229	47.40668255	52.59331745	0				-385.75606	0.508970734	NaN	
385.59606	88	5	7	1	0.508970734	93.6405045	5.263030799	1.096464696				2.770523752E-05	0	99.99997229	47.40668255	52.59331745	0				-385.59606	0.508970734	NaN	
385.43606	88	5	7	1	0.508970734	93.6405045	5.263030799	1.096464696				2.770523752E-05	0	99.99997229	47.40668255	52.59331745	0				-385.43606	0.508970734	NaN	
385.27606	88	5	7	1	0.508970734	93.6405045	5.263030799	1.096464696				2.770523752E-05	0	99.99997229	47.40668255	52.59331745	0				-385.27606	0.508970734	NaN	
385.11606	88	5	7	1	0.508970734	93.6405045	5.263030799	1.096464696				2.770523752E-05	0	99.99997229	47.40668255	52.59331745	0				-385.11606	0.508970734	NaN	
384.95606	88	5	7	1	0.508970734	93.6405045	5.263030799	1.096464696				2.770523752E-05	0	99.99997229	47.40668255	52.59331745	0				-384.95606	0.508970734	NaN	
384.79606	88	5	7	1	0.508970734	93.6405045	5.263030799	1.096464696				2.770523752E-05	0	99.99997229	47.40668255	52.59331745	0				-384.79606	0.508970734	NaN	
384.63606	88	5	7	1	0.508970734	93.6405045	5.263030799	1.096464696				2.770523752E-05	0	99.99997229	47.40668255	52.59331745	0				-384.63606	0.508970734	NaN	
384.47606	88	5	7	1	0.508970734	93.6405045	5.263030799	1.096464696				2.770523752E-05	0	99.99997229	47.40668255	52.59331745	0				-384.47606	0.508970734	NaN	
384.31606	88	5	7	1	0.508970734	93.6405045	5.263030799	1.096464696				2.770523752E-05	0	99.99997229	47.40668255	52.59331745	0				-384.31606	0.508970734	NaN	
384.15606	88	5	7	1	0.508970734	93.6405045	5.263030799	1.096464696				2.770523752E-05	0	99.99997229	47.40668255	52.59331745	0				-384.15606	0.508970734	NaN	
383.99606	88	5	7	1	0.508970734	93.6405045	5.263030799	1.096464696				2.770523752E-05	0	99.99997229	47.40668255	52.59331745	0				-383.99606	0.508970734	NaN	
383.83606	88	5	7	1	0.508970734	93.6405045	5.263030799	1.096464696				2.770523752E-05	0	99.99997229	47.40668255	52.59331745	0				-383.83606	0.508970734	NaN	
383.67606	88	5	7	1	0.508970734	93.6405045	5.263030799	1.096464696				2.770523752E-05	0	99.99997229	47.40668255	52.59331745	0				-383.67606	0.508970734	NaN	
383.51606	88	5	7	1	0.508970734	93.6405045	5.263030799	1.096464696				2.770523752E-05	0	99.99997229	47.40668255	52.59331745	0				-383.51606	0.508970734	NaN	
383.35606	88	5	7	1	0.508970734	93.6405045	5.263030799	1.096464696				2.770523752E-05	0	99.99997229	47.40668255	52.59331745	0				-383.35606	0.508970734	NaN	
383.19606	88	5	7	1	0.508970734	93.6405045	5.263030799	1.096464696				2.770523752E-05	0	99.99997229	47.40668255	52.59331745	0				-383.19606	0.508970734	NaN	
383.03606	88	5	7	1	0.508970734	93.6405045	5.263030799	1.096464696				2.770523752E-05	0	99.99997229	47.40668255	52.59331745	0				-383.03606	0.508970734	NaN	
382.87606	88	5	7	1	0.508970734	93.6405045	5.263030799	1.096464696				2.770523752E-05	0	99.99997229	47.40668255	52.59331745	0				-382.87606	0.508970734	NaN	
382.71606	88	5	7	1	0.508970734	93.6405045	5.263030799	1.096464696				2.770523752E-05	0	99.99997229	47.40668255	52.59331745	0				-382.71606	0.508970734	NaN	
382.55606	88	5	7	1	0.508970734	93.6405045	5.263030799	1.096464696				2.770523752E-05	0	99.99997229	47.40668255	52.59331745	0				-382.55606	0.508970734	NaN	
382.39606	88	5	7	1	0.508970734	93.6405045	5.263030799	1.096464696				2.770523752E-05	0	99.99997229	47.40668255	52.59331745	0				-382.39606	0.508970734	NaN	
382.23606	88	5	7	1	0.508970734	93.6405045	5.263030799	1.096464696				2.770523752E-05	0	99.99997229	47.40668255	52.59331745	0				-382.23606	0.508970734	NaN	
382.07606	88	5	7	1	0.508970734	93.6405045	5.263030799	1.096464696				2.770523752E-05	0	99.99997229	47.40668255	52.59331745	0				-382.07606	0.508970734	NaN	
381.91606	88	5	7	1	0.508970734	93.6405045	5.263030799	1.096464696				2.770523752E-05	0	99.99997229	47.40668255	52.59331745	0				-381.91606	0.508970734	NaN	
381.75606	88	5	7	1	0.508970734	93.6405045	5.263030799	1.096464696				2.770523752E-05	0	99.99997229	47.40668255	52.59331745	0				-381.75606	0.508970734	NaN	
381.59606	88	5	7	1	0.508970734	93.6405045	5.263030799	1.096464696				2.770523752E-05	0	99.99997229	47.40668255	52.59331745	0				-381.59606	0.508970734	NaN	
381.43606	88	5	7	1	0.508970734	93.6405045	5.263030799	1.096464696				2.770523752E-05	0	99.99997229	47.40668255	52.59331745	0				-381.43606	0.508970734	NaN	
381.27606	88	5	7	1	0.508970734	93.6405045	5.263030799	1.096464696				2.770523752E-05	0	99.99997229	47.40668255	52.59331745	0				-381.27606	0.508970734	NaN	
381.11606	88	5	7	1	0.508970734	93.6405045	5.263030799	1.096464696				2.770523752E-05	0	99.99997229	47.40668255	52.59331745	0				-381.11606	0.508970734	NaN	
380.95606	88	5	7	1	0.508970734	93.6405045	5.263030799	1.096464696				2.770523752E-05	0	99.99997229	47.40668255	52.59331745	0				-380.95606	0.508970734	NaN	
380.79606	88	5	7	1	0.508970734	93.6405045	5.263030799	1.096464696				2.770523752E-05	0	99.99997229	47.40668255	52.59331745	0				-380.79606	0.508970734	NaN	
380.63606	88	5	7	1	0.508970734	93.6405045	5.263030799	1.096464696				2.770523752E-05	0	99.99997229	47.40668255	52.59331745	0				-380.63606	0.508970734	NaN	
380.47606	88	5	7	1	0.508970734	93.6405045	5.263030799	1.096464696				2.770523752E-05	0	99.99997229	47.40668255	52.59331745	0				-380.47606	0.508970734	NaN	
380.31606	88	5	7	1	0.508970734	93.6405045	5.263030799	1.096464696				2.770523752E-05	0	99.99997229	47.40668255	52.59331745	0				-380.31606	0.508970734	NaN	
380.15606	88	5	7	1	0.508970734	93.6405045	5.263030799	1.096464696				2.770523752E-05	0	99.99997229	47.40668255	52.59331745	0				-380.15606	0.508970734	NaN	
379.99606	88	5	7	1	0.508970734	93.6405045	5.263030799	1.096464696				2.770523752E-05	0	99.99997229	47.40668255	52.59331745	0				-379.99606	0.508970734	NaN	
379.83606	88	5	7	1	0.508970734	93.6405045	5.263030799	1.096464696				2.770523752E-05	0	99.99997229	47.40668255	52.59331745	0				-379.83606	0.508970734	NaN	
379.67606	88	5	7	1	0.508970734	93.6405045	5.263030799	1.096464696				2.770523752E-05	0	99.99997229	47.40668255	52.59331745	0				-379.67606	0.508970734	NaN	
379.51606	88	5	7	1	0.508970734	93.6405045	5.263030799	1.096464696				2.770523752E-05	0	99.99997229	47.40668255	52.59331745	0				-379.51606	0.508970734	NaN	
379.35606	88	5	7	1	0.508970734	93.6405045	5.263030799	1.096464696				2.770523752E-05	0	99.99997229	47.40668255	52.59331745	0				-379.35606	0.508970734	NaN	
379.19606	88	5	7	1	0.508970734	93.6405045	5.263030799	1.096464696				2.770523752E-05	0	99.99997229	47.40668255	52.59331745	0				-379.19606	0.508970734	NaN	
379.03606	88	5	7	1	0.508970734	93.6405045	5.263030799	1.096464696				2.770523752E-05	0	99.99997229	47.40668255	52.59331745	0				-379.03606	0.508970734	NaN	
378.87606	88	5	7	1	0.508970734	93.6405045	5.263030799	1.096464696				2.770523752E-05	0	99.99997229	47.40668255	52.59331745	0				-378.87606	0.508970734	NaN	
378.71606	88	5	7	1	0.508970734	93.6405045	5.263030799	1.096464696				2.770523752E-05	0	99.99997229	47.40668255	52.59331745	0				-378.71606	0.508970734	NaN	
378.55606	88	5	7	1	0.508970734	93.6405045	5.263030799	1.096464696				2.770523752E-05	0	99.99997229	47.40668255	52.59331745	0				-378.55606	0.508970734	NaN	
378.39606	88	5	7	1	0.508970734	93.6405045	5.263030799	1.096464696				2.770523752E-05	0	99.99997229	47.40668255	52.59331745	0				-378.39606	0.508970734	NaN	
378.23606	88	5	7	1	0.508970734	93.6405045	5.263030799	1.096464696				2.770523752E-05	0	99.99997229	47.40668255	52.59331745	0				-378.23606	0.508970734	NaN	
378.07606	88	5	7	1	0.508970734	93.6405045	5.263030799	1.096464696				2.770523752E-05	0	99.99997229	47.40668255	52.59331745	0				-378.07606	0.508970734	NaN	
377.91606	88	5	7	1	0.508970734	93.6405045	5.263030799	1.096464696				2.770523752E-05	0	99.99997229	47.40668255	52.59331745	0				-377.91606	0.508970734	NaN	
377.75606	88	5	7	1	0.508970734	93.6405045	5.263030799	1.096464696				2.770523752E-05	0	99.99997229	47.40668255	52.59331745	0				-377.75606	0.508970734	NaN	
377.59606	88	5	7	1	0.508970734	93.6405045	5.263030799	1.096464696				2.770523752E-05	0	99.99997229	47.40668255	52.59331745	0				-377.59606	0.508970734	NaN	
377.43606	88	5	7	1	0.508970734	93.6405045	5.263030799	1.096464696				2.770523752E-05	0	99.99997229	47.40668255	52.59331745	0				-377.43606	0.508970734	NaN	
377.27606	88	5	7	1	0.508970734	93.6405045	5.263030799	1.096464696				2.770523752E-05	0	99.99997229	47.40668255	52.59331745	0				-377.27606	0.508970734	NaN	
377.11606	88	5	7	1	0.508970734	93.6405045	5.263030799	1.096464696				2.770523752E-05	0	99.99997229	47.40668255	52.59331745	0				-377.11606	0.508970734	NaN	
376.95606	88	5	7	1	0.508970734	93.6405045	5.263030799	1.096464696				2.770523752E-05	0	99.99997229	47.40668255	52.59331745	0				-376.95606	0.508970734	NaN	
376.79606	88	5	7	1	0.508970734	93.6405045	5.263030799	1.096464696				2.770523752E-05	0	99.99997229	47.40668255	52.59331745	0				-376.79606	0.508970734	NaN	
376.63606	88	5	7	1	0.508970734	93.6405045	5.263030799	1.096464696				2.770523752E-05	0	99.99997229	47.40668255	52.59331745	0				-376.63606	0.508970734	NaN	
376.47606	88	5	7	1	0.508970734	93.6405045	5.263030799	1.096464696				2.770523752E-05	0	99.99997229	47.40668255	52.59331745	0				-376.47606	0.508970734	NaN	
376.31606	88	5	7	1	0.508970734	93.6405045	5.263030799	1.096464696				2.770523752E-05	0	99.99997229	47.40668255	52.59331745	0				-376.31606	0.508970734	NaN	
376.15606	88	5	7	1	0.508970734	93.6405045	5.263030799	1.096464696				2.770523752E-05	0	99.99997229	47.40668255	52.59331745	0				-376.15606	0.508970734	NaN	
375.99606	88	5	7	1	0.508970734	93.6405045	5.263030799	1.096464696				2.770523752E-05	0	99.99997229	47.40668255	52.59331745	0				-375.99606	0.508970734	NaN	
375.83606	88	5	7	1	0.508970734	93.6405045	5.263030799	1.096464696				2.770523752E-05	0	99.99997229	47.40668255	52.59331745	0				-375.83606	0.508970734	NaN	
375.67606	88	5	7	1	0.508970734	93.6405045	5.263030799	1.096464696				2.770523752E-05	0	99.99997229	47.40668255	52.59331745	0				-375.67606	0.508970734	NaN	
375.51606	88	5	7	1	0.508970734	93.6405045	5.263030799	1.096464696				2.770523752E-05	0	99.99997229	47.40668255	52.59331745	0				-375.51606	0.508970734	NaN	
375.35606	88	5	7	1	0.508970734	93.6405045	5.263030799	1.096464696				2.770523752E-05	0	99.99997229	47.40668255	52.59331745	0				-375.35606	0.508970734	NaN	
375.19606	88	5	7	1	0.508970734	93.6405045	5.263030799	1.096464696				2.770523752E-05	0	99.99997229	47.40668255	52.59331745	0				-375.19606	0.508970734	NaN	
375.03606	88	5	7	1	0.508970734	93.6405045	5.263030799	1.096464696				2.770523752E-05	0	99.99997229	47.40668255	52.59331745	0				-375.03606	0.508970734	NaN	
374.87606	88	5	7	1	0.508970734	93.6405045	5.263030799	1.096464696				2.770523752E-05	0	99.99997229	47.40668255	52.59331745	0				-374.87606	0.508970734	NaN	
374.71606	88	5	7	1	0.508970734	93.6405045	5.263030799	1.096464696				2.770523752E-05	0	99.99997229	47.40668255	52.59331745	0				-374.71606	0.508970734	NaN	
374.55606	88	5	7	1	0.508970734	93.6405045	5.263030799	1.096464696				2.770523752E-05	0	99.99997229	47.40668255	52.59331745	0				-374.55606	0.508970734	NaN	
374.39606	88	5	7	1	0.508970734	93.6405045	5.263030799	1.096464696				2.770523752E-05	0	99.99997229	47.40668255	52.59331745	0				-374.39606	0.508970734	NaN	
374.23606	88	5	7	1	0.508970734	93.6405045	5.263030799	1.096464696				2.770523752E-05	0	99.99997229	47.40668255	52.59331745	0				-374.23606	0.508970734	NaN	
374.07606	88	5	7	1	0.508970734	93.6405045	5.263030799	1.096464696				2.770523752E-05	0	99.99997229	47.40668255	52.59331745	0				-374.07606	0.508970734	NaN	
373.91606	88	5	7	1	0.508970734	93.6405045	5.263030799	1.096464696				2.770523752E-05	0	99.99997229	47.40668255	52.59331745	0				-373.91606	0.508970734	NaN	
373.75606	88	5	7	1	0.508970734	93.6405045	5.263030799	1.096464696				2.770523752E-05	0	99.99997229	47.40668255	52.59331745	0				-373.75606	0.508970734	NaN	
373.59606	88	5	7	1	0.508970734	93.6405045	5.263030799	1.096464696				2.770523752E-05	0	99.99997229	47.40668255	52.59331745	0				-373.59606	0.508970734	NaN	
373.43606	88	5	7	1	0.508970734	93.6405045	5.263030799	1.096464696				2.770523752E-05	0	99.99997229	47.40668255	52.59331745	0				-373.43606	0.508970734	NaN	
373.27606	88	5	7	1	0.508970734	93.6405045	5.263030799	1.096464696				2.770523752E-05	0	99.99997229	47.40668255	52.59331745	0				-373.27606	0.508970734	NaN	
373.11606	88	5	7	1	0.508970734	93.6405045	5.263030799	1.096464696				2.770523752E-05	0	99.99997229	47.40668255	52.59331745	0				-373.11606	0.508970734	NaN	
372.95606	88	5	7	1	0.508970734	93.6405045	5.263030799	1.096464696				2.770523752E-05	0	99.99997229	47.40668255	52.59331745	0				-372.95606	0.508970734	NaN	
372.79606	88	5	7	1	0.508970734	93.6405045	5.263030799	1.096464696				2.770523752E-05	0	99.99997229	47.40668255	52.59331745	0				-372.79606	0.508970734	NaN	
372.63606	88	5	7	1	0.508970734	93.6405045	5.263030799	1.096464696				2.770523752E-05	0	99.99997229	47.40668255	52.59331745	0				-372.63606	0.508970734	NaN	
372.47606	88	5	7	1	0.508970734	93.6405045	5.263030799	1.096464696				2.770523752E-05	0	99.99997229	47.40668255	52.59331745	0				-372.47606	0.508970734	NaN	
372.31606	88	5	7	1	0.508970734	93.6405045	5.263030799	1.096464696				2.770523752E-05	0	99.99997229	47.40668255	52.59331745	0				-372.31606	0.508970734	NaN	
372.15606	88	5	7	1	0.508970734	93.6405045	5.263030799	1.096464696				2.770523752E-05	0	99.99997229	47.40668255	52.59331745	0				-372.15606	0.508970734	NaN	
371.99606	88	5	7	1	0.508970734	93.6405045	5.263030799	1.096464696				2.770523752E-05	0	99.99997229	47.40668255	52.59331745	0				-371.99606	0.508970734	NaN	
371.83606	88	5	7	1	0.508970734	93.6405045	5.263030799	1.096464696				2.770523752E-05	0	99.99997229	47.40668255	52.59331745	0				-371.83606	0.508970734	NaN	
371.67606	88	5	7	1	0.508970734	93.6405045	5.263030799	1.096464696				2.770523752E-05	0	99.99997229	47.40668255	52.59331745	0				-371.67606	0.508970734	NaN	
371.51606	88	5	7	1	0.508970734	93.6405045	5.263030799	1.096464696				2.770523752E-05	0	99.99997229	47.40668255	52.59331745	0				-371.51606	0.508970734	NaN	
371.35606	88	5	7	1	0.508970734	93.6405045	5.263030799	1.096464696				2.770523752E-05	0	99.99997229	47.40668255	52.59331745	0				-371.35606	0.508970734	NaN	
371.19606	88	5	7	1	0.508970734	93.6405045	5.263030799	1.096464696				2.770523752E-05	0	99.99997229	47.40668255	52.59331745	0				-371.19606	0.508970734	NaN	
371.03606	88	5	7	1	0.508970734	93.6405045	5.263030799	1.096464696				2.770523752E-05	0	99.99997229	47.40668255	52.59331745	0				-371.03606	0.508970734	NaN	
370.87606	88	5	7	1	0.508970734	93.6405045	5.263030799	1.096464696				2.770523752E-05	0	99.99997229	47.40668255	52.59331745	0				-370.87606	0.508970734	NaN	
370.71606	88	5	7	1	0.508970734	93.6405045	5.263030799	1.096464696				2.770523752E-05	0	99.99997229	47.40668255	52.59331745	0				-370.71606	0.508970734	NaN	
370.55606	88	5	7	1	0.508970734	93.6405045	5.263030799	1.096464696				2.770523752E-05	0	99.99997229	47.40668255	52.59331745	0				-370.55606	0.508970734	NaN	
370.39606	88	5	7	1	0.508970734	93.6405045	5.263030799	1.096464696				2.770523752E-05	0	99.99997229	47.40668255	52.59331745	0				-370.39606	0.508970734	NaN	
370.23606	88	5	7	1	0.508970734	93.6405045	5.263030799	1.096464696				2.770523752E-05	0	99.99997229	47.40668255	52.59331745	0				-370.23606	0.508970734	NaN	
370.07606	88	5	7	1	0.508970734	93.6405045	5.263030799	1.096464696				2.770523752E-05	0	99.99997229	47.40668255	52.59331745	0				-370.07606	0.508970734	NaN	
369.91606	88	5	7	1	0.508970734	93.6405045	5.263030799	1.096464696				2.770523752E-05	0	99.99997229	47.40668255	52.59331745	0				-369.91606	0.508970734	NaN	
369.75606	88	5	7	1	0.508970734	93.6405045	5.263030799	1.096464696				2.770523752E-05	0	99.99997229	47.40668255	52.59331745	0				-369.75606	0.508970734	NaN	
369.59606	88	5	7	1	0.508970734	93.6405045	5.263030799	1.096464696				2.770523752E-05	0	99.99997229	47.40668255	52.59331745	0				-369.59606	0.508970734	NaN	
369.43606	88	5	7	1	0.508970734	93.6405045	5.263030799	1.096464696				2.770523752E-05	0	99.99997229	47.40668255	52.59331745	0				-369.43606	0.508970734	NaN	
369.27606	88	5	7	1	0.508970734	93.6405045	5.263030799	1.096464696				2.770523752E-05	0	99.99997229	47.40668255	52.59331745	0				-369.27606	0.508970734	NaN	
369.11606	88	5	7	1	0.508970734	93.6405045	5.263030799	1.096464696				2.770523752E-05	0	99.99997229	47.40668255	52.59331745	0				-369.11606	0.508970734	NaN	
368.95606	88	5	7	1	0.508970734	93.6405045	5.263030799	1.096464696				2.770523752E-05	0	99.99997229	47.40668255	52.59331745	0				-368.95606	0.508970734	NaN	
368.79606	88	5	7	1	0.508970734	93.6405045	5.263030799	1.096464696				2.770523752E-05	0	99.99997229	47.40668255	52.59331745	0				-368.79606	0.508970734	NaN	
368.63606	88	5	7	1	0.508970734	93.6405045	5.263030799	1.096464696				2.770523752E-05	0	99.99997229	47.40668255	52.59331745	0				-368.63606	0.508970734	NaN	
368.47606	88	5	7	1	0.508970734	93.6405045	5.263030799	1.096464696				2.770523752E-05	0	99.99997229	47.40668255	52.59331745	0				-368.47606	0.508970734	NaN	
368.31606	88	5	7	1	0.508970734	93.6405045	5.263030799	1.096464696				2.770523752E-05	0	99.99997229	47.40668255	52.59331745	0				-368.31606	0.508970734	NaN	
368.15606	88	5	7	1	0.508970734	93.6405045	5.263030799	1.096464696				2.770523752E-05	0	99.99997229	47.40668255	52.59331745	0				-368.15606	0.508970734	NaN	
367.99606	88	5	7	1	0.508970734	93.6405045	5.263030799	1.096464696				2.770523752E-05	0	99.99997229	47.40668255	52.59331745	0				-367.99606	0.508970734	NaN	
367.83606	88	5	7	1	0.508970734	93.6405045	5.263030799	1.096464696				2.770523752E-05	0	99.99997229	47.40668255	52.59331745	0				-367.83606	0.508970734	NaN	
367.67606	88	5	7	1	0.508970734	93.6405045	5.263030799	1.096464696				2.770523752E-05	0	99.99997229	47.40668255	52.59331745	0				-367.67606	0.508970734	NaN	
367.51606	88	5	7	1	0.508970734	93.6405045	5.263030799	1.096464696				2.770523752E-05	0	99.99997229	47.40668255	52.59331745	0				-367.51606	0.508970734	NaN	
367.35606	88	5	7	1	0.508970734	93.6405045	5.263030799	1.096464696				2.770523752E-05	0	99.99997229	47.40668255	52.59331745	0				-367.35606	0.508970734	NaN	
367.19606	88	5	7	1	0.508970734	93.6405045	5.263030799	1.096464696				2.770523752E-05	0	99.99997229	47.40668255	52.59331745	0				-367.19606	0.508970734	NaN	
367.03606	88	5	7	1	0.508970734	93.6405045	5.263030799	1.096464696				2.770523752E-05	0	99.99997229	47.40668255	52.59331745	0				-367.03606	0.508970734	NaN	
366.87606	88	5	7	1	0.508970734	93.6405045	5.263030799	1.096464696				2.770523752E-05	0	99.99997229	47.40668255	52.59331745	0				-366.87606	0.508970734	NaN	
366.71606	88	5	7	1	0.508970734	93.6405045	5.263030799	1.096464696				2.770523752E-05	0	99.99997229	47.40668255	52.59331745	0				-366.71606	0.508970734	NaN	
366.55606	88	5	7	1	0.508970734	93.6405045	5.263030799	1.096464696				2.770523752E-05	0	99.99997229	47.40668255	52.59331745	0				-366.55606	0.508970734	NaN	
366.39606	88	5	7	1	0.508970734	93.6405045	5.263030799	1.096464696				2.770523752E-05	0	99.99997229	47.40668255	52.59331745	0				-366.39606	0.508970734	NaN	
366.23606	88	5	7	1	0.508970734	93.6405045	5.263030799	1.096464696				2.770523752E-05	0	99.99997229	47.40668255	52.59331745	0				-366.23606	0.508970734	NaN	
366.07606	88	5	7	1	0.508970734	93.6405045	5.263030799	1.096464696				2.770523752E-05	0	99.99997229	47.40668255	52.59331745	0				-366.07606	0.508970734	NaN	
365.91606	88	5	7	1	0.508970734	93.6405045	5.263030799	1.096464696				2.770523752E-05	0	99.99997229	47.40668255	52.59331745	0				-365.91606	0.508970734	NaN	
365.75606	88	5	7	1	0.508970734	93.6405045	5.263030799	1.096464696				2.770523752E-05	0	99.99997229	47.40668255	52.59331745	0				-365.75606	0.508970734	NaN	
365.59606	88	5	7	1	0.508970734	93.6405045	5.263030799	1.096464696				2.770523752E-05	0	99.99997229	47.40668255	52.59331745	0				-365.59606	0.508970734	NaN	
365.43606	88	5	7	1	0.508970734	93.6405045	5.263030799	1.096464696				2.770523752E-05	0	99.99997229	47.40668255	52.59331745	0				-365.43606	0.508970734	NaN	
365.27606	88	5	7	1	0.508970734	93.6405045	5.263030799	1.096464696				2.770523752E-05	0	99.99997229	47.40668255	52.59331745	0				-365.27606	0.508970734	NaN	
365.11606	88	5	7	1	0.508970734	93.6405045	5.263030799	1.096464696				2.770523752E-05	0	99.99997229	47.40668255	52.59331745	0				-365.11606	0.508970734	NaN	
364.95606	88	5	7	1	0.508970734	93.6405045	5.263030799	1.096464696				2.770523752E-05	0	99.99997229	47.40668255	52.59331745	0				-364.95606	0.508970734	NaN	
364.79606	88	5	7	1	0.508970734	93.6405045	5.263030799	1.096464696				2.770523752E-05	0	99.99997229	47.40668255	52.59331745	0				-364.79606	0.508970734	NaN	
364.63606	88	5	7	1	0.508970734	93.6405045	5.263030799	1.096464696				2.770523752E-05	0	99.99997229	47.40668255	52.59331745	0				-364.63606	0.508970734	NaN	
364.47606	88	5	7	1	0.508970734	93.6405045	5.263030799	1.096464696				2.770523752E-05	0	99.99997229	47.40668255	52.59331745	0				-364.47606	0.508970734	NaN	
364.31606	88	5	7	1	0.508970734	93.6405045	5.263030799	1.096464696				2.770523752E-05	0	99.99997229	47.40668255	52.59331745	0				-364.31606	0.508970734	NaN	
364.15606	88	5	7	1	0.508970734	93.6405045	5.263030799	1.096464696				2.770523752E-05	0	99.99997229	47.40668255	52.59331745	0				-364.15606	0.508970734	NaN	
363.99606	88	5	7	1	0.508970734	93.6405045	5.263030799	1.096464696				2.770523752E-05	0	99.99997229	47.40668255	52.59331745	0				-363.99606	0.508970734	NaN	
363.83606	88	5	7	1	0.508970734	93.6405045	5.263030799	1.096464696				2.770523752E-05	0	99.99997229	47.40668255	52.59331745	0				-363.83606	0.508970734	NaN	
363.67606	88	5	7	1	0.508970734	93.6405045	5.263030799	1.096464696				2.770523752E-05	0	99.99997229	47.40668255	52.59331745	0				-363.67606	0.508970734	NaN	
363.51606	88	5	7	1	0.508970734	93.6405045	5.263030799	1.096464696				2.770523752E-05	0	99.99997229	47.40668255	52.59331745	0				-363.51606	0.508970734	NaN	
363.35606	88	5	7	1	0.508970734	93.6405045	5.263030799	1.096464696				2.770523752E-05	0	99.99997229	47.40668255	52.59331745	0				-363.35606	0.508970734	NaN	
363.19606	88	5	7	1	0.508970734	93.6405045	5.263030799	1.096464696				2.770523752E-05	0	99.99997229	47.40668255	52.59331745	0				-363.19606	0.508970734	NaN	
363.03606	88	5	7	1	0.508970734	93.6405045	5.263030799	1.096464696				2.770523752E-05	0	99.99997229	47.40668255	52.59331745	0				-363.03606	0.508970734	NaN	
362.87606	88	5	7	1	0.508970734	93.6405045	5.263030799	1.096464696				2.770523752E-05	0	99.99997229	47.40668255	52.59331745	0				-362.87606	0.508970734	NaN	
362.71606	88	5	7	1	0.508970734	93.6405045	5.263030799	1.096464696				2.770523752E-05	0	99.99997229	47.40668255	52.59331745	0				-362.71606	0.508970734	NaN	
362.55606	88	5	7	1	0.508970734	93.6405045	5.263030799	1.096464696				2.770523752E-05	0	99.99997229	47.40668255	52.59331745	0				-362.55606	0.508970734	NaN	
362.39606	88	5	7	1	0.508970734	93.6405045	5.263030799	1.096464696				2.770523752E-05	0	99.99997229	47.40668255	52.59331745	0				-362.39606	0.508970734	NaN	
362.23606	88	5	7	1	0.508970734	93.6405045	5.263030799	1.096464696				2.770523752E-05	0	99.99997229	47.40668255	52.59331745	0				-362.23606	0.508970734	NaN	
362.07606	88	5	7	1	0.508970734	93.6405045	5.263030799	1.096464696				2.770523752E-05	0	99.99997229	47.40668255	52.59331745	0				-362.07606	0.508970734	NaN	
361.91606	88	5	7	1	0.508970734	93.6405045	5.263030799	1.096464696				2.770523752E-05	0	99.99997229	47.40668255	52.59331745	0				-361.91606	0.508970734	NaN	
361.75606	88	5	7	1	0.508970734	93.6405045	5.263030799	1.096464696				2.770523752E-05	0	99.99997229	47.40668255	52.59331745	0				-361.75606	0.508970734	NaN	
361.59606	88	5	7	1	0.508970734	93.6405045	5.263030799	1.096464696				2.770523752E-05	0	99.99997229	47.40668255	52.59331745	0				-361.59606	0.508970734	NaN	
361.43606	88	5	7	1	0.508970734	93.6405045	5.263030799	1.096464696				2.770523752E-05	0	99.99997229	47.40668255	52.59331745	0				-361.43606	0.508970734	NaN	
361.27606	88	5	7	1	0.508970734	93.6405045	5.263030799	1.096464696				2.770523752E-05	0	99.99997229	47.40668255	52.59331745	0				-361.27606	0.508970734	NaN	
361.11606	88	5	7	1	0.508970734	93.6405045	5.263030799	1.096464696				2.770523752E-05	0	99.99997229	47.40668255	52.59331745	0				-361.11606	0.508970734	NaN	
360.95606	88	5	7	1	0.508970734	93.6405045	5.263030799	1.096464696				2.770523752E-05	0	99.99997229	47.40668255	52.59331745	0				-360.95606	0.508970734	NaN	
360.79606	88	5	7	1	0.508970734	93.6405045	5.263030799	1.096464696				2.770523752E-05	0	99.99997229	47.40668255	52.59331745	0				-360.79606	0.508970734	NaN	
360.63606	88	5	7	1	0.508970734	93.6405045	5.263030799	1.096464696				2.770523752E-05	0	99.99997229	47.40668255	52.59331745	0				-360.63606	0.508970734	NaN	
360.47606	88	5	7	1	0.508970734	93.6405045	5.263030799	1.096464696				2.770523752E-05	0	99.99997229	47.40668255	52.59331745	0				-360.47606	0.508970734	NaN	
360.31606	88	5	7	1	0.508970734	93.6405045	5.263030799	1.096464696				2.770523752E-05	0	99.99997229	47.40668255	52.59331745	0				-360.31606	0.508970734	NaN	
360.15606	88	5	7	1	0.508970734	93.6405045	5.263030799	1.096464696				2.770523752E-05	0	99.99997229	47.40668255	52.59331745	0				-360.15606	0.508970734	NaN	
359.99606	88	5	7	1	0.508970734	93.6405045	5.263030799	1.096464696				2.770523752E-05	0	99.99997229	47.40668255	52.59331745	0				-359.99606	0.508970734	NaN	
359.83606	88	5	7	1	0.508970734	93.6405045	5.263030799	1.096464696				2.770523752E-05	0	99.99997229	47.40668255	52.59331745	0				-359.83606	0.508970734	NaN	
359.67606	88	5	7	1	0.508970734	93.6405045	5.263030799	1.096464696				2.770523752E-05	0	99.99997229	47.40668255	52.59331745	0				-359.67606	0.508970734	NaN	
359.51606	88	5	7	1	0.508970734	93.6405045	5.263030799	1.096464696				2.770523752E-05	0	99.99997229	47.40668255	52.59331745	0				-359.51606	0.508970734	NaN	
359.35606	88	5	7	1	0.508970734	93.6405045	5.263030799	1.096464696				2.770523752E-05	0	99.99997229	47.40668255	52.59331745	0				-359.35606	0.508970734	NaN	
359.19606	88	5	7	1	0.508970734	93.6405045	5.263030799	1.096464696				2.770523752E-05	0	99.99997229	47.40668255	52.59331745	0				-359.19606	0.508970734	NaN	
359.03606	88	5	7	1	0.508970734	93.6405045	5.263030799	1.096464696				2.770523752E-05	0	99.99997229	47.40668255	52.59331745	0				-359.03606	0.508970734	NaN	
358.87606	88	5	7	1	0.508970734	93.6405045	5.263030799	1.096464696				2.770523752E-05	0	99.99997229	47.40668255	52.59331745	0				-358.87606	0.508970734	NaN	
358.71606	88	5	7	1	0.508970734	93.6405045	5.263030799	1.096464696				2.770523752E-05	0	99.99997229	47.40668255	52.59331745	0				-358.71606	0.508970734	NaN	
358.55606	88	5	7	1	0.508970734	93.6405045	5.263030799	1.096464696				2.770523752E-05	0	99.99997229	47.40668255	52.59331745	0				-358.55606	0.508970734	NaN	
358.39606	88	5	7	1	0.508970734	93.6405045	5.263030799	1.096464696				2.770523752E-05	0	99.99997229	47.40668255	52.59331745	0				-358.39606	0.508970734	NaN	
358.23606	88	5	7	1	0.508970734	93.6405045	5.263030799	1.096464696				2.770523752E-05	0	99.99997229	47.40668255	52.59331745	0				-358.23606	0.508970734	NaN	
358.07606	88	5	7	1	0.508970734	93.6405045	5.263030799	1.096464696				2.770523752E-05	0	99.99997229	47.40668255	52.59331745	0				-358.07606	0.508970734	NaN	
357.91606	88	5	7	1	0.508970734	93.6405045	5.263030799	1.096464696				2.770523752E-05	0	99.99997229	47.40668255	52.59331745	0				-357.91606	0.508970734	NaN	
357.75606	88	5	7	1	0.508970734	93.6405045	5.263030799	1.096464696				2.770523752E-05	0	99.99997229	47.40668255	52.59331745	0				-357.75606	0.508970734	NaN	
357.59606	88	5	7	1	0.508970734	93.6405045	5.263030799	1.096464696				2.770523752E-05	0	99.99997229	47.40668255	52.59331745	0				-357.59606	0.508970734	NaN	
357.43606	88	5	7	1	0.508970734	93.6405045	5.263030799	1.096464696				2.770523752E-05	0	99.99997229	47.40668255	52.59331745	0				-357.43606	0.508970734	NaN	
357.27606	88	5	7	1	0.508970734	93.6405045	5.263030799	1.096464696				2.770523752E-05	0	99.99997229	47.40668255	52.59331745	0				-357.27606	0.508970734	NaN	
357.11606	88	5	7	1	0.508970734	93.6405045	5.263030799	1.096464696				2.770523752E-05	0	99.99997229	47.40668255	52.59331745	0				-357.11606	0.508970734	NaN	
356.95606	88	5	7	1	0.508970734	93.6405045	5.263030799	1.096464696				2.770523752E-05	0	99.99997229	47.40668255	52.59331745	0				-356.95606	0.508970734	NaN	
356.79606	88	5	7	1	0.508970734	93.6405045	5.263030799	1.096464696				2.770523752E-05	0	99.99997229	47.40668255	52.59331745	0				-356.79606	0.508970734	NaN	
356.63606	88	5	7	1	0.508970734	93.6405045	5.263030799	1.096464696				2.770523752E-05	0	99.99997229	47.40668255	52.59331745	0				-356.63606	0.508970734	NaN	
356.47606	88	5	7	1	0.508970734	93.6405045	5.263030799	1.096464696				2.770523752E-05	0	99.99997229	47.40668255	52.59331745	0				-356.47606	0.508970734	NaN	
356.31606	88	5	7	1	0.508970734	93.6405045	5.263030799	1.096464696				2.770523752E-05	0	99.99997229	47.40668255	52.59331745	0				-356.31606	0.508970734	NaN	
356.15606	88	5	7	1	0.508970734	93.6405045	5.263030799	1.096464696				2.770523752E-05	0	99.99997229	47.40668255	52.59331745	0				-356.15606	0.508970734	NaN	
355.99606	88	5	7	1	0.508970734	93.6405045	5.263030799	1.096464696				2.770523752E-05	0	99.99997229	47.40668255	52.59331745	0				-355.99606	0.508970734	NaN	
355.83606	88	5	7	1	0.508970734	93.6405045	5.263030799	1.096464696				2.770523752E-05	0	99.99997229	47.40668255	52.59331745	0				-355.83606	0.508970734	NaN	
355.67606	88	5	7	1	0.508970734	93.6405045	5.263030799	1.096464696				2.770523752E-05	0	99.99997229	47.40668255	52.59331745	0				-355.67606	0.508970734	NaN	
355.51606	88	5	7	1	0.508970734	93.6405045	5.263030799	1.096464696				2.770523752E-05	0	99.99997229	47.40668255	52.59331745	0				-355.51606	0.508970734	NaN	
355.35606	88	5	7	1	0.508970734	93.6405045	5.263030799	1.096464696				2.770523752E-05	0	99.99997229	47.40668255	52.59331745	0				-355.35606	0.508970734	NaN	
355.19606	88	5	7	1	0.508970734	93.6405045	5.263030799	1.096464696				2.770523752E-05	0	99.99997229	47.40668255	52.59331745	0				-355.19606	0.508970734	NaN	
355.03606	88	5	7	1	0.508970734	93.6405045	5.263030799	1.096464696				2.770523752E-05	0	99.99997229	47.40668255	52.59331745	0				-355.03606	0.508970734	NaN	
354.87606	88	5	7	1	0.508970734	93.6405045	5.263030799	1.096464696				2.770523752E-05	0	99.99997229	47.40668255	52.59331745	0				-354.87606	0.508970734	NaN	
354.71606	88	5	7	1	0.508970734	93.6405045	5.263030799	1.096464696				2.770523752E-05	0	99.99997229	47.40668255	52.59331745	0				-354.71606	0.508970734	NaN	
354.55606	88	5	7	1	0.508970734	93.6405045	5.263030799	1.096464696				2.770523752E-05	0	99.99997229	47.40668255	52.59331745	0				-354.55606	0.508970734	NaN	
354.39606	88	5	7	1	0.508970734	93.6405045	5.263030799	1.096464696				2.770523752E-05	0	99.99997229	47.40668255	52.59331745	0				-354.39606	0.508970734	NaN	
354.23606	88	5	7	1	0.508970734	93.6405045	5.263030799	1.096464696				2.770523752E-05	0	99.99997229	47.40668255	52.59331745	0				-354.23606	0.508970734	NaN	
354.07606	88	5	7	1	0.508970734	93.6405045	5.263030799	1.096464696				2.770523752E-05	0	99.99997229	47.40668255	52.59331745	0				-354.07606	0.508970734	NaN	
353.91606	88	5	7	1	0.508970734	93.6405045	5.263030799	1.096464696				2.770523752E-05	0	99.99997229	47.40668255	52.59331745	0				-353.91606	0.508970734	NaN	
353.75606	88	5	7	1	0.508970734	93.6405045	5.263030799	1.096464696				2.770523752E-05	0	99.99997229	47.40668255	52.59331745	0				-353.75606	0.508970734	NaN	
353.59606	88	5	7	1	0.508970734	93.6405045	5.263030799	1.096464696				2.770523752E-05	0	99.99997229	47.40668255	52.59331745	0				-353.59606	0.508970734	NaN	
353.43606	88	5	7	1	0.508970734	93.6405045	5.263030799	1.096464696				2.770523752E-05	0	99.99997229	47.40668255	52.59331745	0				-353.43606	0.508970734	NaN	
353.27606	88	5	7	1	0.508970734	93.6405045	5.263030799	1.096464696				2.770523752E-05	0	99.99997229	47.40668255	52.59331745	0				-353.27606	0.508970734	NaN	
353.11606	88	5	7	1	0.508970734	93.6405045	5.263030799	1.096464696				2.770523752E-05	0	99.99997229	47.40668255	52.59331745	0				-353.11606	0.508970734	NaN	
352.95606	88	5	7	1	0.508970734	93.6405045	5.263030799	1.096464696				2.770523752E-05	0	99.99997229	47.40668255	52.59331745	0				-352.95606	0.508970734	NaN	
352.79606	88	5	7	1	0.508970734	93.6405045	5.263030799	1.096464696				2.770523752E-05	0	99.99997229	47.40668255	52.59331745	0				-352.79606	0.508970734	NaN	
352.63606	88	5	7	1	0.508970734	93.6405045	5.263030799	1.096464696				2.770523752E-05	0	99.99997229	47.40668255	52.59331745	0				-352.63606	0.508970734	NaN	
352.47606	88	5	7	1	0.508970734	93.6405045	5.263030799	1.096464696				2.770523752E-05	0	99.99997229	47.40668255	52.59331745	0				-352.47606	0.508970734	NaN	
352.31606	88	5	7	1	0.508970734	93.6405045	5.263030799	1.096464696				2.770523752E-05	0	99.99997229	47.40668255	52.59331745	0				-352.31606	0.508970734	NaN	
352.15606	88	5	7	1	0.508970734	93.6405045	5.263030799	1.096464696				2.770523752E-05	0	99.99997229	47.40668255	52.59331745	0				-352.15606	0.508970734	NaN	
351.99606	88	5	7	1	0.508970734	93.6405045	5.263030799	1.096464696				2.770523752E-05	0	99.99997229	47.40668255	52.59331745	0				-351.99606	0.508970734	NaN	
351.83606	88	5	7	1	0.508970734	93.6405045	5.263030799	1.096464696				2.770523752E-05	0	99.99997229	47.40668255	52.59331745	0				-351.83606	0.508970734	NaN	
351.67606	88	5	7	1	0.508970734	93.6405045	5.263030799	1.096464696				2.770523752E-05	0	99.99997229	47.40668255	52.59331745	0				-351.67606	0.508970734	NaN	
351.51606	88	5	7	1	0.508970734	93.6405045	5.263030799	1.096464696				2.770523752E-05	0	99.99997229	47.40668255	52.59331745	0				-351.51606	0.508970734	NaN	
351.35606	88	5	7	1	0.508970734	93.6405045	5.263030799	1.096464696				2.770523752E-05	0	99.99997229	47.40668255	52.59331745	0				-351.35606	0.508970734	NaN	
351.19606	88	5	7	1	0.508970734	93.6405045	5.263030799	1.096464696				2.770523752E-05	0	99.99997229	47.40668255	52.59331745	0				-351.19606	0.508970734	NaN	
351.03606	88	5	7	1	0.508970734	93.6405045	5.263030799	1.096464696				2.770523752E-05	0	99.99997229	47.40668255	52.59331745	0				-351.03606	0.508970734	NaN	
350.87606	88	5	7	1	0.508970734	93.6405045	5.263030799	1.096464696				2.770523752E-05	0	99.99997229	47.40668255	52.59331745	0				-350.87606	0.508970734	NaN	
350.71606	88	5	7	1	0.508970734	93.6405045	5.263030799	1.096464696				2.770523752E-05	0	99.99997229	47.40668255	52.59331745	0				-350.71606	0.508970734	NaN	
350.55606	88	5	7	1	0.508970734	93.6405045	5.263030799	1.096464696				2.770523752E-05	0	99.99997229	47.40668255	52.59331745	0				-350.55606	0.508970734	NaN	
350.39606	88	5	7	1	0.508970734	93.6405045	5.263030799	1.096464696				2.770523752E-05	0	99.99997229	47.40668255	52.59331745	0				-350.39606	0.508970734	NaN	
350.23606	88	5	7	1	0.508970734	93.6405045	5.263030799	1.096464696				2.770523752E-05	0	99.99997229	47.40668255	52.59331745	0				-350.23606	0.508970734	NaN	
350.07606	88	5	7	1	0.508970734	93.6405045	5.263030799	1.096464696				2.770523752E-05	0	99.99997229	47.40668255	52.59331745	0				-350.07606	0.508970734	NaN	
349.91606	88	5	7	1	0.508970734	93.6405045	5.263030799	1.096464696				2.770523752E-05	0	99.99997229	47.40668255	52.59331745	0				-349.91606	0.508970734	NaN	
349.75606	88	5	7	1	0.508970734	93.6405045	5.263030799	1.096464696				2.770523752E-05	0	99.99997229	47.40668255	52.59331745	0				-349.75606	0.508970734	NaN	
349.59606	88	5	7	1	0.508970734	93.6405045	5.263030799	1.096464696				2.770523752E-05	0	99.99997229	47.40668255	52.59331745	0				-349.59606	0.508970734	NaN	
349.43606	88	5	7	1	0.508970734	93.6405045	5.263030799	1.096464696				2.770523752E-05	0	99.99997229	47.40668255	52.59331745	0				-349.43606	0.508970734	NaN	
349.27606	88	5	7	1	0.508970734	93.6405045	5.263030799	1.096464696				2.770523752E-05	0	99.99997229	47.40668255	52.59331745	0				-349.27606	0.508970734	NaN	
349.11606	88	5	7	1	0.508970734	93.6405045	5.263030799	1.096464696				2.770523752E-05	0	99.99997229	47.40668255	52.59331745	0				-349.11606	0.508970734	NaN	
348.95606	88	5	7	1	0.508970734	93.6405045	5.263030799	1.096464696				2.770523752E-05	0	99.99997229	47.40668255	52.59331745	0				-348.95606	0.508970734	NaN	
348.79606	88	5	7	1	0.508970734	93.6405045	5.263030799	1.096464696				2.770523752E-05	0	99.99997229	47.40668255	52.59331745	0				-348.79606	0.508970734	NaN	
348.63606	88	5	7	1	0.508970734	93.6405045	5.263030799	1.096464696				2.770523752E-05	0	99.99997229	47.40668255	52.59331745	0				-348.63606	0.508970734	NaN	
348.47606	88	5	7	1	0.508970734	93.6405045	5.263030799	1.096464696				2.770523752E-05	0	99.99997229	47.40668255	52.59331745	0				-348.47606	0.508970734	NaN	
348.31606	88	5	7	1	0.508970734	93.6405045	5.263030799	1.096464696				2.770523752E-05	0	99.99997229	47.40668255	52.59331745	0				-348.31606	0.508970734	NaN	
348.15606	88	5	7	1	0.508970734	93.6405045	5.263030799	1.096464696				2.770523752E-05	0	99.99997229	47.40668255	52.59331745	0				-348.15606	0.508970734	NaN	
347.99606	88	5	7	1	0.508970734	93.6405045	5.263030799	1.096464696				2.770523752E-05	0	99.99997229	47.40668255	52.59331745	0				-347.99606	0.508970734	NaN	
347.83606	88	5	7	1	0.508970734	93.6405045	5.263030799	1.096464696				2.770523752E-05	0	99.99997229	47.40668255	52.59331745	0				-347.83606	0.508970734	NaN	
347.67606	88	5	7	1	0.508970734	93.6405045	5.263030799	1.096464696				2.770523752E-05	0	99.99997229	47.40668255	52.59331745	0				-347.67606	0.508970734	NaN	
347.51606	88	5	7	1	0.508970734	93.6405045	5.263030799	1.096464696				2.770523752E-05	0	99.99997229	47.40668255	52.59331745	0				-347.51606	0.508970734	NaN	
347.35606	88	5	7	1	0.508970734	93.6405045	5.263030799	1.096464696				2.770523752E-05	0	99.99997229	47.40668255	52.59331745	0				-347.35606	0.508970734	NaN	
347.19606	88	5	7	1	0.508970734	93.6405045	5.263030799	1.096464696				2.770523752E-05	0	99.99997229	47.40668255	52.59331745	0				-347.19606	0.508970734	NaN	
347.03606	88	5	7	1	0.508970734	93.6405045	5.263030799	1.096464696				2.770523752E-05	0	99.99997229	47.40668255	52.59331745	0				-347.03606	0.508970734	NaN	
346.87606	88	5	7	1	0.508970734	93.6405045	5.263030799	1.096464696				2.770523752E-05	0	99.99997229	47.40668255	52.59331745	0				-346.87606	0.508970734	NaN	
346.71606	88	5	7	1	0.508970734	93.6405045	5.263030799	1.096464696				2.770523752E-05	0	99.99997229	47.40668255	52.59331745	0				-346.71606	0.508970734	NaN	
346.55606	88	5	7	1	0.508970734	93.6405045	5.263030799	1.096464696				2.770523752E-05	0	99.99997229	47.40668255	52.59331745	0				-346.55606	0.508970734	NaN	
346.39606	88	5	7	1	0.508970734	93.6405045	5.263030799	1.096464696				2.770523752E-05	0	99.99997229	47.40668255	52.59331745	0				-346.39606	0.508970734	NaN	
346.23606	88	5	7	1	0.508970734	93.6405045	5.263030799	1.096464696				2.770523752E-05	0	99.99997229	47.40668255	52.59331745	0				-346.23606	0.508970734	NaN	
346.07606	88	5	7	1	0.508970734	93.6405045	5.263030799	1.096464696				2.770523752E-05	0	99.99997229	47.40668255	52.59331745	0				-346.07606	0.508970734	NaN	
345.91606	88	5	7	1	0.508970734	93.6405045	5.263030799	1.096464696				2.770523752E-05	0	99.99997229	47.40668255	52.59331745	0				-345.91606	0.508970734	NaN	
345.75606	88	5	7	1	0.508970734	93.6405045	5.263030799	1.096464696				2.770523752E-05	0	99.99997229	47.40668255	52.59331745	0				-345.75606	0.508970734	NaN	
345.59606	88	5	7	1	0.508970734	93.6405045	5.263030799	1.096464696				2.770523752E-05	0	99.99997229	47.40668255	52.59331745	0				-345.59606	0.508970734	NaN	
345.43606	88	5	7	1	0.508970734	93.6405045	5.263030799	1.096464696				2.770523752E-05	0	99.99997229	47.40668255	52.59331745	0				-345.43606	0.508970734	NaN	
345.27606	88	5	7	1	0.508970734	93.6405045	5.263030799	1.096464696				2.770523752E-05	0	99.99997229	47.40668255	52.59331745	0				-345.27606	0.508970734	NaN	
345.11606	88	5	7	1	0.508970734	93.6405045	5.263030799	1.096464696				2.770523752E-05	0	99.99997229	47.40668255	52.59331745	0				-345.11606	0.508970734	NaN	
344.95606	88	5	7	1	0.508970734	93.6405045	5.263030799	1.096464696				2.770523752E-05	0	99.99997229	47.40668255	52.59331745	0				-344.95606	0.508970734	NaN	
344.79606	88	5	7	1	0.508970734	93.6405045	5.263030799	1.096464696				2.770523752E-05	0	99.99997229	47.40668255	52.59331745	0				-344.79606	0.508970734	NaN	
344.63606	88	5	7	1	0.508970734	93.6405045	5.263030799	1.096464696				2.770523752E-05	0	99.99997229	47.40668255	52.59331745	0				-344.63606	0.508970734	NaN	
344.47606	88	5	7	1	0.508970734	93.6405045	5.263030799	1.096464696				2.770523752E-05	0	99.99997229	47.40668255	52.59331745	0				-344.47606	0.508970734	NaN	
344.31606	88	5	7	1	0.508970734	93.6405045	5.263030799	1.096464696				2.770523752E-05	0	99.99997229	47.40668255	52.59331745	0				-344.31606	0.508970734	NaN	
344.15606	88	5	7	1	0.508970734	93.6405045	5.263030799	1.096464696				2.770523752E-05	0	99.99997229	47.40668255	52.59331745	0				-344.15606	0.508970734	NaN	
343.99606	88	5	7	1	0.508970734	93.6405045	5.263030799	1.096464696				2.770523752E-05	0	99.99997229	47.40668255	52.59331745	0				-343.99606	0.508970734	NaN	
343.83606	88	5	7	1	0.508970734	93.6405045	5.263030799	1.096464696				2.770523752E-05	0	99.99997229	47.40668255	52.59331745	0				-343.83606	0.508970734	NaN	
343.67606	88	5	7	1	0.508970734	93.6405045	5.263030799	1.096464696				2.770523752E-05	0	99.99997229	47.40668255	52.59331745	0				-343.67606	0.508970734	NaN	
343.51606	88	5	7	1	0.508970734	93.6405045	5.263030799	1.096464696				2.770523752E-05	0	99.99997229	47.40668255	52.59331745	0				-343.51606	0.508970734	NaN	
343.35606	88	5	7	1	0.508970734	93.6405045	5.263030799	1.096464696				2.770523752E-05	0	99.99997229	47.40668255	52.59331745	0				-343.35606	0.508970734	NaN	
343.19606	88	5	7	1	0.508970734	93.6405045	5.263030799	1.096464696				2.770523752E-05	0	99.99997229	47.40668255	52.59331745	0				-343.19606	0.508970734	NaN	
343.03606	88	5	7	1	0.508970734	93.6405045	5.263030799	1.096464696				2.770523752E-05	0	99.99997229	47.40668255	52.59331745	0				-343.03606	0.508970734	NaN	
342.87606	88	5	7	1	0.508970734	93.6405045	5.263030799	1.096464696				2.770523752E-05	0	99.99997229	47.40668255	52.59331745	0				-342.87606	0.508970734	NaN	
342.71606	88	5	7	1	0.508970734	93.6405045	5.263030799	1.096464696				2.770523752E-05	0	99.99997229	47.40668255	52.59331745	0				-342.71606	0.508970734	NaN	
342.55606	88	5	7	1	0.508970734	93.6405045	5.263030799	1.096464696				2.770523752E-05	0	99.99997229	47.40668255	52.59331745	0				-342.55606	0.508970734	NaN	
342.39606	88	5	7	1	0.508970734	93.6405045	5.263030799	1.096464696				2.770523752E-05	0	99.99997229	47.40668255	52.59331745	0				-342.39606	0.508970734	NaN	
342.23606	88	5	7	1	0.508970734	93.6405045	5.263030799	1.096464696				2.770523752E-05	0	99.99997229	47.40668255	52.59331745	0				-342.23606	0.508970734	NaN	
342.07606	88	5	7	1	0.508970734	93.6405045	5.263030799	1.096464696				2.770523752E-05	0	99.99997229	47.40668255	52.59331745	0				-342.07606	0.508970734	NaN	
341.91606	88	5	7	1	0.508970734	93.6405045	5.263030799	1.096464696				2.770523752E-05	0	99.99997229	47.40668255	52.59331745	0				-341.91606	0.508970734	NaN	
341.75606	88	5	7	1	0.508970734	93.6405045	5.263030799	1.096464696				2.770523752E-05	0	99.99997229	47.40668255	52.59331745	0				-341.75606	0.508970734	NaN	
341.59606	88	5	7	1	0.508970734	93.6405045	5.263030799	1.096464696				2.770523752E-05	0	99.99997229	47.40668255	52.59331745	0				-341.59606	0.508970734	NaN	
341.43606	88	5	7	1	0.508970734	93.6405045	5.263030799	1.096464696				2.770523752E-05	0	99.99997229	47.40668255	52.59331745	0				-341.43606	0.508970734	NaN	
341.27606	88	5	7	1	0.508970734	93.6405045	5.263030799	1.096464696				2.770523752E-05	0	99.99997229	47.40668255	52.59331745	0				-341.27606	0.508970734	NaN	
341.11606	88	5	7	1	0.508970734	93.6405045	5.263030799	1.096464696				2.770523752E-05	0	99.99997229	47.40668255	52.59331745	0				-341.11606	0.508970734	NaN	
340.95606	88	5	7	1	0.508970734	93.6405045	5.263030799	1.096464696				2.770523752E-05	0	99.99997229	47.40668255	52.59331745	0				-340.95606	0.508970734	NaN	
340.79606	88	5	7	1	0.508970734	93.6405045	5.263030799	1.096464696				2.770523752E-05	0	99.99997229	47.40668255	52.59331745	0				-340.79606	0.508970734	NaN	
340.63606	88	5	7	1	0.508970734	93.6405045	5.263030799	1.096464696				2.770523752E-05	0	99.99997229	47.40668255	52.59331745	0				-340.63606	0.508970734	NaN	
340.47606	88	5	7	1	0.508970734	93.6405045	5.263030799	1.096464696				2.770523752E-05	0	99.99997229	47.40668255	52.59331745	0				-340.47606	0.508970734	NaN	
340.31606	88	5	7	1	0.508970734	93.6405045	5.263030799	1.096464696				2.770523752E-05	0	99.99997229	47.40668255	52.59331745	0				-340.31606	0.508970734	NaN	
340.15606	88	5	7	1	0.508970734	93.6405045	5.263030799	1.096464696				2.770523752E-05	0	99.99997229	47.40668255	52.59331745	0				-340.15606	0.508970734	NaN	
339.99606	88	5	7	1	0.508970734	93.6405045	5.263030799	1.096464696				2.770523752E-05	0	99.99997229	47.40668255	52.59331745	0				-339.99606	0.508970734	NaN	
339.83606	88	5	7	1	0.508970734	93.6405045	5.263030799	1.096464696				2.770523752E-05	0	99.99997229	47.40668255	52.59331745	0				-339.83606	0.508970734	NaN	
339.67606	88	5	7	1	0.508970734	93.6405045	5.263030799	1.096464696				2.770523752E-05	0	99.99997229	47.40668255	52.59331745	0				-339.67606	0.508970734	NaN	
339.51606	88	5	7	1	0.508970734	93.6405045	5.263030799	1.096464696				2.770523752E-05	0	99.99997229	47.40668255	52.59331745	0				-339.51606	0.508970734	NaN	
339.35606	88	5	7	1	0.508970734	93.6405045	5.263030799	1.096464696				2.770523752E-05	0	99.99997229	47.40668255	52.59331745	0				-339.35606	0.508970734	NaN	
339.19606	88	5	7	1	0.508970734	93.6405045	5.263030799	1.096464696				2.770523752E-05	0	99.99997229	47.40668255	52.59331745	0				-339.19606	0.508970734	NaN	
339.03606	88	5	7	1	0.508970734	93.6405045	5.263030799	1.096464696				2.770523752E-05	0	99.99997229	47.40668255	52.59331745	0				-339.03606	0.508970734	NaN	
338.87606	88	5	7	1	0.508970734	93.6405045	5.263030799	1.096464696				2.770523752E-05	0	99.99997229	47.40668255	52.59331745	0				-338.87606	0.508970734	NaN	
338.71606	88	5	7	1	0.508970734	93.6405045	5.263030799	1.096464696				2.770523752E-05	0	99.99997229	47.40668255	52.59331745	0				-338.71606	0.508970734	NaN	
338.55606	88	5	7	1	0.508970734	93.6405045	5.263030799	1.096464696				2.770523752E-05	0	99.99997229	47.40668255	52.59331745	0				-338.55606	0.508970734	NaN	
338.39606	88	5	7	1	0.508970734	93.6405045	5.263030799	1.096464696				2.770523752E-05	0	99.99997229	47.40668255	52.59331745	0				-338.39606	0.508970734	NaN	
338.23606	88	5	7	1	0.508970734	93.6405045	5.263030799	1.096464696				2.770523752E-05	0	99.99997229	47.40668255	52.59331745	0				-338.23606	0.508970734	NaN	
338.07606	88	5	7	1	0.508970734	93.6405045	5.263030799	1.096464696				2.770523752E-05	0	99.99997229	47.40668255	52.59331745	0				-338.07606	0.508970734	NaN	
337.91606	88	5	7	1	0.508970734	93.6405045	5.263030799	1.096464696				2.770523752E-05	0	99.99997229	47.40668255	52.59331745	0				-337.91606	0.508970734	NaN	
337.75606	88	5	7	1	0.508970734	93.6405045	5.263030799	1.096464696				2.770523752E-05	0	99.99997229	47.40668255	52.59331745	0				-337.75606	0.508970734	NaN	
337.59606	88	5	7	1	0.508970734	93.6405045	5.263030799	1.096464696				2.770523752E-05	0	99.99997229	47.40668255	52.59331745	0				-337.59606	0.508970734	NaN	
337.43606	88	5	7	1	0.508970734	93.6405045	5.263030799	1.096464696				2.770523752E-05	0	99.99997229	47.40668255	52.59331745	0				-337.43606	0.508970734	NaN	
337.27606	88	5	7	1	0.508970734	93.6405045	5.263030799	1.096464696				2.770523752E-05	0	99.99997229	47.40668255	52.59331745	0				-337.27606	0.508970734	NaN	
337.11606	88	5	7	1	0.508970734	93.6405045	5.263030799	1.096464696				2.770523752E-05	0	99.99997229	47.40668255	52.59331745	0				-337.11606	0.508970734	NaN	
336.95606	88	5	7	1	0.508970734	93.6405045	5.263030799	1.096464696				2.770523752E-05	0	99.99997229	47.40668255	52.59331745	0				-336.95606	0.508970734	NaN	
336.79606	88	5	7	1	0.508970734	93.6405045	5.263030799	1.096464696				2.770523752E-05	0	99.99997229	47.40668255	52.59331745	0				-336.79606	0.508970734	NaN	
336.63606	88	5	7	1	0.508970734	93.6405045	5.263030799	1.096464696				2.770523752E-05	0	99.99997229	47.40668255	52.59331745	0				-336.63606	0.508970734	NaN	
336.47606	88	5	7	1	0.508970734	93.6405045	5.263030799	1.096464696				2.770523752E-05	0	99.99997229	47.40668255	52.59331745	0				-336.47606	0.508970734	NaN	
336.31606	88	5	7	1	0.508970734	93.6405045	5.263030799	1.096464696				2.770523752E-05	0	99.99997229	47.40668255	52.59331745	0				-336.31606	0.508970734	NaN	
336.15606	88	5	7	1	0.508970734	93.6405045	5.263030799	1.096464696				2.770523752E-05	0	99.99997229	47.40668255	52.59331745	0				-336.15606	0.508970734	NaN	
335.99606	88	5	7	1	0.508970734	93.6405045	5.263030799	1.096464696				2.770523752E-05	0	99.99997229	47.40668255	52.59331745	0				-335.99606	0.508970734	NaN	
335.83606	88	5	7	1	0.508970734	93.6405045	5.263030799	1.096464696				2.770523752E-05	0	99.99997229	47.40668255	52.59331745	0				-335.83606	0.508970734	NaN	
335.67606	88	5	7	1	0.508970734	93.6405045	5.263030799	1.096464696				2.770523752E-05	0	99.99997229	47.40668255	52.59331745	0				-335.67606	0.508970734	NaN	
335.51606	88	5	7	1	0.508970734	93.6405045	5.263030799	1.096464696				2.770523752E-05	0	99.99997229	47.40668255	52.59331745	0				-335.51606	0.508970734	NaN	
335.35606	88	5	7	1	0.508970734	93.6405045	5.263030799	1.096464696				2.770523752E-05	0	99.99997229	47.40668255	52.59331745	0				-335.35606	0.508970734	NaN	
335.19606	88	5	7	1	0.508970734	93.6405045	5.263030799	1.096464696				2.770523752E-05	0	99.99997229	47.40668255	52.59331745	0				-335.19606	0.508970734	NaN	
335.03606	88	5	7	1	0.508970734	93.6405045	5.263030799	1.096464696				2.770523752E-05	0	99.99997229	47.40668255	52.59331745	0				-335.03606	0.508970734	NaN	
334.87606	88	5	7	1	0.508970734	93.6405045	5.263030799	1.096464696				2.770523752E-05	0	99.99997229	47.40668255	52.59331745	0				-334.87606	0.508970734	NaN	
334.71606	88	5	7	1	0.508970734	93.6405045	5.263030799	1.096464696				2.770523752E-05	0	99.99997229	47.40668255	52.59331745	0				-334.71606	0.508970734	NaN	
334.55606	88	5	7	1	0.508970734	93.6405045	5.263030799	1.096464696				2.770523752E-05	0	99.99997229	47.40668255	52.59331745	0				-334.55606	0.508970734	NaN	
334.39606	88	5	7	1	0.508970734	93.6405045	5.263030799	1.096464696				2.770523752E-05	0	99.99997229	47.40668255	52.59331745	0				-334.39606	0.508970734	NaN	
334.23606	88	5	7	1	0.508970734	93.6405045	5.263030799	1.096464696				2.770523752E-05	0	99.99997229	47.40668255	52.59331745	0				-334.23606	0.508970734	NaN	
334.07606	88	5	7	1	0.508970734	93.6405045	5.263030799	1.096464696				2.770523752E-05	0	99.99997229	47.40668255	52.59331745	0				-334.07606	0.508970734	NaN	
333.91606	88	5	7	1	0.508970734	93.6405045	5.263030799	1.096464696				2.770523752E-05	0	99.99997229	47.40668255	52.59331745	0				-333.91606	0.508970734	NaN	
333.75606	88	5	7	1	0.508970734	93.6405045	5.263030799	1.096464696				2.770523752E-05	0	99.99997229	47.40668255	52.59331745	0				-333.75606	0.508970734	NaN	
333.59606	88	5	7	1	0.508970734	93.6405045	5.263030799	1.096464696				2.770523752E-05	0	99.99997229	47.40668255	52.59331745	0				-333.59606	0.508970734	NaN	
333.43606	88	5	7	1	0.508970734	93.6405045	5.263030799	1.096464696				2.770523752E-05	0	99.99997229	47.40668255	52.59331745	0				-333.43606	0.508970734	NaN	
333.27606	88	5	7	1	0.508970734	93.6405045	5.263030799	1.096464696				2.770523752E-05	0	99.99997229	47.40668255	52.59331745	0				-333.27606	0.508970734	NaN	
333.11606	88	5	7	1	0.508970734	93.6405045	5.263030799	1.096464696				2.770523752E-05	0	99.99997229	47.40668255	52.59331745	0				-333.11606	0.508970734	NaN	
332.95606	88	5	7	1	0.508970734	93.6405045	5.263030799	1.096464696				2.770523752E-05	0	99.99997229	47.40668255	52.59331745	0				-332.95606	0.508970734	NaN	
332.79606	88	5	7	1	0.508970734	93.6405045	5.263030799	1.096464696				2.770523752E-05	0	99.99997229	47.40668255	52.59331745	0				-332.79606	0.508970734	NaN	
332.63606	88	5	7	1	0.508970734	93.6405045	5.263030799	1.096464696				2.770523752E-05	0	99.99997229	47.40668255	52.59331745	0				-332.63606	0.508970734	NaN	
332.47606	88	5	7	1	0.508970734	93.6405045	5.263030799	1.096464696				2.770523752E-05	0	99.99997229	47.40668255	52.59331745	0				-332.47606	0.508970734	NaN	
332.31606	88	5	7	1	0.508970734	93.6405045	5.263030799	1.096464696				2.770523752E-05	0	99.99997229	47.40668255	52.59331745	0				-332.31606	0.508970734	NaN	
332.15606	88	5	7	1	0.508970734	93.6405045	5.263030799	1.096464696				2.770523752E-05	0	99.99997229	47.40668255	52.59331745	0				-332.15606	0.508970734	NaN	
331.99606	88	5	7	1	0.508970734	93.6405045	5.263030799	1.096464696				2.770523752E-05	0	99.99997229	47.40668255	52.59331745	0				-331.99606	0.508970734	NaN	
331.83606	88	5	7	1	0.508970734	93.6405045	5.263030799	1.096464696				2.770523752E-05	0	99.99997229	47.40668255	52.59331745	0				-331.83606	0.508970734	NaN	
331.67606	88	5	7	1	0.508970734	93.6405045	5.263030799	1.096464696				2.770523752E-05	0	99.99997229	47.40668255	52.59331745	0				-331.67606	0.508970734	NaN	
331.51606	88	5	7	1	0.508970734	93.6405045	5.263030799	1.096464696				2.770523752E-05	0	99.99997229	47.40668255	52.59331745	0				-331.51606	0.508970734	NaN	
331.35606	88	5	7	1	0.508970734	93.6405045	5.263030799	1.096464696				2.770523752E-05	0	99.99997229	47.40668255	52.59331745	0				-331.35606	0.508970734	NaN	
331.19606	88	5	7	1	0.508970734	93.6405045	5.263030799	1.096464696				2.770523752E-05	0	99.99997229	47.40668255	52.59331745	0				-331.19606	0.508970734	NaN	
331.03606	88	5	7	1	0.508970734	93.6405045	5.263030799	1.096464696				2.770523752E-05	0	99.99997229	47.40668255	52.59331745	0				-331.03606	0.508970734	NaN	
330.87606	88	5	7	1	0.508970734	93.6405045	5.263030799	1.096464696				2.770523752E-05	0	99.99997229	47.40668255	52.59331745	0				-330.87606	0.508970734	NaN	
330.71606	88	5	7	1	0.508970734	93.6405045	5.263030799	1.096464696				2.770523752E-05	0	99.99997229	47.40668255	52.59331745	0				-330.71606	0.508970734	NaN	
330.55606	88	5	7	1	0.508970734	93.6405045	5.263030799	1.096464696				2.770523752E-05	0	99.99997229	47.40668255	52.59331745	0				-330.55606	0.508970734	NaN	
330.39606	88	5	7	1	0.508970734	93.6405045	5.263030799	1.096464696				2.770523752E-05	0	99.99997229	47.40668255	52.59331745	0				-330.39606	0.508970734	NaN	
330.23606	88	5	7	1	0.508970734	93.6405045	5.263030799	1.096464696				2.770523752E-05	0	99.99997229	47.40668255	52.59331745	0				-330.23606	0.508970734	NaN	
330.07606	88	5	7	1	0.508970734	93.6405045	5.263030799	1.096464696				2.770523752E-05	0	99.99997229	47.40668255	52.59331745	0				-330.07606	0.508970734	NaN	
329.91606	88	5	7	1	0.508970734	93.6405045	5.263030799	1.096464696				2.770523752E-05	0	99.99997229	47.40668255	52.59331745	0				-329.91606	0.508970734	NaN	
329.75606	88	5	7	1	0.508970734	93.6405045	5.263030799	1.096464696				2.770523752E-05	0	99.99997229	47.40668255	52.59331745	0				-329.75606	0.508970734	NaN	
329.59606	88	5	7	1	0.508970734	93.6405045	5.263030799	1.096464696				2.770523752E-05	0	99.99997229	47.40668255	52.59331745	0				-329.59606	0.508970734	NaN	
329.43606	88	5	7	1	0.508970734	93.6405045	5.263030799	1.096464696				2.770523752E-05	0	99.99997229	47.40668255	52.59331745	0				-329.43606	0.508970734	NaN	
329.27606	88	5	7	1	0.508970734	93.6405045	5.263030799	1.096464696				2.770523752E-05	0	99.99997229	47.40668255	52.59331745	0				-329.27606	0.508970734	NaN	
329.11606	88	5	7	1	0.508970734	93.6405045	5.263030799	1.096464696				2.770523752E-05	0	99.99997229	47.40668255	52.59331745	0				-329.11606	0.508970734	NaN	
328.95606	88	5	7	1	0.508970734	93.6405045	5.263030799	1.096464696				2.770523752E-05	0	99.99997229	47.40668255	52.59331745	0				-328.95606	0.508970734	NaN	
328.79606	88	5	7	1	0.508970734	93.6405045	5.263030799	1.096464696				2.770523752E-05	0	99.99997229	47.40668255	52.59331745	0				-328.79606	0.508970734	NaN	
328.63606	88	5	7	1	0.508970734	93.6405045	5.263030799	1.096464696				2.770523752E-05	0	99.99997229	47.40668255	52.59331745	0				-328.63606	0.508970734	NaN	
328.47606	88	5	7	1	0.508970734	93.6405045	5.263030799	1.096464696				2.770523752E-05	0	99.99997229	47.40668255	52.59331745	0				-328.47606	0.508970734	NaN	
328.31606	88	5	7	1	0.508970734	93.6405045	5.263030799	1.096464696				2.770523752E-05	0	99.99997229	47.40668255	52.59331745	0				-328.31606	0.508970734	NaN	
328.15606	88	5	7	1	0.508970734	93.6405045	5.263030799	1.096464696				2.770523752E-05	0	99.99997229	47.40668255	52.59331745	0				-328.15606	0.508970734	NaN	
327.99606	88	5	7	1	0.508970734	93.6405045	5.263030799	1.096464696				2.770523752E-05	0	99.99997229	47.40668255	52.59331745	0				-327.99606	0.508970734	NaN	
327.83606	88	5	7	1	0.508970734	93.6405045	5.263030799	1.096464696				2.770523752E-05	0	99.99997229	47.40668255	52.59331745	0				-327.83606	0.508970734	NaN	
327.67606	88	5	7	1	0.508970734	93.6405045	5.263030799	1.096464696				2.770523752E-05	0	99.99997229	47.40668255	52.59331745	0				-327.67606	0.508970734	NaN	
327.51606	88	5	7	1	0.508970734	93.6405045	5.263030799	1.096464696				2.770523752E-05	0	99.99997229	47.40668255	52.59331745	0				-327.51606	0.508970734	NaN	
327.35606	88	5	7	1	0.508970734	93.6405045	5.263030799	1.096464696				2.770523752E-05	0	99.99997229	47.40668255	52.59331745	0				-327.35606	0.508970734	NaN	
327.19606	88	5	7	1	0.508970734	93.6405045	5.263030799	1.096464696				2.770523752E-05	0	99.99997229	47.40668255	52.59331745	0				-327.19606	0.508970734	NaN	
327.03606	88	5	7	1	0.508970734	93.6405045	5.263030799	1.096464696				2.770523752E-05	0	99.99997229	47.40668255	52.59331745	0				-327.03606	0.508970734	NaN	
326.87606	88	5	7	1	0.508970734	93.6405045	5.263030799	1.096464696				2.770523752E-05	0	99.99997229	47.40668255	52.59331745	0				-326.87606	0.508970734	NaN	
326.71606	88	5	7	1	0.508970734	93.6405045	5.263030799	1.096464696				2.770523752E-05	0	99.99997229	47.40668255	52.59331745	0				-326.71606	0.508970734	NaN	
326.55606	88	5	7	1	0.508970734	93.6405045	5.263030799	1.096464696				2.770523752E-05	0	99.99997229	47.40668255	52.59331745	0				-326.55606	0.508970734	NaN	
326.39606	88	5	7	1	0.508970734	93.6405045	5.263030799	1.096464696				2.770523752E-05	0	99.99997229	47.40668255	52.59331745	0				-326.39606	0.508970734	NaN	
326.23606	88	5	7	1	0.508970734	93.6405045	5.263030799	1.096464696				2.770523752E-05	0	99.99997229	47.40668255	52.59331745	0				-326.23606	0.508970734	NaN	
326.07606	88	5	7	1	0.508970734	93.6405045	5.263030799	1.096464696				2.770523752E-05	0	99.99997229	47.40668255	52.59331745	0				-326.07606	0.508970734	NaN	
325.91606	88	5	7	1	0.508970734	93.6405045	5.263030799	1.096464696				2.770523752E-05	0	99.99997229	47.40668255	52.59331745	0				-325.91606	0.508970734	NaN	
325.75606	88	5	7	1	0.508970734	93.6405045	5.263030799	1.096464696				2.770523752E-05	0	99.99997229	47.40668255	52.59331745	0				-325.75606	0.508970734	NaN	
325.59606	88	5	7	1	0.508970734	93.6405045	5.263030799	1.096464696				2.770523752E-05	0	99.99997229	47.40668255	52.59331745	0				-325.59606	0.508970734	NaN	
325.43606	88	5	7	1	0.508970734	93.6405045	5.263030799	1.096464696				2.770523752E-05	0	99.99997229	47.40668255	52.59331745	0				-325.43606	0.508970734	NaN	
325.27606	88	5	7	1	0.508970734	93.6405045	5.263030799	1.096464696				2.770523752E-05	0	99.99997229	47.40668255	52.59331745	0				-325.27606	0.508970734	NaN	
325.11606	88	5	7	1	0.508970734	93.6405045	5.263030799	1.096464696				2.770523752E-05	0	99.99997229	47.40668255	52.59331745	0				-325.11606	0.508970734	NaN	
324.95606	88	5	7	1	0.508970734	93.6405045	5.263030799	1.096464696				2.770523752E-05	0	99.99997229	47.40668255	52.59331745	0				-324.95606	0.508970734	NaN	
324.79606	88	5	7	1	0.508970734	93.6405045	5.263030799	1.096464696				2.770523752E-05	0	99.99997229	47.40668255	52.59331745	0				-324.79606	0.508970734	NaN	
324.63606	88	5	7	1	0.508970734	93.6405045	5.263030799	1.096464696				2.770523752E-05	0	99.99997229	47.40668255	52.59331745	0				-324.63606	0.508970734	NaN	
324.47606	88	5	7	1	0.508970734	93.6405045	5.263030799	1.096464696				2.770523752E-05	0	99.99997229	47.40668255	52.59331745	0				-324.47606	0.508970734	NaN	
324.31606	88	5	7	1	0.508970734	93.6405045	5.263030799	1.096464696				2.770523752E-05	0	99.99997229	47.40668255	52.59331745	0				-324.31606	0.508970734	NaN	
324.15606	88	5	7	1	0.508970734	93.6405045	5.263030799	1.096464696				2.770523752E-05	0	99.99997229	47.40668255	52.59331745	0				-324.15606	0.508970734	NaN	
323.99606	88	5	7	1	0.508970734	93.6405045	5.263030799	1.096464696				2.770523752E-05	0	99.99997229	47.40668255	52.59331745	0				-323.99606	0.508970734	NaN	
323.83606	88	5	7	1	0.508970734	93.6405045	5.263030799	1.096464696				2.770523752E-05	0	99.99997229	47.40668255	52.59331745	0				-323.83606	0.508970734	NaN	
323.67606	88	5	7	1	0.508970734	93.6405045	5.263030799	1.096464696				2.770523752E-05	0	99.99997229	47.40668255	52.59331745	0				-323.67606	0.508970734	NaN	
323.51606	88	5	7	1	0.508970734	93.6405045	5.263030799	1.096464696				2.770523752E-05	0	99.99997229	47.40668255	52.59331745	0				-323.51606	0.508970734	NaN	
323.35606	88	5	7	1	0.508970734	93.6405045	5.263030799	1.096464696				2.770523752E-05	0	99.99997229	47.40668255	52.59331745	0				-323.35606	0.508970734	NaN	
323.19606	88	5	7	1	0.508970734	93.6405045	5.263030799	1.096464696				2.770523752E-05	0	99.99997229	47.40668255	52.59331745	0				-323.19606	0.508970734	NaN	
323.03606	88	5	7	1	0.508970734	93.6405045	5.263030799	1.096464696				2.770523752E-05	0	99.99997229	47.40668255	52.59331745	0				-323.03606	0.508970734	NaN	
322.87606	88	5	7	1	0.508970734	93.6405045	5.263030799	1.096464696				2.770523752E-05	0	99.99997229	47.40668255	52.59331745	0				-322.87606	0.508970734	NaN	
322.71606	88	5	7	1	0.508970734	93.6405045	5.263030799	1.096464696				2.770523752E-05	0	99.99997229	47.40668255	52.59331745	0				-322.71606	0.508970734	NaN	
322.55606	88	5	7	1	0.508970734	93.6405045	5.263030799	1.096464696				2.770523752E-05	0	99.99997229	47.40668255	52.59331745	0				-322.55606	0.508970734	NaN	
322.39606	88	5	7	1	0.508970734	93.6405045	5.263030799	1.096464696				2.770523752E-05	0	99.99997229	47.40668255	52.59331745	0				-322.39606	0.508970734	NaN	
322.23606	88	5	7	1	0.508970734	93.6405045	5.263030799	1.096464696				2.770523752E-05	0	99.99997229	47.40668255	52.59331745	0				-322.23606	0.508970734	NaN	
322.07606	88	5	7	1	0.508970734	93.6405045	5.263030799	1.096464696				2.770523752E-05	0	99.99997229	47.40668255	52.59331745	0				-322.07606	0.508970734	NaN	
321.91606	88	5	7	1	0.508970734	93.6405045	5.263030799	1.096464696				2.770523752E-05	0	99.99997229	47.40668255	52.59331745	0				-321.91606	0.508970734	NaN	
321.75606	88	5	7	1	0.508970734	93.6405045	5.263030799	1.096464696				2.770523752E-05	0	99.99997229	47.40668255	52.59331745	0				-321.75606	0.508970734	NaN	
321.59606	88	5	7	1	0.508970734	93.6405045	5.263030799	1.096464696				2.770523752E-05	0	99.99997229	47.40668255	52.59331745	0				-321.59606	0.508970734	NaN	
321.43606	88	5	7	1	0.508970734	93.6405045	5.263030799	1.096464696				2.770523752E-05	0	99.99997229	47.40668255	52.59331745	0				-321.43606	0.508970734	NaN	
321.27606	88	5	7	1	0.508970734	93.6405045	5.263030799	1.096464696				2.770523752E-05	0	99.99997229	47.40668255	52.59331745	0				-321.27606	0.508970734	NaN	
321.11606	88	5	7	1	0.508970734	93.6405045	5.263030799	1.096464696				2.770523752E-05	0	99.99997229	47.40668255	52.59331745	0				-321.11606	0.508970734	NaN	
320.95606	88	5	7	1	0.508970734	93.6405045	5.263030799	1.096464696				2.770523752E-05	0	99.99997229	47.40668255	52.59331745	0				-320.95606	0.508970734	NaN	
320.79606	88	5	7	1	0.508970734	93.6405045	5.263030799	1.096464696				2.770523752E-05	0	99.99997229	47.40668255	52.59331745	0				-320.79606	0.508970734	NaN	
320.63606	88	5	7	1	0.508970734	93.6405045	5.263030799	1.096464696				2.770523752E-05	0	99.99997229	47.40668255	52.59331745	0				-320.63606	0.508970734	NaN	
320.47606	88	5	7	1	0.508970734	93.6405045	5.263030799	1.096464696				2.770523752E-05	0	99.99997229	47.40668255	52.59331745	0				-320.47606	0.508970734	NaN	
320.31606	88	5	7	1	0.508970734	93.6405045	5.263030799	1.096464696				2.770523752E-05	0	99.99997229	47.40668255	52.59331745	0				-320.31606	0.508970734	NaN	
320.15606	88	5	7	1	0.508970734	93.6405045	5.263030799	1.096464696				2.770523752E-05	0	99.99997229	47.40668255	52.59331745	0				-320.15606	0.508970734	NaN	
319.99606	88	5	7	1	0.508970734	93.6405045	5.263030799	1.096464696				2.770523752E-05	0	99.99997229	47.40668255	52.59331745	0				-319.99606	0.508970734	NaN	
319.83606	88	5	7	1	0.508970734	93.6405045	5.263030799	1.096464696				2.770523752E-05	0	99.99997229	47.40668255	52.59331745	0				-319.83606	0.508970734	NaN	
319.67606	88	5	7	1	0.508970734	93.6405045	5.263030799	1.096464696				2.770523752E-05	0	99.99997229	47.40668255	52.59331745	0				-319.67606	0.508970734	NaN	
319.51606	88	5	7	1	0.508970734	93.6405045	5.263030799	1.096464696				2.770523752E-05	0	99.99997229	47.40668255	52.59331745	0				-319.51606	0.508970734	NaN	
319.35606	88	5	7	1	0.508970734	93.6405045	5.263030799	1.096464696				2.770523752E-05	0	99.99997229	47.40668255	52.59331745	0				-319.35606	0.508970734	NaN	
319.19606	88	5	7	1	0.508970734	93.6405045	5.263030799	1.096464696				2.770523752E-05	0	99.99997229	47.40668255	52.59331745	0				-319.19606	0.508970734	NaN	
319.03606	88	5	7	1	0.508970734	93.6405045	5.263030799	1.096464696				2.770523752E-05	0	99.99997229	47.40668255	52.59331745	0				-319.03606	0.508970734	NaN	
318.87606	88	5	7	1	0.508970734	93.6405045	5.263030799	1.096464696				2.770523752E-05	0	99.99997229	47.40668255	52.59331745	0				-318.87606	0.508970734	NaN	
318.71606	88	5	7	1	0.508970734	93.6405045	5.263030799	1.096464696				2.770523752E-05	0	99.99997229	47.40668255	52.59331745	0				-318.71606	0.508970734	NaN	
318.55606	88	5	7	1	0.508970734	93.6405045	5.263030799	1.096464696				2.770523752E-05	0	99.99997229	47.40668255	52.59331745	0				-318.55606	0.508970734	NaN	
318.39606	88	5	7	1	0.508970734	93.6405045	5.263030799	1.096464696				2.770523752E-05	0	99.99997229	47.40668255	52.59331745	0				-318.39606	0.508970734	NaN	
318.23606	88	5	7	1	0.508970734	93.6405045	5.263030799	1.096464696				2.770523752E-05	0	99.99997229	47.40668255	52.59331745	0				-318.23606	0.508970734	NaN	
318.07606	88	5	7	1	0.508970734	93.6405045	5.263030799	1.096464696				2.770523752E-05	0	99.99997229	47.40668255	52.59331745	0				-318.07606	0.508970734	NaN	
317.91606	88	5	7	1	0.508970734	93.6405045	5.263030799	1.096464696				2.770523752E-05	0	99.99997229	47.40668255	52.59331745	0				-317.91606	0.508970734	NaN	
317.75606	88	5	7	1	0.508970734	93.6405045	5.263030799	1.096464696				2.770523752E-05	0	99.99997229	47.40668255	52.59331745	0				-317.75606	0.508970734	NaN	
317.59606	88	5	7	1	0.508970734	93.6405045	5.263030799	1.096464696				2.770523752E-05	0	99.99997229	47.40668255	52.59331745	0				-317.59606	0.508970734	NaN	
317.43606	88	5	7	1	0.508970734	93.6405045	5.263030799	1.096464696				2.770523752E-05	0	99.99997229	47.40668255	52.59331745	0				-317.43606	0.508970734	NaN	
317.27606	88	5	7	1	0.508970734	93.6405045	5.263030799	1.096464696				2.770523752E-05	0	99.99997229	47.40668255	52.59331745	0				-317.27606	0.508970734	NaN	
317.11606	88	5	7	1	0.508970734	93.6405045	5.263030799	1.096464696				2.770523752E-05	0	99.99997229	47.40668255	52.59331745	0				-317.11606	0.508970734	NaN	
316.95606	88	5	7	1	0.508970734	93.6405045	5.263030799	1.096464696				2.770523752E-05	0	99.99997229	47.40668255	52.59331745	0				-316.95606	0.508970734	NaN	
316.79606	88	5	7	1	0.508970734	93.6405045	5.263030799	1.096464696				2.770523752E-05	0	99.99997229	47.40668255	52.59331745	0				-316.79606	0.508970734	NaN	
316.63606	88	5	7	1	0.508970734	93.6405045	5.263030799	1.096464696				2.770523752E-05	0	99.99997229	47.40668255	52.59331745	0				-316.63606	0.508970734	NaN	
316.47606	88	5	7	1	0.508970734	93.6405045	5.263030799	1.096464696				2.770523752E-05	0	99.99997229	47.40668255	52.59331745	0				-316.47606	0.508970734	NaN	
316.31606	88	5	7	1	0.508970734	93.6405045	5.263030799	1.096464696				2.770523752E-05	0	99.99997229	47.40668255	52.59331745	0				-316.31606	0.508970734	NaN	
316.15606	88	5	7	1	0.508970734	93.6405045	5.263030799	1.096464696				2.770523752E-05	0	99.99997229	47.40668255	52.59331745	0				-316.15606	0.508970734	NaN	
315.99606	88	5	7	1	0.508970734	93.6405045	5.263030799	1.096464696				2.770523752E-05	0	99.99997229	47.40668255	52.59331745	0				-315.99606	0.508970734	NaN	
315.83606	88	5	7	1	0.508970734	93.6405045	5.263030799	1.096464696				2.770523752E-05	0	99.99997229	47.40668255	52.59331745	0				-315.83606	0.508970734	NaN	
315.67606	88	5	7	1	0.508970734	93.6405045	5.263030799	1.096464696				2.770523752E-05	0	99.99997229	47.40668255	52.59331745	0				-315.67606	0.508970734	NaN	
315.51606	88	5	7	1	0.508970734	93.6405045	5.263030799	1.096464696				2.770523752E-05	0	99.99997229	47.40668255	52.59331745	0				-315.51606	0.508970734	NaN	
315.35606	88	5	7	1	0.508970734	93.6405045	5.263030799	1.096464696				2.770523752E-05	0	99.99997229	47.40668255	52.59331745	0				-315.35606	0.508970734	NaN	
315.19606	88	5	7	1	0.508970734	93.6405045	5.263030799	1.096464696				2.770523752E-05	0	99.99997229	47.40668255	52.59331745	0				-315.19606	0.508970734	NaN	
315.03606	88	5	7	1	0.508970734	93.6405045	5.263030799	1.096464696				2.770523752E-05	0	99.99997229	47.40668255	52.59331745	0				-315.03606	0.508970734	NaN	
314.87606	88	5	7	1	0.508970734	93.6405045	5.263030799	1.096464696				2.770523752E-05	0	99.99997229	47.40668255	52.59331745	0				-314.87606	0.508970734	NaN	
314.71606	88	5	7	1	0.508970734	93.6405045	5.263030799	1.096464696				2.770523752E-05	0	99.99997229	47.40668255	52.59331745	0				-314.71606	0.508970734	NaN	
314.55606	88	5	7	1	0.508970734	93.6405045	5.263030799	1.096464696				2.770523752E-05	0	99.99997229	47.40668255	52.59331745	0				-314.55606	0.508970734	NaN	
314.39606	88	5	7	1	0.508970734	93.6405045	5.263030799	1.096464696				2.770523752E-05	0	99.99997229	47.40668255	52.59331745	0				-314.39606	0.508970734	NaN	
314.23606	88	5	7	1	0.508970734	93.6405045	5.263030799	1.096464696				2.770523752E-05	0	99.99997229	47.40668255	52.59331745	0				-314.23606	0.508970734	NaN	
314.07606	88	5	7	1	0.508970734	93.6405045	5.263030799	1.096464696				2.770523752E-05	0	99.99997229	47.40668255	52.59331745	0				-314.07606	0.508970734	NaN	
313.91606	88	5	7	1	0.508970734	93.6405045	5.263030799	1.096464696				2.770523752E-05	0	99.99997229	47.40668255	52.59331745	0				-313.91606	0.508970734	NaN	
313.75606	88	5	7	1	0.508970734	93.6405045	5.263030799	1.096464696				2.770523752E-05	0	99.99997229	47.40668255	52.59331745	0				-313.75606	0.508970734	NaN	
313.59606	88	5	7	1	0.508970734	93.6405045	5.263030799	1.096464696				2.770523752E-05	0	99.99997229	47.40668255	52.59331745	0				-313.59606	0.508970734	NaN	
313.43606	88	5	7	1	0.508970734	93.6405045	5.263030799	1.096464696				2.770523752E-05	0	99.99997229	47.40668255	52.59331745	0				-313.43606	0.508970734	NaN	
313.27606	88	5	7	1	0.508970734	93.6405045	5.263030799	1.096464696				2.770523752E-05	0	99.99997229	47.40668255	52.59331745	0				-313.27606	0.508970734	NaN	
313.11606	88	5	7	1	0.508970734	93.6405045	5.263030799	1.096464696				2.770523752E-05	0	99.99997229	47.40668255	52.59331745	0				-313.11606	0.508970734	NaN	
312.95606	88	5	7	1	0.508970734	93.6405045	5.263030799	1.096464696				2.770523752E-05	0	99.99997229	47.40668255	52.59331745	0				-312.95606	0.508970734	NaN	
312.79606	88	5	7	1	0.508970734	93.6405045	5.263030799	1.096464696				2.770523752E-05	0	99.99997229	47.40668255	52.59331745	0				-312.79606	0.508970734	NaN	
312.63606	88	5	7	1	0.508970734	93.6405045	5.263030799	1.096464696				2.770523752E-05	0	99.99997229	47.40668255	52.59331745	0				-312.63606	0.508970734	NaN	
312.47606	88	5	7	1	0.508970734	93.6405045	5.263030799	1.096464696				2.770523752E-05	0	99.99997229	47.40668255	52.59331745	0				-312.47606	0.508970734	NaN	
312.31606	88	5	7	1	0.508970734	93.6405045	5.263030799	1.096464696				2.770523752E-05	0	99.99997229	47.40668255	52.59331745	0				-312.31606	0.508970734	NaN	
312.15606	88	5	7	1	0.508970734	93.6405045	5.263030799	1.096464696				2.770523752E-05	0	99.99997229	47.40668255	52.59331745	0				-312.15606	0.508970734	NaN	
311.99606	88	5	7	1	0.508970734	93.6405045	5.263030799	1.096464696				2.770523752E-05	0	99.99997229	47.40668255	52.59331745	0				-311.99606	0.508970734	NaN	
311.83606	88	5	7	1	0.508970734	93.6405045	5.263030799	1.096464696				2.770523752E-05	0	99.99997229	47.40668255	52.59331745	0				-311.83606	0.508970734	NaN	
311.67606	88	5	7	1	0.508970734	93.6405045	5.263030799	1.096464696				2.770523752E-05	0	99.99997229	47.40668255	52.59331745	0				-311.67606	0.508970734	NaN	
311.51606	88	5	7	1	0.508970734	93.6405045	5.263030799	1.096464696				2.770523752E-05	0	99.99997229	47.40668255	52.59331745	0				-311.51606	0.508970734	NaN	
311.35606	88	5	7	1	0.508970734	93.6405045	5.263030799	1.096464696				2.770523752E-05	0	99.99997229	47.40668255	52.59331745	0				-311.35606	0.508970734	NaN	
311.19606	88	5	7	1	0.508970734	93.6405045	5.263030799	1.096464696				2.770523752E-05	0	99.99997229	47.40668255	52.59331745	0				-311.19606	0.508970734	NaN	
311.03606	88	5	7	1	0.508970734	93.6405045	5.263030799	1.096464696				2.770523752E-05	0	99.99997229	47.40668255	52.59331745	0				-311.03606	0.508970734	NaN	
310.87606	88	5	7	1	0.508970734	93.6405045	5.263030799	1.096464696				2.770523752E-05	0	99.99997229	47.40668255	52.59331745	0				-310.87606	0.508970734	NaN	
310.71606	88	5	7	1	0.508970734	93.6405045	5.263030799	1.096464696				2.770523752E-05	0	99.99997229	47.40668255	52.59331745	0				-310.71606	0.508970734	NaN	
310.55606	88	5	7	1	0.508970734	93.6405045	5.263030799	1.096464696				2.770523752E-05	0	99.99997229	47.40668255	52.59331745	0				-310.55606	0.508970734	NaN	
310.39606	88	5	7	1	0.508970734	93.6405045	5.263030799	1.096464696				2.770523752E-05	0	99.99997229	47.40668255	52.59331745	0				-310.39606	0.508970734	NaN	
310.23606	88	5	7	1	0.508970734	93.6405045	5.263030799	1.096464696				2.770523752E-05	0	99.99997229	47.40668255	52.59331745	0				-310.23606	0.508970734	NaN	
310.07606	88	5	7	1	0.508970734	93.6405045	5.263030799	1.096464696				2.770523752E-05	0	99.99997229	47.40668255	52.59331745	0				-310.07606	0.508970734	NaN	
309.91606	88	5	7	1	0.508970734	93.6405045	5.263030799	1.096464696				2.770523752E-05	0	99.99997229	47.40668255	52.59331745	0				-309.91606	0.508970734	NaN	
309.75606	88	5	7	1	0.508970734	93.6405045	5.263030799	1.096464696				2.770523752E-05	0	99.99997229	47.40668255	52.59331745	0				-309.75606	0.508970734	NaN	
309.59606	88	5	7	1	0.508970734	93.6405045	5.263030799	1.096464696				2.770523752E-05	0	99.99997229	47.40668255	52.59331745	0				-309.59606	0.508970734	NaN	
309.43606	88	5	7	1	0.508970734	93.6405045	5.263030799	1.096464696				2.770523752E-05	0	99.99997229	47.40668255	52.59331745	0				-309.43606	0.508970734	NaN	
309.27606	88	5	7	1	0.508970734	93.6405045	5.263030799	1.096464696				2.770523752E-05	0	99.99997229	47.40668255	52.59331745	0				-309.27606	0.508970734	NaN	
309.11606	88	5	7	1	0.508970734	93.6405045	5.263030799	1.096464696				2.770523752E-05	0	99.99997229	47.40668255	52.59331745	0				-309.11606	0.508970734	NaN	
308.95606	88	5	7	1	0.508970734	93.6405045	5.263030799	1.096464696				2.770523752E-05	0	99.99997229	47.40668255	52.59331745	0				-308.95606	0.508970734	NaN	
308.79606	88	5	7	1	0.508970734	93.6405045	5.263030799	1.096464696				2.770523752E-05	0	99.99997229	47.40668255	52.59331745	0				-308.79606	0.508970734	NaN	
308.63606	88	5	7	1	0.508970734	93.6405045	5.263030799	1.096464696				2.770523752E-05	0	99.99997229	47.40668255	52.59331745	0				-308.63606	0.508970734	NaN	
308.47606	88	5	7	1	0.508970734	93.6405045	5.263030799	1.096464696				2.770523752E-05	0	99.99997229	47.40668255	52.59331745	0				-308.47606	0.508970734	NaN	
308.31606	88	5	7	1	0.508970734	93.6405045	5.263030799	1.096464696				2.770523752E-05	0	99.99997229	47.40668255	52.59331745	0				-308.31606	0.508970734	NaN	
308.15606	88	5	7	1	0.508970734	93.6405045	5.263030799	1.096464696				2.770523752E-05	0	99.99997229	47.40668255	52.59331745	0				-308.15606	0.508970734	NaN	
307.99606	88	5	7	1	0.508970734	93.6405045	5.263030799	1.096464696				2.770523752E-05	0	99.99997229	47.40668255	52.59331745	0				-307.99606	0.508970734	NaN	
307.83606	88	5	7	1	0.508970734	93.6405045	5.263030799	1.096464696				2.770523752E-05	0	99.99997229	47.40668255	52.59331745	0				-307.83606	0.508970734	NaN	
307.67606	88	5	7	1	0.508970734	93.6405045	5.263030799	1.096464696				2.770523752E-05	0	99.99997229	47.40668255	52.59331745	0				-307.67606	0.508970734	NaN	
307.51606	88	5	7	1	0.508970734	93.6405045	5.263030799	1.096464696				2.770523752E-05	0	99.99997229	47.40668255	52.59331745	0				-307.51606	0.508970734	NaN	
307.35606	88	5	7	1	0.508970734	93.6405045	5.263030799	1.096464696				2.770523752E-05	0	99.99997229	47.40668255	52.59331745	0				-307.35606	0.508970734	NaN	
307.19606	88	5	7	1	0.508970734	93.6405045	5.263030799	1.096464696				2.770523752E-05	0	99.99997229	47.40668255	52.59331745	0				-307.19606	0.508970734	NaN	
307.03606	88	5	7	1	0.508970734	93.6405045	5.263030799	1.096464696				2.770523752E-05	0	99.99997229	47.40668255	52.59331745	0				-307.03606	0.508970734	NaN	
306.87606	88	5	7	1	0.508970734	93.6405045	5.263030799	1.096464696				2.770523752E-05	0	99.99997229	47.40668255	52.59331745	0				-306.87606	0.508970734	NaN	
306.71606	88	5	7	1	0.508970734	93.6405045	5.263030799	1.096464696				2.770523752E-05	0	99.99997229	47.40668255	52.59331745	0				-306.71606	0.508970734	NaN	
306.55606	88	5	7	1	0.508970734	93.6405045	5.263030799	1.096464696				2.770523752E-05	0	99.99997229	47.40668255	52.59331745	0				-306.55606	0.508970734	NaN	
306.39606	88	5	7	1	0.508970734	93.6405045	5.263030799	1.096464696				2.770523752E-05	0	99.99997229	47.40668255	52.59331745	0				-306.39606	0.508970734	NaN	
306.23606	88	5	7	1	0.508970734	93.6405045	5.263030799	1.096464696				2.770523752E-05	0	99.99997229	47.40668255	52.59331745	0				-306.23606	0.508970734	NaN	
306.07606	88	5	7	1	0.508970734	93.6405045	5.263030799	1.096464696				2.770523752E-05	0	99.99997229	47.40668255	52.59331745	0				-306.07606	0.508970734	NaN	
305.91606	88	5	7	1	0.508970734	93.6405045	5.263030799	1.096464696				2.770523752E-05	0	99.99997229	47.40668255	52.59331745	0				-305.91606	0.508970734	NaN	
305.75606	88	5	7	1	0.508970734	93.6405045	5.263030799	1.096464696				2.770523752E-05	0	99.99997229	47.40668255	52.59331745	0				-305.75606	0.508970734	NaN	
305.59606	88	5	7	1	0.508970734	93.6405045	5.263030799	1.096464696				2.770523752E-05	0	99.99997229	47.40668255	52.59331745	0				-305.59606	0.508970734	NaN	
305.43606	88	5	7	1	0.508970734	93.6405045	5.263030799	1.096464696				2.770523752E-05	0	99.99997229	47.40668255	52.59331745	0				-305.43606	0.508970734	NaN	
305.27606	88	5	7	1	0.508970734	93.6405045	5.263030799	1.096464696				2.770523752E-05	0	99.99997229	47.40668255	52.59331745	0				-305.27606	0.508970734	NaN	
305.11606	88	5	7	1	0.508970734	93.6405045	5.263030799	1.096464696				2.770523752E-05	0	99.99997229	47.40668255	52.59331745	0				-305.11606	0.508970734	NaN	
304.95606	88	5	7	1	0.508970734	93.6405045	5.263030799	1.096464696				2.770523752E-05	0	99.99997229	47.40668255	52.59331745	0				-304.95606	0.508970734	NaN	
304.79606	88	5	7	1	0.508970734	93.6405045	5.263030799	1.096464696				2.770523752E-05	0	99.99997229	47.40668255	52.59331745	0				-304.79606	0.508970734	NaN	
304.63606	88	5	7	1	0.508970734	93.6405045	5.263030799	1.096464696				2.770523752E-05	0	99.99997229	47.40668255	52.59331745	0				-304.63606	0.508970734	NaN	
304.47606	88	5	7	1	0.508970734	93.6405045	5.263030799	1.096464696				2.770523752E-05	0	99.99997229	47.40668255	52.59331745	0				-304.47606	0.508970734	NaN	
304.31606	88	5	7	1	0.508970734	93.6405045	5.263030799	1.096464696				2.770523752E-05	0	99.99997229	47.40668255	52.59331745	0				-304.31606	0.508970734	NaN	
304.15606	88	5	7	1	0.508970734	93.6405045	5.263030799	1.096464696				2.770523752E-05	0	99.99997229	47.40668255	52.59331745	0				-304.15606	0.508970734	NaN	
303.99606	88	5	7	1	0.508970734	93.6405045	5.263030799	1.096464696				2.770523752E-05	0	99.99997229	47.40668255	52.59331745	0				-303.99606	0.508970734	NaN	
303.83606	88	5	7	1	0.508970734	93.6405045	5.263030799	1.096464696				2.770523752E-05	0	99.99997229	47.40668255	52.59331745	0				-303.83606	0.508970734	NaN	
303.67606	88	5	7	1	0.508970734	93.6405045	5.263030799	1.096464696				2.770523752E-05	0	99.99997229	47.40668255	52.59331745	0				-303.67606	0.508970734	NaN	
303.51606	88	5	7	1	0.508970734	93.6405045	5.263030799	1.096464696				2.770523752E-05	0	99.99997229	47.40668255	52.59331745	0				-303.51606	0.508970734	NaN	
303.35606	88	5	7	1	0.508970734	93.6405045	5.263030799	1.096464696				2.770523752E-05	0	99.99997229	47.40668255	52.59331745	0				-303.35606	0.508970734	NaN	
303.19606	88	5	7	1	0.508970734	93.6405045	5.263030799	1.096464696				2.770523752E-05	0	99.99997229	47.40668255	52.59331745	0				-303.19606	0.508970734	NaN	
303.03606	88	5	7	1	0.508970734	93.6405045	5.263030799	1.096464696				2.770523752E-05	0	99.99997229	47.40668255	52.59331745	0				-303.03606	0.508970734	NaN	
302.87606	88	5	7	1	0.508970734	93.6405045	5.263030799	1.096464696				2.770523752E-05	0	99.99997229	47.40668255	52.59331745	0				-302.87606	0.508970734	NaN	
302.71606	88	5	7	1	0.508970734	93.6405045	5.263030799	1.096464696				2.770523752E-05	0	99.99997229	47.40668255	52.59331745	0				-302.71606	0.508970734	NaN	
302.55606	88	5	7	1	0.508970734	93.6405045	5.263030799	1.096464696				2.770523752E-05	0	99.99997229	47.40668255	52.59331745	0				-302.55606	0.508970734	NaN	
302.39606	88	5	7	1	0.508970734	93.6405045	5.263030799	1.096464696				2.770523752E-05	0	99.99997229	47.40668255	52.59331745	0				-302.39606	0.508970734	NaN	
302.23606	88	5	7	1	0.508970734	93.6405045	5.263030799	1.096464696				2.770523752E-05	0	99.99997229	47.40668255	52.59331745	0				-302.23606	0.508970734	NaN	
302.07606	88	5	7	1	0.508970734	93.6405045	5.263030799	1.096464696				2.770523752E-05	0	99.99997229	47.40668255	52.59331745	0				-302.07606	0.508970734	NaN	
301.91606	88	5	7	1	0.508970734	93.6405045	5.263030799	1.096464696				2.770523752E-05	0	99.99997229	47.40668255	52.59331745	0				-301.91606	0.508970734	NaN	
301.75606	88	5	7	1	0.508970734	93.6405045	5.263030799	1.096464696				2.770523752E-05	0	99.99997229	47.40668255	52.59331745	0				-301.75606	0.508970734	NaN	
301.59606	88	5	7	1	0.508970734	93.6405045	5.263030799	1.096464696				2.770523752E-05	0	99.99997229	47.40668255	52.59331745	0				-301.59606	0.508970734	NaN	
301.43606	88	5	7	1	0.508970734	93.6405045	5.263030799	1.096464696				2.770523752E-05	0	99.99997229	47.40668255	52.59331745	0				-301.43606	0.508970734	NaN	
301.27606	88	5	7	1	0.508970734	93.6405045	5.263030799	1.096464696				2.770523752E-05	0	99.99997229	47.40668255	52.59331745	0				-301.27606	0.508970734	NaN	
301.11606	88	5	7	1	0.508970734	93.6405045	5.263030799	1.096464696				2.770523752E-05	0	99.99997229	47.40668255	52.59331745	0				-301.11606	0.508970734	NaN	
300.95606	88	5	7	1	0.508970734	93.6405045	5.263030799	1.096464696				2.770523752E-05	0	99.99997229	47.40668255	52.59331745	0				-300.95606	0.508970734	NaN	
300.79606	88	5	7	1	0.508970734	93.6405045	5.263030799	1.096464696				2.770523752E-05	0	99.99997229	47.40668255	52.59331745	0				-300.79606	0.508970734	NaN	
300.63606	88	5	7	1	0.508970734	93.6405045	5.263030799	1.096464696				2.770523752E-05	0	99.99997229	47.40668255	52.59331745	0				-300.63606	0.508970734	NaN	
300.47606	88	5	7	1	0.508970734	93.6405045	5.263030799	1.096464696				2.770523752E-05	0	99.99997229	47.40668255	52.59331745	0				-300.47606	0.508970734	NaN	
300.31606	88	5	7	1	0.508970734	93.6405045	5.263030799	1.096464696				2.770523752E-05	0	99.99997229	47.40668255	52.59331745	0				-300.31606	0.508970734	NaN	
300.15606	88	5	7	1	0.508970734	93.6405045	5.263030799	1.096464696				2.770523752E-05	0	99.99997229	47.40668255	52.59331745	0				-300.15606	0.508970734	NaN	
300	88	5	7	1	0.508970734	93.6405045	5.263030799	1.096464696				2.770523752E-05	0	99.99997229	47.40668255	52.59331745	0				-300	0.508970734	NaN	
